ticker,nameOfIssuer,cusip,value,shares,allocation_percent
NVDA,NVIDIA CORPORATION,67066G104,58460790000.0,335210948,6.759045514966234
AAPL,APPLE INC,037833100,45514867000.0,179340662,5.262280199440251
MSFT,MICROSOFT CORP,594918104,39431526000.0,106522748,4.558944190774268
AVGO,BROADCOM INC,11135F101,23633615000.0,76358162,2.73244134176409
AMZN,AMAZON COM INC,023135106,22696281000.0,108975276,2.6240698474903152
GOOGL,ALPHABET INC,02079K305,20749594000.0,72157441,2.399000257490025
GOOG,ALPHABET INC,02079K107,17484963000.0,60952946,2.0215542886864943
META,META PLATFORMS INC,30303M102,17056517000.0,29812310,1.9720187621445986
LLY,ELI LILLY & CO,532457108,11822256000.0,12853492,1.3668506086486796
V,VISA INC,92826C839,11685381000.0,38662589,1.3510255683975814
NFLX,NETFLIX INC.,64110L106,8936536000.0,92943688,1.033213091546219
MA,MASTERCARD INCORPORATED,57636Q104,8571128000.0,17153919,0.9909658125831262
TSLA,TESLA INC,88160R101,7722927000.0,20774516,0.8928995845208666
JPM,JPMORGAN CHASE & CO,46625H100,6914504000.0,23505926,0.7994323588411323
GE,GE AEROSPACE,369604301,6337680000.0,22333860,0.7327418527750172
NVDA,NVIDIA CORPORATION,67066G104,6085120000.0,34891740,0.7035416908329724
COP,CONOCOPHILLIPS,20825C104,6003111000.0,45478112,0.6940600782232752
TMUS,T-MOBILE US INC,872590104,5808146000.0,27653885,0.6715188619854277
ISRG,INTUITIVE SURGICAL INC,46120E602,5534082000.0,12004776,0.6398324778292487
CVNA,CARVANA CO,146869102,5526261000.0,17578282,0.6389282393649284
AMD,ADVANCED MICRO DEVICES INC,007903107,5370132000.0,26397932,0.6208771145476591
AAPL,APPLE INC,037833100,5351406000.0,21085958,0.6187120756162103
UNH,UNITEDHEALTH GROUP INC,91324P102,5294628000.0,19566972,0.6121475887824068
CB,CHUBB LTD SWITZ,H1467J104,4948783000.0,15183575,0.5721621199558052
BKNG,BOOKING HOLDINGS INC,09857L108,4687236000.0,1113273,0.5419229104394291
XOM,EXXON MOBIL CORP,30231G102,4568715000.0,26928646,0.5282198996953165
LIN,LINDE PLC,G54950103,4539726000.0,9157103,0.5248682862389578
BAC,BANK AMERICA CORP,060505104,4386783000.0,89985275,0.5071855163312046
SCHW,SCHWAB CHARLES CORP,808513105,4323627000.0,46005818,0.4998836259779745
DE,DEERE & CO,244199105,4209684000.0,7473254,0.48670990863491775
PG,PROCTER & GAMBLE CO,742718109,4152956000.0,28752115,0.4801512026377356
KEYS,KEYSIGHT TECHNOLOGIES INC,49338L103,4147895000.0,14689572,0.479566066354917
MSFT,MICROSOFT CORP,594918104,3968292000.0,10720186,0.4588009543606302
CAT,CATERPILLAR INC,149123101,3480827000.0,4913229,0.40244184388755894
BRK/B,BERKSHIRE HATHAWAY INC DEL,084670702,3447817000.0,7194943,0.39862533555010693
HWM,HOWMET AEROSPACE INC,443201108,3422584000.0,14851097,0.39570797854074824
ANET,ARISTA NETWORKS INC,040413205,3416045000.0,27822481,0.39495196072740085
NOW,SERVICENOW INC,81762P102,3409654000.0,32612656,0.39421305419045277
GILD,GILEAD SCIENCES INC,375558103,3375946000.0,24222897,0.39031584537376585
CVX,CHEVRON CORPORATION,166764100,3373710000.0,16305989,0.3900573263600565
SO,SOUTHERN CO,842587107,3363157000.0,34844139,0.3888372229827427
JNJ,JOHNSON & JOHNSON,478160104,3187235000.0,13038925,0.3684976961805238
SYK,STRYKER CORPORATION,863667101,3134507000.0,9539263,0.36240145711305416
APH,AMPHENOL CORP,032095101,3080549000.0,24381073,0.35616300946469787
CSX,CSX CORP,126408103,3015686000.0,73463717,0.348663761349213
CSCO,CISCO SYS INC,17275R102,2978832000.0,38391956,0.3444028222923073
AMZN,AMAZON COM INC,023135106,2920711000.0,14023674,0.3376830621868528
WELL,WELLTOWER INC,95040Q104,2902101000.0,14678571,0.33553143479636555
HD,HOME DEPOT INC,437076102,2883543000.0,8767498,0.33338581947596463
TMO,THERMO FISHER SCIENTIFIC INC,883556102,2836696000.0,5771154,0.3279695224119047
CL,COLGATE PALMOLIVE CO,194162103,2775942000.0,32570001,0.320945343449967
DHR,DANAHER CORP DEL,235851102,2736744000.0,14434304,0.3164133987722498
TSM,TAIWAN SEMICONDUCTOR MANUFAC,874039100,2727533000.0,8070816,0.31534845304985437
MCD,MCDONALDS CORP,580135101,2707327000.0,8711111,0.3130123013544119
C,CITIGROUP INC,172967424,2688542000.0,23706389,0.3108404410357497
XYZ,BLOCK INC,852234103,2672721000.0,44412103,0.3090112687120045
SLB,SLB LIMITED,806857108,2647549000.0,51518740,0.306100964323324
SHOP,SHOPIFY INC,82509L107,2611588000.0,22016418,0.30194327100847657
DWD,MORGAN STANLEY,617446448,2516712000.0,15292653,0.29097401790262667
AVGO,BROADCOM INC,11135F101,2510929000.0,8112592,0.29030540633899493
LRCX,LAM RESEARCH CORP,512807306,2446824000.0,11451950,0.2828937957066906
MDLZ,MONDELEZ INTL INC,609207105,2430465000.0,42166287,0.28100242158089905
NTRA,NATERA INC,632307104,2407844000.0,12039817,0.2783870554766426
GOOGL,ALPHABET INC,02079K305,2400942000.0,8349357,0.2775890687894238
ODFL,OLD DOMINION FREIGHT LINE IN,679580100,2351000000.0,12031725,0.27181493793849887
ORCL,ORACLE CORP,68389X105,2349968000.0,15974218,0.27169562147063303
ADI,ANALOG DEVICES INC,032654105,2346382000.0,7375310,0.27128101986814585
MRK,MERCK & CO INC,58933Y105,2309885000.0,19202629,0.2670613559847169
AEE,AMEREN CORP,023608102,2304200000.0,20962510,0.2664040748608631
PM,PHILIP MORRIS INTL INC,718172109,2255000000.0,13638560,0.2607157316253998
ABBV,ABBVIE INC,00287Y109,2243566000.0,10315717,0.25939376990681673
KLAC,KLA CORP,482480100,2195246000.0,1490920,0.2538071693958902
SE,SEA LTD,81141R100,2184859000.0,26383990,0.2526062583961594
ABG,CENCORA INC,03073E105,2182500000.0,6947538,0.2523335185243615
INTU,INTUIT,461202103,2159172000.0,4993691,0.2496364113902784
ALL,ALLSTATE CORP,020002101,2148722000.0,10363274,0.24842821653640457
BA,BOEING CO,097023105,2138505000.0,10744634,0.24724696038118651
FTI,TECHNIPFMC PLC,G87110105,2111703000.0,30546833,0.24414820071864818
FITB,FIFTH THIRD BANCORP,316773100,2083774000.0,44850920,0.24091914099866335
GEV,GE VERNOVA INC,36828A101,2070946000.0,2372489,0.23943600955507546
TDY,TELEDYNE TECHNOLOGIES INC,879360105,2031604000.0,3357967,0.2348874160678886
ASML,ASML HLDG NV,N07059210,2029253000.0,1536347,0.23461560112995006
N/A,ASTRAZENECA PLC,G0593M107,2027101000.0,10278370,0.2343667939217648
TXN,TEXAS INSTRS INC,882508104,2013958000.0,10373740,0.23284724320746208
APP,APPLOVIN CORP,03831W108,2004834000.0,5037269,0.23179235614078794
FN,FABRINET,G3323L100,1981268000.0,3799025,0.22906773222438698
GOOG,ALPHABET INC,02079K107,1977508000.0,6893634,0.22863301331045727
INTC,INTEL CORP,458140100,1977346000.0,44807288,0.2286142833998039
GS,GOLDMAN SACHS GROUP INC,38141G104,1961045000.0,2318047,0.22672961504449318
CIEN,CIENA CORP,171779309,1955855000.0,5037877,0.22612956420319127
DASH,DOORDASH INC,25809K105,1946911000.0,12966439,0.22509548814835423
WAB,WABTEC,929740108,1939316000.0,7760055,0.22421737906556266
COST,COSTCO WHOLESALE CORPORATION,22160K105,1932238000.0,1939160,0.22339904383343648
VLO,VALERO ENERGY CORP,91913Y100,1896927000.0,7677377,0.21931650139466732
WMT,WALMART INC,931142103,1886973000.0,15183239,0.21816565244007785
AXP,AMERICAN EXPRESS CO,025816109,1882752000.0,6224383,0.21767763421249878
ARGX,ARGENX SE,04016X101,1882134000.0,2577382,0.2176061830718582
VRT,VERTIV HOLDINGS CO,92537N108,1830715000.0,7305909,0.21166128630713696
N/A,ASTRAZENECA PLC,G0593M107,1816564000.0,9210850,0.21002519392654667
META,META PLATFORMS INC,30303M102,1815386000.0,3173030,0.20988899741574635
TEL,TE CONNECTIVITY PLC,G87052109,1780885000.0,8520161,0.20590010453024396
MMC,MARSH & MCLENNAN COS INC,571748102,1755627000.0,10121800,0.20297985710257463
TW,TRADEWEB MKTS INC,892672106,1743718000.0,14819970,0.2016029774360882
SPOT,SPOTIFY TECHNOLOGY S A,L8681T102,1735090000.0,3578168,0.20060543626869842
IP,INTERNATIONAL PAPER CO,460146103,1728555000.0,48418890,0.19984988092228068
KO,COCA COLA CO,191216100,1709299000.0,22475985,0.1976235651226449
AMAT,APPLIED MATLS INC,038222105,1682485000.0,4922568,0.19452341805931742
CMG,CHIPOTLE MEXICAN GRILL INC,169656105,1660357000.0,51869922,0.19196505100414807
IR,INGERSOLL RAND INC,45687V106,1585345000.0,19787120,0.18329240867125032
PH,PARKER-HANNIFIN CORP,701094104,1566602000.0,1749924,0.18112540425535015
ICE,INTERCONTINENTAL EXCHANGE IN,45866F104,1563169000.0,9938761,0.18072849201292443
MET,METLIFE INC,59156R108,1555270000.0,21991929,0.17981523544347475
CVS,CVS HEALTH CORP,126650100,1551792000.0,21606682,0.17941312044808974
MELI,MERCADOLIBRE  INC,58733R102,1548561000.0,895629,0.1790395627856145
REGN,REGENERON PHARMACEUTICALS,75886F107,1545395000.0,2000148,0.1786735202107471
ABT,ABBOTT LABORATORIES,002824100,1517885000.0,14784106,0.17549290390164965
TSLA,TESLA INC,88160R101,1499776000.0,4034366,0.17339920049410892
CRWD,CROWDSTRIKE HLDGS INC,22788C105,1479703000.0,3790124,0.17107842582407937
LSCC,LATTICE SEMICONDUCTOR CORP,518415104,1478568000.0,15939710,0.17094720083277343
PSA,PUBLIC STORAGE OPER CO,74460D109,1465562000.0,5410370,0.16944348961081337
TJX,TJX COS INC NEW,872540109,1447456000.0,9063590,0.1673501330534699
NEE,NEXTERA ENERGY INC,65339F101,1447298000.0,15582449,0.16733186560974628
AME,AMETEK INC,031100100,1413055000.0,6591969,0.16337280184121034
PLTR,PALANTIR TECHNOLOGIES INC,69608A108,1408949000.0,9631859,0.16289807953786048
CEG,CONSTELLATION ENERGY CORP,21037T109,1403569000.0,5026209,0.16227606151739724
DIS,DISNEY WALT CO,254687106,1396668000.0,14491262,0.1614781904469108
THC,TENET HEALTHCARE CORP,88033G407,1383966000.0,7333823,0.1600096267116089
HLT,HILTON WORLDWIDE HLDGS INC,43300A203,1381688000.0,4543828,0.15974625179513766
PKG,PACKAGING CORP AMER,695156109,1355990000.0,6389548,0.15677513300519993
LOW,LOWES COS INC,548661107,1344527000.0,5690394,0.15544981840137645
ENTG,ENTEGRIS INC,29362U104,1344036000.0,11463967,0.15539305058575426
RSG,REPUBLIC SVCS INC,760759100,1317664000.0,6016180,0.15234400611815999
MPWR,MONOLITHIC PWR SYS INC,609839105,1302771000.0,1191540,0.1506221261221081
ELV,ELEVANCE HEALTH INC FORMERLY,036752103,1296239000.0,4427800,0.14986691762588764
ROST,ROSS STORES INC,778296103,1288870000.0,5949635,0.14901493792462484
FTV,FORTIVE CORP,34959J108,1286108000.0,23265325,0.1486956045096584
CME,CME GROUP INC,12572Q105,1263684000.0,4278597,0.14610301490169036
BRK/B,BERKSHIRE HATHAWAY INC DEL,084670702,1259811000.0,2628987,0.14565523129699626
MU,MICRON TECHNOLOGY INC,595112103,1235904000.0,3658251,0.1428911820748373
RRC,RANGE RES CORP,75281A109,1216847000.0,26933296,0.14068787400495472
AZO,AUTOZONE INC,053332102,1216363000.0,360107,0.14063191550645948
DGX,QUEST DIAGNOSTICS INC,74834L100,1202060000.0,6133580,0.1389782493825402
LHX,L3HARRIS TECHNOLOGIES INC,502431109,1197801000.0,3470376,0.13848583771912884
USB,US BANCORP,902973304,1178233000.0,22653953,0.13622344949897547
SHW,SHERWIN WILLIAMS CO,824348106,1171273000.0,3653945,0.1354187570412758
JPM,JPMORGAN CHASE & CO,46625H100,1171168000.0,3981397,0.13540661728437084
DDOG,DATADOG INC,23804L103,1169869000.0,9909944,0.13525643114894673
IOT,SAMSARA INC,79589L106,1148208000.0,36232478,0.13275205710782131
TSEM,TOWER SEMICONDUCTOR LTD,M87915274,1139406000.0,6493080,0.13173439862898903
HUBS,HUBSPOT INC,443573100,1111189000.0,4552187,0.1284720412900649
XOM,EXXON MOBIL CORP,30231G102,1075937000.0,6341724,0.12439632023850898
NOC,NORTHROP GRUMMAN CORP,666807102,1055587000.0,1547236,0.12204351973359685
EQIX,EQUINIX INC,29444U700,1054837000.0,1076100,0.12195680718427578
LLY,ELI LILLY & CO,532457108,1047372000.0,1138732,0.12109372827669988
RBLX,ROBLOX CORP,771049103,1046455000.0,18501677,0.1209877077330633
TAGG,T ROWE PRICE EXCHANGE-TRADED FDS INC QM US BD ETF,87283Q602,1045125000.0,24516964,0.1208339374789339
WMB,WILLIAMS COS INC,969457100,1030107000.0,14153701,0.11909760539132846
BALL,BALL CORP,058498106,1021721000.0,17285073,0.1181280434731863
ELS,EQUITY LIFESTYLE PROPERTIES,29472R108,1012174000.0,16215528,0.11702425052869508
EQR,EQUITY RESIDENTIAL,29476L107,988961000.0,16719539,0.11434043931884123
AIG,AMERICAN INTL GROUP INC,026874784,986262000.0,13106460,0.11402838975801777
CRM,SALESFORCE INC,79466L302,985712000.0,5280503,0.1139648005551823
SARO,STANDARDAERO INC,85423L103,985612000.0,38157608,0.11395323888193948
SHEL,SHELL PLC,780259305,976189000.0,10496651,0.11286378241226935
UEC,URANIUM ENERGY CORP,916896103,970133000.0,71861675,0.1121636074806847
PNR,PENTAIR PLC,G7S00T104,959288000.0,11012375,0.11090974401750178
TSCO,TRACTOR SUPPLY CO,892356106,953399000.0,21046333,0.11022887708023262
HBAN,HUNTINGTON BANCSHARES INC,446150104,947471000.0,60541268,0.10954350109039875
CF,CF INDUSTRIES HOLD,125269100,946850000.0,7292430,0.10947170309956089
PM,PHILIP MORRIS INTL INC,718172109,945522000.0,5718650,0.10931816407889634
GWW,WW GRAINGER INC,384802104,915260000.0,839064,0.10581937052215673
CIT,CINTAS CORP,172908105,889732000.0,5260323,0.10286790657673181
REXR,REXFORD INDL RLTY INC,76169C100,888180000.0,27136557,0.10268846940800337
DLTR,DOLLAR TREE INC,256746108,878098000.0,8018420,0.10152282151166311
EOG,EOG RES INC,26875P101,869545000.0,6014698,0.10053395159920545
PKN,REVVITY INC,714046109,869191000.0,9921128,0.1004930232759259
VTRS,VIATRIS INC,92556V106,866453000.0,64134134,0.1001764646625377
TCAF,T ROWE PRICE EXCHANGE-TRADED FDS INC CAP APPRECIATION EQUITY ETF,87283Q867,861703000.0,24190804,0.09962728518350417
PLD,PROLOGIS INC.,74340W103,859096000.0,6499439,0.09932587236206407
IBM,INTERNATIONAL BUSINESS MACHS,459200101,856304000.0,3532749,0.09900307044512476
GLW,CORNING INC,219350105,855316000.0,6290469,0.0988888411134858
PGR,PROGRESSIVE CORP,743315103,853042000.0,4303075,0.09862592866394426
LITE,LUMENTUM HLDGS INC,55024U109,848290000.0,1207083,0.09807651795144587
JNJ,JOHNSON & JOHNSON,478160104,843858000.0,3452208,0.09756410459332444
MIDD,MIDDLEBY CORP,596278101,843136000.0,6359449,0.09748062931251134
MLM,MARTIN MARIETTA MATLS INC,573284106,825373000.0,1402074,0.09542692929439073
SAIA,SAIA INC,78709Y105,805333000.0,2292565,0.09310996997653131
WFC,WELLS FARGO & CO,949746101,804222000.0,10102020,0.09298151978680366
SRE,SEMPRA,816851109,801871000.0,8252243,0.09270970484886516
WMT,WALMART INC,931142103,781467000.0,6287950,0.0903506610404019
QCOM,QUALCOMM INC,747525103,775128000.0,6019009,0.08961776657354009
CNQ,CANADIAN NAT RES LTD MED TER,136385101,774769000.0,15899200,0.08957626016659839
PSX,PHILLIPS 66,718546104,763913000.0,4193176,0.08832112491935877
EQT,EQT CORP,26884L109,744279000.0,11695142,0.08605110599486517
ESS,ESSEX PPTY TR INC,297178105,735693000.0,3040051,0.08505842073023737
LNT,ALLIANT ENERGY CORP,018802108,734833000.0,10240144,0.08495899034034919
V,VISA INC,92826C839,729390000.0,2413280,0.08432968846574296
MA,MASTERCARD INCORPORATED,57636Q104,709913000.0,1420791,0.08207782136824056
THYF,T ROWE PRICE ETF INC,87283Q875,708517000.0,13891110,0.0819164204097709
AMT,AMERICAN TOWER CORP,03027X100,706515000.0,4093836,0.08168495571144982
MCO,MOODYS CORP,615369105,702540000.0,1610405,0.08122537920004806
ZBH,ZIMMER BIOMET HOLDINGS INC,98956P102,696991000.0,7708369,0.08058382195180445
SWK,STANLEY BLACK & DECKER INC,854502101,696077000.0,9795618,0.08047814825836515
PR,PERMIAN RESOURCES CORP,71424F105,692176000.0,32466021,0.08002712738516307
BKR,BAKER HUGHES COMPANY,05722G100,680332000.0,11143838,0.07865776280628448
IDCC,INTERDIGITAL INC,45867G101,676354000.0,2239580,0.07819783944468543
APG,API GROUP CORP,00187Y100,674143000.0,16637282,0.07794221084928687
SNPS,SYNOPSYS INC,871607107,641235000.0,1617318,0.07413749541854245
EQH,EQUITABLE HLDGS INC,29452E101,639139000.0,17222821,0.07389516274737312
OTIS,OTIS WORLDWIDE CORP,68902V107,638896000.0,8288729,0.07386706788139309
ESAB,ESAB CORPORATION,29605J106,637315000.0,6593365,0.07368427782742425
ORLY,OREILLY AUTOMOTIVE INC,67103H107,635130000.0,6880402,0.07343165526706881
GH,GUARDANT HEALTH INC,40131M109,634708000.0,6871358,0.07338286500598415
COST,COSTCO WHOLESALE CORPORATION,22160K105,634607000.0,636880,0.07337118771600891
CVE,CENOVUS ENERGY INC,15135U109,634260000.0,23907239,0.07333106870985635
VRTX,VERTEX PHARMACEUTICALS INC,92532F100,623034000.0,1395247,0.07203315527161833
SUI,SUN CMNTYS INC,866674104,617524000.0,4902536,0.07139610707593942
TAGG,T ROWE PRICE ETF INC,87283Q602,614381000.0,14422068,0.07103272368591786
PHM,PULTE GROUP INC,745867101,612250000.0,5205762,0.07078634442911354
CPAY,CORPAY INC,219948106,609529000.0,2094673,0.07047175130017663
BDX,BECTON DICKINSON & CO,075887109,608574000.0,3870595,0.07036133732070779
VTR,VENTAS INC,92276F100,604650000.0,7393609,0.06990765726265985
REG,REGENCY CTRS CORP,758849103,599840000.0,7928087,0.06935154077968063
AGCO,AGCO CORP,001084102,596042000.0,5144052,0.06891242842991864
SITE,SITEONE LANDSCAPE SUPPLY INC,82982L103,594051000.0,4462855,0.06868223551565426
TDG,TRANSDIGM GROUP INC,893641100,592755000.0,511454,0.06853239623042742
NFLX,NETFLIX INC.,64110L106,585372000.0,6088104,0.06767879789491066
CI,THE CIGNA GROUP,125523100,585351000.0,2194380,0.06767636994352966
ABBV,ABBVIE INC,00287Y109,584673000.0,2688272,0.0675979817989434
WDC,WESTERN DIGITAL CORP,958102105,583230000.0,2156196,0.06743114685404963
ARGX,ARGENX SE,04016X101,582428000.0,797573,0.06733842223464229
SNDK,SANDISK CORP,80004C200,582227000.0,916401,0.06731518327142423
LNG,CHENIERE ENERGY INC,16411R208,581759000.0,2050177,0.06726107464064787
TOUS,T ROWE PRICE EXCHANGE-TRADED FDS INC INTL EQUITY ETF,87283Q834,569146000.0,16466712,0.06580280079453206
TRGP,TARGA RES CORP,87612G101,568563000.0,2267628,0.06573539623952647
RGEN,REPLIGEN CORP,759916109,568112000.0,4821862,0.06568325309320139
MU,MICRON TECHNOLOGY INC,595112103,567677000.0,1680312,0.06563295981459516
BPOP,POPULAR INC,733174700,565220000.0,4212715,0.06534888950301927
TER,TERADYNE INC,880770102,561597000.0,1894341,0.06493001008143222
CVX,CHEVRON CORPORATION,166764100,560969000.0,2711303,0.06485740277346735
AER,AERCAP HOLDINGS NV,N00985106,559302000.0,4077139,0.0646646696805097
RKT,ROCKET COS INC,77311W101,549357000.0,38551326,0.06351486127651208
AVB,AVALONBAY CMNTYS INC,053484101,546843000.0,3347674,0.0632242008111878
UNP,UNION PAC CORP,907818108,538851000.0,2220963,0.06230019188562231
WEA,WESTERN ALLIANCE BANCORP,957638109,535897000.0,7563818,0.06195866005802965
MCK,MCKESSON CORP,58155Q103,534820000.0,618031,0.06183414083720457
LVS,LAS VEGAS SANDS CORP,517834107,533126000.0,9894687,0.06163828609247135
XEL,XCEL ENERGY INC,98389B100,533041000.0,6709982,0.06162845867021496
CNI,CANADIAN NATL RY CO,136375102,530626000.0,5163237,0.061349244261401065
ED,CONSOLIDATED EDISON INC,209115104,527555000.0,4661195,0.06099418527611432
NSC,NORFOLK SOUTHN CORP,655844108,518931000.0,1808119,0.05999710657565425
BAH,BOOZ ALLEN HAMILTON HLDG COR,099502106,507891000.0,6508909,0.05872069784964787
KYMR,KYMERA THERAPEUTICS INC,501575104,498513000.0,5985260,0.057636444132937
AMD,ADVANCED MICRO DEVICES INC,007903107,498107000.0,2448538,0.05758950373957118
SPOT,SPOTIFY TECHNOLOGY S A,L8681T102,497359000.0,1025671,0.05750302242371495
TKO,TKO GROUP HOLDINGS INC,87256C101,497352000.0,2466409,0.05750221310658795
PCG,PG&E CORP,69331C108,495748000.0,28215587,0.05731676386777326
LUV,SOUTHWEST AIRLS CO,844741108,495082000.0,13177575,0.05723976312397613
MDB,MONGODB INC,60937P106,493094000.0,2014516,0.05700991705990904
PG,PROCTER & GAMBLE CO,742718109,482425000.0,3339962,0.055776402141633485
MELI,MERCADOLIBRE  INC,58733R102,481927000.0,278728,0.055718825008884275
ULTA,ULTA BEAUTY INC,90384S303,480785000.0,919793,0.055586790700451374
TGRT,T ROWE PRICE EXCHANGE-TRADED FDS INC GROWTH ETF,87283Q842,480410000.0,12208496,0.05554343442579082
PLTR,PALANTIR TECHNOLOGIES INC,69608A108,479122000.0,3275370,0.05539452007442342
CAT,CATERPILLAR INC,149123101,473259000.0,668010,0.05471665917219738
FANG,DIAMONDBACK ENERGY INC,25278X109,472809000.0,2390458,0.054664631642604725
IM8N,INSMED INC,457669307,471424000.0,2882969,0.05450450246819178
HD,HOME DEPOT INC,437076102,470338000.0,1430074,0.05437894269677485
BAC,BANK AMERICA CORP,060505104,467830000.0,9596512,0.05408897593184513
SPGI,S&P GLOBAL INC,78409V104,464120000.0,1091174,0.053660037854536824
MRK,MERCK & CO INC,58933Y105,461940000.0,3840213,0.05340799337784355
PWR,QUANTA SVCS INC,74762E102,459959000.0,837781,0.05317895663090345
RYAAY,RYANAIR HOLDINGS PLC,783513203,459150000.0,7943765,0.053085422694369104
ATO,ATMOS ENERGY CORP,049560105,458137000.0,2480169,0.05296830294441941
SE,SEA LTD,81141R100,457413000.0,5523637,0.05288459643014146
WCN,WASTE CONNECTIONS INC,94106B101,454843000.0,2800062,0.05258746142780121
TRV,TRAVELERS COMPANIES INC,89417E109,453209000.0,1553787,0.05239854368701367
BTSG,BRIGHTSPRING HEALTH SVCS INC,10950A106,447893000.0,10511435,0.05178392513742581
GE,GE AEROSPACE,369604301,447360000.0,1576487,0.051722301419041626
BMY,BRISTOL-MYERS SQUIBB CO,110122108,444645000.0,7331324,0.051408401990499286
FNV,FRANCO NEV CORP,351858105,443840000.0,1796558,0.05131533052089466
SPG,SIMON PPTY GROUP INC NEW,828806109,443582000.0,2378070,0.0512855014039282
EFX,EQUIFAX INC,294429105,438966000.0,2437750,0.05075181456704002
CSCO,CISCO SYS INC,17275R102,438931000.0,5657054,0.05074776798140504
TVAL,T ROWE PRICE EXCHANGE-TRADED FDS INC VALUE ETF,87283Q859,438552000.0,12112665,0.05070394923981478
EHC,ENCOMPASS HEALTH CORP,29261A100,434957000.0,4496608,0.050288307086735706
ALNY,ALNYLAM PHARMACEUTICALS INC,02043Q107,432614000.0,1307502,0.05001741708265664
ROK,ROCKWELL AUTOMATION INC,773903109,431915000.0,1203508,0.049936600986689374
ROP,ROPER TECHNOLOGIES INC,776696106,426674000.0,1205770,0.049330653692033634
FCX,FREEPORT MCMORAN INC,35671D857,424065000.0,7214443,0.04902900963712868
SCCO,SOUTHERN COPPER CORP,84265V105,423316000.0,2460278,0.048942412704540014
TOTR,T ROWE PRICE ETF INC,87283Q800,422941000.0,10500001,0.048899056429879476
KO,COCA COLA CO,191216100,422904000.0,5560857,0.048894778610779635
PTC,PTC INC,69370C100,419589000.0,2944684,0.048511509142780435
VNOM,VIPER ENERGY INC,64361Q101,418402000.0,8904062,0.04837427208138826
AWN,ADVANCE AUTO PARTS INC,00751Y106,416786000.0,7901139,0.04818743544178443
VOYA,VOYA FINANCIAL INC,929089100,415085000.0,6075595,0.0479907713799242
OVV,OVINTIV INC,69047Q102,409731000.0,6902466,0.047371759394504075
L,LOEWS CORP,540424108,409479000.0,3836221,0.04734262397793219
GSK,GSK PLC,37733W204,403977000.0,7319748,0.046706500716112695
LAZ,LAZARD INC,52110M109,402725000.0,9480326,0.0465617485671127
HXL,HEXCEL CORP NEW,428291108,402348000.0,4971545,0.046518161058987297
VICI,VICI PPTYS INC,925652109,399176000.0,14611097,0.04615142478372532
BDC,BELDEN INC,077454106,397549000.0,3462058,0.045963316360064774
MAR,MARRIOTT INTL INC NEW,571903202,396686000.0,1212845,0.045863539119979306
LW,LAMB WESTON HLDGS INC,513272104,393607000.0,9313921,0.04550755520083315
AMAT,APPLIED MATLS INC,038222105,389763000.0,1140357,0.04506312448137947
USFD,US FOODS HLDG CORP,912008109,389670000.0,4225896,0.045052372125263654
N/A,TOTALENERGIES SE,F92124100,387072000.0,4254466,0.044751999854415414
AMGN,AMGEN INC,031162100,385804000.0,1096500,0.04460539783769656
LRCX,LAM RESEARCH CORP,512807306,381898000.0,1787407,0.04415379888083234
BROS,DUTCH BROS INC,26701L100,380574000.0,7512310,0.04400072232709752
COF,CAPITAL ONE FINL CORP,14040H105,377318000.0,2068286,0.04362427424631158
NLY,ANNALY CAPITAL MANAGEMENT IN,035710839,376046000.0,17779937,0.04347720976266301
IBP,INSTALLED BLDG PRODS INC,45780R101,371682000.0,1401779,0.04297265834234672
RTX,RTX CORPORATION,75513E101,371310000.0,1924883,0.042929648917883464
HIG,HARTFORD INSURANCE GROUP INC,416515104,371043000.0,2743792,0.042898779250325154
ORCL,ORACLE CORP,68389X105,370739000.0,2520147,0.042863631763667004
EXE,EXPAND ENERGY CORPORATION,165167735,370142000.0,3371669,0.042794608574407415
STX,SEAGATE TECHNOLOGY HLDNGS PL,G7997R103,369568000.0,943352,0.04272824456999368
WFRD,WEATHERFORD INTL PLC,G48833118,368448000.0,3895618,0.042598753829674194
CLS,CELESTICA INC,15101Q207,366155000.0,1299896,0.04233364466221653
COO,COOPER COS INC,216648501,364798000.0,5102064,0.042176752756311574
GS,GOLDMAN SACHS GROUP INC,38141G104,363548000.0,429730,0.04203223184077643
CON,CONCENTRA GROUP HOLDINGS PAR,20603L102,361627000.0,16859023,0.04181013209778202
BSX,BOSTON SCIENTIFIC CORP,101137107,359757000.0,5733179,0.041593928808141445
MKSI,MKS INC.,55306N104,359692000.0,1565170,0.041586413720533615
KNF,KNIFE RIVER CORP,498894104,359585000.0,4403973,0.04157404273016381
STE,STERIS PLC,G8473T100,358938000.0,1623198,0.04149923870428281
MOD,MODINE MFG CO,607828100,358815000.0,1655735,0.04148501784619416
OR,OR ROYALTIES INC.,68390D106,357427000.0,9401013,0.04132454182158394
SHOP,SHOPIFY INC,82509L107,355913000.0,3000440,0.041149498088687765
UNH,UNITEDHEALTH GROUP INC,91324P102,353655000.0,1306974,0.040888435506865085
WFC,WELLS FARGO & CO,949746101,353015000.0,4434299,0.04081444079811109
MDT,MEDTRONIC PLC,G5960L103,351108000.0,4052022,0.04059395968937067
DLR,DIGITAL RLTY TR INC,253868103,351096000.0,1948260,0.04059257228858154
CTVA,CORTEVA INC,22052L104,350974000.0,4192731,0.04057846704722531
N/A,ASCENDIS PHARMA A/S,K08588103,350036000.0,1530345,0.04047001855220774
MTD,METTLER TOLEDO INTERNATIONAL,592688105,348555000.0,276367,0.0402987901714817
CNQ,CANADIAN NAT RES LTD MED TER,136385101,346355000.0,7107626,0.04004443336013984
JBTM,JBT MAREL CORPORATION,477839104,343325000.0,2684949,0.03969411466088265
FE,FIRSTENERGY CORP,337932107,342934000.0,6769323,0.039648908518503265
BABA,ALIBABA GROUP HLDG LTD,01609W102,341100000.0,2718788,0.039436867431230094
TT,TRANE TECHNOLOGIES PLC,G8994E103,341030000.0,818327,0.03942877425996013
LIN,LINDE PLC,G54950103,340590000.0,687004,0.03937790289769176
CBRE,CBRE GROUP INC,12504L109,339382000.0,2505399,0.03923823788491859
N/A,QIAGEN NV,N72482156,337511000.0,8429334,0.039021918978545594
GEV,GE VERNOVA INC,36828A101,336940000.0,386000,0.03895590182432914
RPM,RPM INTL INC,749685103,334780000.0,3368003,0.038706169682284415
VEEV,VEEVA SYS INC,922475108,331673000.0,1888153,0.03834694849463026
VIAV,VIAVI SOLUTIONS INC,925550105,329715000.0,9907274,0.038120570932536006
VST,VISTRA CORP,92840M102,328252000.0,2183537,0.03795142365299368
RYN,RAYONIER INC,754907103,328084000.0,15910926,0.037932000041945746
ABNB,AIRBNB INC,009066101,328018000.0,2597543,0.0379243693376055
CAH,CARDINAL HEALTH INC,14149Y108,324816000.0,1537153,0.03755416456037067
IBM,INTERNATIONAL BUSINESS MACHS,459200101,324224000.0,1337612,0.03748571945477322
NWSA,NEWS CORP NEW,65249B109,322011000.0,12916600,0.03722985962590981
KDP,KEURIG DR PEPPER INC,49271V100,320994000.0,12191167,0.03711227740903041
INTC,INTEL CORP,458140100,320109000.0,7253758,0.037009956600831534
MCD,MCDONALDS CORP,580135101,318201000.0,1023843,0.03678935987535868
BLK,BLACKROCK INC,09290D101,315710000.0,328279,0.036501358594880254
AON,AON PLC,G0403H108,314592000.0,974631,0.03637209908802562
FCX,FREEPORT MCMORAN INC,35671D857,313786000.0,5338310,0.03627891200168856
PCOR,PROCORE TECHNOLOGIES INC,74275K108,311842000.0,5470898,0.0360541530738483
C,CITIGROUP INC,172967424,309072000.0,2725254,0.035733894725022426
LPX,LOUISIANA PAC CORP,546347105,308511000.0,4240697,0.035669033738130254
APO,APOLLO GLOBAL MGMT INC,03769M106,308360000.0,2767544,0.035651575611533606
HON,HONEYWELL INTL INC,438516106,307873000.0,1362088,0.035595270262841115
KEY,KEYCORP,493267108,307105000.0,15316914,0.03550647661233632
BK,BANK NEW YORK MELLON CORP,064058100,305131000.0,2572120,0.03527824918252322
COHR,COHERENT CORP,19247G107,304365000.0,1277715,0.035189686765483286
PEP,PEPSICO INC,713448108,303677000.0,1955545,0.03511014245357274
WY,WEYERHAEUSER CO,962166104,303070000.0,12405646,0.035039963096988876
BAC,VERIZON COMMUNICATIONS INC,92343V104,302647000.0,6028811,0.034991057219171784
PBR,PETROLEO BRASILEIRO S A,71654V408,301119000.0,14511751,0.034814394852021625
SRRK,SCHOLAR ROCK HLDG CORP,80706P103,299294000.0,6088142,0.03460339431534031
VICR,VICOR CORP,925815102,298883000.0,1856415,0.03455587583831236
WELL,WELLTOWER INC,95040Q104,298497000.0,1509769,0.034511247779595106
ST,SENSATA TECHNOLOGIES HLDG PL,G8060N102,298425000.0,8473143,0.034502923374860286
RVMD,REVOLUTION MEDICINES INC,76155X100,296858000.0,3052522,0.034321751955145426
NXT,NEXTPOWER INC,65290E101,296377000.0,2458535,0.0342661403068475
MSI,MOTOROLA SOLUTIONS INC,620076307,296186000.0,682502,0.03424405751095373
PEP,PEPSICO INC,713448108,294849000.0,1898694,0.03408947793969734
KKR,KKR & CO INC,48251W104,294490000.0,3183666,0.03404797153275565
IDXX,IDEXX LABS INC,45168D104,294428000.0,523995,0.034040803295345104
SU,SUNCOR ENERGY INC NEW,867224107,294192000.0,4450036,0.03401351774649207
WAT,WATERS CORP,941848103,293035000.0,983996,0.03387974918707274
KVUE,KENVUE INC,49177J102,290763000.0,16865598,0.03361706797099606
D,DOMINION ENERGY INC,25746U109,290722000.0,4702705,0.03361232768496651
T,AT&T INC,00206R102,290494000.0,10020483,0.0335859670699729
RCL,ROYAL CARIBBEAN GROUP,V7780T103,289588000.0,1052357,0.033481218310393024
CAVA,CAVA GROUP INC,148929102,288596000.0,3567309,0.03336652651182433
AXON,AXON ENTERPRISE INC,05464C101,287136000.0,676107,0.033197726082479284
LYV,LIVE NATION ENTERTAINMENT IN,538034109,285013000.0,1868811,0.0329522717595344
DWD,MORGAN STANLEY,617446448,283407000.0,1722104,0.03276659128725485
GILD,GILEAD SCIENCES INC,375558103,282254000.0,2025211,0.03263328519476523
8CW,CROWN CASTLE INC,22822V101,282094000.0,3469360,0.03261478651757673
KLAC,KLA CORP,482480100,279246000.0,189652,0.032285510063621466
IVZ,INVESCO LTD,G491BT108,278613000.0,11470236,0.03221232467199446
RMBS,RAMBUS INC DEL,750917106,278531000.0,3237596,0.03220284409993536
NEE,NEXTERA ENERGY INC,65339F101,278285000.0,2996176,0.03217440238375804
WLK,WESTLAKE CORPORATION,960413102,277461000.0,2375113,0.03207913419623728
WING,WINGSTOP INC,974155103,275637000.0,1778643,0.03186824927628839
NVO,NOVO-NORDISK A S,670100205,272777000.0,7422498,0.03153758542154398
SNEX,STONEX GROUP INC,861896108,271993000.0,3372508,0.03144694190332034
PCAR,PACCAR INC,693718108,271678000.0,2352190,0.031410522632605485
AMGN,AMGEN INC,031162100,271167000.0,770689,0.031351442482334714
BBIO,BRIDGEBIO PHARMA INC,10806X102,268755000.0,3619101,0.0310725749237181
RACE,FERRARI N V,N3167Y103,267660000.0,790840,0.030945974601709315
TMO,THERMO FISHER SCIENTIFIC INC,883556102,267549000.0,544317,0.030933141144409797
JLL,JONES LANG LASALLE INC,48020Q107,267337000.0,878471,0.030908630397135033
ENB,ENBRIDGE INC,29250N105,267208000.0,4935486,0.03089371583865181
CX,CEMEX SA EURO MTN BE 144A,151290889,267037000.0,23342316,0.0308739453774066
FIG,FIGMA INC,316841105,264645000.0,12518656,0.030597390153438552
EBA,EBAY INC.,278642103,262840000.0,2887710,0.030388701951405805
UPS,UNITED PARCEL SVCS INC,911312106,262595000.0,2669184,0.030360375851960917
RBC,RBC BEARINGS INC,75524B104,262405000.0,483142,0.030338408672799574
TDW,TIDEWATER INC NEW,88642R109,262402000.0,3140658,0.030338061822602284
EMR,EMERSON ELEC CO,291011104,261912000.0,1999018,0.030281409623712507
EW,EDWARDS LIFESCIENCES CORP,28176E108,261676000.0,3267682,0.030254124074859477
PDD,PDD HOLDINGS INC,722304102,261404000.0,2558269,0.030222676323639026
NVT,NVENT ELEC PLC,G6700G107,261297000.0,2209135,0.030210305333269218
NFG,NATIONAL FUEL GAS CO,636180101,260664000.0,2774195,0.030137119941642223
BURL,BURLINGTON STORES INC,122017106,257645000.0,791825,0.029788073026441743
N/A,MAGNUM ICE CREAM CO NV,N5505D105,257582000.0,17229540,0.029780789172298774
BE,BLOOM ENERGY CORP,093712107,257057000.0,1897233,0.029720090387774015
ABT,ABBOTT LABORATORIES,002824100,255968000.0,2493106,0.029594183766159795
FCFS,FIRSTCASH HOLDINGS INC,33768G107,255573000.0,1359427,0.02954851515685069
WTW,WILLIS TOWERS WATSON PLC LTD,G96629103,254152000.0,874274,0.02938422378007034
TJX,TJX COS INC NEW,872540109,253967000.0,1590273,0.029362834684571137
TXN,TEXAS INSTRS INC,882508104,252528000.0,1300751,0.029196462206607078
DOV,DOVER CORP,260003108,252451000.0,1211084,0.02918755971821011
RS,RELIANCE INC,759509102,251138000.0,826328,0.029035754948531996
CRM,SALESFORCE INC,79466L302,250669000.0,1342845,0.028981530701023214
ENSG,ENSIGN GROUP INC,29358P101,250098000.0,1241178,0.028915513546806756
YUM,YUM BRANDS INC,988498101,249958000.0,1607650,0.02889932720426682
RTX,RTX CORPORATION,75513E101,249098000.0,1291329,0.028799896814378643
CNP,CENTERPOINT ENERGY INC,15189T107,248655000.0,5761225,0.028748678601912988
TMSL,T ROWE PRICE EXCHANGE-TRADED FDS INC SMALL-MID CAP ETF,87283Q826,247993000.0,6757660,0.028672140325045573
SCHW,SCHWAB CHARLES CORP,808513105,247301000.0,2631411,0.028592133546205316
TSN,TYSON FOODS INC,902494103,244810000.0,3820967,0.028304132265726884
DIS,DISNEY WALT CO,254687106,244522000.0,2537052,0.028270834646787587
CGON,CG ONCOLOGY INC,156944100,242129000.0,3577554,0.02799416380608711
WTS,WATTS WATER TECHNOLOGIES INC,942749102,242107000.0,834015,0.027991620237973688
WFG,WEST FRASER TIMBER LTD,952845105,241223000.0,3694635,0.027889415046507233
COP,CONOCOPHILLIPS,20825C104,239711000.0,1815988,0.027714602547075928
ATMU,ATMUS FILTRATION TECHNOLOGIE,04956D107,239021000.0,4210332,0.027634827001700526
COLB,COLUMBIA BKG SYS INC,197236102,237940000.0,8674436,0.027509845313945732
DSGX,DESCARTES SYS GROUP INC,249906108,237856000.0,3323860,0.027500133508421773
ISRG,INTUITIVE SURGICAL INC,46120E602,237517000.0,515231,0.02746093943612864
N/A,AMCOR PLC,G0250X149,237087000.0,5964444,0.02741122424118455
MDLN,MEDLINE INC,58507V107,236403000.0,5312422,0.027332142396203723
AVY,AVERY DENNISON CORP,053611109,233689000.0,1353302,0.027018358584393814
AIZ,ASSURANT INC,04621X108,233497000.0,1072019,0.026996160171767616
EWBC,EAST WEST BANCORP INC,27579R104,233262000.0,2184914,0.02696899023964701
THG,HANOVER INS GROUP INC,410867105,233009000.0,1344153,0.026939739206342697
EQIX,EQUINIX INC,29444U700,232451000.0,237136,0.02687522506964781
AXP,AMERICAN EXPRESS CO,025816109,232413000.0,768357,0.026870831633815543
DE,DEERE & CO,244199105,231747000.0,411408,0.026793830890018414
ZS,ZSCALER INC,98980G102,231467000.0,1649918,0.02676145820493854
NU,NU HLDGS LTD,G6683N103,230494000.0,16039898,0.026648963124285985
HR,HEALTHCARE RLTY TR,42226K105,230483000.0,13565759,0.02664769134022928
PFE,PFIZER INC,717081103,229233000.0,8163557,0.026503170424694134
APH,AMPHENOL CORP,032095101,228167000.0,1805832,0.026379922987925762
STEP,STEPSTONE GROUP INC,85914M107,227770000.0,4773031,0.026334023145151805
RDNT,RADNET INC,750491102,227552000.0,4071423,0.02630881869748247
SITM,SITIME CORP,82982T106,227469000.0,658662,0.026299222508690937
NET,CLOUDFLARE INC,18915M107,225008000.0,1090471,0.026014689730185347
BA,BOEING CO,097023105,224444000.0,1127689,0.02594948189309589
CGNX,COGNEX CORP,192422103,223213000.0,4556297,0.02580715769547688
ADI,ANALOG DEVICES INC,032654105,222497000.0,699367,0.025724376115058352
ARMK,ARAMARK,03852U106,221281000.0,5458336,0.02558378616842576
RNR,RENAISSANCERE HLDGS LTD,G7496G103,220669000.0,742415,0.025513028728179753
PANW,PALO ALTO NETWORKS INC,697435105,220346000.0,1374411,0.025475684523605473
XPRO,EXPRO GROUP HOLDINGS NV,N3144W105,215948000.0,12403640,0.024967202134386624
UL,UNILEVER PLC,904767803,215943000.0,3790458,0.024966624050724483
UTHR,UNITED THERAPEUTICS CORP DEL,91307C102,215942000.0,364163,0.024966508433992056
MQ,MARQETA INC,57142B104,215102000.0,52720878,0.02486939037875244
IONS,IONIS PHARMACEUTICALS INC,462222100,214765000.0,2860096,0.024830427539924163
AXSM,AXSOME THERAPEUTICS INC.,05464T104,213995000.0,1266092,0.024741402655954516
KT,KT CORP,48268K101,213470000.0,9951973,0.024680703871429753
KMB,KIMBERLY-CLARK CORP,494368103,213020000.0,2208142,0.024628676341837102
RS,RELIANCE INC,759509102,212960000.0,700708,0.024621739337891416
UBER,UBER TECHNOLOGIES INC,90353T100,212473000.0,2953885,0.024565433989198922
AWC,AMERICAN WTR WKS CO INC NEW,030420103,212053000.0,1558180,0.024516874961579112
EGP,EASTGROUP PPTYS INC,277276101,211427000.0,1142291,0.024444498887079114
CCJ,CAMECO CORP,13321L108,211279000.0,1945293,0.024427387610679755
PFE,PFIZER INC,717081103,210919000.0,7511348,0.024385765587005632
DSGX,DESCARTES SYS GROUP INC,249906108,210460000.0,2941020,0.024332697506821127
COPX,GLOBAL X FDS,37954Y830,210414000.0,2755905,0.024327379137129432
MPC,MARATHON PETE CORP,56585A102,209702000.0,858797,0.024245060023640616
PLNT,PLANET FITNESS MASTER ISSUER,72703H101,209035000.0,2810353,0.024167943663111063
VNO,VORNADO RLTY TR,929042109,207315000.0,7976707,0.023969082883334703
NU,NU HLDGS LTD,G6683N103,206191000.0,14348694,0.023839129676085504
UNP,UNION PAC CORP,907818108,206068000.0,849343,0.023824908817996846
RL,RALPH LAUREN CORP,751212101,205693000.0,597961,0.023781552543336304
HON,HONEYWELL INTL INC,438516106,205624000.0,909718,0.023773574988798764
NOVT,NOVANTA INC,67000B104,205383000.0,1738905,0.023745711356283585
NUVL,NUVALENT INC,670703107,204274000.0,1993884,0.02361749240002081
DOCN,DIGITALOCEAN HLDGS INC,25402D102,204108000.0,2379429,0.02359830002243774
CDE,COEUR MNG INC,192108504,203698000.0,10852274,0.02355089716214221
CTSH,COGNIZANT TECHNOLOGY SOLUTIO,192446102,203574000.0,3318226,0.023536560687321125
NUE,NUCOR CORP,670346105,201940000.0,1194199,0.023347642946533586
FCN,FTI CONSULTING INC,302941109,201928000.0,1142316,0.02334625554574445
HUBB,HUBBELL INC,443510607,200711000.0,408996,0.023205549982379434
SSNC,SS&C TECH HLDGS,78467J100,200664000.0,2969714,0.02320011599595531
CUBE,CUBESMART,229663109,199152000.0,5433863,0.023025303496524
ETN,EATON CORP PLC,G29183103,198994000.0,556362,0.02300703605280036
CB,CHUBB LTD SWITZ,H1467J104,198810000.0,609976,0.022985762574033584
BLK,BLACKROCK INC,09290D101,198418000.0,206317,0.02294044081492176
WELL,WELLTOWER INC,95040Q104,197865000.0,1000780,0.022876504761889016
QCOM,QUALCOMM INC,747525103,197244000.0,1531632,0.022804706771051154
CCCS,CCC INTELLIGENT SOLUTIONS HL,12510Q100,196850000.0,32808220,0.02275915377847448
BKNG,BOOKING HOLDINGS INC,09857L108,195591000.0,46455,0.022613592312347483
PAC,GRUPO AEROPORTUNARIO DEL PAC,400506101,195483000.0,791842,0.022601105705245244
PRAX,PRAXIS PRECISION MEDICINES I,74006W207,192548000.0,597622,0.02226177059556873
STLD,STEEL DYNAMICS INC,858119100,192073000.0,1067068,0.022206852647665375
ACN,ACCENTURE PLC IRELAND,G1151C101,191749000.0,967008,0.02216939282635866
NU,NU HLDGS LTD,G6683N103,191547000.0,13329607,0.022146038246408185
ARES,ARES MANAGEMENT CORPORATION,03990B101,191225000.0,1752742,0.02210880965856633
LOW,LOWES COS INC,548661107,190423000.0,805917,0.022016085039158983
CRNX,CRINETICS PHARMACEUTICALS IN,22663K107,189951000.0,5229901,0.02196151394145291
CNC,CENTENE CORP DEL,15135B101,189453000.0,5786590,0.02190393680870371
STLD,STEEL DYNAMICS INC,858119100,189118000.0,1050653,0.021865205203340295
UPWK,UPWORK INC,91688F104,189076000.0,17251387,0.02186034930057831
TXT,TEXTRON INC,883203101,188959000.0,2158042,0.021846822142884224
JBL,JABIL INC,466313103,188931000.0,711256,0.021843584874376234
MTSI,MACOM TECH SOLUTIONS HLDGS I,55405Y100,188319000.0,848014,0.02177282743413023
TRNO,TERRENO RLTY CORP,88146M101,187698000.0,3055967,0.021701029443292368
VSEC,VSE CORP,918284100,187102000.0,1014650,0.02163212187076521
SPGI,S&P GLOBAL INC,78409V104,186956000.0,439544,0.021615241827830707
PANW,PALO ALTO NETWORKS INC,697435105,186122000.0,1160940,0.02151881747298566
ANET,ARISTA NETWORKS INC,040413205,184108000.0,1499492,0.021285965373875435
ROIV,ROIVANT SCIENCES LTD,G76279101,182484000.0,6587852,0.021098203800412177
MSGS,MADISON SQUARE GRDN SPRT COR,55825T103,182414000.0,567560,0.02109011062914221
CRL,CHARLES RIV LABS INTL INC,159864107,181665000.0,1053128,0.02100351369655355
VERA,VERA THERAPEUTICS INC,92337R101,180520000.0,4487187,0.02087113253792336
CRS,CARPENTER TECHNOLOGY CORP,144285103,179597000.0,455656,0.020764418293892205
EL,LAUDER ESTEE COS INC,518439104,178286000.0,2484123,0.02061284475767895
COF,CAPITAL ONE FINL CORP,14040H105,177340000.0,972094,0.02050347132880195
BMY,BRISTOL-MYERS SQUIBB CO,110122108,177033000.0,2918914,0.02046797699194652
FA,FIRST ADVANTAGE CORP NEW,31846B108,176138000.0,14977714,0.020364500016423356
TMUS,T-MOBILE US INC,872590104,176054000.0,838231,0.020354788210899394
PLD,PROLOGIS INC.,74340W103,176015000.0,1331626,0.0203502791583347
SLM,SLM CORP,78442P106,175978000.0,8219403,0.020346001339234858
ACN,ACCENTURE PLC IRELAND,G1151C101,175726000.0,886203,0.020316865922662974
LMT,LOCKHEED MARTIN CORP,539830109,175550000.0,290457,0.020296517377755625
SOBO,SOUTH BOW CORP,83671M105,174501000.0,5237110,0.02017523542543853
PLD,PROLOGIS INC.,74340W103,174289000.0,1318567,0.02015072467816377
DHR,DANAHER CORP DEL,235851102,174164000.0,918583,0.020136272586610257
INTU,INTUIT,461202103,173680000.0,401683,0.02008031408811505
ITUB,ITAU UNIBANCO HLDG S A,465562106,173567000.0,20711962,0.020067249397350672
Q,QNITY ELECTRONICS INC,74743L100,173306000.0,1502045,0.020037073430186934
MMM,3M CO,88579Y101,172003000.0,1184345,0.0198864248278331
GLW,CORNING INC,219350105,171998000.0,1264964,0.01988584674417096
SNOW,SNOWFLAKE INC,833445109,170896000.0,1133110,0.019758437105035175
VIK,VIKING HOLDINGS LTD,G93A5A101,170548000.0,2320999,0.019718202482150192
GLBE,GLOBAL E ONLINE LTD,M5216V106,170188000.0,5516606,0.019676580458476072
NEM,NEWMONT CORP,651639106,168906000.0,1560332,0.019528359807503226
PTGX,PROTAGONIST THERAPEUTICS INC,74366E102,168390000.0,1597622,0.01946870157357032
SPXC,SPX TECHNOLOGIES INC,78473E103,168025000.0,840377,0.01942650146623406
BEKE,KE HLDGS INC,482497104,167074000.0,11160564,0.01931654995369492
CMS,CMS ENERGY CORP,125896100,166873000.0,2150974,0.019293310990476868
FWONK,LIBERTY MEDIA CORP DEL,531229755,166537000.0,1958795,0.01925446376838102
PGR,PROGRESSIVE CORP,743315103,166273000.0,838742,0.01922394095102
SOLS,SOLSTICE ADVANCED MATLS INC,83443Q103,166017000.0,2179841,0.019194343067518403
BR,BROADRIDGE FINL SOLUTIONS IN,11133T103,165137000.0,1016349,0.01909260034298166
HOOD,ROBINHOOD MKTS INC,770700102,164049000.0,2367216,0.018966809338099872
SYK,STRYKER CORPORATION,863667101,163597000.0,497874,0.018914550575042363
VRTX,VERTEX PHARMACEUTICALS INC,92532F100,162932000.0,364875,0.018837665447977665
GM,GENERAL MTRS CO,37045V100,162453000.0,2180575,0.0187822850331446
PH,PARKER-HANNIFIN CORP,701094104,162131000.0,181103,0.01874505644530275
JCI,JOHNSON CONTROLS INTERNATION,G51502105,160934000.0,1228969,0.018606663216586293
MDGL,MADRIGAL PHARMACEUTICALS INC,558868105,160454000.0,306519,0.018551167185020798
CDW,CDW CORP,12514G108,160041000.0,1322429,0.018503417474527988
MDT,MEDTRONIC PLC,G5960L103,158771000.0,1832324,0.01835658422434428
MO,ALTRIA GROUP INC,02209S103,158424000.0,2400718,0.018316465218191722
FUTU,FUTU HLDGS LTD,36118L106,158266000.0,1157248,0.018298197774468082
APP,APPLOVIN CORP,03831W108,158188000.0,397457,0.018289179669338688
DOO,BRP INC,05577W200,157678000.0,2195754,0.01823021513580035
CME,CME GROUP INC,12572Q105,157558000.0,533459,0.01821634112790898
NEM,NEWMONT CORP,651639106,157368000.0,1453743,0.018194373948747636
ALKS,ALKERMES PLC,G01767105,157215000.0,4446118,0.018176684588686133
NOW,SERVICENOW INC,81762P102,156536000.0,1497232,0.018098180827367444
CVS,CVS HEALTH CORP,126650100,156314000.0,2176463,0.0180725139127684
TTC,TORO CO,891092108,155618000.0,1665424,0.017992044666998434
SMMT,SUMMIT THERAPEUTICS INC,86627T108,154598000.0,8153895,0.017874115599921758
OC,OWENS CORNING NEW,690742101,154024000.0,1423247,0.017807751595508018
MLI,MUELLER INDS INC,624756102,153920000.0,1389168,0.017795727455335492
BA 6 10/15/27,BOEING CO,097023204,153832000.0,2371020,0.01778555318288182
MIRM,MIRUM PHARMACEUTICALS INC,604749101,153814000.0,1665014,0.017783472081698115
STRL,STERLING INFRASTRUCTURE INC,859241101,153250000.0,376286,0.017718264244608654
MCK,MCKESSON CORP,58155Q103,152844000.0,176624,0.017671323851242843
SO,SOUTHERN CO,842587107,152319000.0,1578107,0.01761062506671808
FIX,COMFORT SYS USA INC,199908104,152204000.0,110373,0.01759732914248885
SNDK,SANDISK CORP,80004C200,152062000.0,239338,0.017580911566484055
FULT,FULTON FINL CORP PA,360271100,152058000.0,7475800,0.017580449099554342
LNC,LINCOLN NATL CORP IND,534187109,151657000.0,4272026,0.01753408678985067
TSEM,TOWER SEMICONDUCTOR LTD,M87915274,151320000.0,862318,0.01749512395102239
AEM,AGNICO EAGLE MINES LTD,008474108,149974000.0,738858,0.017339503829174152
BELFB,BEL FUSE INC,077347300,149762000.0,756450,0.01731499308189939
AXS,AXIS CAP HLDGS LTD,G0692U109,149656000.0,1475751,0.01730273770826201
VRSK,VERISK ANALYTICS INC,92345Y106,149060000.0,785558,0.017233830135734853
VIST,VISTA ENERGY S.A.B. DE C.V.,92837L109,149038000.0,1974794,0.017231286567621434
OKE,ONEOK INC NEW,682680103,148788000.0,1646058,0.017202382384514405
MMC,MARSH & MCLENNAN COS INC,571748102,148211000.0,854486,0.017135671529903383
MO,ALTRIA GROUP INC,02209S103,147961000.0,2242163,0.017106767346796354
MSCI,MSCI INC,55354G100,147495000.0,273639,0.017052889949484853
CMCSA,COMCAST CORP NEW,20030N101,147334000.0,5131793,0.017034275655563928
DOCU,DOCUSIGN INC,256163106,147147000.0,3103698,0.017012655326599867
DRS,LEONARDO DRS INC,52661A108,147099000.0,3304098,0.01700710572344332
LAMR,LAMAR ADVERTISING CO,512816109,146435000.0,1156122,0.01693033621311105
DD,DUPONT DE NEMOURS INC,26614N102,146381000.0,3196074,0.016924092909559933
DELL,DELL TECHNOLOGIES INC,24703L202,146223000.0,890894,0.01690582546583629
SBUX,STARBUCKS CORP,855244109,146045000.0,1630143,0.016885245687464086
DUK,DUKE ENERGY CORP NEW,26441C204,145386000.0,1110319,0.01680905426079396
FI,FISERV INC,337738108,143915000.0,2579104,0.0166389820473922
MOG/A,MOOG INC,615394202,143700000.0,491045,0.016614124449920158
IYR,ISHARES TR,464287739,143634000.0,1518964,0.0166064937455799
WM,WASTE MGMT INC DEL,94106L109,143589000.0,624870,0.016601290992620636
TEQI,T ROWE PRICE ETF INC,87283Q206,143343000.0,3184204,0.016572849276443317
STT,STATE STR CORP,857477103,143317000.0,1132400,0.01656984324140019
MAIN,MAIN STR CAP CORP,56035L104,143089000.0,2701830,0.016543482626406578
CPNG,COUPANG INC,22266T109,142933000.0,7570574,0.01652544641614779
ADBE,ADOBE INC,00724F101,142872000.0,587757,0.01651839379546968
PRGO,PERRIGO CO PLC,G97822103,142063000.0,13227410,0.01642485985893533
CRWD,CROWDSTRIKE HLDGS INC,22788C105,141431000.0,362262,0.016351790084040762
CELC,CELCUITY INC,15102K100,141361000.0,1238487,0.016343696912770794
HCA,HCA HEALTHCARE INC,40412C101,140374000.0,296622,0.016229583197864245
AAOI,APPLIED OPTOELECTRONICS INC,03823U102,140107000.0,1656300,0.016198713530305938
HTHT,H WORLD GROUP LTD,44332N106,139492000.0,2773742,0.016127609239862648
VRT,VERTIV HOLDINGS CO,92537N108,139132000.0,555239,0.016085987216188525
KRMN,KARMAN HLDGS INC,485924104,138747000.0,1733245,0.0160414747742037
ULS,UL SOLUTIONS INC,903731107,138684000.0,1618051,0.01603419092006073
AKR,ACADIA RLTY TR,004239109,138679000.0,7253050,0.01603361283639859
VSAT,VIASAT INC,92552V100,138369000.0,3021145,0.015997771649345873
RYTM,RHYTHM PHARMACEUTICALS INC,76243J105,138265000.0,1589797,0.015985747509173347
EQIX,EQUINIX INC,29444U700,137871000.0,140650,0.015940194516596673
REGN,REGENERON PHARMACEUTICALS,75886F107,137051000.0,177379,0.015845388796005618
GDDY,GODADDY INC,380237107,136952000.0,1656607,0.015833942739495236
NCLH,NORWEGIAN CRUISE LINE HLDGS,G66721104,136773000.0,7314044,0.015813247344390602
DLR,DIGITAL RLTY TR INC,253868103,136751000.0,758840,0.015810703776277184
TTWO,TAKE-TWO INTERACTIVE SOFTWAR,874054109,135649000.0,686826,0.015683294137141403
KTOS,KRATOS DEFENSE & SEC SOLUTIO,50077B207,135330000.0,1919300,0.01564641239949683
CNI,CANADIAN NATL RY CO,136375102,134972000.0,1313336,0.015605021609287567
BSX,BOSTON SCIENTIFIC CORP,101137107,134297000.0,2140189,0.015526980314898589
SPG,SIMON PPTY GROUP INC NEW,828806109,133878000.0,717727,0.015478536904011209
ADP,AUTOMATIC DATA PROCESSING IN,053015103,133705000.0,658059,0.015458535209301143
NVO,NOVO-NORDISK A S,670100205,133704000.0,3638182,0.015458419592568717
VRRM,VERRA MOBILITY CORP,92511U102,133628000.0,9351111,0.01544963272090418
TT,TRANE TECHNOLOGIES PLC,G8994E103,133558000.0,320481,0.015441539549634212
TGRW,T ROWE PRICE ETF INC,87283Q305,133441000.0,3295001,0.01542801239194012
HWM,HOWMET AEROSPACE INC,443201108,133181000.0,577892,0.015397952041508811
AKAM,AKAMAI TECHNOLOGIES INC,00971T101,132636000.0,1154861,0.015334940922335488
WDC,WESTERN DIGITAL CORP,958102105,132619000.0,490288,0.015332975437884212
NOC,NORTHROP GRUMMAN CORP,666807102,131362000.0,192544,0.01518764520522207
UAL,UNITED AIRLS HLDGS INC,910047109,130871000.0,1421419,0.015130877389599864
RAL,RALLIANT CORP,750940108,128944000.0,3100359,0.014908083946210888
MEDP,MEDPACE HLDGS INC,58506Q109,128932000.0,268500,0.01490669654542175
ICE,INTERCONTINENTAL EXCHANGE IN,45866F104,128897000.0,819536,0.014902649959786764
GNR,SPDR INDEX SHS FDS,78463X541,128806000.0,1725000,0.01489212883713581
WMB,WILLIAMS COS INC,969457100,128072000.0,1759702,0.01480726615553357
SLB,SLB LIMITED,806857108,128000000.0,2490739,0.014798941750798747
ETN,EATON CORP PLC,G29183103,127032000.0,355164,0.01468702475380833
MOS,MOSAIC CO,61945C103,126954000.0,4978564,0.014678006648678937
VTR,VENTAS INC,92276F100,126896000.0,1551663,0.014671300878198108
LPLA,LPL FINL HLDGS INC,50212V100,126879000.0,421762,0.014669335393746829
SHLS,SHOALS TECHNOLOGIES GROUP IN,82489W107,126729000.0,19259646,0.014651992883882612
TRP,TC ENERGY CORP,87807B107,126365000.0,2018598,0.014609908393278779
ECL,ECOLAB INC,278865100,125879000.0,473193,0.014553718661318714
CEG,CONSTELLATION ENERGY CORP,21037T109,125136000.0,448114,0.014467815429124625
GD,GENERAL DYNAMICS CORP,369550108,124448000.0,362589,0.01438827111721408
MOH,MOLINA HEALTHCARE INC,60855R100,124054000.0,930631,0.014342718124637404
ADBE,ADOBE INC,00724F101,123967000.0,509983,0.014332659468916159
SE,SEA LTD,81141R100,123803000.0,1495016,0.014313698324797947
CARR,CARRIER GLOBAL CORPORATION,14448C104,123570000.0,2194445,0.014286759626142197
NOV,NOV INC,62955J103,123562000.0,6568909,0.014285834692282772
ZWS,ZURN ELKAY WATER SOLNS CORP,98983L108,123512000.0,2754488,0.014280053855661367
STX,SEAGATE TECHNOLOGY HLDNGS PL,G7997R103,123423000.0,315045,0.014269763966475262
AMH,AMERICAN HOMES 4 RENT,02665T306,123088000.0,4408587,0.014231032361111843
N/A,CRH PLC,G25508105,123032000.0,1170389,0.014224557824095872
BX,BLACKSTONE INC,09260D107,122320000.0,1063744,0.014142238710607052
MNST,MONSTER BEVERAGE CORP NEW,61174X109,122265000.0,1687344,0.014135879790323505
WM,WASTE MGMT INC DEL,94106L109,121566000.0,529027,0.014055063694356254
SMA,SMARTSTOP SELF STORAG REIT I,83192D402,121430000.0,4010228,0.014039339818746029
ELF,E L F BEAUTY INC,26856L103,121428000.0,2003426,0.014039108585281176
LTH,LIFE TIME GROUP HOLDINGS INC,53190C102,121338000.0,4504004,0.014028703079362645
A4S,AMERIPRISE FINL INC,03076C106,120076000.0,270196,0.013882794763038362
PNC,PNC FINL SVCS GROUP INC,693475105,119914000.0,576258,0.013864064852385005
ONC,BEONE MEDICINES LTD,07725L102,119651000.0,402903,0.013833657651756412
CRBG,COREBRIDGE FINL INC,21871X109,118882000.0,4982477,0.013744748384519192
BK,BANK NEW YORK MELLON CORP,064058100,118200000.0,996367,0.013665897773003217
ABG,CENCORA INC,03073E105,118170000.0,376168,0.013662429271030374
N/A,KESTRA MED TECHNOLOGIES LTD,G52441105,118157000.0,5928573,0.01366092625350881
KRYS,KRYSTAL BIOTECH INC,501147102,117960000.0,456642,0.013638149757220469
KMI,KINDER MORGAN INC DEL,49456B101,117374000.0,3500539,0.013570398352017597
PWR,QUANTA SVCS INC,74762E102,117354000.0,213750,0.013568086017369033
ADP,AUTOMATIC DATA PROCESSING IN,053015103,117339000.0,577512,0.013566351766382611
COGT,COGENT BIOSCIENCES INC,19240Q201,117319000.0,3048035,0.01356403943173405
IE,IVANHOE ELECTRIC INC,46578C108,117113000.0,9908036,0.013540222384853856
DTE,DTE ENERGY CO,233331107,116476000.0,796579,0.013466574526297147
TECH,BIO-TECHNE CORP,09073M104,116039000.0,2220403,0.013416050014226062
ORLY,OREILLY AUTOMOTIVE INC,67103H107,115863000.0,1255144,0.013395701469318714
AMT,AMERICAN TOWER CORP,03027X100,115660000.0,670180,0.013372231272635805
USB,US BANCORP,902973304,115467000.0,2220075,0.013349917243277179
AYI,ACUITY INC,00508Y102,115188000.0,411061,0.013317660174929736
GPN,GLOBAL PMTS INC,37940X102,115011000.0,1708919,0.013297196013289957
DY,DYCOM INDS INC,267475101,114913000.0,339156,0.013285865573512003
HCC,WARRIOR MET COAL INC,93627C101,114639000.0,1230687,0.0132541865888267
ONTO,ONTO INNOVATION INC,683344105,114625000.0,558955,0.013252567954572707
JCI,JOHNSON CONTROLS INTERNATION,G51502105,114569000.0,874905,0.013246093417556733
TCHP,T ROWE PRICE ETF INC,87283Q107,114206000.0,2585001,0.013204124543685325
KGS,KODIAK GAS SVCS INC,50012A108,113599000.0,1947855,0.01313394518710146
CMCSA,COMCAST CORP NEW,20030N101,113168000.0,3941747,0.013084114375424942
EOG,EOG RES INC,26875P101,112844000.0,780545,0.013046654554118233
CRDO,CREDO TECHNOLOGY GROUP HOLDI,G25457105,112320000.0,1196543,0.012986071386325902
VLO,VALERO ENERGY CORP,91913Y100,111552000.0,451481,0.012897277735821108
CSX,CSX CORP,126408103,110619000.0,2694736,0.012789407324465676
CIGI,COLLIERS INTL GROUP INC,194693107,110575000.0,1034472,0.01278432018823884
FDX,FEDEX CORP,31428X106,110535000.0,310334,0.012779695518941715
SNPS,SYNOPSYS INC,871607107,110050000.0,277567,0.012723621403714079
EQPT,EQUIPMENTSHARE COM INC,29445S100,109997000.0,5399921,0.012717493716895388
CW,CURTISS WRIGHT CORP,231561101,109991000.0,161485,0.012716800016500822
MMM,3M CO,88579Y101,109763000.0,755785,0.012690439401507209
IBN,ICICI BANK LIMITED,45104G104,109696000.0,4235356,0.012682693080434527
CDNS,CADENCE DESIGN SYSTEM INC,127387108,108947000.0,392076,0.012596096147845867
MELI,MERCADOLIBRE  INC,58733R102,108865000.0,62963,0.012586615575786763
GLUE,MONTE ROSA THERAPEUTICS INC,61225M102,108678000.0,6606505,0.012564995246822704
TOST,TOAST INC,888787108,107972000.0,4072870,0.012483369833728457
T,AT&T INC,00206R102,106855000.0,3685909,0.01235422594360625
BWXT,BWX TECHNOLOGIES INC,05605H100,106803000.0,522286,0.012348213873519987
CMI,CUMMINS INC,231021106,106717000.0,198351,0.012338270834531172
HMN,HORACE MANN EDUCATORS CORP N,440327104,106709000.0,2500190,0.012337345900671745
BAC,VERIZON COMMUNICATIONS INC,92343V104,106433000.0,2120173,0.012305435682521584
SHW,SHERWIN WILLIAMS CO,824348106,106243000.0,331439,0.012283468503360243
VIST,VISTA ENERGY S.A.B. DE C.V.,92837L109,105948000.0,1403833,0.012249361567293948
HCA,HCA HEALTHCARE INC,40412C101,105862000.0,223695,0.012239418528305134
PSX,PHILLIPS 66,718546104,105704000.0,580216,0.012221151084581489
MDLZ,MONDELEZ INTL INC,609207105,105634000.0,1832641,0.012213057913311521
NPO,ENPRO INC,29355X107,105597000.0,421290,0.012208780094211683
WST,WEST PHARMACEUTICAL SVSC INC,955306105,105535000.0,421061,0.012201611856801138
CMI,CUMMINS INC,231021106,105124000.0,195389,0.012154093379773185
EMR,EMERSON ELEC CO,291011104,104965000.0,801132,0.012135710319317112
NKE,NIKE INC,654106103,104873000.0,1985468,0.012125073579933726
FND,FLOOR & DECOR HLDGS INC,339750101,104467000.0,2056429,0.012078133186567912
AZO,AUTOZONE INC,053332102,104364000.0,30897,0.012066224663127817
RDDT,REDDIT INC,75734B100,103974000.0,772175,0.01202113413748085
MPC,MARATHON PETE CORP,56585A102,103605000.0,424295,0.011978471563214875
UPS,UNITED PARCEL SVCS INC,911312106,103439000.0,1051419,0.01195927918563181
XP,XP INC,G98239109,103028000.0,5411084,0.011911760708603853
D,DOMINION ENERGY INC,25746U109,102891000.0,1664364,0.011895921216261202
MSI,MOTOROLA SOLUTIONS INC,620076307,102753000.0,236774,0.011879966107186122
BZ,KANZHUN LIMITED,48553T106,102588000.0,7661498,0.011860889346335482
MAR,MARRIOTT INTL INC NEW,571903202,102289000.0,312743,0.011826319943339476
CI,THE CIGNA GROUP,125523100,100956000.0,378463,0.011672202839012798
ROST,ROSS STORES INC,778296103,100785000.0,465238,0.011652432377767592
SO 7.125 12/15/28 A,SOUTHERN CO,842587842,100776000.0,1960616,0.011651391827175738
N/A,CRH PLC,G25508105,100733000.0,958260,0.01164642030768133
AEP,AMERICAN ELEC PWR CO INC,025537101,100389000.0,765854,0.011606648151726058
IQ,IQIYI INC,46267X108,100064000.0,74120983,0.01156907271368692
HLT,HILTON WORLDWIDE HLDGS INC,43300A203,99739000.0,328001,0.011531497275647782
HUN,HUNTSMAN CORP,447011107,99202000.0,7453155,0.011469411090333885
UUUU,ENERGY FUELS INC,292671708,98969000.0,5422910,0.011442472391678133
RCL,ROYAL CARIBBEAN GROUP,V7780T103,98866000.0,359276,0.011430563868238038
AON,AON PLC,G0403H108,98866000.0,306295,0.011430563868238038
CL,COLGATE PALMOLIVE CO,194162103,98796000.0,1159164,0.011422470696968069
ALHC,ALIGNMENT HEALTHCARE INC,01625V104,97397000.0,5527603,0.011260722888301137
WBD,WARNER BROS DISCOVERY INC,934423104,97276000.0,3542433,0.011246733263677335
ECL,ECOLAB INC,278865100,97047000.0,364808,0.011220257031951297
ITW,ILLINOIS TOOL WKS INC,452308109,97032000.0,372781,0.011218522780964874
IRON,DISC MEDICINE INC,254604101,96736000.0,1512904,0.011184300228166154
DRI,DARDEN RESTAURANTS INC,237194105,96669000.0,493108,0.01117655390709347
GPCR,STRUCTURE THERAPEUTICS INC,86366E106,96434000.0,2000696,0.011149383974972863
MCO,MOODYS CORP,615369105,96129000.0,220353,0.011114120871582287
GM,GENERAL MTRS CO,37045V100,96009000.0,1288707,0.011100246863690913
LHX,L3HARRIS TECHNOLOGIES INC,502431109,95946000.0,277983,0.011092963009547941
FAST,FASTENAL CO,311900104,95562000.0,2059511,0.011048566184295545
CYTK,CYTOKINETICS INC,23282W605,95460000.0,1448329,0.011036773277587878
FROG,JFROG LTD,M6191J100,94754000.0,2019029,0.01095514786449363
CPNG,COUPANG INC,22266T109,94642000.0,5012804,0.01094219879046168
PINS,PINTEREST INC,72352L106,94321000.0,5142863,0.010905085819352255
TDG,TRANSDIGM GROUP INC,893641100,94156000.0,81241,0.010886009058501615
KMI,KINDER MORGAN INC DEL,49456B101,94081000.0,2805860,0.010877337803569507
LLYVK,LIBERTY LIVE HOLDINGS INC,530909308,93982000.0,998638,0.010865891747059124
ELV,ELEVANCE HEALTH INC FORMERLY,036752103,93325000.0,318785,0.01078993155385385
PRIM,PRIMORIS SVCS CORP,74164F103,93198000.0,651548,0.010775248228835481
ALL,ALLSTATE CORP,020002101,92876000.0,447937,0.010738019640993628
DNTH,DIANTHUS THERAPEUTICS INC,252828108,92861000.0,1106535,0.010736285390007207
APD,AIR PRODUCTS AND CHEMICALS I,009158106,92382000.0,318019,0.010680904975174139
NSC,NORFOLK SOUTHN CORP,655844108,92323000.0,321682,0.01067408358796088
EPAM,EPAM SYS INC,29414B104,92129000.0,680418,0.010651653941869826
KKR,KKR & CO INC,48251W104,91684000.0,991177,0.010600204495939314
NXST,NEXSTAR MEDIA GROUP INC,65336K103,91574000.0,506407,0.010587486655372222
AIT,APPLIED INDL TECHNOLOGIES IN,03820C105,91568000.0,345120,0.010586792954977654
SRE,SEMPRA,816851109,91214000.0,938697,0.0105458646316981
TEL,TE CONNECTIVITY PLC,G87052109,91190000.0,436272,0.010543089830119826
APGE,APOGEE THERAPEUTICS INC,03770N101,90965000.0,1080718,0.0105170760653235
TRV,TRAVELERS COMPANIES INC,89417E109,90297000.0,309574,0.010439844088061518
CDNS,CADENCE DESIGN SYSTEM INC,127387108,87475000.0,314804,0.010113573669149377
CTVA,CORTEVA INC,22052L104,87030000.0,1039654,0.010062124223218866
PCAR,PACCAR INC,693718108,86784000.0,751370,0.010033682507041551
QXO,QXO INC,82846H405,86629000.0,4460773,0.010015761913515194
BKR,BAKER HUGHES COMPANY,05722G100,86608000.0,1418632,0.010013333962134201
SPG,SIMON PPTY GROUP INC NEW,828806109,86527000.0,463872,0.010003969006807525
EVR,EVERCORE INC,29977A105,86274000.0,289015,0.009974717973503211
BDX,BECTON DICKINSON & CO,075887109,86261000.0,548629,0.009973214955981646
MRVL,MARVELL TECHNOLOGY INC,573874104,86016000.0,868409,0.009944888856536757
BRKR,BRUKER CORP,116794108,85834000.0,2376330,0.00992384661123484
IQV,IQVIA HLDGS INC,46266C105,85691000.0,502468,0.009907313418497621
BIIB,BIOGEN INC,09062X103,84986000.0,463564,0.009825803622135799
FSS,FEDERAL SIGNAL CORP,313855108,84892000.0,785016,0.009814935649287556
HEI,HEICO CORP NEW,422806109,84669000.0,308782,0.009789153117956088
MAT,MATTEL INC,577081102,83963000.0,5778574,0.009707527704861836
TS,TENARIS S A,88031M109,83755000.0,1439578,0.00968347942451679
ELS,EQUITY LIFESTYLE PROPERTIES,29472R108,83415000.0,1336337,0.009644169735491231
DLR,DIGITAL RLTY TR INC,253868103,83366000.0,462600,0.009638504515602253
6RJ0,ROCKET LAB CORP,773121108,83216000.0,1295792,0.009621162005738034
MRX,MAREX GROUP PLC,G5S37H101,83159000.0,1865385,0.009614571851989632
TFC,TRUIST FINL CORP,89832Q109,82965000.0,1804752,0.009592142205898579
ADSK,AUTODESK INC,052769106,82598000.0,345019,0.00954971086509746
AGI,ALAMOS GOLD INC,011532108,82537000.0,1857680,0.009542658244419345
MRVL,MARVELL TECHNOLOGY INC,573874104,82239000.0,830270,0.009508204458155766
BOOT,BOOT BARN HLDGS INC,099406100,81729000.0,558406,0.009449239924617428
CIT,CINTAS CORP,172908105,81531000.0,482027,0.009426347811596661
OKE,ONEOK INC NEW,682680103,81275000.0,899154,0.009396749928095064
ROAD,CONSTRUCTION PARTNERS INC,21044C107,81237000.0,731069,0.009392356492262796
AJG,GALLAGHER ARTHUR J & CO,363576109,80223000.0,370404,0.009275121125580687
DASH,DOORDASH INC,25809K105,80024000.0,532958,0.009252113395827492
NKE,NIKE INC,654106103,79960000.0,1513802,0.009244713924952092
O,REALTY INCOME CORP,756109104,79772000.0,1303888,0.009222977979255606
CIEN,CIENA CORP,171779309,79559000.0,204925,0.009198351615248417
UNF,UNIFIRST CORP MASS,904708104,78763000.0,313060,0.009106320696235638
EGP,EASTGROUP PPTYS INC,277276101,78560000.0,424438,0.00908285049955273
TGT,TARGET CORP,87612E106,78475000.0,647477,0.00907302307729634
MPWR,MONOLITHIC PWR SYS INC,609839105,78081000.0,71414,0.009027470084719665
TRGP,TARGA RES CORP,87612G101,77937000.0,310837,0.009010821275250014
HOOD,ROBINHOOD MKTS INC,770700102,77872000.0,1123693,0.009003306187642187
SNY,SANOFI SA,80105N105,77696000.0,1612616,0.008982957642734839
PDD,PDD HOLDINGS INC,722304102,77424000.0,757719,0.008951509891514392
CAI,CARIS LIFE SCIENCES INC,142152107,77325000.0,4324649,0.008940063835004008
APPF,APPFOLIO INC,03783C100,77164000.0,488936,0.008921449541083083
LYB,LYONDELLBASELL INDUSTRIES NV,N53745100,77070000.0,956676,0.008910581568234838
ABVX,ABIVAX SA,00370M103,77018000.0,691670,0.008904569498148577
FICO,FAIR ISAAC CORP,303250104,76785000.0,71927,0.008877630799492825
ABNB,AIRBNB INC,009066101,76593000.0,606533,0.008855432386866629
FAST,FASTENAL CO,311900104,76556000.0,1649902,0.008851154567766788
AA,ALCOA CORP,013872106,76413000.0,1152011,0.008834621375029567
SYRE,SPYRE THERAPEUTICS INC,00773J202,76201000.0,1510721,0.008810110627754808
KOD,KODIAK SCIENCES INC,50015M109,76197000.0,1998857,0.008809648160825094
RPRX,ROYALTY PHARMA PLC,G7709Q104,75746000.0,1579017,0.008757505014500015
AFL,AFLAC INC,001055102,75731000.0,690275,0.008755770763513592
DPZ,DOMINOS PIZZA INC,25754A201,75578000.0,210646,0.008738081403452091
FBP,FIRST BANCORP CORPORATION,318672706,75578000.0,3538260,0.008738081403452091
TPG,TPG INC,872657101,74878000.0,1848367,0.00865714969075241
FIGR,FIGURE TECHNOLOGY SOLUTIO,349381103,74628000.0,2198168,0.008628245507645382
VICI,VICI PPTYS INC,925652109,74466000.0,2725680,0.008609515596992027
PATK,PATRICK INDS INC,703343103,74421000.0,670031,0.008604312844032761
FTNT,FORTINET INC,34959E109,74066000.0,906330,0.00856326890402078
QQQ,INVESCO QQQ TR,46090E103,73981000.0,128176,0.00855344148176439
UBER,UBER TECHNOLOGIES INC,90353T100,73952000.0,1028099,0.008550088596523977
FRT,FEDERAL RLTY INVT TR NEW,313745101,73850000.0,695318,0.00853829568981631
APO,APOLLO GLOBAL MGMT INC,03769M106,73782000.0,662196,0.008530433752011197
FANG,DIAMONDBACK ENERGY INC,25278X109,73765000.0,372946,0.00852846826755992
MNST,MONSTER BEVERAGE CORP NEW,61174X109,73752000.0,1017824,0.008526965250038354
XENE,XENON PHARMACEUTICALS INC,98420N105,73709000.0,1267560,0.008521993730543943
EXPE,EXPEDIA GROUP INC,30212P303,73557000.0,318577,0.00850441998721487
SKWD,SKYWARD SPECIALTY INS GROUP,830940102,73426000.0,1680982,0.008489274195266787
FTAI,FTAI AVIATION LTD,G3730V105,73154000.0,298584,0.00845782644404634
FMF,FORMFACTOR INC,346375108,73138000.0,754073,0.008455976576327491
ETR,ENTERGY CORP NEW,29364G103,73008000.0,649765,0.008440946401111836
ADSK,AUTODESK INC,052769106,72461000.0,302676,0.008377704048473655
GWW,WW GRAINGER INC,384802104,72384000.0,66358,0.00836880156007669
LITE,LUMENTUM HLDGS INC,55024U109,72262000.0,102826,0.008354696318720461
BILL,BILL HOLDINGS INC,090043100,72237000.0,1886063,0.008351805900409758
PEO,EXELON CORP,30161N101,72004000.0,1468852,0.008324867201754007
TURF,T ROWE PRICE ETF INC,87283Q743,71851000.0,2050000,0.008307177841692506
EQX,EQUINOX GOLD CORP,29446Y502,71666000.0,4956183,0.008285788746193306
AME,AMETEK INC,031100100,71281000.0,332529,0.00824127630420848
ZTS,ZOETIS INC,98978V103,71260000.0,602822,0.00823884835282749
NXPI,NXP SEMICONDUCTORS N V,N6596X109,71235000.0,361852,0.008235957934516787
TECK,TECK RESOURCES LTD,878742204,71054000.0,1373023,0.008215031305947298
CAH,CARDINAL HEALTH INC,14149Y108,70696000.0,334559,0.008173640515738033
MRCY,MERCURY SYS INC,589378108,70638000.0,968830,0.008166934745257202
ALMS,ALUMIS INC,022307102,70504000.0,3200339,0.008151442103111833
KEYS,KEYSIGHT TECHNOLOGIES INC,49338L103,70406000.0,249336,0.00814011166333388
BIRK,BIRKENSTOCK HOLDING PLC,M2029K104,70108000.0,1956680,0.0081056578770703
FIX,COMFORT SYS USA INC,199908104,70048000.0,50796,0.008098720873124614
DELL,DELL TECHNOLOGIES INC,24703L202,70044000.0,426755,0.008098258406194903
AIV,APARTMENT INVT & MGMT CO,03748R747,69829000.0,17156764,0.008073400808722857
SN,SHARKNINJA INC,G8068L108,69488000.0,656159,0.00803397550296487
CUBE,CUBESMART,229663109,69247000.0,1889410,0.008006111870449693
VST,VISTRA CORP,92840M102,69113000.0,459737,0.007990619228304326
ARM,ARM HOLDINGS PLC,042068205,68623000.0,453612,0.00793396702941455
GNRC,GENERAC HLDGS INC,368736104,68511000.0,350744,0.007921017955382602
AEIS,ADVANCED ENERGY INDS,007973100,68430000.0,212047,0.007911653000055923
POWI,POWER INTEGRATIONS INC,739276103,68284000.0,1333656,0.00789477295712142
SCCO,SOUTHERN COPPER CORP,84265V105,68200000.0,396371,0.007885061151597457
TDVG,T ROWE PRICE ETF INC,87283Q404,68061000.0,1525001,0.00786899042578995
XEL,XCEL ENERGY INC,98389B100,67805000.0,853528,0.007839392542288352
WULF,TERAWULF INC,88080T104,67672000.0,4689667,0.007824015516875412
TTAN,SERVICETITAN INC,81764X103,67208000.0,1059052,0.007770369353028767
ORIC,ORIC PHARMACEUTICALS INC,68622P109,66963000.0,5285130,0.007742043253583878
TER,TERADYNE INC,880770102,66546000.0,224467,0.007693831076161355
AFRM,AFFIRM HLDGS INC,00827B106,66238000.0,1445606,0.0076582211225734945
EW,EDWARDS LIFESCIENCES CORP,28176E108,65929000.0,823286,0.0076224955522532075
OXY,OCCIDENTAL PETE CORP,674599105,65775000.0,1011915,0.007604690575459278
URI,UNITED RENTALS INC,911363109,65765000.0,90266,0.0076035344081349975
EA,ELECTRONIC ARTS INC,285512109,65712000.0,322319,0.007597406721316307
NRG,NRG ENERGY INC,629377508,65691000.0,449505,0.007594978769935316
TPR,TAPESTRY INC,876030107,65172000.0,461852,0.007534973685805125
ELAN,ELANCO ANIMAL HEALTH INC,28414H103,65135000.0,2721871,0.007530695866705284
PCTY,PAYLOCITY HLDG CORP,70438V106,64584000.0,597777,0.007466991047137392
SBUX,STARBUCKS CORP,855244109,64576000.0,720793,0.007466066113277967
OSIS,OSI SYSTEMS INC,671044105,64385000.0,242493,0.007443983317384198
F,FORD MTR CO,345370860,64315000.0,5573149,0.00743589014611423
IDXX,IDEXX LABS INC,45168D104,64094000.0,114068,0.007410338848247616
CVNA,CARVANA CO,146869102,63953000.0,203425,0.0073940368889752525
CARR,CARRIER GLOBAL CORPORATION,14448C104,63911000.0,1134968,0.00738918098621327
LNTH,LANTHEUS HLDGS INC,516544103,63570000.0,838097,0.0073497556804552845
CLDX,CELLDEX THERAPEUTICS INC NEW,15117B202,63315000.0,1996047,0.007320273413686114
CPT,CAMDEN PPTY TR,133131102,63101000.0,646125,0.007295531432946497
COHR,COHERENT CORP,19247G107,63002000.0,264480,0.007284085376436114
NET,CLOUDFLARE INC,18915M107,62810000.0,304397,0.007261886963809917
RSG,REPUBLIC SVCS INC,760759100,62318000.0,284529,0.007205003531455284
SUI,SUN CMNTYS INC,866674104,62141000.0,493333,0.007184539369815507
BX,BLACKSTONE INC,09260D107,61919000.0,538464,0.007158872455216465
WVE,WAVE LIFE SCIENCES LTD,Y95308105,61715000.0,8512365,0.00713528664180113
YUM,YUM BRANDS INC,988498101,61647000.0,396490,0.007127424703996018
BEAM,BEAM THERAPEUTICS INC,07373V105,61572000.0,2583771,0.0071187534490639096
DAL,DELTA AIR LINES INC,247361702,61341000.0,922692,0.007092045983873015
PSA,PUBLIC STORAGE OPER CO,74460D109,61296000.0,226282,0.007086843230913751
REPL,REPLIMUNE GROUP INC,76029N106,60982000.0,7971382,0.007050539576931321
ED,CONSOLIDATED EDISON INC,209115104,60936000.0,538399,0.007045221207239629
STOK,STOKE THERAPEUTICS INC,86150R107,60874000.0,1869592,0.007038052969829086
VRDN,VIRIDIAN THERAPEUTICS INC,92790C104,60754000.0,3105999,0.0070241789619377125
AVB,AVALONBAY CMNTYS INC,053484101,60696000.0,371569,0.007017473191456881
WAB,WABTEC,929740108,60673000.0,242777,0.007014814006611034
VIST,VISTA ENERGY S.A.B. DE C.V.,92837L109,60606000.0,803041,0.0070070676855383505
EQR,EQUITY RESIDENTIAL,29476L107,60557000.0,1023781,0.007001402465649372
GGAL,GRUPO FINANCIERO GALICIA S.A,399909100,60528000.0,1295814,0.006998049580408957
FITB,FIFTH THIRD BANCORP,316773100,60369000.0,1299367,0.006979666519952888
CPNG,COUPANG INC,22266T109,60353000.0,3196636,0.006977816652234037
MP,MP MATERIALS CORP,553368101,60237000.0,1248157,0.006964405111272375
CMG,CHIPOTLE MEXICAN GRILL INC,169656105,60103000.0,1877624,0.006948912469127009
KR,KROGER CO,501044101,59876000.0,827471,0.006922667470865827
PYPL,PAYPAL HLDGS INC,70450Y103,59870000.0,1323661,0.006921973770471258
IMNM,IMMUNOME INC,45257U108,59814000.0,2734934,0.006915499233455283
HQY,HEALTHEQUITY INC,42226A107,59354000.0,710222,0.006862315536538351
UTI,UNIVERSAL TECHNICAL INST INC,913915104,59184000.0,1639429,0.006842660692025571
UMBF,UMB FINL CORP,902788108,58861000.0,521857,0.006805316487451289
EBA,EBAY INC.,278642103,58820000.0,646222,0.006800576201421736
ONON,ON HLDG AG,H5919C104,58443000.0,1717893,0.006756988693296337
REXR,REXFORD INDL RLTY INC,76169C100,58109000.0,1775376,0.006718372704665347
ROK,ROCKWELL AUTOMATION INC,773903109,57956000.0,161489,0.006700683344603845
LNG,CHENIERE ENERGY INC,16411R208,57892000.0,204015,0.006693283873728446
RMD,RESMED INC,761152107,57863000.0,257764,0.00668993098848803
AIG,AMERICAN INTL GROUP INC,026874784,57856000.0,768846,0.006689121671361034
BLLN,BILLIONTOONE INC,090168105,57796000.0,732145,0.006682184667415347
EQT,EQT CORP,26884L109,57764000.0,907667,0.006678484931977647
A4S,AMERIPRISE FINL INC,03076C106,57635000.0,129690,0.006663570373494421
ODFL,OLD DOMINION FREIGHT LINE IN,679580100,57479000.0,294158,0.006645534163235634
PEG,PUBLIC SVC ENTERPRISE GROUP,744573106,57468000.0,709909,0.006644262379178924
MSCI,MSCI INC,55354G100,56806000.0,105389,0.006567724102311512
SMA,SMARTSTOP SELF STORAG REIT I,83192D402,56434000.0,1863721,0.006524714677848254
MET,METLIFE INC,59156R108,56245000.0,795309,0.00650286311541934
AHR,AMERICAN HEALTHCARE REIT INC,398182303,56043000.0,1188340,0.00647950853546886
FSLY,FASTLY INC,31188V100,55967000.0,1925892,0.0064707216638043245
COIN,COINBASE GLOBAL INC,19260Q107,55957000.0,320463,0.006469565496480043
DXCM,DEXCOM INC,252131107,55911000.0,890296,0.006464247126788349
CBRE,CBRE GROUP INC,12504L109,55888000.0,412576,0.006461587941942504
ARWR,ARROWHEAD PHARMACEUTICALS IN,04280A100,55845000.0,890662,0.006456616422448094
PCG,PG&E CORP,69331C108,55777000.0,3174508,0.006448754484642982
DDOG,DATADOG INC,23804L103,55694000.0,471781,0.006439158295851448
ESE,ESCO TECHNOLOGIES INC,296315104,55392000.0,196862,0.0064042420426581575
VTR,VENTAS INC,92276F100,55295000.0,676136,0.006393027219612631
MMYT,MAKEMYTRIP LIMITED MAURITIUS,V5633W109,54629000.0,1464975,0.006316026475815506
ALAB,ASTERA LABS INC,04626A103,54259000.0,495063,0.0062732482848171026
HIG,HARTFORD INSURANCE GROUP INC,416515104,54183000.0,400667,0.006264461413152567
ROP,ROPER TECHNOLOGIES INC,776696106,54035000.0,152700,0.006247350136753206
NDAQ,NASDAQ INC,631103108,53800000.0,633757,0.006220180204632599
GRMN,GARMIN LTD,H2906T109,53722000.0,231548,0.006211162099503205
FLEX,FLEXTRONICS INTL LTD,Y2573F102,53391000.0,815614,0.006172892961069499
ADM,ARCHER DANIELS MIDLAND CO,039483102,53346000.0,733875,0.006167690208110235
WEC,WEC ENERGY GROUP INC,92939U106,53328000.0,460637,0.006165609106926528
DHI,D R HORTON INC,23331A109,53036000.0,386503,0.0061318490210575186
BABA,ALIBABA GROUP HLDG LTD,01609W102,52887000.0,421544,0.006114622127925729
CDE,COEUR MNG INC,192108504,52426000.0,2793026,0.006061322814276368
DEI,DOUGLAS EMMETT INC,25960P109,52114000.0,5532240,0.006025250393758796
RGLD,ROYAL GOLD INC,780287108,51871000.0,203823,0.005997155527778764
PEB,PEBBLEBROOK HOTEL TR,70509V100,51711000.0,4094255,0.0059786568505902655
ATGE,COVISTA INC,00737L103,51696000.0,448552,0.005976922599603844
VMI,VALMONT INDS INC,920253101,51639000.0,129234,0.005970332445855441
VMC,VULCAN MATLS CO,929160109,51576000.0,189406,0.00596304859171247
ENVA,ENOVA INTL INC,29357K103,51530000.0,379371,0.005957730222020776
KDP,KEURIG DR PEPPER INC,49271V100,51529000.0,1957020,0.005957614605288349
TPL,TEXAS PACIFIC LAND CORPORATI,88262P102,51447000.0,108408,0.005948134033229243
REG,REGENCY CTRS CORP,758849103,51388000.0,679196,0.0059413126460159844
STT,STATE STR CORP,857477103,51317000.0,405468,0.0059331038580135885
MLM,MARTIN MARIETTA MATLS INC,573284106,51078000.0,86766,0.005905471458963268
WTRG,ESSENTIAL UTILS INC,29670G102,51067000.0,1268107,0.005904199674906559
AGI,ALAMOS GOLD INC,011532108,50872000.0,1144972,0.005881654412083077
WWD,WOODWARD INC,980745103,50718000.0,141702,0.005863849435289147
AXTI,AXT INC,00246W103,50701000.0,889793,0.005861883950837869
8CW,CROWN CASTLE INC,22822V101,50600000.0,622303,0.0058502066608626295
ESS,ESSEX PPTY TR INC,297178105,50210000.0,207476,0.005805116135215665
CASY,CASEYS GEN STORES INC,147528103,50122000.0,68861,0.005794941862761991
LAUR,LAUREATE ED INC,518613203,50030000.0,1435978,0.005784305123378604
CBOE,CBOE GLOBAL MKTS INC,12503M108,49987000.0,177845,0.005779333603884195
APLE,APPLE HOSPITALITY REIT INC,03784Y200,49733000.0,4320819,0.005749966953847454
MCHP,MICROCHIP TECHNOLOGY INC.,595017104,49630000.0,768142,0.005738058430407358
SNOW,SNOWFLAKE INC,833445109,49357000.0,327256,0.005706495062454482
ZTS,ZOETIS INC,98978V103,49089000.0,415266,0.0056755097781637474
SYY,SYSCO CORP,871829107,48850000.0,684834,0.005647877379113428
UEC,URANIUM ENERGY CORP,916896103,48767000.0,3612323,0.005638281190321894
FTDR,FRONTDOOR INC,35905A109,48747000.0,922175,0.0056359688556733315
PVLA,PALVELLA THERAPEUTICS INC NE,697947109,48731000.0,390942,0.005634118987954483
ACGL,ARCH CAP GROUP LTD,G0450A105,48669000.0,507019,0.005626950750543939
INCY,INCYTE CORP,45337C102,48613000.0,516499,0.0056204762135279645
NRIX,NURIX THERAPEUTICS INC,67080M103,48588000.0,3134702,0.005617585795217262
AEHR,AEHR TEST SYS,00760J108,48539000.0,1309011,0.005611920575328284
ALB,ALBEMARLE CORP,012653101,48538000.0,270356,0.005611804958595856
TTWO,TAKE-TWO INTERACTIVE SOFTWAR,874054109,48492000.0,245526,0.005606486588904162
RMD,RESMED INC,761152107,48231000.0,214855,0.005576310621740424
OCUL,OCULAR THERAPEUTIX INC,67576A100,48118000.0,5680935,0.005563245930976048
CUBI,CUSTOMERS BANCORP INC,23204G100,48086000.0,692774,0.005559546195538348
KIM,KIMCO REALTY CORP,49446R109,47977000.0,2135115,0.005546943971703684
PRU,PRUDENTIAL FINL INC,744320102,47915000.0,490480,0.0055397757342931404
PCVX,VAXCYTE INC,92243G108,47866000.0,823708,0.0055341105144041626
FTI,TECHNIPFMC PLC,G87110105,47812000.0,691620,0.005527867210853045
AXON,AXON ENTERPRISE INC,05464C101,47790000.0,112529,0.005525323642739626
XYZ,BLOCK INC,852234103,47726000.0,793045,0.005517924171864226
JBHT,HUNT J B TRANS SVCS INC,445658107,47689000.0,225052,0.005513646352764386
EME,EMCOR GROUP INC,29084Q100,47653000.0,64542,0.005509484150396974
KVUE,KENVUE INC,49177J102,47485000.0,2754318,0.00549006053934905
ROKU,ROKU INC,77543R102,47384000.0,500779,0.005478383249373811
AKR,ACADIA RLTY TR,004239109,47321000.0,2474931,0.00547109939523084
TENX,TENAX THERAPEUTICS INC,88032L605,47189000.0,2951116,0.005455837986550328
KAI,KADANT INC,48282T104,47140000.0,161242,0.00545017276666135
ANF,ABERCROMBIE & FITCH CO,002896207,46736000.0,511500,0.005403463606760393
AMBA,AMBARELLA INC,G037AX101,46681000.0,906864,0.0053971046864768465
SATS,ECHOSTAR CORP,278768106,46643000.0,398417,0.005392711250644578
COMP,COMPASS INC,20464U100,46295000.0,6333005,0.0053524766277595935
GEHC,GE HEALTHCARE TECHNOLOGIES I,36266G107,46247000.0,649714,0.005346927024603044
AG8,AGILENT TECHNOLOGIES INC,00846U101,46129000.0,404711,0.005333284250176526
TRNO,TERRENO RLTY CORP,88146M101,46036000.0,749517,0.005322531894060712
HBAN,HUNTINGTON BANCSHARES INC,446150104,45999000.0,2939183,0.005318254074960871
KMB,KIMBERLY-CLARK CORP,494368103,45987000.0,476688,0.005316866674171734
MAR,MARRIOTT INTL INC NEW,571903202,45940000.0,140457,0.005311432687747613
UFPT,UFP TECHNOLOGIES INC,902673102,45822000.0,236683,0.005297789913321095
PAYO,PAYONEER GLOBAL INC,70451X104,45760000.0,9473977,0.005290621675910552
BCO,BRINKS CO,109696104,45759000.0,441559,0.005290506059178124
HAL,HALLIBURTON CO,406216101,45644000.0,1170644,0.005277210134948891
BALL,BALL CORP,058498106,45583000.0,771141,0.005270157514270775
CPAY,CORPAY INC,219948106,45515000.0,156412,0.0052622955764656636
BYD,BOYD GAMING CORP,103304101,45104000.0,548834,0.005214777099437708
HPE,HEWLETT PACKARD ENTERPRISE C,42824C109,44984000.0,1889278,0.0052009030915463345
DVN,DEVON ENERGY CORP NEW,25179M103,44934000.0,892965,0.005195122254924929
BLTE,BELITE BIO INC,07782B104,44931000.0,281805,0.005194775404727644
TDY,TELEDYNE TECHNOLOGIES INC,879360105,44883000.0,74184,0.005189225801571095
USAR,USA RARE EARTH INC,91733P107,44834000.0,2962247,0.005183560581682118
SW,SMURFIT WESTROCK PLC,G8267P108,44763000.0,1123272,0.005175351793679722
MTB,M & T BK CORP,55261F104,44558000.0,215543,0.005151650363531958
ITRI,ITRON INC,465741106,44397000.0,495333,0.005133036069611031
ARE,ALEXANDRIA REAL ESTATE EQ IN,015271109,44307000.0,954463,0.0051226305636925
NRG,NRG ENERGY INC,629377508,44151000.0,302114,0.005104594353433714
DNLI,DENALI THERAPEUTICS INC,24823R105,43988000.0,2290994,0.0050857488260479325
AEE,AMEREN CORP,023608102,43871000.0,399114,0.005072221668353842
FERG,FERGUSON ENTERPRISES INC,31488V107,43709000.0,187380,0.005053491757700488
DTE,DTE ENERGY CO,233331107,43673000.0,298675,0.0050493295553330755
AMG,AFFILIATED MANAGERS GROUP,008252108,43491000.0,157176,0.005028287310031158
IR,INGERSOLL RAND INC,45687V106,43431000.0,542073,0.005021350306085471
ATO,ATMOS ENERGY CORP,049560105,43398000.0,234938,0.005017534953915344
IRM,IRON MTN INC DEL,46284V101,43373000.0,424639,0.005014644535604641
COIN,COINBASE GLOBAL INC,19260Q107,43240000.0,247636,0.004999267510191701
HSY,HERSHEY CO,427866108,43207000.0,207834,0.004995452158021574
CAG,CONAGRA BRANDS INC,205887102,43066000.0,2739557,0.00497915019874921
AZZ,AZZ INC,002474104,42976000.0,343448,0.00496874469283068
IBKR,INTERACTIVE BROKERS GROUP IN,45841N107,42949000.0,640357,0.00496562304105512
XYL,XYLEM INC,98419M100,42948000.0,359391,0.0049655074243226925
CBC,CENTRAL BANCOMPANY,152413100,42947000.0,1793175,0.004965391807590264
FI,FISERV INC,337738108,42853000.0,767958,0.004954523834742021
DOW,DOW HLDGS INC,260557103,42817000.0,1028010,0.004950361632374609
CPRT,COPART INC,217204106,42669000.0,1285199,0.004933250355975248
GMED,GLOBUS MED INC,379577208,42523000.0,493524,0.004916370313040743
OTIS,OTIS WORLDWIDE CORP,68902V107,42418000.0,550301,0.004904230556135791
UAL,UNITED AIRLS HLDGS INC,910047109,42281000.0,459217,0.00488839106379314
N/A,CARNIVAL CORP,G2004J103,42191000.0,1630247,0.004877985557874609
PAYX,PAYCHEX INC,704326107,42112000.0,457142,0.004868851836012788
CBOE,CBOE GLOBAL MKTS INC,12503M108,41807000.0,148739,0.004833588732622213
VICI,VICI PPTYS INC,925652109,41790000.0,1529616,0.0048316232481709345
OII,OCEANEERING INTL INC,675232102,41703000.0,1175725,0.004821564592449689
WAT,WATERS CORP,941848103,41702000.0,140032,0.00482144897571726
CRVS,CORVUS PHARMACEUTICALS INC,221015100,41680000.0,2848939,0.004818905407603842
CTSH,COGNIZANT TECHNOLOGY SOLUTIO,192446102,41668000.0,679181,0.004817518006814705
ALNY,ALNYLAM PHARMACEUTICALS INC,02043Q107,41441000.0,125246,0.004791273008553523
AROC,ARCHROCK INC,03957W106,41299000.0,1186745,0.00477485543254873
AGX,ARGAN INC,04010E109,41285000.0,75800,0.004773236798294737
ZGN,ERMENEGILDO ZEGNA N V,N30577105,41223000.0,3956110,0.004766068560884193
NEU,NEWMARKET CORP,651587107,41119000.0,64152,0.004754044420711669
IQV,IQVIA HLDGS INC,46266C105,40833000.0,239432,0.004720978035237228
PPL,PPL CORP,69351T106,40665000.0,1064509,0.004701554424189305
ONC,BEONE MEDICINES LTD,07725L102,40646000.0,136866,0.0046993577062731705
TPR,TAPESTRY INC,876030107,40505000.0,287044,0.004683055747000807
DOV,DOVER CORP,260003108,40489000.0,194237,0.004681205879281957
TOL,TOLL BROTHERS INC,889478103,40440000.0,296327,0.004675540659392979
MMSI,MERIT MED SYS INC,589889104,40406000.0,586175,0.004671609690490423
SBSW,SIBANYE STILLWATER LTD,82575P107,40396000.0,3278887,0.004670453523166142
CVCO,CAVCO INDS INC DEL,149568107,40328000.0,83272,0.00466259158536103
OPCH,OPTION CARE HEALTH INC,68404L201,40229000.0,1494386,0.004651145528850647
HUBB,HUBBELL INC,443510607,40226000.0,81970,0.004650798678653362
DGII,DIGI INTL INC,253798102,40226000.0,834558,0.004650798678653362
VLTO,VERALTO CORP,92338C103,40204000.0,454684,0.004648255110539944
CNP,CENTERPOINT ENERGY INC,15189T107,40124000.0,929635,0.004639005771945695
TSA,ACI WORLDWIDE INC,004498101,40098000.0,977755,0.004635999736902564
EIX,EDISON INTL,281020107,40091000.0,547840,0.004635190419775567
CRCL,CIRCLE INTERNET GROUP INC,172573107,40004000.0,419275,0.004625131764054321
IDYA,IDEAYA BIOSCIENCES INC,45166A102,39941000.0,1198704,0.00461784790991135
WDAY,WORKDAY INC,98138H101,39887000.0,307010,0.004611604606360231
EXR,EXTRA SPACE STORAGE INC,30225T102,39859000.0,303965,0.004608367337852244
TPD,SOMNIGROUP INTERNATIONAL INC,88023U101,39854000.0,539137,0.004607789254190104
JBL,JABIL INC,466313103,39589000.0,149036,0.004577150820096653
WTW,WILLIS TOWERS WATSON PLC LTD,G96629103,39477000.0,135799,0.004564201746064704
DYN,DYNE THERAPEUTICS INC,26818M108,39395000.0,2172866,0.004554721174005598
NGVT,INGEVITY CORP,45688C107,39233000.0,550781,0.004535991263352244
TPL,TEXAS PACIFIC LAND CORPORATI,88262P102,39170000.0,82538,0.004528707409209272
COKE,COCA COLA CONS INC,191098102,38667000.0,201663,0.004470552192797931
KEX,KIRBY CORP,497266106,38664000.0,290969,0.004470205342600646
CNC,CENTENE CORP DEL,15135B101,38578000.0,1178290,0.004460262303611829
EL,LAUDER ESTEE COS INC,518439104,38494000.0,536339,0.004450550498087867
WAY,WAYSTAR HLDG CORP,946784105,38491000.0,1596438,0.004450203647890583
GVA,GRANITE CONSTR INC,387328107,38479000.0,320978,0.004448816247101445
EXPE,EXPEDIA GROUP INC,30212P303,38416000.0,166380,0.0044415323929584746
BIIB,BIOGEN INC,09062X103,38291000.0,208863,0.00442708030140496
VRSK,VERISK ANALYTICS INC,92345Y106,38149000.0,201046,0.004410662725400167
EXE,EXPAND ENERGY CORPORATION,165167735,38134000.0,347366,0.004408928474413746
AWC,AMERICAN WTR WKS CO INC NEW,030420103,37970000.0,279003,0.004389967330295534
H,HYATT HOTELS CORP,448579102,37849000.0,263224,0.0043759777056717325
PODD,INSULET CORP,45784P101,37745000.0,179874,0.0043639535654992085
CTRA,COTERRA ENERGY INC,127097103,37714000.0,1073240,0.004360369446793937
FE,FIRSTENERGY CORP,337932107,37520000.0,740608,0.004337939800702883
DG,DOLLAR GEN CORP,256677105,37483000.0,315694,0.004333661981603043
MSTR,STRATEGY INC,594972408,37378000.0,299498,0.00432152222469809
KRC,KILROY REALTY CORP,49427F108,37377000.0,1324941,0.004321406607965662
VC,VISTEON CORP,92839U206,37302000.0,409407,0.004312735353033554
PSTG,EVERPURE INC,74624M102,37270000.0,631258,0.004309035617595854
MTD,METTLER TOLEDO INTERNATIONAL,592688105,37075000.0,29396,0.004286490354772372
NTRS,NORTHERN TR CORP,665859104,37065000.0,265560,0.00428533418744809
TYRA,TYRA BIOSCIENCES INC,90240B106,37040000.0,967093,0.004282443769137388
RBRK,RUBRIK INC.,781154109,36916000.0,753840,0.0042681072943163015
CSGP,COSTAR GROUP INC,22160N109,36875000.0,914094,0.004263367008286749
ES,EVERSOURCE ENERGY,30040W108,36857000.0,531989,0.004261285907103042
CFG,CITIZENS FINL GROUP INC,174610105,36827000.0,614084,0.004257817405130199
ASTS,AST SPACEMOBILE INC,00217D100,36825000.0,444364,0.004257586171665342
CIGI,COLLIERS INTL GROUP INC,194693107,36752000.0,343829,0.00424914615019809
BE,BLOOM ENERGY CORP,093712107,36422000.0,268816,0.004210992628496812
FICO,FAIR ISAAC CORP,303250104,36392000.0,34089,0.004207524126523968
RJF,RAYMOND JAMES FINL INC,754730109,36129000.0,249525,0.004177116925895375
PEGA,PEGASYSTEMS INC,705573103,36099000.0,848169,0.004173648423922531
G,GENPACT LIMITED,G3922B107,35926000.0,964450,0.004153646729212467
MTDR,MATADOR RES CO,576485205,35786000.0,566407,0.004137460386672531
AXTA,AXALTA COATING SYS LTD,G0750C108,35757000.0,1290858,0.004134107501432115
ON,ON SEMICONDUCTOR CORP,682189105,35615000.0,575164,0.004117689925427323
Q,QNITY ELECTRONICS INC,74743L100,35562000.0,308216,0.004111562238608633
HR,HEALTHCARE RLTY TR,42226K105,35369000.0,2081735,0.004089248209250007
ARES,ARES MANAGEMENT CORPORATION,03990B101,35311000.0,323656,0.004082542438769176
SUX,TD SYNNEX CORPORATION,87162W100,35225000.0,208790,0.004072599399780358
GRBK,GREEN BRICK PARTNERS INC,392709101,35198000.0,546127,0.0040694777480048
CINF,CINCINNATI FINL CORP,172062101,35128000.0,223246,0.004061384576734831
IMAX,IMAX CORP,45245E109,35084000.0,923020,0.004056297440507994
MLYS,MINERALYS THERAPEUTICS INC,603170101,35019000.0,1292684,0.0040487823529001665
LYV,LIVE NATION ENTERTAINMENT IN,538034109,34928000.0,229017,0.004038261230249208
POWL,POWELL INDS INC,739128106,34910000.0,64518,0.004036180129065502
THC,TENET HEALTHCARE CORP,88033G407,34897000.0,184919,0.004034677111543937
DXCM,DEXCOM INC,252131107,34871000.0,555268,0.004031671076500805
RBLX,ROBLOX CORP,771049103,34824000.0,615692,0.004026237090076684
WD5A,TRAVEL PLUS LEISURE CO,894164102,34818000.0,503218,0.004025543389682116
CHDN,CHURCHILL DOWNS INC,171484108,34774000.0,387105,0.004020456253455278
SYF,SYNCHRONY FINANCIAL,87165B103,34608000.0,508789,0.004001263875872211
CMS,CMS ENERGY CORP,125896100,34524000.0,445001,0.00399155207034825
SATS,ECHOSTAR CORP,278768106,34514000.0,294812,0.003990395903023968
FIS,FIDELITY NATL INFORMATION SV,31620M106,34324000.0,731687,0.0039684287238626265
IM8N,INSMED INC,457669307,34313000.0,209838,0.0039671569398059174
ALSN,ALLISON TRANSMISSION HLDGS I,01973R101,34168000.0,291878,0.0039503925136038405
AVB,AVALONBAY CMNTYS INC,053484101,33980000.0,208015,0.003928656567907355
TSCO,TRACTOR SUPPLY CO,892356106,33944000.0,749311,0.003924494365539943
OMC,OMNICOM GROUP INC,681919106,33937000.0,450619,0.003923685048412946
PPG,PPG INDS INC,693506107,33886000.0,317041,0.003917788595059112
PLAB,PHOTRONICS INC,719405102,33776000.0,835818,0.0039050707544920197
ULTA,ULTA BEAUTY INC,90384S303,33394000.0,63886,0.003860905162704479
SYNA,SYNAPTICS INC,87157D109,33350000.0,476156,0.0038558180264776417
FERG,FERGUSON ENTERPRISES INC,31488V107,33300000.0,142756,0.003850037189856237
FTNT,FORTINET INC,34959E109,33273000.0,407153,0.0038469155380806775
LQDA,LIQUIDIA CORPORATION,53635D202,33130000.0,877831,0.003830382345343457
BMI,BADGER METER INC,056525108,33045000.0,216901,0.0038205549230870676
OLLI,OLLIES BARGAIN OUTLET HLDGS,681116109,32987000.0,358392,0.0038138491526062365
WPM,WHEATON PRECIOUS METALS CORP,962879102,32953000.0,251530,0.0038099181837036806
PHM,PULTE GROUP INC,745867101,32950000.0,280162,0.0038095713335063964
ORKA,ORUKA THERAPEUTICS INC,687604108,32931000.0,671367,0.003807374615590262
VLTO,VERALTO CORP,92338C103,32716000.0,369996,0.0037825170181182174
IBOC,INTERNATIONAL BANCSHARES COR,459044103,32607000.0,484561,0.0037699147942835526
WOLF,WOLFSPEED INC,97785W106,32592000.0,1997023,0.0037681805432971307
ESI,ELEMENT SOLUTIONS INC,28618M106,32518000.0,952461,0.00375962490509745
RF,REGIONS FINANCIAL CORP NEW,7591EP100,32447000.0,1242220,0.003751416117095054
NI,NISOURCE INC,65473P105,32228000.0,690692,0.0037260960526932967
DGX,QUEST DIAGNOSTICS INC,74834L100,32221000.0,164407,0.0037252867355663
ASR,GRUPO AEROPORTUARIO DEL SURE,40051E202,32195000.0,95780,0.0037222807005231695
DRI,DARDEN RESTAURANTS INC,237194105,32083000.0,163652,0.00370933162649122
CSW,CSW INDUSTRIALS INC,126402106,32054000.0,123007,0.003705978741250805
SLNO,SOLENO THERAPEUTICS INC,834203309,32019000.0,956338,0.0037019321556158212
RIVN 4.625 03/15/29,RIVIAN AUTOMOTIVE INC,76954AAB9,32014000.0,29895000,0.0037013540719536804
HUM,HUMANA INC,444859102,31864000.0,183770,0.003684011562089463
LH,LABCORP HOLDINGS INC,504922105,31813000.0,119233,0.003678115108735629
AU,ANGLOGOLD ASHANTI PLC,G0378L100,31779000.0,326406,0.0036741841398330735
CBT,CABOT CORP,127055101,31767000.0,421809,0.0036727967390439357
EFX,EQUIFAX INC,294429105,31601000.0,175488,0.0036536043614608686
DORM,DORMAN PRODS INC,258278100,31252000.0,299458,0.003613254121843456
CHD,CHURCH & DWIGHT CO INC,171340102,31221000.0,334554,0.0036096700031381847
AR,ANTERO RESOURCES CORP,03674X106,31054000.0,731699,0.0035903620088226897
MKSI,MKS INC.,55306N104,31020000.0,134978,0.0035864310399201338
BXP,BXP INC,101121101,31017000.0,597619,0.003586084189722849
FSLR,FIRST SOLAR INC,336433107,30971000.0,157003,0.003580765820031156
STE,STERIS PLC,G8473T100,30945000.0,139937,0.0035777597849880253
WSM,WILLIAMS SONOMA INC,969904101,30709000.0,168421,0.00355047423613499
TMDX,TRANSMEDICS GROUP INC,89377M109,30686000.0,308679,0.0035478150512891432
NYT,NEW YORK TIMES CO MTN BE,650111107,30524000.0,364547,0.0035290851406357886
ACLS,AXCELIS TECHNOLOGIES INC,054540208,30476000.0,327413,0.003523535537479239
PRI,PRIMERICA INC,74164M108,30470000.0,121646,0.0035228418370846703
CF,CF INDUSTRIES HOLD,125269100,30430000.0,234359,0.0035182171677875457
STZ,CONSTELLATION BRANDS INC,21036P108,30223000.0,201481,0.003494284504174926
IONQ,IONQ INC,46222L108,30163000.0,1046224,0.003487347500229239
IBKR,INTERACTIVE BROKERS GROUP IN,45841N107,30141000.0,449387,0.00348480393211582
CCEP,COCA-COLA EUROPACIFIC PARTNE,G25839104,30073000.0,331665,0.0034769419943107087
DUK,DUKE ENERGY CORP NEW,26441C204,29982000.0,228970,0.0034664208716597505
EQR,EQUITY RESIDENTIAL,29476L107,29976000.0,506770,0.0034657271712651813
LYB,LYONDELLBASELL INDUSTRIES NV,N53745100,29958000.0,371862,0.0034636460700814757
DLTR,DOLLAR TREE INC,256746108,29751000.0,271673,0.003439713406468856
ATI,ATI INC,01741R102,29736000.0,204422,0.003437979155482434
BLD,TOPBUILD COR,89055F103,29679000.0,84482,0.0034313890017340313
AMPX,AMPRIUS TECHNOLOGIES INC,03214Q108,29665000.0,1759453,0.0034297703674800377
SION,SIONNA THERAPEUTICS INC,829401108,29654000.0,739678,0.003428498583423328
LMAT,LEMAITRE VASCULAR INC,525558201,29457000.0,269821,0.00340572208713499
GKOS,GLAUKOS CORP,377322102,29448000.0,273522,0.003404681536543137
RCAT,RED CAT HLDGS INC,75644T100,29339000.0,2241296,0.003392079312708472
6RJ0,ROCKET LAB CORP,773121108,29244000.0,455360,0.003381095723127801
MBX,MBX BIOSCIENCES INC,55287L101,29148000.0,976458,0.0033699965168147022
TSN,TYSON FOODS INC,902494103,29125000.0,454580,0.0033673373319688554
LDOS,LEIDOS HOLDINGS INC,525327102,29042000.0,186739,0.003357741143177322
NTRA,NATERA INC,632307104,29011000.0,145059,0.0033541570244720507
VRSN,VERISIGN INC,92343E102,28961000.0,116608,0.003348376187850645
PSMT,PRICESMART INC,741511109,28914000.0,192115,0.003342942201426523
BCPC,BALCHEM CORP,057665200,28912000.0,170587,0.003342710967961667
SSD,SIMPSON MFG INC,829073105,28870000.0,168215,0.0033378550651996866
WRBY,WARBY PARKER INC,93403J106,28859000.0,1369628,0.0033365832811429767
CHRW,C H ROBINSON WORLDWIDE IN,12541W209,28788000.0,173344,0.0033283744931405807
NTAP,NETAPP INC,64110D104,28779000.0,281067,0.0033273339425487275
AMKR,AMKOR TECHNOLOGY INC,031652100,28762000.0,638716,0.0033253684580974497
PBH,PRESTIGE CONSMR HEALTHCARE I,74112D101,28761000.0,485250,0.003325252841365022
LOAR,LOAR HOLDINGS INC,53947R105,28529000.0,497973,0.0032984297594416986
TXRH,TEXAS ROADHOUSE INC,882681109,28389000.0,171908,0.0032822434169017625
RHP,RYMAN HOSPITALITY PPTYS INC,78377T107,28298000.0,306679,0.003271722294250804
WK,WORKIVA INC,98139A105,28240000.0,473582,0.003265016523769974
GIS,GENERAL MILLS INC,370334104,28193000.0,757456,0.003259582537345852
SSNC,SS&C TECH HLDGS,78467J100,28119000.0,416140,0.0032510268991461713
AJG,GALLAGHER ARTHUR J & CO,363576109,28056000.0,129537,0.0032437430450032003
BR,BROADRIDGE FINL SOLUTIONS IN,11133T103,28053000.0,172653,0.0032433961948059157
WRB,BERKLEY W R CORP,084423102,28047000.0,423154,0.003242702494411347
CGEM,CULLINAN THERAPEUTICS INC,230031106,28027000.0,1972298,0.0032403901597627847
PI,IMPINJ INC,453204109,28024000.0,272866,0.0032400433095655
KHC,KRAFT HEINZ CO,500754106,28003000.0,1245091,0.00323761535818451
PKG,PACKAGING CORP AMER,695156109,27962000.0,131755,0.0032328750721549574
VNO,VORNADO RLTY TR,929042109,27916000.0,1074077,0.003227556702463264
AKTS,AKTIS ONCOLOGY INC,01021M104,27724000.0,1549660,0.0032053582898370664
IMCR,IMMUNOCORE HLDGS PLC,45258D105,27718000.0,919332,0.0032046645894424973
SF,STIFEL FINL CORP,860630102,27661000.0,374199,0.003198074435694095
TERN,TERNS PHARMACEUTICALS INC,880881107,27650000.0,524468,0.003196802651637386
CAMT,CAMTEK LTD,M20791105,27628000.0,182230,0.003194259083523967
SNA,SNAP ON INC,833034101,27603000.0,75995,0.003191368665213264
KEY,KEYCORP,493267108,27600000.0,1376510,0.00319102181501598
BRO,BROWN & BROWN INC,115236101,27500000.0,421705,0.0031794601417731686
IP,INTERNATIONAL PAPER CO,460146103,27290000.0,764416,0.0031551806279632643
ARES 6.75 10/01/27 B,ARES MANAGEMENT CORPORATION,03990B309,27264000.0,753547,0.0031521745929201333
BW,BABCOCK & WILCOX ENTERPRISES,05614L209,27230000.0,1853633,0.0031482436240175774
LEN,LENNAR CORP,526057104,27209000.0,313322,0.0031458156726365868
MCX,MCCORMICK & CO INC,579780206,27188000.0,539006,0.003143387721255596
NVR,NVR INC,62944T105,27170000.0,4123,0.0031413066200718905
EVRG,EVERGY INC,30034W106,27145000.0,331352,0.0031384162017611874
LRN,STRIDE INC,86333M108,27084000.0,307178,0.0031313635810830726
TROW,PRICE T ROWE GROUP INC,74144T108,27044000.0,300012,0.003126738911785948
DD,DUPONT DE NEMOURS INC,26614N102,27033000.0,590232,0.003125467127729239
IFF,INTERNATIONAL FLAVORS&FRAGRA,459506101,27000000.0,372144,0.003121651775559111
EXPD,EXPEDITORS INTL WASH INC,302130109,26989000.0,188430,0.0031203799915024014
VALE,VALE S A,91912E105,26987000.0,1696209,0.0031201487580375447
BG,BUNGE GLOBAL SA,H11356104,26975000.0,212065,0.0031187613572484078
ATAT,ATOUR LIFESTYLE HLDGS LTD,04965M106,26954000.0,732228,0.0031163334058674176
LUV,SOUTHWEST AIRLS CO,844741108,26943000.0,717124,0.0031150616218107085
SBAC,SBA COMMUNICATIONS CORP,78410G104,26824000.0,155849,0.0031013032306517626
PLMR,PALOMAR HLDGS INC,69753M105,26787000.0,224154,0.0030970254115519217
CHTR,CHARTER COMMUNICATIONS INC,16119P108,26696000.0,123660,0.0030865042889009634
TSPA,T ROWE PRICE ETF INC,87283Q503,26520000.0,648407,0.0030661557439936155
LNT,ALLIANT ENERGY CORP,018802108,26434000.0,368360,0.0030562127050047976
EME,EMCOR GROUP INC,29084Q100,26430000.0,35797,0.003055750238075085
WST,WEST PHARMACEUTICAL SVSC INC,955306105,26398000.0,105322,0.0030520505026373854
GENB,GENERATE BIOMEDICINES INC,370920100,26371000.0,2109633,0.0030489288508618265
PTCT,PTC THERAPEUTICS INC,69366J200,26351000.0,386761,0.0030466165162132642
ZBH,ZIMMER BIOMET HOLDINGS INC,98956P102,26344000.0,291343,0.003045807199086267
BCAX,BICARA THERAPEUTICS INC,055477103,26326000.0,1323554,0.003043726097902561
TSM,TAIWAN SEMICONDUCTOR MANUFAC,874039100,26207000.0,77546,0.003029967706743615
CASY,CASEYS GEN STORES INC,147528103,26155000.0,35933,0.003023955636657353
COCO,VITA COCO CO INC,92846Q107,26005000.0,542788,0.003006613126793136
ERAS,ERASCA INC,29479A108,25889000.0,1600009,0.0029932015858314745
AMH,AMERICAN HOMES 4 RENT,02665T306,25678000.0,919681,0.0029688064552891424
RAPP,RAPPORT THERAPEUTICS INC,75383L102,25658000.0,819998,0.00296649412064058
WY,WEYERHAEUSER CO,962166104,25601000.0,1047905,0.0029599039668921777
PFG,PRINCIPAL FINANCIAL GROUP IN,74251V102,25587000.0,283952,0.0029582853326381837
L,LOEWS CORP,540424108,25581000.0,239657,0.0029575916322436154
LEU,CENTRUS ENERGY CORP,15643U104,25571000.0,147303,0.0029564354649193342
TGT,TARGET CORP,87612E106,25532000.0,210657,0.0029519264123546375
VEEV,VEEVA SYS INC,922475108,25475000.0,145020,0.002945336258606235
EVMN,EVOMMUNE INC,30054Y107,25391000.0,1104409,0.0029356244530822735
FTV,FORTIVE CORP,34959J108,25321000.0,458034,0.0029275312818123054
GWRE,GUIDEWIRE SOFTWARE INC,40171V100,25293000.0,169116,0.002924294013304318
PTC,PTC INC,69370C100,25292000.0,177500,0.00292417839657189
IE,IVANHOE ELECTRIC INC,46578C108,25154000.0,2128006,0.00290822328749681
EAT,BRINKER INTL INC,109641100,25145000.0,176121,0.002907182736904957
PBR/A,PETROLEO BRASILEIRO S A,71654V101,25107000.0,1339024,0.0029027893010726883
7HP,HP INC,40434L105,25024000.0,1302616,0.002893193112281155
STNE,STONECO LTD,G85158106,24939000.0,1766174,0.002883365690024765
MRNA,MODERNA INC,60770K107,24799000.0,488151,0.0028671793474848288
IVV,ISHARES TR,464287200,24777000.0,37930,0.0028646357793714106
SCI,SERVICE CORP INTL,817565104,24769000.0,300187,0.0028637108455119853
ALRM,ALARM COM HLDGS INC,011642105,24754000.0,573129,0.0028619765945255638
IESC,IES HOLDINGS INC,44951W106,24735000.0,51913,0.00285977987660943
HIMS,HIMS & HERS HEALTH INC,433000106,24641000.0,1186930,0.002848911903761187
DT,DYNATRACE INC,268150109,24550000.0,663846,0.0028383907811102282
UTHR,UNITED THERAPEUTICS CORP DEL,91307C102,24481000.0,41284,0.0028304132265726885
CELH,CELSIUS HLDGS INC,15118V207,24466000.0,689566,0.0028286789755862666
CSGP,COSTAR GROUP INC,22160N109,24354000.0,603701,0.002815729901554318
GLNG,GOLAR LNG LTD,G9456A100,24319000.0,449423,0.002811683315919334
FTAI,FTAI AVIATION LTD,G3730V105,24315000.0,99243,0.0028112208489896214
MLTX,MOONLAKE IMMUNOTHERAPEUTICS,61559X104,24137000.0,1294861,0.002790641070617417
FLY,FIREFLY AEROSPACE INC,31816X106,24120000.0,847186,0.0027886755861661386
LINE,LINEAGE INC,53566V106,24063000.0,734520,0.0027820854324177363
HOLX,HOLOGIC INC,436440101,24060000.0,318290,0.0027817385822204517
PBR,PETROLEO BRASILEIRO S A,71654V408,24054000.0,1159190,0.0027810448818258835
TTMI,TTM TECHNOLOGIES INC,87305R109,24048000.0,246842,0.0027803511814313143
LVS,LAS VEGAS SANDS CORP,517834107,24003000.0,445487,0.0027751484284720494
CW,CURTISS WRIGHT CORP,231561101,24002000.0,35238,0.0027750328117396215
TYL,TYLER TECHNOLOGIES INC,902252105,23947000.0,69940,0.002768673891456075
AKAM,AKAMAI TECHNOLOGIES INC,00971T101,23760000.0,206870,0.002747053562492017
ACA,ARCOSA INC,039653100,23715000.0,223422,0.002741850809532752
JBHT,HUNT J B TRANS SVCS INC,445658107,23693000.0,111809,0.002739307241419334
N/A,TALON CAP CORP,G86652115,23617000.0,2270865,0.002730520369754797
LULU,LULULEMON ATHLETICA INC,550021109,23517000.0,153603,0.0027189586965119853
TPB,TURNING PT BRANDS INC,90041L105,23493000.0,270687,0.002716183894933711
FFIV,F5 INC,315616102,23486000.0,81173,0.002715374577806714
CRUS,CIRRUS LOGIC INC,172755100,23436000.0,162046,0.002709593741185308
VTRS,VIATRIS INC,92556V106,23372000.0,1729970,0.0027021942703099088
FLEX,FLEXTRONICS INTL LTD,Y2573F102,23324000.0,356299,0.0026966446671533592
VOO,VANGUARD INDEX FDS,922908363,23323000.0,39030,0.0026965290504209313
TCOM 0.75 06/15/29,TRIP COM GROUP LTD,89677QAB3,23140000.0,22306000,0.002675371188386586
KGC,KINROSS GOLD CORP,496902404,23133000.0,757940,0.0026745618712595894
LPLA,LPL FINL HLDGS INC,50212V100,23123000.0,76861,0.0026734057039353083
ESS,ESSEX PPTY TR INC,297178105,23109000.0,95490,0.0026717870696813142
SEZL,SEZZLE INC,78435P105,23070000.0,364506,0.002667278017116618
GPN,GLOBAL PMTS INC,37940X102,23025000.0,342122,0.002662075264157353
LII,LENNOX INTL INC,526107107,22958000.0,49463,0.002654328943084669
SARO,STANDARDAERO INC,85423L103,22940000.0,888110,0.002652247841900963
CDW,CDW CORP,12514G108,22891000.0,189148,0.002646582622011985
FN,FABRINET,G3323L100,22840000.0,43795,0.0026406861686581514
AGYS,AGILYSYS INC,00847J105,22760000.0,319930,0.002631436830063902
HURN,HURON CONSULTING GROUP INC,447462102,22683000.0,177913,0.0026225343416669375
CDE,COEUR MNG INC,192108504,22543000.0,1200967,0.0026063479991270014
MKL,MARKEL GROUP INC,570535104,22424000.0,11715,0.0025925896079680554
TRMB,TRIMBLE INC,896239100,22410000.0,343551,0.002590970973714062
KIM,KIMCO REALTY CORP,49446R109,22363000.0,995202,0.0025855369872899406
BAP,CREDICORP LTD,G2519Y108,22286000.0,65705,0.0025766344988929755
TXT,TEXTRON INC,883203101,22245000.0,254044,0.002571894212863423
ROL,ROLLINS INC,775711104,22235000.0,416303,0.002570738045539142
CNR,CORE NATURAL RESOURCES INC,218937100,22173000.0,211708,0.0025635698081285987
VSCO,VICTORIAS SECRET AND CO,926400102,22156000.0,477905,0.0025616043236773205
INCY,INCYTE CORP,45337C102,22152000.0,235357,0.002561141856747608
FWONK,LIBERTY MEDIA CORP DEL,531229755,22144000.0,260445,0.002560216922888183
HII,HUNTINGTON INGALLS INDS INC,446413106,22051000.0,58042,0.002549464566772368
SSRM,SSR MINING IN,784730103,21944000.0,746380,0.00253709357640256
ATEN,A10 NETWORKS INC,002121101,21838000.0,944549,0.00252483820276518
QTWO,Q2 HLDGS INC,74736L109,21614000.0,456938,0.0024989400547012824
PODD,INSULET CORP,45784P101,21564000.0,102763,0.002493159218079876
TYL,TYLER TECHNOLOGIES INC,902252105,21564000.0,62982,0.002493159218079876
WOLF 2.5 06/15/31,WOLFSPEED INC,977852AP7,21553000.0,14933000,0.002491887434023167
KTB,KONTOOR BRANDS INC,50050N103,21487000.0,305688,0.0024842567296829115
BZ,KANZHUN LIMITED,48553T106,21472000.0,1603570,0.0024825224786964896
GRAB,GRAB HOLDINGS LIMITED,G4124C109,21371000.0,5838987,0.00247084518872125
LII,LENNOX INTL INC,526107107,21369000.0,46039,0.002470613955256394
GPC,GENUINE PARTS CO,372460105,21367000.0,202047,0.0024703827217915377
BAP,CREDICORP LTD,G2519Y108,21301000.0,62799,0.002462752017451282
APA,APA CORPORATION,03743Q108,21198000.0,499469,0.0024508434940111864
NXT,NEXTPOWER INC,65290E101,21182000.0,175706,0.002448993626292336
J,JACOBS SOLUTIONS INC,46982L108,21173000.0,166345,0.0024479530757004833
IEX,IDEX CORP,45167R104,21005000.0,110814,0.00242852946465256
FLNC,FLUENCE ENERGY INC,34379V103,20948000.0,1522351,0.0024219393109041576
COO,COOPER COS INC,216648501,20865000.0,291816,0.002412343122112624
N/A,APTIV PLC,G3265R107,20799000.0,299515,0.002404712417772368
NDSN,NORDSON CORP,655663102,20793000.0,78149,0.0024040187173777995
PNR,PENTAIR PLC,G7S00T104,20767000.0,238399,0.0024010126823346685
WWD,WOODWARD INC,980745103,20748000.0,57967,0.0023988159644185345
HAE,HAEMONETICS CORP MASS,405024100,20738000.0,367943,0.0023976597970942534
XPO,XPO INC,983793100,20692000.0,106355,0.0023923414274025596
MAA,MID-AMER APT CMNTYS INC,59522J103,20567000.0,168413,0.002377889335849046
DECK,DECKERS OUTDOOR CORP,243537107,20434000.0,204150,0.0023625123104361063
RNA,ATRIUM THERAPEUTICS INC,04965N104,20411000.0,1526607,0.0023598531255902594
RGLD,ROYAL GOLD INC,780287108,20349000.0,79957,0.0023526848881797163
ERO,ERO COPPER CORP,296006109,20342000.0,762698,0.0023518755710527197
IWF,ISHARES TR,464287614,20322000.0,47659,0.0023495632364041574
CA8A,CACI INTL INC,127190304,20281000.0,37289,0.0023448229503746044
AMR,ALPHA METALLURGICAL RESOUR I,020764106,20230000.0,98551,0.0023389264970207707
USFD,US FOODS HLDG CORP,912008109,20211000.0,219179,0.0023367297791046363
ZM,ZOOM COMMUNICATIONS INC,98980L101,20138000.0,250497,0.002328289757637384
BURL,BURLINGTON STORES INC,122017106,20112000.0,61809,0.002325283722594253
NE,NOBLE CORP PLC,G65431127,20039000.0,408372,0.002316843701127001
INVH,INVITATION HOMES INC,46187W107,20037000.0,806290,0.0023166124676621447
WEA,WESTERN ALLIANCE BANCORP,957638109,19762000.0,278924,0.0022848178662444128
SFM,SPROUTS FMRS MKT INC,85208M102,19689000.0,255269,0.0022763778447771606
MTZ,MASTEC INC,576323109,19565000.0,60807,0.002262041369956074
RL,RALPH LAUREN CORP,751212101,19534000.0,56785,0.0022584572512508025
ADPT,ADAPTIVE BIOTECHNOLOGIES COR,00650F109,19481000.0,1403460,0.0022523295644321126
TKO,TKO GROUP HOLDINGS INC,87256C101,19434000.0,96372,0.002246895578007991
RE,EVEREST GROUP LTD,G3223R108,19419000.0,59411,0.0022451613270215694
AVY,AVERY DENNISON CORP,053611109,19346000.0,112029,0.0022367213055543168
PBF,PBF ENERGY INC,69318G106,19312000.0,405535,0.002232790336651761
VVV,VALVOLINE INC,92047W101,19302000.0,573072,0.0022316341693274797
EVER,EVERQUOTE INC,30041R108,19195000.0,1244807,0.002219263178957671
BTU,PEABODY ENGR CORP,704551100,19163000.0,581570,0.002215563443519972
PLUS,EPLUS INC,294268107,19141000.0,254356,0.0022130198754065533
NXPI,NXP SEMICONDUCTORS N V,N6596X109,19103000.0,97037,0.002208626439574285
OSCR,OSCAR HEALTH INC,687793109,19100000.0,1665181,0.0022082795893770004
TEVA,TEVA PHARMACEUTICAL INDS LTD,881624209,19091000.0,633818,0.0022072390387851476
MDB,MONGODB INC,60937P106,19085000.0,77970,0.0022065453383905784
MDA,MDA SPACE LTD,55293N109,19011000.0,750815,0.0021979897001908983
PEB,PEBBLEBROOK HOTEL TR,70509V100,19008000.0,1504962,0.002197642849993614
CR,CRANE COMPANY,224408104,18998000.0,111094,0.002196486682669333
NVT,NVENT ELEC PLC,G6700G107,18978000.0,160449,0.0021941743480207707
SQM,SOCIEDAD QUIMICA Y MINERA DE,833635105,18851000.0,232900,0.0021794910230024
CROX,CROCS INC,227046109,18846000.0,226996,0.002178912939340259
FMX,FOMENTO ECONOMICO MEXICANO S,344419106,18819000.0,169444,0.0021757912875647
N/A,ETORO GROUP LTD,G32089107,18760000.0,624702,0.0021689699003514416
SOFI,SOFI TECHNOLOGIES INC,83406F102,18738000.0,1179912,0.002166426332238023
MCX,MCCORMICK & CO INC,579780206,18636000.0,369458,0.002154633425530355
CRS,CARPENTER TECHNOLOGY CORP,144285103,18618000.0,47234,0.002152552324346649
URBN,URBAN OUTFITTERS INC,917047102,18564000.0,293026,0.0021463090207955306
CLX,CLOROX CO DEL,189054109,18442000.0,177955,0.0021322037794393005
BLCO,BAUSCH PLUS LOMB CORP,071705107,18441000.0,1159781,0.0021320881627068726
REG,REGENCY CTRS CORP,758849103,18430000.0,243582,0.0021308163786501635
ILMN,ILLUMINA INC,452327109,18391000.0,149197,0.002126307326085467
BWXT,BWX TECHNOLOGIES INC,05605H100,18370000.0,89831,0.0021238793747044766
RNR,RENAISSANCERE HLDGS LTD,G7496G103,18318000.0,61629,0.0021178673046182146
HAS,HASBRO INC,418056107,18278000.0,195273,0.00211324263532109
BBY,BEST BUY INC,086516101,18205000.0,283566,0.0021048026138538374
ALLE,ALLEGION PLC,G0176J109,18171000.0,125065,0.0021008716449512814
ENTG,ENTEGRIS INC,29362U104,18155000.0,154851,0.0020990217772324316
N/A,CARNIVAL CORP,G2004J103,18138000.0,700823,0.002097056292781154
SGP,SPYGLASS PHARMA INC,85220G109,18138000.0,700006,0.002097056292781154
ASTS,AST SPACEMOBILE INC,00217D100,18128000.0,218744,0.0020959001254568727
ATI,ATI INC,01741R102,18083000.0,124310,0.0020906973724976073
IRM,IRON MTN INC DEL,46284V101,18073000.0,176942,0.002089541205173326
MAS,MASCO CORP,574599106,18031000.0,298672,0.0020846853024113453
PSTG,EVERPURE INC,74624M102,17994000.0,304774,0.002080407483311505
VVX,V2X INC,92242T101,17960000.0,262185,0.0020764765144089493
HST,HOST HOTELS & RESORTS INC,44107P104,17959000.0,937274,0.0020763608976765214
GGAL,GRUPO FINANCIERO GALICIA S.A,399909100,17948000.0,384228,0.002075089113619812
DV,DOUBLEVERIFY HLDGS INC,25862V105,17897000.0,1883840,0.002069192660265978
DINO,HF SINCLAIR CORP,403949100,17897000.0,286844,0.002069192660265978
CRDO,CREDO TECHNOLOGY GROUP HOLDI,G25457105,17854000.0,190197,0.002064221140771569
OVV,OVINTIV INC,69047Q102,17840000.0,300534,0.0020626025065175755
TWLO,TWILIO INC,90138F102,17810000.0,141544,0.002059134004544732
PFGC,PERFORMANCE FOOD GROUP CO,71377A103,17788000.0,207658,0.0020565904364313135
MYRG,MYR GROUP INC,55405W104,17788000.0,63003,0.0020565904364313135
RERE,ATRENEW INC,00138L108,17592000.0,3750863,0.002033929556875403
ADMA,ADMA BIOLOGICS INC,000899104,17556000.0,1948451,0.0020297673545079903
RVMD,REVOLUTION MEDICINES INC,76155X100,17475000.0,179691,0.002020402399181313
CWST,CASELLA WASTE SYS INC,147448104,17408000.0,219406,0.0020126560781086296
IPAR,INTERPARFUMS INC,458334109,17310000.0,190553,0.0020013256383306743
XNCR,XENCOR INC,98401F105,17195000.0,1425755,0.001988029714101441
N/A,NEBIUS GROUP N.V.,N97284108,17100000.0,164794,0.00197704612452077
BHVN,BIOHAVEN LTD,G1110E107,17081000.0,2019002,0.001974849406604636
RPRX,ROYALTY PHARMA PLC,G7709Q104,17042000.0,355244,0.0019703403540399394
TNGX,TANGO THERAPEUTICS INC,87583X109,16987000.0,811960,0.001963981433756393
RLAY,RELAY THERAPEUTICS INC,75943R102,16960000.0,1704509,0.001960859781980834
PNW,PINNACLE WEST CAP CORP,723484101,16944000.0,168173,0.001959009914261984
OLMA,OLEMA PHARMACEUTICALS INC,68062P106,16896000.0,1133186,0.0019534603111054346
RBC,RBC BEARINGS INC,75524B104,16864000.0,31050,0.0019497605756677349
RDDT,REDDIT INC,75734B100,16829000.0,124980,0.0019457139900327508
RBA,RB GLOBAL INC,74935Q107,16823000.0,175513,0.0019450202896381824
SWK,STANLEY BLACK & DECKER INC,854502101,16779000.0,236114,0.001939933153411345
AFW,ALIGN TECHNOLOGY INC,016255101,16770000.0,97823,0.001938892602819492
FOXA,FOX CORP,35137L105,16730000.0,286470,0.0019342679335223674
CABO 1.125 03/15/28,CABLE ONE INC,12685JAG0,16651000.0,21460000,0.0019251342116605463
CRBG,COREBRIDGE FINL INC,21871X109,16548000.0,693538,0.0019132256882204506
DPZ,DOMINOS PIZZA INC,25754A201,16527000.0,46062,0.00191079773683946
GDDY,GODADDY INC,380237107,16526000.0,199895,0.0019106821201070319
DOC,HEALTHPEAK PROPERTIES INC,42250P103,16525000.0,1005724,0.001910566503374604
LYFT,LYFT INC,55087P104,16514000.0,1241589,0.0019092947193178945
FCNCA,FIRST CTZNS BANCSHARES INC D,31946M103,16442000.0,8724,0.0019009703145830702
EVTC,EVERTEC INC,30040P103,16431000.0,582229,0.001899698530526361
PNFP,PINNACLE FINL PARTNERS INC,72348N109,16420000.0,190611,0.0018984267464696519
GL,GLOBE LIFE INC,37959E102,16417000.0,117959,0.0018980798962723673
JKHY,HENRY JACK & ASSOC INC,426281101,16402000.0,103779,0.0018963456452859456
GLOB,GLOBANT S A,L44385109,16360000.0,354786,0.001891489742523965
AIZ,ASSURANT INC,04621X108,16226000.0,74495,0.0018759971003785973
FLUT,FLUTTER ENTMT PLC,G3643J108,16112000.0,158037,0.0018628167928817923
IT,GARTNER INC,366651107,16103000.0,101697,0.0018617762422899393
PAYX,PAYCHEX INC,704326107,16093000.0,174696,0.0018606200749656581
GNRC,GENERAC HLDGS INC,368736104,16090000.0,82371,0.0018602732247683738
SMCI,SUPER MICRO COMPUTER INC,86800U302,16080000.0,706168,0.0018591170574440926
TARS,TARSUS PHARMACEUTICALS INC,87650L103,16056000.0,228869,0.0018563422558658177
IQ,IQIYI INC,46267X108,16008000.0,11857309,0.0018507926527092683
CPRX,CATALYST PHARMACEUTICALS INC,14888U101,15901000.0,642173,0.0018384216623394598
BJ,BJS WHSL CLUB HLDGS INC,05550J101,15818000.0,160719,0.0018288254735479264
MSTR,STRATEGY INC,594972408,15807000.0,126657,0.0018275536894912171
IVZ,INVESCO LTD,G491BT108,15728000.0,647482,0.001818419967629396
TGTX,TG THERAPEUTICS INC,88322Q108,15712000.0,472946,0.0018165700999105462
GFF,GRIFFON CORP,398433102,15709000.0,216130,0.001816223249713262
ATMU,ATMUS FILTRATION TECHNOLOGIE,04956D107,15689000.0,276358,0.0018139109150646998
SUI,SUN CMNTYS INC,866674104,15664000.0,124349,0.0018110204967539969
PR,PERMIAN RESOURCES CORP,71424F105,15591000.0,731264,0.001802580475286744
HEI/A,HEICO CORP NEW,422806208,15577000.0,73791,0.0018009618410327506
BUWA,BIO RAD LABS INC,090572207,15569000.0,55850,0.001800036907173326
ZBRA,ZEBRA TECHNOLOGIES CORPORATI,989207105,15508000.0,74172,0.0017929842864952107
APG,API GROUP CORP,00187Y100,15431000.0,380802,0.0017840817980982456
AA,ALCOA CORP,013872106,15364000.0,231623,0.0017763354770255623
BHP,BHP BILLITON LIMITED,088606108,15344000.0,210934,0.001774023142377
ITT,ITT INC,45073V108,15316000.0,80385,0.0017707858738690127
IMCR 2.5 02/01/30,IMMUNOCORE HLDGS PLC,45258DAB1,15280000.0,16948000,0.0017666236715016004
PL,PLANET LABS PBC,72703X106,15255000.0,545769,0.0017637332531908975
GEN,GEN DIGITAL INC,668771108,15222000.0,808379,0.0017599179010207697
ZBRA,ZEBRA TECHNOLOGIES CORPORATI,989207105,15220000.0,72795,0.0017596866675559134
KTOS,KRATOS DEFENSE & SEC SOLUTIO,50077B207,15178000.0,215255,0.0017548307647939326
FIVE,FIVE BELOW INC,33829M101,15135000.0,66241,0.0017498592452995236
SJM,SMUCKER J M CO,832696405,15008000.0,155615,0.001735175920281153
MTSI,MACOM TECH SOLUTIONS HLDGS I,55405Y100,14843000.0,66836,0.0017160991594305142
CHRW,C H ROBINSON WORLDWIDE IN,12541W209,14840000.0,89356,0.0017157523092332296
PKN,REVVITY INC,714046109,14809000.0,169030,0.0017121681905279582
CURB,CURBLINE PPTYS CORP,23128Q101,14755000.0,572103,0.0017059248869768398
MOD,MODINE MFG CO,607828100,14669000.0,67687,0.001695981847988022
TTD,THE TRADE DESK INC,88339J105,14662000.0,646165,0.001695172530861025
OKTA,OKTA INC,679295105,14625000.0,185802,0.0016908947117611848
EWBC,EAST WEST BANCORP INC,27579R104,14615000.0,136893,0.0016897385444369036
JD 0.25 06/01/29,JD.COM INC,47215PAJ5,14596000.0,14610000,0.0016875418265207697
CX,CEMEX SA EURO MTN BE 144A,151290889,14596000.0,1275850,0.0016875418265207697
GL,GLOBE LIFE INC,37959E102,14578000.0,104745,0.0016854607253370636
AES,AES CORP,00130H105,14568000.0,1033923,0.0016843045580127824
RARE,ULTRAGENYX PHARMACEUTICAL IN,90400D108,14551000.0,694542,0.0016823390735615045
GLXY,GALAXY DIGITAL INC.,36317J209,14537000.0,787861,0.0016807204393075106
UDR,UDR INC,902653104,14524000.0,429943,0.0016792174217859454
FFIV,F5 INC,315616102,14455000.0,49959,0.0016712398672484052
HL,HECLA MINING COMPANY,422704106,14455000.0,775862,0.0016712398672484052
CPT,CAMDEN PPTY TR,133131102,14419000.0,147642,0.0016670776648809932
NLY,ANNALY CAPITAL MANAGEMENT IN,035710839,14365000.0,679174,0.0016608343613298752
RGLD,ROYAL GOLD INC,780287108,14299000.0,56186,0.0016532036569896194
UHS,UNIVERSAL HLTH SVCS INC,913903100,14251000.0,79627,0.0016476540538330699
GEN,GEN DIGITAL INC,668771108,14189000.0,753491,0.0016404858164225267
TW,TRADEWEB MKTS INC,892672106,14182000.0,120526,0.0016396764992955297
GH,GUARDANT HEALTH INC,40131M109,14071000.0,152331,0.001626843041996009
LASR,NLIGHT INC,65487K100,14054000.0,246463,0.0016248775575447311
QSR,RESTAURANT BRANDS INTL INC,76131D103,14036000.0,189926,0.001622796456361025
STRL,STERLING INFRASTRUCTURE INC,859241101,14027000.0,34441,0.0016217559057691718
SOLV,SOLVENTUM CORP,83444M101,14021000.0,214705,0.0016210622053746033
JLL,JONES LANG LASALLE INC,48020Q107,13952000.0,45845,0.0016130846508370636
BBW,BUILD-A-BEAR WORKSHOP INC,120076104,13935000.0,372089,0.0016111191663857856
ZS,ZSCALER INC,98980G102,13930000.0,99292,0.001610541082723645
SPNT,SIRIUSPOINT LTD,G8192H106,13883000.0,644477,0.0016051070962995234
RKT,ROCKET COS INC,77311W101,13853000.0,972100,0.00160163859432668
CLH,CLEAN HARBORS INC,184496107,13841000.0,48270,0.0016002511935375426
INTA,INTAPP INC,45827U109,13837000.0,538582,0.0015997887266078303
LFUS,LITTELFUSE INC,537008104,13823000.0,40731,0.0015981700923538365
APLD,APPLIED DIGITAL CORP,038169207,13822000.0,582203,0.0015980544756214086
RUSHA,RUSH ENTERPRISES INC,781846209,13804000.0,208793,0.0015959733744377023
MGRC,MCGRATH RENTCORP,580589109,13796000.0,125093,0.0015950484405782774
XPO,XPO INC,983793100,13761000.0,70731,0.0015910018549432933
WPC,WP CAREY INC,92936U109,13673000.0,201181,0.0015808275824896192
AEIS,ADVANCED ENERGY INDS,007973100,13666000.0,42347,0.0015800182653626224
TPD,SOMNIGROUP INTERNATIONAL INC,88023U101,13586000.0,183787,0.0015707689267683731
BBIO,BRIDGEBIO PHARMA INC,10806X102,13557000.0,182554,0.001567416041527958
BRX,BRIXMOR PPTY GROUP INC,11120U105,13547000.0,470354,0.0015662598742036769
ALAB,ASTERA LABS INC,04626A103,13529000.0,123436,0.0015641787730199708
ENSG,ENSIGN GROUP INC,29358P101,13512000.0,67057,0.0015622132885686928
PRCT,PROCEPT BIOROBOTICS CORP,74276L105,13477000.0,538863,0.0015581667029337088
NWSA,NEWS CORP NEW,65249B109,13444000.0,539251,0.001554351350763581
AQN,ALGONQUIN POWER & UTILITIES,015857105,13391000.0,2180803,0.0015482236639448907
QXO,QXO INC,82846H405,13389000.0,689423,0.0015479924304800346
LSCC,LATTICE SEMICONDUCTOR CORP,518415104,13336000.0,143767,0.0015418647436613443
CSL,CARLISLE COS INC,142339100,13331000.0,39957,0.0015412866599992037
CVLT,COMMVAULT SYS INC,204166102,13322000.0,171034,0.001540246109407351
MDLN,MEDLINE INC,58507V107,13280000.0,298420,0.00153539020664537
RPM,RPM INTL INC,749685103,13234000.0,133130,0.0015300718369536768
OKTA,OKTA INC,679295105,13184000.0,167495,0.0015242910003322708
NBIX,NEUROCRINE BIOSCIENCES INC,64125C109,13177000.0,100018,0.0015234816832052742
TOL,TOLL BROTHERS INC,889478103,13172000.0,96518,0.0015229035995431336
MOS,MOSAIC CO,61945C103,13155000.0,515871,0.0015209381150918556
BLDR,BUILDERS FIRSTSOURCE INC,12008R107,13148000.0,159687,0.0015201287979648588
BPOP,POPULAR INC,733174700,13148000.0,97989,0.0015201287979648588
CLYM,CLIMB BIO INC,28658R106,13132000.0,1916968,0.001518278930246009
HUBS,HUBSPOT INC,443573100,13111000.0,53710,0.0015158509788650186
PEN,PENUMBRA INC,70975L107,13076000.0,39820,0.0015118043932300345
KYTX,KYVERNA THERAPEUTICS INC,501976104,12974000.0,1503302,0.0015000114865223668
BRK/A,BERKSHIRE HATHAWAY INC DEL,084670108,12927000.0,18,0.0014945775000982453
TRU,TRANSUNION,89400J107,12922000.0,186754,0.0014939994164361048
LECO,LINCOLN ELEC HLDGS INC,533900106,12885000.0,51730,0.0014897215973362645
WYNN,WYNN RESORTS LTD,983134107,12843000.0,126468,0.0014848656945742836
NYT,NEW YORK TIMES CO MTN BE,650111107,12842000.0,153372,0.0014847500778418555
GGG,GRACO INC,384109104,12838000.0,151648,0.001484287610912143
ALLO,ALLOGENE THERAPEUTICS INC,019770106,12828000.0,5257186,0.001483131443587862
XYL,XYLEM INC,98419M100,12740000.0,106608,0.0014729571711341878
NAVN,NAVAN INC,639193101,12729000.0,961372,0.0014716853870774785
MRNA,MODERNA INC,60770K107,12722000.0,250427,0.0014708760699504817
BJ,BJS WHSL CLUB HLDGS INC,05550J101,12709000.0,129126,0.0014693730524289162
AFRM,AFFIRM HLDGS INC,00827B106,12682000.0,276774,0.001466251400653357
ENS,ENERSYS,29275Y102,12673000.0,72949,0.001465210850061504
BAX,BAXTER INTL INC,071813109,12645000.0,752655,0.0014619735815535168
TLN,TALEN ENERGY CORP,87422Q109,12569000.0,39372,0.00145318670988898
FIVE,FIVE BELOW INC,33829M101,12507000.0,54738,0.0014460184724784369
N/A,PHARVARIS N V,N69605108,12494000.0,442256,0.0014445154549568714
PFGC,PERFORMANCE FOOD GROUP CO,71377A103,12465000.0,145516,0.001441162569716456
CRL,CHARLES RIV LABS INTL INC,159864107,12423000.0,72015,0.0014363066669544752
RGA,REINSURANCE GROUP AMER INC,759351604,12408000.0,60772,0.0014345724159680535
IONS,IONIS PHARMACEUTICALS INC,462222100,12402000.0,165155,0.0014338787155734848
NCLH,NORWEGIAN CRUISE LINE HLDGS,G66721104,12388000.0,662443,0.0014322600813194912
WSO,WATSCO INC,942622200,12265000.0,33712,0.001418039223230833
CRWV,COREWEAVE INC,21873S108,12209000.0,157594,0.0014115646862148585
SMPL,SIMPLY GOOD FOODS CO,82900L102,12206000.0,850583,0.0014112178360175744
ELS,EQUITY LIFESTYLE PROPERTIES,29472R108,12150000.0,194648,0.0014047432990015997
PNFP,PINNACLE FINL PARTNERS INC,72348N109,12134000.0,140856,0.0014028934312827499
DTM,DT MIDSTREAM INC,23345M107,12132000.0,90082,0.0014026621978178938
FRT,FEDERAL RLTY INVT TR NEW,313745101,12089000.0,113817,0.0013976906783234847
WCC,WESCO INTL INC,95082P105,12066000.0,44095,0.0013950314934776382
RRX,REGAL REXNORD CORPORATION,758750103,12034000.0,64261,0.0013913317580399383
WBS,WEBSTER FINL CORP,947890109,11987000.0,172669,0.0013858977716158171
RMBS,RAMBUS INC DEL,750917106,11967000.0,139093,0.0013835854369672548
SCI,SERVICE CORP INTL,817565104,11949000.0,144810,0.0013815043357835485
TTMI,TTM TECHNOLOGIES INC,87305R109,11911000.0,122258,0.0013771108999512803
N/A,AMRIZE LTD,H2927K103,11891000.0,212258,0.001374798565302718
FDS,FACTSET RESH SYS INC,303075105,11884000.0,54767,0.001373989248175721
GWRE,GUIDEWIRE SOFTWARE INC,40171V100,11882000.0,79445,0.001373758014710865
TECH,BIO-TECHNE CORP,09073M104,11860000.0,226928,0.0013712144465974462
DY,DYCOM INDS INC,267475101,11825000.0,34898,0.0013671678609624622
ETR,ENTERGY CORP NEW,29364G103,11805000.0,105061,0.0013648555263139
OHI,OMEGA HEALTHCARE INVS INC,681936100,11615000.0,265044,0.0013428883471525582
AU,ANGLOGOLD ASHANTI PLC,G0378L100,11605000.0,119194,0.001341732179828277
ROKU,ROKU INC,77543R102,11592000.0,122509,0.0013402291623067115
RE,EVEREST GROUP LTD,G3223R108,11590000.0,35459,0.0013399979288418553
HSAI,HESAI GROUP,428050108,11588000.0,606060,0.001339766695376999
TOST,TOAST INC,888787108,11586000.0,437033,0.0013395354619121429
SOLS,SOLSTICE ADVANCED MATLS INC,83443Q103,11573000.0,151944,0.0013380324443905774
RIVN,RIVIAN AUTOMOTIVE INC,76954A103,11507000.0,764563,0.0013304017400503217
LAMR,LAMAR ADVERTISING CO,512816109,11502000.0,90806,0.0013298236563881812
IOT,SAMSARA INC,79589L106,11490000.0,362569,0.0013284362555990438
ELAN,ELANCO ANIMAL HEALTH INC,28414H103,11478000.0,479619,0.0013270488548099064
STTK,SHATTUCK LABS INC,82024L103,11464000.0,1782788,0.0013254302205559128
RYAAY,RYANAIR HOLDINGS PLC,783513203,11451000.0,198097,0.0013239272030343473
RRC,RANGE RES CORP,75281A109,11441000.0,253219,0.0013227710357100661
CG,CARLYLE GROUP INC,14316J108,11408000.0,235749,0.0013189556835399383
SLG,SL GREEN RLTY CORP,78440X887,11395000.0,308450,0.0013174526660183728
AWM,SKYWORKS SOLUTIONS INC,83088M102,11384000.0,212578,0.0013161808819616636
FNF,FIDELITY NATL FINL INC,31620R303,11375000.0,245248,0.0013151403313698105
CA8A,CACI INTL INC,127190304,11361000.0,20889,0.001313521697115817
CAG,CONAGRA BRANDS INC,205887102,11313000.0,719633,0.0013079720939592674
MDGL,MADRIGAL PHARMACEUTICALS INC,558868105,11303000.0,21591,0.0013068159266349862
SUX,TD SYNNEX CORPORATION,87162W100,11290000.0,66915,0.0013053129091134207
IONQ,IONQ INC,46222L108,11257000.0,390435,0.001301497556943293
EVR,EVERCORE INC,29977A105,11239000.0,37650,0.0012994164557595868
AOS,SMITH A O CORP,831865209,11236000.0,170396,0.0012990696055623025
EQH,EQUITABLE HLDGS INC,29452E101,11234000.0,302713,0.0012988383720974462
PTON,PELOTON INTERACTIVE INC,70614W100,11203000.0,2611224,0.0012952542533921747
ROIV,ROIVANT SCIENCES LTD,G76279101,11199000.0,404284,0.0012947917864624622
AR,ANTERO RESOURCES CORP,03674X106,11183000.0,263501,0.0012929419187436124
ADUS,ADDUS HOMECARE CORP,006739106,11159000.0,119146,0.0012901671171653376
CNM,CORE & MAIN INC,21874C102,11146000.0,225610,0.001288664099643772
WSM,WILLIAMS SONOMA INC,969904101,11146000.0,61128,0.001288664099643772
MDWD,MEDIWOUND LTD,M68830112,11127000.0,690636,0.0012864673817276381
TOUS,T ROWE PRICE ETF INC,87283Q834,11120000.0,321940,0.001285658064600641
BWA,BORGWARNER INC,099724106,11109000.0,204733,0.0012843862805439318
GLPI,GAMING & LEISURE P,36467J108,11096000.0,250069,0.0012828832630223663
MLI,MUELLER INDS INC,624756102,11076000.0,99955,0.001280570928373804
BXP,BXP INC,101121101,11028000.0,212468,0.0012750213252172545
TEAM,ATLASSIAN CORPORATION,049468101,11027000.0,161560,0.0012749057084848266
HSIC,SCHEIN HENRY INC,806407102,10982000.0,148998,0.0012697029555255612
EPAM,EPAM SYS INC,29414B104,10942000.0,80810,0.0012650782862284366
PINS,PINTEREST INC,72352L106,10912000.0,594969,0.001261609784255593
UNM,UNUM GROUP,91529Y106,10900000.0,149248,0.0012602223834664557
OC,OWENS CORNING NEW,690742101,10885000.0,100582,0.001258488132480034
IEX,IDEX CORP,45167R104,10882000.0,57407,0.0012581412822827496
DKS,DICKS SPORTING GOODS INC,253393102,10866000.0,54798,0.0012562914145638998
CHWY,CHEWY INC,16679L109,10853000.0,401959,0.0012547883970423345
SPXC,SPX TECHNOLOGIES INC,78473E103,10812000.0,54072,0.0012500481110127816
HII,HUNTINGTON INGALLS INDS INC,446413106,10794000.0,28412,0.0012479670098290755
AUR,AURORA INNOVATION INC,051774107,10718000.0,2601440,0.001239180138164539
PYPL,PAYPAL HLDGS INC,70450Y103,10718000.0,236964,0.001239180138164539
PRAX,PRAXIS PRECISION MEDICINES I,74006W207,10707000.0,33230,0.0012379083541078297
CCK,CROWN HLDGS INC,228368106,10697000.0,106701,0.0012367521867835485
MGM,MGM RESORTS INTERNATIONAL,552953101,10673000.0,288359,0.0012339773852052737
WTRG,ESSENTIAL UTILS INC,29670G102,10667000.0,264868,0.001233283684810705
PNC,PNC FINL SVCS GROUP INC,693475105,10603000.0,50950,0.0012258842139353057
FOX,FOX CORP,35137L204,10593000.0,199476,0.0012247280466110245
JAZZ,JAZZ PHARMACEUTICALS PLC,G50871105,10574000.0,55928,0.0012225313286948903
ACM,AECOM,00766T100,10572000.0,124631,0.0012223000952300339
ARE,ALEXANDRIA REAL ESTATE EQ IN,015271109,10541000.0,227076,0.0012187159765247623
IDA,IDACORP INC,451107106,10476000.0,73272,0.0012112008889169348
GTLS,CHART INDS INC,16115Q308,10463000.0,50607,0.0012096978713953695
COKE,COCA COLA CONS INC,191098102,10447000.0,54481,0.0012078480036765197
HWC,HANCOCK WHITNEY CORPORATION,410120109,10439000.0,164146,0.0012069230698170948
BEN,FRANKLIN RESOURCES INC,354613101,10377000.0,439291,0.0011997548324065516
PAAS,PAN AMERN SILVER CORP,697900108,10372000.0,189846,0.0011991767487444108
EIKN,EIKON THERAPEUTICS INC,282564103,10325000.0,975834,0.0011937427623202896
MANH,MANHATTAN ASSOCIATES INC,562750109,10307000.0,77426,0.0011916616611365835
EXEL,EXELIXIS INC,30161Q104,10302000.0,240182,0.0011910835774744427
SPSC,SPS COMM INC,78463M107,10236000.0,183859,0.0011834528731341873
TAP,MOLSON COORS BEVERAGE CO,60871R209,10231000.0,237580,0.0011828747894720468
ACAD,ACADIA PHARMACEUTICALS INC,004225108,10216000.0,458938,0.001181140538485625
HEI,HEICO CORP NEW,422806109,10208000.0,37228,0.0011802156046262
WMS,ADVANCED DRAIN SYS INC DEL,00790R104,10207000.0,74426,0.001180099987893772
DKNG,DRAFTKINGS INC NEW,26142V105,10183000.0,470978,0.0011773251863154972
RITM,RITHM CAPITAL CORP,64828T201,10163000.0,1072038,0.001175012851666935
NTNX,NUTANIX INC,67059N108,10154000.0,267125,0.0011739723010750819
ALLY,ALLY FINL INC,02005N100,10143000.0,258539,0.0011727005170183726
GLXY,GALAXY DIGITAL INC.,36317J209,10117000.0,548341,0.0011696944819752416
TTEK,TETRA TECH INC NEW,88162G103,10117000.0,335862,0.0011696944819752416
DEI,DOUGLAS EMMETT INC,25960P109,10112000.0,1073444,0.0011691163983131008
ARMK,ARAMARK,03852U106,10109000.0,249339,0.0011687695481158167
MEDP,MEDPACE HLDGS INC,58506Q109,10088000.0,21007,0.0011663415967348263
WTS,WATTS WATER TECHNOLOGIES INC,942749102,10085000.0,34739,0.001165994746537542
AFL,AFLAC INC,001055102,10084000.0,91910,0.0011658791298051138
EHC,ENCOMPASS HEALTH CORP,29261A100,10055000.0,103941,0.0011625262445646985
TXRH,TEXAS ROADHOUSE INC,882681109,10044000.0,60816,0.0011612544605079892
CARG,CARGURUS INC,141788109,10041000.0,294861,0.0011609076103107048
PSNL,PERSONALIS INC,71535D106,9995000.0,1568979,0.0011555892406190115
IDCC,INTERDIGITAL INC,45867G101,9967000.0,33002,0.0011523519721110243
BMRN,BIOMARIN PHARMACEUTICAL INC,09061G101,9956000.0,176236,0.001151080188054315
PLXS,PLEXUS CORP,729132100,9896000.0,48855,0.0011441431841086281
SAIA,SAIA INC,78709Y105,9877000.0,28115,0.001141946466192494
HALO,HALOZYME THERAPEUTICS INC,40637H109,9848000.0,152361,0.0011385935809520786
BRO,BROWN & BROWN INC,115236101,9848000.0,151019,0.0011385935809520786
TMSL,T ROWE PRICE ETF INC,87283Q826,9847000.0,268527,0.0011384779642196505
OMF,ONEMAIN HLDGS INC,68268W103,9829000.0,183743,0.0011363968630359444
BLD,TOPBUILD COR,89055F103,9818000.0,27946,0.0011351250789792351
FHN,FIRST HORIZON CORPORATION,320517105,9815000.0,431200,0.0011347782287819508
AS,AMER SPORTS INC,G0260P102,9810000.0,297977,0.0011342001451198102
SF,STIFEL FINL CORP,860630102,9797000.0,132523,0.0011326971275982447
OGE,OGE ENERGY CORP,670837103,9787000.0,204063,0.0011315409602739635
INGR,INGREDION INC,457187102,9761000.0,86634,0.0011285349252308325
DG,DOLLAR GEN CORP,256677105,9751000.0,82127,0.0011273787579065514
HRL,HORMEL FOODS CORP,440452100,9748000.0,430340,0.001127031907709267
PAC,GRUPO AEROPORTUNARIO DEL PAC,400506101,9694000.0,39265,0.0011207886041581488
BAH,BOOZ ALLEN HAMILTON HLDG COR,099502106,9677000.0,124015,0.0011188231197068708
EGP,EASTGROUP PPTYS INC,277276101,9677000.0,52281,0.0011188231197068708
SNA,SNAP ON INC,833034101,9649000.0,26565,0.0011155858511988838
AGNC,AGNC INVT CORP,00123Q104,9644000.0,961462,0.0011150077675367433
IOVA,IOVANCE BIOTHERAPEUTICS INC,462260100,9640000.0,2746408,0.0011145453006070306
IMRX,IMMUNEERING CORP,45254E107,9640000.0,1829188,0.0011145453006070306
UMBF,UMB FINL CORP,902788108,9639000.0,85457,0.0011144296838746027
BAM,BROOKFIELD ASSET MANAGMT LTD,113004105,9614000.0,216269,0.0011115392655638998
TTC,TORO CO,891092108,9613000.0,102876,0.0011114236488314715
ONTO,ONTO INNOVATION INC,683344105,9604000.0,46828,0.0011103830982396186
ARWR,ARROWHEAD PHARMACEUTICALS IN,04280A100,9598000.0,153070,0.0011096893978450497
KLIC,KULICKE & SOFFA INDS INC,501242101,9595000.0,145986,0.0011093425476477654
TRIN,TRINITY CAP INC,896442308,9594000.0,652202,0.0011092269309153375
POOL,POOL CORP,73278L105,9566000.0,47276,0.00110598966240735
NEWT,NEWTEKONE INC,652526203,9521000.0,869454,0.0011007869094480848
VNOM,VIPER ENERGY INC,64361Q101,9463000.0,201372,0.0010940811389672542
ERIE,ERIE INDTY CO,29530P102,9457000.0,37627,0.0010933874385726855
DINO,HF SINCLAIR CORP,403949100,9428000.0,151111,0.0010900345533322701
PAGS,PAGSEGURO DIGITAL LTD,G68707101,9363000.0,934402,0.0010825194657244426
ALV,AUTOLIV INC,052800109,9355000.0,88956,0.001081594531865018
MOG/A,MOOG INC,615394202,9349000.0,31945,0.0010809008314704492
AHR,AMERICAN HEALTHCARE REIT INC,398182303,9337000.0,197965,0.0010795134306813116
VIAV,VIAVI SOLUTIONS INC,925550105,9301000.0,279455,0.0010753512283138995
DT,DYNATRACE INC,268150109,9295000.0,251334,0.001074657527919331
DOCU,DOCUSIGN INC,256163106,9213000.0,194314,0.0010651769558602253
AIT,APPLIED INDL TECHNOLOGIES IN,03820C105,9193000.0,34647,0.001062864621211663
GMED,GLOBUS MED INC,379577208,9189000.0,106641,0.0010624021542819508
DAR,DARLING INGREDIENTS INC,237266101,9188000.0,148548,0.0010622865375495224
TVTX,TRAVERE THERAPEUTICS INC,89422G107,9156000.0,308159,0.001058586802111823
OTF,BLUE OWL TECHNOLOGY FIN CORP,095924106,9155000.0,738847,0.0010584711853793948
GLPI,GAMING & LEISURE P,36467J108,9075000.0,204511,0.0010492218467851456
BLBD,BLUE BIRD CORP,095306106,9035000.0,159079,0.001044597177488021
PRIM,PRIMORIS SVCS CORP,74164F103,9008000.0,62973,0.0010414755257124617
CYTK,CYTOKINETICS INC,23282W605,8964000.0,135992,0.0010363883894856248
CNM,CORE & MAIN INC,21874C102,8946000.0,181093,0.0010343072883019187
FLR,FLUOR CORP,343412102,8944000.0,191717,0.0010340760548370625
ESE,ESCO TECHNOLOGIES INC,296315104,8924000.0,31716,0.0010317637201885002
AMH,AMERICAN HOMES 4 RENT,02665T306,8922000.0,319533,0.001031532486723644
EVRG,EVERGY INC,30034W106,8909000.0,108745,0.0010300294692020785
CGNX,COGNEX CORP,192422103,8904000.0,181737,0.0010294513855399379
CTRE,CARETRUST REIT INC,14174T107,8901000.0,242839,0.0010291045353426535
NFG,NATIONAL FUEL GAS CO,636180101,8881000.0,94511,0.0010267922006940912
PCVX,VAXCYTE INC,92243G108,8875000.0,152721,0.0010260985002995225
NTNX,NUTANIX INC,67059N108,8858000.0,233025,0.0010241330158482444
ON,ON SEMICONDUCTOR CORP,682189105,8852000.0,142956,0.0010234393154536759
CUBE,CUBESMART,229663109,8816000.0,240520,0.0010192771130862637
POR,PORTLAND GEN ELEC CO,736508847,8816000.0,167060,0.0010192771130862637
MC,MOELIS & CO,60786M105,8816000.0,154660,0.0010192771130862637
SYY,SYSCO CORP,871829107,8779000.0,123069,0.0010149992939864235
SM,SM ENERGY COMPANY,78454L100,8756000.0,280816,0.0010123401091405768
AGX,ARGAN INC,04010E109,8751000.0,16066,0.0010117620254784362
SITM,SITIME CORP,82982T106,8690000.0,25160,0.0010047094048003212
EEFT,EURONET WORLDWIDE INC,298736109,8671000.0,130641,0.001002512686884187
DCI,DONALDSON INC,257651109,8642000.0,101821,0.0009991598016437717
RING,ISHARES INC,46434G855,8624000.0,109182,0.0009970787004600656
CRC,CALIFORNIA RES CORP,13057Q305,8617000.0,124480,0.0009962693833330688
AXSM,AXSOME THERAPEUTICS INC.,05464T104,8615000.0,50967,0.0009960381498682125
FLS,FLOWSERVE CORP,34354P105,8609000.0,117102,0.0009953444494736439
ALSN,ALLISON TRANSMISSION HLDGS I,01973R101,8599000.0,73454,0.0009941882821493627
OMF,ONEMAIN HLDGS INC,68268W103,8558000.0,159975,0.00098944799611981
PL,PLANET LABS PBC,72703X106,8541000.0,305561,0.000987482511668532
AYI,ACUITY INC,00508Y102,8539000.0,30469,0.0009872512782036758
ORI,OLD REP INTL CORP,680223104,8530000.0,213774,0.0009862107276118227
AXS,AXIS CAP HLDGS LTD,G0692U109,8473000.0,83547,0.0009796205738634202
JBTM,JBT MAREL CORPORATION,477839104,8437000.0,65976,0.000975458371496008
N/A,MAGNUM ICE CREAM CO NV,N5505D105,8402000.0,561971,0.000971411785861024
FMF,FORMFACTOR INC,346375108,8396000.0,86558,0.0009707180854664553
FCFS,FIRSTCASH HOLDINGS INC,33768G107,8385000.0,44599,0.000969446301409746
KNX,KNIGHT-SWIFT TRANSN HLDGS IN,499049104,8377000.0,145484,0.0009685213675503211
CNHI,CNH INDL N V,N20944109,8373000.0,761161,0.0009680589006206086
GRAB,GRAB HOLDINGS LIMITED,G4124C109,8362000.0,2284486,0.0009667871165638994
IEFA,ISHARES TR,46432F842,8345000.0,92173,0.0009648216321126214
BBVA,BANCO BILBAO VIZCAYA ARGENTA,05946K101,8327000.0,384411,0.0009627405309289153
OSK,OSHKOSH CORP,688239201,8320000.0,56514,0.0009619312138019186
CWAN,CLEARWATER ANALYTICS HLDGS I,185123106,8272000.0,349732,0.000956381610645369
MUSA,MURPHY USA INC,626755102,8227000.0,16654,0.0009511788576861038
LFUS,LITTELFUSE INC,537008104,8202000.0,24168,0.0009482884393754009
COLB,COLUMBIA BKG SYS INC,197236102,8202000.0,298984,0.0009482884393754009
OSK,OSHKOSH CORP,688239201,8177000.0,55545,0.000945398021064698
MSA,MSA SAFETY INC,553498106,8160000.0,49770,0.0009434325366134202
MASI,MASIMO CORP,574795100,8152000.0,45830,0.0009425076027539951
SSB,SOUTHSTATE BK CORP,84472E102,8085000.0,87382,0.0009347612816813115
AFG,AMERICAN FINANCIAL GROUP INC,025932104,8025000.0,62831,0.0009278242777356246
SNEX,STONEX GROUP INC,861896108,8024000.0,99490,0.0009277086610031965
GME,GAMESTOP CORP,36467W109,8019000.0,348030,0.0009271305773410559
SANM,SANMINA CORP,801056102,8005000.0,61746,0.0009255119430870623
BL,BLACKLINE INC,09239B109,7976000.0,215564,0.0009221590578466469
LUMN,LUMEN TECHNOLOGIES INC,550241103,7976000.0,1147573,0.0009221590578466469
NI,NISOURCE INC,65473P105,7973000.0,170874,0.0009218122076493625
BRX,BRIXMOR PPTY GROUP INC,11120U105,7954000.0,276154,0.0009196154897332284
CAVA,CAVA GROUP INC,148929102,7952000.0,98290,0.0009193842562683721
SYM,SYMBOTIC INC,87151X101,7949000.0,149410,0.0009190374060710878
WF2,WINTRUST FINL CORP,97650W108,7942000.0,57157,0.0009182280889440909
SN,SHARKNINJA INC,G8068L108,7937000.0,74942,0.0009176500052819503
SMTC,SEMTECH CORP,816850101,7928000.0,103097,0.0009166094546900973
INSP,INSPIRE MED SYS INC,457730109,7909000.0,153329,0.0009144127367739632
ACM,AECOM,00766T100,7890000.0,93010,0.000912216018857829
ADC,AGREE RLTY CORP,008492100,7884000.0,104582,0.0009115223184632603
NTR,NUTRIEN LTD,67077M108,7879000.0,104411,0.0009109442348011197
IDA,IDACORP INC,451107106,7863000.0,54996,0.0009090943670822698
PAY,PAYMENTUS HOLDINGS INC,70439P108,7830000.0,308234,0.0009052790149121421
TRNO,TERRENO RLTY CORP,88146M101,7800000.0,126992,0.0009018105129392986
WFRD,WEATHERFORD INTL PLC,G48833118,7796000.0,82426,0.0009013480460095862
ZM,ZOOM COMMUNICATIONS INC,98980L101,7793000.0,96936,0.0009010011958123017
CFR,CULLEN FROST BANKERS INC,229899109,7791000.0,56833,0.0009007699623474456
HQY,HEALTHEQUITY INC,42226A107,7790000.0,93205,0.0009006543456150175
TRL,DAVITA INC,23918K108,7765000.0,50518,0.0008977639273043146
REXR,REXFORD INDL RLTY INC,76169C100,7736000.0,236350,0.0008944110420638993
CMC,COMMERCIAL METALS CO,201723103,7734000.0,125893,0.000894179808599043
MANH,MANHATTAN ASSOCIATES INC,562750109,7727000.0,58038,0.0008933704914720463
ALKS,ALKERMES PLC,G01767105,7725000.0,218458,0.00089313925800719
ON1,OLD NATL BANCORP IND,680033107,7720000.0,349310,0.0008925611743450494
HNM,ORMAT TECHNOLOGIES INC,686688102,7720000.0,68977,0.0008925611743450494
TEX,TEREX CORP NEW,880779103,7705000.0,130365,0.0008908269233586277
GTES,GATES INDL CORP PLC,G39108108,7692000.0,340177,0.0008893239058370623
SMTC,SEMTECH CORP,816850101,7672000.0,99770,0.0008870115711885
ZION,ZIONS BANCORPORATION NATL AS,989701107,7672000.0,133143,0.0008870115711885
CRCL,CIRCLE INTERNET GROUP INC,172573107,7671000.0,80393,0.0008868959544560718
EMN,EASTMAN CHEM CO,277432100,7669000.0,100477,0.0008866647209912155
AGCO,AGCO CORP,001084102,7669000.0,66178,0.0008866647209912155
ANRO,ALTO NEUROSCIENCE INC,02157Q109,7666000.0,340980,0.0008863178707939312
JXN,JACKSON FINANCIAL INC,46817M107,7631000.0,72178,0.0008822712851589471
CR,CRANE COMPANY,224408104,7615000.0,44529,0.0008804214174400973
ARQT,ARCUTIS BIOTHERAPEUTICS INC,03969K108,7580000.0,321730,0.0008763748318051133
SXT,SENSIENT TECHNOLOGIES CORP,81725T100,7562000.0,87482,0.0008742937306214073
VSAT,VIASAT INC,92552V100,7534000.0,164481,0.00087105646211342
SFM,SPROUTS FMRS MKT INC,85208M102,7490000.0,97103,0.0008659693258865829
TTEK,TETRA TECH INC NEW,88162G103,7488000.0,248600,0.0008657380924217267
IBP,INSTALLED BLDG PRODS INC,45780R101,7484000.0,28223,0.0008652756254920142
EAT,BRINKER INTL INC,109641100,7476000.0,52360,0.0008643506916325893
YOU,CLEAR SECURE INC,18467V109,7461000.0,154114,0.0008626164406461675
DKNG,DRAFTKINGS INC NEW,26142V105,7461000.0,345081,0.0008626164406461675
AGIO,AGIOS PHARMACEUTICALS INC,00847X104,7409000.0,218978,0.0008566043705599056
SLAB,SILICON LABORATORIES INC,826919102,7378000.0,35441,0.0008530202518546341
KNF,KNIFE RIVER CORP,498894104,7369000.0,90248,0.000851979701262781
MSA,MSA SAFETY INC,553498106,7364000.0,44916,0.0008514016176006404
ATR,APTARGROUP INC,038336103,7363000.0,58421,0.0008512860008682123
VOYA,VOYA FINANCIAL INC,929089100,7362000.0,107754,0.0008511703841357842
DOCN,DIGITALOCEAN HLDGS INC,25402D102,7358000.0,85775,0.0008507079172060718
KRYS,KRYSTAL BIOTECH INC,501147102,7345000.0,28432,0.0008492048996845061
PRI,PRIMERICA INC,74164M108,7340000.0,29300,0.0008486268160223656
VSNT,VERSANT MEDIA GROUP INC,925283103,7338000.0,198198,0.0008483955825575094
UGI,UGI CORP NEW,902681105,7334000.0,201369,0.000847933115627797
W,WAYFAIR INC,94419L101,7327000.0,97419,0.0008471237985008002
AMG,AFFILIATED MANAGERS GROUP,008252108,7318000.0,26445,0.0008460832479089471
OTTR,OTTER TAIL CORP,689648103,7311000.0,83289,0.0008452739307819502
TWLO,TWILIO INC,90138F102,7291000.0,57940,0.0008429615961333879
GXO,GXO LOGISTICS INCORPORATED,36262G101,7288000.0,140543,0.0008426147459361037
JPX,AEROVIRONMENT INC,008073108,7286000.0,39802,0.0008423835124712473
MIDD,MIDDLEBY CORP,596278101,7286000.0,54952,0.0008423835124712473
CHRD,CHORD ENERGY CORPORATION,674215207,7283000.0,51219,0.0008420366622739631
TDC,TERADATA CORP DEL,88076W103,7254000.0,283001,0.0008386837770335478
ZWS,ZURN ELKAY WATER SOLNS CORP,98983L108,7247000.0,161599,0.000837874459906551
FSS,FEDERAL SIGNAL CORP,313855108,7235000.0,66895,0.0008364870591174135
ENS,ENERSYS,29275Y102,7227000.0,41596,0.0008355621252579886
R,RYDER SYS INC,783549108,7227000.0,35302,0.0008355621252579886
THR,THERMON GROUP HLDGS INC,88362T103,7224000.0,143322,0.0008352152750607043
SEIC,SEI INVTS CO,784117103,7211000.0,91883,0.0008337122575391387
TFC,TRUIST FINL CORP,89832Q109,7196000.0,156524,0.000831978006552717
HXL,HEXCEL CORP NEW,428291108,7193000.0,88871,0.0008316311563554327
MGY,MAGNOLIA OIL & GAS CORP,559663109,7193000.0,227819,0.0008316311563554327
LMT,LOCKHEED MARTIN CORP,539830109,7192000.0,11899,0.0008315155396230046
PCOR,PROCORE TECHNOLOGIES INC,74275K108,7183000.0,126012,0.0008304749890311516
VMI,VALMONT INDS INC,920253101,7158000.0,17914,0.0008275845707204487
PTGX,PROTAGONIST THERAPEUTICS INC,74366E102,7155000.0,67875,0.0008272377205231644
ACWX,ISHARES TR,464288240,7149000.0,104400,0.0008265440201285956
CRWV,COREWEAVE INC,21873S108,7149000.0,92268,0.0008265440201285956
MTDR,MATADOR RES CO,576485205,7136000.0,112932,0.00082504100260703
U,UNITY SOFTWARE INC,91332U101,7116000.0,324332,0.0008227286679584677
LKQ1,LKQ CORP,501889208,7115000.0,242227,0.0008226130512260398
ESI,ELEMENT SOLUTIONS INC,28618M106,7103000.0,208029,0.0008212256504369023
TAXE,T ROWE PRICE ETF INC,87283Q818,7070000.0,139372,0.0008174102982667746
CE,CELANESE CORP DEL,150870103,7068000.0,107461,0.0008171790648019183
FR,FIRST INDL RLTY TR INC,32054K103,7059000.0,122009,0.0008161385142100653
HCC,WARRIOR MET COAL INC,93627C101,7047000.0,75643,0.0008147511134209279
NNN,NNN REIT INC,637417106,7032000.0,167308,0.0008130168624345061
GATX,GATX CORP,361448103,6985000.0,40907,0.0008075828760103848
UFPI,UFP INDUSTRIES INC,90278Q108,6954000.0,75487,0.0008039987573051131
HLI,HOULIHAN LOKEY INC,441593100,6953000.0,48407,0.000803883140572685
HDB,HDFC BANK LTD,40415F101,6937000.0,278790,0.0008020332728538352
ASB,ASSOCIATED BANC-CORP,045487105,6936000.0,268194,0.0008019176561214072
THG,HANOVER INS GROUP INC,410867105,6933000.0,39989,0.0008015708059241227
GAP,GAP INC,364760108,6933000.0,286470,0.0008015708059241227
HALO,HALOZYME THERAPEUTICS INC,40637H109,6918000.0,107029,0.000799836554937701
BTSG,BRIGHTSPRING HEALTH SVCS INC,10950A106,6913000.0,162226,0.0007992584712755604
RIG,TRANSOCEAN LTD,H8817H100,6898000.0,1040311,0.0007975242202891387
MP,MP MATERIALS CORP,553368101,6868000.0,142295,0.0007940557183162952
OKLO,OKLO INC,02156V109,6853000.0,138193,0.0007923214673298735
CIB1N,GRUPO CIBEST SA,40090E106,6850000.0,94069,0.0007919746171325893
ARW,ARROW ELECTRS INC,042735100,6841000.0,47696,0.0007909340665407362
MUR,MURPHY OIL CORP,626717102,6837000.0,165723,0.0007904715996110236
AM,ANTERO MIDSTREAM CORP,03676B102,6824000.0,299263,0.0007889685820894581
MOH,MOLINA HEALTHCARE INC,60855R100,6815000.0,51118,0.0007879280314976052
UBSI,UNITED BANKSHARES INC WEST V,909907107,6801000.0,164189,0.0007863093972436116
VAL,VALARIS LTD,G9460G101,6783000.0,69179,0.0007842282960599054
GKOS,GLAUKOS CORP,377322102,6773000.0,62903,0.0007830721287356243
SITE,SITEONE LANDSCAPE SUPPLY INC,82982L103,6761000.0,50788,0.000781684727946487
NBIX,NEUROCRINE BIOSCIENCES INC,64125C109,6751000.0,51238,0.0007805285606222058
SHEL,SHELL PLC,780259305,6726000.0,72317,0.000777638142311503
Z,ZILLOW GROUP INC,98954M200,6716000.0,162296,0.0007764819749872218
POR,PORTLAND GEN ELEC CO,736508847,6711000.0,127162,0.0007759038913250812
UGI,UGI CORP NEW,902681105,6704000.0,184063,0.0007750945741980843
CRUS,CIRRUS LOGIC INC,172755100,6702000.0,46336,0.0007748633407332282
FUTU,FUTU HLDGS LTD,36118L106,6702000.0,49005,0.0007748633407332282
BFAM,BRIGHT HORIZONS FAM SOL IN D,109194100,6702000.0,81594,0.0007748633407332282
BMI,BADGER METER INC,056525108,6683000.0,43862,0.0007726666228170939
BF/B,BROWN FORMAN CORP,115637209,6682000.0,252709,0.0007725510060846659
FLR,FLUOR CORP,343412102,6666000.0,142886,0.000770701138365816
VIK,VIKING HOLDINGS LTD,G93A5A101,6660000.0,90626,0.0007700074379712473
KEX,KIRBY CORP,497266106,6658000.0,50099,0.000769776204506391
RGEN,REPLIGEN CORP,759916109,6631000.0,56279,0.000766654552730832
NE,NOBLE CORP PLC,G65431127,6630000.0,135103,0.0007665389359984039
GBCI,GLACIER BANCORP INC NEW,37637Q105,6625000.0,148297,0.0007659608523362633
NPO,ENPRO INC,29355X107,6622000.0,26416,0.000765614002138979
SPY,STATE STR SPDR S&P 500 ETF T,78462F103,6620000.0,10178,0.0007653827686741227
AWI,ARMSTRONG WORLD INDS INC NEW,04247X102,6615000.0,40137,0.0007648046850119821
AROC,ARCHROCK INC,03957W106,6609000.0,189906,0.0007641109846174133
RBRK,RUBRIK INC.,781154109,6553000.0,133800,0.000757636447601439
IEFA,ISHARES TR,46432F842,6548000.0,72323,0.0007570583639392984
CHKP,CHECK POINT SOFTWARE TECH LT,M22465104,6539000.0,45773,0.0007560178133474454
MTCH,MATCH GROUP INC NEW,57667L107,6518000.0,212219,0.000753589861966455
INGR,INGREDION INC,457187102,6507000.0,57757,0.0007523180779097456
NEM,NEWMONT CORP,651639106,6504000.0,60078,0.0007519712277124613
QLYS,QUALYS INC,74758T303,6491000.0,73878,0.0007504682101908958
INDA,ISHARES TR,46429B598,6487000.0,138488,0.0007500057432611834
TMHC,TAYLOR MORRISON HOME CORP,87724P106,6487000.0,111383,0.0007500057432611834
DOCS,DOXIMITY INC,26622P107,6483000.0,278203,0.0007495432763314709
LW,LAMB WESTON HLDGS INC,513272104,6477000.0,153260,0.0007488495759369022
EEM,ISHARES TR,464287234,6473000.0,113970,0.0007483871090071898
SWX,SOUTHWEST GAS HLDGS INC,844895102,6467000.0,74411,0.0007476934086126211
CHYM,CHIME FINL INC,16935C109,6449000.0,344273,0.000745612307428915
RHP,RYMAN HOSPITALITY PPTYS INC,78377T107,6448000.0,69878,0.0007454966906964869
AAL,AMERICAN AIRLINES GROUP INC,02376R102,6446000.0,600178,0.0007452654572316307
AAOI,APPLIED OPTOELECTRONICS INC,03823U102,6436000.0,76081,0.0007441092899073495
NVS,NOVARTIS AG,66987V109,6436000.0,42130,0.0007441092899073495
N/A,IMMATICS N.V,N44445109,6418000.0,652170,0.0007420281887236434
APLD,APPLIED DIGITAL CORP,038169207,6416000.0,270232,0.0007417969552587872
GVA,GRANITE CONSTR INC,387328107,6412000.0,53486,0.0007413344883290747
BCPC,BALCHEM CORP,057665200,6408000.0,37809,0.0007408720213993623
SSD,SIMPSON MFG INC,829073105,6406000.0,37321,0.000740640787934506
CNX,CNX RES CORP,12653C108,6394000.0,165837,0.0007392533871453687
SEE,SEALED AIR CORP NEW,81211K100,6380000.0,151723,0.000737634752891375
NUVL,NUVALENT INC,670703107,6378000.0,62249,0.0007374035194265188
ZBIO,ZENAS BIOPHARMA INC,98937L105,6376000.0,326093,0.0007371722859616626
WDAY,WORKDAY INC,98138H101,6375000.0,49063,0.0007370566692292345
ARES 6.75 10/01/27 B,ARES MANAGEMENT CORPORATION,03990B309,6359000.0,175741,0.0007352068015103846
RYN,RAYONIER INC,754907103,6356000.0,308238,0.0007348599513131003
COGT,COGENT BIOSCIENCES INC,19240Q201,6343000.0,164780,0.0007333569337915348
PLNT,PLANET FITNESS MASTER ISSUER,72703H101,6342000.0,85261,0.0007332413170591067
SYF,SYNCHRONY FINANCIAL,87165B103,6333000.0,93100,0.0007322007664672536
BDC,BELDEN INC,077454106,6319000.0,55023,0.00073058213221326
KNSL,KINSALE CAP GROUP INC,49714P108,6304000.0,18451,0.0007288478812268383
KYMR,KYMERA THERAPEUTICS INC,501575104,6296000.0,75587,0.0007279229473674133
VSEC,VSE CORP,918284100,6295000.0,34136,0.0007278073306349852
TKR,TIMKEN CO,887389104,6288000.0,62520,0.0007269980135079884
AL,AIR LEASE CORP,00912X302,6283000.0,96746,0.0007264199298458478
MATX,MATSON INC,57686G105,6276000.0,38277,0.000725610612718851
EPRT,ESSENTIAL PPTYS RLTY TR INC,29670E107,6269000.0,206481,0.0007248012955918542
NOV,NOV INC,62955J103,6269000.0,333246,0.0007248012955918542
ACA,ARCOSA INC,039653100,6260000.0,58976,0.0007237607450000012
OGS,ONE GAS INC,68235P108,6250000.0,72563,0.00072260457767572
N/A,KLARNA GROUP PLC,G5279N105,6247000.0,477206,0.0007222577274784357
FLUT,FLUTTER ENTMT PLC,G3643J108,6242000.0,61223,0.0007216796438162951
ACMR,ACM RESH INC,00108J109,6238000.0,158502,0.0007212171768865828
JHG,JANUS HENDERSON GROUP PLC,G4474Y214,6216000.0,120997,0.0007186736087731641
LNTH,LANTHEUS HLDGS INC,516544103,6193000.0,81635,0.0007160144239273176
CPB,THE CAMPBELLS COMPANY,134429109,6171000.0,277083,0.0007134708558138989
CART,MAPLEBEAR INC,565394103,6168000.0,164642,0.0007131240056166147
JEF,JEFFERIES FINANCIAL GROUP IN,47233W109,6165000.0,149378,0.0007127771554193302
HPE,HEWLETT PACKARD ENTERPRISE C,42824C109,6154000.0,258452,0.000711505371362621
HBNC,HORIZON BANCORP IND,440407104,6148000.0,370983,0.0007108116709680524
BKH,BLACK HILLS CORP,092113109,6119000.0,88145,0.0007074587857276369
NJR,NEW JERSEY RES CORP,646025106,6106000.0,111166,0.0007059557682060715
PHIN,PHINIA INC,71880K101,6103000.0,89167,0.0007056089180087872
ARM,ARM HOLDINGS PLC,042068205,6090000.0,40253,0.0007041059004872216
BROS,DUTCH BROS INC,26701L100,6087000.0,120140,0.0007037590502899372
KRG,KITE REALTY GROUP TRUST,49803T300,6075000.0,247420,0.0007023716495007999
ABCB,AMERIS BANCORP,03076K108,6074000.0,77881,0.0007022560327683717
VLY,VALLEY NATL BANCORP,919794107,6073000.0,494523,0.0007021404160359437
ESAB,ESAB CORPORATION,29605J106,6072000.0,62811,0.0007020247993035155
TXNM,TXNM ENERGY INC,69349H107,6072000.0,103865,0.0007020247993035155
PLXS,PLEXUS CORP,729132100,6070000.0,29968,0.0007017935658386593
PIPR,PIPER SANDLER COMPANIES,724078209,6068000.0,79268,0.0007015623323738032
IMVT,IMMUNOVANT INC,45258J102,6053000.0,243678,0.0006998280813873814
HUM,HUMANA INC,444859102,6051000.0,34898,0.0006995968479225252
ESNT,ESSENT GROUP LTD,G3198U102,6045000.0,103424,0.0006989031475279564
SR,SPIRE INC,84857L101,6030000.0,66591,0.0006971688965415347
ROAD,CONSTRUCTION PARTNERS INC,21044C107,6030000.0,54261,0.0006971688965415347
AAON,AAON INC,000360206,6028000.0,72844,0.0006969376630766785
PTCT,PTC THERAPEUTICS INC,69366J200,6022000.0,88387,0.0006962439626821097
ORCL 6.5 01/15/29 D,ORACLE CORP,68389X204,6003000.0,133366,0.0006940472447659757
HWC,HANCOCK WHITNEY CORPORATION,410120109,5989000.0,94178,0.000692428610511982
LPX,LOUISIANA PAC CORP,546347105,5974000.0,82105,0.0006906943595255603
ORCL 6.5 01/15/29 D,ORACLE CORP,68389X204,5972000.0,132668,0.000690463126060704
ST,SENSATA TECHNOLOGIES HLDG PL,G8060N102,5949000.0,168909,0.0006878039412148574
OFG,OFG BANCORP,67103X102,5948000.0,146996,0.0006876883244824293
LC,LENDINGCLUB ISSUANCE TR SER,52603A208,5929000.0,413991,0.0006854916065662951
MKTX,MARKETAXESS HLDGS INC,57060D108,5927000.0,35920,0.0006852603731014389
QBTS,D-WAVE QUANTUM INC,26740W109,5921000.0,410310,0.0006845666727068702
CRC,CALIFORNIA RES CORP,13057Q305,5916000.0,85461,0.0006839885890447296
FAF,FIRST AMERN FINL CORP,31847R102,5909000.0,98005,0.0006831792719177328
WH,WYNDHAM HOTELS & RESORTS INC,98311A105,5884000.0,72425,0.0006802888536070299
TPG,TPG INC,872657101,5881000.0,145167,0.0006799420034097456
QRVO,QORVO INC,74736K101,5867000.0,75799,0.000678323369155752
POWL,POWELL INDS INC,739128106,5851000.0,10813,0.0006764735014369021
CHWY,CHEWY INC,16679L109,5843000.0,216387,0.0006755485675774772
TRDA,ENTRADA THERAPEUTICS INC,29384C108,5839000.0,462667,0.0006750861006477647
SRRK,SCHOLAR ROCK HLDG CORP,80706P103,5825000.0,118476,0.0006734674663937711
ALV,AUTOLIV INC,052800109,5823000.0,55366,0.0006732362329289149
EXP,EAGLE MATLS INC,26969P108,5822000.0,30728,0.0006731206161964868
PB,PROSPERITY BANCSHARES INC,743606105,5821000.0,86638,0.0006730049994640587
VFC,V F CORP,918204108,5806000.0,341681,0.0006712707484776369
FND,FLOOR & DECOR HLDGS INC,339750101,5802000.0,114204,0.0006708082815479245
TERN,TERNS PHARMACEUTICALS INC,880881107,5801000.0,110028,0.0006706926648154964
LEA,LEAR CORP,521865204,5801000.0,47908,0.0006706926648154964
CTSH,COGNIZANT TECHNOLOGY SOLUTIO,192446102,5795000.0,94458,0.0006699989644209277
YMM,FULL TRUCK ALLIANCE CO LTD,35969L108,5791000.0,697661,0.0006695364974912152
CWST,CASELLA WASTE SYS INC,147448104,5773000.0,72757,0.0006674553963075091
LSTR,LANDSTAR SYS INC,515098101,5773000.0,36009,0.0006674553963075091
HOMB,HOME BANCSHARES INC,436893200,5770000.0,214259,0.0006671085461102248
OLLI,OLLIES BARGAIN OUTLET HLDGS,681116109,5751000.0,62483,0.0006649118281940906
GFL,GFL ENVIRONMENTAL INC,36168Q104,5728000.0,137289,0.0006622526433482439
STAG,STAG INDUSTRIAL INC,85254J102,5725000.0,158761,0.0006619057931509596
TIGO,MILLICOM INTL CELLULAR S A,L6388F110,5716000.0,76265,0.0006608652425591065
CELH,CELSIUS HLDGS INC,15118V207,5714000.0,161040,0.0006606340090942503
MUFG,MITSUBISHI UFJ FINL-SPON ADR,606822104,5706000.0,336212,0.0006597090752348254
CP,CANADIAN PACIFIC KANSAS CITY,13646K108,5694000.0,72384,0.000658321674445688
FCN,FTI CONSULTING INC,302941109,5693000.0,32201,0.0006582060577132599
CBSH,COMMERCE BANCSHARES INC,200525103,5681000.0,115452,0.0006568186569241225
GXO,GXO LOGISTICS INCORPORATED,36262G101,5678000.0,109492,0.0006564718067268382
ECG,EVERUS CONSTR GROUP,300426103,5675000.0,48067,0.0006561249565295538
BOOT,BOOT BARN HLDGS INC,099406100,5666000.0,38712,0.0006550844059377008
RYTM,RHYTHM PHARMACEUTICALS INC,76243J105,5660000.0,65079,0.0006543907055431321
MAC,MACERICH CO,554382101,5660000.0,299463,0.0006543907055431321
KGS,KODIAK GAS SVCS INC,50012A108,5649000.0,96852,0.0006531189214864228
PAYC,PAYCOM SOFTWARE INC,70432V102,5644000.0,46435,0.0006525408378242822
HR,HEALTHCARE RLTY TR,42226K105,5612000.0,330298,0.0006488411023865825
LAD,LITHIA MTRS INC,536797103,5606000.0,22446,0.0006481474019920139
UNM,UNUM GROUP,91529Y106,5593000.0,76578,0.0006466443844704484
W,WAYFAIR INC,94419L101,5581000.0,74197,0.000645256983681311
AXTA,AXALTA COATING SYS LTD,G0750C108,5581000.0,201464,0.000645256983681311
TDW,TIDEWATER INC NEW,88642R109,5569000.0,66644,0.0006438695828921736
AMAL,AMALGAMATED FINANCIAL CORP,022671101,5557000.0,142947,0.0006424821821030362
CORZ,CORE SCIENTIFIC INC NEW,21874A106,5539000.0,370216,0.0006404010809193301
LNC,LINCOLN NATL CORP IND,534187109,5536000.0,155923,0.0006400542307220458
JOBY,JOBY AVIATION INC,G65163100,5526000.0,668887,0.0006388980633977646
CHDN,CHURCHILL DOWNS INC,171484108,5523000.0,61478,0.0006385512132004803
LBRDK,LIBERTY BROADBAND CORP,530307305,5522000.0,109772,0.0006384355964680522
ZLAB,ZAI LAB LTD,98887Q104,5486000.0,291639,0.00063427339410064
AAON,AAON INC,000360206,5485000.0,66274,0.0006341577773682119
MSGS,MADISON SQUARE GRDN SPRT COR,55825T103,5478000.0,17043,0.0006333484602412151
CCB,COASTAL FINL CORP WA,19046P209,5473000.0,71908,0.0006327703765790745
FRPT,FRESHPET INC,358039105,5458000.0,92557,0.0006310361255926528
FBP,FIRST BANCORP CORPORATION,318672706,5450000.0,255111,0.0006301111917332279
RITM,RITHM CAPITAL CORP,64828T201,5445000.0,574288,0.0006295331080710873
OWL,BLUE OWL CAPITAL INC,09581B103,5430000.0,594672,0.0006277988570846656
TM,TOYOTA MOTOR CORP,892331307,5429000.0,26341,0.0006276832403522375
N/A,CRESCENT BIOPHARMA INC.,G2545C104,5424000.0,295251,0.000627105156690097
AUB,ATLANTIC UN BANKSHARES CORP,04911A107,5424000.0,151761,0.000627105156690097
G,GENPACT LIMITED,G3922B107,5413000.0,145306,0.0006258333726333876
ACI,ALBERTSONS COS INC,013091103,5397000.0,316669,0.0006239835049145377
MWA,MUELLER WTR PRODS INC,624758108,5384000.0,195822,0.0006224804873929724
MUB,ISHARES TR,464288414,5382000.0,50700,0.0006222492539281161
NOVT,NOVANTA INC,67000B104,5377000.0,45519,0.0006216711702659755
H,HYATT HOTELS CORP,448579102,5353000.0,37226,0.0006188963686877007
FSLY,FASTLY INC,31188V100,5315000.0,182884,0.0006145029328554323
TGTX,TG THERAPEUTICS INC,88322Q108,5309000.0,159788,0.0006138092324608637
LAUR,LAUREATE ED INC,518613203,5309000.0,152362,0.0006138092324608637
BB4,AXOS FINANCIAL INC,05465C100,5288000.0,62145,0.0006113812810798732
COMP,COMPASS INC,20464U100,5280000.0,722224,0.0006104563472204482
WELL,WELLTOWER INC,95040Q104,5279000.0,26698,0.0006103407304880202
MCRI,MONARCH CASINO & RESORT INC,609027107,5278000.0,55199,0.000610225113755592
APGE,APOGEE THERAPEUTICS INC,03770N101,5256000.0,62434,0.0006076815456421735
RGTI,RIGETTI COMPUTING INC,76655K103,5214000.0,371355,0.0006028256428801927
NXST,NEXSTAR MEDIA GROUP INC,65336K103,5210000.0,28811,0.0006023631759504803
ACLX,ARCELLX INC,03940C100,5202000.0,45305,0.0006014382420910554
KMX,CARMAX INC,143130102,5193000.0,124886,0.0006003976914992022
LBRT,LIBERTY ENERGY INC,53115L104,5191000.0,180219,0.000600166458034346
SBRA,SABRA HEALTH CARE REIT INC,78573L106,5184000.0,269552,0.0005993571409073493
FSUN,FIRSTSUN CAP BANCORP,33767U107,5181000.0,142100,0.0005990102907100648
LAZ,LAZARD INC,52110M109,5165000.0,121573,0.0005971604229912151
HUT,HUT 8 CORP,44812J104,5162000.0,110021,0.0005968135727939307
VICR,VICOR CORP,925815102,5157000.0,32031,0.0005962354891317902
WULF,TERAWULF INC,88080T104,5150000.0,356869,0.0005954261720047934
RJF,RAYMOND JAMES FINL INC,754730109,5141000.0,35504,0.0005943856214129402
OPCH,OPTION CARE HEALTH INC,68404L201,5138000.0,190839,0.000594038771215656
BUWA,BIO RAD LABS INC,090572207,5138000.0,18431,0.000594038771215656
TDS,TELEPHONE & DATA SYS INC,879433829,5133000.0,121910,0.0005934606875535154
MTG,MGIC INVT CORP WIS,552848103,5111000.0,194686,0.0005909171194400968
MIAX,MIAMI INTL HLDGS INC,59356Q108,5109000.0,131267,0.0005906858859752406
ESTC,ELASTIC N V,N14506104,5107000.0,102144,0.0005904546525103844
CGON,CG ONCOLOGY INC,156944100,5105000.0,75426,0.0005902234190455282
HASI,HA SUSTAINABLE INFRA CAP INC,41068X100,5098000.0,138716,0.0005894141019185314
KSPI,KASPI KZ JSC,48581R205,5093000.0,68748,0.0005888360182563908
IWB,ISHARES TR,464287622,5082000.0,14251,0.0005875642341996815
REZI,RESIDEO TECHNOLOGIES INC,76118Y104,5080000.0,150682,0.0005873330007348253
MYRG,MYR GROUP INC,55405W104,5074000.0,17971,0.0005866393003402566
VRSN,VERISIGN INC,92343E102,5069000.0,20406,0.000586061216678116
CZR,CAESARS ENTERTAINMENT INC NE,12769G100,5045000.0,190872,0.0005832864150998412
GTES,GATES INDL CORP PLC,G39108108,5042000.0,222978,0.0005829395649025569
AZZ,AZZ INC,002474104,5041000.0,40283,0.0005828239481701288
POST,POST HLDGS INC,737446104,5035000.0,50930,0.0005821302477755601
CORZ,CORE SCIENTIFIC INC NEW,21874A106,5034000.0,336479,0.000582014631043132
TFX,TELEFLEX INCORPORATED,879369106,5033000.0,42073,0.0005818990143107039
ASIC,ATEGRITY SPECIALTY IN CO HO,04681Y103,5023000.0,254044,0.0005807428469864227
WEC,WEC ENERGY GROUP INC,92939U106,5022000.0,43375,0.0005806272302539946
CRSP,CRISPR THERAPEUTICS AG,H17182108,4995000.0,105000,0.0005775055784784355
SONY,SONY GROUP CORP-SPONSORED ADR,835699307,4988000.0,240932,0.0005766962613514387
AVTR,AVANTOR INC,05352A100,4979000.0,634950,0.0005756557107595856
VSNT,VERSANT MEDIA GROUP INC,925283103,4978000.0,134452,0.0005755400940271575
RIOT,RIOT PLATFORMS INC,767292105,4977000.0,402664,0.0005754244772947294
HWKN,HAWKINS INC,420261109,4969000.0,32350,0.0005744995434353045
TPH,TRI POINTE HOMES INC,87265H109,4961000.0,106145,0.0005735746095758796
IBN,ICICI BANK LIMITED,45104G104,4951000.0,191133,0.0005724184422515984
STWD,STARWOOD PPTY TR INC,85571B105,4942000.0,286990,0.0005713778916597454
MMYT,MAKEMYTRIP LIMITED MAURITIUS,V5633W109,4938000.0,132413,0.0005709154247300329
FNB,F N B CORP,302520101,4933000.0,295013,0.0005703373410678923
NWS,NEWS CORP NEW,65249B208,4927000.0,172805,0.0005696436406733236
ROOT,ROOT INC,77664L207,4923000.0,111446,0.0005691811737436112
SAN,BANCO SANTANDER SA-SPON ADR,05964H105,4922000.0,436334,0.0005690655570111831
WEX,WEX INC,96208T104,4921000.0,32149,0.0005689499402787549
GAP,GAP INC,364760108,4921000.0,203320,0.0005689499402787549
IESC,IES HOLDINGS INC,44951W106,4919000.0,10323,0.0005687187068138987
ATGE,COVISTA INC,00737L103,4914000.0,42630,0.0005681406231517581
LYFT,LYFT INC,55087P104,4909000.0,369029,0.0005675625394896176
FOLD,AMICUS THERAPEUTIC,03152W109,4908000.0,339363,0.0005674469227571894
CSV,CARRIAGE SVCS INC,143905107,4903000.0,107359,0.0005668688390950489
PBF,PBF ENERGY INC,69318G106,4899000.0,102856,0.0005664063721653364
GRAB,GRAB HOLDINGS LIMITED,G4124C109,4896000.0,1337703,0.0005660595219680521
KRMN,KARMAN HLDGS INC,485924104,4888000.0,61060,0.0005651345881086271
CLF,CLEVELAND-CLIFFS INC NEW,185899101,4871000.0,576361,0.0005631691036573492
SIGI,SELECTIVE INS GROUP INC,816300107,4867000.0,64546,0.0005627066367276367
HAFC,HANMI FINL CORP,410495204,4860000.0,184348,0.0005618973196006399
WTM,WHITE MTNS INS GROUP LTD,G9618E107,4858000.0,2211,0.0005616660861357837
EQIX,EQUINIX INC,29444U700,4854000.0,4951,0.0005612036192060712
AMKR,AMKOR TECHNOLOGY INC,031652100,4851000.0,107708,0.0005608567690087869
YOU,CLEAR SECURE INC,18467V109,4845000.0,100077,0.0005601630686142182
BCO,BRINKS CO,109696104,4845000.0,46751,0.0005601630686142182
MIRM,MIRUM PHARMACEUTICALS INC,604749101,4842000.0,52407,0.0005598162184169338
FTDR,FRONTDOOR INC,35905A109,4828000.0,91332,0.0005581975841629402
PECO,PHILLIPS EDISON & CO INC,71844V201,4824000.0,128896,0.0005577351172332277
TECX,TECTONIC THERAPEUTIC INC,878972108,4824000.0,156054,0.0005577351172332277
VNT,VONTIER CORPORATION,928881101,4823000.0,135967,0.0005576195005007996
AIR,AAR CORP,000361105,4809000.0,43929,0.000556000866246806
STEP,STEPSTONE GROUP INC,85914M107,4807000.0,100728,0.0005557696327819499
WD5A,TRAVEL PLUS LEISURE CO,894164102,4805000.0,69436,0.0005555383993170936
PCTY,PAYLOCITY HLDG CORP,70438V106,4798000.0,44409,0.0005547290821900968
N/A,ALVOTECH,L01800108,4793000.0,1397107,0.0005541509985279562
HIMS,HIMS & HERS HEALTH INC,433000106,4784000.0,230414,0.0005531104479361031
TSA,ACI WORLDWIDE INC,004498101,4783000.0,116610,0.000552994831203675
CHE,CHEMED CORP NEW,16359R103,4781000.0,12656,0.0005527635977388188
BCYC,BICYCLE THERAPEUTICS PLC,088786108,4772000.0,1028243,0.0005517230471469659
LGND,LIGAND PHARMACEUTICALS INC,53220K504,4765000.0,23864,0.0005509137300199689
EPRT,ESSENTIAL PPTYS RLTY TR INC,29670E107,4764000.0,156893,0.0005507981132875408
CBT,CABOT CORP,127055101,4758000.0,63178,0.0005501044128929721
RAL,RALLIANT CORP,750940108,4756000.0,114352,0.0005498731794281159
TCBI,TEXAS CAP BANCSHARES INC,88224Q107,4751000.0,50065,0.0005492950957659753
MMSI,MERIT MED SYS INC,589889104,4743000.0,68795,0.0005483701619065504
NWE,NORTHWESTERN ENERGY GROUP IN,668074305,4740000.0,71882,0.0005480233117092661
BC,BRUNSWICK CORP,117043109,4737000.0,65104,0.0005476764615119818
BEPC,BROOKFIELD RENEWABLE CORP,11285B108,4732000.0,118784,0.0005470983778498412
KWR,QUAKER HOUGHTON,747316107,4730000.0,38069,0.0005468671443849849
GPI,GROUP 1 AUTOMOTIVE INC,398905109,4729000.0,14302,0.0005467515276525568
FULT,FULTON FINL CORP PA,360271100,4727000.0,232359,0.0005465202941877007
CSW,CSW INDUSTRIALS INC,126402106,4719000.0,18107,0.0005455953603282756
CELC,CELCUITY INC,15102K100,4718000.0,41329,0.0005454797435958475
WING,WINGSTOP INC,974155103,4718000.0,30439,0.0005454797435958475
MC,MOELIS & CO,60786M105,4712000.0,82661,0.0005447860432012789
ONDS,ONDAS INC,68236H204,4701000.0,519945,0.0005435142591445696
EA,ELECTRONIC ARTS INC,285512109,4700000.0,23050,0.0005433986424121416
PSMT,PRICESMART INC,741511109,4700000.0,31227,0.0005433986424121416
AUR,AURORA INNOVATION INC,051774107,4700000.0,1140711,0.0005433986424121416
NVR,NVR INC,62944T105,4699000.0,713,0.0005432830256797133
RDN,RADIAN GROUP INC,750236101,4696000.0,141955,0.000542936175482429
TILE,INTERFACE INC,458665304,4694000.0,188331,0.0005427049420175728
PEO,EXELON CORP,30161N101,4678000.0,95411,0.0005408550742987229
SPHR,SPHERE ENTERTAINMENT CO,55826T102,4677000.0,39837,0.0005407394575662949
ANF,ABERCROMBIE & FITCH CO,002896207,4669000.0,51090,0.0005398145237068699
QC10,FLAGSTAR BANK NATIONAL ASSOC,649445400,4669000.0,354466,0.0005398145237068699
AN,AUTONATION INC,05329W102,4667000.0,23900,0.0005395832902420137
RDNT,RADNET INC,750491102,4664000.0,83440,0.0005392364400447293
SLM,SLM CORP,78442P106,4653000.0,217324,0.00053796465598802
UNF,UNIFIRST CORP MASS,904708104,4645000.0,18462,0.0005370397221285952
VNO,VORNADO RLTY TR,929042109,4643000.0,178613,0.0005368084886637389
GSAT,GLOBALSTAR INC,378973507,4641000.0,69866,0.0005365772551988826
SON,SONOCO PRODS CO,835495102,4641000.0,85789,0.0005365772551988826
SKY,CHAMPION HOMES INC,830830105,4607000.0,61940,0.0005326462862963268
BFAM,BRIGHT HORIZONS FAM SOL IN D,109194100,4607000.0,56093,0.0005326462862963268
QC10,FLAGSTAR BANK NATIONAL ASSOC,649445400,4597000.0,348979,0.0005314901189720457
MHK,MOHAWK INDS INC,608190104,4594000.0,46654,0.0005311432687747612
LOPE,GRAND CANYON ED INC,38526M106,4584000.0,26958,0.0005299871014504801
FFIN,FIRST FINL BANKSHARES INC,32020R109,4581000.0,155551,0.0005296402512531957
EBC,EASTERN BANKSHARES INC,27627N105,4580000.0,234137,0.0005295246345207677
NTRS,NORTHERN TR CORP,665859104,4568000.0,32728,0.0005281372337316303
WSFS,WSFS FINL CORP,929328102,4566000.0,69741,0.000527906000266774
CRNX,CRINETICS PHARMACEUTICALS IN,22663K107,4562000.0,125595,0.0005274435333370616
MAT,MATTEL INC,577081102,4553000.0,313304,0.0005264029827452086
CIFR,CIPHER DIGITAL INC,17253J106,4534000.0,352233,0.0005242062648290743
RUSHA,RUSH ENTERPRISES INC,781846209,4533000.0,68563,0.0005240906480966463
CVCO,CAVCO INDS INC DEL,149568107,4528000.0,9349,0.0005235125644345057
OSIS,OSI SYSTEMS INC,671044105,4528000.0,17052,0.0005235125644345057
MIR,MIRION TECHNOLOGIES INC,60471A101,4519000.0,243046,0.0005224720138426526
ETSY,ETSY INC,29786A106,4498000.0,89990,0.0005200440624616622
EXLS,EXLSERVICE HLDGS INC,302081104,4493000.0,147540,0.0005194659787995217
LTH,LIFE TIME GROUP HOLDINGS INC,53190C102,4478000.0,166207,0.0005177317278130999
IWS,ISHARES TR,464287473,4474000.0,30693,0.0005172692608833874
ASB,ASSOCIATED BANC-CORP,045487105,4474000.0,172984,0.0005172692608833874
CENTA,CENTRAL GARDEN & PET CO,153527205,4468000.0,137792,0.0005165755604888188
MTH,MERITAGE HOMES CORP,59001A102,4441000.0,71813,0.0005134539087132597
SYRE,SPYRE THERAPEUTICS INC,00773J202,4440000.0,88009,0.0005133382919808316
PATK,PATRICK INDS INC,703343103,4439000.0,39958,0.0005132226752484033
FBIN,FORTUNE BRANDS INNOVATIONS I,34964C106,4434000.0,113772,0.0005126445915862628
AWN,ADVANCE AUTO PARTS INC,00751Y106,4424000.0,83859,0.0005114884242619816
POST,POST HLDGS INC,737446104,4408000.0,44581,0.0005096385565431319
CNO,CNO FINL GROUP INC,12621E103,4407000.0,107314,0.0005095229398107038
ITRI,ITRON INC,465741106,4402000.0,49111,0.0005089448561485632
AVT,AVNET INC,053807103,4402000.0,71437,0.0005089448561485632
COMM,VISTANCE NETWORKS INC,20337X109,4398000.0,241637,0.0005084823892188507
BSY,BENTLEY SYS INC,08265T208,4394000.0,125091,0.0005080199222891381
EXLS,EXLSERVICE HLDGS INC,302081104,4389000.0,144122,0.0005074418386269976
URI,UNITED RENTALS INC,911363109,4384000.0,6017,0.0005068637549648571
LMND,LEMONADE INC,52567D107,4375000.0,69795,0.0005058232043730041
OZK,BANK OZK LITTLE ROCK ARK,06417N103,4364000.0,95086,0.0005045514203162948
MRCY,MERCURY SYS INC,589378108,4359000.0,59779,0.0005039733366541542
GNTX,GENTEX CORP,371901109,4358000.0,199419,0.0005038577199217261
ENPH,ENPHASE ENERGY INC,29355A107,4354000.0,115136,0.0005033952529920136
MSM,MSC INDL DIRECT INC,553530106,4353000.0,47169,0.0005032796362595855
ASO,ACADEMY SPORTS & OUTDOORS IN,00402L107,4348000.0,77018,0.0005027015525974449
BYD,BOYD GAMING CORP,103304101,4347000.0,52891,0.0005025859358650168
TKR,TIMKEN CO,887389104,4343000.0,43179,0.0005021234689353044
MTN,VAIL RESORTS INC,91879Q109,4324000.0,33697,0.0004999267510191702
PLMR,PALOMAR HLDGS INC,69753M105,4322000.0,36167,0.000499695517554314
SSRM,SSR MINING IN,784730103,4321000.0,146940,0.0004995799008218858
LLYVK,LIBERTY LIVE HOLDINGS INC,530909308,4320000.0,45899,0.0004994642840894577
OTTR,OTTER TAIL CORP,689648103,4317000.0,49181,0.0004991174338921734
BBWI,BATH & BODY WORKS INC,070830104,4309000.0,230763,0.0004981925000327484
PATH,UIPATH INC,90364P105,4306000.0,387915,0.0004978456498354641
OUT,OUTFRONT MEDIA INC,69007J304,4304000.0,162387,0.0004976144163706079
APLS,APELLIS PHARMACEUTICALS INC,03753U106,4301000.0,106908,0.0004972675661733235
SFBS,SERVISFIRST BANCSHARES INC,81768T108,4299000.0,59024,0.0004970363327084673
DAN,DANA INC,235825205,4297000.0,127685,0.0004968050992436111
M,MACYS INC,55616P104,4292000.0,237212,0.0004962270155814705
PSKY,PARAMOUNT SKYDANCE CORP,69932A204,4291000.0,475681,0.0004961113988490424
BGC,BGC GROUP INC,088929104,4287000.0,438329,0.0004956489319193299
GNW,GENWORTH FINL INC,37247D106,4286000.0,527779,0.0004955333151869018
HP,HELMERICH & PAYNE INC,423452101,4273000.0,118575,0.0004940302976653363
NHI,NATIONAL HEALTH INVS INC,63633D104,4267000.0,52763,0.0004933365972707676
URBN,URBAN OUTFITTERS INC,917047102,4255000.0,67164,0.0004919491964816302
OII,OCEANEERING INTL INC,675232102,4240000.0,119520,0.0004902149454952085
VVV,VALVOLINE INC,92047W101,4238000.0,125824,0.0004899837120303523
INDV,INDIVIOR PHARMACEUTICALS INC,45579U109,4236000.0,138950,0.000489752478565496
PRMB,PRIMO BRANDS CORPORATION,741623102,4231000.0,224652,0.0004891743949033554
XP,XP INC,G98239109,4226000.0,221916,0.0004885963112412149
KLIC,KULICKE & SOFFA INDS INC,501242101,4225000.0,64281,0.0004884806945087868
PTEN,PATTERSON-UTI ENERGY INC,703481101,4222000.0,389771,0.00048813384431150246
LRN,STRIDE INC,86333M108,4220000.0,47860,0.0004879026108466462
SKT,TANGER INC,875465106,4215000.0,124032,0.0004873245271845056
IRTC,IRHYTHM HOLDINGS INC,450056106,4212000.0,35687,0.0004869776769872213
FUL,FULLER H B CO,359694106,4199000.0,68061,0.00048547465946565576
KTB,KONTOOR BRANDS INC,50050N103,4199000.0,59738,0.00048547465946565576
PARR,PAR PAC HOLDINGS INC,69888T207,4199000.0,67032,0.00048547465946565576
ESTC,ELASTIC N V,N14506104,4198000.0,83972,0.00048535904273322764
AWR,AMER STATES WTR CO,029899101,4182000.0,55300,0.00048350917501437785
SKYW,SKYWEST INC,830879102,4178000.0,45489,0.00048304670808466533
CROX,CROCS INC,227046109,4157000.0,50065,0.00048061875670367497
ALK,ALASKA AIR GROUP INC,011659109,4156000.0,112985,0.0004805031399712468
MGEE,MGE ENERGY INC,55277P104,4150000.0,53686,0.00047980943957667816
UCB,UNITED CMNTY BKS BLAIRSVLE G,90984P303,4148000.0,131706,0.00047957820611182187
KBR,KBR INC,48242W106,4145000.0,112449,0.0004792313559145376
INDB,INDEPENDENT BK CORP MASS,453836108,4143000.0,55081,0.0004790001224496813
CVLT,COMMVAULT SYS INC,204166102,4142000.0,53174,0.00047888450571725323
TEM,TEMPUS AI INC,88023B103,4137000.0,91467,0.00047830642205511266
EPR,EPR PPTYS,26884U109,4125000.0,82561,0.0004769190212659753
SXT,SENSIENT TECHNOLOGIES CORP,81725T100,4124000.0,47702,0.0004768034045335471
BFH,BREAD FINANCIAL HOLDINGS INC,018581108,4123000.0,55046,0.000476687787801119
NVST,ENVISTA HOLDINGS CORPORATION,29415F104,4121000.0,162405,0.00047645655433626276
IWP,ISHARES TR,464287481,4110000.0,32076,0.00047518477027955354
AWG,ASBURY AUTOMOTIVE GROUP INC,043436104,4091000.0,20932,0.0004729880523634193
GGAL,GRUPO FINANCIERO GALICIA S.A,399909100,4083000.0,87410,0.0004720631185039944
SAIC,SCIENCE APPLICATIONS INTL CO,808625107,4082000.0,43001,0.0004719475017715663
IBOC,INTERNATIONAL BANCSHARES COR,459044103,4055000.0,60253,0.0004688258499960072
BRC,BRADY CORP,104674106,4052000.0,49875,0.00046847899979872285
MMS,MAXIMUS INC,577933104,4039000.0,63004,0.0004669759822771573
AVA,AVISTA CORP,05379B107,4031000.0,100401,0.0004660510484177324
BKU,BANKUNITED INC,06652K103,4024000.0,89105,0.00046524173129073557
PDD,PDD HOLDINGS INC,722304102,4023000.0,39364,0.0004651261145583075
ONON,ON HLDG AG,H5919C104,4012000.0,117913,0.00046385433050159824
VSCO,VICTORIAS SECRET AND CO,926400102,4003000.0,86338,0.0004628137799097452
DUOL,DUOLINGO INC,26603R106,3997000.0,40543,0.0004621200795151765
GROY,GOLD ROYALTY CORP,38071H106,3996000.0,1116182,0.00046200446278274834
UHAL/B,U HAUL HOLDING COMPANY,023586506,3984000.0,89168,0.00046061706199361095
CALM,CAL MAINE FOODS INC,128030202,3982000.0,50304,0.0004603858285287548
KAI,KADANT INC,48282T104,3978000.0,13604,0.0004599233615990423
TPC,TUTOR PERINI CORP,901109108,3971000.0,51440,0.00045911404447204545
TSM,TAIWAN SEMICONDUCTOR MANUFAC,874039100,3969000.0,11742,0.0004588828110071892
WSBC,WESBANCO INC,950810101,3968000.0,115027,0.00045876719427476116
MCHP,MICROCHIP TECHNOLOGY INC.,595017104,3959000.0,61275,0.00045772664368290807
NEU,NEWMARKET CORP,651587107,3931000.0,6133,0.00045448937517492095
KOF,COCA-COLA FEMSA SAB DE CV,191241108,3928000.0,40262,0.00045414252497763655
RNST,RENASANT CORP,75970E107,3927000.0,108666,0.00045402690824520843
MORN,MORNINGSTAR INC,617700109,3927000.0,23225,0.00045402690824520843
BBOT,BRIDGEBIO ONCOLOGY THERAPEUT,107924102,3920000.0,437889,0.0004532175911182116
GOLF,ACUSHNET HLDGS CORP,005098108,3918000.0,41910,0.0004529863576533554
MOV,MOVADO GROUP INC,624580106,3917000.0,160400,0.0004528707409209273
PEGA,PEGASYSTEMS INC,705573103,3915000.0,91978,0.00045263950745607105
ACAD,ACADIA PHARMACEUTICALS INC,004225108,3912000.0,175724,0.0004522926572587867
WK,WORKIVA INC,98139A105,3904000.0,65460,0.0004513677233993617
IDYA,IDEAYA BIOSCIENCES INC,45166A102,3904000.0,117165,0.0004513677233993617
SIG,SIGNET JEWELERS LIMITED,G81276100,3904000.0,46113,0.0004513677233993617
PRM,PERIMETER SOLUTIONS INC,71385M107,3891000.0,159306,0.00044986470587779633
HLNE,HAMILTON LANE INC,407497106,3890000.0,39128,0.00044974908914536816
ELF,E L F BEAUTY INC,26856L103,3878000.0,63970,0.0004483616883562308
APPF,APPFOLIO INC,03783C100,3868000.0,24505,0.0004472055210319496
MDU,MDU RES GROUP INC,552690109,3868000.0,186650,0.0004472055210319496
KFY,KORN FERRY,500643200,3867000.0,61423,0.0004470899042995215
SHAK,SHAKE SHACK INC,819047101,3862000.0,43643,0.00044651182063738093
HRB,BLOCK H & R INC,093671105,3853000.0,121386,0.0004454712700455279
BNL,BROADSTONE NET LEASE INC,11135E203,3851000.0,210739,0.0004452400365806717
ENVA,ENOVA INTL INC,29357K103,3839000.0,28261,0.0004438526357915342
BOH,BANK HAWAII CORP,062540109,3838000.0,51678,0.00044373701905910616
UI,UBIQUITI INC,90353W103,3828000.0,4843,0.000442580851734825
FELE,FRANKLIN ELEC INC,353514102,3819000.0,41427,0.000441540301142972
GSIT,GSI TECHNOLOGY INC,36241U106,3818000.0,742670,0.00044142468441054386
CON,CONCENTRA GROUP HOLDINGS PAR,20603L102,3815000.0,177839,0.0004410778342132595
MRP,MILLROSE PPTYS INC,601137102,3815000.0,136221,0.0004410778342132595
NGG,NATIONAL GRID PLC-SP ADR,636274409,3814000.0,45075,0.00044096221748083145
BOX,BOX INC,10316T104,3813000.0,161258,0.0004408466007484033
GLNG,GOLAR LNG LTD,G9456A100,3806000.0,70335,0.00044003728362140653
LIVN,LIVANOVA PLC,G5509L101,3803000.0,59818,0.0004396904334241221
SAP,SAP SE,803054204,3791000.0,22138,0.0004383030326349848
AMTM,AMENTUM HOLDINGS INC,023939101,3788000.0,145235,0.0004379561824377004
TREX,TREX INC,89531P105,3787000.0,103963,0.0004378405657052723
THO,THOR INDS INC,885160101,3783000.0,47352,0.0004373780987755598
CWT,CALIFORNIA WTR SVC GROUP,130788102,3782000.0,83413,0.0004372624820431317
GPOR,GULFPORT ENERGY CORP,402635502,3782000.0,17872,0.0004372624820431317
IMMX,IMMIX BIOPHARMA INC,45258H106,3781000.0,415001,0.00043714686531070364
WLK,WESTLAKE CORPORATION,960413102,3779000.0,32344,0.0004369156318458474
TMDX,TRANSMEDICS GROUP INC,89377M109,3778000.0,38004,0.00043680001511341924
PJT,PJT PARTNERS INC,69343T107,3777000.0,27031,0.00043668439838099113
EXPO,EXPONENT INC,30214U102,3768000.0,57739,0.0004356438477891381
ALHC,ALIGNMENT HEALTHCARE INC,01625V104,3766000.0,213703,0.0004354126143242819
CCCS,CCC INTELLIGENT SOLUTIONS HL,12510Q100,3740000.0,623221,0.00043240657928115086
RUN,SUNRUN INC,86771W105,3731000.0,275145,0.0004313660286892979
ZEPP,ZEPP HEALTH CORPORATION,98945L204,3728000.0,311913,0.0004310191784920135
SIRI,SIRIUSXM HOLDINGS INC,829933100,3723000.0,161294,0.0004304410948298729
TOWN,TOWNEBANK PORTSMOUTH VA,89214P109,3720000.0,110471,0.00043009424463258855
S,SENTINELONE INC,81730H109,3717000.0,288582,0.00042974739443530426
CC,CHEMOURS CO,163851108,3711000.0,168424,0.00042905369404073557
AVNT,AVIENT CORPORATION,05368V106,3703000.0,101994,0.0004281287601813106
GHC,GRAHAM HLDGS CO,384637104,3696000.0,3495,0.00042731944305431384
ZETA,ZETA GLOBAL HOLDINGS CORP,98956A105,3687000.0,231570,0.0004262788924624608
CPK,CHESAPEAKE UTILS CORP,165303108,3680000.0,29119,0.00042546957533546394
CRGY,CRESCENT ENERGY COMPANY,44952J104,3675000.0,272164,0.00042489149167332336
CBU,COMMUNITY FINANCIAL SYSTEM I,203607106,3669000.0,62556,0.0004241977912787547
RLI,RLI CORP,749607107,3667000.0,64288,0.0004239665578138985
ICUI,ICU MED INC,44930G107,3657000.0,28314,0.00042281039048961734
IRT,INDEPENDENCE RLTY TR INC,45378A106,3655000.0,245446,0.00042257915702476105
CENX,CENTURY ALUM CO,156431108,3651000.0,62200,0.00042211669009504865
QCRH,QCR HLDGS INC,74727A104,3640000.0,42595,0.0004208449060383393
ARRY,ARRAY TECHNOLOGIES INC,04271T100,3639000.0,503316,0.00042072928930591126
WT,WISDOMTREE INC,97717P104,3623000.0,248826,0.00041887942158706136
BKD,BROOKDALE SR LIVING INC,112463104,3621000.0,264673,0.0004186481881222052
PBH,PRESTIGE CONSMR HEALTHCARE I,74112D101,3614000.0,60959,0.0004178388709952084
DOX,AMDOCS LTD,G02602103,3613000.0,55355,0.0004177232542627802
SBCF,SEACOAST BKG CORP FLA,811707801,3612000.0,119244,0.00041760763753035215
XENE,XENON PHARMACEUTICALS INC,98420N105,3608000.0,62031,0.00041714517060063963
DIOD,DIODES INC,254543101,3604000.0,52794,0.0004166827036709272
BMNR,BITMINE IMMERSION TECNOLOGIE,09175A206,3603000.0,182116,0.00041656708693849905
ALG,ALAMO GROUP INC,011311107,3598000.0,21808,0.0004159890032763585
AKR,ACADIA RLTY TR,004239109,3589000.0,187690,0.0004149484526845055
ALGM,ALLEGRO MICROSYSTEMS INC,01749D105,3589000.0,113799,0.0004149484526845055
MGRC,MCGRATH RENTCORP,580589109,3588000.0,32532,0.0004148328359520773
UNFI,UNITED NAT FOODS INC,911163103,3581000.0,79460,0.00041402351882508057
OLED,UNIVERSAL DISPLAY CORP,91347P105,3580000.0,39057,0.0004139079020926525
ARVN,ARVINAS INC,04335A105,3576000.0,337310,0.00041344543516294
HRI,HERC HLDGS INC,42704L104,3575000.0,35907,0.00041332981843051193
EPR,EPR PPTYS,26884U109,3568000.0,71417,0.000412520501303515
ACHR,ARCHER AVIATION INC,03945R102,3554000.0,687381,0.00041090186704952146
BILL,BILL HOLDINGS INC,090043100,3548000.0,92631,0.0004102081666549527
WSFS,WSFS FINL CORP,929328102,3548000.0,54200,0.0004102081666549527
USAR,USA RARE EARTH INC,91733P107,3533000.0,233432,0.000408473915668531
MTRN,MATERION CORP,576690101,3530000.0,24403,0.00040812706547124674
BRKR,BRUKER CORP,116794108,3529000.0,97695,0.00040801144873881857
CDP,COPT DEFENSE PROPERTIES,22002T108,3528000.0,115262,0.0004078958320063904
NATL,NCR ATLEOS CORPORATION,63001N106,3527000.0,80911,0.00040778021527396234
KBH,KB HOME,48666K109,3527000.0,68152,0.00040778021527396234
WSC,WILLSCOT HLDGS CORP,971378104,3526000.0,203059,0.0004076645985415342
KAR,OPENLANE INC,48238T109,3523000.0,120844,0.0004073177483442498
WHD,CACTUS INC,127203107,3523000.0,74354,0.0004073177483442498
PHIN,PHINIA INC,71880K101,3507000.0,51241,0.00040546788062540003
QLYS,QUALYS INC,74758T303,3497000.0,39799,0.0004043117133011189
VERA,VERA THERAPEUTICS INC,92337R101,3494000.0,86843,0.00040396486310383453
CORT,CORCEPT THERAPEUTICS INC,218352102,3491000.0,86590,0.0004036180129065502
MHO,M/I HOMES INC,55305B101,3489000.0,28490,0.00040338677944169396
ERAS,ERASCA INC,29479A108,3485000.0,215331,0.00040292431251198155
RYAN,RYAN SPECIALTY HOLDINGS INC,78351F107,3485000.0,103270,0.00040292431251198155
PLD,PROLOGIS INC.,74340W103,3477000.0,26299,0.0004019993786525566
HWKN,HAWKINS INC,420261109,3476000.0,22626,0.00040188376192012846
PVH,PVH CORPORATION,693656100,3475000.0,49808,0.0004017681451877004
SLG,SL GREEN RLTY CORP,78440X887,3471000.0,93945,0.0004013056782579879
LCII,LCI INDS,50189K103,3465000.0,28172,0.00040061197786341924
LEU,CENTRUS ENERGY CORP,15643U104,3454000.0,19892,0.0003993401938067099
INSW,INTERNATIONAL SEAWAYS INC,Y41053102,3449000.0,47324,0.00039876211014456934
NGVT,INGEVITY CORP,45688C107,3439000.0,48269,0.0003976059428202882
DORM,DORMAN PRODS INC,258278100,3439000.0,32946,0.0003976059428202882
VKTX,VIKING THERAPEUTICS INC,92686J106,3432000.0,105463,0.0003967966256932914
FFBC,1ST FINL BANCORP,320209109,3430000.0,123019,0.0003965653922284352
SXI,STANDEX INTL CORP,854231107,3428000.0,13449,0.000396334158763579
BIPC,BROOKFIELD INFRASTRUCTURE CO,11276H106,3427000.0,86705,0.0003962185420311508
CATY,CATHAY GEN BANCORP,149150104,3417000.0,68519,0.00039506237470686965
KRT,KARAT PACKAGING INC,48563L101,3415000.0,122282,0.0003948311412420135
QTWO,Q2 HLDGS INC,74736L109,3412000.0,72135,0.0003944842910447291
ING,ING GROEP N.V.-SPONSORED ADR,456837103,3408000.0,130787,0.00039402182411501667
DNTH,DIANTHUS THERAPEUTICS INC,252828108,3392000.0,40413,0.00039217195639616677
JOE,ST JOE CO,790148100,3386000.0,53904,0.00039147825600159813
APLE,APPLE HOSPITALITY REIT INC,03784Y200,3385000.0,294009,0.00039136263926917
PRK,PARK NATL CORP,700658107,3384000.0,20700,0.00039124702253674184
N/A,CUSHMAN AND WAKEFIELD LTD,G2717C106,3380000.0,275640,0.00039078455560702944
BOW,BOWHEAD SPECIALTY HLDGS INC,10240L102,3377000.0,150553,0.00039043770540974504
BHLB,BEACON FINANCIAL CORP.,084680107,3377000.0,112539,0.00039043770540974504
PI,IMPINJ INC,453204109,3376000.0,32863,0.000390322088677317
DLB,DOLBY LABORATORIES INC,25659T107,3367000.0,56057,0.0003892815380854639
LSTR,LANDSTAR SYS INC,515098101,3367000.0,21000,0.0003892815380854639
CURB,CURBLINE PPTYS CORP,23128Q101,3364000.0,130419,0.00038893468788817954
MTX,MINERALS TECHNOLOGIES INC,603158106,3363000.0,47415,0.0003888190711557515
NIC,NICOLET BANKSHARES INC,65406E102,3344000.0,22495,0.00038662235323961723
TWST,TWIST BIOSCIENCE CORP,90184D100,3341000.0,70305,0.00038627550304233294
IWO,ISHARES TR,464287648,3339000.0,10638,0.00038604426957747665
DNLI,DENALI THERAPEUTICS INC,24823R105,3325000.0,173152,0.0003844256353234831
RELY,REMITLY GLOBAL INC,75960P104,3321000.0,211902,0.00038396316839377063
CNK,CINEMARK HLDGS INC,17243V102,3317000.0,116298,0.0003835007014640581
KFY,KORN FERRY,500643200,3317000.0,52686,0.0003835007014640581
PII,POLARIS INC,731068102,3314000.0,60792,0.00038315385126677377
EOSE,EOS ENERGY ENTERPRISES INC,29415C101,3307000.0,666660,0.00038234453413977696
SPEM,SPDR INDEX SHS FDS,78463X509,3305000.0,70450,0.0003821133006749208
BXMT,BLACKSTONE MORTGAGE TRUST IN,09257W100,3300000.0,172301,0.0003815352170127802
CVBF,CVB FINL CORP,126600105,3299000.0,170090,0.0003814196002803521
AGO,ASSURED GUARANTY LTD,G0585R106,3290000.0,40366,0.00038037904968849905
LASR,NLIGHT INC,65487K100,3290000.0,57686,0.00038037904968849905
SLGN,SILGAN HLDGS INC,827048109,3283000.0,84611,0.00037956973256150225
SUPN,SUPERNUS PHARMACEUTICALS,868459108,3277000.0,63385,0.00037887603216693355
CUZ,COUSINS PPTYS INC,222795502,3277000.0,145178,0.00037887603216693355
XMTR,XOMETRY INC,98423F109,3275000.0,80172,0.0003786447987020773
GFF,GRIFFON CORP,398433102,3272000.0,45018,0.000378297948504793
CALX,CALIX INC,13100M509,3271000.0,66751,0.0003781823317723648
MZTI,MARZETTI COMPANY,513847103,3270000.0,23637,0.00037806671503993675
WDFC,WD 40 CO,929236107,3269000.0,16029,0.00037795109830750863
VC,VISTEON CORP,92839U206,3265000.0,35835,0.00037748863137779617
VIRT,VIRTU FINL INC,928254101,3264000.0,74194,0.00037737301464536806
KRC,KILROY REALTY CORP,49427F108,3264000.0,115692,0.00037737301464536806
CPRX,CATALYST PHARMACEUTICALS INC,14888U101,3251000.0,131273,0.0003758699971238025
NMIH,NMI HLDGS INC,629209305,3246000.0,86512,0.000375291913461662
DBX,DROPBOX INC,26210C104,3243000.0,142703,0.00037494506326437763
UCTT,ULTRA CLEAN HLDGS INC,90385V107,3239000.0,52085,0.00037448259633466517
ACLS,AXCELIS TECHNOLOGIES INC,054540208,3239000.0,34789,0.00037448259633466517
BELFB,BEL FUSE INC,077347300,3236000.0,16341,0.0003741357461373808
TARS,TARSUS PHARMACEUTICALS INC,87650L103,3223000.0,45935,0.0003726327286158153
POWI,POWER INTEGRATIONS INC,739276103,3217000.0,62827,0.00037193902822124663
SYNA,SYNAPTICS INC,87157D109,3216000.0,45903,0.0003718234114888185
DRS,LEONARDO DRS INC,52661A108,3215000.0,72203,0.0003717077947563904
GOLF,ACUSHNET HLDGS CORP,005098108,3210000.0,34334,0.0003711297110942498
BCC,BOISE CASCADE CO DEL,09739D100,3205000.0,42247,0.00037055162743210925
LYG,LLOYDS BANKING GROUP PLC ADR,539439109,3200000.0,636030,0.00036997354376996867
ITGR,INTEGER HLDGS CORP,45826H109,3199000.0,36349,0.00036985792703754056
CMPO,GPGI INC,20459V105,3196000.0,186865,0.0003695110768402562
VCTR,VICTORY CAP HLDGS INC DEL,92645B103,3191000.0,48719,0.00036893299317811563
VRRM,VERRA MOBILITY CORP,92511U102,3190000.0,223229,0.0003688173764456875
ADEA,ADEIA INC,00676P107,3188000.0,132640,0.0003685861429808313
HURN,HURON CONSULTING GROUP INC,447462102,3184000.0,24972,0.0003681236760511188
PFSI,PENNYMAC FINL SVCS INC NEW,70932M107,3176000.0,36337,0.0003671987421916939
SDRL,SEADRILL LTD,G7997W102,3157000.0,69366,0.0003650020242755597
FRME,FIRST MERCHANTS CORP,320817109,3154000.0,81434,0.00036465517407827537
CARG,CARGURUS INC,141788109,3149000.0,92470,0.0003640770904161348
OFG,OFG BANCORP,67103X102,3137000.0,77521,0.0003626896896269974
DK,DELEK US HLDGS INC NEW,24665A103,3137000.0,69593,0.0003626896896269974
UBS,UBS GROUP AG-REG,H42097107,3136000.0,80255,0.0003625740728945693
FIBK,FIRST INTST BANCSYSTEM INC,32055Y201,3134000.0,93821,0.0003623428394297131
CUBI,CUSTOMERS BANCORP INC,23204G100,3132000.0,45110,0.00036211160596485683
PLUN,PLUG PWR INC,72919P202,3131000.0,1385274,0.0003619959892324287
AEO,AMERICAN EAGLE OUTFITTERS IN,02553E106,3124000.0,187043,0.00036118667210543196
KMT,KENNAMETAL INC,489170100,3112000.0,86128,0.0003597992713162945
MAZE,MAZE THERAPEUTICS INC,578784100,3101000.0,103884,0.00035852748725958525
NOG,NORTHERN OIL & GAS INC,665531307,3088000.0,105621,0.00035702446973801975
PHG,KONINKLIJKE PHILIPS NV,500472303,3086000.0,112621,0.0003567932362731635
BEAM,BEAM THERAPEUTICS INC,07373V105,3086000.0,129459,0.0003567932362731635
UUUU,ENERGY FUELS INC,292671708,3081000.0,168798,0.00035621515261102294
BHF,BRIGHTHOUSE FINL INC,10922N103,3080000.0,51421,0.00035609953587859483
SHC,SOTERA HEALTH CO,83601L102,3051000.0,212752,0.0003527466506381795
MARA,MARA HOLDINGS INC,565788106,3048000.0,373416,0.0003523998004408952
SFNC,SIMMONS FIRST NATL CORP,828730200,3044000.0,156464,0.00035193733351118273
MCY,MERCURY GENL CORP NEW,589400100,3039000.0,34474,0.00035135924984904215
SMG,SCOTTS MIRACLE-GRO CO,810186106,3037000.0,49934,0.00035112801638418587
CHEF,CHEFS WHSE INC,163086101,3030000.0,50961,0.00035031869925718906
NWN,NORTHWEST NAT HLDG CO,66765N105,3018000.0,56692,0.00034893129846805173
WHR,WHIRLPOOL CORP,963320106,3017000.0,55941,0.0003488156817356236
UE,URBAN EDGE PPTYS,91704F104,3016000.0,150944,0.00034870006500319545
BCS,BARCLAYS PLC-SPONS ADR,06738E204,3009000.0,142200,0.0003478907478761987
NBTB,NBT BANCORP INC,628778102,3003000.0,70511,0.00034719704748163
VG,VENTURE GLOBAL INC,92333F101,3001000.0,190400,0.0003469658140167737
ARQT,ARCUTIS BIOTHERAPEUTICS INC,03969K108,2980000.0,126477,0.0003445378626357833
DBRG,DIGITALBRIDGE GROUP INC,25401T603,2979000.0,193126,0.00034442224590335523
LXP,LXP INDUSTRIAL TRUST,529043408,2977000.0,64343,0.000344191012438499
PFS,PROVIDENT FINL SVCS INC,74386T105,2975000.0,140559,0.0003439597789736427
RRR,RED ROCK RESORTS INC,75700L108,2971000.0,55678,0.00034349731204393025
ATEN,A10 NETWORKS INC,002121101,2967000.0,128289,0.00034303484511421785
GTLB,GITLAB INC,37637K108,2954000.0,136491,0.00034153182759265235
FBNC,FIRST BANCORP N C,318910106,2952000.0,52379,0.0003413005941277961
TXG,10X GENOMICS INC,88025U109,2950000.0,138930,0.00034106936066293983
HAE,HAEMONETICS CORP MASS,405024100,2950000.0,52332,0.00034106936066293983
COLD,AMERICOLD REALTY TRUST INC,03064D108,2945000.0,256895,0.00034049127700079925
HLIO,HELIOS TECHNOLOGIES INC,42328H109,2938000.0,45391,0.0003396819598738025
MSGE,MADISON SQUARE GARDEN ENTMT,558256103,2938000.0,49866,0.0003396819598738025
SOUN,SOUNDHOUND AI INC,836100107,2933000.0,426841,0.0003391038762116619
VCYT,VERACYTE INC,92337F107,2930000.0,90948,0.0003387570260143775
WAY,WAYSTAR HLDG CORP,946784105,2927000.0,121368,0.00033841017581709323
QS,QUANTUMSCAPE CORP,74767V109,2925000.0,458310,0.00033817894235223695
IPGP,IPG PHOTONICS CORP,44980X109,2923000.0,25502,0.00033794770888738077
NTAP,NETAPP INC,64110D104,2916000.0,28478,0.00033713839176038396
TRMK,TRUSTMARK CORP,898402102,2914000.0,69150,0.00033690715829552773
CWEN,CLEARWAY ENERGY INC,18539C204,2912000.0,74099,0.0003366759248306715
APAM,ARTISAN PARTNERS ASSET MGMT,04316A108,2909000.0,79914,0.00033632907463338716
SEI,SOLARIS ENERGY INFRAS INC,83418M103,2903000.0,51361,0.00033563537423881846
VRNS,VARONIS SYS INC,922280102,2901000.0,135118,0.00033540414077396223
SPB,SPECTRUM BRANDS HOLDINGS INC,84790A105,2901000.0,39351,0.00033540414077396223
AER,AERCAP HOLDINGS NV,N00985106,2901000.0,21143,0.00033540414077396223
TVTX,TRAVERE THERAPEUTICS INC,89422G107,2872000.0,96646,0.0003320512555335469
CLDX,CELLDEX THERAPEUTICS INC NEW,15117B202,2864000.0,90285,0.00033112632167412196
OSCR,OSCAR HEALTH INC,687793109,2853000.0,248721,0.0003298545376174127
KD,KYNDRYL HLDGS INC,50155Q100,2853000.0,217451,0.0003298545376174127
HGV,HILTON GRAND VACATIONS INC,43283X105,2850000.0,72831,0.00032950768742012835
ANDE,ANDERSONS INC,034164103,2845000.0,39622,0.00032892960375798777
BRZE,BRAZE INC,10576N102,2845000.0,120476,0.00032892960375798777
LQDA,LIQUIDIA CORPORATION,53635D202,2843000.0,75320,0.00032869837029313154
IWM,ISHARES TR,464287655,2841000.0,11453,0.0003284671368282753
TBBK,BANCORP INC DEL,05969A105,2840000.0,52850,0.0003283515200958472
GFS,GLOBALFOUNDRIES INC,G39387108,2840000.0,63831,0.0003283515200958472
HNI,HNI CORP,404251100,2839000.0,85017,0.0003282359033634191
FCPT,FOUR CORNERS PPTY TR INC,35086T109,2835000.0,119847,0.0003277734364337066
RXO,RXO INC,74982T103,2831000.0,193586,0.00032731096950399416
DYN,DYNE THERAPEUTICS INC,26818M108,2820000.0,155507,0.0003260391854472849
FRPT,FRESHPET INC,358039105,2814000.0,47714,0.0003253454850527162
DNOW,DNOW INC,67011P100,2810000.0,235899,0.00032488301812300373
CENT,CENTRAL GARDEN & PET CO,153527106,2805000.0,76277,0.00032430493446086316
TFII,TRANSFORCE INC,87241L109,2804000.0,25811,0.00032418931772843504
HE,HAWAIIAN ELEC INDS INC MTN B,419870100,2803000.0,188827,0.00032407370099600693
DOCS,DOXIMITY INC,26622P107,2801000.0,120177,0.0003238424675311507
UFPI,UFP INDUSTRIES INC,90278Q108,2792000.0,30300,0.00032280191693929766
PVH,PVH CORPORATION,693656100,2787000.0,39938,0.0003222238332771571
CAKE,CHEESECAKE FACTORY INC,163072101,2779000.0,50751,0.00032129889941773216
PRVA,PRIVIA HEALTH GROUP INC,74276R102,2777000.0,134993,0.00032106766595287593
TRN,TRINITY INDS INC,896522109,2774000.0,86186,0.0003207208157555916
SHOO,MADDEN STEVEN LTD,556269108,2771000.0,81680,0.00032037396555830724
WCN,WASTE CONNECTIONS INC,94106B101,2771000.0,17057,0.00032037396555830724
KT,KT CORP-SP ADR,48268K101,2769000.0,129053,0.000320142732093451
HUBG,HUB GROUP INC,443320106,2760000.0,76554,0.00031910218150159797
XPRO,EXPRO GROUP HOLDINGS NV,N3144W105,2757000.0,158355,0.0003187553313043136
NSA,NATIONAL STORAGE AFFILIATES,637870106,2756000.0,73009,0.0003186397145718855
LCII,LCI INDS,50189K103,2755000.0,22400,0.0003185240978394574
PSN,PARSONS CORP DEL,70202L102,2753000.0,50807,0.00031829286437460116
ORKA,ORUKA THERAPEUTICS INC,687604108,2751000.0,56082,0.00031806163090974493
RF,REGIONS FINANCIAL CORP NEW,7591EP100,2750000.0,105272,0.0003179460141773168
LMAT,LEMAITRE VASCULAR INC,525558201,2749000.0,25173,0.0003178303974448887
YETI,YETI HLDGS INC,98585X104,2743000.0,74940,0.00031713669705032
NMRK,NEWMARK GROUP INC,65158N102,2742000.0,182913,0.00031702108031789194
CXW,CORECIVIC INC,21871N101,2729000.0,144286,0.0003155180627963264
ALG,ALAMO GROUP INC,011311107,2728000.0,16534,0.0003154024460638983
STRA,STRATEGIC ED INC,86272C103,2726000.0,32855,0.00031517121259904204
HMN,HORACE MANN EDUCATORS CORP N,440327104,2719000.0,63684,0.00031436189547204524
PLAB,PHOTRONICS INC,719405102,2713000.0,67125,0.00031366819507747654
IMNM,IMMUNOME INC,45257U108,2711000.0,123929,0.0003134369616126203
AGIO,AGIOS PHARMACEUTICALS INC,00847X104,2700000.0,79805,0.00031216517755591104
OLN,OLIN CORP,680665205,2696000.0,90665,0.0003117027106261986
SEM,SELECT MED HLDGS CORP,81619Q105,2691000.0,165144,0.00031112462696405806
HOLX,HOLOGIC INC,436440101,2691000.0,35587,0.00031112462696405806
GEO,GEO GROUP INC,36162J106,2685000.0,159687,0.0003104309265694893
CPRT,COPART INC,217204106,2683000.0,80800,0.0003101996931046331
VSH,VISHAY INTERTECHNOLOGY INC,928298108,2681000.0,148914,0.0003099684596397769
ELVN,ENLIVEN THERAPEUTICS INC,29337E102,2676000.0,68263,0.00030939037597763633
ADT,ADT INC DEL,00090Q103,2676000.0,407158,0.00030939037597763633
AS,AMER SPORTS INC,G0260P102,2675000.0,81251,0.00030927475924520816
TCAF,T ROWE PRICE ETF INC,87283Q867,2670000.0,75000,0.0003086966755830676
FOUR,SHIFT4 PMTS INC,82452J109,2669000.0,61014,0.00030858105885063947
BANF,BANCFIRST CORP,05945F103,2665000.0,24554,0.000308118591920927
CSGS,CSG SYS INTL INC,126349109,2662000.0,33296,0.0003077717417236427
CUCA,AVIS BUDGET GROUP INC,053774105,2656000.0,18206,0.000307078041329074
IRDM,IRIDIUM COMMUNICATIONS INC,46269C102,2656000.0,95734,0.000307078041329074
COCO,VITA COCO CO INC,92846Q107,2646000.0,55220,0.00030592187400479287
EEFT,EURONET WORLDWIDE INC,298736109,2645000.0,39847,0.0003058062572723647
BN,BROOKFIELD CORP,11271J107,2639000.0,65188,0.000305112556877796
THR,THERMON GROUP HLDGS INC,88362T103,2632000.0,52204,0.00030430323975079925
TBLA,TABOOLA.COM LTD,M8744T106,2630000.0,848141,0.000304072006285943
WAFD,WAFD INC,938824109,2625000.0,83576,0.00030349392262380245
BUSE,FIRST BUSEY CORP,319383204,2614000.0,103430,0.0003022221385670931
TRMB,TRIMBLE INC,896239100,2612000.0,40033,0.00030199090510223695
KNTK,KINETIK HOLDINGS INC,02215L209,2610000.0,53895,0.0003017596716373807
ARCB,ARCBEST CORP,03937C105,2608000.0,26511,0.00030152843817252443
GRBK,GREEN BRICK PARTNERS INC,392709101,2607000.0,40442,0.00030141282144009637
RNG,RINGCENTRAL INC,76680R206,2601000.0,69912,0.0003007191210455277
FHB,FIRST HAWAIIAN INC,32051X108,2598000.0,105407,0.0003003722708482433
MIR,MIRION TECHNOLOGIES INC,60471A101,2598000.0,139742,0.0003003722708482433
TAK,TAKEDA PHARMACEUTIC-SP ADR,874060205,2597000.0,140193,0.0003002566541158152
CHKP,CHECK POINT SOFTWARE TECH LT,M22465104,2593000.0,18149,0.0002997941871861027
FBK,FB FINL CORP,30257X104,2588000.0,49820,0.0002992161035239621
NVRI,ENVIRI CORP,415864107,2587000.0,131854,0.00029910048679153406
NSZ,NETSCOUT SYS INC,64115T104,2575000.0,80986,0.0002977130860023967
ERIC,ERICSSON (LM) TEL-SP ADR,294821608,2572000.0,228213,0.00029736623580511233
GPK,GRAPHIC PACKAGING HLDG CO,388689101,2572000.0,258735,0.00029736623580511233
STNE,STONECO LTD,G85158106,2562000.0,181421,0.0002962100684808312
BANC,BANC OF CALIFORNIA INC,05990K106,2562000.0,145686,0.0002962100684808312
DAWN,DAY ONE BIOPHARMACEUTICALS I,23954D109,2558000.0,119288,0.00029574760155111866
EYE,NATIONAL VISION HLDGS INC,63845R107,2545000.0,98241,0.0002942445840295532
KN,KNOWLES CORP,49926D109,2545000.0,99091,0.0002942445840295532
WU,WESTERN UN CO,959802109,2535000.0,290306,0.00029308841670527206
XMTR,XOMETRY INC,98423F109,2535000.0,62062,0.00029308841670527206
IVT,INVENTRUST PPTYS CORP,46124J201,2531000.0,83070,0.0002926259497755596
AOS,SMITH A O CORP,831865209,2530000.0,38366,0.0002925103330431315
ULS,UL SOLUTIONS INC,903731107,2528000.0,29489,0.0002922790995782752
RCKT,ROCKET PHARMACEUTICALS INC,77313F106,2528000.0,706029,0.0002922790995782752
WRBY,WARBY PARKER INC,93403J106,2520000.0,119556,0.00029135416571885033
UPST,UPSTART HLDGS INC,91680M107,2504000.0,97604,0.0002895042980000005
SNDX,SYNDAX PHARMACEUTICALS INC,87164F105,2503000.0,107133,0.00028938868126757237
XOM,EXXON MOBIL CORP,30231G102,2495000.0,14704,0.00028846374740814745
ABM,ABM INDS INC,000957100,2494000.0,64724,0.00028834813067571933
GTY,GETTY RLTY CORP NEW,374297109,2488000.0,78232,0.00028765443028115064
BWIN,THE BALDWIN INSURANCE GRP IN,05589G102,2477000.0,112889,0.0002863826462244414
CENTA,CENTRAL GARDEN & PET CO,153527205,2473000.0,76277,0.0002859201792947289
NBHC,NATIONAL BK HLDGS CORP,633707104,2466000.0,62948,0.0002851108621677321
CLSK,CLEANSPARK INC,18452B209,2466000.0,289702,0.0002851108621677321
0J7Q,IAC INC,44891N208,2462000.0,61490,0.00028464839523801964
RH,RH,74967X103,2457000.0,17570,0.00028407031157587907
PRDO,PERDOCEO ED CORP,71363P106,2456000.0,65979,0.00028395469484345095
MNPR,MONOPAR THERAPEUTICS INC,61023L207,2445000.0,44624,0.0002826829107867417
PAG,PENSKE AUTOMOTIVE GRP INC,70959W103,2437000.0,16293,0.00028175797692731676
ALRM,ALARM COM HLDGS INC,011642105,2435000.0,56360,0.00028152674346246053
STNG,SCORPIO TANKERS INC,Y7542C130,2435000.0,32611,0.00028152674346246053
CSTM,CONSTELLIUM SE,F21107101,2431000.0,98901,0.00028106427653274807
FWONA,LIBERTY MEDIA CORP DEL,531229771,2431000.0,31125,0.00028106427653274807
PAYO,PAYONEER GLOBAL INC,70451X104,2420000.0,500940,0.0002797924924760388
PRDO,PERDOCEO ED CORP,71363P106,2417000.0,64935,0.00027944564227875445
VMC,VULCAN MATLS CO,929160109,2416000.0,8872,0.00027933002554632634
ADMA,ADMA BIOLOGICS INC,000899104,2414000.0,267834,0.0002790987920814701
NRIX,NURIX THERAPEUTICS INC,67080M103,2411000.0,155531,0.0002787519418841858
BHE,BENCHMARK ELECTRS INC,08160H101,2406000.0,42907,0.00027817385822204524
LION,LIONSGATE STUDIOS CORP,53626N102,2406000.0,250815,0.00027817385822204524
OSW,ONESPAWORLD HOLDINGS LIMITED,P73684113,2396000.0,104390,0.0002770176908977641
RHI,ROBERT HALF INC.,770323103,2395000.0,94283,0.0002769020741653359
IMVT,IMMUNOVANT INC,45258J102,2383000.0,95929,0.00027551467337619853
PBI,PITNEY BOWES INC,724479100,2377000.0,215107,0.00027482097298162984
EPAC,ENERPAC TOOL GROUP CORP,292765104,2372000.0,65032,0.00027424288931948926
WERN,WERNER ENTERPRISES INC,950755108,2368000.0,80491,0.0002737804223897768
SKWD,SKYWARD SPECIALTY INS GROUP,830940102,2364000.0,54116,0.00027331795546006434
FW2N,BANNER CORP,06652V208,2359000.0,38871,0.00027273987179792376
HTO,H2O AMERICA,784305104,2358000.0,40189,0.00027262425506549565
SMMT,SUMMIT THERAPEUTICS INC,86627T108,2351000.0,123964,0.0002718149379384989
DX,DYNEX CAP INC,26817Q886,2348000.0,183943,0.0002714680877412145
WPM,WHEATON PRECIOUS METALS CORP,962879102,2343000.0,17881,0.0002708900040790739
AMBA,AMBARELLA INC,G037AX101,2340000.0,45451,0.0002705431538817896
HAYW,HAYWARD HLDGS INC,421298100,2338000.0,174713,0.00027031192041693334
GABC,GERMAN AMERN BANCORP INC,373865104,2338000.0,55926,0.00027031192041693334
CHH,CHOICE HOTELS INTL INC,169905106,2337000.0,22571,0.0002701963036845052
NEOG,NEOGEN CORP,640491106,2334000.0,251209,0.0002698494534872209
SLNO,SOLENO THERAPEUTICS INC,834203309,2331000.0,69599,0.0002695026032899366
IRON,DISC MEDICINE INC,254604101,2331000.0,36446,0.0002695026032899366
EFSC,ENTERPRISE FINL SVCS CORP,293712105,2329000.0,43027,0.0002692713698250803
IEI,INSIGHT ENTERPRISES INC,45765U103,2328000.0,34740,0.0002691557530926522
EXTR,EXTREME NETWORKS INC,30226D106,2328000.0,154351,0.0002691557530926522
AMPX,AMPRIUS TECHNOLOGIES INC,03214Q108,2327000.0,137967,0.00026904013636022407
IOSP,INNOSPEC INC,45768S105,2324000.0,31826,0.0002686932861629397
CPRI,CAPRI HOLDINGS LIMITED,G1890L107,2322000.0,131730,0.0002684620526980835
XRAY,DENTSPLY SIRONA INC,24906P109,2320000.0,199965,0.0002682308192332273
SRCE,1ST SOURCE CORP,336901103,2309000.0,33349,0.000266959035176518
WCC,WESCO INTL INC,95082P105,2304000.0,8418,0.00026638095151437747
BOKF,BOK FINL CORP,05561Q201,2302000.0,17975,0.0002661497180495212
ACMR,ACM RESH INC,00108J109,2301000.0,58453,0.0002660341013170931
FBIN,FORTUNE BRANDS INNOVATIONS I,34964C106,2300000.0,59000,0.000265918484584665
GTX,GARRETT MOTION INC,366505105,2299000.0,126523,0.0002658028678522369
RARE,ULTRAGENYX PHARMACEUTICAL IN,90400D108,2296000.0,109567,0.00026545601765495255
FCF,FIRST COMWLTH FINL CORP PA,319829107,2293000.0,130410,0.00026510916745766815
EQNR,EQUINOR ASA ADR,29446M102,2287000.0,54191,0.00026441546706309945
CVX,CHEVRON CORPORATION,166764100,2287000.0,11049,0.00026441546706309945
GRAL,GRAIL INC,384747101,2285000.0,44204,0.0002641842335982433
SYBT,STOCK YDS BANCORP INC,861025104,2285000.0,34460,0.0002641842335982433
ASH,ASHLAND INC,044186104,2284000.0,41056,0.00026406861686581516
TENB,TENABLE HLDGS INC,88025T102,2276000.0,134545,0.00026314368300639024
ATKR,ATKORE INC,047649108,2275000.0,38607,0.0002630280662739621
OMDA,OMADA HEALTH INC,68170A108,2274000.0,180845,0.000262912449541534
AMRX,AMNEAL PHARMACEUTICALS INC,03168L105,2274000.0,182941,0.000262912449541534
EVTC,EVERTEC INC,30040P103,2270000.0,80438,0.00026244998261182155
IBRX,IMMUNITYBIO INC,45256X103,2262000.0,294831,0.00026152504875239657
BWIN,THE BALDWIN INSURANCE GRP IN,05589G102,2261000.0,103041,0.0002614094320199685
ADPT,ADAPTIVE BIOTECHNOLOGIES COR,00650F109,2260000.0,162753,0.0002612938152875404
SPNT,SIRIUSPOINT LTD,G8192H106,2258000.0,104821,0.0002610625818226841
ROG,ROGERS CORP,775133101,2254000.0,20999,0.0002606001148929717
PEBO,PEOPLES BANCORP INC,709789101,2249000.0,68415,0.0002600220312308311
SRPT,SAREPTA THERAPEUTICS INC,803607100,2248000.0,103287,0.000259906414498403
KALU,KAISER ALUMINIUM CORPORATION,483007704,2244000.0,18613,0.00025944394756869055
NWBI,NORTHWEST BANCSHARES INC,667340103,2236000.0,176163,0.0002585190137092656
CHCO,CITY HLDG CO,177835105,2233000.0,18676,0.0002581721635119813
STBA,S & T BANCORP INC,783859101,2229000.0,53264,0.0002577096965822688
WT,WISDOMTREE INC,97717P104,2225000.0,152758,0.00025724722965255636
CASH,PATHWARD FINANCIAL INC,59100U108,2221000.0,24885,0.0002567847627228439
GNL,GLOBAL NET LEASE INC,379378201,2220000.0,237114,0.0002566691459904158
DRH,DIAMONDROCK HOSPITALITY CO,252784301,2212000.0,236067,0.0002557442121309908
DAVE,DAVE INC,23834J201,2212000.0,12702,0.0002557442121309908
IQ 4.625 03/15/30,IQIYI INC,46267XAK4,2204000.0,2400000,0.00025481927827156593
VECO,VEECO INSTRS INC DEL,922417100,2202000.0,65014,0.00025458804480670965
TCBK,TRICO BANCSHARES,896095106,2200000.0,46264,0.00025435681134185347
BCRX,BIOCRYST PHARMACEUTICALS INC,09058V103,2200000.0,230996,0.00025435681134185347
SPG,SIMON PPTY GROUP INC NEW,828806109,2200000.0,11793,0.00025435681134185347
UTI,UNIVERSAL TECHNICAL INST INC,913915104,2197000.0,60857,0.00025400996114456907
RLAY,RELAY THERAPEUTICS INC,75943R102,2194000.0,220429,0.0002536631109472848
PLUS,EPLUS INC,294268107,2194000.0,29154,0.0002536631109472848
INVA,INNOVIVA INC,45781M101,2189000.0,93940,0.0002530850272851442
EWTX,EDGEWISE THERAPEUTICS INC,28036F105,2187000.0,69427,0.00025285379382028797
AURA,AURA BIOSCIENCES INC,05153U107,2183000.0,326174,0.0002523913268905755
JXC1,ZIFF DAVIS INC,48123V102,2181000.0,51977,0.0002521600934257193
MODG,CALLAWAY GOLF CO,131193104,2177000.0,156775,0.0002516976264960068
TDC,TERADATA CORP DEL,88076W103,2172000.0,84735,0.00025111954283386624
AGYS,AGILYSYS INC,00847J105,2169000.0,30476,0.0002507726926365819
FUN,SIX FLAGS ENTERTAINMENT CORP,83001C108,2167000.0,122076,0.00025054145917172567
PFBC,PREFERRED BK LOS ANGELES CA,740367404,2165000.0,23862,0.00025031022570686943
LOAR,LOAR HOLDINGS INC,53947R105,2155000.0,37608,0.0002491540583825883
HUN,HUNTSMAN CORP,447011107,2151000.0,161576,0.0002486915914528758
TFLR,T ROWE PRICE ETF INC,87283Q883,2146000.0,42600,0.00024811350779073524
VTR,VENTAS INC,92276F100,2145000.0,26217,0.00024799789105830713
LKFN,LAKELAND FINL CORP,511656100,2144000.0,37350,0.000247882274325879
STC,STEWART INFORMATION SVCS COR,860372101,2135000.0,34667,0.000246841723734026
BATRK,ATLANTA BRAVES HLDGS INC,047726302,2123000.0,49714,0.0002454543229448886
SMA,SMARTSTOP SELF STORAG REIT I,83192D402,2118000.0,69938,0.000244876239282748
VAC,MARRIOTT VACATIONS WORLDWIDE,57164Y107,2118000.0,32511,0.000244876239282748
MD,PEDIATRIX MEDICAL GROUP INC,58502B106,2115000.0,98873,0.00024452938908546367
GT,GOODYEAR TIRE & RUBR CO,382550101,2106000.0,317600,0.00024348883849361066
CRVL,CORVEL CORP,221006109,2105000.0,38510,0.0002433732217611825
STOK,STOKE THERAPEUTICS INC,86150R107,2103000.0,64579,0.00024314198829632628
HOG,HARLEY DAVIDSON INC,412822108,2102000.0,103911,0.00024302637156389817
MPW,MEDICAL PROPERTIES TRUST INC,58463J304,2093000.0,451891,0.00024198582097204513
BLBD,BLUE BIRD CORP,095306106,2089000.0,36771,0.00024152335404233267
TPB,TURNING PT BRANDS INC,90041L105,2086000.0,24030,0.00024117650384504835
HTH,HILLTOP HLDGS INC,432748101,2086000.0,58227,0.00024117650384504835
PENN,PENN ENTERTAINMENT INC,707569109,2084000.0,138619,0.0002409452703801921
IJH,ISHARES TR,464287507,2083000.0,30831,0.00024082965364776397
BL,BLACKLINE INC,09239B109,2083000.0,56280,0.00024082965364776397
LINE,LINEAGE INC,53566V106,2081000.0,63496,0.00024059842018290777
RSI,RUSH STREET INTERACTIVE INC,782011100,2081000.0,95664,0.00024059842018290777
OMCL,OMNICELL COM,68213N109,2073000.0,62095,0.00023967348632348282
KWR,QUAKER HOUGHTON,747316107,2072000.0,16676,0.0002395578695910547
ADNT,ADIENT PLC,G0084W101,2072000.0,102523,0.0002395578695910547
CNS,COHEN & STEERS INC,19247A100,2061000.0,32944,0.00023828608553434546
HIW,HIGHWOODS PPTYS INC,431284108,2055000.0,95963,0.00023759238513977677
MPLT,MAPLIGHT THERAPEUTICS INC,56565P103,2053000.0,100940,0.00023736115167492051
SNAP,SNAP INC,83304A106,2050000.0,445639,0.0002370143014776362
LBTYA,LIBERTY GLOBAL LTD,G61188101,2049000.0,169431,0.00023689868474520805
DBD,DIEBOLD NIXDORF INC,253651202,2048000.0,27139,0.00023678306801277994
FCX,FREEPORT MCMORAN INC,35671D857,2042000.0,34730,0.00023608936761821124
DGII,DIGI INTL INC,253798102,2041000.0,42335,0.00023597375088578316
REX,REX AMERICAN RES CORP,761624105,2041000.0,44777,0.00023597375088578316
CCK,CROWN HLDGS INC,228368106,2040000.0,20347,0.00023585813415335504
RERE,ATRENEW INC,00138L108,2032000.0,433091,0.0002349332002939301
LC,LENDINGCLUB ISSUANCE TR SER,52603A208,2023000.0,141232,0.00023389264970207705
BRC,BRADY CORP,104674106,2022000.0,24884,0.00023377703296964894
VCEL,VERICEL CORP,92346J108,2019000.0,62743,0.00023343018277236462
UPWK,UPWORK INC,91688F104,2018000.0,184076,0.00023331456603993648
DFIN,DONNELLEY FINL SOLUTIONS INC,25787G100,2012000.0,42679,0.00023262086564536778
SOC,SABLE OFFSHORE CORP,78574H104,2011000.0,121708,0.0002325052489129397
CTS,CTS CORP,126501105,2010000.0,42082,0.00023238963218051158
ASGN,ASGN INC,00191U102,2008000.0,51864,0.00023215839871565532
SHLS,SHOALS TECHNOLOGIES GROUP IN,82489W107,2007000.0,304977,0.0002320427819832272
OI,O-I GLASS INC,67098H104,2003000.0,190566,0.00023158031505351475
LTC,LTC PPTYS INC,502175102,1991000.0,53558,0.0002301929142643774
LZB,LA Z BOY INC,505336107,1991000.0,61943,0.0002301929142643774
SONO,SONOS INC,83570H108,1988000.0,148295,0.00022984606406709302
AMSC,AMERICAN SUPERCONDUCTOR CORP,030111207,1985000.0,58612,0.0002294992138698087
IPAR,INTERPARFUMS INC,458334109,1983000.0,21828,0.00022926798040495244
SPSC,SPS COMM INC,78463M107,1980000.0,35550,0.00022892113020766812
FMC,FMC CORP,302491303,1974000.0,114587,0.00022822742981309943
IGSB,ISHARES TR,464288646,1974000.0,37540,0.00022822742981309943
MGNI,MAGNITE INC,55955D100,1966000.0,165440,0.0002273024959536745
ASML,ASML HLDG NV,N07059210,1962000.0,1485,0.00022684002902396202
VRDN,VIRIDIAN THERAPEUTICS INC,92790C104,1957000.0,100036,0.00022626194536182144
SMR,NUSCALE PWR CORP,67079K100,1951000.0,179958,0.00022556824496725277
ZG,ZILLOW GROUP INC,98954M101,1951000.0,47121,0.00022556824496725277
STEL,STELLAR BANCORP INC,858927106,1947000.0,53175,0.00022510577803754029
CRK,COMSTOCK RES INC,205768302,1946000.0,92269,0.0002249901613051122
VVX,V2X INC,92242T101,1944000.0,28377,0.00022475892784025597
ACHC,ACADIA HEALTHCARE COMPANY IN,00404A109,1943000.0,83065,0.00022464331110782788
SPB,SPECTRUM BRANDS HOLDINGS INC,84790A105,1941000.0,26323,0.00022441207764297162
DXC,DXC TECHNOLOGY CO,23355L106,1937000.0,154041,0.00022394961071325913
VECO,VEECO INSTRS INC DEL,922417100,1935000.0,57131,0.00022371837724840293
ADUS,ADDUS HOMECARE CORP,006739106,1934000.0,20645,0.0002236027605159748
FDP,FRESH DEL MONTE PRODUCE INC,G36738105,1931000.0,47956,0.00022325591031869047
COP,CONOCOPHILLIPS,20825C104,1928000.0,14606,0.00022290906012140615
GBX,GREENBRIER COS INC,393657101,1928000.0,36601,0.00022290906012140615
RAMP,LIVERAMP HLDGS INC,53815P108,1926000.0,72599,0.0002226778266565499
ECPG,ENCORE CAP GROUP INC,292554102,1918000.0,27351,0.000221752892797125
AORT,ARTIVION INC,228903100,1917000.0,52343,0.00022163727606469682
MYE,MYERS INDS INC,628464109,1912000.0,90240,0.0002210591924025563
BRBR,BELLRING BRANDS INC,07831C103,1912000.0,118811,0.0002210591924025563
FHI,FEDERATED HERMES INC,314211103,1912000.0,33710,0.0002210591924025563
PTON,PELOTON INTERACTIVE INC,70614W100,1910000.0,445064,0.00022082795893770004
WOR,WORTHINGTON ENTERPRISES INC,981811102,1906000.0,36539,0.00022036549200798758
CTRA,COTERRA ENERGY INC,127097103,1905000.0,54200,0.00022024987527555947
ALMS,ALUMIS INC,022307102,1904000.0,86414,0.00022013425854313135
WMS,ADVANCED DRAIN SYS INC DEL,00790R104,1904000.0,13883,0.00022013425854313135
UFPT,UFP TECHNOLOGIES INC,902673102,1902000.0,9820,0.00021990302507827515
TMP,TOMPKINS FINL CORP,890110109,1899000.0,24083,0.00021955617488099078
YELP,YELP INC,985817105,1898000.0,76687,0.0002194405581485627
DEI,DOUGLAS EMMETT INC,25960P109,1898000.0,201482,0.0002194405581485627
GEF,GREIF INC,397624107,1896000.0,28258,0.00021920932468370643
HLMN,HILLMAN SOLUTIONS CORP,431636109,1892000.0,227343,0.000218746857753994
PRLB,PROTO LABS INC,743713109,1892000.0,33169,0.000218746857753994
WABC,WESTAMERICA BANCORPORATION,957090103,1887000.0,36184,0.00021816877409185342
LIF,LIFE360 INC,532206109,1887000.0,46212,0.00021816877409185342
FRSH,FRESHWORKS INC,358054104,1885000.0,234644,0.00021793754062699716
KMPR,KEMPER CORP,488401100,1885000.0,61667,0.00021793754062699716
GLUE,MONTE ROSA THERAPEUTICS INC,61225M102,1871000.0,113683,0.00021631890637300354
UNIT,UNITI GROUP LLC,912932100,1870000.0,199339,0.00021620328964057543
PEB,PEBBLEBROOK HOTEL TR,70509V100,1867000.0,147769,0.0002158564394432911
SAM,BOSTON BEER INC,100557107,1867000.0,8101,0.0002158564394432911
ANNX,ANNEXON INC,03589W102,1857000.0,335084,0.00021470027211900996
AIN,ALBANY INTL CORP,012348108,1857000.0,35562,0.00021470027211900996
THFF,FIRST FINANCIAL CORPORATION,320218100,1853000.0,29315,0.0002142378051892975
DHC,DIVERSIFIED HEALTHCARE TR,25525P107,1853000.0,279038,0.0002142378051892975
WLY,WILEY JOHN & SONS INC,968223206,1843000.0,48366,0.00021308163786501634
TILE,INTERFACE INC,458665304,1842000.0,73880,0.00021296602113258823
SAFT,SAFETY INS GROUP INC,78648T100,1833000.0,25228,0.0002119254705407352
CTRI,CENTURI HOLDINGS INC,155923105,1833000.0,62747,0.0002119254705407352
OCUL,OCULAR THERAPEUTIX INC,67576A100,1832000.0,216214,0.00021180985380830707
NTLA,INTELLIA THERAPEUTICS INC,45826J105,1831000.0,142798,0.00021169423707587896
HOPE,HOPE BANCORP INC,43940T109,1828000.0,163633,0.0002113473868785946
TALO,TALOS ENERGY INC,87484T108,1825000.0,115766,0.00021100053668131024
SHO,SUNSTONE HOTEL INVS INC NEW,867892101,1822000.0,202115,0.00021065368648402592
ALGT,ALLEGIANT TRAVEL CO,01748X102,1820000.0,22446,0.00021042245301916966
EOSE,EOS ENERGY ENTERPRISES INC,29415C101,1820000.0,366796,0.00021042245301916966
VRE,VERIS RESIDENTIAL INC,554489104,1819000.0,96390,0.00021030683628674155
CACC,CREDIT ACCEP CORP MICH,225310101,1815000.0,4286,0.00020984436935702908
MRX,MAREX GROUP PLC,G5S37H101,1812000.0,40644,0.00020949751915974477
ARR,ARMOUR RESIDENTIAL REIT INC,042315705,1807000.0,108308,0.0002089194354976042
NG,NOVAGOLD RESOURCES INC,66987E206,1800000.0,200369,0.0002081101183706074
CLMT,CALUMET INC,131428104,1792000.0,49893,0.00020718518451118246
SBH,SALLY BEAUTY HLDGS INC,79546E104,1790000.0,129216,0.00020695395104632625
CCS,CENTURY COMMUNITIES INC,156504300,1788000.0,31146,0.00020672271758147
SBSI,SOUTHSIDE BANCSHARES INC,84470P109,1787000.0,57471,0.00020660710084904188
DHT,DHT HOLDINGS INC,Y2065G121,1786000.0,97705,0.00020649148411661377
NBR,NABORS INDUSTRIES LTD,G6359F137,1785000.0,20739,0.00020637586738418568
LUNR,INTUITIVE MACHINES INC,46125A100,1785000.0,96122,0.00020637586738418568
AMT,AMERICAN TOWER CORP,03027X100,1784000.0,10337,0.0002062602506517575
FLO,FLOWERS FOODS INC,343498101,1784000.0,218796,0.0002062602506517575
WMG,WARNER MUSIC GROUP CORP,934550203,1784000.0,69825,0.0002062602506517575
KSS,KOHLS CORP,500255104,1780000.0,137982,0.0002057977837220451
NHC,NATIONAL HEALTHCARE CORP,635906100,1775000.0,11114,0.00020521970005990452
XHR,XENIA HOTELS & RESORTS INC,984017103,1773000.0,119549,0.00020498846659504827
LLYVA,LIBERTY LIVE HOLDINGS INC,530909100,1770000.0,19309,0.00020464161639776395
ARLO,ARLO TECHNOLOGIES INC,04206A101,1766000.0,124063,0.00020417914946805146
DCOM,DIME CMNTY BANCSHARES INC,25432X102,1763000.0,52115,0.0002038322992707671
ARDX,ARDELYX INC,039697107,1760000.0,293707,0.0002034854490734828
MCB,METROPOLITAN BK HLDG CORP,591774104,1757000.0,21083,0.00020313859887619842
MQ,MARQETA INC,57142B104,1753000.0,429608,0.00020267613194648596
BBAI,BIGBEAR AI HLDGS INC,08975B109,1748000.0,496529,0.00020209804828434538
INTA,INTAPP INC,45827U109,1745000.0,67900,0.00020175119808706106
BRZE,BRAZE INC,10576N102,1744000.0,73826,0.00020163558135463295
ARRY,ARRAY TECHNOLOGIES INC,04271T100,1734000.0,239803,0.0002004794140303518
PPTA,PERPETUA RESOURCES CORP,714266103,1731000.0,61524,0.00020013256383306742
WKC,WORLD KINECT CORPORATION,981475106,1725000.0,74767,0.00019943886343849876
EWC,ISHARES INC,464286509,1724000.0,31451,0.00019932324670607064
RXRX,RECURSION PHARMACEUTICALS IN,75629V104,1722000.0,560746,0.00019909201324121438
ATRC,ATRICURE INC,04963C209,1720000.0,60285,0.00019886077977635818
UFCS,UNITED FIRE GROUP INC,910340108,1718000.0,46332,0.00019862954631150192
CXT,CRANE NXT CO,224441105,1716000.0,42263,0.0001983983128466457
WD,WALKER & DUNLOP INC,93148P102,1715000.0,38624,0.0001982826961142176
NNI,NELNET INC,64031N108,1714000.0,13290,0.0001981670793817895
TFIN,TRIUMPH FINANCIAL INC,89679E300,1713000.0,28697,0.00019805146264936134
CMF,ISHARES TR,464288356,1706000.0,30000,0.00019724214552236454
CNOB,CONNECTONE BANCORP INC,20786W107,1706000.0,63723,0.00019724214552236454
ABR,ARBOR REALTY TRUST INC,038923108,1704000.0,220891,0.00019701091205750833
JRVR,JAMES RIV GROUP HOLDINGS INC,46990A102,1702000.0,270144,0.00019677967859265208
COHU,COHU INC,192576106,1700000.0,55498,0.00019654844512779587
ROCK,GIBRALTAR INDS INC,374689107,1697000.0,42539,0.0001962015949305115
IIPR,INNOVATIVE INDL PPTYS INC,45781V101,1696000.0,33811,0.00019608597819808338
AMLX,AMYLYX PHARMACEUTICALS INC,03237H101,1689000.0,121439,0.0001952766610710866
BLKB,BLACKBAUD INC,09227Q100,1689000.0,43734,0.0001952766610710866
AXGN,AXOGEN INC,05463X106,1683000.0,50785,0.0001945829606765179
UVSP,UNIVEST FINANCIAL CORPORATIO,915271100,1682000.0,49069,0.00019446734394408977
PRCT,PROCEPT BIOROBOTICS CORP,74276L105,1679000.0,67095,0.00019412049374680545
AGM,FEDERAL AGRIC MTG CORP,313148306,1678000.0,11308,0.00019400487701437733
IJS,ISHARES TR,464287879,1677000.0,14156,0.0001938892602819492
BHVN,BIOHAVEN LTD,G1110E107,1677000.0,198173,0.0001938892602819492
TNC,TENNANT CO,880345103,1670000.0,25146,0.0001930799431549524
BA 6 10/15/27,BOEING CO,097023204,1670000.0,25736,0.0001930799431549524
DDS,DILLARDS INC,254067101,1667000.0,2913,0.00019273309295766804
MSEX,MIDDLESEX WTR CO,596680108,1656000.0,31810,0.00019146130890095877
MXL,MAXLINEAR INC,57776J100,1656000.0,95212,0.00019146130890095877
UVV,UNIVERSAL CORP VA MTNS BK EN,913456109,1647000.0,31239,0.00019042075830910576
QCRH,QCR HLDGS INC,74727A104,1647000.0,19267,0.00019042075830910576
KW,KENNEDY-WILSON HOLDINGS INC,489398107,1647000.0,152130,0.00019042075830910576
ANAB,ANAPTYSBIO INC,032724106,1647000.0,29691,0.00019042075830910576
ASTE,ASTEC INDS INC,046224101,1647000.0,30578,0.00019042075830910576
HLF,HERBALIFE LTD,G4412G101,1646000.0,111804,0.00019030514157667764
FLYW,FLYWIRE CORPORATION,302492103,1641000.0,140965,0.00018972705791453707
JBSS,SANFILIPPO JOHN B & SON INC,800422107,1639000.0,20648,0.00018949582444968084
RCUS,ARCUS BIOSCIENCES INC,03969F109,1638000.0,75816,0.0001893802077172527
XPEL,XPEL INC,98379L100,1636000.0,36956,0.0001891489742523965
UMH,UMH PPTYS INC,903002103,1630000.0,112935,0.0001884552738578278
SMPL,SIMPLY GOOD FOODS CO,82900L102,1629000.0,113464,0.00018833965712539968
LBTYK,LIBERTY GLOBAL LTD,G61188127,1627000.0,138704,0.00018810842366054345
JBLU,JETBLUE AIRWAYS CORP,477143101,1626000.0,367803,0.00018799280692811534
XNCR,XENCOR INC,98401F105,1625000.0,134665,0.00018787719019568722
ONDS,ONDAS INC,68236H204,1624000.0,179542,0.0001877615734632591
NCNO,NCINO INC,63947X101,1623000.0,108317,0.000187645956730831
PK,PARK HOTELS & RESORTS INC,700517105,1622000.0,153967,0.00018753033999840287
GRC,GORMAN RUPP CO,383082104,1621000.0,26081,0.00018741472326597476
TNGX,TANGO THERAPEUTICS INC,87583X109,1621000.0,77440,0.00018741472326597476
ICFI,ICF INTL INC,44925C103,1617000.0,24754,0.0001869522563362623
PRA,PROASSURANCE CORP,74267C106,1616000.0,65333,0.00018683663960383418
OPEN,OPENDOOR TECHNOLOGIES INC,683712103,1614000.0,344774,0.00018660540613897795
AROW,ARROW FINL CORP,042744102,1611000.0,47986,0.0001862585559416936
HHH,HOWARD HUGHES HOLDINGS INC,44267T102,1610000.0,25440,0.0001861429392092655
PRGO,PERRIGO CO PLC,G97822103,1605000.0,149366,0.0001855648555471249
WTTR,SELECT WATER SOLUTIONS INC,81617J301,1597000.0,104324,0.0001846399216877
CBZ,CBIZ INC,124805102,1594000.0,59348,0.00018429307149041564
CFFN,CAPITOL FED FINL INC,14057J101,1593000.0,223397,0.00018417745475798753
CTBI,COMMUNITY TR BANCORP INC,204149108,1589000.0,26168,0.00018371498782827507
ENOV,ENOVIS CORPORATION,194014502,1586000.0,69675,0.00018336813763099072
N/A,BANK OF N T BUTTERFIELD & SO,G0772R208,1584000.0,30179,0.0001831369041661345
TTAN,SERVICETITAN INC,81764X103,1583000.0,24936,0.00018302128743370637
FA,FIRST ADVANTAGE CORP NEW,31846B108,1581000.0,134387,0.00018279005396885014
FFIC,FLUSHING FINL CORP,343873105,1577000.0,102629,0.00018232758703913768
VRTS,VIRTUS INVT PARTNERS INC,92828Q109,1576000.0,11725,0.00018221197030670957
MBX,MBX BIOSCIENCES INC,55287L101,1569000.0,52549,0.00018140265317971276
ARI,APOLLO COML REAL ESTATE FIN,03762U105,1565000.0,148176,0.0001809401862500003
QUBT,QUANTUM COMPUTING INC,74766W108,1558000.0,227409,0.0001801308691230035
SLVM,SYLVAMO CORP,871332102,1555000.0,36808,0.00017978401892571914
WWW,WOLVERINE WORLD WIDE INC,978097103,1549000.0,94882,0.00017909031853115045
GTM,ZOOMINFO TECHNOLOGIES INC,98980F104,1546000.0,258481,0.0001787434683338661
KOD,KODIAK SCIENCES INC,50015M109,1544000.0,40493,0.00017851223486900988
ADTN,ADTRAN HOLDINGS INC,00486H105,1544000.0,122707,0.00017851223486900988
MNDY,MONDAY COM LTD,M7S64H106,1535000.0,22210,0.00017747168427715684
COLM,COLUMBIA SPORTSWEAR CO,198516106,1532000.0,27940,0.00017712483407987252
CRI,CARTERS INC,146229109,1527000.0,42681,0.00017654675041773194
NVTS,NAVITAS SEMICONDUCTOR CORP,63942X106,1521000.0,173392,0.00017585305002316322
OIS,OIL STS INTL INC,678026105,1513000.0,129982,0.0001749281161637383
CMPR,CIMPRESS PLC,G2143T103,1513000.0,20724,0.0001749281161637383
ATRO,ASTRONICS CORP,046433108,1513000.0,22659,0.0001749281161637383
LGN,LEGENCE CORP,52476L109,1510000.0,26740,0.00017458126596645395
SGOV,ISHARES TR,46436E718,1510000.0,15000,0.00017458126596645395
OBK,ORIGIN BANCORP INC,68621T102,1509000.0,36378,0.00017446564923402587
TGS,TRANSPORTADORA DE GAS DEL SU,893870204,1501000.0,43368,0.00017354071537460094
PRG,PROG HOLDINGS INC,74319R101,1498000.0,52201,0.00017319386517731657
AEHR,AEHR TEST SYS,00760J108,1496000.0,40340,0.00017296263171246037
AGG,ISHARES CORE U.S. AGGREGATE BOND FD,464287226,1492000.0,15024,0.0001725001647827479
KVYO,KLAVIYO INC,49845K101,1492000.0,76659,0.0001725001647827479
IVW,ISHARES S&P 500 GROWTH FD,464287309,1483000.0,13112,0.00017145961419089487
EFC,ELLINGTON FINANCIAL INC,28852N109,1480000.0,124868,0.0001711127639936105
WGS,GENEDX HOLDINGS CORP,81663L200,1479000.0,23026,0.0001709971472611824
PNTG,PENNANT GROUP INC,70805E109,1477000.0,48443,0.00017076591379632617
PPC,PILGRIMS PRIDE CORP,72147K108,1477000.0,39093,0.00017076591379632617
IOVA,IOVANCE BIOTHERAPEUTICS INC,462260100,1476000.0,420453,0.00017065029706389806
OCFC,OCEANFIRST FINL CORP,675234108,1475000.0,81719,0.00017053468033146992
NVAX,NOVAVAX INC,670002401,1470000.0,180468,0.00016995659666932934
ROL,ROLLINS INC,775711104,1469000.0,27504,0.00016984097993690125
N/A,JAMES HARDIE INDS PLC,G4253H101,1461000.0,77116,0.00016891604607747633
ELS,EQUITY LIFESTYLE PROPERTIES,29472R108,1457000.0,23327,0.00016845357914776387
AMAL,AMALGAMATED FINANCIAL CORP,022671101,1456000.0,37455,0.00016833796241533575
RAPP,RAPPORT THERAPEUTICS INC,75383L102,1454000.0,46458,0.00016810672895047952
PVLA,PALVELLA THERAPEUTICS INC NE,697947109,1449000.0,11622,0.00016752864528833894
JBGS,JBG SMITH PPTYS,46590V100,1447000.0,99032,0.0001672974118234827
SCL,STEPAN CO,858586100,1446000.0,28922,0.0001671817950910546
RYI,RYERSON HLDG CORP,783754104,1444000.0,64191,0.00016695056162619837
INSP,INSPIRE MED SYS INC,457730109,1444000.0,27984,0.00016695056162619837
AESI,ATLAS ENERGY SOLUTIONS INC,642045108,1443000.0,109916,0.00016683494489377025
BF/B,BROWN FORMAN CORP,115637209,1442000.0,54529,0.00016671932816134214
HCSG,HEALTHCARE SVCS GROUP INC,421906108,1439000.0,77562,0.0001663724779640578
UHS,UNIVERSAL HLTH SVCS INC,913903100,1433000.0,8003,0.0001656787775694891
REG,REGENCY CTRS CORP,758849103,1431000.0,18902,0.00016544754410463287
GPRE,GREEN PLAINS INC,393222104,1431000.0,86951,0.00016544754410463287
FIVN,FIVE9 INC,338307101,1425000.0,93877,0.00016475384371006417
LPG,DORIAN LPG LTD,Y2106R110,1421000.0,41529,0.0001642913767803517
DV,DOUBLEVERIFY HLDGS INC,25862V105,1408000.0,148195,0.0001627883592587862
LILAK,LIBERTY LATIN AMERICA LTD,G9001E128,1408000.0,159618,0.0001627883592587862
DJT,TRUMP MEDIA & TECHNOLOGY GRO,25400Q105,1407000.0,151601,0.0001626727425263581
TRIP,TRIPADVISOR INC,896945201,1406000.0,131875,0.00016255712579392998
CAC,CAMDEN NATL CORP,133034108,1404000.0,29573,0.00016232589232907375
LNN,LINDSAY CORP,535555106,1403000.0,11782,0.00016221027559664564
PFBC,PREFERRED BK LOS ANGELES CA,740367404,1401000.0,15444,0.0001619790421317894
CSR,CENTERSPACE,15202L107,1399000.0,24345,0.00016174780866693318
TTI,TETRA TECHNOLOGIES INC DEL,88162F105,1399000.0,164139,0.00016174780866693318
EGP,EASTGROUP PPTYS INC,277276101,1398000.0,7552,0.00016163219193450506
MLKN,MILLERKNOLL INC,600544100,1396000.0,96500,0.00016140095846964883
WVE,WAVE LIFE SCIENCES LTD,Y95308105,1394000.0,192185,0.0001611697250047926
LADR,LADDER CAP CORP,505743104,1393000.0,142561,0.00016105410827236448
JJSF,J & J SNACK FOODS CORP,466032109,1390000.0,17531,0.00016070725807508014
NSP,INSPERITY INC,45778Q107,1386000.0,51251,0.00016024479114536768
ECVT,ECOVYST INC,27923Q109,1383000.0,107474,0.00015989794094808333
ESS,ESSEX PPTY TR INC,297178105,1378000.0,5692,0.00015931985728594275
MCRI,MONARCH CASINO & RESORT INC,609027107,1378000.0,14408,0.00015931985728594275
PZZA,PAPA JOHNS INTL INC,698813102,1376000.0,42432,0.00015908862382108652
MLYS,MINERALYS THERAPEUTICS INC,603170101,1372000.0,50629,0.00015862615689137406
EYPT,EYEPOINT INC,30233G209,1369000.0,106138,0.00015827930669408971
VUG,VANGUARD INDEX FDS,922908736,1365000.0,3125,0.00015781683976437725
QDEL,QUIDELORTHO CORP,219798105,1363000.0,82922,0.00015758560629952102
TNET,TRINET GROUP INC,896288107,1357000.0,37237,0.00015689190590495233
DLR,DIGITAL RLTY TR INC,253868103,1347000.0,7471,0.00015573573858067118
AI,C3 AI INC,12468P104,1346000.0,159846,0.0001556201218482431
BABA 0.5 06/01/31,ALIBABA GROUP HLDG LTD,01609WBG6,1340000.0,965000,0.00015492642145367437
HRMY,HARMONY BIOSCIENCES HLDGS IN,413197104,1337000.0,47714,0.00015457957125639002
GSHD,GOOSEHEAD INS INC,38267D109,1337000.0,31322,0.00015457957125639002
MAN,MANPOWERGROUP INC WIS,56418H100,1334000.0,45251,0.00015423272105910568
MTUS,METALLUS INC,887399103,1333000.0,81537,0.0001541171043266776
IWD,ISHARES TR,464287598,1331000.0,6226,0.00015388587086182136
PGNY,PROGYNY INC,74340E103,1330000.0,78278,0.00015377025412939322
DFTX,DEFINIUM THERAPEUTICS INC,24477V105,1324000.0,70001,0.00015307655373482452
FRHC,FREEDOM HOLDING CORP,356390104,1321000.0,9113,0.0001527297035375402
PMT,PENNYMAC MTG INVT TR,70931T103,1317000.0,112938,0.00015226723660782772
TNDM,TANDEM DIABETES CARE INC,875372203,1317000.0,68661,0.00015226723660782772
COLL,COLLEGIUM PHARMACEUTICAL INC,19459J104,1315000.0,39749,0.0001520360031429715
DXPE,DXP ENTERPRISES INC,233377407,1312000.0,9389,0.00015168915294568714
UPBD,UPBOUND GROUP INC,76009N100,1310000.0,72561,0.00015145791948083094
NEXT,NEXTDECADE CORP,65342K105,1308000.0,170729,0.0001512266860159747
HDB,HDFC BANK LTD,40415F101,1307000.0,52523,0.00015111106928354656
NUVB,NUVATION BIO INC,67080N101,1303000.0,303624,0.00015064860235383413
HFWA,HERITAGE FINL CORP WASH,42722X106,1302000.0,50062,0.00015053298562140599
ORIC,ORIC PHARMACEUTICALS INC,68622P109,1301000.0,102653,0.0001504173688889779
PAGS,PAGSEGURO DIGITAL LTD,G68707101,1301000.0,129793,0.0001504173688889779
EPC,EDGEWELL PERSONAL CARE CO,28035Q102,1301000.0,60940,0.0001504173688889779
ATEC,ALPHATEC HLDGS INC,02081G201,1300000.0,119471,0.00015030175215654978
TWO,TWO HARBORS INVENTMENT CORPO,90187B804,1299000.0,113706,0.00015018613542412164
SYM,SYMBOTIC INC,87151X101,1299000.0,24405,0.00015018613542412164
PRGS,PROGRESS SOFTWARE CORP,743312100,1298000.0,50574,0.00015007051869169355
ATAT,ATOUR LIFESTYLE HLDGS LTD,04965M106,1296000.0,35200,0.00014983928522683732
WEN,WENDYS CO,95058W100,1292000.0,185797,0.00014937681829712483
IMKTA,INGLES MKTS INC,457030104,1290000.0,14343,0.00014914558483226863
PSA,PUBLIC STORAGE OPER CO,74460D109,1290000.0,4760,0.00014914558483226863
GIII,G III APPAREL GROUP LTD,36237H101,1289000.0,46518,0.00014902996809984049
LEG,LEGGETT & PLATT INC,524660107,1289000.0,130444,0.00014902996809984049
GLIBK,GCI LIBERTY INC,36164V800,1288000.0,34594,0.0001489143513674124
TROX,TRONOX HOLDINGS PLC,G9087Q102,1288000.0,131782,0.0001489143513674124
IBCP,INDEPENDENT BK CORP MICH,453838609,1285000.0,38573,0.00014856750117012805
DLX,DELUXE CORP MEDIUM TERM NTS,248019101,1282000.0,46524,0.0001482206509728437
REXR,REXFORD INDL RLTY INC,76169C100,1279000.0,39070,0.00014787380077555933
AUPH,AURINIA PHARMACEUTICALS INC,05156V102,1278000.0,86222,0.00014775818404313124
TDOC,TELADOC HEALTH INC,87918A105,1277000.0,234300,0.00014764256731070313
CNMD,CONMED CORP,207410101,1277000.0,36088,0.00014764256731070313
TNK,TEEKAY TANKERS LTD,G8726X106,1276000.0,17400,0.000147526950578275
MFA,MFA FINL INC,55272X607,1274000.0,132951,0.00014729571711341875
CECO,CECO ENVIRONMENTAL CORP,125141101,1274000.0,21370,0.00014729571711341875
MATW,MATTHEWS INTL CORP,577128101,1269000.0,49120,0.00014671763345127818
NUE,NUCOR CORP,670346105,1268000.0,7495,0.0001466020167188501
PUMP,PROPETRO HLDG CORP,74347M108,1266000.0,87788,0.00014637078325399386
FIGS,FIGS INC,30260D103,1265000.0,85631,0.00014625516652156574
PKE,PARK AEROSPACE CORP,70014A104,1263000.0,46095,0.0001460239330567095
PRSU,PURSUIT ATTRACTIONS AND HOSP,92552R406,1256000.0,34275,0.0001452146159297127
NVCR,NOVOCURE LTD,G6674U108,1255000.0,115102,0.0001450989991972846
AVB,AVALONBAY CMNTYS INC,053484101,1255000.0,7677,0.0001450989991972846
SGHC,SUPER GROUP SGHC LIMITED,G8588X103,1250000.0,115728,0.000144520915535144
SHBI,SHORE BANCSHARES INC,825107105,1247000.0,66726,0.00014417406533785967
DCO,DUCOMMUN INC DEL,264147109,1243000.0,10183,0.0001437115984081472
EWY,ISHARES INC,464286772,1239000.0,10071,0.00014324913147843474
MBC,MASTERBRAND INC,57638P104,1238000.0,148881,0.00014313351474600663
ENR,ENERGIZER HLDGS INC,29272W109,1238000.0,75337,0.00014313351474600663
N/A,WHITEFIBER INC,G96115103,1237000.0,103808,0.00014301789801357851
ENVX,ENOVIX CORPORATION,293594107,1237000.0,238797,0.00014301789801357851
PRKS,UNITED PARKS & RESORTS INC,81282V100,1235000.0,37808,0.00014278666454872228
SEDG,SOLAREDGE TECHNOLOGIES INC,83417M104,1235000.0,24178,0.00014278666454872228
LCID,LUCID GROUP INC,549498202,1234000.0,129426,0.00014267104781629417
THRM,GENTHERM INC,37253A103,1233000.0,44358,0.00014255543108386605
BBSI,BARRETT BUSINESS SVCS INC,068463108,1227000.0,42030,0.00014186173068929736
MDY,STATE STR SPDR S&P MIDCAP 40,78467Y107,1227000.0,1989,0.00014186173068929736
WGO,WINNEBAGO INDS INC,974637100,1227000.0,39567,0.00014186173068929736
RWT,REDWOOD TRUST INC,758075402,1225000.0,218330,0.00014163049722444113
FIGR,FIGURE TECHNOLOGY SOLUTIO,349381103,1223000.0,36015,0.0001413992637595849
NSSC,NAPCO SEC TECHNOLOGIES INC,630402105,1222000.0,30999,0.00014128364702715678
TBPH,THERAVANCE BIOPHARMA INC,G8807B106,1220000.0,75140,0.00014105241356230055
PCRX,PACIRA BIOSCIENCES INC,695127100,1220000.0,53977,0.00014105241356230055
WMB,WILLIAMS COS INC,969457100,1220000.0,16760,0.00014105241356230055
APD,AIR PRODUCTS AND CHEMICALS I,009158106,1217000.0,4187,0.0001407055633650162
RCAT,RED CAT HLDGS INC,75644T100,1215000.0,92747,0.00014047432990015998
GCI,USA TODAY CO INC,36472T109,1214000.0,172136,0.00014035871316773186
XERS,XERIS BIOPHARMA HOLDINGS INC,98422E103,1213000.0,209034,0.00014024309643530374
WTBA,WEST BANCORPORATION INC,95123P106,1213000.0,50974,0.00014024309643530374
ASTH,ASTRANA HEALTH INC,03763A207,1212000.0,49418,0.00014012747970287563
AHCO,ADAPTHEALTH CORP,00653Q102,1211000.0,101698,0.00014001186297044751
IMAX,IMAX CORP,45245E109,1209000.0,31805,0.00013978062950559128
IWM,ISHARES TR,464287655,1208000.0,4868,0.00013966501277316317
HCI,HCI GROUP INC,40416E103,1208000.0,7812,0.00013966501277316317
SD,SANDRIDGE ENERGY INC,80007P869,1207000.0,73960,0.00013954939604073505
WS,WORTHINGTON STL INC,982104101,1204000.0,39660,0.0001392025458434507
OGN,ORGANON & CO,68622V106,1203000.0,200738,0.00013908692911102262
VPG,VISHAY PRECISION GROUP INC,92835K103,1202000.0,27683,0.00013897131237859448
SHEN,SHENANDOAH TELECOMMUNICATION,82312B106,1201000.0,77838,0.00013885569564616636
SAH,SONIC AUTOMOTIVE INC,83545G102,1194000.0,17407,0.00013804637851916955
MBIN,MERCHANTS BANCORP IND,58844R108,1192000.0,27778,0.00013781514505431332
LIN,LINDE PLC,G54950103,1192000.0,2404,0.00013781514505431332
IJK,ISHARES TR,464287606,1191000.0,11830,0.0001376995283218852
USPH,U S PHYSICAL THERAPY,90337L108,1189000.0,15856,0.00013746829485702898
HBNC,HORIZON BANCORP IND,440407104,1187000.0,71591,0.00013723706139217275
APPN,APPIAN CORP,03782L101,1187000.0,49226,0.00013723706139217275
TGLS,TECNOGLASS INC,G87264100,1181000.0,26493,0.00013654336099760405
BORR,BORR DRILLING LTD,G1466R173,1179000.0,204262,0.00013631212753274782
ICHR,ICHOR HOLDINGS,G4740B105,1179000.0,25293,0.00013631212753274782
PDM,PIEDMONT REALTY TRUST INC,720190206,1175000.0,178728,0.0001358496606030354
SGRY,SURGERY PARTNERS INC,86881A100,1174000.0,98414,0.00013573404387060725
HAFC,HANMI FINL CORP,410495204,1171000.0,44421,0.0001353871936733229
ACT,ENACT HLDGS INC,29249E109,1168000.0,28619,0.00013504034347603858
FTRE,FORTREA HLDGS INC,34965K107,1167000.0,123819,0.00013492472674361044
WSO,WATSCO INC,942622200,1165000.0,3200,0.00013469349327875423
CCOI,COGENT COMM HOLDINGS INC,19239V302,1165000.0,61810,0.00013469349327875423
EFG,ISHARES TR,464288885,1164000.0,10449,0.0001345778765463261
SUI,SUN CMNTYS INC,866674104,1160000.0,9208,0.00013411540961661366
NEO,NEOGENOMICS INC,64049M209,1159000.0,156118,0.00013399979288418552
AZTA,AZENTA INC,114340102,1158000.0,54781,0.00013388417615175743
BFS,SAUL CTRS INC,804395101,1158000.0,35533,0.00013388417615175743
ELVN,ENLIVEN THERAPEUTICS INC,29337E102,1156000.0,29484,0.00013365294268690117
PAHC,PHIBRO ANIMAL HEALTH CORP,71742Q106,1154000.0,20859,0.00013342170922204494
BKE,BUCKLE INC,118440106,1152000.0,22866,0.00013319047575718873
NTST,NETSTREIT CORP,64119V303,1151000.0,61105,0.0001330748590247606
CABA,CABALETTA BIO INC,12674W109,1151000.0,427577,0.0001330748590247606
FLNC,FLUENCE ENERGY INC,34379V103,1149000.0,83463,0.00013284362555990436
HLIT,HARMONIC INC,413160102,1149000.0,127891,0.00013284362555990436
REPL,REPLIMUNE GROUP INC,76029N106,1148000.0,150051,0.00013272800882747627
ALKT,ALKAMI TECHNOLOGY INC,01644J108,1146000.0,73092,0.00013249677536262002
EQR,EQUITY RESIDENTIAL,29476L107,1142000.0,19290,0.00013203430843290758
UTL,UNITIL CORP,913259107,1141000.0,21824,0.00013191869170047944
VLO,VALERO ENERGY CORP,91913Y100,1140000.0,4610,0.00013180307496805135
EBF,ENNIS INC,293389102,1139000.0,53134,0.0001316874582356232
AXTI,AXT INC,00246W103,1138000.0,19960,0.00013157184150319512
CDRE,CADRE HLDGS INC,12763L105,1138000.0,37064,0.00013157184150319512
AMSF,AMERISAFE INC,03071H100,1134000.0,34004,0.00013110937457348263
OMER,OMEROS CORP,682143102,1134000.0,107293,0.00013110937457348263
KVYO,KLAVIYO INC,49845K101,1134000.0,58245,0.00013110937457348263
CNNE,CANNAE HLDGS INC,13765N107,1134000.0,99676,0.00013110937457348263
GAMB,GAMBLING COM GROUP LIMITED,G3R239101,1133000.0,291912,0.00013099375784105454
HLX,HELIX ENERGY SOLUTIONS GRP I,42330P107,1132000.0,114422,0.00013087814110862643
PENG,PENGUIN SOLUTIONS INC,706915105,1129000.0,64108,0.00013053129091134205
BHRB,BURKE HERBERT FINL SVCS CORP,12135Y108,1129000.0,18122,0.00013053129091134205
KK0,NEXTNAV INC,65345N106,1124000.0,70119,0.0001299532072492015
SMP,STANDARD MTR PRODS INC,853666105,1109000.0,31904,0.00012821895626277977
CASS,CASS INFORMATION SYS INC,14808P109,1109000.0,25174,0.00012821895626277977
CVI,CVR ENERGY INC,12662P108,1108000.0,32900,0.00012810333953035166
REAL,THE REALREAL INC,88339P101,1108000.0,121952,0.00012810333953035166
SABHLD 7.32 08/01/26,SABRE GLBL INC,78573NAK8,1107000.0,1100000,0.00012798772279792354
DEO,DIAGEO PLC-SPONSORED ADR,25243Q205,1098000.0,14738,0.0001269471722060705
LOB,LIVE OAK BANCSHARES INC,53803X105,1096000.0,33125,0.00012671593874121427
CTO,CTO RLTY GROWTH INC NEW,22948Q101,1092000.0,59043,0.0001262534718115018
AAMI,ACADIAN ASSET MANAGEMENT INC,10948W103,1089000.0,20005,0.00012590662161421747
MIAX,MIAMI INTL HLDGS INC,59356Q108,1087000.0,27919,0.00012567538814936124
NPKI,NPK INTERNATIONAL INC,651718504,1084000.0,74766,0.0001253285379520769
IXUS,ISHARES TR,46432F834,1083000.0,12500,0.00012521292121964877
CLDT,CHATHAM LODGING TR,16208T102,1082000.0,137484,0.00012509730448722066
CNXC,CONCENTRIX CORP,20602D101,1077000.0,39337,0.00012451922082508008
CCB,COASTAL FINL CORP WA,19046P209,1076000.0,14136,0.00012440360409265197
TRNO,TERRENO RLTY CORP,88146M101,1075000.0,17492,0.00012428798736022385
BRSP,BRIGHTSPIRE CAPITAL INC,10949T109,1075000.0,191790,0.00012428798736022385
CWEN/A,CLEARWAY ENERGY INC,18539C105,1074000.0,27414,0.00012417237062779574
NWL,NEWELL BRANDS INC,651229106,1073000.0,312712,0.00012405675389536762
N/A,GREENLIGHT CAP RE LTD,G4095J109,1068000.0,61760,0.00012347867023322704
AAT,AMERICAN ASSETS TR INC,024013104,1067000.0,57927,0.00012336305350079893
FLY,FIREFLY AEROSPACE INC,31816X106,1060000.0,37220,0.00012255373637380212
FIZZ,NATIONAL BEVERAGE CORP,635017106,1059000.0,31458,0.000122438119641374
CMP,COMPASS MINERALS INTL INC,20451N101,1059000.0,45331,0.000122438119641374
INOD,INNODATA INC,457642205,1059000.0,27404,0.000122438119641374
HCKT,HACKETT GROUP INC,404609109,1056000.0,81127,0.00012209126944408966
ALX,ALEXANDERS INC,014752109,1055000.0,4463,0.00012197565271166154
LXU,LSB INDS INC,502160104,1053000.0,70635,0.00012174441924680533
MATW,MATTHEWS INTL CORP,577128101,1053000.0,40773,0.00012174441924680533
VYX,NCR VOYIX CORPORATION,62886E108,1052000.0,166069,0.0001216288025143772
SNDR,SCHNEIDER NATIONAL INC,80689H102,1051000.0,39844,0.00012151318578194908
TRST,TRUSTCO BK CORP N Y,898349204,1051000.0,23999,0.00012151318578194908
TR,TOOTSIE ROLL INDS INC,890516107,1048000.0,24525,0.00012116633558466475
BCAX,BICARA THERAPEUTICS INC,055477103,1048000.0,52644,0.00012116633558466475
EGY,VAALCO ENERGY INC,91851C201,1046000.0,164935,0.0001209351021198085
HROW,HARROW INC,415858109,1046000.0,29665,0.0001209351021198085
PLOW,DOUGLAS DYNAMICS INC,25960R105,1044000.0,24794,0.00012070386865495228
CPNG,COUPANG INC,22266T109,1043000.0,55196,0.00012058825192252417
CIM,CHIMERA INVT CORP,16934Q802,1042000.0,82991,0.00012047263519009605
AMN,AMN HEALTHCARE SVCS INC,001744101,1041000.0,56715,0.00012035701845766793
APOG,APOGEE ENTERPRISES INC,037598109,1041000.0,31031,0.00012035701845766793
SEZL,SEZZLE INC,78435P105,1040000.0,16423,0.00012024140172523983
ANIP,ANI PHARMACEUTICALS INC,00182C103,1037000.0,13483,0.00011989455152795547
SCHL,SCHOLASTIC CORP,807066105,1034000.0,26471,0.00011954770133067112
GLOB,GLOBANT S A,L44385109,1033000.0,22386,0.00011943208459824302
AMRC,AMERESCO INC,02361E108,1033000.0,40504,0.00011943208459824302
BLCO,BAUSCH PLUS LOMB CORP,071705107,1031000.0,64822,0.00011920085113338678
ESRT,EMPIRE ST RLTY TR INC,292104106,1030000.0,197999,0.00011908523440095867
TRS,TRIMAS CORP,896215209,1029000.0,28604,0.00011896961766853055
RS,RELIANCE INC,759509102,1029000.0,3383,0.00011896961766853055
N/A,NATIONAL ENERGY SERVICES REU,G6375R107,1028000.0,47862,0.00011885400093610244
CCSI,CONSENSUS CLOUD SOLUTIONS IN,20848V105,1024000.0,43115,0.00011839153400638997
PACS,PACS GROUP INC,69380Q107,1024000.0,31859,0.00011839153400638997
CRAI,CRA INTL INC,12618T105,1021000.0,6306,0.00011804468380910562
CUBE,CUBESMART,229663109,1021000.0,27841,0.00011804468380910562
ENB,ENBRIDGE INC,29250N105,1019000.0,18813,0.00011781345034424939
DEA,EASTERLY GOVT PPTYS INC,27616P301,1017000.0,47419,0.00011758221687939316
WSR,WHITESTONE REIT,966084204,1017000.0,62924,0.00011758221687939316
GD,GENERAL DYNAMICS CORP,369550108,1015000.0,2957,0.00011735098341453694
TRUP,TRUPANION INC,898202106,1012000.0,39509,0.0001170041332172526
AVPT,AVEPOINT INC,053604104,1011000.0,106265,0.00011688851648482447
RVMDW,REVOLUTION MEDICINES INC,76155X118,1009000.0,579550,0.00011665728301996824
FG,F&G ANNUITIES & LIFE INC,30190A104,1009000.0,39846,0.00011665728301996824
VERX,VERTEX INC,92538J106,1006000.0,84589,0.00011631043282268389
CBC,CENTRAL BANCOMPANY,152413100,1005000.0,41921,0.00011619481609025579
USLM,UNITED STS LIME & MINERALS I,911922102,1005000.0,7693,0.00011619481609025579
UAA,UNDER ARMOUR INC,904311107,1003000.0,169637,0.00011596358262539956
CRVS,CORVUS PHARMACEUTICALS INC,221015100,1001000.0,68361,0.00011573234916054332
NAVI,NAVIENT CORPORATION,63938C108,998000.0,121938,0.00011538549896325898
SMH,VANECK ETF TRUST,92189F676,997000.0,2600,0.00011526988223083087
YUMC,YUM CHINA HLDGS INC,98850P109,993000.0,20356,0.0001148074153011184
MVBF,MVB FINL CORP,553810102,992000.0,39945,0.00011469179856869029
BFC,BANK FIRST CORP,06211J100,992000.0,7338,0.00011469179856869029
AVNS,AVANOS MED INC,05350V106,989000.0,70545,0.00011434494837140593
VTS,VITESSE ENERGY INC,92852X103,988000.0,54395,0.00011422933163897783
EHAB,ENHABIT INC,29332G102,986000.0,69915,0.00011399809817412158
EZM,WISDOMTREE TR,97717W570,985000.0,14651,0.00011388248144169348
SNCY,SUN CTRY AIRLS HLDGS INC,866683105,984000.0,59560,0.00011376686470926538
WLDN,WILLDAN GROUP INC,96924N100,984000.0,12843,0.00011376686470926538
NYMT,ADAMAS TRUST INC.,649604840,983000.0,133445,0.00011365124797683725
SILA,SILA REALTY TRUST INC,146280508,982000.0,41446,0.00011353563124440914
HOV,HOVNANIAN ENTERPRISES INC,442487401,980000.0,8831,0.0001133043977795529
WNEB,WESTERN NEW ENG BANCORP INC,958892101,978000.0,75598,0.00011307316431469668
PRAA,PRA GROUP INC,69354N106,978000.0,55859,0.00011307316431469668
RLJ,RLJ LODGING TR,74965L101,976000.0,131416,0.00011284193084984043
BEKE,KE HLDGS INC,482497104,976000.0,65156,0.00011284193084984043
SLB,SLB LIMITED,806857108,975000.0,18955,0.00011272631411741233
UEC,URANIUM ENERGY CORP,916896103,973000.0,72036,0.0001124950806525561
RVLV,REVOLVE GROUP INC,76156B107,972000.0,42973,0.00011237946392012798
NWPX,NWPX INFRASTRUCTURE INC,667746101,971000.0,12465,0.00011226384718769985
BJRI,BJS RESTAURANTS INC,09180C106,969000.0,27600,0.00011203261372284365
AHH,AH RLTY TR INC,04208T108,968000.0,175897,0.00011191699699041552
GDOT,GREEN DOT CORP,39304D102,965000.0,85950,0.00011157014679313118
BF/A,BROWN FORMAN CORP,115637100,965000.0,36000,0.00011157014679313118
STAA,STAAR SURGICAL CO,852312305,964000.0,51542,0.00011145453006070307
KOP,KOPPERS HOLDINGS INC,50060P106,963000.0,24891,0.00011133891332827494
CLB,CORE LABORATORIES INC,21867A105,960000.0,57142,0.0001109920631309906
AXL,DAUCH CORP,024061103,959000.0,161582,0.0001108764463985625
KOS,KOSMOS ENERGY LTD,500688106,958000.0,344462,0.00011076082966613437
SAIL,SAILPOINT INC,78781J109,957000.0,72234,0.00011064521293370625
LMB,LIMBACH HLDGS INC,53263P105,957000.0,12261,0.00011064521293370625
ACVA,ACV AUCTIONS INC,00091G104,955000.0,225154,0.00011041397946885002
LFST,LIFESTANCE HEALTH GROUP INC,53228F101,954000.0,149649,0.00011029836273642192
T0V,TIC SOLUTIONS INC,00510N102,952000.0,144556,0.00011006712927156568
ARVN,ARVINAS INC,04335A105,952000.0,89783,0.00011006712927156568
N/A,WEBULL CORP,G9572D103,951000.0,198042,0.00010995151253913757
HG,HAMILTON INSURANCE GROUP LTD,G42706104,950000.0,31846,0.00010983589580670945
NAVN,NAVAN INC,639193101,948000.0,71592,0.00010960466234185321
VTOL,BRISTOW GROUP INC,11040G103,947000.0,20195,0.0001094890456094251
AG8,AGILENT TECHNOLOGIES INC,00846U101,947000.0,8304,0.0001094890456094251
IGT,BRIGHTSTAR LOTTERY PLC,G4863A108,945000.0,74117,0.00010925781214456887
CAPR,CAPRICOR THERAPEUTICS INC,14070B309,943000.0,30995,0.00010902657867971264
KE,KIMBALL ELECTRONICS INC,49428J109,943000.0,39777,0.00010902657867971264
GO,GROCERY OUTLET HLDG CORP,39874R101,941000.0,133405,0.00010879534521485642
CBRL,CRACKER BARREL OLD CTRY STOR,22410J106,938000.0,33338,0.00010844849501757206
FSLR,FIRST SOLAR INC,336433107,938000.0,4755,0.00010844849501757206
SFL,SFL CORPORATION LTD,G7738W106,933000.0,86377,0.00010787041135543148
UTZ,UTZ BRANDS INC,918090101,931000.0,117512,0.00010763917789057527
MNKD,MANNKIND CORP,56400P706,931000.0,379645,0.00010763917789057527
PRTA,PROTHENA CORP PLC,G72800108,930000.0,95649,0.00010752356115814714
CSTL,CASTLE BIOSCIENCES INC,14843C105,928000.0,37792,0.00010729232769329092
ORC,ORCHID IS CAP INC,68571X301,927000.0,131825,0.00010717671096086279
SDGR,SCHRODINGER INC,80810D103,918000.0,80740,0.00010613616036900977
BKR,BAKER HUGHES COMPANY,05722G100,908000.0,14870,0.00010497999304472861
SLDE,SLIDE INS HLDGS INC,831349105,905000.0,50273,0.00010463314284744425
WASH,WASHINGTON TR BANCORP INC,940610108,905000.0,27032,0.00010463314284744425
LGIH,LGI HOMES INC,50187T106,902000.0,22814,0.00010428629265015991
REYN,REYNOLDS CONSUMER PRODS INC,76171L106,901000.0,42530,0.0001041706759177318
FTI,TECHNIPFMC PLC,G87110105,901000.0,13026,0.0001041706759177318
WINA,WINMARK CORP,974250102,900000.0,2105,0.0001040550591853037
IIIN,INSTEEL INDS INC,45774W108,899000.0,26744,0.00010393944245287558
COUR,COURSERA INC,22266M104,899000.0,154310,0.00010393944245287558
FTEC,FIDELITY COVINGTON TRUST,316092808,896000.0,4302,0.00010359259225559123
PCT,PURECYCLE TECHNOLOGIES INC,74623V103,895000.0,172323,0.00010347697552316313
SAFE,SAFEHOLD INC,78646V107,890000.0,65724,0.00010289889186102255
OUST,OUSTER INC,68989M202,889000.0,48373,0.00010278327512859442
ZYME,ZYMEWORKS INC,98985Y108,889000.0,35487,0.00010278327512859442
AKR,ACADIA RLTY TR,004239109,888000.0,46400,0.0001026676583961663
QTUM,ETF SER SOLUTIONS,26922A420,887000.0,8265,0.00010255204166373818
EGBN,EAGLE BANCORPORATION INC,268948106,886000.0,35616,0.00010243642493131008
UA,UNDER ARMOUR INC,904311206,884000.0,152642,0.00010220519146645384
BXC,BLUELINX HLDGS INC,09624H208,883000.0,16281,0.00010208957473402573
GIC,GLOBAL INDUSTRIAL COMPANY,37892E102,883000.0,28000,0.00010208957473402573
GEVO,GEVO INC,374396406,881000.0,322503,0.0001018583412691695
AMPH,AMPHASTAR PHARMACEUTICALS IN,03209R103,880000.0,44903,0.0001017427245367414
NPK,NATIONAL PRESTO INDS INC,637215104,878000.0,6401,0.00010151149107188515
NAT,NORDIC AMERICAN TANKERS LIMI,G65773106,876000.0,149477,0.00010128025760702892
VITL,VITAL FARMS INC,92847W103,876000.0,62028,0.00010128025760702892
BOW,BOWHEAD SPECIALTY HLDGS INC,10240L102,875000.0,38969,0.00010116464087460082
HRB,BLOCK H & R INC,093671105,873000.0,27483,0.00010093340740974458
LWLG,LIGHTWAVE LOGIC INC,532275104,871000.0,123784,0.00010070217394488835
LQDT,LIQUIDITY SVCS INC,53635B107,867000.0,28332,0.0001002397070151759
OFIX,ORTHOFIX MED INC,68752M108,866000.0,75437,0.00010012409028274777
NBBK,NB BANCORP INC,63945M107,866000.0,41072,0.00010012409028274777
VIR,VIR BIOTECHNOLOGY INC,92764N102,862000.0,96145,9.966162335303532e-05
LINC,LINCOLN EDL SVCS CORP,533535100,860000.0,21126,9.943038988817909e-05
CRNC,CERENCE INC,156727109,859000.0,135975,9.931477315575096e-05
RMR,RMR GROUP INC,74967R106,857000.0,55336,9.908353969089474e-05
LBRDA,LIBERTY BROADBAND CORP,530307107,851000.0,16937,9.838983929632604e-05
GLDD,GREAT LAKES DREDGE & DOCK CO,390607109,850000.0,50000,9.827422256389794e-05
SBGI,SINCLAIR INC,829242106,849000.0,65535,9.815860583146981e-05
CAI,CARIS LIFE SCIENCES INC,142152107,843000.0,47122,9.746490543690112e-05
TRTX,TPG RE FIN TR INC,87266M107,836000.0,107015,9.665558830990431e-05
CYRX,CRYOPORT INC,229050307,835000.0,100812,9.65399715774762e-05
MRTN,MARTEN TRANS LTD,573075108,825000.0,62803,9.538380425319505e-05
TRGP,TARGA RES CORP,87612G101,821000.0,3274,9.492133732348259e-05
IDT,IDT CORP,448947507,818000.0,16651,9.457448712619824e-05
JANX,JANUX THERAPEUTICS INC,47103J105,818000.0,58800,9.457448712619824e-05
CDNA,CAREDX INC,14167L103,816000.0,47001,9.434325366134201e-05
CGEM,CULLINAN THERAPEUTICS INC,230031106,816000.0,57421,9.434325366134201e-05
NLOP,NET LEASE OFFICE PROPERTIES,64110Y108,814000.0,70607,9.411202019648577e-05
NKTR,NEKTAR THERAPEUTICS,640268306,812000.0,11276,9.388078673162955e-05
VSTS,VESTIS CORPORATION,29430C102,812000.0,103243,9.388078673162955e-05
MMYT,MAKEMYTRIP LIMITED MAURITIUS,V5633W109,811000.0,21728,9.376516999920144e-05
MOV,MOVADO GROUP INC,624580106,810000.0,33149,9.364955326677332e-05
PWP,PERELLA WEINBERG PARTNERS,71367G102,810000.0,44570,9.364955326677332e-05
ASAN,ASANA INC,04342Y104,804000.0,125478,9.295585287220463e-05
CLVT,CLARIVATE PLC,G21810109,803000.0,317043,9.284023613977651e-05
STLD,STEEL DYNAMICS INC,858119100,801000.0,4447,9.260900267492028e-05
N/A,KESTRA MED TECHNOLOGIES LTD,G52441105,800000.0,40091,9.249338594249217e-05
TRDA,ENTRADA THERAPEUTICS INC,29384C108,800000.0,63376,9.249338594249217e-05
KODK,EASTMAN KODAK CO,277461406,799000.0,88257,9.237776921006405e-05
VOYG,VOYAGER TECHNOLOGIES INC,92892B103,798000.0,34088,9.226215247763594e-05
GCT,GIGACLOUD TECHNOLOGY INC,G38644103,797000.0,17553,9.214653574520782e-05
BIRK,BIRKENSTOCK HOLDING PLC,M2029K104,795000.0,22178,9.191530228035159e-05
CNA,CNA FINL CORP,126117100,793000.0,17255,9.168406881549536e-05
DRVN,DRIVEN BRANDS HLDGS INC,26210V102,792000.0,62790,9.156845208306725e-05
DEC,DIVERSIFIED ENERGY CO,25520W107,790000.0,45272,9.133721861821101e-05
UHT,UNIVERSAL HEALTH RLTY INCOME,91359E105,787000.0,19427,9.099036842092667e-05
AMWD,AMERICAN WOODMARK CORP,030506109,784000.0,19672,9.064351822364232e-05
TCOM 0.75 06/15/29,TRIP COM GROUP LTD,89677QAB3,782000.0,753000,9.041228475878609e-05
BV,BRIGHTVIEW HLDGS INC,10948C107,781000.0,66191,9.029666802635799e-05
EWT,ISHARES INC,46434G772,780000.0,10990,9.018105129392986e-05
8CW,CROWN CASTLE INC,22822V101,779000.0,9580,9.006543456150175e-05
CCJ,CAMECO CORP,13321L108,779000.0,7164,9.006543456150175e-05
SMA,SMARTSTOP SELF STORAG REIT I,83192D402,777000.0,25656,8.983420109664551e-05
HIPO,HIPPO HLDGS INC,433539202,775000.0,29711,8.960296763178928e-05
FET,FORUM ENERGY TECHNOLOGIES IN,34984V209,775000.0,13207,8.960296763178928e-05
CSV,CARRIAGE SVCS INC,143905107,773000.0,16914,8.937173416693305e-05
TE,T1 ENERGY INC,35834F104,773000.0,176069,8.937173416693305e-05
TRVI,TREVI THERAPEUTICS INC,89532M101,772000.0,64703,8.925611743450494e-05
BLFS,BIOLIFE SOLUTIONS INC,09062W204,769000.0,40295,8.890926723722059e-05
NUE,NUCOR CORP,670346105,766000.0,4529,8.856241703993626e-05
EMBC,EMBECTA CORP,29082K105,765000.0,86442,8.844680030750813e-05
NTGR,NETGEAR INC,64111Q104,761000.0,34810,8.798433337779568e-05
STGW,STAGWELL INC,85256A109,758000.0,120413,8.763748318051132e-05
SG,SWEETGREEN INC,87043Q108,757000.0,145788,8.752186644808322e-05
FIHL,FIDELIS INSURANCE HOLDINGS L,G3398L118,757000.0,39602,8.752186644808322e-05
BTDR,BITDEER TECHNOLOGIES GROUP,G11448100,754000.0,87077,8.717501625079886e-05
PHR,PHREESIA INC,71944F106,753000.0,89741,8.705939951837076e-05
SEB,SEABOARD CORP DEL,811543107,752000.0,133,8.694378278594264e-05
PDFS,PDF SOLUTIONS INC,693282105,749000.0,22884,8.659693258865828e-05
APEI,AMERICAN PUB ED INC,02913V103,749000.0,13161,8.659693258865828e-05
BZH,BEAZER HOMES USA INC,07556Q881,748000.0,38847,8.648131585623018e-05
TWFG,TWFG INC,87318A101,745000.0,40459,8.613446565894582e-05
IBTA,IBOTTA INC,451051106,745000.0,24836,8.613446565894582e-05
IVR,INVESCO MORTGAGE CAPITAL INC,46131B704,744000.0,92035,8.601884892651771e-05
OLMA,OLEMA PHARMACEUTICALS INC,68062P106,741000.0,49650,8.567199872923338e-05
IART,INTEGRA LIFESCIENCES HLDGS C,457985208,741000.0,78581,8.567199872923338e-05
TCMD,TACTILE SYS TECHNOLOGY INC,87357P100,741000.0,28324,8.567199872923338e-05
FOXF,FOX FACTORY HLDG CORP,35138V102,739000.0,44886,8.544076526437714e-05
UAMY,UNITED STATES ANTIMONY CORP,911549103,737000.0,84312,8.520953179952091e-05
NKSH,NATIONAL BANKSHARES INC VA,634865109,737000.0,20226,8.520953179952091e-05
PAR,PAR TECHNOLOGY CORP,698884103,736000.0,55152,8.50939150670928e-05
FLOC,FLOWCO HLDGS INC,342909108,736000.0,35722,8.50939150670928e-05
IQ 4.625 03/15/30,IQIYI INC,46267XAK4,735000.0,800000,8.497829833466467e-05
DOW,DOW HLDGS INC,260557103,734000.0,17601,8.486268160223657e-05
AMRK,GOLD COM INC,00181T107,734000.0,18311,8.486268160223657e-05
OSBC,OLD SECOND BANCORP INC DEL,680277100,731000.0,36235,8.451583140495222e-05
KRNY,KEARNY FINL CORP MD,48716P108,729000.0,96507,8.428459794009599e-05
SCSC,SCANSOURCE INC,806037107,729000.0,20066,8.428459794009599e-05
AOSL,ALPHA & OMEGA SEMICONDUCTOR,G6331P104,728000.0,32823,8.416898120766788e-05
TYRA,TYRA BIOSCIENCES INC,90240B106,727000.0,18968,8.405336447523976e-05
MNRO,MONRO INC,610236101,727000.0,45274,8.405336447523976e-05
BY,BYLINE BANCORP INC,124411109,726000.0,22969,8.393774774281164e-05
MTRX,MATRIX SVC CO,576853105,726000.0,63191,8.393774774281164e-05
NVEC,NVE CORP,629445206,726000.0,11076,8.393774774281164e-05
OSPN,ONESPAN INC,68287N100,722000.0,68501,8.347528081309918e-05
NNE,NANO NUCLEAR ENERGY INC,63010H108,718000.0,35033,8.301281388338672e-05
IBTA,IBOTTA INC,451051106,718000.0,23928,8.301281388338672e-05
PGC,PEAPACK-GLADSTONE FINL CORP,704699107,716000.0,20325,8.278158041853049e-05
BDN,BRANDYWINE RLTY TR,105368203,715000.0,263575,8.266596368610238e-05
FCBC,FIRST CMNTY BANKSHARES INC V,31983A103,713000.0,17170,8.243473022124615e-05
MITK,MITEK SYS INC,606710200,712000.0,52700,8.231911348881803e-05
TSHA,TAYSHA GENE THERAPIES INC,877619106,711000.0,158954,8.220349675638991e-05
BGS,B & G FOODS INC,05508R106,710000.0,147569,8.20878800239618e-05
CLOV,CLOVER HEALTH INVESTMENTS CO,18914F103,710000.0,402901,8.20878800239618e-05
VICI,VICI PPTYS INC,925652109,709000.0,25938,8.197226329153368e-05
IHP,DINE BRANDS GLOBAL INC,254423106,708000.0,26956,8.185664655910557e-05
SCCO,SOUTHERN COPPER CORP,84265V105,708000.0,4114,8.185664655910557e-05
GENI,GENIUS SPORTS LIMITED,G3934V109,707000.0,159498,8.174102982667745e-05
ESPR,ESPERION THERAPEUTICS INC NE,29664W105,706000.0,257427,8.162541309424934e-05
PSTL,POSTAL REALTY TRUST INC,73757R102,706000.0,38020,8.162541309424934e-05
NFBK,NORTHFIELD BANCORP INC DEL,66611T108,706000.0,52138,8.162541309424934e-05
MBI,MBIA INC,55262C100,703000.0,118855,8.127856289696499e-05
LZ,LEGALZOOM COM INC,52466B103,693000.0,122186,8.012239557268384e-05
SU,SUNCOR ENERGY INC NEW,867224107,692000.0,10460,8.000677884025572e-05
SKYT,SKYWATER TECHNOLOGY INC,83089J108,692000.0,25238,8.000677884025572e-05
ANL,ADLAI NORTYE LTD,00704R109,691000.0,99843,7.989116210782761e-05
PEN,PENUMBRA INC,70975L107,690000.0,2100,7.977554537539949e-05
FRST,PRIMIS FINANCIAL CORP,74167B109,690000.0,51906,7.977554537539949e-05
EXPI,EXP WORLD HLDGS INC,30212W100,687000.0,114659,7.942869517811515e-05
CERT,CERTARA INC,15687V109,687000.0,120355,7.942869517811515e-05
DOLE,DOLE PLC,G27907107,683000.0,47742,7.89662282484027e-05
FMBH,FIRST MID BANCSHARES INC,320866106,682000.0,16548,7.885061151597457e-05
CAL,CALERES INC,129500104,682000.0,64667,7.885061151597457e-05
ANRO,ALTO NEUROSCIENCE INC,02157Q109,680000.0,30228,7.861937805111834e-05
HMST,MECHANICS BANCORP,43785V102,677000.0,45850,7.827252785383399e-05
BFP,BANCO BBVA ARGENTINA S A,058934100,676000.0,42070,7.815691112140588e-05
INVX,INNOVEX INTERNATIONAL INC,457651107,676000.0,27712,7.815691112140588e-05
SEPN,SEPTERNA INC,81734D104,675000.0,28076,7.804129438897776e-05
MEG,MONTROSE ENVIRONMENTAL GROUP,615111101,673000.0,30727,7.781006092412154e-05
HYMC,HYCROFT MINING HOLDING CORP,44862P208,673000.0,19113,7.781006092412154e-05
WMK,WEIS MKTS INC,948849104,672000.0,9816,7.769444419169342e-05
EQT,EQT CORP,26884L109,671000.0,10530,7.75788274592653e-05
SION,SIONNA THERAPEUTICS INC,829401108,670000.0,16698,7.746321072683718e-05
KREF,KKR REAL ESTATE FIN TR INC,48251K100,669000.0,109303,7.734759399440908e-05
ERII,ENERGY RECOVERY INC,29270J100,668000.0,66259,7.723197726198097e-05
ACGL,ARCH CAP GROUP LTD,G0450A105,666000.0,6929,7.700074379712472e-05
CARS,CARS COM INC,14575E105,666000.0,82010,7.700074379712472e-05
SE,SEA LTD,81141R100,666000.0,8040,7.700074379712472e-05
FLNG,FLEX LNG LTD,G35947202,666000.0,22415,7.700074379712472e-05
EVLV,EVOLV TECHNOLOGIES HLDNGS IN,30049H102,663000.0,109545,7.665389359984039e-05
AMH,AMERICAN HOMES 4 RENT,02665T306,663000.0,23711,7.665389359984039e-05
BAND,BANDWIDTH INC,05988J103,661000.0,37051,7.642266013498415e-05
BUR,BURFORD CAPITAL LIMITED,G17977110,660000.0,145804,7.630704340255603e-05
CABO,CABLE ONE INC,12685J105,660000.0,7227,7.630704340255603e-05
EIG,EMPLOYERS HLDGS INC,292218104,658000.0,15979,7.607580993769981e-05
FBRT,FRANKLIN BSP RLTY TR INC,35243J101,656000.0,77247,7.584457647284357e-05
KFRC,KFORCE INC,493732101,651000.0,22231,7.526649281070299e-05
SFD,SMITHFIELD FOODS INC,832248207,651000.0,23249,7.526649281070299e-05
ALH,ALLIANCE LAUNDRY HLDGS INC,01862Q107,650000.0,31308,7.515087607827489e-05
DAL,DELTA AIR LINES INC,247361702,650000.0,9768,7.515087607827489e-05
MCFT,MASTERCRAFT BOAT HLDGS INC,57637H103,648000.0,31569,7.491964261341866e-05
PCYO,PURE CYCLE CORP,746228303,647000.0,64288,7.480402588099053e-05
PD,PAGERDUTY INC,69553P100,646000.0,103880,7.468840914856242e-05
REFI,CHICAGO ATLANTIC REAL ESTATE,167239102,645000.0,56961,7.457279241613431e-05
RDW,REDWIRE CORPORATION,75776W103,641000.0,75400,7.411032548642185e-05
ARCC,ARES CAPITAL CORP,04010L103,640000.0,35484,7.399470875399374e-05
HTFL,HEARTFLOW INC,42238D107,640000.0,26275,7.399470875399374e-05
CPF,CENTRAL PAC FINL CORP,154760409,639000.0,19969,7.387909202156562e-05
SXC,SUNCOKE ENERGY INC,86722A103,636000.0,97659,7.353224182428128e-05
BBW,BUILD-A-BEAR WORKSHOP INC,120076104,636000.0,16980,7.353224182428128e-05
PAX,PATRIA INVESTMENTS LIMITED,G69451105,635000.0,50395,7.341662509185316e-05
NRIM,NORTHRIM BANCORP INC,666762109,634000.0,27706,7.330100835942504e-05
SRZN,SURROZEN INC,86889P208,633000.0,21715,7.318539162699693e-05
HTZ,HERTZ GLOBAL HLDGS INC,42806J700,633000.0,137133,7.318539162699693e-05
DVN,DEVON ENERGY CORP NEW,25179M103,633000.0,12563,7.318539162699693e-05
NBN,NORTHEAST BK PORTLAND ME,66405S100,633000.0,5632,7.318539162699693e-05
SIBN,SI BONE INC,825704109,630000.0,49834,7.283854142971258e-05
PDD,PDD HOLDINGS INC,722304102,629000.0,6149,7.272292469728447e-05
NX,QUANEX BLDG PRODS CORP,747619104,628000.0,34911,7.260730796485635e-05
UVE,UNIVERSAL INS HLDGS INC,91359V107,625000.0,18296,7.2260457767572e-05
CXM,SPRINKLR INC,85208T107,624000.0,103869,7.214484103514389e-05
GHM,GRAHAM CORP,384556106,621000.0,7863,7.179799083785955e-05
RDVT,RED VIOLET INC,75704L104,620000.0,17906,7.168237410543143e-05
CCNE,CNB FINL CORP PA,126128107,616000.0,21261,7.121990717571897e-05
FULC,FULCRUM THERAPEUTICS INC,359616109,615000.0,80169,7.110429044329085e-05
AMTB,AMERANT BANCORP INC,023576101,613000.0,27774,7.087305697843462e-05
HSTM,HEALTHSTREAM INC,42222N103,612000.0,29536,7.075744024600651e-05
ETD,ETHAN ALLEN INTERIORS INC,297602104,611000.0,27433,7.064182351357839e-05
ZBIO,ZENAS BIOPHARMA INC,98937L105,610000.0,31173,7.052620678115028e-05
BFST,BUSINESS FIRST BANCSHARES IN,12326C105,609000.0,22517,7.041059004872216e-05
ALNT,ALLIENT INC,019330109,609000.0,10293,7.041059004872216e-05
GRDN,GUARDIAN PHARMACY SVCS INC,40145W101,609000.0,16164,7.041059004872216e-05
POOL,POOL CORP,73278L105,607000.0,3000,7.017935658386593e-05
SITC,SITE CTRS CORP,82981J851,605000.0,111947,6.99481231190097e-05
BFLY,BUTTERFLY NETWORK INC,124155102,605000.0,149538,6.99481231190097e-05
PRU,PRUDENTIAL FINL INC,744320102,603000.0,6166,6.971688965415347e-05
EE,EXCELERATE ENERGY INC,30069T101,603000.0,18030,6.971688965415347e-05
CLH,CLEAN HARBORS INC,184496107,603000.0,2100,6.971688965415347e-05
SANA,SANA BIOTECHNOLOGY INC,799566104,598000.0,207492,6.913880599201289e-05
BKSY,BLACKSKY TECHNOLOGY INC,09263B207,597000.0,23720,6.902318925958478e-05
IRMD,IRADIMED CORP,46266A109,596000.0,6184,6.890757252715666e-05
AURA,AURA BIOSCIENCES INC,05153U107,596000.0,89017,6.890757252715666e-05
JRVR,JAMES RIV GROUP HOLDINGS INC,46990A102,595000.0,94433,6.879195579472855e-05
LYTS,LSI INDS INC OHIO,50216C108,594000.0,31901,6.867633906230044e-05
MTW,MANITOWOC CO INC,563571405,594000.0,50982,6.867633906230044e-05
EVER,EVERQUOTE INC,30041R108,594000.0,38520,6.867633906230044e-05
KALV,KALVISTA PHARMACEUTICALS INC,483497103,592000.0,29367,6.84451055974442e-05
GMRE,CHIRON REAL ESTATE INC,37954A303,591000.0,17846,6.832948886501608e-05
UTMD,UTAH MED PRODS INC,917488108,589000.0,9500,6.809825540015987e-05
N/A,BULLISH,G16910120,589000.0,16459,6.809825540015987e-05
ACRS,ACLARIS THERAPEUTICS INC,00461U105,588000.0,156725,6.798263866773174e-05
OSUR,ORASURE TECHNOLOGIES INC,68554V108,588000.0,195769,6.798263866773174e-05
CVLG,COVENANT LOGISTICS GROUP INC,22284P105,588000.0,21624,6.798263866773174e-05
OKE,ONEOK INC NEW,682680103,587000.0,6488,6.786702193530362e-05
PKST,PEAKSTONE REALTY TRUST,39818P799,586000.0,28034,6.775140520287551e-05
GOOD,GLADSTONE COMMERCIAL CORP,376536108,584000.0,51020,6.752017173801929e-05
ITW,ILLINOIS TOOL WKS INC,452308109,584000.0,2242,6.752017173801929e-05
PHAT,PHATHOM PHARMACEUTICALS INC,71722W107,583000.0,52453,6.740455500559116e-05
GERN,GERON CORP,374163103,582000.0,390016,6.728893827316305e-05
NEWT,NEWTEKONE INC,652526203,581000.0,53015,6.717332154073493e-05
FC,FRANKLIN COVEY CO,353469109,581000.0,36786,6.717332154073493e-05
RSP,INVESCO EXCHANGE TRADED FD T,46137V357,579000.0,3014,6.694208807587871e-05
BETA,BETA TECHNOLOGIES INC,086921103,577000.0,39216,6.671085461102247e-05
MBWM,MERCANTILE BK CORP,587376104,575000.0,11382,6.647962114616625e-05
AVIR,ATEA PHARMACEUTICALS INC,04683R106,574000.0,106562,6.636400441373814e-05
HELE,HELEN OF TROY LTD,G4388N106,574000.0,39739,6.636400441373814e-05
HTBK,HERITAGE COMM CORP,426927109,572000.0,45771,6.613277094888189e-05
CMRE,COSTAMARE INC,Y1771G102,570000.0,33723,6.590153748402568e-05
CNXN,PC CONNECTION INC,69318J100,567000.0,9695,6.555468728674132e-05
TREE,LENDINGTREE INC,52603B107,566000.0,13194,6.543907055431321e-05
BBUC,BROOKFIELD BUSINESS CORP,113006100,565000.0,17831,6.53234538218851e-05
OXM,OXFORD INDS INC,691497309,562000.0,14586,6.497660362460075e-05
MAZE,MAZE THERAPEUTICS INC,578784100,562000.0,18811,6.497660362460075e-05
COTY,COTY INC,222070203,562000.0,279379,6.497660362460075e-05
ACR,ACRES COMMERCIAL REALTY CORP,00489Q102,561000.0,29005,6.486098689217264e-05
INN,SUMMIT HOTEL PPTYS,866082100,559000.0,126388,6.46297534273164e-05
ESQ,ESQUIRE FINL HLDGS INC,29667J101,559000.0,5192,6.46297534273164e-05
SFIX,STITCH FIX INC,860897107,556000.0,167799,6.428290323003206e-05
ONIT,ONITY GROUP INC,675746606,555000.0,14108,6.416728649760394e-05
YB4P,SAVARA INC,805111101,555000.0,101472,6.416728649760394e-05
INDI,INDIE SEMICONDUCTOR INC,45569U101,555000.0,172281,6.416728649760394e-05
RUM,RUMBLE INC,78137L105,555000.0,108784,6.416728649760394e-05
ANGO,ANGIODYNAMICS INC,03475V101,554000.0,48712,6.405166976517583e-05
TRC,TEJON RANCH CO,879080109,554000.0,29369,6.405166976517583e-05
CAT,CATERPILLAR INC,149123101,552000.0,779,6.38204363003196e-05
CMCO,COLUMBUS MCKINNON CORP N Y,199333105,552000.0,37973,6.38204363003196e-05
TWI,TITAN INTL INC ILL,88830M102,551000.0,79609,6.370481956789148e-05
SEG,SEAPORT ENTMT GROUP INC,812215200,551000.0,25651,6.370481956789148e-05
RCKT,ROCKET PHARMACEUTICALS INC,77313F106,551000.0,153845,6.370481956789148e-05
FOR,FORESTAR GROUP INC,346232101,549000.0,22448,6.347358610303525e-05
RYAM,RAYONIER ADVANCED MATLS INC,75508B104,548000.0,49500,6.335796937060714e-05
GNK,GENCO SHIPPING & TRADING LTD,Y2685T131,548000.0,24295,6.335796937060714e-05
HASI,HA SUSTAINABLE INFRA CAP INC,41068X100,547000.0,14875,6.324235263817902e-05
UTMD,UTAH MED PRODS INC,917488108,546000.0,8800,6.31267359057509e-05
KRUS,KURA SUSHI USA INC,501270102,544000.0,7787,6.289550244089468e-05
SENEA,SENECA FOODS CORP NEW,817070501,544000.0,3596,6.289550244089468e-05
HTLD,HEARTLAND EXPRESS INC,422347104,541000.0,51926,6.254865224361033e-05
CBL,CBL & ASSOC PPTYS INC,124830878,541000.0,14072,6.254865224361033e-05
ATLC,ATLANTICUS HOLDINGS CORP,04914Y102,539000.0,10262,6.23174187787541e-05
PGEN,PRECIGEN INC,74017N105,539000.0,139176,6.23174187787541e-05
FMNB,FARMERS NATIONAL BANC CORP,309627107,538000.0,40840,6.220180204632598e-05
RHLD,RESOLUTE HLDGS MGMT INC,76134H101,538000.0,3310,6.220180204632598e-05
PSX,PHILLIPS 66,718546104,536000.0,2938,6.197056858146975e-05
FIP,FTAI INFRASTRUCTURE INC,35953C106,536000.0,108377,6.197056858146975e-05
USM,ARRAY DIGITAL INFRASTRUCTURE,911684108,536000.0,11599,6.197056858146975e-05
MCW,MISTER CAR WASH INC,60646V105,534000.0,76513,6.173933511661352e-05
CLNE,CLEAN ENERGY FUELS CORP,184499101,534000.0,215131,6.173933511661352e-05
DAKT,DAKTRONICS INC,234264109,534000.0,27281,6.173933511661352e-05
ROOT,ROOT INC,77664L207,534000.0,12079,6.173933511661352e-05
GCO,GENESCO INC,371532102,533000.0,18359,6.162371838418541e-05
PLPC,PREFORMED LINE PRODS CO,740444104,533000.0,1968,6.162371838418541e-05
WFRD,WEATHERFORD INTL PLC,G48833118,531000.0,5612,6.139248491932918e-05
EQBK,EQUITY BANCSHARES INC,29460X109,529000.0,11911,6.116125145447295e-05
SABR,SABRE CORP,78573M104,529000.0,364465,6.116125145447295e-05
LTM,LATAM AIRLINES GROUP SA,51817R205,528000.0,10675,6.104563472204483e-05
WRLD,WORLD ACCEP CORPORATION,981419104,528000.0,3909,6.104563472204483e-05
BZ,KANZHUN LIMITED,48553T106,527000.0,39340,6.0930017989616715e-05
CMPX,COMPASS THERAPEUTICS INC,20454B104,527000.0,99522,6.0930017989616715e-05
TBCH,TURTLE BEACH CORP,900450206,526000.0,51780,6.08144012571886e-05
SHW,SHERWIN WILLIAMS CO,824348106,526000.0,1639,6.08144012571886e-05
GBTG,GLOBAL BUSINESS TRAVEL GROUP,37890B100,523000.0,93655,6.046755105990425e-05
HTB,HOMETRUST BANCSHARES INC,437872104,523000.0,12244,6.046755105990425e-05
TALK,TALKSPACE INC,87427V103,522000.0,100683,6.035193432747614e-05
I9DN,ARBUTUS BIOPHARMA CORP,03879J100,522000.0,115990,6.035193432747614e-05
AVBP,ARRIVENT BIOPHARMA INC,04272N102,522000.0,22593,6.035193432747614e-05
MGY,MAGNOLIA OIL & GAS CORP,559663109,521000.0,16500,6.023631759504802e-05
EQPT,EQUIPMENTSHARE COM INC,29445S100,521000.0,25558,6.023631759504802e-05
OEC,ORION S.A.,L72967109,519000.0,79702,6.00050841301918e-05
BWMN,BOWMAN CONSULTING GROUP LTD,103002101,519000.0,18216,6.00050841301918e-05
SBET,SHARPLINK INC,820014405,519000.0,80385,6.00050841301918e-05
ANNX,ANNEXON INC,03589W102,519000.0,93636,6.00050841301918e-05
PSNL,PERSONALIS INC,71535D106,518000.0,81162,5.9889467397763676e-05
TLN,TALEN ENERGY CORP,87422Q109,518000.0,1621,5.9889467397763676e-05
KOPN,KOPIN CORP,500600101,517000.0,229752,5.977385066533556e-05
ORRF,ORRSTOWN FINL SVCS INC,687380105,517000.0,14323,5.977385066533556e-05
SLS,SELLAS LIFE SCIENCES GROUP I,81642T209,517000.0,122120,5.977385066533556e-05
BKV,BKV CORP,05603J108,516000.0,18075,5.9658233932907446e-05
TXG,10X GENOMICS INC,88025U109,516000.0,24285,5.9658233932907446e-05
BLMN,BLOOMIN BRANDS INC,094235108,514000.0,95021,5.942700046805122e-05
IMCR 2.5 02/01/30,IMMUNOCORE HLDGS PLC,45258DAB1,514000.0,570000,5.942700046805122e-05
WLFC,WILLIS LEASE FIN CORP,970646105,514000.0,3017,5.942700046805122e-05
OS,ONESTREAM INC,68278B107,513000.0,21355,5.93113837356231e-05
QNST,QUINSTREET INC,74874Q100,513000.0,42682,5.93113837356231e-05
URGN,UROGEN PHARMA LTD,M96088105,512000.0,28454,5.9195767003194984e-05
FRPH,FRP HLDGS INC,30292L107,510000.0,23268,5.896453353833876e-05
XLK,SELECT SECTOR SPDR TR,81369Y803,509000.0,3824,5.8848916805910645e-05
NUS,NU SKIN ENTERPRISES INC,67018T105,508000.0,69693,5.873330007348252e-05
KROS,KEROS THERAPEUTICS INC,492327101,507000.0,45876,5.861768334105441e-05
LNG,CHENIERE ENERGY INC,16411R208,506000.0,1782,5.85020666086263e-05
VTI,VANGUARD INDEX FDS,922908769,503000.0,1565,5.8155216411341946e-05
TK,TEEKAY CORPORATION LTD,G8726T105,502000.0,41080,5.803959967891383e-05
LIND,LINDBLAD EXPEDITIONS HLDGS I,535219109,502000.0,28962,5.803959967891383e-05
JBI,JANUS INTERNATIONAL GROUP IN,47103N106,501000.0,97255,5.792398294648572e-05
QURE,UNIQURE NV,N90064101,498000.0,30447,5.757713274920137e-05
ASIX,ADVANSIX INC,00773T101,497000.0,20333,5.7461516016773254e-05
ODC,OIL DRI CORP AMER,677864100,495000.0,7604,5.723028255191703e-05
HRTG,HERITAGE INSURANCE HLDGS INC,42727J102,495000.0,18856,5.723028255191703e-05
RPD,RAPID7 INC,753422104,495000.0,89670,5.723028255191703e-05
HSY,HERSHEY CO,427866108,495000.0,2380,5.723028255191703e-05
SERV,SERVE ROBOTICS INC,81758H106,494000.0,58526,5.7114665819488915e-05
MDY,STATE STR SPDR S&P MIDCAP 40,78467Y107,494000.0,800,5.7114665819488915e-05
RGR,STURM RUGER & CO INC,864159108,494000.0,12314,5.7114665819488915e-05
METC,RAMACO RES INC,75134P600,492000.0,31767,5.688343235463269e-05
OVV,OVINTIV INC,69047Q102,491000.0,8260,5.676781562220457e-05
TRNS,TRANSCAT INC,893529107,491000.0,6677,5.676781562220457e-05
MMI,MARCUS & MILLICHAP INC,566324109,490000.0,18416,5.665219888977645e-05
RES,RPC INC,749660106,489000.0,69020,5.653658215734834e-05
FISI,FINANCIAL INSTITUTIONS INC,317585404,487000.0,15342,5.6305348692492114e-05
CWH,CAMPING WORLD HLDGS INC,13462K109,485000.0,70970,5.6074115227635876e-05
SWBI,SMITH & WESSON BRANDS INC,831754106,485000.0,33845,5.6074115227635876e-05
MPB,MID PENN BANCORP INC,59540G107,484000.0,15022,5.595849849520776e-05
MBLY,MOBILEYE GLOBAL INC,60741F104,484000.0,70348,5.595849849520776e-05
FLXS,FLEXSTEEL INDS INC,339382103,482000.0,10722,5.572726503035154e-05
GNE,GENIE ENERGY LTD,372284208,480000.0,33940,5.54960315654953e-05
LAND,GLADSTONE LD CORP,376549101,479000.0,46903,5.5380414833067184e-05
SMBC,SOUTHERN MO BANCORP INC,843380106,478000.0,7472,5.5264798100639075e-05
PLAY,DAVE & BUSTERS ENTMT INC,238337109,478000.0,44129,5.5264798100639075e-05
SOY,SUNOPTA INC,8676EP108,478000.0,73661,5.5264798100639075e-05
MBUU,MALIBU BOATS INC,56117J100,478000.0,18431,5.5264798100639075e-05
PRCH,PORCH GROUP INC,733245104,475000.0,66216,5.491794790335472e-05
AMBC,OCTAVE SPECIALTY GROUP INC,023139884,475000.0,101965,5.491794790335472e-05
STRZ,STARZ ENTERTAINMENT CORP.,855919106,474000.0,41146,5.480233117092661e-05
SPTM,SPDR SERIES TRUST,78464A805,474000.0,5983,5.480233117092661e-05
KURA,KURA ONCOLOGY INC,50127T109,473000.0,58094,5.46867144384985e-05
ONTF,ON24 INC,68339B104,472000.0,58211,5.457109770607038e-05
INBX,INHIBRX BIOSCIENCES INC,45720N103,472000.0,7012,5.457109770607038e-05
FFWM,FIRST FNDTN INC,32026V104,471000.0,79763,5.445548097364226e-05
HDSN,HUDSON TECHNOLOGIES INC,444144109,471000.0,80013,5.445548097364226e-05
PGY,PAGAYA TECHNOLOGIES LTD,M7S64L123,470000.0,40315,5.4339864241214146e-05
AMC,AMC ENTMT HLDGS INC,00165C302,469000.0,478528,5.422424750878603e-05
RC,READY CAPITAL CORP,75574U101,468000.0,288439,5.410863077635792e-05
MPAA,MOTORCAR PTS AMER INC,620071100,467000.0,42223,5.3993014043929806e-05
FANG,DIAMONDBACK ENERGY INC,25278X109,467000.0,2358,5.3993014043929806e-05
PRME,PRIME MEDICINE INC,74168J101,466000.0,133755,5.3877397311501684e-05
DJCO,DAILY JOURNAL CORP,233912104,466000.0,966,5.3877397311501684e-05
CCBG,CAPITAL CITY BANK,139674105,466000.0,10717,5.3877397311501684e-05
GBCI,GLACIER BANCORP INC NEW,37637Q105,465000.0,10400,5.376178057907357e-05
SLDP,SOLID POWER INC,83422N105,465000.0,154786,5.376178057907357e-05
IJR,ISHARES TR,464287804,463000.0,3724,5.3530547114217345e-05
HY,HYSTER-YALE INC,449172105,462000.0,14186,5.341493038178923e-05
APPS,DIGITAL TURBINE INC,25400W102,462000.0,160210,5.341493038178923e-05
XCY,OPKO HEALTH INC,68375N103,462000.0,404652,5.341493038178923e-05
ANGI,ANGI INC,00183L201,462000.0,67308,5.341493038178923e-05
CTLP,CANTALOUPE INC,138103106,461000.0,42606,5.329931364936111e-05
GEF/B,GREIF INC,397624206,460000.0,5244,5.318369691693299e-05
AVO,MISSION PRODUCE INC,60510V108,458000.0,33284,5.295246345207677e-05
FSBC,FIVE STAR BANCORP,33830T103,457000.0,12094,5.283684671964865e-05
LEVI,LEVI STRAUSS & CO NEW,52736R102,456000.0,24608,5.272122998722053e-05
TGRT,T ROWE PRICE ETF INC,87283Q842,456000.0,11587,5.272122998722053e-05
TFSL,TFS FINL CORP,87240R107,455000.0,32354,5.2605613254792415e-05
WEX,WEX INC,96208T104,455000.0,2969,5.2605613254792415e-05
AMPL,AMPLITUDE INC,03213A104,453000.0,66419,5.237437978993619e-05
VYGR,VOYAGER THERAPEUTICS INC,92915B106,452000.0,117078,5.2258763057508076e-05
EZPW,EZCORP INC,302301106,451000.0,17751,5.2143146325079954e-05
BLDR,BUILDERS FIRSTSOURCE INC,12008R107,450000.0,5459,5.202752959265185e-05
KYTX,KYVERNA THERAPEUTICS INC,501976104,449000.0,51985,5.191191286022373e-05
FWRG,FIRST WATCH RESTAURANT GROUP,33748L101,446000.0,42518,5.156506266293938e-05
NRDS,NERDWALLET INC,64082B102,446000.0,42880,5.156506266293938e-05
PR,PERMIAN RESOURCES CORP,71424F105,444000.0,20796,5.133382919808315e-05
SMBK,SMARTFINANCIAL INC,83190L208,442000.0,11297,5.110259573322692e-05
GOGO,GOGO INC,38046C109,442000.0,109931,5.110259573322692e-05
NEE,NEXTERA ENERGY INC,65339F101,441000.0,4741,5.09869790007988e-05
SPT,SPROUT SOCIAL INC,85209W109,440000.0,77028,5.08713622683707e-05
MCBS,METROCITY BANKSHARES INC,59165J105,439000.0,15299,5.0755745535942576e-05
CRS,CARPENTER TECHNOLOGY CORP,144285103,439000.0,1113,5.0755745535942576e-05
IRWD,IRONWOOD PHARMACEUTICALS INC,46333X108,437000.0,124314,5.0524512071086346e-05
ETON,ETON PHARMACEUTICALS INC,29772L108,436000.0,17652,5.040889533865824e-05
AMCX,AMC NETWORKS INC,00164V103,435000.0,63930,5.029327860623012e-05
AEM,AGNICO EAGLE MINES LTD,008474108,435000.0,2141,5.029327860623012e-05
HPP,HUDSON PACIFIC PROPERTIES IN,444097406,434000.0,73307,5.0177661873802e-05
AMBP,ARDAGH METAL PACKAGING S A,L02235106,433000.0,106841,5.0062045141373884e-05
NXRT,NEXPOINT RESIDENTIAL TR INC,65341D102,430000.0,17173,4.9715194944089545e-05
GCMG,GCM GROSVENOR INC,36831E108,429000.0,43719,4.959957821166142e-05
RGNX,REGENXBIO INC,75901B107,429000.0,51129,4.959957821166142e-05
ACEL,ACCEL ENTERTAINMENT INC,00436Q106,427000.0,39122,4.936834474680519e-05
FLGT,FULGENT GENETICS INC,359664109,425000.0,26674,4.913711128194897e-05
BLLN,BILLIONTOONE INC,090168105,425000.0,5373,4.913711128194897e-05
CDZI,CADIZ INC,127537207,424000.0,86326,4.9021494549520846e-05
SEMR,SEMRUSH HLDGS INC,81686C104,422000.0,35308,4.879026108466462e-05
TCOM,TRIP COM GROUP LTD,89677Q107,420000.0,8420,4.855902761980839e-05
UWMC,UWM HOLDINGS CORPORATION,91823B109,419000.0,115744,4.844341088738027e-05
CLW,CLEARWATER PAPER CORP,18538R103,416000.0,28923,4.809656069009593e-05
WNC,WABASH NATL CORP,929566107,416000.0,48190,4.809656069009593e-05
GLD,SPDR GOLD TR,78463V107,414000.0,960,4.786532722523969e-05
HWBK,HAWTHORN BANCSHARES INC,420476103,414000.0,12282,4.786532722523969e-05
LPTH,LIGHTPATH TECHNOLOGIES INC,532257805,411000.0,40953,4.751847702795535e-05
MYGN,MYRIAD GENETICS INC,62855J104,410000.0,91050,4.740286029552724e-05
N/A,NIQ GLOBAL INTELLIGENCE PLC,G63755105,410000.0,36006,4.740286029552724e-05
ASIC,ATEGRITY SPECIALTY IN CO HO,04681Y103,408000.0,20608,4.717162683067101e-05
RBCAA,REPUBLIC BANCORP INC KY,760281204,408000.0,5775,4.717162683067101e-05
3TY,TITAN MACHY INC,88830R101,407000.0,24294,4.7056010098242885e-05
ZVRA,ZEVRA THERAPEUTICS INC,488445206,407000.0,43616,4.7056010098242885e-05
FWRD,FORWARD AIR CORP,34986A104,407000.0,24343,4.7056010098242885e-05
N/A,REZOLVE AI PLC,G75398100,404000.0,157600,4.6709159900958545e-05
EOLS,EVOLUS INC,30052C107,403000.0,97964,4.659354316853043e-05
PKOH,PARK-OHIO HLDGS CORP,700666100,403000.0,16741,4.659354316853043e-05
OLP,ONE LIBERTY PPTYS INC,682406103,402000.0,18704,4.6477926436102315e-05
HR,HEALTHCARE RLTY TR,42226K105,399000.0,23441,4.613107623881797e-05
MRVI,MARAVAI LIFESCIENCES HLDGS I,56600D107,399000.0,140766,4.613107623881797e-05
CYH,COMMUNITY HEALTH SYS INC NEW,203668108,398000.0,135194,4.601545950638985e-05
RRC,RANGE RES CORP,75281A109,397000.0,8786,4.589984277396174e-05
FDMT,4D MOLECULAR THERAPEUTICS IN,35104E100,396000.0,42447,4.578422604153362e-05
NVGS,NAVIGATOR HLDGS LTD,Y62132108,395000.0,20417,4.566860930910551e-05
SSTK,SHUTTERSTOCK INC,825690100,395000.0,23737,4.566860930910551e-05
MAR,MARRIOTT INTL INC NEW,571903202,394000.0,1204,4.555299257667739e-05
YEXT,YEXT INC,98585N106,394000.0,102356,4.555299257667739e-05
MITT,TPG MTG INVTS TR INC,001228501,393000.0,53731,4.5437375844249276e-05
FUNC,FIRST UTD CORP,33741H107,392000.0,10672,4.532175911182116e-05
VNO,VORNADO RLTY TR,929042109,392000.0,15071,4.532175911182116e-05
SRG,SERITAGE GROWTH PPTYS,81752R100,391000.0,138856,4.5206142379393046e-05
IHRT,IHEARTMEDIA INC,45174J509,390000.0,133221,4.509052564696493e-05
MAMA,MAMAS CREATIONS INC,56146T103,390000.0,25367,4.509052564696493e-05
HNRG,HALLADOR ENERGY COMPANY,40609P105,390000.0,23920,4.509052564696493e-05
RY,ROYAL BK CDA,780087102,387000.0,2390,4.4743675449680584e-05
ALRS,ALERUS FINL CORP,01446U103,387000.0,16282,4.4743675449680584e-05
GSM,FERROGLOBE PLC,G33856108,385000.0,93280,4.4512441984824354e-05
BYON,BED BATH & BEYOND INC,690370101,384000.0,82712,4.439682525239624e-05
TRAK,REPOSITRAK INC,700215304,383000.0,50394,4.428120851996813e-05
SSP,SCRIPPS E W CO OHIO,811054402,382000.0,102516,4.416559178754001e-05
RUSHB,RUSH ENTERPRISES INC,781846308,381000.0,5915,4.40499750551119e-05
XPRO,EXPRO GROUP HOLDINGS NV,N3144W105,380000.0,21796,4.393435832268378e-05
REPX,RILEY EXPLORATION PERMIAN IN,76665T102,379000.0,10391,4.381874159025566e-05
ADM,ARCHER DANIELS MIDLAND CO,039483102,377000.0,5182,4.358750812539943e-05
PACK,RANPAK HOLDINGS CORP,75321W103,376000.0,105155,4.347189139297132e-05
NB,NIOCORP DEVS LTD,654484609,375000.0,83886,4.33562746605432e-05
BIOA,BIOAGE LABS INC,09077V100,375000.0,21418,4.33562746605432e-05
FOSL,FOSSIL GROUP INC,34988V106,374000.0,86628,4.324065792811509e-05
ASST,STRIVE INC,862945300,371000.0,36972,4.2893807730830745e-05
NOV,NOV INC,62955J103,371000.0,19710,4.2893807730830745e-05
BHB,BAR HBR BANKSHARES,066849100,371000.0,11424,4.2893807730830745e-05
MAIN,MAIN STR CAP CORP,56035L104,370000.0,6973,4.277819099840262e-05
SPFI,SOUTH PLAINS FINANCIAL INC,83946P107,370000.0,8817,4.277819099840262e-05
BIGC,COMMERCE.COM INC,08975P108,370000.0,138465,4.277819099840262e-05
ASC,ARDMORE SHIPPING CORP,Y0207T100,368000.0,24085,4.25469575335464e-05
STRS,STRATUS PPTYS INC,863167201,368000.0,12049,4.25469575335464e-05
DNA,GINKGO BIOWORKS HOLDINGS INC,37611X209,368000.0,59929,4.25469575335464e-05
ASPN,ASPEN AEROGELS INC,04523Y105,367000.0,107300,4.2431340801118284e-05
GSBC,GREAT SOUTHN BANCORP INC,390905107,366000.0,5783,4.231572406869017e-05
ATNI,ATN INTL INC,00215F107,366000.0,13423,4.231572406869017e-05
AMPL,AMPLITUDE INC,03213A104,366000.0,53619,4.231572406869017e-05
IIIV,I3 VERTICALS INC,46571Y107,365000.0,16304,4.2200107336262046e-05
MDXG,MIMEDX GROUP INC,602496101,364000.0,92024,4.208449060383394e-05
RACE,FERRARI N V,N3167Y103,364000.0,1073,4.208449060383394e-05
LENZ,LENZ THERAPEUTICS INC,52635N103,363000.0,39600,4.196887387140582e-05
AEVA,AEVA TECHNOLOGIES INC,00835Q202,363000.0,27546,4.196887387140582e-05
DOUG,DOUGLAS ELLIMAN INC,25961D105,363000.0,220920,4.196887387140582e-05
CODI,COMPASS DIVERSIFIED,20451Q104,363000.0,46084,4.196887387140582e-05
CIA,CITIZENS INC,174740100,362000.0,71946,4.185325713897771e-05
GTN,GRAY MEDIA INC,389375106,362000.0,83242,4.185325713897771e-05
TECK,TECK RESOURCES LTD,878742204,362000.0,6979,4.185325713897771e-05
XPER,XPERI INC,98423J101,362000.0,64634,4.185325713897771e-05
PSIX,POWER SOLUTIONS INTL INC,73933G202,361000.0,5927,4.173764040654959e-05
DRUG,BRIGHT MINDS BIOSCIENCES INC,10919W405,361000.0,4947,4.173764040654959e-05
MCS,MARCUS CORP DEL,566330106,361000.0,21002,4.173764040654959e-05
FUBO,FUBOTV INC,35953D401,361000.0,38130,4.173764040654959e-05
IPI,INTREPID POTASH INC,46121Y201,360000.0,8414,4.1622023674121476e-05
CDNL,CARDINAL INFRASTRUCTURE GROU,14154A102,360000.0,9064,4.1622023674121476e-05
MUX,MCEWEN INC.,58039P305,360000.0,17615,4.1622023674121476e-05
HTGC,HERCULES CAPITAL INC,427096508,360000.0,24308,4.1622023674121476e-05
KRO,KRONOS WORLDWIDE INC,50105F105,358000.0,54466,4.1390790209265246e-05
ASPI,ASP ISOTOPES INC,00218A105,357000.0,80641,4.127517347683713e-05
CARE,CARTER BANKSHARES INC,146103106,357000.0,15284,4.127517347683713e-05
ASHR,DBX ETF TR,233051879,357000.0,10917,4.127517347683713e-05
RNA,ATRIUM THERAPEUTICS INC,04965N104,356000.0,26603,4.1159556744409015e-05
ACRE,ARES COML REAL ESTATE CORP,04013V108,356000.0,74023,4.1159556744409015e-05
BBNX,BETA BIONICS INC,08659B102,356000.0,35472,4.1159556744409015e-05
GDEN,GOLDEN ENTMT INC,381013101,355000.0,13296,4.10439400119809e-05
AIP,ARTERIS INC,04302A104,354000.0,21514,4.0928323279552784e-05
HTHT,H WORLD GROUP LTD,44332N106,353000.0,7000,4.081270654712467e-05
ABSI,ABSCI CORPORATION,00091E109,353000.0,117563,4.081270654712467e-05
HZO,MARINEMAX INC,567908108,353000.0,13011,4.081270654712467e-05
EBS,EMERGENT BIOSOLUTIONS INC,29089Q105,352000.0,42387,4.069708981469655e-05
DC,DAKOTA GOLD CORP,46655E100,352000.0,69524,4.069708981469655e-05
CTKB,CYTEK BIOSCIENCES INC,23285D109,351000.0,80142,4.058147308226844e-05
NABL,N-ABLE INC,62878D100,351000.0,75149,4.058147308226844e-05
CMTG,CLAROS MTG TR INC,18270D106,350000.0,146934,4.046585634984032e-05
CEVA,CEVA INC,157210105,350000.0,18729,4.046585634984032e-05
VTE1,ASURE SOFTWARE INC,04649U102,348000.0,40450,4.023462288498409e-05
AKBA,AKEBIA THREAPEUTICS INC,00972D105,347000.0,249155,4.0119006152555977e-05
PEB,PEBBLEBROOK HOTEL TR,70509V100,347000.0,27399,4.0119006152555977e-05
NUTX,NUTEX HEALTH INC,67079U306,347000.0,3648,4.0119006152555977e-05
MAX,MEDIAALPHA INC,58450V104,345000.0,37076,3.9887772687699746e-05
MLR,MILLER INDS INC TENN,600551204,344000.0,7546,3.977215595527163e-05
MATV,MATIV HOLDINGS INC,808541106,344000.0,39514,3.977215595527163e-05
CWCO,CONSOLIDATED WATER CO INC,G23773107,343000.0,10332,3.9656539222843515e-05
MAGN,MAGNERA CORP,55939A107,343000.0,36012,3.9656539222843515e-05
HPK,HIGHPEAK ENERGY INC,43114Q105,343000.0,49705,3.9656539222843515e-05
EVH,EVOLENT HEALTH INC,30050B101,342000.0,149821,3.95409224904154e-05
SVC,SERVICE PPTYS TR,81761L102,341000.0,251163,3.9425305757987284e-05
CRMD,CORMEDIX INC,21900C308,341000.0,50130,3.9425305757987284e-05
UUUU,ENERGY FUELS INC,292671708,341000.0,18653,3.9425305757987284e-05
WPC,WP CAREY INC,92936U109,340000.0,5000,3.930968902555917e-05
PGY,PAGAYA TECHNOLOGIES LTD,M7S64L123,340000.0,29099,3.930968902555917e-05
N/A,APTIV PLC,G3265R107,339000.0,4877,3.919407229313106e-05
TLS,TELOS CORP MD,87969B101,339000.0,80902,3.919407229313106e-05
SIGA,SIGA TECHNOLOGIES INC,826917106,339000.0,63337,3.919407229313106e-05
PFIS,PEOPLES FINL SVCS CORP,711040105,339000.0,6340,3.919407229313106e-05
KVHI,KVH INDS INC,482738101,339000.0,37763,3.919407229313106e-05
IBB,ISHARES TR,464287556,338000.0,2000,3.907845556070294e-05
CRSR,CORSAIR GAMING INC,22041X102,337000.0,60619,3.896283882827482e-05
BVS,BIOVENTUS INC,09075A108,337000.0,36811,3.896283882827482e-05
EVMN,EVOMMUNE INC,30054Y107,336000.0,14612,3.884722209584671e-05
ACNB,ACNB CORP,000868109,335000.0,6997,3.873160536341859e-05
CBLL,CERIBELL INC,15678C102,335000.0,18231,3.873160536341859e-05
MEI,METHODE ELECTRS INC,591520200,335000.0,60656,3.873160536341859e-05
CLFD,CLEARFIELD INC,18482P103,335000.0,12642,3.873160536341859e-05
TCBX,THIRD COAST BANCSHARES INC,88422P109,335000.0,8838,3.873160536341859e-05
GEHC,GE HEALTHCARE TECHNOLOGIES I,36266G107,334000.0,4687,3.8615988630990484e-05
MVST,MICROVAST HOLDINGS INC,59516C106,333000.0,221901,3.850037189856236e-05
IP,INTERNATIONAL PAPER CO,460146103,333000.0,9303,3.850037189856236e-05
HCC,WARRIOR MET COAL INC,93627C101,332000.0,3564,3.838475516613425e-05
JACK,JACK IN THE BOX INC,466367109,331000.0,34160,3.826913843370613e-05
VIST,VISTA ENERGY S.A.B. DE C.V.,92837L109,331000.0,4374,3.826913843370613e-05
HIFS,HINGHAM INSTN SVGS MASS,433323102,330000.0,1152,3.8153521701278015e-05
CPS,COOPER-STANDARD HOLDINGS INC,21676P103,329000.0,11795,3.803790496884991e-05
SATL,SATELLOGIC INC,80401C100,328000.0,60170,3.7922288236421785e-05
SPRY,ARS PHARMACEUTICALS INC,82835W108,328000.0,40779,3.7922288236421785e-05
TS,TENARIS S A,88031M109,328000.0,5632,3.7922288236421785e-05
IMXI,INTERNATIONAL MONEY EXPRESS,46005L101,327000.0,20650,3.7806671503993676e-05
AMBQ,AMBIQ MICRO INC,023193105,327000.0,12836,3.7806671503993676e-05
LBRX,LB PHARMACEUTICALS INC,50180M108,327000.0,13229,3.7806671503993676e-05
CLBK,COLUMBIA FINL INC,197641103,326000.0,18608,3.7691054771565554e-05
RICK,RCI HOSPITALITY HLDGS INC,74934Q108,326000.0,14271,3.7691054771565554e-05
CCRN,CROSS CTRY HEALTHCARE INC,227483104,326000.0,34590,3.7691054771565554e-05
FPI,FARMLAND PARTNERS INC,31154R109,325000.0,28894,3.7575438039137445e-05
FSUN,FIRSTSUN CAP BANCORP,33767U107,325000.0,8892,3.7575438039137445e-05
DSGR,DISTRIBUTION SOLUTIONS GRP I,520776105,324000.0,12316,3.745982130670933e-05
IE,IVANHOE ELECTRIC INC,46578C108,324000.0,27410,3.745982130670933e-05
DBI,DESIGNER BRANDS INC,250565108,324000.0,56887,3.745982130670933e-05
VIG,VANGUARD SPECIALIZED FUNDS,921908844,323000.0,1500,3.734420457428121e-05
MLAB,MESA LABS INC,59064R109,322000.0,3637,3.72285878418531e-05
PLSE,PULSE BIOSCIENCES INC,74587B101,321000.0,14859,3.711297110942498e-05
RIGL,RIGEL PHARMACEUTICALS INC,766559702,321000.0,11856,3.711297110942498e-05
EOG,EOG RES INC,26875P101,320000.0,2207,3.699735437699687e-05
TIPT,TIPTREE INC,88822Q103,320000.0,18876,3.699735437699687e-05
ACCO,ACCO BRANDS CORP,00081T108,319000.0,106061,3.688173764456875e-05
HYLN,HYLIION HOLDINGS CORP,449109107,319000.0,181095,3.688173764456875e-05
KGS,KODIAK GAS SVCS INC,50012A108,319000.0,5468,3.688173764456875e-05
JBIO,JADE BIOSCIENCES INC,008064206,318000.0,22578,3.676612091214064e-05
SO,SOUTHERN CO,842587107,317000.0,3280,3.665050417971252e-05
RGCO,RGC RES INC,74955L103,316000.0,14300,3.65348874472844e-05
NATR,NATURES SUNSHINE PRODS INC,639027101,316000.0,13172,3.65348874472844e-05
CIGI,COLLIERS INTL GROUP INC,194693107,316000.0,2951,3.65348874472844e-05
IDR,IDAHO STRATEGIC RESOURCES,645827205,316000.0,9825,3.65348874472844e-05
ARDT,ARDENT HEALTH INC,03980N107,315000.0,36749,3.641927071485629e-05
GBDC,GOLUB CAP BDC INC,38173M102,315000.0,24821,3.641927071485629e-05
FDX,FEDEX CORP,31428X106,314000.0,879,3.6303653982428176e-05
KSA,ISHARES TR,46434V423,314000.0,7894,3.6303653982428176e-05
FUSB,FIRST US BANCSHARES INC,33744V103,313000.0,20414,3.618803725000006e-05
AVR,ANTERIS TECHNOLOGIES GLOBAL,03675P102,313000.0,56235,3.618803725000006e-05
RRBI,RED RIVER BANCSHARES INC,75686R202,313000.0,3460,3.618803725000006e-05
BXSL,BLACKSTONE SECD LENDING FD,09261X102,312000.0,13168,3.6072420517571946e-05
VNOM,VIPER ENERGY INC,64361Q101,312000.0,6638,3.6072420517571946e-05
MSBI,MIDLAND STATES BANCORP INC,597742105,310000.0,13890,3.5841187052715715e-05
MDWD,MEDIWOUND LTD,M68830112,310000.0,19211,3.5841187052715715e-05
UHAL,U HAUL HOLDING COMPANY,023586100,310000.0,6487,3.5841187052715715e-05
FRT,FEDERAL RLTY INVT TR NEW,313745101,309000.0,2908,3.57255703202876e-05
ARKO,ARKO CORP,041242108,307000.0,55153,3.549433685543137e-05
CZNC,CITIZENS & NORTHN CORP,172922106,306000.0,13695,3.5378720123003253e-05
UDMY,UDEMY INC,902685106,306000.0,66041,3.5378720123003253e-05
LPX,LOUISIANA PAC CORP,546347105,305000.0,4189,3.526310339057514e-05
Q,QNITY ELECTRONICS INC,74743L100,305000.0,2638,3.526310339057514e-05
JCAP,JEFFERSON CAPITAL INC,47248R103,304000.0,15768,3.514748665814702e-05
ATEX,ANTERIX INC,03676C100,304000.0,7955,3.514748665814702e-05
QUAD,QUAD / GRAPHICS INC,747301109,304000.0,45954,3.514748665814702e-05
N/A,HIMALAYA SHIPPING LTD,G4660A103,304000.0,22844,3.514748665814702e-05
NGS,NATURAL GAS SVCS GROUP INC,63886Q109,303000.0,8018,3.503186992571891e-05
PKG,PACKAGING CORP AMER,695156109,302000.0,1420,3.491625319329079e-05
VREX,VAREX IMAGING CORP,92214X106,302000.0,28374,3.491625319329079e-05
YORW,YORK WTR CO,987184108,302000.0,9910,3.491625319329079e-05
ALLO,ALLOGENE THERAPEUTICS INC,019770106,302000.0,123716,3.491625319329079e-05
OBT,ORANGE CNTY BANCORP INC,68417L107,301000.0,9409,3.480063646086268e-05
CVGW,CALAVO GROWERS INC,128246105,301000.0,11638,3.480063646086268e-05
AQST,AQUESTIVE THERAPEUTICS INC,03843E104,301000.0,72516,3.480063646086268e-05
DHIL,DIAMOND HILL INVT GROUP INC,25264R207,300000.0,1742,3.468501972843456e-05
WHG,WESTWOOD HLDGS GROUP INC,961765104,299000.0,18102,3.4569402996006446e-05
SPLG,SPDR SERIES TRUST,78464A854,298000.0,3885,3.445378626357833e-05
CTVA,CORTEVA INC,22052L104,297000.0,3547,3.433816953115022e-05
CHCT,COMMUNITY HEALTHCARE TR INC,20369C106,297000.0,18669,3.433816953115022e-05
CIVB,CIVISTA BANCSHARES INC,178867107,297000.0,13014,3.433816953115022e-05
OMDA,OMADA HEALTH INC,68170A108,297000.0,23567,3.433816953115022e-05
JBS,JBS N.V.,N4732M103,296000.0,16429,3.42225527987221e-05
FBIZ,FIRST BUSINESS FINL SVCS INC,319390100,294000.0,5441,3.399131933386587e-05
N/A,CRITICAL METALS CORP,G2662B103,294000.0,36991,3.399131933386587e-05
INDA,ISHARES TR,46429B598,294000.0,6269,3.399131933386587e-05
TVAL,T ROWE PRICE ETF INC,87283Q859,293000.0,8084,3.3875702601437754e-05
NAGE,NIAGEN BIOSCIENCE INC,171077407,293000.0,66223,3.3875702601437754e-05
SFST,SOUTHERN FIRST BANCSHARES,842873101,292000.0,5340,3.3760085869009645e-05
DMRC,DIGIMARC CORP NEW,25381B101,292000.0,59345,3.3760085869009645e-05
SLDB,SOLID BIOSCIENCES INC,83422E204,291000.0,40347,3.364446913658152e-05
RR,RICHTECH ROBOTICS INC,765504105,290000.0,138348,3.3528852404153414e-05
PX,RIDGEPOST CAP INC,69376K106,289000.0,39764,3.341323567172529e-05
CBAN,COLONY BANKCORP INC,19623P101,289000.0,14438,3.341323567172529e-05
VNDA,VANDA PHARMACEUTICALS INC,921659108,289000.0,41820,3.341323567172529e-05
FSK,FS KKR CAP CORP,302635206,289000.0,28357,3.341323567172529e-05
BTBT,BIT DIGITAL INC,G1144A105,286000.0,218183,3.3066385474440946e-05
N/A,WHITEFIBER INC,G96115103,286000.0,23979,3.3066385474440946e-05
GDYN,GRID DYNAMICS HLDGS INC,39813G109,285000.0,49989,3.295076874201284e-05
ABAT,AMERICAN BATTERY TECHNOLOGY,02451V309,285000.0,102113,3.295076874201284e-05
KMI,KINDER MORGAN INC DEL,49456B101,285000.0,8472,3.295076874201284e-05
ALT,ALTIMMUNE INC,02155H200,285000.0,92512,3.295076874201284e-05
CNDT,CONDUENT INC,206787103,285000.0,221895,3.295076874201284e-05
DFH,DREAM FINDERS HOMES INC,26154D100,284000.0,20337,3.2835152009584715e-05
HBCP,HOMEBANCORP INC,43689E107,284000.0,4678,3.2835152009584715e-05
IWV,ISHARES TR,464287689,284000.0,764,3.2835152009584715e-05
JYNT,JOINT CORP,47973J102,283000.0,31904,3.271953527715661e-05
CBNK,CAPITAL BANCORP INC MD,139737100,283000.0,9492,3.271953527715661e-05
ORN,ORION GROUP HLDGS INC,68628V308,282000.0,25825,3.260391854472849e-05
CTGO,CONTANGO SILVER & GOLD INC,21077F100,281000.0,14975,3.2488301812300376e-05
FRBA,FIRST BK WILLIAMSTOWN NEW JE,31931U102,281000.0,17559,3.2488301812300376e-05
BSRR,SIERRA BANCORP,82620P102,281000.0,8269,3.2488301812300376e-05
RMNI,RIMINI STR INC DEL,76674Q107,281000.0,85478,3.2488301812300376e-05
FUN,SIX FLAGS ENTERTAINMENT CORP,83001C108,281000.0,15807,3.2488301812300376e-05
FLS,FLOWSERVE CORP,34354P105,280000.0,3800,3.237268507987226e-05
DDD,3D SYS CORP DEL,88554D205,280000.0,148690,3.237268507987226e-05
DEI,DOUGLAS EMMETT INC,25960P109,280000.0,29687,3.237268507987226e-05
YSS,YORK SPACE SYSTEMS INC,987084100,279000.0,12568,3.225706834744414e-05
GRND,GRINDR INC,39854F101,278000.0,22927,3.214145161501603e-05
COFS,CHOICEONE FINANCIA,170386106,277000.0,9831,3.2025834882587915e-05
WEST,WESTROCK COFFEE CO,96145W103,277000.0,65130,3.2025834882587915e-05
MH,MCGRAW HILL INC,580907103,277000.0,20187,3.2025834882587915e-05
BOOM,DMC GLOBAL INC,23291C103,276000.0,52849,3.19102181501598e-05
EGHT,8X8 INC NEW,282914100,276000.0,166075,3.19102181501598e-05
BMBL,BUMBLE INC,12047B105,276000.0,84536,3.19102181501598e-05
VUZI,VUZIX CORP,92921W300,275000.0,118835,3.1794601417731684e-05
RYN,RAYONIER INC,754907103,275000.0,13301,3.1794601417731684e-05
PETS,PETMED EXPRESS INC,716382106,274000.0,120055,3.167898468530357e-05
BWFG,BANKWELL FINL GROUP INC,06654A103,274000.0,5635,3.167898468530357e-05
VLGEA,VILLAGE SUPER MKT INC,927107409,273000.0,6449,3.156336795287545e-05
MED,MEDIFAST INC,58470H101,273000.0,26705,3.156336795287545e-05
MGTX,MEIRAGTX HLDGS PLC,G59665102,273000.0,31430,3.156336795287545e-05
BCAL,CALIFORNIA BANCORP,84252A106,272000.0,15315,3.144775122044734e-05
LOCO,EL POLLO LOCO HLDGS INC,268603107,272000.0,19583,3.144775122044734e-05
EVGO,EVGO INC,30052F100,272000.0,157774,3.144775122044734e-05
WOOF,PETCO HEALTH & WELLNESS CO I,71601V105,271000.0,97166,3.133213448801922e-05
CLPT,CLEARPOINT NEURO INC,18507C103,270000.0,29619,3.121651775559111e-05
CTOS,CUSTOM TRUCK ONE SOURCE INC,23204X103,268000.0,40788,3.0985284290734876e-05
CPT,CAMDEN PPTY TR,133131102,268000.0,2739,3.0985284290734876e-05
EDIT,EDITAS MEDICINE INC,28106W103,268000.0,108465,3.0985284290734876e-05
YUMC,YUM CHINA HLDGS INC,98850P109,265000.0,5418,3.063843409345053e-05
LYEL,LYELL IMMUNOPHARMA INC,55083R203,264000.0,13128,3.0522817361022415e-05
OOMA,OOMA INC,683416101,264000.0,18124,3.0522817361022415e-05
CWBC,COMMUNITY WEST BANCSHARES NE,203937107,264000.0,11319,3.0522817361022415e-05
SKYT,SKYWATER TECHNOLOGY INC,83089J108,264000.0,9600,3.0522817361022415e-05
AIOT,POWERFLEET INC,73931J109,263000.0,85325,3.04072006285943e-05
ADCT,ADC THERAPEUTICS SA,H0036K147,263000.0,70047,3.04072006285943e-05
LPTH,LIGHTPATH TECHNOLOGIES INC,532257805,262000.0,26100,3.0291583896166188e-05
AKTS,AKTIS ONCOLOGY INC,01021M104,261000.0,14536,3.017596716373807e-05
DNA,GINKGO BIOWORKS HOLDINGS INC,37611X209,260000.0,42382,3.0060350431309957e-05
BMRC,BANK OF MARIN BANCORP,063425102,260000.0,10116,3.0060350431309957e-05
LTBR,LIGHTBRIDGE CORP,53224K302,260000.0,24366,3.0060350431309957e-05
XLI,SELECT SECTOR SPDR TR,81369Y704,259000.0,1600,2.9944733698881838e-05
PANL,PANGAEA LOGISTICS SOLUTION L,G6891L105,257000.0,36258,2.971350023402561e-05
UNTY,UNITY BANCORP INC,913290102,257000.0,4947,2.971350023402561e-05
CMCL,CALEDONIA MNG CORP,G1757E113,257000.0,11369,2.971350023402561e-05
LTRX,LANTRONIX INC,516548203,256000.0,48722,2.9597883501597492e-05
ATUS,OPTIMUM COMMUNICATIONS INC,02156K103,255000.0,195452,2.948226676916938e-05
ABL,ABACUS GLOBAL MGMT INC,00258Y104,255000.0,32305,2.948226676916938e-05
BWB,BRIDGEWATER BANCSHARES INC,108621103,254000.0,14347,2.936665003674126e-05
N/A,AEBI SCHMIDT HLDG AG,H00501108,253000.0,25967,2.925103330431315e-05
BVN,COMPANIA DE MINAS BUENAVENTU,204448104,253000.0,7000,2.925103330431315e-05
PUBM,PUBMATIC INC,74467Q103,253000.0,30926,2.925103330431315e-05
BLND,BLEND LABS INC,09352U108,252000.0,148189,2.9135416571885034e-05
KNF,KNIFE RIVER CORP,498894104,251000.0,3063,2.9019799839456915e-05
AVAH,AVEANNA HEALTHCARE HLDGS INC,05356F105,251000.0,38930,2.9019799839456915e-05
ERJ,EMBRAER S.A.,29082A107,251000.0,4225,2.9019799839456915e-05
NVT,NVENT ELEC PLC,G6700G107,250000.0,2111,2.8904183107028803e-05
PACB,PACIFIC BIOSCIENCES CALIF IN,69404D108,249000.0,188043,2.8788566374600685e-05
VSTM,VERASTEM INC,92337C203,249000.0,46827,2.8788566374600685e-05
TECX,TECTONIC THERAPEUTIC INC,878972108,248000.0,8001,2.8672949642172573e-05
LXEO,LEXEO THERAPEUTICS INC,52886X107,248000.0,43132,2.8672949642172573e-05
ISTR,INVESTAR HOLDING CORP,46134L105,248000.0,9078,2.8672949642172573e-05
AMX,AMERICA MOVIL SAB DE CV,02390A101,248000.0,9700,2.8672949642172573e-05
REAX,THE REAL BROKERAGE INC,75585H206,247000.0,98416,2.8557332909744457e-05
TTAM,TITAN AMER SA,B9151N105,246000.0,16360,2.8441716177316345e-05
INGM,INGRAM MICRO HLDG CORP,457152106,246000.0,10542,2.8441716177316345e-05
NPB,NORTHPOINTE BANCSHARES INC.,66661N886,245000.0,14169,2.8326099444888227e-05
RXST,RXSIGHT INC,78349D107,242000.0,39130,2.797924924760388e-05
QTRX,QUANTERIX CORP,74766Q101,241000.0,68372,2.786363251517577e-05
RNGR,RANGER ENERGY SVCS INC,75282U104,241000.0,14008,2.786363251517577e-05
MPLT,MAPLIGHT THERAPEUTICS INC,56565P103,240000.0,11768,2.774801578274765e-05
WTI,W & T OFFSHORE INC,92922P106,240000.0,70231,2.774801578274765e-05
XLY,SELECT SECTOR SPDR TR,81369Y407,240000.0,2200,2.774801578274765e-05
ARHS,ARHAUS INC,04035M102,239000.0,35240,2.7632399050319538e-05
UPB,UPSTREAM BIO INC,91678A107,238000.0,26434,2.751678231789142e-05
ENTA,ENANTA PHARMACEUTICALS INC,29251M106,237000.0,18704,2.7401165585463304e-05
DGICA,DONEGAL GROUP INC,257701201,236000.0,13691,2.728554885303519e-05
PKBK,PARKE BANCORP INC,700885106,236000.0,8282,2.728554885303519e-05
HVT,HAVERTY FURNITURE COS INC,419596101,236000.0,11123,2.728554885303519e-05
TRIN,TRINITY CAP INC,896442308,235000.0,15924,2.7169932120607073e-05
SPIR,SPIRE GLOBAL INC,848560306,235000.0,18647,2.7169932120607073e-05
KBIA,KB FINL GROUP INC,48241A105,235000.0,2350,2.7169932120607073e-05
INSG,INSEEGO CORP,45782B302,235000.0,21099,2.7169932120607073e-05
ALLE,ALLEGION PLC,G0176J109,234000.0,1605,2.705431538817896e-05
PTLO,PORTILLOS INC,73642K106,234000.0,44176,2.705431538817896e-05
GRNT,GRANITE RIDGE RESOURCES INC,387432107,233000.0,39613,2.6938698655750842e-05
FEY,FUELCELL ENERGY INC,35952H700,233000.0,35652,2.6938698655750842e-05
SVV,SAVERS VALUE VLG INC,80517M109,232000.0,31109,2.682308192332273e-05
TME,TENCENT MUSIC ENTMT GROUP,88034P109,232000.0,24903,2.682308192332273e-05
TSLX,SIXTH STREET SPECIALTY LENDI,83012A109,232000.0,12610,2.682308192332273e-05
DOMO,DOMO INC,257554105,232000.0,75616,2.682308192332273e-05
ALIT,ALIGHT INC,01626W101,232000.0,397525,2.682308192332273e-05
NGVC,NATURAL GROCERS BY VITAMIN,63888U108,232000.0,8973,2.682308192332273e-05
ARCT,ARCTURUS THERAPEUTICS HLDGS,03969T109,231000.0,29793,2.6707465190894615e-05
FMAO,FARMERS & MERCHANTS BANCORP,30779N105,230000.0,8942,2.6591848458466496e-05
CERS,CERUS CORP,157085101,229000.0,125442,2.6476231726038384e-05
RBB,RBB BANCORP,74930B105,229000.0,10682,2.6476231726038384e-05
WLTH,WEALTHFRONT CORP,947002101,229000.0,24721,2.6476231726038384e-05
INGN,INOGEN INC,45780L104,228000.0,36793,2.6360614993610265e-05
NPCE,NEUROPACE INC,641288105,228000.0,17308,2.6360614993610265e-05
EU,ENCORE ENERGY CORP,29259W700,227000.0,125913,2.6244998261182153e-05
BATRA,ATLANTA BRAVES HLDGS INC,047726104,227000.0,4803,2.6244998261182153e-05
SRI,STONERIDGE INC,86183P102,225000.0,46429,2.6013764796325926e-05
EVC,ENTRAVISION COMMUNICATIONS C,29382R107,225000.0,75600,2.6013764796325926e-05
TSBK,TIMBERLAND BANCORP INC,887098101,225000.0,5683,2.6013764796325926e-05
TDUP,THREDUP INC,88556E102,225000.0,68427,2.6013764796325926e-05
VMD,VIEMED HEALTHCARE INC,92663R105,225000.0,24429,2.6013764796325926e-05
FVR,FRONTVIEW REIT INC,35922N100,225000.0,14530,2.6013764796325926e-05
LXFR,LUXFER HLDGS PLC,G5698W116,224000.0,18328,2.5898148063897807e-05
APLE,APPLE HOSPITALITY REIT INC,03784Y200,223000.0,19328,2.578253133146969e-05
SB,SAFE BULKERS INC,Y7388L103,223000.0,35088,2.578253133146969e-05
CLMB,CLIMB GLOBAL SOLUTIONS INC,946760105,222000.0,11155,2.5666914599041577e-05
KBDC,KAYNE ANDERSON BDC INC,48662X105,222000.0,16155,2.5666914599041577e-05
MLI,MUELLER INDS INC,624756102,221000.0,1990,2.555129786661346e-05
STRT,STRATTEC SEC CORP,863111100,220000.0,2803,2.543568113418535e-05
LOVE,LOVESAC COMPANY,54738L109,219000.0,14805,2.532006440175723e-05
BLDE,STRATA CRITICAL MEDICAL INC,092667104,219000.0,52368,2.532006440175723e-05
BCML,BAYCOM CORP,07272M107,218000.0,7309,2.520444766932912e-05
IMMR,IMMERSION CORP,452521107,218000.0,39881,2.520444766932912e-05
FORR,FORRESTER RESH INC,346563109,218000.0,38507,2.520444766932912e-05
ILPT,INDUSTRIAL LOGISTICS PPTYS T,456237106,218000.0,38294,2.520444766932912e-05
RPM,RPM INTL INC,749685103,217000.0,2179,2.5088830936901e-05
ITIC,INVESTORS TITLE CO NC,461804106,217000.0,996,2.5088830936901e-05
HBT,HBT FINL INC.,404111106,216000.0,8061,2.4973214204472884e-05
STXS,STEREOTAXIS INC,85916J409,216000.0,116921,2.4973214204472884e-05
DNUT,KRISPY KREME INC,50101L106,216000.0,63713,2.4973214204472884e-05
PLBC,PLUMAS BANCORP,729273102,216000.0,4418,2.4973214204472884e-05
THRY,THRYV HLDGS INC,886029206,216000.0,78831,2.4973214204472884e-05
BYND,BEYOND MEAT INC,08862E109,215000.0,305702,2.4857597472044772e-05
GIS,GENERAL MILLS INC,370334104,215000.0,5750,2.4857597472044772e-05
XOMA,XOMA ROYALTY CORPORATION,98419J206,214000.0,6803,2.4741980739616654e-05
KIND,NEXTDOOR HOLDINGS INC,65345M108,213000.0,151729,2.4626364007188542e-05
FSTR,FOSTER L B CO,350060109,213000.0,7612,2.4626364007188542e-05
ITUB,ITAU UNIBANCO HLDG S A,465562106,212000.0,25187,2.4510747274760423e-05
PDYN,PALLADYNE AI CORP,80359A205,212000.0,34837,2.4510747274760423e-05
CRCT,CRICUT INC,22658D100,211000.0,56403,2.439513054233231e-05
LE,LANDS END INC NEW,51509F105,211000.0,18722,2.439513054233231e-05
PFSI,PENNYMAC FINL SVCS INC NEW,70932M107,210000.0,2400,2.4279513809904196e-05
FNLC,FIRST BANCORP INC ME,31866P102,210000.0,7486,2.4279513809904196e-05
VOXR,VOX ROYALTY CORP,92919F103,210000.0,40038,2.4279513809904196e-05
PPG,PPG INDS INC,693506107,210000.0,1960,2.4279513809904196e-05
NWFL,NORWOOD FINANCIAL CORP,669549107,209000.0,7077,2.4163897077476077e-05
NECB,NORTHEAST CMNTY BANCORP INC,664121100,209000.0,8750,2.4163897077476077e-05
RM,REGIONAL MGMT CORP,75902K106,208000.0,6422,2.4048280345047965e-05
CLX,CLOROX CO DEL,189054109,208000.0,2000,2.4048280345047965e-05
IBEX,IBEX LTD,G4690M101,208000.0,7737,2.4048280345047965e-05
SOLS,SOLSTICE ADVANCED MATLS INC,83443Q103,207000.0,2708,2.3932663612619846e-05
ATOM,ATOMERA INC,04965B100,206000.0,54044,2.381704688019173e-05
GRPN,GROUPON INC,399473206,205000.0,17222,2.370143014776362e-05
PCB,PCB BANCORP,69320M109,204000.0,9060,2.3585813415335503e-05
FNKO,FUNKO INC,361008105,203000.0,64346,2.3470196682907388e-05
NP,NEPTUNE INS HLDGS INC,64073B103,203000.0,8359,2.3470196682907388e-05
SHLS,SHOALS TECHNOLOGIES GROUP IN,82489W107,202000.0,30567,2.3354579950479273e-05
RMAX,RE/MAX HLDGS INC,75524W108,202000.0,34909,2.3354579950479273e-05
BELFA,BEL FUSE INC,077347201,202000.0,1120,2.3354579950479273e-05
PBYI,PUMA BIOTECHNOLOGY INC,74587V107,201000.0,31306,2.3238963218051157e-05
OLPX,OLAPLEX HLDGS INC,679369108,200000.0,98521,2.3123346485623042e-05
FTK,FLOTEK INDUSTRIES INC,343389409,200000.0,11773,2.3123346485623042e-05
HNST,HONEST CO INC,438333106,200000.0,67744,2.3123346485623042e-05
NATH,NATHANS FAMOUS INC,632347100,200000.0,1980,2.3123346485623042e-05
DCTH,DELCATH SYS INC,24661P807,200000.0,21479,2.3123346485623042e-05
BRBS,BLUE RIDGE BANKSHARES INC VA,095825105,198000.0,46909,2.289211302076681e-05
BOC,BOSTON OMAHA CORP,101044105,198000.0,16877,2.289211302076681e-05
SCVL,SHOE CARNIVAL INC,824889109,197000.0,12578,2.2776496288338696e-05
TH,TARGET HOSPITALITY CORP,87615L107,196000.0,21054,2.266087955591058e-05
ACIC,AMERICAN COASTAL INS CORP,910710102,196000.0,17403,2.266087955591058e-05
TSSI,TSS INC DEL,87288V101,196000.0,15027,2.266087955591058e-05
WEAV,WEAVE COMMUNICATIONS INC,94724R108,195000.0,42199,2.2545262823482465e-05
WSBF,WATERSTONE FINL INC MD,94188P101,195000.0,10810,2.2545262823482465e-05
AVXL,ANAVEX LIFE SCIENCES CORP,032797300,195000.0,63226,2.2545262823482465e-05
INR,INFINITY NAT RES INC,456941103,193000.0,10911,2.2314029358626234e-05
XRX,XEROX HOLDINGS CORP,98421M106,191000.0,147307,2.2082795893770004e-05
SGC,SUPERIOR GROUP OF CO INC,868358102,191000.0,18710,2.2082795893770004e-05
TARA,PROTARA THERAPEUTICS INC,74365U107,190000.0,36306,2.196717916134189e-05
TASK,TASKUS INC,87652V109,190000.0,28207,2.196717916134189e-05
TNXP,TONIX PHARMACEUTICALS HLDG C,890260839,190000.0,13816,2.196717916134189e-05
KELYA,KELLY SVCS INC,488152208,189000.0,21338,2.1851562428913776e-05
CCCC,C4 THERAPEUTICS INC,12529R107,189000.0,71546,2.1851562428913776e-05
ARE,ALEXANDRIA REAL ESTATE EQ IN,015271109,188000.0,4044,2.173594569648566e-05
SMTI,SANARA MEDTECH INC,79957L100,188000.0,10898,2.173594569648566e-05
OMI,ACCENDRA HEALTH INC,690732102,187000.0,81718,2.1620328964057546e-05
FLB,STANDARD BIOTOOLS INC,34385P108,187000.0,202466,2.1620328964057546e-05
VIPS,VIPSHOP HLDGS LTD,92763W103,186000.0,11800,2.1504712231629427e-05
MHH,MASTECH HLDGS INC,57633B100,186000.0,32598,2.1504712231629427e-05
LZ,LEGALZOOM COM INC,52466B103,185000.0,32600,2.138909549920131e-05
EAF,GRAFTECH INTL LTD SR NT,384313607,185000.0,27188,2.138909549920131e-05
VTEX,VTEX,G9470A102,185000.0,46159,2.138909549920131e-05
TBI,TRUEBLUE INC,89785X101,184000.0,46959,2.12734787667732e-05
AEP,AMERICAN ELEC PWR CO INC,025537101,184000.0,1400,2.12734787667732e-05
PINE,ALPINE INCOME PPTY TR INC,02083X103,181000.0,10052,2.0926628569488853e-05
PLTK,PLAYTIKA HLDG CORP,72815L107,179000.0,64275,2.0695395104632623e-05
IT,GARTNER INC,366651107,179000.0,1125,2.0695395104632623e-05
PPL,PPL CORP,69351T106,179000.0,4672,2.0695395104632623e-05
LILA,LIBERTY LATIN AMERICA LTD,G9001E102,179000.0,20645,2.0695395104632623e-05
RLGT,RADIANT LOGISTICS INC,75025X100,178000.0,25206,2.0579778372204507e-05
KIDS,ORTHOPEDIATRICS CORP,68752L100,177000.0,11147,2.0464161639776392e-05
CATX,PERSPECTIVE THERAPEUTICS INC,46489V302,177000.0,42282,2.0464161639776392e-05
TURF,T ROWE PRICE ETF INC,87283Q743,176000.0,5000,2.0348544907348277e-05
RZLT,REZOLUTE INC,76200L309,176000.0,57585,2.0348544907348277e-05
DBX,DROPBOX INC,26210C104,175000.0,7680,2.023292817492016e-05
SCO,PROSHARES TR II,74347Y797,175000.0,21000,2.023292817492016e-05
DSGN,DESIGN THERAPEUTICS INC,25056L103,175000.0,16370,2.023292817492016e-05
CPHC,CANTERBURY PK HLDG CORP,13811E101,174000.0,11247,2.0117311442492046e-05
SWIM,LATHAM GROUP INC,51819L107,173000.0,32172,2.000169471006393e-05
TRY,BARINGS BDC INC,06759L103,173000.0,20930,2.000169471006393e-05
NMAX,NEWSMAX INC,65250K105,172000.0,32852,1.9886077977635815e-05
KNSL,KINSALE CAP GROUP INC,49714P108,171000.0,500,1.97704612452077e-05
GSK,GSK PLC,37733W204,171000.0,3085,1.97704612452077e-05
TAL,TAL ED GROUP,874080104,170000.0,14900,1.9654844512779585e-05
SLRC,SLR INVESTMENT CORP,83413U100,169000.0,11794,1.953922778035147e-05
MNPR,MONOPAR THERAPEUTICS INC,61023L207,169000.0,3078,1.953922778035147e-05
ONEW,ONEWATER MARINE INC,68280L101,167000.0,17660,1.9307994315495242e-05
BLFY,BLUE FOUNDRY BANCORP,09549B104,167000.0,12562,1.9307994315495242e-05
FVCB,FVCBANKCORP INC,36120Q101,167000.0,10955,1.9307994315495242e-05
FBLA,FB BANCORP INC,31425A109,166000.0,12017,1.9192377583067126e-05
MKTX,MARKETAXESS HLDGS INC,57060D108,165000.0,1000,1.9076760850639008e-05
CHD,CHURCH & DWIGHT CO INC,171340102,165000.0,1768,1.9076760850639008e-05
EVEX,EVE HLDG INC,29970N104,163000.0,65637,1.8845527385782777e-05
CRMT,AMERICAS CAR-MART INC,03062T105,163000.0,12735,1.8845527385782777e-05
SPOK,SPOK HLDGS INC,84863T106,162000.0,14791,1.8729910653354665e-05
NEXN,NEXXEN INTL LTD,M8T80P204,162000.0,24759,1.8729910653354665e-05
PSFE,PAYSAFE LIMITED,G6964L206,161000.0,23597,1.861429392092655e-05
MSIF,MSC INCOME FUND INC,55374X208,161000.0,13165,1.861429392092655e-05
HLLY,HOLLEY INC,43538H103,161000.0,52363,1.861429392092655e-05
TTEC,TTEC HLDGS INC,89854H102,161000.0,64352,1.861429392092655e-05
NCMI,NATIONAL CINEMEDIA INC,635309206,160000.0,52321,1.8498677188498434e-05
HLT,HILTON WORLDWIDE HLDGS INC,43300A203,158000.0,517,1.82674437236422e-05
SDHC,SMITH DOUGLAS HOMES CORP,83207R107,158000.0,12300,1.82674437236422e-05
DMAC,DIAMEDICA THERAPEUTICS INC,25253X207,157000.0,23170,1.8151826991214088e-05
LRMR,LARIMAR THERAPEUTICS INC,517125100,157000.0,34768,1.8151826991214088e-05
BCSF,BAIN CAP SPECIALTY FIN INC,05684B107,157000.0,12615,1.8151826991214088e-05
LMNR,LIMONEIRA CO,532746104,156000.0,11590,1.8036210258785973e-05
HURC,HURCO CO,447324104,156000.0,10600,1.8036210258785973e-05
LULU,LULULEMON ATHLETICA INC,550021109,156000.0,1015,1.8036210258785973e-05
ELDN,ELEDON PHARMACEUTICALS INC,28617K101,155000.0,50162,1.7920593526357857e-05
KRC,KILROY REALTY CORP,49427F108,155000.0,5462,1.7920593526357857e-05
LNT,ALLIANT ENERGY CORP,018802108,154000.0,2142,1.7804976793929742e-05
KFS,KINGSWAY FINL SVCS INC,496904202,154000.0,14725,1.7804976793929742e-05
OKLO,OKLO INC,02156V109,154000.0,3100,1.7804976793929742e-05
LMRI,LUMEXA IMAGING HOLDINGS INC,550249106,154000.0,17874,1.7804976793929742e-05
RGP,RESOURCES CONNECTION INC,76122Q105,153000.0,40992,1.7689360061501627e-05
MG,MISTRAS GROUP INC,60649T107,153000.0,10324,1.7689360061501627e-05
N/A,CRESCENT BIOPHARMA INC.,G2545C104,153000.0,8300,1.7689360061501627e-05
BLZE,BACKBLAZE INC,05637B105,153000.0,44059,1.7689360061501627e-05
OM,OUTSET MED INC,690145206,152000.0,39427,1.757374332907351e-05
GPMT,GRANITE PT MTG TR INC,38741L107,151000.0,103739,1.7458126596645396e-05
KRT,KARAT PACKAGING INC,48563L101,150000.0,5343,1.734250986421728e-05
RBBN,RIBBON COMMUNICATIONS INC,762544104,149000.0,69822,1.7226893131789165e-05
TOI,THE ONCOLOGY INSTITUTE INC,68236X100,149000.0,48271,1.7226893131789165e-05
BRCB,BLACK ROCK COFFEE BAR INC,092244102,148000.0,11421,1.711127639936105e-05
CTNM,CONTINEUM THERAPEUTICS INC,21217B100,148000.0,11300,1.711127639936105e-05
MPX,MARINE PRODS CORP,568427108,148000.0,20355,1.711127639936105e-05
CADL,CANDEL THERAPEUTICS INC,137404109,148000.0,30110,1.711127639936105e-05
RSVR,RESERVOIR MEDIA INC,76119X105,147000.0,14956,1.6995659666932935e-05
SKYH,SKY HARBOUR GROUP CORPORATIO,83085C107,147000.0,15220,1.6995659666932935e-05
OPRT,OPORTUN FINL CORP,68376D104,147000.0,31733,1.6995659666932935e-05
INNV,INNOVAGE HLDG CORP,45784A104,147000.0,18256,1.6995659666932935e-05
MP,MP MATERIALS CORP,553368101,146000.0,3005,1.6880042934504823e-05
RRGB,RED ROBIN GOURMET BURGERS IN,75689M101,146000.0,49587,1.6880042934504823e-05
UIS,UNISYS CORP,909214306,145000.0,69884,1.6764426202076707e-05
NXDT,NEXPOINT DIVERSIFIED REL ET,65340G205,145000.0,30864,1.6764426202076707e-05
ULCC,FRONTIER GROUP HLDGS INC,35909R108,144000.0,40583,1.6648809469648592e-05
ACTG,ACACIA RESH CORP,003881307,144000.0,29937,1.6648809469648592e-05
CV,CAPSOVISION INC,140935107,143000.0,19550,1.6533192737220473e-05
UEIC,UNIVERSAL ELECTRS INC,913483103,143000.0,34686,1.6533192737220473e-05
INV,INNVENTURE INC,45784M108,143000.0,36462,1.6533192737220473e-05
ASLE,AERSALE CORPORATION,00810F106,142000.0,22671,1.6417576004792358e-05
BBCP,CONCRETE PUMPING HLDGS INC,206704108,141000.0,19689,1.6301959272364246e-05
OPFI,OPPFI INC,68386H103,140000.0,18110,1.618634253993613e-05
HTFL,HEARTFLOW INC,42238D107,139000.0,5700,1.6070725807508015e-05
ABEO,ABEONA THERAPEUTICS INC,00289Y206,139000.0,31005,1.6070725807508015e-05
TG,TREDEGAR CORP,894650100,137000.0,17211,1.5839492342651784e-05
IDN,INTELLICHECK MOBILISA INC,45817G201,137000.0,19500,1.5839492342651784e-05
BELFB,BEL FUSE INC,077347300,136000.0,684,1.572387561022367e-05
KULR,KULR TECHNOLOGY GROUP INC,50125G307,136000.0,57040,1.572387561022367e-05
LUCK,LUCKY STRIKE ENTERTAINMENT C,10258P102,135000.0,16149,1.5608258877795554e-05
MVIS,MICROVISION INC DEL,594960304,134000.0,208728,1.5492642145367438e-05
CVGI,COMMERCIAL VEH GROUP INC,202608105,132000.0,38483,1.5261408680511208e-05
AR,ANTERO RESOURCES CORP,03674X106,132000.0,3101,1.5261408680511208e-05
ACDC,PROFRAC HLDG CORP,74319N100,130000.0,20888,1.5030175215654978e-05
LNKB,LINKBANCORP INC,53578P105,130000.0,15506,1.5030175215654978e-05
AVD,AMERICAN VANGUARD CORP,030371108,129000.0,51543,1.4914558483226861e-05
BSY,BENTLEY SYS INC,08265T208,128000.0,3617,1.4798941750798746e-05
HCAT,HEALTH CATALYST INC,42225T107,126000.0,99210,1.4567708285942517e-05
SENS,SENSEONICS HLDGS INC,81727U303,126000.0,18900,1.4567708285942517e-05
ALDX,ALDEYRA THERAPEUTICS INC,01438T106,125000.0,73772,1.4452091553514402e-05
GPC,GENUINE PARTS CO,372460105,125000.0,1175,1.4452091553514402e-05
SLP,SIMULATIONS PLUS INC,829214105,125000.0,10546,1.4452091553514402e-05
CHPT,CHARGEPOINT HOLDINGS INC,15961R303,124000.0,25478,1.4336474821086286e-05
STEM,STEM INC,85859N300,123000.0,13914,1.4220858088658173e-05
BALY,BALLYS CORPORATION,05875B304,122000.0,12586,1.4105241356230054e-05
LEN,LENNAR CORP,526057104,122000.0,1400,1.4105241356230054e-05
CBRE,CBRE GROUP INC,12504L109,122000.0,900,1.4105241356230054e-05
EVCM,EVERCOMMERCE INC,29977X105,121000.0,10523,1.398962462380194e-05
ALEC,ALECTOR INC,014442107,121000.0,56100,1.398962462380194e-05
CHRS,COHERUS ONCOLOGY INC,19249H103,121000.0,71536,1.398962462380194e-05
INSE,INSPIRED ENTMT INC,45782N108,121000.0,16909,1.398962462380194e-05
OABI,OMNIAB INC,68218J103,121000.0,76859,1.398962462380194e-05
PESI,PERMA-FIX ENVIRONMENTAL SVCS,714157203,120000.0,11202,1.3874007891373825e-05
WBTN,WEBTOON ENTMT INC,94845U105,120000.0,12951,1.3874007891373825e-05
MASS,908 DEVICES INC,65443P102,119000.0,19385,1.375839115894571e-05
CRBP,CORBUS PHARMACEUTICALS HLDGS,21833P301,119000.0,12572,1.375839115894571e-05
VERI,VERITONE INC,92347M100,118000.0,59674,1.3642774426517596e-05
SKIN,THE BEAUTY HEALTH COMPANY,88331L108,118000.0,131864,1.3642774426517596e-05
SNBR,SLEEP NUMBER CORP,83125X103,118000.0,65503,1.3642774426517596e-05
FHTX,FOGHORN THERAPEUTICS INC,344174107,118000.0,24478,1.3642774426517596e-05
USAR,USA RARE EARTH INC,91733P107,117000.0,7676,1.352715769408948e-05
PLX,PROTALIX BIOTHERAPEUTICS INC,74365A309,117000.0,53478,1.352715769408948e-05
LIDR,AEYE INC,008183204,117000.0,64380,1.352715769408948e-05
KRMD,KORU MEDICAL SYSTEMS INC,759910102,117000.0,27036,1.352715769408948e-05
AMWL,AMERICAN WELL CORP,03044L204,116000.0,21998,1.3411540961661365e-05
SGP,SPYGLASS PHARMA INC,85220G109,115000.0,4434,1.3295924229233248e-05
DSP,VIANT TECHNOLOGY INC,92557A101,115000.0,10241,1.3295924229233248e-05
CVRX,CVRX INC,126638105,115000.0,12051,1.3295924229233248e-05
N/A,CHAINCE DIGITAL HOLDINGS INC,G59467202,114000.0,28443,1.3180307496805133e-05
SEVN,SEVEN HILLS REALTY TRUST,81784E101,114000.0,13772,1.3180307496805133e-05
SNFCA,SECURITY NATL FINL CORP,814785309,114000.0,12016,1.3180307496805133e-05
SEAT,VIVID SEATS INC,92854T209,114000.0,19178,1.3180307496805133e-05
MFIN,MEDALLION FINANCIAL CORP,583928106,113000.0,13120,1.3064690764377019e-05
EPSN,EPSILON ENERGY LTD,294375209,113000.0,18300,1.3064690764377019e-05
CRD/A,CRAWFORD & CO,224633206,113000.0,11283,1.3064690764377019e-05
ALB,ALBEMARLE CORP,012653101,112000.0,619,1.2949074031948904e-05
PAYS,PAYSIGN INC,70451A104,112000.0,18928,1.2949074031948904e-05
AIRO,AIRO GROUP HLDGS INC,009422106,111000.0,14473,1.2833457299520788e-05
N/A,TOTALENERGIES SE,F92124100,111000.0,1216,1.2833457299520788e-05
IFF,INTERNATIONAL FLAVORS&FRAGRA,459506101,111000.0,1519,1.2833457299520788e-05
POWW,OUTDOOR HOLDING CO,00175J107,111000.0,55009,1.2833457299520788e-05
RILY,BRC GROUP HOLDINGS INC,05580M108,111000.0,15100,1.2833457299520788e-05
RELY,REMITLY GLOBAL INC,75960P104,110000.0,7000,1.2717840567092675e-05
XPOF,XPONENTIAL FITNESS INC,98422X101,109000.0,17958,1.260222383466456e-05
LINE,LINEAGE INC,53566V106,109000.0,3299,1.260222383466456e-05
BYRN,BYRNA TECHNOLOGIES INC,12448X201,109000.0,11814,1.260222383466456e-05
AMTX,AEMETIS INC,00770K202,108000.0,33763,1.2486607102236442e-05
RPAY,REPAY HLDGS CORP,76029L100,108000.0,41456,1.2486607102236442e-05
PAL,PROFICIENT AUTO LOGISTICS IN,74317M104,107000.0,15636,1.2370990369808327e-05
EPM,EVOLUTION PETE CORP,30049A107,107000.0,23204,1.2370990369808327e-05
OSBC,OLD SECOND BANCORP INC DEL,680277100,106000.0,5228,1.2255373637380211e-05
AQMS,AQUA METALS INC,03837J309,106000.0,24590,1.2255373637380211e-05
CMTL,COMTECH TELECOMMUNICATIONS C,205826209,106000.0,31864,1.2255373637380211e-05
FLWS,1 800 FLOWERS COM INC,68243Q106,106000.0,34649,1.2255373637380211e-05
N/A,NANO X IMAGING LTD,M70700105,104000.0,45688,1.2024140172523982e-05
FRX,FENNEC PHARMACEUTICALS INC,31447P100,104000.0,16865,1.2024140172523982e-05
LFMD,LIFEMD INC,53216B104,104000.0,28579,1.2024140172523982e-05
QNT,QUANTUM CORP,747906600,104000.0,21801,1.2024140172523982e-05
CDXS,CODEXIS INC,192005106,104000.0,63593,1.2024140172523982e-05
SPCE,VIRGIN GALACTIC HOLDINGS INC,92766K403,103000.0,42340,1.1908523440095865e-05
SELF,GLOBAL SELF STORAGE INC,37955N106,103000.0,19971,1.1908523440095865e-05
BNED,BARNES & NOBLE ED INC,06777U200,103000.0,11656,1.1908523440095865e-05
BKKT,BAKKT INC,05759B305,103000.0,13981,1.1908523440095865e-05
EWCZ,EUROPEAN WAX CTR INC,29882P106,102000.0,17514,1.1792906707667752e-05
ALTI,ALTI GLOBAL INC,02157E106,101000.0,27873,1.1677289975239636e-05
NCNO,NCINO INC,63947X101,100000.0,6624,1.1561673242811521e-05
ORGO,ORGANOGENESIS HLDGS INC,68621F102,100000.0,42152,1.1561673242811521e-05
III,INFORMATION SVCS GROUP INC,45675Y104,100000.0,25988,1.1561673242811521e-05
VRA,VERA BRADLEY INC,92335C106,100000.0,31474,1.1561673242811521e-05
BCBP,BCB BANCORP INC,055298103,99000.0,10953,1.1446056510383406e-05
FRMI,FERMI INC,314911108,99000.0,16861,1.1446056510383406e-05
KGEI,KOLIBRI GLOBAL ENERGY INC,50043K406,98000.0,17699,1.133043977795529e-05
MMYT,MAKEMYTRIP LIMITED MAURITIUS,V5633W109,97000.0,2589,1.1214823045527177e-05
SQM,SOCIEDAD QUIMICA Y MINERA DE,833635105,96000.0,1176,1.109920631309906e-05
SGHT,SIGHT SCIENCES INC,82657M105,96000.0,25283,1.109920631309906e-05
JELD,JELD-WEN HLDG INC,47580P103,96000.0,76818,1.109920631309906e-05
EHTH,EHEALTH INC,28238P109,95000.0,73336,1.0983589580670944e-05
KHC,KRAFT HEINZ CO,500754106,95000.0,4207,1.0983589580670944e-05
TRU,TRANSUNION,89400J107,94000.0,1355,1.086797284824283e-05
NVCT,NUVECTIS PHARMA INC,67080T108,94000.0,12048,1.086797284824283e-05
NNBR,NN INC,629337106,92000.0,63163,1.06367393833866e-05
SMHI,SEACOR MARINE HLDGS INC,78413P101,92000.0,12764,1.06367393833866e-05
NFE,NEW FORTRESS ENERGY INC,644393100,92000.0,154547,1.06367393833866e-05
FATE,FATE THERAPEUTICS INC,31189P102,92000.0,76633,1.06367393833866e-05
PRTH,PRIORITY TECHNOLOGY HLDGS IN,74275G107,91000.0,19248,1.0521122650958484e-05
HRTX,HERON THERAPEUTICS INC,427746102,90000.0,111504,1.0405505918530369e-05
MDXG,MIMEDX GROUP INC,602496101,89000.0,22500,1.0289889186102254e-05
SKLZ,SKILLZ INC,83067L208,89000.0,34215,1.0289889186102254e-05
FLY,FIREFLY AEROSPACE INC,31816X106,88000.0,3087,1.0174272453674138e-05
KLC,KINDERCARE LEARNING COMPANIE,49456W105,88000.0,39733,1.0174272453674138e-05
CURI,CURIOSITYSTREAM INC,23130Q107,88000.0,29683,1.0174272453674138e-05
LPRO,OPEN LENDING CORP,68373J104,87000.0,69287,1.0058655721246023e-05
CCLD,CARECLOUD INC,14167R100,87000.0,23700,1.0058655721246023e-05
LUCD,LUCID DIAGNOSTICS INC,54948X109,86000.0,74377,9.943038988817908e-06
TLSI,TRISALUS LIFE SCIENCES INC,89680M101,86000.0,21294,9.943038988817908e-06
IKT,INHIBIKASE THERAPEUTICS INC,45719W205,86000.0,50874,9.943038988817908e-06
AOMR,ANGEL OAK MORTGAGE REIT INC,03464Y108,85000.0,10222,9.827422256389792e-06
CRDF,CARDIFF ONCOLOGY INC,14147L108,85000.0,52316,9.827422256389792e-06
CNTY,CENTURY CASINOS INC,156492100,84000.0,59831,9.711805523961677e-06
CXDO,CREXENDO INC,226552107,84000.0,13545,9.711805523961677e-06
AMR,ALPHA METALLURGICAL RESOUR I,020764106,84000.0,405,9.711805523961677e-06
AGEN,AGENUS INC,00847G804,82000.0,24500,9.480572059105446e-06
UL,UNILEVER PLC,904767803,80000.0,1404,9.249338594249217e-06
PLCE,CHILDRENS PL INC NEW,168905107,80000.0,23539,9.249338594249217e-06
KSCP,KNIGHTSCOPE INC,49907V201,79000.0,18900,9.1337218618211e-06
LFVN,LIFEVANTAGE CORP,53222K205,79000.0,18234,9.1337218618211e-06
ZIP,ZIPRECRUITER INC,98980B103,78000.0,41958,9.018105129392986e-06
SOLV,SOLVENTUM CORP,83444M101,78000.0,1180,9.018105129392986e-06
MKL,MARKEL GROUP INC,570535104,77000.0,40,8.902488396964871e-06
CNR,CORE NATURAL RESOURCES INC,218937100,77000.0,734,8.902488396964871e-06
GDRX,GOODRX HLDGS INC,38246G108,76000.0,38432,8.786871664536756e-06
N/A,TALON CAP CORP,G86652115,76000.0,7257,8.786871664536756e-06
UFI,UNIFI INC,904677200,76000.0,21091,8.786871664536756e-06
ACLX,ARCELLX INC,03940C100,75000.0,649,8.67125493210864e-06
BHR,BRAEMAR HOTELS & RESORTS INC,10482B101,75000.0,31673,8.67125493210864e-06
QSI,QUANTUM SI INC,74765K105,75000.0,96486,8.67125493210864e-06
LDI,LOANDEPOT INC,53946R106,75000.0,52286,8.67125493210864e-06
GPRO,GOPRO INC,38268T103,75000.0,96763,8.67125493210864e-06
APT,ALPHA PRO TECH LTD,020772109,72000.0,16000,8.324404734824296e-06
ALTG,ALTA EQUIPMENT GROUP INC,02128L106,72000.0,13363,8.324404734824296e-06
IBN,ICICI BANK LIMITED,45104G104,72000.0,2748,8.324404734824296e-06
BZAI,BLAIZE HLDGS INC,092915107,72000.0,39200,8.324404734824296e-06
HYPD,HYPERION DEFI INC,30234E203,71000.0,20500,8.208788002396179e-06
BTU,PEABODY ENGR CORP,704551100,70000.0,2111,8.093171269968065e-06
TTGT,TECHTARGET INC,87874R308,69000.0,17657,7.97755453753995e-06
HUMA,HUMACYTE INC,44486Q103,69000.0,112172,7.97755453753995e-06
SEER,SEER INC,81578P106,67000.0,39855,7.746321072683719e-06
RR,RICHTECH ROBOTICS INC,765504105,67000.0,31800,7.746321072683719e-06
LDE,LIFECORE BIOMEDICAL INC,514766104,66000.0,17680,7.630704340255604e-06
KIM,KIMCO REALTY CORP,49446R109,64000.0,2811,7.399470875399373e-06
RXT,RACKSPACE TECHNOLOGY INC,750102105,63000.0,63679,7.2838541429712585e-06
EMPD,EMPERY DIGITAL INC,92864V608,63000.0,14800,7.2838541429712585e-06
N/A,LIFEZONE METALS LIMITED,G5568L109,63000.0,18726,7.2838541429712585e-06
DOMH,DOMINARI HOLDINGS INC,008875304,63000.0,19200,7.2838541429712585e-06
Z,ZILLOW GROUP INC,98954M200,63000.0,1500,7.2838541429712585e-06
MAA,MID-AMER APT CMNTYS INC,59522J103,62000.0,500,7.168237410543143e-06
NVS,NOVARTIS AG,66987V109,62000.0,401,7.168237410543143e-06
SLQT,SELECTQUOTE INC,816307300,62000.0,97283,7.168237410543143e-06
NKTX,NKARTA INC,65487U108,62000.0,28922,7.168237410543143e-06
KPTI,KARYOPHARM THERAPEUTICS INC,48576U205,61000.0,10886,7.052620678115027e-06
GETY,GETTY IMAGES HOLDINGS INC,374275105,61000.0,76853,7.052620678115027e-06
WY,WEYERHAEUSER CO,962166104,61000.0,2457,7.052620678115027e-06
LAW,CS DISCO INC,126327105,60000.0,15571,6.9370039456869124e-06
QVCGA,QVC GROUP INC,74915M605,60000.0,27629,6.9370039456869124e-06
TM,TOYOTA MOTOR CORP,892331307,60000.0,291,6.9370039456869124e-06
KLTR,KALTURA INC,483467106,59000.0,47957,6.821387213258798e-06
SEE,SEALED AIR CORP NEW,81211K100,59000.0,1400,6.821387213258798e-06
UDR,UDR INC,902653104,59000.0,1746,6.821387213258798e-06
SPAI,SAFE PRO GROUP INC,78642D101,59000.0,15400,6.821387213258798e-06
NGEN,NERVGEN PHARMA CORP,64082X203,59000.0,15504,6.821387213258798e-06
SKYX,SKYX PLATFORMS CORP,78471E105,58000.0,51195,6.7057704808306826e-06
RVSB,RIVERVIEW BANCORP INC,769397100,57000.0,10324,6.590153748402566e-06
SPWR,SUNPOWER INC,20460L104,57000.0,44520,6.590153748402566e-06
GME/WS,GAMESTOP CORP NEW,36467W117,56000.0,14285,6.474537015974452e-06
CURB,CURBLINE PPTYS CORP,23128Q101,55000.0,2110,6.358920283546337e-06
CFR,CULLEN FROST BANKERS INC,229899109,55000.0,400,6.358920283546337e-06
FF,FUTUREFUEL CORP,36116M106,55000.0,14047,6.358920283546337e-06
AMBQ,AMBIQ MICRO INC,023193105,54000.0,2100,6.243303551118221e-06
SPRU,SPRUCE POWER HOLDING CORP,9837FR209,54000.0,13130,6.243303551118221e-06
SAVA,FILANA THERAPEUTICS INC,14817C107,54000.0,31368,6.243303551118221e-06
STKS,THE ONE GROUP HOSPITALITY IN,88338K103,54000.0,30305,6.243303551118221e-06
SDST,STARDUST PWR INC,854936200,54000.0,22500,6.243303551118221e-06
STIM,NEURONETICS INC,64131A105,54000.0,36861,6.243303551118221e-06
F,FORD MTR CO,345370860,54000.0,4600,6.243303551118221e-06
DERM,JOURNEY MED CORP,48115J109,53000.0,11215,6.127686818690106e-06
BBVA,BANCO BILBAO VIZCAYA ARGENTA,05946K101,53000.0,2430,6.127686818690106e-06
FHI,FEDERATED HERMES INC,314211103,52000.0,900,6.012070086261991e-06
WYNN,WYNN RESORTS LTD,983134107,51000.0,500,5.896453353833876e-06
HAS,HASBRO INC,418056107,49000.0,520,5.665219888977645e-06
PNBK,PATRIOT NATL BANCORP INC,70336F203,49000.0,37489,5.665219888977645e-06
BNC,CEA INDUSTRIES INC,86887P309,47000.0,15900,5.433986424121415e-06
DFDV,DEFI DEVELOPMENT CORP,47100L301,46000.0,13900,5.3183696916933e-06
CLAR,CLARUS CORP NEW,18270P109,46000.0,16564,5.3183696916933e-06
GOSS,GOSSAMER BIO INC,38341P102,44000.0,132026,5.087136226837069e-06
OGS,ONE GAS INC,68235P108,44000.0,500,5.087136226837069e-06
ARQ,ARQ INC,00770C101,44000.0,16868,5.087136226837069e-06
RYAN,RYAN SPECIALTY HOLDINGS INC,78351F107,43000.0,1251,4.971519494408954e-06
VERU,VERU INC,92536C202,43000.0,19011,4.971519494408954e-06
LPSN,LIVEPERSON INC,538146309,43000.0,16600,4.971519494408954e-06
BRCC,BRC INC,05601U105,43000.0,54689,4.971519494408954e-06
AMX,AMERICA MOVIL SAB DE CV,02390A101,42000.0,1610,4.8559027619808384e-06
GBDC,GOLUB CAP BDC INC,38173M102,42000.0,3247,4.8559027619808384e-06
CABA,CABALETTA BIO INC,12674W109,40000.0,14700,4.6246692971246086e-06
PHUN,PHUNWARE INC,71948P209,40000.0,22072,4.6246692971246086e-06
BHP,BHP BILLITON LIMITED,088606108,40000.0,547,4.6246692971246086e-06
OHI,OMEGA HEALTHCARE INVS INC,681936100,40000.0,900,4.6246692971246086e-06
BXSL,BLACKSTONE SECD LENDING FD,09261X102,40000.0,1684,4.6246692971246086e-06
ARCC,ARES CAPITAL CORP,04010L103,40000.0,2170,4.6246692971246086e-06
MNTK,MONTAUK RENEWABLES INC,61218C103,39000.0,33876,4.509052564696493e-06
CG,CARLYLE GROUP INC,14316J108,39000.0,800,4.509052564696493e-06
HFFG,HF FOODS GROUP INC,40417F109,39000.0,20931,4.509052564696493e-06
J,JACOBS SOLUTIONS INC,46982L108,39000.0,300,4.509052564696493e-06
FCNCA,FIRST CTZNS BANCSHARES INC D,31946M103,38000.0,20,4.393435832268378e-06
RIVN,RIVIAN AUTOMOTIVE INC,76954A103,38000.0,2481,4.393435832268378e-06
TSLX,SIXTH STREET SPECIALTY LENDI,83012A109,37000.0,1997,4.2778190998402625e-06
MXCT,MAXCYTE INC,57777K106,37000.0,51537,4.2778190998402625e-06
SNY,SANOFI SA,80105N105,37000.0,759,4.2778190998402625e-06
FARM,FARMER BROS CO,307675108,37000.0,28843,4.2778190998402625e-06
ATYR,ATYR PHARMA INC,002120202,36000.0,46126,4.162202367412148e-06
CYN,CYNGN INC,23257B305,35000.0,20900,4.046585634984033e-06
ZVIA,ZEVIA PBC,98955K104,35000.0,29240,4.046585634984033e-06
TMCI,TREACE MED CONCEPTS INC,89455T109,35000.0,25627,4.046585634984033e-06
STSS,SHARPS TECHNOLOGY INC,82003F309,35000.0,20800,4.046585634984033e-06
SMR,NUSCALE PWR CORP,67079K100,34000.0,3100,3.930968902555917e-06
7HP,HP INC,40434L105,34000.0,1740,3.930968902555917e-06
NRDY,NERDY INC,64081V109,34000.0,40457,3.930968902555917e-06
FIS,FIDELITY NATL INFORMATION SV,31620M106,34000.0,711,3.930968902555917e-06
TUSK,MAMMOTH ENERGY SVCS INC,56155L108,33000.0,13385,3.815352170127802e-06
HEI/A,HEICO CORP NEW,422806208,33000.0,156,3.815352170127802e-06
SLG,SL GREEN RLTY CORP,78440X887,33000.0,878,3.815352170127802e-06
WU,WESTERN UN CO,959802109,33000.0,3732,3.815352170127802e-06
GAMB,GAMBLING COM GROUP LIMITED,G3R239101,33000.0,8278,3.815352170127802e-06
HAIN,HAIN CELESTIAL GROUP INC,405217100,33000.0,46439,3.815352170127802e-06
MAPS,WM TECHNOLOGY INC,92971A109,32000.0,47617,3.6997354376996865e-06
BARK,BARK INC,68622E203,32000.0,62028,3.6997354376996865e-06
CBSH,COMMERCE BANCSHARES INC,200525103,32000.0,640,3.6997354376996865e-06
LVWR,LIVEWIRE GROUP INC,53838J105,31000.0,18339,3.5841187052715716e-06
ZIP,ZIPRECRUITER INC,98980B103,31000.0,16720,3.5841187052715716e-06
FSP,FRANKLIN STR PPTYS CORP,35471R106,31000.0,45600,3.5841187052715716e-06
FFAI,FARADAY FUTURE INTLGT ELEC I,307359885,30000.0,108507,3.4685019728434562e-06
LFT,LUMENT FINANCE TRUST INC,55025L108,30000.0,23084,3.4685019728434562e-06
DCGO,DOCGO INC,256086109,30000.0,46937,3.4685019728434562e-06
SAP,SAP SE,803054204,29000.0,165,3.3528852404153413e-06
HSDT,SOLANA CO,42328V876,28000.0,15700,3.237268507987226e-06
BABA 0.5 06/01/31,ALIBABA GROUP HLDG LTD,01609WBG6,28000.0,20000,3.237268507987226e-06
WVVI,WILLAMETTE VALLEY VINEYARDS,969136100,28000.0,10850,3.237268507987226e-06
AIRJ,AIRJOULE TECHNOLOGIES CORP,612160101,28000.0,10871,3.237268507987226e-06
OPAL,OPAL FUELS INC,68347P103,28000.0,10821,3.237268507987226e-06
EXFY,EXPENSIFY INC,30219Q106,27000.0,30121,3.1216517755591106e-06
SRFM,SURF AIR MOBILITY INC,868927203,27000.0,22900,3.1216517755591106e-06
UVV,UNIVERSAL CORP VA MTNS BK EN,913456109,27000.0,508,3.1216517755591106e-06
NPWR,NET POWER INC,64107A105,27000.0,17028,3.1216517755591106e-06
LUNG,PULMONX CORP,745848101,26000.0,19884,3.0060350431309956e-06
MERC,MERCER INTL INC,588056101,26000.0,17659,3.0060350431309956e-06
HDB,HDFC BANK LTD,40415F101,26000.0,1030,3.0060350431309956e-06
PROP,PRAIRIE OPER CO,739650109,26000.0,12524,3.0060350431309956e-06
BEEM,BEAM GLOBAL,07373B109,25000.0,16988,2.8904183107028802e-06
KOPN,KOPIN CORP,500600101,25000.0,11000,2.8904183107028802e-06
DH,DEFINITIVE HEALTHCARE CORP,24477E103,24000.0,18961,2.774801578274765e-06
HURA,TUHURA BIOSCIENCES INC,898920103,24000.0,13128,2.774801578274765e-06
AISP,AIRSHIP AI HLDGS INC,008940108,23000.0,10109,2.65918484584665e-06
LH,LABCORP HOLDINGS INC,504922105,23000.0,83,2.65918484584665e-06
WBD,WARNER BROS DISCOVERY INC,934423104,23000.0,819,2.65918484584665e-06
DECK,DECKERS OUTDOOR CORP,243537107,22000.0,210,2.5435681134185346e-06
TEAM,ATLASSIAN CORPORATION,049468101,22000.0,317,2.5435681134185346e-06
TNYA,TENAYA THERAPEUTICS INC,87990A106,22000.0,31453,2.5435681134185346e-06
BTMD,BIOTE CORP,090683103,21000.0,14822,2.4279513809904192e-06
WALD,WALDENCAST PLC,G9503X103,21000.0,21225,2.4279513809904192e-06
DIOD,DIODES INC,254543101,21000.0,300,2.4279513809904192e-06
UPXI,UPEXI INC,39959A205,21000.0,20500,2.4279513809904192e-06
MYPS,PLAYSTUDIOS INC,72815G108,21000.0,43802,2.4279513809904192e-06
CURV,TORRID HLDGS INC,89142B107,21000.0,11418,2.4279513809904192e-06
MBC,MASTERBRAND INC,57638P104,20000.0,2400,2.3123346485623043e-06
ARAY,ACCURAY INC DEL,004397105,20000.0,50833,2.3123346485623043e-06
DARE,DARE BIOSCIENCE INC,23666P200,19000.0,10222,2.196717916134189e-06
CENX,CENTURY ALUM CO,156431108,18000.0,300,2.081101183706074e-06
UPLD,UPLAND SOFTWARE INC,91544A109,16000.0,23520,1.8498677188498433e-06
HAL,HALLIBURTON CO,406216101,16000.0,400,1.8498677188498433e-06
POST 2.5 08/15/27,POST HLDGS INC,737446AT1,15000.0,13340,1.7342509864217281e-06
KGC,KINROSS GOLD CORP,496902404,15000.0,476,1.7342509864217281e-06
SLVM,SYLVAMO CORP,871332102,14000.0,317,1.618634253993613e-06
TEAD,TEADS HLDG CO,69002R103,13000.0,19620,1.5030175215654978e-06
MYO,MYOMO INC,62857J201,12000.0,16564,1.3874007891373824e-06
CINF,CINCINNATI FINL CORP,172062101,12000.0,70,1.3874007891373824e-06
TEVA,TEVA PHARMACEUTICAL INDS LTD,881624209,10000.0,318,1.1561673242811521e-06
NUKK,T3 DEFENSE INC,67054R203,10000.0,13900,1.1561673242811521e-06
VFC,V F CORP,918204108,9000.0,519,1.040550591853037e-06
LGND,LIGAND PHARMACEUTICALS INC,53220K504,8000.0,37,9.249338594249216e-07
SAFX,XCF GLOBAL INC,98400U103,7000.0,18875,8.093171269968065e-07
SAIL,SAILPOINT INC,78781J109,7000.0,500,8.093171269968065e-07
NATH,NATHANS FAMOUS INC,632347100,6000.0,50,6.937003945686912e-07
DUOL,DUOLINGO INC,26603R106,5000.0,43,5.780836621405761e-07
ALB,ALBEMARLE CORP,012653101,5000.0,26,5.780836621405761e-07
PIPR,PIPER SANDLER COMPANIES,724078209,4000.0,50,4.624669297124608e-07
ERJ,EMBRAER S.A.,29082A107,4000.0,51,4.624669297124608e-07
QS,QUANTUMSCAPE CORP,74767V109,4000.0,500,4.624669297124608e-07
WH,WYNDHAM HOTELS & RESORTS INC,98311A105,3000.0,35,3.468501972843456e-07
N/A,NEBIUS GROUP N.V.,N97284108,3000.0,27,3.468501972843456e-07
OGN,ORGANON & CO,68622V106,3000.0,394,3.468501972843456e-07
BMRN,BIOMARIN PHARMACEUTICAL INC,09061G101,3000.0,39,3.468501972843456e-07
CUCA,AVIS BUDGET GROUP INC,053774105,3000.0,17,3.468501972843456e-07
CCEP,COCA-COLA EUROPACIFIC PARTNE,G25839104,3000.0,24,3.468501972843456e-07
NSZ,NETSCOUT SYS INC,64115T104,2000.0,61,2.312334648562304e-07
AIN,ALBANY INTL CORP,012348108,2000.0,22,2.312334648562304e-07
ROG,ROGERS CORP,775133101,2000.0,14,2.312334648562304e-07
KBR,KBR INC,48242W106,2000.0,32,2.312334648562304e-07
ANDE,ANDERSONS INC,034164103,2000.0,24,2.312334648562304e-07
TCOM,TRIP COM GROUP LTD,89677Q107,2000.0,38,2.312334648562304e-07
WGSWW,GENEDX HOLDINGS CORP,81663L119,2000.0,243780,2.312334648562304e-07
QRVO,QORVO INC,74736K101,2000.0,20,2.312334648562304e-07
ATAT,ATOUR LIFESTYLE HLDGS LTD,04965M106,2000.0,31,2.312334648562304e-07
ADT,ADT INC DEL,00090Q103,2000.0,172,2.312334648562304e-07
KD,KYNDRYL HLDGS INC,50155Q100,2000.0,141,2.312334648562304e-07
CVE,CENOVUS ENERGY INC,15135U109,2000.0,60,2.312334648562304e-07
REZI,RESIDEO TECHNOLOGIES INC,76118Y104,2000.0,40,2.312334648562304e-07
BEKE,KE HOLDINGS INC-ADR,482497104,2000.0,87,2.312334648562304e-07
NSSC,NAPCO SEC TECHNOLOGIES INC,630402105,2000.0,37,2.312334648562304e-07
IRDM,IRIDIUM COMMUNICATIONS INC,46269C102,2000.0,65,2.312334648562304e-07
LDOS,LEIDOS HOLDINGS INC,525327102,2000.0,10,2.312334648562304e-07
SRZNW,SURROZEN INC,86889P117,1000.0,41666,1.156167324281152e-07
VKTX,VIKING THERAPEUTICS INC,92686J106,1000.0,24,1.156167324281152e-07
GSAT,GLOBALSTAR INC,378973507,1000.0,10,1.156167324281152e-07
OABI,OMNIAB INC,68218J103,1000.0,181,1.156167324281152e-07
LENZ,LENZ THERAPEUTICS INC,52635N103,1000.0,21,1.156167324281152e-07
PD,PAGERDUTY INC,69553P100,1000.0,53,1.156167324281152e-07
BAM,BROOKFIELD ASSET MANAGMT LTD,113004105,1000.0,11,1.156167324281152e-07
DXC,DXC TECHNOLOGY CO,23355L106,1000.0,4,1.156167324281152e-07
IQ,IQIYI INC,46267X108,1000.0,332,1.156167324281152e-07
N/A,JAMES HARDIE INDS PLC,G4253H101,1000.0,35,1.156167324281152e-07
TFLR,T ROWE PRICE ETF INC,87283Q883,1000.0,5,1.156167324281152e-07
GRAL,GRAIL INC,384747101,1000.0,11,1.156167324281152e-07
MORN,MORNINGSTAR INC,617700109,1000.0,4,1.156167324281152e-07
AMTM,AMENTUM HOLDINGS INC,023939101,1000.0,18,1.156167324281152e-07
XYZ 0 05/01/26,BLOCK INC,852234AJ2,0.0,57465000,0.0
HTHT 3 05/01/26,H WORLD GROUP LTD,44332NAB2,0.0,943000,0.0
