ticker,nameOfIssuer,cusip,value,shares,allocation_percent
IVV,ISHARES TR,464287200,2120124640000.0,2831023,4.326277161708344
NVDA,NVIDIA CORPORATION,67066G104,906028180000.0,4528103,1.8488200877653005
AAPL,APPLE INC,037833100,890556154000.0,3077675,1.8172482304007458
QQQ,INVESCO QQQ TR,46090E103,667581805000.0,906548,1.3622519459721638
VEA,VANGUARD TAX-MANAGED FDS,921943858,652015592000.0,9151096,1.3304878928001824
DYNF,BLACKROCK ETF TRUST,09290C103,621012038000.0,9131187,1.267222759670089
MSFT,MICROSOFT CORP,594918104,609993243000.0,1635283,1.2447380621864326
VOO,VANGUARD INDEX FDS,922908363,586030819000.0,853265,1.1958408956074091
AMZN,AMAZON COM INC,023135106,576958735000.0,2420738,1.1773286114342016
IVW,ISHARES TR,464287309,547802201000.0,3983147,1.1178324644724018
GOOGL,ALPHABET INC,02079K305,542168428000.0,1517107,1.1063363179703032
IUSB,ISHARES TR,46434V613,526376404000.0,11405773,1.074111480109662
SPY,STATE STR SPDR S&P 500 ETF T,78462F103,515191440000.0,689893,1.0512877020190825
IEMG,ISHARES INC,46434G103,495923874000.0,5986527,1.0119707537723472
IEFA,ISHARES TR,46432F842,447677330000.0,4635301,0.913519975218801
VUG,VANGUARD INDEX FDS,922908736,399898915000.0,4642430,0.8160244498438763
IVE,ISHARES TR,464287408,384899795000.0,1695146,0.7854175934933351
SCHG,SCHWAB STRATEGIC TR,808524300,366872387000.0,10841383,0.7486312828945402
BDYN,BLACKROCK ETF TRUST,09290C723,345718348000.0,12462810,0.7054648416028679
BAI,BLACKROCK ETF TRUST,09290C780,324795658000.0,6160767,0.6627704857141955
FELG,FIDELITY COVINGTON TRUST,31609A305,314787637000.0,7195146,0.6423483502088992
META,META PLATFORMS INC,30303M102,312834926000.0,555371,0.6383636934376271
JPM,JPMORGAN CHASE & CO,46625H100,311245642000.0,950862,0.6351206373724572
VTV,VANGUARD INDEX FDS,922908744,309653376000.0,1420885,0.6318714963072579
AVGO,BROADCOM INC,11135F101,308477360000.0,816618,0.6294717453366717
MTUM,ISHARES TR,46432F396,284619344000.0,830205,0.5807876313005875
GOOG,ALPHABET INC,02079K107,270609918000.0,765884,0.5522003215693807
SPLG,SPDR SERIES TRUST,78464A854,269678671000.0,3068715,0.5503000405425024
IJH,ISHARES TR,464287507,265584988000.0,3444235,0.5419465659702839
MUB,ISHARES TR,464288414,257414450000.0,2391883,0.5252739556523027
DGRO,ISHARES TR,46434V621,254943160000.0,3363810,0.5202310986026539
CGDV,CAPITAL GROUP DIVIDEND VALUE,14020W106,250272589000.0,5078583,0.5107004397592015
BND,VANGUARD BD INDEX FDS,921937835,247869432000.0,3376508,0.5057966133289311
EFG,ISHARES TR,464288885,241515019000.0,1941127,0.49282994555888787
IWF,ISHARES TR,464287614,240196297000.0,1934415,0.49013899203492783
QUAL,ISHARES TR,46432F339,219198256000.0,998944,0.4472908766435067
SCHD,SCHWAB STRATEGIC TR,808524797,214043041000.0,6750017,0.43677126449551695
TSM,TAIWAN SEMICONDUCTOR MANUFAC,874039100,213554522000.0,447169,0.43577440395586464
LLY,ELI LILLY & CO,532457108,211695266000.0,176497,0.43198044928979873
AVEM,AMERICAN CENTY ETF TR,025072604,210612311000.0,2182737,0.42977059643715804
VWO,VANGUARD INTL EQUITY INDEX F,922042858,206282940000.0,3455905,0.4209361823991879
IJR,ISHARES TR,464287804,202605495000.0,1366095,0.41343207343466093
XLK,SELECT SECTOR SPDR TR,81369Y803,201355871000.0,1056875,0.4108821196866951
EFV,ISHARES TR,464288877,200186297000.0,2615105,0.4084955141118795
QQQM,INVESCO EXCH TRADED FD TR II,46138G649,199470505000.0,658384,0.4070348855602801
CGGR,CAPITAL GROUP GROWTH ETF,14020G101,197264590000.0,4179335,0.40253354657995966
VTI,VANGUARD INDEX FDS,922908769,195779917000.0,529078,0.39950395729481974
BDVL,BLACKROCK ETF TRUST,09290C715,192337964000.0,7403309,0.392480387842991
JEPI,J P MORGAN EXCHANGE TRADED F,46641Q332,187528595000.0,3320265,0.3826665010203143
SMH,VANECK ETF TRUST,92189F676,185400300000.0,282670,0.37832355161151066
XLF,SELECT SECTOR SPDR TR,81369Y605,185125019000.0,3453181,0.377761819588363
GOVT,ISHARES TR,46429B267,182153302000.0,7996194,0.3716978028104813
SPHQ,INVESCO EXCHANGE TRADED FD T,46137V241,177389733000.0,1968809,0.36197737440542216
TSLA,TESLA INC,88160R101,175412461000.0,417053,0.35794259902727016
BLCR,BLACKROCK ETF TRUST,09290C855,173780756000.0,3450085,0.3546129796535029
BRK/B,BERKSHIRE HATHAWAY INC DEL,084670702,172184820000.0,344101,0.3513563496714335
MBB,ISHARES TR,464288588,167254376000.0,1769513,0.34129540001222763
SPDW,SPDR INDEX SHS FDS,78463X889,166740084000.0,3308992,0.34024594768660904
JIRE,J P MORGAN EXCHANGE TRADED F,46641Q134,165005911000.0,2000314,0.3367072344889023
CGUS,CAPITAL GROUP CORE EQUITY ET,14020V108,162760762000.0,3659190,0.33212583551825864
V,VISA INC,92826C839,162757862000.0,474388,0.33211991784552736
MU,MICRON TECHNOLOGY INC,595112103,159891828000.0,138520,0.3262715553460096
THRO,BLACKROCK ETF TRUST,09290C806,159734524000.0,3705278,0.3259505644524528
ABBV,ABBVIE INC,00287Y109,159106106000.0,632277,0.32466822925851513
SPYG,SPDR SERIES TRUST,78464A409,158767391000.0,1334292,0.32397705528639054
AGG,ISHARES TR,464287226,154764941000.0,1563598,0.31580974865772005
CGGO,CAPITAL GROUP GBL GROWTH EQT,14020X104,148603051000.0,3510585,0.3032359388556893
AMD,ADVANCED MICRO DEVICES INC,007903107,143151564000.0,246426,0.29211176093686186
CAT,CATERPILLAR INC,149123101,142836699000.0,134132,0.29146925472150964
WMT,WALMART INC,931142103,141720300000.0,1251283,0.2891911568182402
CORO,BLACKROCK ETF TRUST,09290C764,141152858000.0,3856635,0.2880332478354956
IDEF,BLACKROCK ETF TRUST,09290C699,141039458000.0,4437994,0.28780184642593615
AMAT,APPLIED MATLS INC,038222105,140676521000.0,194573,0.28706124560246804
GLD,SPDR GOLD TR,78463V107,139080022000.0,377545,0.28380346677565804
VB,VANGUARD INDEX FDS,922908751,137799089000.0,454602,0.28118962460853975
VIG,VANGUARD SPECIALIZED FUNDS,921908844,137634084000.0,581667,0.28085291923301625
BUFR,FIRST TR EXCHNG TRADED FD VI,33740F755,137602667000.0,3766840,0.28078881043156895
VBK,VANGUARD INDEX FDS,922908595,136446030000.0,373109,0.2784286037988651
RDVY,FIRST TR EXCHANGE TRADED FD,33738R506,136032004000.0,1678164,0.27758375194706386
COST,COSTCO WHOLESALE CORPORATION,22160K105,131482258000.0,140552,0.2682996457959397
LQD,ISHARES TR,464287242,130819700000.0,1199410,0.2669476453099177
RSP,INVESCO EXCHANGE TRADED FD T,46137V357,130632600000.0,613962,0.2665658533899127
XLI,SELECT SECTOR SPDR TR,81369Y704,127768282000.0,689782,0.2607209925201903
CSCO,CISCO SYS INC,17275R102,126706928000.0,1078724,0.25855521816709015
VO,VANGUARD INDEX FDS,922908629,126571021000.0,1570945,0.25827788949540587
ASML,ASML HLDG NV,N07059210,125138282000.0,62901,0.25535427552599843
SOXX,ISHARES TR,464287523,122544731000.0,191249,0.250061935515731
BINC,BLACKROCK ETF TRUST II,092528603,122317446000.0,2336978,0.24959814301686226
PM,PHILIP MORRIS INTL INC,718172109,119976360000.0,663183,0.2448209772293852
TLH,ISHARES TR,464288653,119679398000.0,1192620,0.24421500346055278
IWY,ISHARES TR,464289438,119199790000.0,410157,0.24323632650079977
VGT,VANGUARD WORLD FD,92204A702,114389897000.0,957077,0.2334213704158779
XOM,EXXON MOBIL CORP,30231G102,113842776000.0,832671,0.23230492799436486
HD,HOME DEPOT INC,437076102,112760847000.0,319726,0.2300971687735249
FBND,FIDELITY MERRIMACK STR TR,316188309,111862689000.0,2459061,0.22826440839250994
DWD,MORGAN STANLEY,617446448,106753068000.0,510682,0.21783783430331616
SPMO,INVESCO EXCH TRADED FD TR II,46138E339,106529942000.0,659465,0.2173825285633747
JNJ,JOHNSON & JOHNSON,478160104,103749610000.0,408511,0.21170904757710263
XLE,SELECT SECTOR SPDR TR,81369Y506,103730055000.0,1953117,0.21166914409770282
NFLX,NETFLIX INC.,64110L106,103624177000.0,1451319,0.21145309190686215
IGSB,ISHARES TR,464288646,101910439000.0,1944485,0.2079560778961426
JEPQ,J P MORGAN EXCHANGE TRADED F,46654Q203,101331585000.0,1648740,0.2067748818509122
VV,VANGUARD INDEX FDS,922908637,100984806000.0,293637,0.20606725266744114
IALT,BLACKROCK ETF TRUST,09290C665,100506341000.0,3583114,0.20509090808697497
SPHY,SPDR SERIES TRUST,78468R606,99623463000.0,4250148,0.2032893277195232
BNDX,VANGUARD CHARLOTTE FDS,92203J407,99396902000.0,2052383,0.20282701259826044
VYM,VANGUARD WHITEHALL FDS,921946406,99148845000.0,627405,0.20232083323802158
RTX,RTX CORPORATION,75513E101,98253411000.0,517859,0.20049363138822032
ITA*,ISHARES TR,464288760,97890921000.0,403807,0.19975394270258362
GS,GOLDMAN SACHS GROUP INC,38141G104,95660226000.0,94585,0.19520203822906312
MTBA,SIMPLIFY EXCHANGE TRADED FUN,82889N525,95096580000.0,1937978,0.19405187527586606
COWZ,PACER FDS TR,69374H881,93763143000.0,1507446,0.19133089466423706
BFLX,BLACKROCK ETF TRUST,09290C590,92881252000.0,3625611,0.18953132834609074
SCHF,SCHWAB STRATEGIC TR,808524805,92549367000.0,3341132,0.1888540915135366
CVX,CHEVRON CORPORATION,166764100,92178579000.0,556097,0.18809747012158132
SPYV,SPDR SERIES TRUST,78464A508,90358873000.0,1486410,0.1843842202681087
MA,MASTERCARD INCORPORATED,57636Q104,89830140000.0,174903,0.18330529997286535
IAU,ISHARES GOLD TR,464285204,89572856000.0,1186238,0.1827802922104571
PANW,PALO ALTO NETWORKS INC,697435105,88570987000.0,259724,0.18073590156853542
PG,PROCTER & GAMBLE CO,742718109,84663372000.0,577355,0.17276211304106048
ITOT,ISHARES TR,464287150,82140117000.0,500031,0.16761321741779828
VXUS,VANGUARD STAR FDS,921909768,81407479000.0,952246,0.16611821330936072
VEU,VANGUARD INTL EQUITY INDEX F,922042775,80935348000.0,966392,0.1651547937423703
JBND,J P MORGAN EXCHANGE TRADED F,46654Q716,80395999000.0,1502729,0.16405421068377699
EFA,ISHARES TR,464287465,80115207000.0,771228,0.16348123304186327
BAC,VERIZON COMMUNICATIONS INC,92343V104,78680186000.0,1858294,0.1605529624761894
XMMO,INVESCO EXCHANGE TRADED FD T,46137V464,78296887000.0,460191,0.1597708114278408
FBCG,FIDELITY COVINGTON TRUST,316092352,77851830000.0,1253451,0.15886263843723852
LMUB,ISHARES TR,46438G448,77720904000.0,1517394,0.15859547387861433
AMGN,AMGEN INC,031162100,76796410000.0,212074,0.1567089728668925
ETN,EATON CORP PLC,G29183103,76573913000.0,179700,0.15625495064976067
PLTR,PALANTIR TECHNOLOGIES INC,69608A108,76476274000.0,655492,0.1560557107712071
SGOV,ISHARES TR,46436E718,76268288000.0,757607,0.15563129936407633
BSV,VANGUARD BD INDEX FDS,921937827,75623933000.0,970658,0.15431644349761528
CGDG,CAPITAL GROUP DIVIDEND GROWE,14021L109,75337777000.0,2008472,0.15373252020172556
GGOV,BLACKROCK ETF TRUST II,092528835,74417798000.0,1479773,0.15185523239427323
GE,GE AEROSPACE,369604301,73787925000.0,197436,0.15056992816108591
IWD,ISHARES TR,464287598,73756850000.0,304240,0.1505065172369055
IEF,ISHARES TR,464287440,72953775000.0,771426,0.14886778102013337
IYW,ISHARES TR,464287721,72709795000.0,288268,0.14836992109152392
SDVY,FIRST TR EXCHANGE TRADED FD,33741X102,72621802000.0,1683398,0.1481903646168205
CGCP,CAPITAL GRP FIXED INCM ETF T,14020Y102,69635635000.0,3124075,0.1420968615041228
JIVE,J P MORGAN EXCHANGE TRADED F,46654Q757,69121221000.0,751691,0.1410471602281341
IWM,ISHARES TR,464287655,68293439000.0,227304,0.13935800748026866
CGMU,CAPITAL GRP FIXED INCM ETF T,14020Y201,68102162000.0,2479147,0.13896769207095383
INTC,INTEL CORP,458140100,66560448000.0,476692,0.13582170624434411
NEE,NEXTERA ENERGY INC,65339F101,66359119000.0,756057,0.13541087895699672
CGGE,CAPITAL GROUP GLOBAL EQUITY,14020R107,65758393000.0,1866016,0.13418505141591194
JCPB,J P MORGAN EXCHANGE TRADED F,46641Q670,64659820000.0,1377499,0.1319433288347483
IGV,ISHARES TR,464287515,64327265000.0,710014,0.1312647248157356
BLK,BLACKROCK INC,09290D101,64010546000.0,66569,0.13061843537098902
LRCX,LAM RESEARCH CORP,512807306,63866087000.0,147384,0.13032365568647802
IBM,INTERNATIONAL BUSINESS MACHS,459200101,63563070000.0,226034,0.12970532622509814
SHY,ISHARES TR,464287457,63543722000.0,773885,0.12966584514509677
UNH,UNITEDHEALTH GROUP INC,91324P102,63524786000.0,152840,0.1296272047827386
PLD,PROLOGIS INC.,74340W103,63393244000.0,467950,0.12935878322880323
SDY,SPDR SERIES TRUST,78464A763,63080977000.0,414516,0.12872157843198753
VLUE,ISHARES TR,46432F388,60341431000.0,301994,0.12313132441123832
KO,COCA COLA CO,191216100,60307963000.0,742069,0.12306303038676623
DUK,DUKE ENERGY CORP NEW,26441C204,59267474000.0,468221,0.12093983266867887
UNP,UNION PAC CORP,907818108,58130406000.0,213715,0.11861955808345007
FESM,FIDELITY COVINGTON TRUST,31609A206,57696949000.0,1194801,0.11773505578377272
SCHW,SCHWAB CHARLES CORP,808513105,57359233000.0,621646,0.11704592034787518
GEV,GE VERNOVA INC,36828A101,57192531000.0,48680,0.11670575211351558
MRK,MERCK & CO INC,58933Y105,57070548000.0,444129,0.11645683643324847
IEUR,ISHARES TR,46434V738,56967078000.0,757843,0.11624569795135149
TXN,TEXAS INSTRS INC,882508104,56921217000.0,190966,0.11615211505854899
JPST,J P MORGAN EXCHANGE TRADED F,46641Q837,56898450000.0,1125142,0.11610565724645514
IQLT,ISHARES TR,46434V456,56600257000.0,1142286,0.11549717152757719
BSCQ,INVESCO EXCH TRD SLF IDX FD,46138J791,56326260000.0,2884828,0.11493805960504577
UBER,UBER TECHNOLOGIES INC,90353T100,56324764000.0,780554,0.11493500690214717
GRID,FIRST TR EXCHANGE-TRADED FD,33737A108,55775789000.0,290878,0.11381478125123975
DELL,DELL TECHNOLOGIES INC,24703L202,55620221000.0,128912,0.11349733279901451
VT,VANGUARD INTL EQUITY INDEX F,922042742,55448427000.0,353287,0.11314677394756957
PULS,PGIM ETF TR,69344A107,55173228000.0,1113486,0.11258520925171989
IXUS,ISHARES TR,46432F834,55057528000.0,576881,0.11234911451551152
BIV,VANGUARD BD INDEX FDS,921937819,54824935000.0,714797,0.11187449063496777
VOT,VANGUARD INDEX FDS,922908538,54755415000.0,178764,0.11173262973556237
XLG,INVESCO EXCHANGE TRADED FD T,46137V233,54357684000.0,887762,0.11092102908278026
BIL,SPDR SERIES TRUST,78468R663,53962777000.0,588856,0.1101151910188923
PH,PARKER-HANNIFIN CORP,701094104,53646129000.0,54846,0.1094690464550988
HYG,ISHARES TR,464288513,53621215000.0,670517,0.10941820752460707
CGCB,CAPITAL GRP FIXED INCM ETF T,14020Y508,53456746000.0,2041893,0.1090825958982505
CGXU,CAPITAL GROUP INTL FOCUS EQT,14019W109,52729178000.0,1523084,0.10759793751420861
SPEM,SPDR INDEX SHS FDS,78463X509,51887093000.0,1002068,0.10587959839631733
CGBL,CAPITAL GROUP CORE BALANCED,14021D107,51157445000.0,1347667,0.10439069561252337
BAC,BANK OF AMER CORP,060505104,51033444000.0,895638,0.10413766204826604
VTEB,VANGUARD MUN BD FDS,922907746,50970981000.0,1007730,0.10401020149936559
SNA,SNAP ON INC,833034101,50961509000.0,126644,0.10399087315587927
AVUS,AMERICAN CENTY ETF TR,025072885,50820345000.0,396786,0.10370281717193702
ANET,ARISTA NETWORKS INC,040413205,50405867000.0,296715,0.10285704297942043
PAVE,GLOBAL X FDS,37954Y673,49746901000.0,844313,0.10151237224527798
USB,US BANCORP,902973304,49732151000.0,823380,0.10148227373742082
WDC,WESTERN DIGITAL CORP,958102105,49663276000.0,77754,0.10134172901005391
JPEF,J P MORGAN EXCHANGE TRADED F,46654Q781,49615647000.0,617646,0.10124453837746213
VOE,VANGUARD INDEX FDS,922908512,49162468000.0,248798,0.10031979182205876
CGMS,CAPITAL GRP FIXED INCM ETF T,14020Y300,48998474000.0,1792846,0.09998514946968405
REVS,COLUMBIA ETF TR I,19761L805,48869834000.0,1554384,0.09972264966963353
WFC,WELLS FARGO & CO,949746101,48869712000.0,591357,0.09972240071926346
STX,SEAGATE TECHNOLOGY HLDNGS PL,G7997R103,48409173000.0,50165,0.09878263551858356
IYJ,ISHARES TR,464287754,48217544000.0,289334,0.09839160182623374
IAI,ISHARES TR,464288794,48080405000.0,274228,0.09811175916392711
PVAL,PUTNAM ETF TRUST,746729300,47774891000.0,937682,0.09748833438226796
SLV,ISHARES SILVER TR,46428Q109,47700877000.0,892105,0.09733730313070595
KLAC,KLA CORP,482480100,47496822000.0,157425,0.09692091323099118
IDGT,ISHARES TR,464287531,47489004000.0,396601,0.09690496000153849
HDV,ISHARES TR,46429B663,47191871000.0,1721703,0.09629863729407262
C,CITIGROUP INC,172967424,47044870000.0,336131,0.09599867046332616
SPYI,NEOS ETF TRUST,78433H303,46870444000.0,882849,0.09564274081373342
DFAC,DIMENSIONAL ETF TRUST,25434V708,46773746000.0,1054413,0.09544542111795229
LMT,LOCKHEED MARTIN CORP,539830109,46333577000.0,90946,0.09454722246676733
AXP,AMERICAN EXPRESS CO,025816109,45790372000.0,135374,0.09343877094401827
AIRR,FIRST TR EXCHANGE TRADED FD,33738R704,45790050000.0,343640,0.09343811387828743
QCOM,QUALCOMM INC,747525103,45611717000.0,246830,0.09307421169512195
VBR,VANGUARD INDEX FDS,922908611,45458520000.0,187080,0.09276160145049868
FDVV,FIDELITY COVINGTON TRUST,316092840,45456508000.0,753964,0.09275749580996927
BKNG,BOOKING HOLDINGS INC,09857L108,45163331000.0,253385,0.09215924562433954
ABT,ABBOTT LABORATORIES,002824100,45122784000.0,497276,0.0920765063566728
SCHO,SCHWAB STRATEGIC TR,808524862,44661817000.0,1850117,0.09113586778912086
XLU,SELECT SECTOR SPDR TR,81369Y886,44641830000.0,984601,0.0910950827805418
MGK,VANGUARD WORLD FD,921910816,44439812000.0,505515,0.09068284953577654
MCD,MCDONALDS CORP,580135101,44384959000.0,164200,0.09057091777635357
MINT,PIMCO ETF TR,72201R833,44356489000.0,440001,0.09051282255474724
FMDE,FIDELITY COVINGTON TRUST,31609A503,43954072000.0,1083146,0.08969165975906217
DFUS,DIMENSIONAL ETF TRUST,25434V401,43936921000.0,536208,0.08965666182629892
FENI,FIDELITY COVINGTON TRUST,31609A404,43895319000.0,1093828,0.0895717697501041
T,AT&T INC,00206R102,43847099000.0,2118217,0.08947337313662122
CGMM,CAPITAL GROUP EQUITY ETF TR,14022A102,43715737000.0,1325925,0.08920531888651057
BK,BANK OF NY MELLON CORP,064058100,43669255000.0,301979,0.08911046879551283
DIS,DISNEY WALT CO,254687106,43656332000.0,453572,0.08908409842147635
ORCL,ORACLE CORP,68389X105,43317891000.0,295584,0.08839348356739603
EMXC,ISHARES INC,46434G764,43028582000.0,420612,0.08780312633284368
BSCR,INVESCO EXCH TRD SLF IDX FD,46138J783,42933318000.0,2188800,0.0876087328241993
VUSB,VANGUARD BD INDEX FDS,92203C303,42674631000.0,857265,0.08708086213253523
APUE,TRUST FOR PROFESSIONAL MANAG,89834G729,42589805000.0,921857,0.08690776816456972
USMV,ISHARES TR,46429B697,42493693000.0,440532,0.08671164424679564
IDMO,INVESCO EXCH TRADED FD TR II,46138E222,42455730000.0,704192,0.08663417782959014
APH,AMPHENOL CORP,032095101,42353187000.0,240206,0.08642493096239036
QLC,FLEXSHARES TR,33939L746,42002454000.0,467369,0.08570923333823678
CRM,SALESFORCE INC,79466L302,41940164000.0,267715,0.0855821258091234
MO,ALTRIA GROUP INC,02209S103,41886814000.0,582166,0.08547326103663666
PAYX,PAYCHEX INC,704326107,41675627000.0,423834,0.08504231774315665
TBIL,RBB FD INC,74933W452,41485800000.0,832046,0.08465496117020742
SCHV,SCHWAB STRATEGIC TR,808524409,41288177000.0,1186101,0.08425169626049518
IWB,ISHARES TR,464287622,41256603000.0,100749,0.08418726708848964
SO,SOUTHERN CO,842587107,41122573000.0,429658,0.08391376857946624
IYZ,ISHARES TR,464287713,40741733000.0,962934,0.08313663530947839
SHV,ISHARES TR,464288679,40619918000.0,368101,0.08288806244611434
VONV,VANGUARD SCOTTSDALE FDS,92206C714,40501060000.0,380971,0.08264552356835932
VCSH,VANGUARD SCOTTSDALE FDS,92206C409,40233127000.0,509087,0.08209878570356662
MRVL,MARVELL TECHNOLOGY INC,573874104,40171117000.0,134852,0.08197224953595832
SCHR,SCHWAB STRATEGIC TR,808524854,40098956000.0,1626073,0.08182499947321387
NVS,NOVARTIS AG,66987V109,40084247000.0,255770,0.08179498462900567
IWR,ISHARES TR,464287499,39667353000.0,359566,0.08094428040293092
CRWD,CROWDSTRIKE HLDGS INC,22788C105,39658740000.0,51968,0.08092670491491913
VONG,VANGUARD SCOTTSDALE FDS,92206C680,39484809000.0,308934,0.08057178535084432
COF,CAPITAL ONE FINL CORP,14040H105,39373865000.0,196261,0.08034539559791518
TJX,TJX COS INC NEW,872540109,38809107000.0,256166,0.0791929635233122
ADI,ANALOG DEVICES INC,032654105,38805873000.0,97706,0.07918636429792847
JAAA,JANUS DETROIT STR TR,47103U845,38496192000.0,762452,0.07855443643272758
SBUX,STARBUCKS CORP,855244109,38422369000.0,375990,0.0784037949313351
WEC,WEC ENERGY GROUP INC,92939U106,38386767000.0,328738,0.07833114631596352
AVUV,AMERICAN CENTY ETF TR,025072877,38266869000.0,306724,0.0780864852383325
PNC,PNC FINL SVCS GROUP INC,693475105,38154745000.0,154962,0.0778576876047748
CME,CME GROUP INC,12572Q105,38039376000.0,172256,0.07762226829948851
DFAI,DIMENSIONAL ETF TRUST,25434V203,37942308000.0,919814,0.07742419359028994
MDT,MEDTRONIC PLC,G5960L103,37736394000.0,482378,0.07700401025829678
HELO,J P MORGAN EXCHANGE TRADED F,46654Q724,37499834000.0,554895,0.07652129140957206
VRT,VERTIV HOLDINGS CO,92537N108,37414101000.0,111744,0.07634634663844542
GARP,ISHARES TR,46436E403,36827886000.0,446128,0.0751501299073617
JMUB,J P MORGAN EXCHANGE TRADED F,46641Q647,36680417000.0,724122,0.07484920808667102
XLP,SELECT SECTOR SPDR TR,81369Y308,36554628000.0,440046,0.07459252597108836
CGHM,CAPITAL GRP FIXED INCM ETF T,14020Y805,35951744000.0,1390783,0.07336229486526083
GD,GENERAL DYNAMICS CORP,369550108,35945268000.0,101472,0.07334908008987893
CGNG,CAPITAL GROUP NEW GEOGRAPHY,14021N105,35845871000.0,956911,0.07314625287730415
EEM,ISHARES TR,464287234,35611736000.0,520563,0.07266848242732882
COP,CONOCOPHILLIPS,20825C104,35165843000.0,338263,0.07175860351451849
ACWX,ISHARES TR,464288240,35090098000.0,461045,0.07160404002450894
NOW,SERVICENOW INC,81762P102,35087565000.0,353420,0.07159887124346473
VHT,VANGUARD WORLD FD,92204A504,35028202000.0,117147,0.07147773648265629
PEP,PEPSICO INC,713448108,34969275000.0,258266,0.07135749141333432
BBUS,J P MORGAN EXCHANGE TRADED F,46641Q399,34902449000.0,259074,0.07122112782783856
BOXX,EA SERIES TRUST,02072L565,34765505000.0,296913,0.07094168307800867
GLW,CORNING INC,219350105,34633940000.0,135591,0.07067321459080682
ICVT,ISHARES TR,46435G102,34359780000.0,282239,0.0701137700542564
CGIC,CAPITAL GROUP INTERNATIONAL,14021T102,34228572000.0,940604,0.06984603005297352
PPA,INVESCO EXCHANGE TRADED FD T,46137V100,34098382000.0,193028,0.06958036735887702
VYMI,VANGUARD WHITEHALL FDS,921946794,33916844000.0,345385,0.06920992512705511
NLR,VANECK ETF TRUST,92189F601,33824978000.0,291645,0.0690224654983903
ILCG,ISHARES TR,464287119,33737895000.0,288309,0.06884476594857844
DGRW,WISDOMTREE TR,97717X669,33578931000.0,351171,0.06852038769752722
PFE,PFIZER INC,717081103,33566130000.0,1393942,0.06849426627386081
XLV,SELECT SECTOR SPDR TR,81369Y209,33487531000.0,211065,0.06833387897765303
PJAN,INNOVATOR ETFS TRUST,45782C508,33245705000.0,671766,0.06784041445147908
SPMD,SPDR SERIES TRUST,78464A847,33180473000.0,491126,0.0677073035454087
DE,DEERE & CO,244199105,33106201000.0,52191,0.06755574582503127
EWJ,ISHARES INC,46434G822,32627196000.0,349814,0.066578299333091
N/A,ASTRAZENECA PLC,G0593M107,32473228000.0,171254,0.06626411580375195
PSX,PHILLIPS 66,718546104,32158886000.0,190233,0.0656226768100682
IUSV,ISHARES TR,464287663,31670780000.0,287524,0.06462665902863587
IUSG,ISHARES TR,464287671,31285196000.0,166331,0.06383984526229045
COWG,PACER FDS TR,69374H360,31234579000.0,778017,0.06373655738620869
DDWM,WISDOMTREE TR,97717X263,30892916000.0,668967,0.06303936779366626
CIBR,FIRST TR EXCHANGE-TRADED FD,33734X846,30523193000.0,339713,0.062284919616007094
VXF,VANGUARD INDEX FDS,922908652,30509890000.0,123918,0.06225777382278515
ESGU,ISHARES TR,46435G425,30079334000.0,183780,0.06137919123641583
PFXF,VANECK ETF TRUST,92189F429,29975592000.0,1680246,0.061167497717628215
TLT,ISHARES TR,464287432,29647609000.0,343064,0.0604982232157628
AIQ,GLOBAL X FDS,37954Y632,29303371000.0,446630,0.05979577913795039
CDNS,CADENCE DESIGN SYSTEM INC,127387108,29252915000.0,77941,0.059692819794734064
HSY,HERSHEY CO,427866108,29239714000.0,166656,0.05966588214034611
RWL,INVESCO EXCH TRADED FD TR II,46138G698,29187458000.0,228455,0.059559249758882805
IGEB,ISHARES TR,46435G219,29100337000.0,645097,0.05938147266715239
BSCS,INVESCO EXCH TRD SLF IDX FD,46138J643,28957140000.0,1421907,0.05908926819056786
IQV,IQVIA HLDGS INC,46266C105,28789342000.0,148998,0.058746863484031214
XLY,SELECT SECTOR SPDR TR,81369Y407,28471886000.0,242768,0.05809907013418019
IOO,ISHARES TR,464287572,28392449000.0,207851,0.05793697283461075
VCLT,VANGUARD SCOTTSDALE FDS,92206C813,28241832000.0,375307,0.05762962727814148
AVLV,AMERICAN CENTY ETF TR,025072349,28230604000.0,309512,0.05760671568178756
DFIV,DIMENSIONAL ETF TRUST,25434V807,27748317000.0,513667,0.056622572016776986
APP,APPLOVIN CORP,03831W108,27643982000.0,53654,0.056409668435944665
CMI,CUMMINS INC,231021106,27615446000.0,38720,0.05635143853626928
IWO,ISHARES TR,464287648,27432824000.0,69634,0.055978784319191975
QQQI,NEOS ETF TRUST,78433H675,27260444000.0,480022,0.055627029689739954
GRNY,TIDAL TRUST I,886364231,27213904000.0,984228,0.0555320612452876
ELV,ELEVANCE HEALTH INC FORMERLY,036752103,27186869000.0,70299,0.055476894251394834
IBIT,ISHARES BITCOIN TRUST ETF,46438F101,26568577000.0,798095,0.054215221938173214
DBEF,DBX ETF TR,233051200,26478242000.0,484683,0.05403088643259514
GILD,GILEAD SCIENCES INC,375558103,26419740000.0,209116,0.053911508608414836
QLTY,GMO ETF TRUST,90139K100,26329167000.0,632609,0.05372668744555743
STIP,ISHARES TR,46429B747,26307174000.0,257510,0.053681809039909816
VONE,VANGUARD SCOTTSDALE FDS,92206C730,25953316000.0,76622,0.052959734613244124
HWM,HOWMET AEROSPACE INC,443201108,25900274000.0,96334,0.052851498338412975
VTC,VANGUARD SCOTTSDALE FDS,92206C573,25867334000.0,336814,0.052784281738493324
ESGD,ISHARES TR,46435G516,25849448000.0,251429,0.05274778398177922
RECS,COLUMBIA ETF TR I,19761L706,25763930000.0,595285,0.0525732779346654
WM,WASTE MGMT INC DEL,94106L109,25677425000.0,115207,0.052396757838246176
JGRO,J P MORGAN EXCHANGE TRADED F,46654Q609,25529916000.0,258950,0.05209575439448334
VMBS,VANGUARD SCOTTSDALE FDS,92206C771,25491230000.0,544568,0.052016812640248634
QDPL,PACER FDS TR,69374H436,25336200000.0,562152,0.05170046201834385
ISRG,INTUITIVE SURGICAL INC,46120E602,25233290000.0,63451,0.05149046625945705
HEFA,ISHARES TR,46434V803,25226678000.0,537596,0.051476973965629835
ETR,ENTERGY CORP NEW,29364G103,25172357000.0,219157,0.05136612779306653
JNK,SPDR SERIES TRUST,78468R622,25131827000.0,260785,0.05128342321520546
PWR,QUANTA SVCS INC,74762E102,25030686000.0,34763,0.05107703723668471
TMO,THERMO FISHER SCIENTIFIC INC,883556102,24955690000.0,49776,0.05092400213870128
AEP,AMERICAN ELEC PWR CO INC,025537101,24920625000.0,182155,0.05085244931307341
SYK,STRYKER CORPORATION,863667101,24848212000.0,78923,0.05070468502497438
LIN,LINDE PLC,G54950103,24820478000.0,47829,0.0506480916678957
CLOA,BLACKROCK ETF TRUST II,092528504,24662909000.0,475109,0.05032656002148589
BUFQ,FIRST TR EXCHNG TRADED FD VI,33740U752,24625235000.0,627075,0.050249683330976694
SNOW,SNOWFLAKE INC,833445109,24576733000.0,96569,0.050150711274835134
VPU,VANGUARD WORLD FD,92204A876,24336681000.0,124338,0.04966086673191128
BILS,SPDR SERIES TRUST,78468R523,24301440000.0,244530,0.04958895476476591
APD,AIR PRODUCTS AND CHEMICALS I,009158106,24207507000.0,82569,0.049397277263847496
VGSH,VANGUARD SCOTTSDALE FDS,92206C102,24200536000.0,415817,0.049383052402947686
FVD,FIRST TR EXCHANGE-TRADED FD,33734H106,24045315000.0,499073,0.04906631203087337
XLC,SELECT SECTOR SPDR TR,81369Y852,24015345000.0,224170,0.04900515594406123
SHOP,SHOPIFY INC,82509L107,23937688000.0,209649,0.048846690871202685
BUFD,FIRST TR EXCHNG TRADED FD VI,33740U703,23820402000.0,801494,0.04860735978018337
ED,CONSOLIDATED EDISON INC,209115104,23767585000.0,214839,0.0484995826351331
DON,STATE STR SPDR DOW JONES IND,78467X109,23704125000.0,45376,0.04837008763115917
VOOG,VANGUARD ADMIRAL FDS INC,921932505,23485867000.0,284264,0.04792471541909897
ICSH,ISHARES TR,46434V878,23445088000.0,463525,0.04784150273761374
MDY,STATE STR SPDR S&P MIDCAP 40,78467Y107,23401024000.0,33271,0.04775158676132778
AVDE,AMERICAN CENTY ETF TR,025072703,23304468000.0,261261,0.047554556827452805
VCIT,VANGUARD SCOTTSDALE FDS,92206C870,23294717000.0,281848,0.04753465916303822
AJG,GALLAGHER ARTHUR J & CO,363576109,23289765000.0,101450,0.04752455422670543
URI,UNITED RENTALS INC,911363109,23213562000.0,20491,0.047369056152519726
UCON,FIRST TR EXCHNG TRADED FD VI,33740F888,23211618000.0,932943,0.04736508927121299
XAR,SPDR SERIES TRUST,78464A631,22916144000.0,80750,0.04676215188066476
KMI,KINDER MORGAN INC DEL,49456B101,22793025000.0,712950,0.046510918105148444
CAH,CARDINAL HEALTH INC,14149Y108,22781482000.0,95898,0.04648736372710131
IWP,ISHARES TR,464287481,22714389000.0,155142,0.04635045530759891
VIS,VANGUARD WORLD FD,92204A603,22306974000.0,61898,0.045519093709048074
FTCS,FIRST TR EXCHANGE-TRADED FD,33733E104,22202108000.0,236394,0.045305106581932895
BLV,VANGUARD BD INDEX FDS,921937793,21933329000.0,318197,0.04475664238916411
VIGI,VANGUARD WHITEHALL FDS,921946810,21891450000.0,234434,0.044671185073194626
CMCSA,COMCAST CORP NEW,20030N101,21871225000.0,890885,0.04462991440733624
ICE,INTERCONTINENTAL EXCHANGE IN,45866F104,21801645000.0,177091,0.044487931073322606
SPGI,S&P GLOBAL INC,78409V104,21770518000.0,53456,0.04442441403914838
BA,BOEING CO,097023105,21769180000.0,100564,0.044421683747384796
SPAB,SPDR SERIES TRUST,78464A649,21757292000.0,852558,0.044397425370340325
DDOG,DATADOG INC,23804L103,21691457000.0,83313,0.0442630839964572
MNST,MONSTER BEVERAGE CORP NEW,61174X109,21689304000.0,225648,0.044258690634598453
SPSM,SPDR SERIES TRUST,78468R853,21593272000.0,374428,0.04406272996296871
DAL,DELTA AIR LINES INC,247361702,21560813000.0,230203,0.043996494880491725
FICO,FAIR ISAAC CORP,303250104,21449419000.0,17953,0.043769186868000846
LVHI,LEGG MASON ETF INVT,52468L505,21446687000.0,528439,0.04376361201217266
MOAT,VANECK ETF TRUST,92189F643,21225650000.0,204171,0.04331256903717449
FNDX,SCHWAB STRATEGIC TR,808524771,21157100000.0,680293,0.04317268749726884
QLTA,ISHARES TR,46429B291,21123642000.0,444521,0.04310441387856478
BOND,PIMCO ETF TR,72201R775,21117471000.0,229015,0.04309182147910807
FLOT,ISHARES TR,46429B655,21107966000.0,413476,0.04307242579658723
BDX,BECTON DICKINSON & CO,075887109,20951888000.0,138452,0.04275393665019199
IGIB,ISHARES TR,464288638,20870360000.0,392521,0.04258757250452565
IBTK,ISHARES TR,46436E593,20684542000.0,1058574,0.042208396603983164
VTIP,VANGUARD MALVERN FDS,922020805,20601490000.0,410143,0.04203892261926772
FCX,FREEPORT MCMORAN INC,35671D857,20498095000.0,325936,0.04182793718063104
PTLC,PACER FDS TR,69374H105,20428723000.0,350648,0.0416863782865926
SHYG,ISHARES TR,46434V407,20392432000.0,480840,0.04161232371380317
FRDM,EA SERIES TRUST,02072L607,20181698000.0,276841,0.04118230480161532
CALF,PACER FDS TR,69374H857,20171832000.0,398574,0.04116217247086829
NET,CLOUDFLARE INC,18915M107,20142205000.0,82119,0.04110171630189988
BKDV,BNY MELLON ETF TRUST II,05613H100,20017565000.0,597718,0.04084737880906487
UL,UNILEVER PLC,904767803,19945170000.0,331756,0.040699651251348314
CSX,CSX CORP,126408103,19904205000.0,418771,0.04061605902257757
SCHX,SCHWAB STRATEGIC TR,808524201,19891113000.0,675879,0.04058934379106123
AVDV,AMERICAN CENTY ETF TR,025072802,19886820000.0,192982,0.0405805835948422
NEM,NEWMONT CORP,651639106,19730818000.0,211251,0.04026224953228405
NOC,NORTHROP GRUMMAN CORP,666807102,19580262000.0,38445,0.03995502845099981
IGM,ISHARES TR,464287549,19576547000.0,119676,0.03994744770817342
WELL,WELLTOWER INC,95040Q104,19561864000.0,86187,0.03991748591896212
HOOD,ROBINHOOD MKTS INC,770700102,19557672000.0,195031,0.03990893182100027
MMM,3M CO,88579Y101,19522691000.0,120577,0.03983755040382391
ENB,ENBRIDGE INC,29250N105,19486713000.0,359467,0.03976413453157408
QTUM,ETF SER SOLUTIONS,26922A420,19344877000.0,116972,0.039474707280019644
FNDF,SCHWAB STRATEGIC TR,808524755,19334303000.0,366458,0.039453130220895465
VRTX,VERTEX PHARMACEUTICALS INC,92532F100,19326182000.0,38907,0.03943655869667119
BSCT,INVESCO EXCH TRD SLF IDX FD,46138J577,19326088000.0,1040435,0.039436366882451626
MGV,VANGUARD WORLD FD,921910840,19052297000.0,116563,0.038877675318741825
VTHR,VANGUARD SCOTTSDALE FDS,92206C599,19035578000.0,57435,0.03884355891515783
SPG,SIMON PPTY GROUP INC NEW,828806109,19031436000.0,85095,0.03883510684603618
IVLU,ISHARES TR,46435G409,19030862000.0,455066,0.03883393555495076
VTWO,VANGUARD SCOTTSDALE FDS,92206C664,18833992000.0,155114,0.03843220719957184
EEMS,ISHARES INC,464286475,18752812000.0,247105,0.03826655317463325
RCL,ROYAL CARIBBEAN GROUP,V7780T103,18732086000.0,58993,0.038224260179796125
GVAL,CAMBRIA ETF TR,132061409,18661178000.0,518078,0.03807956695978694
LCTU,BLACKROCK ETF TRUST,09290C509,18646566000.0,232617,0.03804975005152872
PFF,ISHARES TR,464288687,18637007000.0,611250,0.038030244177860474
LHX,L3HARRIS TECHNOLOGIES INC,502431109,18411353000.0,63359,0.03756977985975881
APIE,TRUST FOR PROFESSIONAL MANAG,89834G737,18409095000.0,474951,0.03756517223733566
ARTY,ISHARES TR,46435U556,18364597000.0,241132,0.03747437065071682
N/A,NEBIUS GROUP N.V.,N97284108,18291568000.0,66233,0.037325349367306616
BTI,BRITISH AMERN TOB PLC,110448107,18123329000.0,293448,0.03698204476639945
OUNZ,VANECK MERK GOLD ETF,921078101,18085242000.0,468651,0.03690432531767025
USFR,WISDOMTREE TR,97717Y527,18080840000.0,359103,0.036895342698579595
SMLF,ISHARES TR,46434V290,18013288000.0,202079,0.03675749765432421
GLDM,WORLD GOLD TR,98149E303,17982753000.0,226426,0.03669518864161788
JTEK,J P MORGAN EXCHANGE TRADED F,46654Q732,17835762000.0,159888,0.03639524221663946
OBIL,RBB FD INC,74933W478,17833687000.0,356852,0.036391008019771416
PRU,PRUDENTIAL FINL INC,744320102,17807430000.0,164991,0.036337428594632064
FIBR,ISHARES TR,46435U796,17799248000.0,200631,0.036320732595222754
SGOL,ETFS GOLD TR,00326A104,17700748000.0,463007,0.036119735780041046
MCK,MCKESSON CORP,58155Q103,17621778000.0,23322,0.03595859142983902
PSFF,PACER FDS TR,69374H568,17525243000.0,510791,0.035761604348076924
TIP,ISHARES TR,464287176,17524868000.0,160147,0.03576083913177547
GTO,INVESCO ACTIVELY MANAGED EXC,46090A804,17499412000.0,373361,0.03570889420865602
MDYV,SPDR SERIES TRUST,78464A839,17430456000.0,183769,0.035568184194568
EME,EMCOR GROUP INC,29084Q100,17192619000.0,20717,0.03508285952926472
UDIV,FRANKLIN TEMPLETON ETF TR,35473P306,17186528000.0,285976,0.03507043037595232
VGK,VANGUARD INTL EQUITY INDEX F,922042874,17185077000.0,194094,0.0350674694990099
EMR,EMERSON ELEC CO,291011104,17180424000.0,120017,0.035057974695141464
VNQ,VANGUARD INDEX FDS,922908553,17108403000.0,177418,0.03491101031314957
JQUA,J P MORGAN EXCHANGE TRADED F,46641Q761,17084134000.0,236360,0.03486148755469632
LOW,LOWES COS INC,548661107,17076206000.0,77447,0.034845309861795196
VST,VISTRA CORP,92840M102,16877970000.0,106398,0.03444079407850219
SHLD,GLOBAL X FDS,37960A529,16810452000.0,281535,0.03430301841385813
ABNB,AIRBNB INC,009066101,16776289000.0,117235,0.03423330618850735
MISL,FIRST TR EXCHANGE-TRADED FD,33733E831,16771800000.0,366437,0.034224146039234744
XMHQ,INVESCO EXCHANGE TRADED FD T,46137V472,16560112000.0,146705,0.03379218041677601
PFFA,ETFIS SER TR I,26923G822,16479516000.0,801143,0.033627718088690875
SUB,ISHARES TR,464288158,16398765000.0,154022,0.033462939471201145
DFAE,DIMENSIONAL ETF TRUST,25434V302,16359395000.0,406849,0.03338260196243258
SHW,SHERWIN WILLIAMS CO,824348106,16305508000.0,47356,0.033272641400202155
6RJ0,ROCKET LAB CORP,773121108,16291349000.0,160269,0.03324374887323609
IBB,ISHARES TR,464287556,16284678000.0,85623,0.033230136185377436
ADBE,ADOBE INC,00724F101,16179946000.0,78919,0.033016422495553976
MAS,MASCO CORP,574599106,16173471000.0,198765,0.03300320976074888
BIDD,BLACKROCK ETF TRUST,09290C848,16073726000.0,535434,0.032799672427446344
CGIE,CAPITAL GROUP INTERNATIONAL,14021M107,16010829000.0,435313,0.032671326268213
IFRA,ISHARES TR,46435U713,16007738000.0,253930,0.03266501884531223
MRX,MAREX GROUP PLC,G5S37H101,16002459000.0,262551,0.032654246640364565
IEI,ISHARES TR,464288661,15945537000.0,135764,0.03253809292753438
CVS,CVS HEALTH CORP,126650100,15922665000.0,153917,0.03249142085487615
LNG,CHENIERE ENERGY INC,16411R208,15898252000.0,66517,0.03244160425336314
FHEQ,FIDELITY GREENWOOD STREET TR,31624J745,15894285000.0,482669,0.03243350928518217
CGSD,CAPITAL GRP FIXED INCM ETF T,14020Y409,15864966000.0,616594,0.03237368161386935
SPIB,SPDR SERIES TRUST,78464A375,15846840000.0,473606,0.03233669411872231
MTZ,MASTEC INC,576323109,15832955000.0,38055,0.0323083607098005
EMLC,VANECK ETF TRUST,92189H300,15730194000.0,615422,0.032098668996857475
OEF,ISHARES TR,464287101,15686730000.0,42875,0.03200997736665384
HIMU,BLACKROCK ETF TRUST II,092528843,15628508000.0,313825,0.03189117090397862
ADP,AUTOMATIC DATA PROCESSING IN,053015103,15538789000.0,69385,0.03170809239371174
TFC,TRUIST FINL CORP,89832Q109,15497799000.0,311076,0.03162444915052089
SCHA,SCHWAB STRATEGIC TR,808524607,15474690000.0,428306,0.03157729346116014
DVY,ISHARES TR,464287168,15459521000.0,98909,0.03154633995162215
CLS,CELESTICA INC,15101Q207,15310780000.0,41970,0.031242822517236948
INTU,INTUIT,461202103,15306834000.0,58647,0.031234770401168857
FLTR,VANECK ETF TRUST,92189F486,15242554000.0,595180,0.031103602124215757
CB,CHUBB LIMITED,H1467J104,15240244000.0,44727,0.0310988883917988
PSI,INVESCO EXCHANGE TRADED FD T,46137V647,15224344000.0,81058,0.031066443220617183
XSMO,INVESCO EXCHANGE TRADED FD T,46137V498,15170590000.0,162027,0.030956754055101676
IJT,ISHARES TR,464287887,15092742000.0,84506,0.0307978992320736
BMY,BRISTOL-MYERS SQUIBB CO,110122108,15082015000.0,261750,0.030776009964698425
IJJ,ISHARES TR,464287705,14979768000.0,101400,0.030567367108232595
N/A,TOTALENERGIES SE,F92124100,14971440000.0,192534,0.030550373184609923
ARKG,ARK ETF TR,00214Q302,14961184000.0,355711,0.030529445028909377
CARR,CARRIER GLOBAL CORPORATION,14448C104,14944569000.0,203743,0.03049554084531299
FLDR,FIDELITY MERRIMACK STR TR,316188408,14893013000.0,297206,0.0303903368676124
TMSL,T ROWE PRICE EXCHANGE-TRADED,87283Q826,14879515000.0,339328,0.030362793161913693
DFAS,DIMENSIONAL ETF TRUST,25434V500,14866429000.0,180549,0.030336090173858177
BKLN,INVESCO EXCH TRADED FD TR II,46138G508,14842163000.0,728629,0.03028657353713534
CGCV,CAPITAL GROUP CONSERVATIVE E,14020U100,14810046000.0,451251,0.03022103633192528
SCHM,SCHWAB STRATEGIC TR,808524508,14730029000.0,399513,0.030057755497809598
DSI,ISHARES TR,464288570,14730027000.0,103448,0.030057751416655988
DKS,DICKS SPORTING GOODS INC,253393102,14702548000.0,64823,0.030001678406662298
FAPR,FIRST TR EXCHNG TRADED FD VI,33740U885,14651775000.0,313474,0.029898072200599143
JCI,JOHNSON CONTROLS INTERNATION,G51502105,14645072000.0,100233,0.02988439421428277
APCB,TRUST FOR PROFESSIONAL MANAG,89834G752,14364846000.0,488149,0.029312571538840024
DFSV,DIMENSIONAL ETF TRUST,25434V815,14298133000.0,368604,0.029176438538523097
EDV,VANGUARD WORLD FD,921910709,14278974000.0,219406,0.02913734312753765
IMTM,ISHARES TR,46434V449,14255194000.0,267302,0.0290888182111415
BSCU,INVESCO EXCH TRD SLF IDX FD,46138J460,14160288000.0,850723,0.028895155228992914
FTEC,FIDELITY COVINGTON TRUST,316092808,14138306000.0,49507,0.02885029926969013
GXPC,GLOBAL X FDS,37960A297,14131764000.0,474379,0.028836949816239178
DUHP,DIMENSIONAL ETF TRUST,25434V831,14120101000.0,338368,0.02881315056897558
SHEL,SHELL PLC,780259305,14042462000.0,181100,0.02865472222649951
MET,METLIFE INC,59156R108,14010309000.0,165587,0.02858911156052451
CEG,CONSTELLATION ENERGY CORP,21037T109,14009721000.0,56407,0.028587911701363832
TRV,TRAVELERS COMPANIES INC,89417E109,14009015000.0,42436,0.028586471054140295
ABG,CENCORA INC,03073E105,14003304000.0,49485,0.02857481732001336
COHR,COHERENT CORP,19247G107,13910985000.0,35265,0.028386433310056407
USXF,ISHARES TR,46436E767,13758406000.0,198105,0.02807508414189792
DIVO,AMPLIFY ETF TR,032108409,13708115000.0,299959,0.027972461493854232
BX,BLACKSTONE INC,09260D107,13707387000.0,116490,0.027970975953941015
QYLD,GLOBAL X FDS,37954Y483,13656032000.0,740968,0.027866182132177997
PGR,PROGRESSIVE CORP,743315103,13622850000.0,62361,0.027798471712671816
FERG,FERGUSON ENTERPRISES INC,31488V107,13620035000.0,57389,0.027792727488968907
SPTM,SPDR SERIES TRUST,78464A805,13605765000.0,149860,0.027763608457977602
ACN,ACCENTURE PLC IRELAND,G1151C101,13558915000.0,108959,0.02766800743471605
VGIT,VANGUARD SCOTTSDALE FDS,92206C706,13538547000.0,229545,0.027626444966374716
TDTT,FLEXSHARES TR,33939L506,13468622000.0,563305,0.027483757633363744
DFAU,DIMENSIONAL ETF TRUST,25434V104,13436076000.0,259936,0.02741734502070482
ADSK,AUTODESK INC,052769106,13410969000.0,68979,0.02736611225888992
VWOB,VANGUARD WHITEHALL FDS,921946885,13376486000.0,198936,0.027295747048961892
AMT,AMERICAN TOWER CORP,03027X100,13368175000.0,81728,0.027278787815144884
TLTD,FLEXSHARES TR,33939L803,13293357000.0,135541,0.02712611593983255
ECL,ECOLAB INC,278865100,13189790000.0,47341,0.0269147795219856
CLOI,VANECK ETF TRUST,92189H748,13164408000.0,248620,0.02686298560154964
FJUL,FIRST TR EXCHNG TRADED FD VI,33740U208,13148278000.0,220831,0.026830071097703134
TT,TRANE TECHNOLOGIES PLC,G8994E103,13141446000.0,26756,0.02681612987697906
MIG,VANECK ETF TRUST,92189H862,13073563000.0,612161,0.026677609401801597
FTRB,FEDERATED HERMES ETF TRUST,31423L404,13038933000.0,519583,0.026606944227083394
OKE,ONEOK INC NEW,682680103,12975990000.0,149252,0.026478504201317074
GSK,GSK PLC,37733W204,12942982000.0,246909,0.02641114884217476
LMBS,FIRST TR EXCHANGE-TRADED FD,33739Q200,12885881000.0,258857,0.02629462986609668
SAN,BANCO SANTANDER SA,05964H105,12800531000.0,927575,0.02612046663588593
FYC,FIRST TR EXCHANGE-TRADED ALP,33737M300,12761751000.0,100218,0.026041333067431647
TEL,TE CONNECTIVITY PLC,G87052109,12752359000.0,63253,0.026022167970089653
TCAF,T ROWE PRICE EXCHANGE-TRADED,87283Q867,12726527000.0,309648,0.025969455790091946
EAGG,ISHARES TR,46435U549,12699360000.0,267862,0.025914019440061067
PWB,INVESCO EXCHANGE TRADED FD T,46137V746,12650254000.0,75094,0.02581381487552997
SPCX,SPACE EXPLORATION TECHN CORP,84615Q103,12598191000.0,73734,0.02570757632538981
RDDT,REDDIT INC,75734B100,12586125000.0,72509,0.025682954725674254
SCHQ,SCHWAB STRATEGIC TR,808524680,12546205000.0,400837,0.025601494899663554
AFL,AFLAC INC,001055102,12545149000.0,106995,0.025599340050558663
RUNN,STRATEGIC TRUST,48817R870,12536184000.0,386968,0.02558104627951192
PKG,PACKAGING CORP AMER,695156109,12510994000.0,52505,0.025529644149822305
VFLO,VICTORY PORTFOLIOS II,92647X830,12506966000.0,273376,0.025521424706456297
VLO,VALERO ENERGY CORP,91913Y100,12360026000.0,47458,0.025221582350894868
ROST,ROSS STORES INC,778296103,12303719000.0,57805,0.02510668359279906
IUS,INVESCO EXCH TRD SLF IDX FD,46138J742,12292894000.0,187449,0.02508459434889711
JMBS,JANUS DETROIT STR TR,47103U852,12288096000.0,273130,0.02507480366139212
XSD,SPDR SERIES TRUST,78464A862,12258353000.0,19654,0.025014110785514458
CI,THE CIGNA GROUP,125523100,12213954000.0,44305,0.0249235112159992
UPS,UNITED PARCEL SVCS INC,911312106,12213922000.0,113618,0.02492344591754148
CWB,SPDR SERIES TRUST,78464A359,12168792000.0,112862,0.024831354686382586
TILT,FLEXSHARES TR,33939L100,12158260000.0,44041,0.024809863331484175
FJAN,FIRST TR EXCHNG TRADED FD VI,33740F623,12144866000.0,220455,0.02478253184577307
TDI,TOUCHSTONE ETF TRUST,89157W608,12075419000.0,268798,0.024640819908474346
FIXD,FIRST TR EXCHNG TRADED FD VI,33740F805,12039654000.0,276076,0.024567838679083746
FITB,FIFTH THIRD BANCORP,316773100,11973486000.0,212409,0.02443281779312493
PFFD,GLOBAL X FDS,37954Y657,11966105000.0,640241,0.024417756295735525
XBIL,RBB FD INC,74933W460,11936833000.0,238737,0.02435802453153249
BAR,GRANITESHARES GOLD TR,38748G101,11881255000.0,300563,0.024244613353926713
VCRB,VANGUARD MALVERN FDS,922020748,11856539000.0,153517,0.024194178457642133
XLB,SELECT SECTOR SPDR TR,81369Y100,11822003000.0,232579,0.024123705097143497
VFH,VANGUARD WORLD FD,92204A405,11810480000.0,89745,0.024100191530632444
WTV,WISDOMTREE TR,97717W547,11749062000.0,115504,0.023974863384492034
BSX,BOSTON SCIENTIFIC CORP,101137107,11744288000.0,275171,0.023965121670830335
FLCG,FEDERATED HERMES ETF TRUST,31423L800,11710008000.0,351546,0.02389517069799349
CGSM,CAPITAL GRP FIXED INCM ETF T,14020Y607,11694456000.0,443224,0.02386343564753962
HSBC,HSBC HLDGS PLC,404280406,11651458000.0,122531,0.023775694926126592
FTNT,FORTINET INC,34959E109,11615588000.0,75612,0.02370249943617159
CRDO,CREDO TECHNOLOGY GROUP HOLDI,G25457105,11603971000.0,42670,0.02367879405544097
IMCB,ISHARES TR,464288208,11551272000.0,119628,0.02357125769845355
PAAA,PGIM ETF TR,69344A834,11404505000.0,222440,0.023271768362679194
SFLO,VICTORY PORTFOLIOS II,92647X822,11334738000.0,331425,0.02312940344080323
DFAT,DIMENSIONAL ETF TRUST,25434V609,11302527000.0,161696,0.023063674421373605
DHR,DANAHER CORP DEL,235851102,11301588000.0,59332,0.023061758319754766
REGN,REGENERON PHARMACEUTICALS,75886F107,11296911000.0,18117,0.02305221454204304
MUNI,PIMCO ETF TR,72201R866,11292911000.0,214694,0.023044052234827538
FPE,FIRST TR EXCH TRADED FD III,33739E108,11278224000.0,630773,0.023014082283309024
HACK,AMPLIFY ETF TR,032108664,11223649000.0,106963,0.022902717804237534
SPLV,INVESCO EXCH TRADED FD TR II,46138E354,11218431000.0,149779,0.022892070074474913
IWS,ISHARES TR,464287473,11197348000.0,68028,0.022849048593718807
OMC,OMNICOM GROUP INC,681919106,11161459000.0,153254,0.022775814332804532
TBLL,INVESCO EXCH TRADED FD TR II,46138G888,11055728000.0,104724,0.022560062106754
ISTB,ISHARES TR,46432F859,11032164000.0,228646,0.02251197795494748
BKR,BAKER HUGHES COMPANY,05722G100,11003219000.0,198256,0.022452913459359312
UTES,ETFIS SER TR I,26923G806,10917678000.0,133566,0.02227836047897902
BLCV,BLACKROCK ETF TRUST,09290C616,10915951000.0,264245,0.022274836402838727
FSCC,FEDERATED HERMES ETF TRUST,31423L602,10898857000.0,291960,0.022239954782953285
CW,CURTISS WRIGHT CORP,231561101,10825650000.0,14286,0.02209057027687199
NGG,NATIONAL GRID PLC,636274409,10817716000.0,130538,0.022074380340510045
RSST,TIDAL TRUST II,88636J816,10816270000.0,330874,0.02207142966645164
XAGG,MORGAN STANLEY ETF TRUST,61774R817,10804358000.0,216130,0.02204712231556388
ENTG,ENTEGRIS INC,29362U104,10803186000.0,60064,0.022044730759549738
HYGV,FLEXSHARES TR,33939L662,10801544000.0,268295,0.022041380132437772
TFI,SPDR SERIES TRUST,78468R721,10779568000.0,235362,0.021996536416595814
DBND,DOUBLELINE ETF TRUST,25861R105,10736237000.0,235493,0.021908116183107094
BALI,BLACKROCK ETF TRUST,09290C863,10727060000.0,317087,0.02188938980977793
IRM,IRON MTN INC DEL,46284V101,10483880000.0,83001,0.02139316234261155
EFAV,ISHARES TR,46429B689,10479757000.0,119482,0.02138474904444917
DASH,DOORDASH INC,25809K105,10477212000.0,56778,0.02137955577648331
EDIV,SPDR INDEX SHS FDS,78463X533,10453201000.0,255221,0.021330559486845462
EZU,ISHARES INC,464286608,10423837000.0,149983,0.02127063998957647
QMNV,FIRST TR EXCHNG TRADED FD VI,33740U513,10411321000.0,414959,0.021245100130299167
CBOE,CBOE GLOBAL MKTS INC,12503M108,10390791000.0,42819,0.02120320708851561
VRP,INVESCO EXCH TRADED FD TR II,46138G870,10369206000.0,426541,0.021159161238203963
DXCM,DEXCOM INC,252131107,10328080000.0,153349,0.021075240476567787
IYR,ISHARES TR,464287739,10299159000.0,100725,0.02101622495482291
MGC,VANGUARD WORLD FD,921910873,10298413000.0,37636,0.02101470268452722
JPIE,J P MORGAN EXCHANGE TRADED F,46641Q159,10255199000.0,222697,0.020926521198524554
UTWO,RBB FD INC,74933W486,10248354000.0,213685,0.02091255345030203
GOF,GUGGENHEIM STRATEGIC OPPORTU,40167F101,10227067000.0,936545,0.020869115691877937
DRI,DARDEN RESTAURANTS INC,237194105,10193174000.0,49479,0.020799954422264195
SFLR,INNOVATOR ETFS TRUST,45783Y673,10168460000.0,263568,0.02074952360713322
MCO,MOODYS CORP,615369105,10157191000.0,22426,0.020726528347130353
CSHI,NEOS ETF TRUST,78433H501,10107716000.0,202925,0.020625570809758624
BKGI,BNY MELLON ETF TRUST,09661T826,10078322000.0,224112,0.020565590095185514
LAMR,LAMAR ADVERTISING CO,512816109,10050085000.0,64432,0.020507970327974488
SCHP,SCHWAB STRATEGIC TR,808524870,9985231000.0,376801,0.020375630759935964
AON,AON PLC,G0403H108,9979315000.0,30086,0.02036355870756424
DKNG,DRAFTKINGS INC NEW,26142V105,9893631000.0,391672,0.020188713924700993
DFTT,NORTHERN LIGHTS FD TR,66538J258,9891258000.0,306817,0.0201838716359454
DFLV,DIMENSIONAL ETF TRUST,25434V666,9886239000.0,250031,0.020173629980966747
ANGL,VANECK ETF TRUST,92189F437,9874971000.0,337721,0.02015063676154068
FSMD,FIDELITY COVINGTON TRUST,316092527,9865211000.0,186664,0.02013072073193486
ALL,ALLSTATE CORP,020002101,9826179000.0,41297,0.020051072938126004
ZAP,GLOBAL X FDS,37960A370,9784840000.0,282717,0.019966717533630603
NOBL,PROSHARES TR,74348A467,9782252000.0,174185,0.019961436520862172
EBA,EBAY INC.,278642103,9782050000.0,87535,0.01996102432434779
HPE,HEWLETT PACKARD ENTERPRISE C,42824C109,9736256000.0,215834,0.019867578150191127
SE,SEA LTD,81141R100,9736175000.0,101598,0.019867412863470015
QQEW,FIRST TR EXCHANGE-TRADED FD,337344105,9694728000.0,60744,0.0197828370766798
MSI,MOTOROLA SOLUTIONS INC,620076307,9642671000.0,23219,0.019676610770000463
BJ,BJS WHSL CLUB HLDGS INC,05550J101,9622295000.0,110322,0.019635031977044703
PZA,INVESCO EXCH TRADED FD TR II,46138E537,9599127000.0,408126,0.01958775589365252
FIX,COMFORT SYS USA INC,199908104,9598344000.0,4843,0.019586158122015085
XLSR,SSGA ACTIVE TR,78470P408,9549094000.0,147226,0.01948565971442423
GSY,INVESCO ACTIVELY MANAGED EXC,46090A887,9529374000.0,190017,0.01944541953985181
ESGE,ISHARES INC,46434G863,9522887000.0,174125,0.01943218231812507
SNY,SANOFI SA,80105N105,9515220000.0,223048,0.01941653721576976
JAVA,J P MORGAN EXCHANGE TRADED F,46641Q167,9481097000.0,119394,0.019346906613491126
VEEV,VEEVA SYS INC,922475108,9463369000.0,53324,0.019310731267912027
INDA,ISHARES TR,46429B598,9459678000.0,191530,0.01930319949892892
NVO,NOVO-NORDISK A S,670100205,9449389000.0,197109,0.01928220400419385
DJAN,FIRST TR EXCHNG TRADED FD VI,33740F631,9437121000.0,207299,0.019257170207963907
MSTR,STRATEGY INC,594972408,9413445000.0,108288,0.019208857511555356
FDL,FIRST TR EXCHANGE-TRADED FD,336917109,9366166000.0,192482,0.01911238108084494
LQDI,ISHARES U S ETF TR,46431W580,9345907000.0,355612,0.019071041035375234
RIO,RIO TINTO PLC,767204100,9338265000.0,98370,0.019055446947440016
XYLD,GLOBAL X FDS,37954Y475,9246836000.0,226694,0.01886887905083851
DTCR,GLOBAL X FDS,37954Y236,9237799000.0,304175,0.01885043835826189
TFLO,ISHARES TR,46434V860,9221190000.0,182129,0.018816546418126325
PHYL,PGIM ETF TR,69344A206,9196908000.0,263673,0.018766997132174626
SUSC,ISHARES TR,46435G193,9190017000.0,396953,0.018752935517419123
ZALT,INNOVATOR ETFS TRUST,45783Y442,9172433000.0,270813,0.01871705401489978
FN,FABRINET,G3323L100,9172302000.0,16319,0.01871678669933847
JMEE,J P MORGAN EXCHANGE TRADED F,46641Q118,9148805000.0,117247,0.018668839266177812
CSL,CARLISLE COS INC,142339100,9141777000.0,25201,0.01865449809240018
CTVA,CORTEVA INC,22052L104,9122930000.0,107721,0.01861603934137754
AVLC,AMERICAN CENTY ETF TR,025072158,9110351000.0,101271,0.018590370925761594
SNDK,SANDISK CORP,80004C200,9090373000.0,3998,0.018549604282373778
GDX,VANECK ETF TRUST,92189F106,9086656000.0,120433,0.01854201945839377
MPC,MARATHON PETE CORP,56585A102,9063098000.0,35448,0.01849394755004808
HON,HONEYWELL INTL INC,438516205,9046680000.0,40405,0.018460445360082057
WMB,WILLIAMS COS INC,969457100,9042678000.0,121639,0.01845227897171295
CHKP,CHECK POINT SOFTWARE TECH LT,M22465104,9029540000.0,68702,0.018425469873663634
CAFX,PROFESIONALLY MANAGED PORTFO,74316P587,9028434000.0,366562,0.018423212995718547
MMC,MARSH & MCLENNAN COS INC,571748102,8997162000.0,53982,0.01835940007790776
SLB,SLB LIMITED,806857108,8992245000.0,193423,0.018349366561763107
PHM,PULTE GROUP INC,745867101,8962712000.0,65321,0.018289102207014258
HYT,BLACKROCK CORPOR HI YLD FD I,09255P107,8951031000.0,1045681,0.018265266229368193
HONA,HONEYWELL AEROSPACE INC,43849R105,8944234000.0,40457,0.018251396428832254
TBUX,T ROWE PRICE EXCHANGE-TRADED,87283Q701,8934895000.0,179524,0.018232339482060864
CBRE,CBRE GROUP INC,12504L109,8934571000.0,66334,0.018231678335176405
CIEN,CIENA CORP,171779309,8923041000.0,18190,0.018208150484627726
PRF,INVESCO EXCHANGE TRADED FD T,46137V613,8911411000.0,164935,0.018184418576398655
EWY,ISHARES INC,464286772,8867127000.0,43918,0.018094053673215843
NUE,NUCOR CORP,670346105,8857712000.0,39765,0.018074841642607357
MUFG,MITSUBISHI UFJ FINANCIAL GRO,606822104,8833300000.0,444108,0.01802502708167116
FWD,AB ACTIVE ETFS INC,00039J509,8822924000.0,59566,0.01800385405675415
SPTI,SPDR SERIES TRUST,78464A672,8819872000.0,310668,0.01799762621634872
POCT,INNOVATOR ETFS TRUST,45782C797,8790255000.0,189404,0.017937190453148347
HLT,HILTON WORLDWIDE HLDGS INC,43300A203,8782814000.0,26578,0.01792200652115071
SECU,BLACKROCK ETF TRUST II,092528819,8772366000.0,175940,0.017900686574703825
VICI,VICI PPTYS INC,925652109,8756154000.0,329799,0.017867604743559397
ARM,ARM HOLDINGS PLC,042068205,8744974000.0,24664,0.017844791094892072
FTSL,FIRST TR EXCHANGE-TRADED FD,33738D309,8733886000.0,195171,0.0178221651792907
ILF,ISHARES TR,464287390,8718516000.0,258326,0.01779080151381514
ORLY,OREILLY AUTOMOTIVE INC,67103H107,8711568000.0,94598,0.017776623586181817
MFSI,MFS ACTIVE EXCHANGE TRADED F,55286W405,8698209000.0,267802,0.017749363520658847
STRL,STERLING INFRASTRUCTURE INC,859241101,8626103000.0,10277,0.017602225689638616
PDBC,INVESCO ACTVELY MNGD ETC FD,46090F100,8573334000.0,539882,0.017494546492274925
MLN,VANECK ETF TRUST,92189F536,8541575000.0,480404,0.017429739813560653
DFEM,DIMENSIONAL ETF TRUST,25434V732,8539798000.0,210133,0.017426113708580167
BUFS,FIRST TR EXCHNG TRADED FD VI,33740F243,8534589000.0,340159,0.01741548434400878
PEG,PUBLIC SVC ENTERPRISE GROUP,744573106,8531616000.0,105121,0.017409417709170857
EQT,EQT CORP,26884L109,8513832000.0,160125,0.01737312809129074
SLQD,ISHARES TR,46434V100,8503179000.0,168814,0.01735138982659906
MDLZ,MONDELEZ INTL INC,609207105,8495155000.0,146873,0.017335016238324764
AVES,AMERICAN CENTY ETF TR,025072372,8485453000.0,129351,0.017315218562173565
LYG,LLOYDS BANKING GROUP PLC,539439109,8473980000.0,1453513,0.017291807024502708
ARKQ,ARK ETF TR,00214Q203,8467119000.0,64038,0.017277806627051317
SKYY,FIRST TR EXCHANGE-TRADED FD,33734X192,8453473000.0,62823,0.017249960915985636
IHI,ISHARES TR,464288810,8445799000.0,170933,0.017234301529592697
TDIV,FIRST TR EXCHANGE TRADED FD,33738R118,8433595000.0,73412,0.017209398330278205
KNG,FIRST TR EXCHANGE-TRADED FD,33739Q705,8432201000.0,166974,0.017206553766213602
VDC,VANGUARD WORLD FD,92204A207,8361303000.0,37081,0.017061880951972454
PJUL,INNOVATOR ETFS TRUST,45782C813,8344037000.0,170949,0.017026648352876747
DHI,D R HORTON INC,23331A109,8333041000.0,51161,0.017004210170341334
TRFK,PACER FDS TR,69374H386,8321450000.0,77989,0.016980557844607613
JUSA,J P MORGAN EXCHANGE TRADED F,46654Q617,8288839000.0,123390,0.01691401259445644
EVTR,MORGAN STANLEY ETF TRUST,61774R841,8265853000.0,163002,0.016867107896042562
SPTS,SPDR SERIES TRUST,78468R101,8242467000.0,284125,0.016819386966907136
ARKK,ARK ETF TR,00214Q104,8237056000.0,101919,0.01680834540582137
WAB,WABTEC,929740108,8232288000.0,30535,0.016798615935620494
HYXU,ISHARES INC,464286210,8228272000.0,152771,0.016790420979176126
KMB,KIMBERLY-CLARK CORP,494368103,8221471000.0,74897,0.016776543016332975
NKE,NIKE INC,654106103,8200887000.0,199778,0.016734539783402006
QDF,FLEXSHARES TR,33939L860,8192133000.0,91105,0.016716676574060882
CHRW,C H ROBINSON WORLDWIDE IN,12541W209,8189840000.0,43484,0.016711997531449595
IXN,ISHARES TR,464287291,8167791000.0,56532,0.01666700485350095
DOV,DOVER CORP,260003108,8149450000.0,36336,0.016629578634341075
GM,GENERAL MTRS CO,37045V100,8149258000.0,105725,0.01662918684359473
PDP,INVESCO EXCHANGE TRADED FD T,46137V837,8121998000.0,53529,0.016573560719921093
UBS,UBS GROUP AG,H42097107,8089309000.0,163223,0.016506856304779213
NVT,NVENT ELEC PLC,G6700G107,8024160000.0,47309,0.016373914766583546
SNPS,SYNOPSYS INC,871607107,7976197000.0,17881,0.016276042581339276
BCS,BARCLAYS PLC,06738E204,7948688000.0,295930,0.016219908354041475
ATO,ATMOS ENERGY CORP,049560105,7934647000.0,46059,0.01619125661513826
SPTL,SPDR SERIES TRUST,78464A664,7930536000.0,302346,0.01618286780389753
HIG,HARTFORD INSURANCE GROUP INC,416515104,7922119000.0,59781,0.01616569226893931
IAUM,ISHARES GOLD TRUST MICRO,46436F103,7921460000.0,197987,0.01616434752882556
RAVI,FLEXSHARES TR,33939L886,7912006000.0,104908,0.016145055915721723
O,REALTY INCOME CORP,756109104,7882859000.0,127225,0.016085579223619167
ALLW,SSGA ACTIVE TR,78470P630,7867256000.0,268782,0.016053740103748305
DOC,HEALTHPEAK PROPERTIES INC,42250P103,7838250000.0,366273,0.0159945511329751
IWV,ISHARES TR,464287689,7836323000.0,18378,0.015990618941474032
BNDC,FLEXSHARES TR,33939L670,7819681000.0,353934,0.01595665966230394
CGUI,CAPITAL GRP FIXED INCM ETF T,14020Y888,7814659000.0,309124,0.01594641188559488
TROW,PRICE T ROWE GROUP INC,74144T108,7807448000.0,68673,0.015931697286262134
SPSB,SPDR SERIES TRUST,78464A474,7775832000.0,259108,0.015867182410030812
FLRT,PACER FDS TR,69374H428,7754267000.0,166294,0.015823177371255243
IWN,ISHARES TR,464287630,7743226000.0,35006,0.015800647362763657
GSLC,GOLDMAN SACHS ETF TR,381430503,7742843000.0,54569,0.015799865821847774
PAPR,INNOVATOR ETFS TRUST,45782C870,7737623000.0,183356,0.015789214010931547
FLMI,FRANKLIN TEMPLETON ETF TR,35473P868,7719554000.0,306697,0.015752342828662325
XBI,SPDR SERIES TRUST,78464A870,7700503000.0,48660,0.015713467799971695
BUXX,EA SERIES TRUST,02072L441,7697314000.0,380302,0.01570696040054414
CORP,PIMCO ETF TR,72201R817,7664895000.0,79101,0.01564080694113931
BSCV,INVESCO EXCH TRD SLF IDX FD,46138J429,7606673000.0,464246,0.015522000478464084
DFIC,DIMENSIONAL ETF TRUST,25434V799,7605883000.0,204130,0.01552038842278902
N/A,CRH PLC,G25508105,7544058000.0,70505,0.015394229761889436
BSCW,INVESCO EXCH TRD SLF IDX FD,46139W858,7540271000.0,367639,0.01538650209753316
CIT,CINTAS CORP,172908105,7506248000.0,44134,0.015317075552934913
SOFI,SOFI TECHNOLOGIES INC,83406F102,7473565000.0,416819,0.01525038338125386
VDE,VANGUARD WORLD FD,92204A306,7454284000.0,49652,0.01521103901989834
USTB,VICTORY PORTFOLIOS II,92647N535,7453616000.0,147246,0.015209675914593351
BTC,GRAYSCALE BITCOIN MINI TR ET,389930207,7440112000.0,286710,0.015182119965433819
FLEX,FLEX LTD,Y2573F102,7431070000.0,45851,0.015163669069973178
TPL,TEXAS PACIFIC LAND CORPORATI,88262P102,7407525000.0,16926,0.015115623689125939
TLTE,FLEXSHARES TR,33939L308,7404981000.0,95683,0.015110432461736878
ZS,ZSCALER INC,98980G102,7403859000.0,52454,0.015108142934562929
NDAQ,NASDAQ INC,631103108,7368409000.0,93484,0.015035804486865551
FREL,FIDELITY COVINGTON TRUST,316092857,7362798000.0,251290,0.01502435481041901
BSJQ,INVESCO EXCH TRD SLF IDX FD,46138J635,7357451000.0,320516,0.015013443846248687
IAGG,ISHARES TR,46435G672,7350799000.0,145273,0.01499986992934931
BUD,ANHEUSER BUSCH INBEV SA NV,03524A108,7333877000.0,89003,0.014965339288674134
ATI,ATI INC,01741R102,7320083000.0,37139,0.014937191572241479
AGIX,KRANESHARES TRUST,500767363,7316059000.0,156026,0.014928980291182684
WPC,WP CAREY INC,92936U109,7285429000.0,101894,0.014866477423679985
KEYS,KEYSIGHT TECHNOLOGIES INC,49338L103,7275543000.0,20783,0.014846304281396876
RGA,REINSURANCE GROUP AMER INC,759351604,7273707000.0,34205,0.01484255778238496
FE,FIRSTENERGY CORP,337932107,7272173000.0,152970,0.014839427537567814
CTAP,SIMPLIFY EXCHANGE TRADED FUN,82889N228,7259248000.0,274867,0.014813053082377728
FEGE,RBB FUND TRUST,75526L886,7214639000.0,147478,0.014722024991733657
ALAB,ASTERA LABS INC,04626A103,7214439000.0,14936,0.014721616876372884
RF,REGIONS FINANCIAL CORP NEW,7591EP100,7204676000.0,238565,0.014701694725036647
FDT,FIRST TR EXCH TRD ALPHDX FD,33737J174,7185312000.0,75893,0.014662180995806406
SPOT,SPOTIFY TECHNOLOGY S A,L8681T102,7180059000.0,15638,0.014651461845855652
VIOO,VANGUARD ADMIRAL FDS INC,921932828,7169408000.0,52126,0.014629727662317576
SYY,SYSCO CORP,871829107,7151882000.0,85569,0.014593964513252858
FANG,DIAMONDBACK ENERGY INC,25278X109,7151034000.0,40682,0.014592234104123173
EMLP,FIRST TR EXCHANGE-TRADED FD,33738D101,7145110000.0,164255,0.014580145727137016
EQWL,INVESCO EXCHANGE TRADED FD T,46137V449,7144104000.0,55372,0.014578092906872316
TRP,TC ENERGY CORP,87807B107,7115196000.0,107334,0.014519103912625893
EOG,EOG RES INC,26875P101,7102027000.0,54745,0.01449223155669566
LQDH,ISHARES U S ETF TR,46431W705,7072894000.0,75945,0.014432783432668362
EFAA,INVESCO ACTIVELY MANAGED EXC,46090A713,7030945000.0,126093,0.0143471832763226
DVN,DEVON ENERGY CORP NEW,25179M103,7023566000.0,169980,0.014332125860086803
AIS,TIDAL TRUST III,45259A845,7005572000.0,82119,0.014295407721077872
TRGP,TARGA RES CORP,87612G101,7000216000.0,26107,0.014284478391716315
NSC,NORFOLK SOUTHN CORP,655844108,6995091000.0,22236,0.014274020435596455
CMF,ISHARES TR,464288356,6960278000.0,120754,0.014202981835323149
SMMD,ISHARES TR,46435G268,6956739000.0,75922,0.014195760234014232
CF,CF INDUSTRIES HOLD,125269100,6953642000.0,64231,0.01418944056765263
BBIN,J P MORGAN EXCHANGE TRADED F,46641Q373,6944469000.0,88940,0.014170722356630683
GUNR,FLEXSHARES TR,33939L407,6941018000.0,140849,0.01416368032608051
NOK,NOKIA CORP,654902204,6917386000.0,520888,0.01411545741505133
SLYG,SPDR SERIES TRUST,78464A201,6911070000.0,58013,0.014102569131958054
SAMT,ADVISORS INNER CIRCLE FD III,00775Y645,6887272000.0,144281,0.014054007485179432
NEAR,ISHARES U S ETF TR,46431W507,6865193000.0,135515,0.01400895358992667
MDYG,SPDR SERIES TRUST,78464A821,6836947000.0,60995,0.01395131545752441
AG8,AGILENT TECHNOLOGIES INC,00846U101,6826851000.0,51395,0.013930713794112485
IHDG,WISDOMTREE TR,97717X594,6802067000.0,129860,0.013880140138605241
FEZ,SPDR INDEX SHS FDS,78463X202,6793026000.0,98908,0.013861691283721406
HFXI,NEW YORK LIFE INVESTMENTS ET,45409B560,6769449000.0,177722,0.01381358060441644
AR,ANTERO RESOURCES CORP,03674X106,6761129000.0,192405,0.013796603005408197
YMAG,TIDAL TRUST II,88636J642,6731722000.0,585877,0.013736595763336638
TER,TERADYNE INC,880770102,6730987000.0,13912,0.01373509593938579
SUSA,ISHARES TR,464288802,6729136000.0,43611,0.013731318831721817
SCHJ,SCHWAB STRATEGIC TR,808524714,6728486000.0,272850,0.013729992456799298
DMBS,DOUBLELINE ETF TRUST,25861R402,6719316000.0,136879,0.01371128036750776
CCJ,CAMECO CORP,13321L108,6688079000.0,65660,0.013647538869885109
BOTZ,GLOBAL X FDS,37954Y715,6666674000.0,175716,0.013603860323398161
DON,WISDOMTREE TR,97717W505,6643239000.0,117538,0.013556039405999344
DDFD,INNOVATOR ETFS TRUST,45784N437,6632390000.0,331993,0.0135339011882541
EIX,EDISON INTL,281020107,6629852000.0,89051,0.013528722204325867
XSEP,FIRST TR EXCHNG TRADED FD VI,33740U810,6627269000.0,149246,0.01352345139444146
TLTW,ISHARES TR,46436E338,6626293000.0,296611,0.013521459791480873
FDX,FEDEX CORP,31428X106,6624364000.0,21155,0.0135175235188262
FDN,FIRST TR EXCHANGE-TRADED FD,33733E302,6623366000.0,25020,0.013515487023175933
FNDB,SCHWAB STRATEGIC TR,808524789,6618585000.0,217288,0.013505731025476605
SCHE,SCHWAB STRATEGIC TR,808524706,6601332000.0,182055,0.013470524953879346
PEO,EXELON CORP,30161N101,6597261000.0,141511,0.013462217765710768
ILMN,ILLUMINA INC,452327109,6584150000.0,37446,0.013435463763235162
RSPT,INVESCO EXCHANGE TRADED FD T,46137V282,6523199000.0,101135,0.013311088566462162
BALT,INNOVATOR ETFS TRUST,45783Y855,6485717000.0,189254,0.01323460366669931
EUFN,ISHARES TR,464289180,6479485000.0,166183,0.013221886792057557
ETV,EATON VANCE TAX-MANAGED BUY-,27828Y108,6462968000.0,434339,0.01318818258498795
PYPL,PAYPAL HLDGS INC,70450Y103,6433526000.0,148993,0.013128103922728257
AER,AERCAP HOLDINGS NV,N00985106,6433484000.0,44131,0.013128018218502494
IMCG,ISHARES TR,464288307,6411783000.0,65227,0.013083735661281598
GSEP,FIRST TR EXCHNG TRADED FD VI,33740U711,6393733000.0,156097,0.01304690324997165
FV,FIRST TR EXCHANGE TRADED FD,33738R605,6377692000.0,84050,0.013014170357460688
VCR,VANGUARD WORLD FD,92204A108,6371027000.0,16064,0.01300056991306286
QDTE,ROUNDHILL ETF TRUST,77926X304,6359985000.0,204304,0.012978037863994468
ARGX,ARGENX SE,04016X101,6332234000.0,6825,0.012921409817110126
ICOW,PACER FDS TR,69374H873,6310168000.0,151577,0.012876382449355815
XLRE,SELECT SECTOR SPDR TR,81369Y860,6300617000.0,143098,0.012856892900302001
FTSM,FIRST TR EXCHANGE-TRADED FD,33739Q408,6275564000.0,105066,0.012805770329634515
VTR,VENTAS INC,92276F100,6265970000.0,70563,0.012786193035778137
FTLS,FIRST TR EXCH TRADED FD III,33739P103,6246819000.0,84645,0.012747113949407123
ETHA,ISHARES ETHEREUM TR,46438R105,6246007000.0,525316,0.012745457001042374
F,FORD MTR CO,345370860,6242719000.0,449116,0.012738747584511233
GIS,GENERAL MILLS INC,370334104,6240575000.0,179327,0.012734372587843726
IYC,ISHARES TR,464287580,6235963000.0,61681,0.012724961447624254
IBN,ICICI BANK LIMITED,45104G104,6235633000.0,214800,0.012724288057278975
EWC,ISHARES INC,464286509,6232908000.0,108135,0.012718727485488414
TGT,TARGET CORP,87612E106,6229792000.0,47698,0.01271236904816754
VOOV,VANGUARD ADMIRAL FDS INC,921932703,6202709000.0,28296,0.012657104106588187
AVSC,AMERICAN CENTY ETF TR,025072323,6197860000.0,84509,0.012647209349666195
HYMB,SPDR SERIES TRUST,78464A284,6182574000.0,243026,0.012616017092642158
HYBI,NEOS ETF TRUST,78433H584,6182256000.0,125534,0.012615368189218526
AVIG,AMERICAN CENTY ETF TR,025072562,6166940000.0,148924,0.012584114714890373
BRTR,BLACKROCK ETF TRUST II,092528876,6164790000.0,122500,0.012579727474762041
FOCT,FIRST TR EXCHNG TRADED FD VI,33740F664,6159396000.0,117793,0.012568720603481937
VSLU,ETF OPPORTUNITIES TRUST,26923N405,6110489000.0,132129,0.01246892211373481
SMFG,SUMITOMO MITSUI FIN GRP INC,86562M209,6100996000.0,258736,0.012449550918135623
FLJP,FRANKLIN TEMPLETON ETF TR,35473P744,6098716000.0,153427,0.012444898403022786
HAS,HASBRO INC,418056107,6097871000.0,73833,0.012443174115623514
URA,GLOBAL X FDS,37954Y871,6090705000.0,139375,0.012428551342246944
SAP,SAP SE,803054204,6088638000.0,39508,0.012424333469993333
SONY,SONY GROUP CORP,835699307,6080869000.0,303134,0.012408480228804026
APMU,TRUST FOR PROFESSIONAL MANAG,89834G745,6070514000.0,242342,0.012387350055999898
ILCV,ISHARES TR,464288109,6070005000.0,59957,0.012386311402406725
SIXD,AIM ETF PRODUCTS TRUST,00888H646,6062654000.0,196616,0.012371311122321439
MCHP,MICROCHIP TECHNOLOGY INC.,595017104,6060471000.0,66453,0.012366856543158578
WCC,WESCO INTL INC,95082P105,6016196000.0,17417,0.012276510005167005
GWW,WW GRAINGER INC,384802104,6011334000.0,4419,0.012266588720746562
XSVM,INVESCO EXCHANGE TRADED FD T,46137V480,6010582000.0,86371,0.012265054206990048
QTEC,FIRST TR EXCHANGE-TRADED FD,337345102,5999533000.0,17926,0.012242507873884029
AME,AMETEK INC,031100100,5988150000.0,24751,0.012219279988125517
B,BARRICK MNG CORP,06849F108,5963401000.0,162358,0.01216877775280641
RDVI,FIRST TR EXCHANGE-TRADED FD,33738D879,5961010000.0,202755,0.012163898733668344
MPWR,MONOLITHIC PWR SYS INC,609839105,5959089000.0,4311,0.012159978785628101
TWLO,TWILIO INC,90138F102,5957676000.0,28875,0.012157095450604224
ALLE,ALLEGION PLC,G0176J109,5956916000.0,42401,0.012155544612233279
NXPI,NXP SEMICONDUCTORS N V,N6596X109,5933012000.0,21112,0.012106766664313446
MAR,MARRIOTT INTL INC NEW,571903202,5917886000.0,15969,0.012075900899578027
8CW,CROWN CASTLE INC,22822V101,5902205000.0,77937,0.01204390261471646
SCZ,ISHARES TR,464288273,5899682000.0,71711,0.012038754239440282
CMG,CHIPOTLE MEXICAN GRILL INC,169656105,5873184000.0,172741,0.011984683035291198
HCA,HCA HEALTHCARE INC,40412C101,5872342000.0,15062,0.011982964869622335
VGLT,VANGUARD SCOTTSDALE FDS,92206C847,5861527000.0,106226,0.011960896031488423
IJK,ISHARES TR,464287606,5859899000.0,49871,0.011957573972451715
URTH,ISHARES INC,464286392,5856890000.0,28903,0.011951433876848855
DMXF,ISHARES TR,46436E759,5855272000.0,69211,0.011948132223580184
DBMF,LITMAN GREGORY FDS TR,53700T827,5851605000.0,191166,0.011940649428440373
CRS,CARPENTER TECHNOLOGY CORP,144285103,5833889000.0,9458,0.01190449856978292
FMB,FIRST TR EXCH TRADED FD III,33739N108,5826533000.0,113429,0.011889488086813612
QEFA,SPDR INDEX SHS FDS,78463X434,5825950000.0,60678,0.011888298430536954
FLRN,SPDR SERIES TRUST,78468R200,5818462000.0,188605,0.011873018591429536
LH,LABCORP HOLDINGS INC,504922105,5782522000.0,20652,0.01179968026109826
FHLC,FIDELITY COVINGTON TRUST,316092600,5780205000.0,74825,0.011794952244643681
BUFF,INNOVATOR ETFS TRUST,45783Y814,5773991000.0,109605,0.0117822721003844
FMHI,FIRST TR EXCH TRADED FD III,33739P301,5761651000.0,118821,0.011757091382624579
QFLR,INNOVATOR ETFS TRUST,45783Y681,5758477000.0,157853,0.01175061459184908
HGER,HARBOR ETF TRUST,41151J505,5751824000.0,196040,0.011737038634372898
DXJ,WISDOMTREE TR,97717W851,5738004000.0,33068,0.011708837862943342
IDU,ISHARES TR,464287697,5737475000.0,50061,0.011707758397814093
BABA,ALIBABA GROUP HLDG LTD,01609W102,5731940000.0,59720,0.011696463805204643
IQDF,FLEXSHARES TR,33939L837,5731632000.0,165846,0.011695835307549049
DOL,WISDOMTREE TR,97717W794,5725620000.0,76994,0.01168356735980415
ULTA,ULTA BEAUTY INC,90384S303,5715312000.0,12673,0.011662533094109806
BR,BROADRIDGE FINL SOLUTIONS IN,11133T103,5710010000.0,41694,0.011651713955895659
VRSK,VERISK ANALYTICS INC,92345Y106,5702373000.0,31763,0.011636130070844464
MELI,MERCADOLIBRE INC,58733R102,5687954000.0,3351,0.011606706993909387
CTA,SIMPLIFY EXCHANGE TRADED FUN,82889N699,5673162000.0,218703,0.011576522781826463
AEE,AMEREN CORP,023608102,5665583000.0,50120,0.011561057250229894
IGLB,ISHARES TR,464289511,5647840000.0,112867,0.011524851295998735
AM,ANTERO MIDSTREAM CORP,03676B102,5629793000.0,247463,0.011488025006419197
SHM,SPDR SERIES TRUST,78468R739,5628158000.0,117339,0.011484688663344863
EVUS,ISHARES TR,46436E221,5625979000.0,160239,0.01148024224648922
VSGX,VANGUARD WORLD FD,921910725,5603972000.0,68059,0.011435335272766335
EXPE,EXPEDIA GROUP INC,30212P303,5597212000.0,21874,0.011421540973572139
TSPA,T ROWE PRICE EXCHANGE-TRADED,87283Q503,5585182000.0,117509,0.01139699283462152
BBVA,BANCO BILBAO VIZCAYA ARGENTA,05946K101,5580815000.0,222698,0.011388081635718996
FJUN,FIRST TR EXCHNG TRADED FD VI,33740F722,5578767000.0,93057,0.01138390253442466
FTXL,FIRST TR EXCHANGE TRADED FD,33738R811,5568435000.0,19542,0.01136281929488702
BP,BP PLC,055622104,5565000000.0,150609,0.01135580991356571
SLYV,SPDR SERIES TRUST,78464A300,5564725000.0,51001,0.011355248754944643
DFAX,DIMENSIONAL ETF TRUST,25434V880,5561828000.0,150973,0.011349337203943818
MOO,VANECK ETF TRUST,92189F700,5550064000.0,70077,0.01132533185842303
DTE,DTE ENERGY CO,233331107,5543410000.0,36381,0.011311753860370043
DSEP,FIRST TR EXCHNG TRADED FD VI,33740F680,5529654000.0,116561,0.011283683685855935
GPIX,GOLDMAN SACHS ETF TR,38149W622,5519967000.0,99334,0.011263916618356797
WF2,WINTRUST FINL CORP,97650W108,5519152000.0,34340,0.011262253548261639
FTHI,FIRST TR EXCHANGE TRADED FD,33738R308,5516864000.0,231315,0.011257584708534373
DLR,DIGITAL RLTY TR INC,253868103,5492045000.0,30583,0.011206939632838992
N/A,AMRIZE LTD,H2927K103,5478474000.0,102786,0.011179246965033602
DWX,SPDR INDEX SHS FDS,78463X772,5472485000.0,119072,0.011167025950555192
HUBB,HUBBELL INC,443510607,5467526000.0,10450,0.011156906730184775
OUSM,ALPS ETF TR,00162Q395,5440916000.0,114497,0.011102606981433656
RWR,SPDR SERIES TRUST,78464A607,5432619000.0,48089,0.011085676315691902
DWM,WISDOMTREE TR,97717W703,5428484000.0,74145,0.011077238530607878
AIZ,ASSURANT INC,04621X108,5415680000.0,20168,0.01105111098521106
PDEC,INNOVATOR ETFS TRUST,45782C540,5408458000.0,117857,0.011036373939533472
TTMI,TTM TECHNOLOGIES INC,87305R109,5401138000.0,28880,0.011021436917329106
LITE,LUMENTUM HLDGS INC,55024U109,5399772000.0,6293,0.011018649489415012
ZROZ,PIMCO ETF TR,72201R882,5395927000.0,84180,0.011010803471604111
NLY,ANNALY CAPITAL MANAGEMENT IN,035710839,5381423000.0,240672,0.010981206945640705
AGNC,AGNC INVT CORP,00123Q104,5377735000.0,493370,0.010973681298388013
DFUV,DIMENSIONAL ETF TRUST,25434V724,5355335000.0,97352,0.010927972377981208
APO,APOLLO GLOBAL MGMT INC,03769M106,5334715000.0,45091,0.0108858956842853
N/A,CARNIVAL CORP LTD,G2004J103,5328286000.0,186499,0.010872776816013187
TDG,TRANSDIGM GROUP INC,893641100,5314492000.0,3990,0.010844629099580531
ONEQ,FIDELITY COMWLTH TR,315912808,5303626000.0,51382,0.010822456192029624
TMUS,T-MOBILE US INC,872590104,5285106000.0,31510,0.010784664709621854
BLOK,AMPLIFY ETF TR,032108607,5237547000.0,83627,0.010687616917406351
MLPX,GLOBAL X FDS,37954Y293,5230216000.0,71005,0.010672657448857141
SJNK,SPDR SERIES TRUST,78468R408,5225482000.0,208769,0.010662997358267597
EW,EDWARDS LIFESCIENCES CORP,28176E108,5225008000.0,57760,0.010662030124862559
Q,QNITY ELECTRONICS INC,74743L100,5211524000.0,31912,0.010634514987239106
FBTC,FIDELITY WISE ORIGIN BITCOIN,315948109,5200387000.0,101869,0.010611789083374347
PJUN,INNOVATOR ETFS TRUST,45782C748,5197435000.0,120228,0.010605765300649309
CFG,CITIZENS FINL GROUP INC,174610105,5188173000.0,74043,0.010586865478291815
PBUS,INVESCO EXCH TRADED FD TR II,46138E461,5182815000.0,69252,0.010575932067776652
HII,HUNTINGTON INGALLS INDS INC,446413106,5181974000.0,18514,0.010574215942684593
RBC,RBC BEARINGS INC,75524B104,5165909000.0,8021,0.010541434076330337
IWX,ISHARES TR,464289420,5159669000.0,49065,0.010528700877074155
D,DOMINION ENERGY INC,25746U109,5134405000.0,75185,0.01047714774470105
A4S,AMERIPRISE FINL INC,03076C106,5131697000.0,11186,0.010471621862716158
PSA,PUBLIC STORAGE,74460D109,5113301000.0,16064,0.010434083411832069
AXON,AXON ENTERPRISE INC,05464C101,5095642000.0,9089,0.010398048866052435
HYHG,PROSHARES TR,74348A541,5089418000.0,78441,0.010385348316025115
RWO,SPDR INDEX SHS FDS,78463X749,5088087000.0,102355,0.010382632308299156
DIVI,FRANKLIN TEMPLETON ETF TR,35473P108,5077372000.0,118852,0.010360767527845635
EPI,WISDOMTREE TR,97717W422,5061549000.0,118316,0.010328479481077917
CASY,CASEYS GEN STORES INC,147528103,5054621000.0,6360,0.01031434236498067
YUM,YUM BRANDS INC,988498101,5054221000.0,31617,0.010313526134259118
LSGR,NATIXIS ETF TRUST II,63875W406,5047090000.0,119798,0.010298974781070684
OMFL,INVESCO EXCH TRD SLF IDX FD,46138J619,5046516000.0,73629,0.01029780348998526
UAL,UNITED AIRLS HLDGS INC,910047109,5026858000.0,36965,0.010257689831174682
SPBO,SPDR SERIES TRUST,78464A144,5026514000.0,173089,0.010256987872754149
TAXX,BONDBLOXX ETF TRUST,09789C721,5020087000.0,98937,0.010243873085635642
FIW,FIRST TR EXCHANGE-TRADED FD,33733B100,5018973000.0,45827,0.010241599883076123
AYI,ACUITY INC,00508Y102,5018967000.0,13325,0.010241587639615302
BSJS,INVESCO EXCH TRD SLF IDX FD,46138J452,5016855000.0,230713,0.010237277941405516
BKIE,BNY MELLON ETF TRUST,09661T404,5001028000.0,49712,0.010204981732330583
ITW,ILLINOIS TOOL WKS INC,452308109,4994701000.0,18467,0.010192071002892465
KR,KROGER CO,501044101,4989224000.0,89847,0.01018089476373764
GBIL,GOLDMAN SACHS ETF TR,381430529,4985478000.0,49775,0.010173250763030325
JMST,J P MORGAN EXCHANGE TRADED F,46641Q654,4982178000.0,97690,0.010166516859577535
N/A,AMCOR PLC,G0250X149,4979087000.0,114858,0.010160209436676757
ESGV,VANGUARD WORLD FD,921910733,4969634000.0,37580,0.010140919864149724
FTGS,FIRST TR EXCHANGE-TRADED FD,33733E823,4964484000.0,134167,0.010130410893609767
RSG,REPUBLIC SVCS INC,760759100,4955158000.0,23255,0.010111380474336826
OTIS,OTIS WORLDWIDE CORP,68902V107,4954600000.0,69198,0.010110241832480264
IDV,ISHARES TR,464288448,4945874000.0,119379,0.010092435759289649
7HP,HP INC,40434L105,4944315000.0,225356,0.010089254500052406
REZ,ISHARES TR,464288562,4939479000.0,52165,0.010079386270628866
RTO,RENTOKIL INITIAL PLC,760125104,4923869000.0,172103,0.010047532866720374
PKB,INVESCO EXCHANGE TRADED FD T,46137V779,4912241000.0,43836,0.010023805039644913
XEL,XCEL ENERGY INC,98389B100,4911330000.0,61162,0.010021946074176582
RJF,RAYMOND JAMES FINL INC,754730109,4904153000.0,32258,0.01000730085445517
HBAN,HUNTINGTON BANCSHARES INC,446150104,4897481000.0,276226,0.009993686126019714
FEX,FIRST TR EXCHANGE-TRADED ALP,33734K109,4894190000.0,34990,0.009986970587758161
DIHP,DIMENSIONAL ETF TRUST,25434V765,4894166000.0,143419,0.009986921613914866
USHY,ISHARES TR,46435U853,4881150000.0,131852,0.009960361466235627
SHYM,BLACKROCK ETF TRUST II,092528108,4875504000.0,217172,0.009948840369600948
IJS,ISHARES TR,464287879,4863670000.0,35584,0.009924692183703888
FMAR,FIRST TR EXCHNG TRADED FD VI,33740F599,4860703000.0,93010,0.00991863779232679
PIZ,INVESCO EXCH TRADED FD TR II,46138E875,4838516000.0,86557,0.00987336351477921
FNOV,FIRST TR EXCHNG TRADED FD VI,33740F847,4825964000.0,82509,0.009847750194736968
EWU,ISHARES TR,46435G334,4815185000.0,104360,0.009825754817367997
BALL,BALL CORP,058498106,4788487000.0,76739,0.009771275497858136
TD,TORONTO DOMINION BK ONT,891160509,4761356000.0,39211,0.009715912608592198
FELC,FIDELITY COVINGTON TRUST,316092113,4757329000.0,113513,0.009707695205802992
BE,BLOOM ENERGY CORP,093712107,4737239000.0,15650,0.009666700017813138
VSS,VANGUARD INTL EQUITY INDEX F,922042718,4735940000.0,30695,0.009664049308544904
GCOW,PACER FDS TR,69374H709,4728294000.0,109198,0.009648447058302473
FAUG,FIRST TR EXCHNG TRADED FD VI,33740F862,4704974000.0,83267,0.009600860807236102
PFEB,INNOVATOR ETFS TRUST,45782C417,4700257000.0,109156,0.009591235406452223
BILT,BLACKROCK ETF TRUST,09290C673,4688002000.0,167249,0.009566228137720732
BBEU,J P MORGAN EXCHANGE TRADED F,46641Q191,4677968000.0,60151,0.009545752990070648
TTWO,TAKE-TWO INTERACTIVE SOFTWAR,874054109,4673211000.0,18694,0.009536045966214613
TM,TOYOTA MOTOR CORP,892331307,4642740000.0,27566,0.009473867550423731
IREN,IREN LIMITED,Q4982L109,4632586000.0,101303,0.009453147533557183
FSEP,FIRST TR EXCHNG TRADED FD VI,33740U307,4630521000.0,84069,0.00944893374245718
XHLF,BONDBLOXX ETF TRUST,09789C788,4626856000.0,91985,0.009441455028470977
PJP,INVESCO EXCHANGE TRADED FD T,46137V662,4624483000.0,39043,0.00943661273971538
FLV,AMERICAN CENTY ETF TR,025072794,4614129000.0,56754,0.009415484607488058
ARW,ARROW ELECTRS INC,042735100,4612670000.0,21614,0.009412507405931202
SRE,SEMPRA,816851109,4591669000.0,49527,0.00936965325247302
WWD,WOODWARD INC,980745103,4585230000.0,10778,0.009356513978432866
HAL,HALLIBURTON CO,406216101,4583818000.0,135017,0.009353632683985794
KKR,KKR & CO INC,48251W104,4583504000.0,49940,0.009352991942869378
STCE,SCHWAB STRATEGIC TR,808524656,4583231000.0,65522,0.00935243486540192
SPHB,INVESCO EXCH TRADED FD TR II,46138E370,4579831000.0,29435,0.009345496904268743
IBTG,ISHARES TR,46436E858,4578195000.0,200009,0.009342158520617604
SCMB,SCHWAB STRATEGIC TR,808524649,4568457000.0,176935,0.009322287383701467
PPL,PPL CORP,69351T106,4539302000.0,124878,0.009262794366984484
FNDE,SCHWAB STRATEGIC TR,808524730,4530900000.0,114186,0.009245649440678325
AMLP,ALPS ETF TR,00162Q452,4530519000.0,87377,0.009244871980916048
IGRO,ISHARES TR,46435G524,4529143000.0,51509,0.009242064147233916
LPLA,LPL FINL HLDGS INC,50212V100,4526714000.0,16070,0.009237107586177302
JBTM,JBT MAREL CORPORATION,477839104,4525818000.0,31213,0.009235279229361031
DOCT,FIRST TR EXCHNG TRADED FD VI,33740F672,4501446000.0,96432,0.009185546291496984
RYAAY,RYANAIR HOLDINGS PLC,783513203,4497651000.0,69462,0.009177802302526277
APG,API GROUP CORP,00187Y100,4496172000.0,106167,0.009174784289433345
BUFZ,FIRST TR EXCHNG TRADED FD VI,33740U729,4492820000.0,160860,0.009167944275986755
COO,COOPER COS INC,216648501,4482573000.0,62510,0.009147034485477447
XYL,XYLEM INC,98419M100,4471328000.0,37825,0.009124088199317868
PNOV,INNOVATOR ETFS TRUST,45782C573,4468457000.0,100754,0.009118229703313942
KIE,SPDR SERIES TRUST,78464A789,4462704000.0,73171,0.00910649026496125
SPGP,INVESCO EXCHANGE TRADED FD T,46137V431,4462299000.0,36489,0.009105663831355679
DGS,WISDOMTREE TR,97717W281,4424000000.0,68367,0.00902751178034406
IDEV,ISHARES TR,46435G326,4415664000.0,49609,0.009010501532106958
RY,ROYAL BK CDA,780087102,4412649000.0,21320,0.009004349193043274
BWX,SPDR SERIES TRUST,78464A516,4412417000.0,203525,0.009003875779224775
GLPI,GAMING & LEISURE P,36467J108,4398829000.0,98783,0.008976148421613718
HYGH,ISHARES U S ETF TR,46431W606,4397219000.0,50770,0.00897286309295948
MFEM,PIMCO EQUITY SER,72202L389,4395657000.0,155683,0.008969675711991825
ISCF,ISHARES TR,46434V266,4392257000.0,101461,0.00896273775085865
FLBL,FRANKLIN TEMPLETON ETF TR,35473P595,4381469000.0,191164,0.008940724008298444
MSCI,MSCI INC,55354G100,4381413000.0,7823,0.008940609735997427
GL,GLOBE LIFE INC,37959E102,4379728000.0,24512,0.008937171364082896
CGHY,CAPITAL GRP FIXED INCM ETF T,14020Y870,4356581000.0,171993,0.008889938132803596
GJUL,FIRST TR EXCHNG TRADED FD VI,33740U661,4355610000.0,100152,0.008887956732727034
FSK,FS KKR CAP CORP,302635206,4353830000.0,414650,0.008884324506016136
ZBRA,ZEBRA TECHNOLOGIES CORPORATI,989207105,4344189000.0,16502,0.008864651305049974
FYX,FIRST TR EXCHANGE-TRADED ALP,33734Y109,4301794000.0,29812,0.008778141051449683
FMAY,FIRST TR EXCHNG TRADED FD VI,33740F748,4293792000.0,76402,0.008761812355865074
SUSB,ISHARES TR,46435G243,4283996000.0,171428,0.008741822865494311
FFEB,FIRST TR EXCHNG TRADED FD VI,33740F763,4282503000.0,70228,0.008738776284326127
HEQT,SIMPLIFY EXCHANGE TRADED FUN,82889N764,4269422000.0,127293,0.008712083499154635
XTEN,BONDBLOXX ETF TRUST,09789C812,4254872000.0,93350,0.00868239310665825
IONQ,IONQ INC,46222L108,4245142000.0,79706,0.008662538294356543
SIVR,ABRDN SILVER ETF TRUST,003264108,4213520000.0,74947,0.008598011174664402
PCMM,BONDBLOXX ETF TRUST,09789C671,4212911000.0,84469,0.00859676846339084
VLU,SPDR SERIES TRUST,78464A128,4208763000.0,17669,0.008588304150808366
FDEM,FIDELITY COVINGTON TRUST,316092543,4196907000.0,115522,0.008564111072221622
MBS,ANGEL OAK FUNDS TRUST,03463K737,4187438000.0,485219,0.008544788850465727
IYE,ISHARES TR,464287796,4179393000.0,73854,0.00852837241007855
EHC,ENCOMPASS HEALTH CORP,29261A100,4175777000.0,41312,0.008520993684355738
XYZ,BLOCK INC,852234103,4166450000.0,54822,0.008501961224505993
AUSF,GLOBAL X FDS,37954Y574,4161520000.0,85172,0.008491901180862889
FDEC,FIRST TR EXCHNG TRADED FD VI,33740U505,4156726000.0,76316,0.00848211865566511
ESI,ELEMENT SOLUTIONS INC,28618M106,4156357000.0,87044,0.00848136568282448
SCHY,SCHWAB STRATEGIC TR,808524672,4143601000.0,130589,0.008455336085114248
DLN,WISDOMTREE TR,97717W307,4142045000.0,43003,0.008452160947607418
EPD,ENTERPRISE PRODS PARTNERS L,293792107,4141918000.0,112675,0.008451901794353326
ICLN,ISHARES TR,464288224,4140080000.0,202054,0.008448151214187804
ALHC,ALIGNMENT HEALTHCARE INC,01625V104,4136345000.0,173723,0.00844052965982533
WBD,WARNER BROS DISCOVERY INC,934423104,4127909000.0,154835,0.008423315353907838
DGX,QUEST DIAGNOSTICS INC,74834L100,4123848000.0,19457,0.008415028571507301
CNC,CENTENE CORP DEL,15135B101,4115093000.0,64108,0.008397163321589372
IBKR,INTERACTIVE BROKERS GROUP IN,45841N107,4107308000.0,47189,0.008381277431171204
IGE,ISHARES TR,464287374,4103127000.0,73035,0.008372745779554202
DFAR,DIMENSIONAL ETF TRUST,25434V823,4096307000.0,156587,0.008358829045751772
BLDR,BUILDERS FIRSTSOURCE INC,12008R107,4095983000.0,45775,0.008358167898867317
IX,ORIX CORP,686330101,4074418000.0,107109,0.008314162860091748
RWJ,INVESCO EXCH TRADED FD TR II,46138G664,4064841000.0,68317,0.008294620256041035
FCNCA,FIRST CTZNS BANCSHARES INC D,31946M103,4037319000.0,1940,0.00823845950124478
DEO,DIAGEO PLC,25243Q205,4032990000.0,50174,0.008229625844260804
SXI,STANDEX INTL CORP,854231107,4030423000.0,11269,0.008224387683605255
BIIB,BIOGEN INC,09062X103,4029827000.0,18651,0.008223171499830147
IETC,ISHARES U S ETF TR,46431W648,4028801000.0,37530,0.00822107786802937
UJUN,INNOVATOR ETFS TRUST,45782C730,4019491000.0,104294,0.008202080097985292
BUL,PACER FDS TR,69374H667,4013710000.0,68075,0.00819028352348209
SDCI,USCF ETF TR,90290T809,4009912000.0,151661,0.008182533412780971
FAST,FASTENAL CO,311900104,4005810000.0,83402,0.008174162966731475
OZK,BANK OZK LITTLE ROCK ARK,06417N103,4002027000.0,76829,0.008166443464682415
CGVV,CAPITAL GROUP EQUITY ETF TR,14022A300,4001941000.0,129513,0.008166267975077282
EXEL,EXELIXIS INC,30161Q104,4000822000.0,73531,0.008163984569633744
DECK,DECKERS OUTDOOR CORP,243537107,3994483000.0,40230,0.00815104935327398
ALB,ALBEMARLE CORP,012653101,3987772000.0,29532,0.008137355042343173
PCAR,PACCAR INC,693718108,3982655000.0,33156,0.008126913410837744
IIPR,INNOVATIVE INDL PPTYS INC,45781V101,3978832000.0,64195,0.008119112285716528
LDSF,FIRST TR EXCHNG TRADED FD VI,33740F870,3966930000.0,209890,0.008094825340596806
KIM,KIMCO REALTY CORP,49446R109,3963285000.0,156343,0.00808738743814668
FEOE,RBB FUND TRUST,75526L878,3958275000.0,74125,0.008077164148359265
KCE,SPDR SERIES TRUST,78464A771,3935707000.0,26731,0.008031112411049408
VIK,VIKING HOLDINGS LTD,G93A5A101,3918217000.0,37434,0.007995422722749631
FXO,FIRST TR EXCHANGE-TRADED FD,33734X135,3916587000.0,62706,0.007992096582559314
EMB,ISHARES TR,464288281,3911140000.0,40555,0.007980981560708606
NWG,NATWEST GROUP PLC,639057207,3901332000.0,221289,0.007960967583416198
SMG,SCOTTS MIRACLE-GRO CO,810186106,3896986000.0,57216,0.007952099236626556
ALC,ALCON AG,H01301128,3896616000.0,58072,0.007951344223209122
FELV,FIDELITY COVINGTON TRUST,31609A107,3894528000.0,97145,0.00794708349884263
LIT,GLOBAL X FDS,37954Y855,3869122000.0,49427,0.007895240604563376
EETH,PROSHARES TR,74349Y100,3858304000.0,200536,0.007873165644699053
BITB,BITWISE BITCOIN ETF TR,09174C104,3851717000.0,120895,0.007859724365291927
SU,SUNCOR ENERGY INC NEW,867224107,3842445000.0,71581,0.007840804137166396
IBDU,ISHARES TR,46436E205,3838890000.0,165755,0.00783354988662862
SPLB,SPDR SERIES TRUST,78464A367,3833838000.0,171153,0.007823240892615442
BWA,BORGWARNER INC,099724106,3828240000.0,57654,0.007811817743667348
HYD,VANECK ETF TRUST,92189H409,3827840000.0,74313,0.007811001512945798
BOCT,INNOVATOR ETFS TRUST,45782C771,3822638000.0,72096,0.007800386432412039
NFRA,FLEXSHARES TR,33939L795,3815983000.0,59513,0.007786806393782249
BGIG,ETF SER SOLUTIONS,26922B527,3815066000.0,106299,0.007784935184853096
MTB,M & T BK CORP,55261F104,3800885000.0,15969,0.007755997765197341
SPYD,SPDR SERIES TRUST,78468R788,3794165000.0,79526,0.007742285089075299
UPST,UPSTART HLDGS INC,91680M107,3789770000.0,106965,0.007733316754022268
MDB,MONGODB INC,60937P106,3782906000.0,11262,0.007719310234840468
SAIA,SAIA INC,78709Y105,3776513000.0,8967,0.007706264827333294
SCHZ,SCHWAB STRATEGIC TR,808524839,3775701000.0,163238,0.007704607878968548
JNEU,AIM ETF PRODUCTS TRUST,00888H588,3775539000.0,113961,0.007704277305526319
DECU,AIM ETF PRODUCTS TRUST,00888H521,3774363000.0,129126,0.007701877587204962
GPC,GENUINE PARTS CO,372460105,3773842000.0,31987,0.0077008144466901435
IWMI,NEOS ETF TRUST,78433H634,3768869000.0,70420,0.007690666658244472
TPR,TAPESTRY INC,876030107,3746305000.0,25593,0.007644623083241831
AAOI,APPLIED OPTOELECTRONICS INC,03823U102,3738818000.0,25235,0.0076293452847112165
PAYR,FEDERATED HERMES ETF TRUST,31423L883,3737371000.0,69662,0.007626392570076009
WSM,WILLIAMS SONOMA INC,969904101,3734293000.0,16020,0.007620111674673681
GSST,GOLDMAN SACHS ETF TR,381430230,3732411000.0,73800,0.007616271309128788
AVRE,AMERICAN CENTY ETF TR,025072356,3724758000.0,78615,0.00760065477484873
IYH,ISHARES TR,464287762,3721929000.0,55543,0.007594881983070568
GTES,GATES INDL CORP PLC,G39108108,3692096000.0,132002,0.007534005455280557
JBL,JABIL INC,466313103,3688339000.0,9568,0.007526339008228398
FIIG,FIRST TR EXCHANGE-TRADED FD,33738D796,3687116000.0,178036,0.00752384338279726
FISR,SSGA ACTIVE TR,78470P507,3678540000.0,143413,0.007506343396127225
QLYS,QUALYS INC,74758T303,3667470000.0,26674,0.007483754210908327
WCN,WASTE CONNECTIONS INC,94106B101,3666515000.0,21996,0.007481805460060625
OSIS,OSI SYSTEMS INC,671044105,3658632000.0,16729,0.007465719593115677
FLHY,FRANKLIN TEMPLETON ETF TR,35473P629,3658125000.0,150602,0.007464685020676111
OKLO,OKLO INC,02156V109,3657187000.0,69887,0.007462770959634077
VPG,VISHAY PRECISION GROUP INC,92835K103,3654056000.0,24375,0.007456381913661145
AEM,AGNICO EAGLE MINES LTD,008474108,3653665000.0,23552,0.007455584048130829
DEM,WISDOMTREE TR,97717W315,3634297000.0,67565,0.007416062156593373
NRG,NRG ENERGY INC,629377508,3633926000.0,24880,0.007415305102599135
ET,ENERGY TRANSFER L P,29273V100,3631631000.0,189939,0.007410621978834242
AIG,AMERICAN INTL GROUP INC,026874784,3627303000.0,48669,0.00740179036242707
CL,COLGATE PALMOLIVE CO,194162103,3621595000.0,39503,0.0073901427500305495
PRN,INVESCO EXCHANGE TRADED FD T,46137V845,3616684000.0,13872,0.007380121477346718
EQIX,EQUINIX INC,29444U700,3612927000.0,3466,0.0073724550302945585
WTM,WHITE MTNS INS GROUP LTD,G9618E107,3609702000.0,1741,0.007365874170102061
JLL,JONES LANG LASALLE INC,48020Q107,3607211000.0,11638,0.0073607910932836085
OCTW,AIM ETF PRODUCTS TRUST,00888H505,3594659000.0,87868,0.007335177773241367
PTIN,PACER FDS TR,69374H683,3594109000.0,98012,0.007334055455999234
AKRE,PROFESIONALLY MANAGED PORTFO,74316P579,3590006000.0,67494,0.007325682969372934
RNR,RENAISSANCERE HLDGS LTD,G7496G103,3587013000.0,11319,0.007319575522998937
EVSM,MORGAN STANLEY ETF TRUST,61774R858,3570669000.0,70973,0.007286224335716399
VMC,VULCAN MATLS CO,929160109,3563277000.0,12079,0.007271140391982153
QDEF,FLEXSHARES TR,33939L845,3563071000.0,40945,0.007270720033160555
MINO,PIMCO ETF TR,72201R635,3558684000.0,77768,0.007261768022721955
DPZ,DOMINOS PIZZA INC,25754A201,3547978000.0,11985,0.007239921607459666
XOVR,ENTREPRENEURSHARES SERIES TR,293828877,3547514000.0,168528,0.007238974779822668
TIGO,MILLICOM INTL CELLULAR S A,L6388F110,3526894000.0,38860,0.00719689808612676
SCHB,SCHWAB STRATEGIC TR,808524102,3514414000.0,121354,0.0071714316876143975
SYF,SYNCHRONY FINANCIAL,87165B103,3503289000.0,46066,0.007148730270671285
IM8N,INSMED INC,457669307,3499588000.0,32823,0.007141178095920142
WT,WISDOMTREE INC,97717P104,3499535000.0,206584,0.007141069945349537
ACGL,ARCH CAP GROUP LTD,G0450A105,3495872000.0,36018,0.007133595312516942
AGGY,WISDOMTREE TR,97717X511,3491552000.0,80302,0.007124780020724201
EIS*,ISHARES INC,464286632,3482407000.0,28849,0.007106118945852763
HXL,HEXCEL CORP NEW,428291108,3480396000.0,34783,0.00710201534590017
ING,ING GROEP N.V.,456837103,3475634000.0,110760,0.007092298119160115
IVOG,VANGUARD ADMIRAL FDS INC,921932869,3474322000.0,23748,0.0070896208823934305
ASTS,AST SPACEMOBILE INC,00217D100,3469450000.0,39044,0.007079679192204951
SSNC,SS&C TECH HLDGS,78467J100,3466165000.0,55861,0.007072975897404221
BHP,BHP BILLITON LIMITED,088606108,3463382000.0,41572,0.007067296972159035
EVRG,EVERGY INC,30034W106,3462392000.0,40060,0.007065276801123199
BBLU,EA SERIES TRUST,02072L714,3458657000.0,209616,0.007057655246760726
MMIT,NEW YORK LIFE INVTS ACTIVE E,45409F827,3454718000.0,141878,0.007049617414730262
FIS,FIDELITY NATL INFORMATION SV,31620M106,3449618000.0,88725,0.0070392104730304965
STZ,CONSTELLATION BRANDS INC,21036P108,3441997000.0,24747,0.007023659237208164
CSTM,CONSTELLIUM SE,F21107101,3436893000.0,107841,0.007013244133201185
MUSA,MURPHY USA INC,626755102,3417212000.0,6341,0.006973083541124116
GMAR,FIRST TR EXCHNG TRADED FD VI,33740F482,3414974000.0,77192,0.006968516730237044
OVV,OVINTIV INC,69047Q102,3412356000.0,64812,0.006963174500164498
PYLD,PIMCO ETF TR,72201R585,3408779000.0,128536,0.0069558753569370375
LTH,LIFE TIME GROUP HOLDINGS INC,53190C102,3399481000.0,83239,0.006936902073814605
WRB,BERKLEY W R CORP,084423102,3388886000.0,48049,0.006915282162577546
CVE,CENOVUS ENERGY INC,15135U109,3371074000.0,135876,0.00687893540854692
NTRA,NATERA INC,632307104,3347839000.0,12333,0.006831522606508879
IVOO,VANGUARD ADMIRAL FDS INC,921932885,3347477000.0,25671,0.0068307839177058766
ES,EVERSOURCE ENERGY,30040W108,3345400000.0,46290,0.006826545639684227
CNQ,CANADIAN NAT RES LTD MED TER,136385101,3339692000.0,84549,0.0068148980272877075
TKO,TKO GROUP HOLDINGS INC,87256C101,3335980000.0,16571,0.006807323406191722
APLD,APPLIED DIGITAL CORP,038169207,3331636000.0,89320,0.006798459140555688
NTAP,NETAPP INC,64110D104,3327516000.0,21501,0.006790051964123722
IYM,ISHARES TR,464287838,3324775000.0,18519,0.006784458743104301
HYDB,ISHARES TR,46435G250,3324395000.0,71080,0.006783683323918828
IYK,ISHARES TR,464287812,3307765000.0,45524,0.006749748531670382
STT,STATE STR CORP,857477103,3299440000.0,19454,0.006732760729778121
DISV,DIMENSIONAL ETF TRUST,25434V781,3288255000.0,81940,0.0067099368782267774
YUMC,YUM CHINA HLDGS INC,98850P109,3284006000.0,80352,0.006701266467387111
HYS,PIMCO ETF TR,72201R783,3277005000.0,35041,0.006686980389183181
QXO,QXO INC,82846H405,3270586000.0,189270,0.006673881926679105
DFSD,DIMENSIONAL ETF TRUST,25434V864,3268967000.0,68460,0.006670578232833632
JGLO,J P MORGAN EXCHANGE TRADED F,46654Q740,3262325000.0,45806,0.006657024721702292
UFEB,INNOVATOR ETFS TRUST,45782C425,3241431000.0,83866,0.006614388909962123
AKAM,AKAMAI TECHNOLOGIES INC,00971T101,3235644000.0,27372,0.006602580091998096
ZTS,ZOETIS INC,98978V103,3234314000.0,45009,0.006599866124848942
WST,WEST PHARMACEUTICAL SVSC INC,955306105,3233978000.0,9008,0.00659918049104284
PAUG,INNOVATOR ETFS TRUST,45782C680,3226063000.0,70685,0.006583029325640167
JIG,J P MORGAN EXCHANGE TRADED F,46641Q324,3225347000.0,36999,0.006581568272648593
NIHI,NEOS ETF TRUST,78433H543,3207775000.0,62251,0.006545711257050898
COIN,COINBASE GLOBAL INC,19260Q107,3204256000.0,21918,0.006538530467278062
RELX,RELX PLC,759530108,3198022000.0,100980,0.006525809511482703
VSEC,VSE CORP,918284100,3197107000.0,13992,0.006523942383707156
HFSI,HARTFORD FDS EXCHANGE TRADED,41653L875,3189082000.0,90702,0.006507566754856057
LYB,LYONDELLBASELL INDUSTRIES NV,N53745100,3187131000.0,60534,0.006503585589511697
IXP*,ISHARES TR,464287275,3184232000.0,28217,0.006497669957357262
MWA,MUELLER WTR PRODS INC,624758108,3181624000.0,123176,0.0064923481330527565
IEV,ISHARES TR,464287861,3177168000.0,43612,0.006483255322814688
PTF,INVESCO EXCHANGE TRADED FD T,46137V811,3170434000.0,23259,0.006469514078617393
FSMB,FIRST TR EXCH TRADED FD III,33739P830,3161079000.0,158133,0.00645042448261714
CEF/U,SPROTT ASSET MANAGEMENT LP,85208R101,3151980000.0,78349,0.006431857274278678
ACMR,ACM RESH INC,00108J109,3139512000.0,24742,0.0064064153626879625
GRMN,GARMIN LTD,H2906T109,3137870000.0,13210,0.0064030647355759985
AVDS,AMERICAN CENTY ETF TR,025072190,3132524000.0,41623,0.006392155811982482
OUSA,ALPS ETF TR,00162Q387,3126679000.0,53603,0.006380228640563831
BFEB,INNOVATOR ETFS TRUST,45782C433,3121150000.0,59290,0.006368946291415205
PFG,PRINCIPAL FINANCIAL GROUP IN,74251V102,3116554000.0,28916,0.006359567800424595
SF,STIFEL FINL CORP,860630102,3109062000.0,44562,0.006344279799009961
NTRS,NORTHERN TR CORP,665859104,3106153000.0,17868,0.006338343761087488
FALN,ISHARES TR,46435G474,3100803000.0,113833,0.006327426675186756
POWL,POWELL INDS INC,739128106,3087790000.0,10783,0.006300872649237926
USRT,ISHARES TR,464288521,3080494000.0,46358,0.006285984600876853
PIPR,PIPER SANDLER COMPANIES,724078209,3078553000.0,42557,0.006282023841300532
EQTY,VALUED ADVISERS TR,92046L353,3077462000.0,110104,0.006279797572007504
VIAV,VIAVI SOLUTIONS INC,925550105,3071758000.0,64330,0.006268158121918199
CATH,GLOBAL X FDS,37954Y889,3057463000.0,34548,0.0062389880765068035
XT,ISHARES TR,46434V381,3044961000.0,36851,0.006213476785304754
WH,WYNDHAM HOTELS & RESORTS INC,98311A105,3043189000.0,36138,0.006209860883208288
CRWV,COREWEAVE INC,21873S108,3037231000.0,30513,0.006197703126610798
COPX,GLOBAL X FDS,37954Y830,3032046000.0,39393,0.006187122735882705
SRLN,SSGA ACTIVE ETF TR,78467V608,3028186000.0,75160,0.006179246109419747
MORT,VANECK ETF TRUST,92189F452,3026473000.0,292131,0.006175750601354709
UFPT,UFP TECHNOLOGIES INC,902673102,3021687000.0,11397,0.0061659844007713625
HST,HOST HOTELS & RESORTS INC,44107P104,3021608000.0,127440,0.0061658231952038565
IDYN,BLACKROCK ETF TRUST,09290C681,3019659000.0,100619,0.006161846111013103
VAW,VANGUARD WORLD FD,92204A801,3010759000.0,13159,0.006143684977458613
BKLC,BNY MELLON ETF TRUST,09661T107,3006710000.0,20969,0.0061354226819797224
AU,ANGLOGOLD ASHANTI PLC,G0378L100,3001178000.0,37102,0.0061241342111006845
ALNY,ALNYLAM PHARMACEUTICALS INC,02043Q107,2995055000.0,9949,0.006111639759330557
AGX,ARGAN INC,04010E109,2994318000.0,3750,0.0061101358542261005
FI,FISERV INC,337738108,2974705000.0,60646,0.006070114021371695
ARES,ARES MANAGEMENT CORPORATION,03990B101,2971395000.0,26695,0.006063359712150869
VNLA,JANUS DETROIT STR TR,47103U886,2966212000.0,60702,0.006052783402576383
BCD,ABRDN ETFS,003261203,2961583000.0,86723,0.0060433375725512445
ROK,ROCKWELL AUTOMATION INC,773903109,2961381000.0,5982,0.0060429253760368624
PTNQ,PACER FDS TR,69374H303,2959221000.0,33381,0.006038517730140492
THG,HANOVER INS GROUP INC,410867105,2957715000.0,13813,0.006035444621473855
SPHD,INVESCO EXCH TRADED FD TR II,46138E362,2956556000.0,58154,0.006033079592958164
VPL,VANGUARD INTL EQUITY INDEX F,922042866,2955016000.0,25543,0.006029937104680196
CHDN,CHURCHILL DOWNS INC,171484108,2949385000.0,32903,0.006018446616697574
FNGS,BANK MONTREAL MEDIUM,06368B504,2945587000.0,40584,0.006010696505996456
UMI,USCF ETF TR,90290T882,2939040000.0,49950,0.005997336849661485
XHB,SPDR SERIES TRUST,78464A888,2933064000.0,25381,0.005985142362681527
CVNA,CARVANA CO,146869102,2929888000.0,44514,0.005978661490752419
VIRT,VIRTU FINL INC,928254101,2926803000.0,49132,0.0059723663113124634
TCHP,T ROWE PRICE EXCHANGE-TRADED,87283Q107,2924164000.0,58378,0.005966981229127037
AWM,SKYWORKS SOLUTIONS INC,83088M102,2922485000.0,43105,0.0059635551006733305
XBB,BONDBLOXX ETF TRUST,09789C705,2914823000.0,71102,0.005947920201202038
FFLC,FIDELITY COVINGTON TRUST,316092360,2910857000.0,49412,0.005939827273597869
DFIS,DIMENSIONAL ETF TRUST,25434V773,2904821000.0,82924,0.005927510352009678
CPA,COPA HOLDINGS SA,P31076105,2904205000.0,18668,0.005926253356698491
ELF,E L F BEAUTY INC,26856L103,2891994000.0,39081,0.005901335873346371
ZFEB,INNOVATOR ETFS TRUST,45784N775,2891694000.0,111283,0.005900723700305208
AVSF,AMERICAN CENTY ETF TR,025072687,2884195000.0,61935,0.005885421414852948
CACC,CREDIT ACCEP CORP MICH,225310101,2883668000.0,4529,0.005884346030877305
HMOP,HARTFORD FDS EXCHANGE TRADED,41653L503,2877400000.0,73506,0.005871555695470616
CELH,CELSIUS HLDGS INC,15118V207,2876076000.0,98227,0.005868853971782285
TAFI,AB ACTIVE ETFS INC,00039J202,2866555000.0,113662,0.005849425640032589
BUWA,BIO RAD LABS INC,090572207,2865046000.0,9758,0.00584634640963554
ITM,VANECK ETF TRUST,92189H201,2864876000.0,60968,0.005845999511578882
GLTR,ABRDN PRECIOUS METALS BASKET,003263100,2862895000.0,15804,0.005841957128930405
PMAR,INNOVATOR ETFS TRUST,45782C383,2854914000.0,59764,0.005825671285458677
RKT,ROCKET COS INC,77311W101,2851619000.0,181055,0.005818947584889908
QAI,NEW YORK LIFE INVESTMENTS ET,45409B107,2849951000.0,77868,0.005815543902781044
SUX,TD SYNNEX CORPORATION,87162W100,2847943000.0,10653,0.0058114464245588625
OXY,OCCIDENTAL PETE CORP,674599105,2846473000.0,58606,0.005808446776657166
KBA,KRANESHARES TRUST,500767405,2844990000.0,82679,0.0058054206012570185
SWK,STANLEY BLACK & DECKER INC,854502101,2844877000.0,30226,0.0058051900160781805
SCHI,SCHWAB STRATEGIC TR,808524698,2842242000.0,125541,0.00579981309619997
XMLV,INVESCO EXCH TRADED FD TR II,46138E198,2835783000.0,42753,0.005786633010623739
WPM,WHEATON PRECIOUS METALS CORP,962879102,2833486000.0,25227,0.005781945805705238
IDXX,IDEXX LABS INC,45168D104,2829089000.0,5374,0.005772973389498598
ENSG,ENSIGN GROUP INC,29358P101,2824925000.0,17623,0.0057644764276872625
BSCX,INVESCO EXCH TRD SLF IDX FD,46139W825,2823101000.0,134082,0.005760754415596993
JAZZ,JAZZ PHARMACEUTICALS PLC,G50871105,2822120000.0,11712,0.005758752609752392
PGX,INVESCO EXCH TRADED FD TR II,46138E511,2819044000.0,260059,0.0057524757955036716
TOST,TOAST INC,888787108,2818899000.0,101326,0.00575217991186711
XSSPX,NUVEEN S&P 500 DYNAMIC OVERW,6706EW100,2808943000.0,150694,0.005731863929207728
ARKW,ARK ETF TR,00214Q401,2806942000.0,19377,0.005727780735023173
STM,STMICROELECTRONICS N V,861012102,2805229000.0,37458,0.005724285226958135
RPRX,ROYALTY PHARMA PLC,G7709Q104,2800227000.0,49942,0.005714078261785151
MID,AMERICAN CENTY ETF TR,025072760,2794965000.0,40654,0.00570334074664316
QINT,AMERICAN CENTY ETF TR,025072406,2793426000.0,40234,0.005700200298941996
CP,CANADIAN PACIFIC KANSAS CITY,13646K108,2792826000.0,32231,0.005698975952859671
PKW,INVESCO EXCHANGE TRADED FD T,46137V308,2782676000.0,19643,0.005678264098300337
EQR,EQUITY RESIDENTIAL,29476L107,2781707000.0,40950,0.005676286779377382
CERY,SPDR SERIES TRUST,78468R440,2768184000.0,82805,0.0056486920592585775
PNFP,PINNACLE FINL PARTNERS INC,72348N109,2764536000.0,27404,0.00564124803507804
IPKW,INVESCO EXCH TRADED FD TR II,46138E644,2759534000.0,48989,0.005631041069905056
HEI,HEICO CORP NEW,422806109,2753808000.0,7731,0.005619356727126067
PSEP,INNOVATOR ETFS TRUST,45782C656,2753330000.0,59790,0.005618381331413814
DINO,HF SINCLAIR CORP,403949100,2751789000.0,39509,0.005615236802559043
MODG,CALLAWAY GOLF CO,131193104,2750743000.0,146394,0.005613102359222189
PRM,PERIMETER SOLUTIONS INC,71385M107,2737385000.0,76785,0.005585844334276024
DFGR,DIMENSIONAL ETF TRUST,25434V658,2733960000.0,94372,0.005578855358722751
FNF,FIDELITY NATL FINL INC,31620R303,2732261000.0,57936,0.005575388418732967
EWI,ISHARES INC,46434G830,2729624000.0,46077,0.005570007417701147
REM,ISHARES TR,46435G342,2724739000.0,123571,0.005560039200014217
CXT,CRANE NXT CO,224441105,2723556000.0,53236,0.0055576251976552325
FXU,FIRST TR EXCHANGE-TRADED FD,33734X184,2721453000.0,55157,0.005553333864636683
RDFI,COLLABORATIVE INVESTMNT SER,19423L722,2715927000.0,114013,0.0055420576372184685
BTU,PEABODY ENGR CORP,704551100,2715729000.0,117462,0.005541653603011302
QGRO,AMERICAN CENTY ETF TR,025072307,2715076000.0,22999,0.005540321106358371
MFG,MIZUHO FINANCIAL GROUP INC,60687Y109,2705904000.0,282453,0.005521604935913227
DB,DEUTSCHE BK AG,D18190898,2702346000.0,80046,0.0055143445636450395
TEVA,TEVA PHARMACEUTICAL INDS LTD,881624209,2700399000.0,79705,0.005510371560607894
LEMB,ISHARES INC,464286517,2697904000.0,63585,0.005505280321482225
USMC,PRINCIPAL EXCHANGE TRADED FD,74255Y870,2692071000.0,36317,0.0054933776369852205
CDE,COEUR MNG INC,192108504,2691569000.0,164925,0.005492353267429676
KTB,KONTOOR BRANDS INC,50050N103,2687615000.0,32249,0.005484284826747153
POR,PORTLAND GEN ELEC CO,736508847,2687559000.0,51853,0.005484170554446136
EWBC,EAST WEST BANCORP INC,27579R104,2680950000.0,20768,0.005470684382349324
WLDN,WILLDAN GROUP INC,96924N100,2668834000.0,33740,0.0054459607537935715
HEI/A,HEICO CORP NEW,422806208,2662056000.0,10322,0.005432129724216905
N/A,CUSHMAN AND WAKEFIELD LTD,G2717C106,2661584000.0,198774,0.005431166571965476
NEU,NEWMARKET CORP,651587107,2646263000.0,3344,0.005399902894753304
EPP,ISHARES INC,464286665,2640976000.0,49586,0.005389114365191216
ACIO,ETF SER SOLUTIONS,26922A222,2640888000.0,57236,0.005388934794432474
FEP,FIRST TR EXCH TRD ALPHDX FD,33737J117,2639836000.0,46272,0.005386788107634798
CSGP,COSTAR GROUP INC,22160N109,2639543000.0,93204,0.005386190218631262
ROKU,ROKU INC,77543R102,2626599000.0,19014,0.0053597769924819015
AWI,ARMSTRONG WORLD INDS INC NEW,04247X102,2616152000.0,16308,0.005338459086611817
LDOS,LEIDOS HOLDINGS INC,525327102,2610663000.0,25354,0.005327258360535346
CDW,CDW CORP,12514G108,2602380000.0,18504,0.005310356262868847
IWL,ISHARES TR,464289446,2597599000.0,14045,0.00530060026516952
ROBT,FIRST TR EXCHANGE TRADED FD,33738R720,2595153000.0,46128,0.00529560901430724
EWX,SPDR INDEX SHS FDS,78463X756,2581006000.0,34735,0.005266740974262818
DTM,DT MIDSTREAM INC,23345M107,2573685000.0,17539,0.005251801911481647
MLI,MUELLER INDS INC,624756102,2571845000.0,20921,0.005248047250162517
XOP,SPDR SERIES TRUST,78468R556,2568680000.0,16652,0.005241588824578251
LCTD,BLACKROCK ETF TRUST,09290C608,2568369000.0,44546,0.005240954205192246
ACWI,ISHARES TR,464288257,2563084000.0,16329,0.005230169756783766
PSLV/U,SPROTT ASSET MANAGEMENT LP,85207K107,2562615000.0,135804,0.005229212726262748
BSMS,INVESCO EXCH TRD SLF IDX FD,46138J486,2562367000.0,109316,0.005228706663215387
DBAW,DBX ETF TR,233051820,2554670000.0,52697,0.0052130003435559595
INMU,BLACKROCK ETF TRUST II,092528207,2546513000.0,105011,0.005196355358566749
BDEC,INNOVATOR ETFS TRUST,45782C557,2537440000.0,47694,0.005177841205225189
SIMO,SILICON MOTION TECHNOLOGY CO,82706C108,2523277000.0,7570,0.005148940515951904
AIA,ISHARES TR,464288430,2522365000.0,17806,0.005147079509906769
SCHK,SCHWAB STRATEGIC TR,808524722,2516755000.0,69794,0.005135631874037029
IFF,INTERNATIONAL FLAVORS&FRAGRA,459506101,2508237000.0,31662,0.005118250240821621
CEMB,ISHARES INC,464286251,2493692000.0,54626,0.0050885700512092544
TSEM,TOWER SEMICONDUCTOR LTD,M87915274,2480120000.0,9516,0.0050608753428270595
CNP,CENTERPOINT ENERGY INC,15189T107,2478559000.0,56280,0.00505769000243621
EWA,ISHARES INC,464286103,2476669000.0,87950,0.005053833312276886
MDLN,MEDLINE INC,58507V107,2474308000.0,62736,0.0050490155104429375
IYF,ISHARES TR,464287788,2468889000.0,19362,0.005037957624742738
VTES,VANGUARD WELLINGTON FD,921935870,2468857000.0,24369,0.005037892326285013
IBDR,ISHARES TR,46435GAA0,2468332000.0,101871,0.0050368210234629784
CRL,CHARLES RIV LABS INTL INC,159864107,2462826000.0,10860,0.005025585607580842
LBRT,LIBERTY ENERGY INC,53115L104,2460588000.0,93951,0.0050210187966937695
BMAY,INNOVATOR ETFS TRUST,45782C326,2455240000.0,51853,0.005010105791946644
DFEB,FIRST TR EXCHNG TRADED FD VI,33740F771,2455169000.0,48625,0.005009960910993569
MXL,MAXLINEAR INC,57776J100,2451518000.0,19148,0.0050025107650826205
ODFL,OLD DOMINION FREIGHT LINE IN,679580100,2450449000.0,11313,0.005000329388479278
CPER,UNITED STS COMMODITY INDEX F,911718104,2447809000.0,64877,0.004994942265717047
NASA,TEMA ETF TRUST,87975E776,2442977000.0,80414,0.004985082198600722
FDD,FIRST TR EXCHANGE-TRADED FD,33735T109,2441042000.0,131593,0.004981133682485223
NUKZ,EXCHANGE TRADED CONCEPTS TRU,301505475,2440295000.0,35802,0.004979609371612729
BG,BUNGE GLOBAL SA,H11356104,2434938000.0,22814,0.004968678001674369
GWX,SPDR INDEX SHS FDS,78463X871,2432886000.0,55596,0.0049644907380728175
H,HYATT HOTELS CORP,448579102,2427574000.0,12524,0.0049536511940906315
EXPD,EXPEDITORS INTL WASH INC,302130109,2426059000.0,14886,0.004950559720232761
ZBH,ZIMMER BIOMET HOLDINGS INC,98956P102,2424294000.0,28160,0.004946958102173921
FTI,TECHNIPFMC PLC,G87110105,2423341000.0,36551,0.004945013432479828
LEN,LENNAR CORP,526057104,2423272000.0,26779,0.004944872632680361
IYG,ISHARES TR,464287770,2419293000.0,26741,0.004936753177577741
TSA,ACI WORLDWIDE INC,004498101,2411516000.0,47952,0.004920883611774003
ILCB,ISHARES TR,464287127,2398377000.0,23139,0.0048940724731478865
SN,SHARKNINJA INC,G8068L108,2382465000.0,15646,0.004861602815044623
IMCV,ISHARES TR,464288406,2377197000.0,26015,0.004850853056441808
DMAR,FIRST TR EXCHNG TRADED FD VI,33740F615,2373864000.0,53068,0.004844051813954493
ASX,ASE TECHNOLOGY HLDG CO LTD,00215W100,2372005000.0,52571,0.004840258381676088
EMN,EASTMAN CHEM CO,277432100,2366215000.0,35327,0.004828443441981651
DOCN,DIGITALOCEAN HLDGS INC,25402D102,2360161000.0,15030,0.004816089790010991
SPTB,SPDR SERIES TRUST,78468R457,2358780000.0,78469,0.004813271753444838
ROIV,ROIVANT SCIENCES LTD,G76279101,2351913000.0,66457,0.0047992591125326275
GPIQ,GOLDMAN SACHS ETF TR,38149W630,2351613000.0,39650,0.004798646939491465
PPG,PPG INDS INC,693506107,2348823000.0,19365,0.004792953730208652
GEF,GREIF INC,397624107,2346726000.0,31504,0.004788674640650926
AFRM,AFFIRM HLDGS INC,00827B106,2343557000.0,28738,0.004782208052759446
EFX,EQUIFAX INC,294429105,2342196000.0,14757,0.0047794308277293715
RL,RALPH LAUREN CORP,751212101,2338026000.0,5825,0.004770921622457212
AEIS,ADVANCED ENERGY INDS,007973100,2337147000.0,6268,0.004769127955446605
TSN,TYSON FOODS INC,902494103,2336772000.0,40817,0.004768362739145152
NBIX,NEUROCRINE BIOSCIENCES INC,64125C109,2335221000.0,13856,0.004765197804522342
KMX,CARMAX INC,143130102,2325996000.0,43978,0.004746373483506592
FTCB,FIRST TR EXCHANGE-TRADED FD,33738D788,2324056000.0,111439,0.004742414764507075
OGE,OGE ENERGY CORP,670837103,2321213000.0,47703,0.0047366134046536576
DES,WISDOMTREE TR,97717W604,2316910000.0,56955,0.004727832802666582
KDP,KEURIG DR PEPPER INC,49271V100,2315207000.0,70737,0.004724357700369583
GHYB,GOLDMAN SACHS ETF TR,381430453,2300792000.0,51289,0.0046949427857417205
TCAI,TORTOISE CAPITAL SERIES TRUS,890930803,2281648000.0,40802,0.004655877983408333
BUG,GLOBAL X FDS,37954Y384,2279644000.0,59692,0.0046517886674933675
ITT,ITT INC,45073V108,2278617000.0,11522,0.004649692995115788
SMB,VANECK ETF TRUST,92189F528,2269624000.0,130814,0.004631342087918537
BAB,INVESCO EXCH TRADED FD TR II,46138G805,2269135000.0,84543,0.004630344245861442
SYLD,CAMBRIA ETF TR,132061201,2267215000.0,28667,0.004626426338398002
USAR,USA RARE EARTH INC,91733P107,2262080000.0,104823,0.004615947976510103
BSMR,INVESCO EXCH TRD SLF IDX FD,46138J494,2259224000.0,95568,0.004610120089158235
ENS,ENERSYS,29275Y102,2248141000.0,9615,0.0045875043764408855
DFEV,DIMENSIONAL ETF TRUST,25434V740,2242094000.0,52549,0.004575165008507852
VTWG,VANGUARD SCOTTSDALE FDS,92206C623,2238545000.0,7781,0.0045679230014308994
STRV,EA SERIES TRUST,02072L680,2231893000.0,46209,0.004554349084531521
MMSI,MERIT MED SYS INC,589889104,2231015000.0,32175,0.004552557458097719
DIVB,ISHARES TR,46435U861,2223039000.0,36088,0.00453628181751001
ADM,ARCHER DANIELS MIDLAND CO,039483102,2215456000.0,28998,0.004520808123606224
UJAN,INNOVATOR ETFS TRUST,45782C300,2210715000.0,48767,0.004511133748979051
WOP,WOODSIDE ENERGY GROUP LTD,980228308,2208184000.0,114295,0.004505969049088443
L,LOEWS CORP,540424108,2204378000.0,19472,0.004498202613772893
GMED,GLOBUS MED INC,379577208,2195214000.0,27784,0.004479502767942181
NULG,NUSHARES ETF TR,67092P201,2182880000.0,18648,0.004454334293643184
SCHH,SCHWAB STRATEGIC TR,808524847,2179519000.0,92041,0.004447475915005359
KHC,KRAFT HEINZ CO,500754106,2177923000.0,92207,0.004444219154426374
RACE,FERRARI N V,N3167Y103,2174607000.0,5841,0.004437452601744724
PHYS/U,SPROTT ASSET MANAGEMENT LP,85207H104,2172733000.0,72016,0.004433628560814262
PWV,INVESCO EXCHANGE TRADED FD T,46137V738,2165730000.0,28583,0.004419338401456723
IDYA,IDEAYA BIOSCIENCES INC,45166A102,2163412000.0,58047,0.00441460834442534
ROP,ROPER TECHNOLOGIES INC,776696106,2156058000.0,6372,0.004399601942609643
JCPI,J P MORGAN EXCHANGE TRADED F,46654Q104,2155768000.0,45053,0.004399010175336519
ARCC,ARES CAPITAL CORP,04010L103,2153633000.0,116224,0.004394653543860245
LUV,SOUTHWEST AIRLS CO,844741108,2151261000.0,41837,0.004389813295681453
XEMD,BONDBLOXX ETF TRUST,09789C879,2149151000.0,47844,0.004385507678625276
WCMI,FIRST TR EXCHANGE-TRADED FD,33733E732,2146169000.0,109666,0.00437942267859612
FLIN,FRANKLIN TEMPLETON ETF TR,35473P769,2143915000.0,60273,0.004374823218480185
BAPR,INNOVATOR ETFS TRUST,45782C888,2141305000.0,40205,0.00436949731302207
TPD,SOMNIGROUP INTERNATIONAL INC,88023U101,2136718000.0,27254,0.004360137187222695
BSMQ,INVESCO EXCH TRD SLF IDX FD,46138J510,2133836000.0,90628,0.004354256244873927
ONTO,ONTO INNOVATION INC,683344105,2131809000.0,5633,0.0043501199956924716
FUTY,FIDELITY COVINGTON TRUST,316092865,2131713000.0,36489,0.0043499241003192995
FSIG,FIRST TR EXCHANGE-TRADED FD,33738D804,2130521000.0,112995,0.00434749173276908
ST,SENSATA TECHNOLOGIES HLDG PL,G8060N102,2128867000.0,44593,0.00434411661873547
JEMA,J P MORGAN EXCHANGE TRADED F,46641Q266,2126201000.0,33284,0.004338676440976338
IMAR,INNOVATOR ETFS TRUST,45783Y343,2125274000.0,69807,0.0043367848262791464
EMGF,ISHARES INC,46434G889,2121541000.0,28959,0.0043291673530702806
SMMU,PIMCO ETF TR,72201R874,2113707000.0,41856,0.004313181474388721
IBMQ,ISHARES TR,46435U325,2113045000.0,82605,0.004311830612544557
INGR,INGREDION INC,457187102,2112187000.0,22302,0.004310079797646831
ITB,ISHARES TR,464288752,2112082000.0,20215,0.004309865537082425
CHRD,CHORD ENERGY CORPORATION,674215207,2111954000.0,18477,0.004309604343251529
GATX,GATX CORP,361448103,2111425000.0,11916,0.004308524878122279
SNEX,STONEX GROUP INC,861896108,2111196000.0,17816,0.0043080575860341905
FXL,FIRST TR EXCHANGE-TRADED FD,33734X176,2110074000.0,9714,0.004305768058860243
XME,SPDR SERIES TRUST,78464A755,2106338000.0,19698,0.004298144463920964
PUK,PRUDENTIAL PLC,74435K204,2099700000.0,78318,0.004284599115096842
FTC,FIRST TR EXCHANGE-TRADED ALP,33735K108,2090157000.0,10787,0.00426512589065746
DD,DUPONT DE NEMOURS INC,26614N201,2089127000.0,15402,0.004263024096549469
URNM,SPROTT FDS TR,85208P303,2086979000.0,39684,0.004258640937574745
GPN,GLOBAL PMTS INC,37940X102,2078414000.0,28644,0.004241163397249553
KBIA,KB FINL GROUP INC,48241A105,2077049000.0,19789,0.004238378009912263
AZO,AUTOZONE INC,053332102,2074699000.0,649,0.004233582654423157
DXUV,DIMENSIONAL ETF TRUST,25434V559,2071760000.0,31154,0.004227585399196567
OAKM,HARRIS OAKMARK ETF TRUST,41456U106,2070084000.0,73485,0.004224165392473272
RING,ISHARES INC,46434G855,2055233000.0,31815,0.0041938607863589205
MAGS,LISTED FDS TR,53656G498,2053047000.0,31929,0.0041894000854656496
PCEF,INVESCO EXCH TRADED FD TR II,46138E404,2052192000.0,101043,0.004187655392298336
OKTA,OKTA INC,679295105,2042884000.0,14972,0.0041686617034078655
FBT,FIRST TR EXCHANGE-TRADED FD,33733E203,2042847000.0,8241,0.004168586202066123
AAAU,GOLDMAN SACHS PHYSICAL GOLD,38150K103,2041377000.0,51589,0.004165586554164426
RONB,BARON ETF TR,06829D107,2039206000.0,83574,0.004161156461923212
ICHR,ICHOR HOLDINGS,G4740B105,2037770000.0,18149,0.004158226193632848
HYEM,VANECK ETF TRUST,92189F353,2036935000.0,101290,0.004156522312001612
FTGC,FIRST TR EXCHANGE TRAD FD VI,33739H101,2032974000.0,75156,0.0041484395872814625
RRX,REGAL REXNORD CORPORATION,758750103,2030420000.0,8524,0.004143227954124365
SEIC,SEI INVTS CO,784117103,2029466000.0,23138,0.004141281243853468
FLQL,FRANKLIN TEMPLETON ETF TR,35473P801,2028875000.0,25918,0.004140075262962378
POOL,POOL CORP,73278L105,2028191000.0,9438,0.004138679508428527
SCI,SERVICE CORP INTL,817565104,2026418000.0,26677,0.004135061565755257
GMOV,GMO ETF TRUST,90139K605,2020470000.0,67869,0.0041229242149258055
KEY,KEYCORP,493267108,2019826000.0,87628,0.004121610083464111
TXRH,TEXAS ROADHOUSE INC,882681109,2018697000.0,10447,0.004119306272252535
IBP,INSTALLED BLDG PRODS INC,45780R101,2014927000.0,8767,0.004111613297701926
AMKR,AMKOR TECHNOLOGY INC,031652100,2013230000.0,23347,0.004108150438865749
EEMV,ISHARES INC,464286533,2010396000.0,26706,0.004102367444203567
CPB,THE CAMPBELLS COMPANY,134429109,2009937000.0,90253,0.004101430819450589
VICR,VICOR CORP,925815102,2009796000.0,5292,0.004101143098121242
NE,NOBLE CORP PLC,G65431127,2005504000.0,53767,0.004092384942479009
URBN,URBAN OUTFITTERS INC,917047102,2003567000.0,28275,0.004088432345209903
MORN,MORNINGSTAR INC,617700109,1999528000.0,12816,0.004080190455499051
EWT,ISHARES INC,46434G772,1999466000.0,18410,0.004080063939737211
VRSN,VERISIGN INC,92343E102,1998483000.0,7944,0.004078058052739001
IR,INGERSOLL RAND INC,45687V106,1996914000.0,24356,0.004074856387733721
NANR,SPDR INDEX SHS FDS,78463X152,1995132000.0,26426,0.004071220079869215
WAT,WATERS CORP,941848103,1993519000.0,5315,0.0040679286294845645
BWXT,BWX TECHNOLOGIES INC,05605H100,1977776000.0,10161,0.004035803828861156
HUT,HUT 8 CORP,44812J104,1976188000.0,17118,0.004032563392896603
MOD,MODINE MFG CO,607828100,1972717000.0,7388,0.004025480550810352
JKHY,HENRY JACK & ASSOC INC,426281101,1972139000.0,14318,0.004024301097417712
THC,TENET HEALTHCARE CORP,88033G407,1971636000.0,10539,0.004023274687285363
AVA,AVISTA CORP,05379B107,1971214000.0,48184,0.004022413563874127
HLI,HOULIHAN LOKEY INC,441593100,1962102000.0,14628,0.0040038198280372165
IGHG,PROSHARES TR,74347B607,1959882000.0,25021,0.0039992897475326136
CINF,CINCINNATI FINL CORP,172062101,1956833000.0,10569,0.0039930680288575975
DWUS,ADVISORSHARES TR,00768Y487,1951602000.0,30638,0.003982393771596526
VIOG,VANGUARD ADMIRAL FDS INC,921932794,1945455000.0,12681,0.003969850345983105
USIG,ISHARES TR,464288620,1942140000.0,37866,0.003963085833878258
IGF,ISHARES TR,464288372,1939974000.0,29129,0.003958665944521065
DRAM,ROUNDHILL ETF TRUST,77926X320,1939818000.0,26267,0.00395834761453966
BUFB,INNOVATOR ETFS TRUST,45783Y756,1937354000.0,49284,0.003953319633294912
BJAN,INNOVATOR ETFS TRUST,45782C409,1936352000.0,32892,0.003951274975337428
CORT,CORCEPT THERAPEUTICS INC,218352102,1935855000.0,22264,0.003950260808665902
NYF,ISHARES TR,464288323,1934572000.0,35889,0.003947642748626531
QDEC,FIRST TR EXCHNG TRADED FD VI,33740F649,1932056000.0,54256,0.00394250865738798
APRW,AIM ETF PRODUCTS TRUST,00888H208,1926033000.0,51859,0.00393021826329824
IBMR,ISHARES TR,46436E163,1925961000.0,75855,0.003930071341768361
HDB,HDFC BANK LTD,40415F101,1924959000.0,74524,0.003928026683810878
JUNM,FIRST TR EXCHNG TRADED FD VI,33740U588,1919032000.0,54689,0.003915932185094309
FVAL,FIDELITY COVINGTON TRUST,316092782,1917131000.0,24599,0.003912053048590143
MLM,MARTIN MARIETTA MATLS INC,573284106,1914803000.0,3320,0.003907302585790721
IBMS,ISHARES TR,46438G687,1914779000.0,74015,0.003907253611947428
BMOP,BNY MELLON ETF TRUST II,05613H803,1914335000.0,75936,0.003906347595846508
KRE,SPDR SERIES TRUST,78464A698,1911179000.0,25533,0.003899907535453477
PSC,PRINCIPAL EXCHANGE TRADED FD,74255Y607,1905855000.0,27178,0.0038890435045496456
UTHR,UNITED THERAPEUTICS CORP DEL,91307C102,1904679000.0,3515,0.003886643786228288
DDEC,FIRST TR EXCHNG TRADED FD VI,33740U406,1899074000.0,40086,0.0038752063532425675
DG,DOLLAR GEN CORP,256677105,1898735000.0,16495,0.0038745145977060534
SMCI,SUPER MICRO COMPUTER INC,86800U302,1898719000.0,64736,0.0038744819484771917
DT,DYNATRACE INC,268150109,1889338000.0,43028,0.003855339297480038
VFMO,VANGUARD WELLINGTON FD,921935508,1888086000.0,7567,0.003852784495321586
XDEC,FIRST TR EXCHNG TRADED FD VI,33740U786,1886368000.0,44038,0.0038492787843725285
BXP,BXP INC,101121101,1882802000.0,28394,0.0038420020874899096
SUN,SUNOCO LP/SUNOCO FIN CORP,86765K109,1882468000.0,27888,0.003841320534837415
JBBB,JANUS DETROIT STR TR,47103U753,1882001000.0,39747,0.0038403675854700057
CLF,CLEVELAND-CLIFFS INC NEW,185899101,1876145000.0,199802,0.003828417967706512
JPLD,J P MORGAN EXCHANGE TRADED F,46654Q773,1875228000.0,35931,0.0038265467587773583
OHI,OMEGA HEALTHCARE INVS INC,681936100,1870505000.0,39230,0.0038169091145326558
FILL,ISHARES INC,464286343,1867886000.0,66806,0.003811564843883306
AMRX,AMNEAL PHARMACEUTICALS INC,03168L105,1867005000.0,107857,0.0038097670957190923
ESML,ISHARES TR,46435U663,1866592000.0,33374,0.0038089243374990916
TE,T1 ENERGY INC,35834F104,1866053000.0,196841,0.0038078244666018032
FOXA,FOX CORP,35137L105,1862709000.0,35711,0.0038010007777696444
MOG/A,MOOG INC,615394202,1862566000.0,4395,0.00380070897528669
WMG,WARNER MUSIC GROUP CORP,934550203,1861534000.0,68767,0.003798603100025091
PMAY,INNOVATOR ETFS TRUST,45782C318,1858149000.0,44992,0.003791695747543973
WDAY,WORKDAY INC,98138H101,1854143000.0,15146,0.003783521196867649
XMAR,FIRST TR EXCHNG TRADED FD VI,33740F474,1853331000.0,43368,0.003781864248502902
FR,FIRST INDL RLTY TR INC,32054K103,1850465000.0,30182,0.0037760159553829956
SOLS,SOLSTICE ADVANCED MATLS INC,83443Q103,1850423000.0,20885,0.0037759302511572333
DAUG,FIRST TR EXCHNG TRADED FD VI,33740F854,1843957000.0,39361,0.0037627358815433757
ZM,ZOOM COMMUNICATIONS INC,98980L101,1841397000.0,21335,0.003757512004925455
ISCG,ISHARES TR,464288604,1839609000.0,28069,0.0037538634536001263
BLBD,BLUE BIRD CORP,095306106,1839215000.0,23293,0.0037530594663393994
PICK,ISHARES INC,46434G848,1838655000.0,31619,0.003751916743329229
PFM,INVESCO EXCHANGE TRADED FD T,46137V506,1832514000.0,33045,0.0037393855611766312
BITQ,BITWISE FUNDS TRUST,09175C103,1831194000.0,74743,0.003736691999795516
ON,ON SEMICONDUCTOR CORP,682189105,1830453000.0,19362,0.0037351799323838445
FLTB,FIDELITY MERRIMACK STR TR,316188200,1829302000.0,36491,0.003732831228482584
VOX,VANGUARD WORLD FD,92204A884,1821412000.0,9902,0.0037167310775000086
IBTI,ISHARES TR,46436E833,1816789000.0,82059,0.003707297490935693
AOHY,ANGEL OAK FUNDS TRUST,03463K745,1815852000.0,164996,0.003705385470470462
BBAX,J P MORGAN EXCHANGE TRADED F,46641Q233,1809614000.0,30226,0.0036926563523678882
RTH,VANECK ETF TRUST,92189F684,1806501000.0,7064,0.003686304036777425
ANF,ABERCROMBIE & FITCH CO,002896207,1806166000.0,20066,0.0036856204435481267
TRL,DAVITA INC,23918K108,1804980000.0,8113,0.0036832003194587305
AXTI,AXT INC,00246W103,1802865000.0,25012,0.003678884499518534
FIDU,FIDELITY COVINGTON TRUST,316092709,1802096000.0,18092,0.003677315295956354
NJAN,INNOVATOR ETFS TRUST,45782C466,1801586000.0,30525,0.0036762746017863783
MAA,MID-AMER APT CMNTYS INC,59522J103,1799872000.0,12954,0.003672777053144536
DNP,DNP SELECT INCOME FD INC,23325P104,1797303000.0,166571,0.00366753481133538
IVZ,INVESCO LTD,G491BT108,1795055000.0,68020,0.0036629475946802683
EUSB,ISHARES TR,46436E619,1794467000.0,41300,0.0036617477355195905
TTC,TORO CO,891092108,1793683000.0,18412,0.003660147923305352
MFC,MANULIFE FINL CORP,56501R106,1793127000.0,44264,0.0036590133626023978
RMD,RESMED INC,761152107,1792989000.0,9200,0.0036587317630034626
QSPT,FIRST TR EXCHNG TRADED FD VI,33740U836,1792518000.0,51450,0.003657770651328837
MTD,METTLER TOLEDO INTERNATIONAL,592688105,1784156000.0,1397,0.003640707348094833
ICF,ISHARES TR,464287564,1781308000.0,26339,0.0036348957853573954
FLQM,FRANKLIN TEMPLETON ETF TR,35473P884,1781240000.0,30772,0.003634757026134732
QJUN,FIRST TR EXCHNG TRADED FD VI,33740F557,1777746000.0,52618,0.003627627250781992
DFGP,DIMENSIONAL ETF TRUST,25434V583,1777335000.0,32636,0.0036267885737155995
CWST,CASELLA WASTE SYS INC,147448104,1774682000.0,18301,0.0036213749234549186
PXF,INVESCO EXCH TRADED FD TR II,46138E743,1772974000.0,23440,0.0036178896182739
YETI,YETI HLDGS INC,98585X104,1769887000.0,35712,0.0036115903576803368
GJAN,FIRST TR EXCHNG TRADED FD VI,33740F516,1766689000.0,39239,0.0036050645930615433
BSMT,INVESCO EXCH TRD SLF IDX FD,46138J478,1765076000.0,76642,0.003601773142676893
RWK,INVESCO EXCH TRADED FD TR II,46138G672,1764158000.0,12062,0.0035998998931709354
RPM,RPM INTL INC,749685103,1763758000.0,15868,0.003599083662449385
GSIE,GOLDMAN SACHS ETF TR,381430107,1761812000.0,38552,0.0035951126999890443
BNOV,INNOVATOR ETFS TRUST,45782C581,1760555000.0,36824,0.0035925476949465727
TDY,TELEDYNE TECHNOLOGIES INC,879360105,1760244000.0,2639,0.0035919130755605677
KNSL,KINSALE CAP GROUP INC,49714P108,1758904000.0,5333,0.003589178702643375
PBR,PETROLEO BRASILEIRO S A,71654V408,1756911000.0,108720,0.003585111833073251
FLLA,FRANKLIN TEMPLETON ETF TR,35473P561,1748694000.0,65964,0.003568344413475809
APLE,APPLE HOSPITALITY REIT INC,03784Y200,1747305000.0,103944,0.0035655100522952263
EWZ,ISHARES INC,464286400,1743338000.0,50532,0.003557415084114253
DAPR,FIRST TR EXCHNG TRADED FD VI,33740U802,1737972000.0,42514,0.0035464653489846584
BYD,BOYD GAMING CORP,103304101,1733818000.0,19629,0.0035379887929413603
FPX,FIRST TR EXCHANGE-TRADED FD,336920103,1726348000.0,8373,0.003522745684216413
POST,POST HLDGS INC,737446104,1709147000.0,19365,0.0034876457226129544
LII,LENNOX INTL INC,526107107,1709128000.0,2983,0.003487606951653681
RPG,INVESCO EXCHANGE TRADED FD T,46137V266,1704125000.0,26690,0.0034773979459038935
USCI,UNITED STS COMMODITY INDEX F,911717106,1701612000.0,18368,0.0034722699763957542
PHO,INVESCO EXCHANGE TRADED FD T,46137V142,1696473000.0,24558,0.00346178345220064
XNTK,SPDR SERIES TRUST,78464A102,1694276000.0,4337,0.0034573003049625257
DNOV,FIRST TR EXCHNG TRADED FD VI,33740F839,1692291000.0,32956,0.0034532497600068333
EXE,EXPAND ENERGY CORPORATION,165167735,1692232000.0,18557,0.003453129365975405
MEAR,ISHARES U S ETF TR,46431W838,1691134000.0,33568,0.00345088881264475
PSDM,PGIM ETF TR,69344A842,1690171000.0,33206,0.0034489237371826183
HSCZ,ISHARES TR,46435G839,1688932000.0,39296,0.003446395462522617
ULST,SSGA ACTIVE ETF TR,78467V707,1686532000.0,41720,0.003441498078193316
BBCA,J P MORGAN EXCHANGE TRADED F,46641Q225,1686266000.0,16964,0.0034409552847634852
RFEM,FIRST TR EXCH TRADED FD III,33739P707,1683458000.0,17925,0.0034352253450982036
UNF,UNIFIRST CORP MASS,904708104,1682447000.0,6362,0.0034331623219494858
G,GENPACT LIMITED,G3922B107,1679851000.0,61085,0.003427864984566626
FNDA,SCHWAB STRATEGIC TR,808524763,1679636000.0,44131,0.0034274262605537924
SMR,NUSCALE PWR CORP,67079K100,1678260000.0,167324,0.0034246184268716603
GIL,GILDAN ACTIVEWEAR INC,375916103,1672423000.0,32411,0.0034127075800674408
BSJR,INVESCO EXCH TRD SLF IDX FD,46138J585,1671148000.0,74786,0.0034101058446424997
UTEN,RBB FD INC,74933W536,1668082000.0,38614,0.003403849436161818
AA,ALCOA CORP,013872106,1664815000.0,31930,0.0033971828717435574
LNC,LINCOLN NATL CORP IND,534187109,1662521000.0,47030,0.0033925017885554675
STLD,STEEL DYNAMICS INC,858119100,1661117000.0,7239,0.0033896368187228266
AIR,AAR CORP,000361105,1658645000.0,11605,0.003384592512863647
SDIV,GLOBAL X FDS,37960A669,1657332000.0,67812,0.0033819132355201588
FNV,FRANCO NEV CORP,351858105,1655751000.0,7944,0.003378687083593232
KBWP,INVESCO EXCH TRADED FD TR II,46138E586,1649540000.0,13013,0.003366013061064363
FDRR,FIDELITY COVINGTON TRUST,316092832,1646823000.0,25383,0.0033604688138882343
LFUS,LITTELFUSE INC,537008104,1646579000.0,3616,0.0033599709131480887
ITRI,ITRON INC,465741106,1643291000.0,18991,0.003353261496616947
QMAR,FIRST TR EXCHNG TRADED FD VI,33740F581,1639271000.0,44025,0.0033450583778653685
NBOS,NEUBERGER BERMAN ETF TRUST,64135A705,1638628000.0,58493,0.0033437462869804766
BMI,BADGER METER INC,056525108,1635232000.0,11021,0.003336816488154516
IGPT,INVESCO EXCHANGE TRADED FD T,46137V639,1634199000.0,15698,0.0033347085723161134
IGBH,ISHARES U S ETF TR,46431W812,1633013000.0,66437,0.0033322884482267167
TMFC,RBB FD INC,74933W601,1632283000.0,21432,0.0033307988271598877
SMA,SMARTSTOP SELF STORAG REIT I,83192D402,1632011000.0,50216,0.003330243790269234
GFI,GOLD FIELDS LTD,38059T106,1631536000.0,48572,0.0033292745162873936
E,ENI SPA,26874R108,1629041000.0,34764,0.0033241832771617246
FTQI,FIRST TR EXCHANGE TRADED FD,33738R407,1628495000.0,73721,0.0033230691222268086
MKSI,MKS INC.,55306N104,1627885000.0,3660,0.003321824370376445
CAVA,CAVA GROUP INC,148929102,1627550000.0,20738,0.0033211407771471468
RBLX,ROBLOX CORP,771049103,1623121000.0,29848,0.003312103062482783
ACVF,ETF OPPORTUNITIES TRUST,26923N108,1616817000.0,29650,0.003299239266311154
USFD,US FOODS HLDG CORP,912008109,1615597000.0,15800,0.003296749762610426
ATEN,A10 NETWORKS INC,002121101,1613317000.0,43183,0.00329209724749759
LOB,LIVE OAK BANCSHARES INC,53803X105,1607892000.0,39371,0.0032810271183365673
CGIB,CAPITAL GRP FIXED INCM ETF T,14020Y706,1606438000.0,62924,0.0032780601196637327
SPYX,SPDR SERIES TRUST,78468R796,1601710000.0,26215,0.0032684122725350107
KGC,KINROSS GOLD CORP,496902404,1600088000.0,67743,0.0032651024569591252
KVUE,KENVUE INC,49177J102,1599959000.0,83724,0.003264839222551425
CLIP,GLOBAL X FDS,37960A438,1599192000.0,15938,0.003263274100142853
GMAY,FIRST TR EXCHNG TRADED FD VI,33740F441,1597860000.0,37125,0.003260556051840091
EIPI,FIRST TR EXCHNG TRADED FD VI,33740F276,1597144000.0,73129,0.0032590949988485158
ONC,BEONE MEDICINES LTD,07725L102,1595248000.0,5598,0.0032552260652283687
FLCO,FRANKLIN TEMPLETON ETF TR,35473P603,1592690000.0,74286,0.003250006269764056
NUBD,NUSHARES ETF TR,67092P870,1587305000.0,71710,0.003239017763675188
REG,REGENCY CTRS CORP,758849103,1587201000.0,19905,0.003238805543687585
NULV,NUSHARES ETF TR,67092P300,1585882000.0,31724,0.0032361140228832734
FMX,FOMENTO ECONOMICO MEXICANO S,344419106,1583050000.0,12377,0.0032303351093746985
SON,SONOCO PRODS CO,835495102,1578084000.0,28005,0.0032202016049666543
SDOG,ALPS ETF TR,00162Q858,1577899000.0,23130,0.003219824098257937
TLN,TALEN ENERGY CORP,87422Q109,1574697000.0,4098,0.0032132901713319284
ESS,ESSEX PPTY TR INC,297178105,1573246000.0,5395,0.0032103292943895054
GHM,GRAHAM CORP,384556106,1573225000.0,12709,0.0032102864422766243
BELFB,BEL FUSE INC,077347300,1571695000.0,4719,0.0032071643597666954
RZV,INVESCO EXCHANGE TRADED FD T,46137V167,1567880000.0,10518,0.003199379559259911
PARR,PAR PAC HOLDINGS INC,69888T207,1565361000.0,27913,0.0031942393462909492
FLXR,TCW ETF TRUST,29287L700,1561711000.0,39829,0.003186791240956805
USEP,INNOVATOR ETFS TRUST,45782C649,1559310000.0,37728,0.0031818918160507
HMC,HONDA MOTOR CO LTD,438128308,1555218000.0,57367,0.0031735417757692425
COMM,VISTANCE NETWORKS INC,20337X109,1553751000.0,121577,0.003170548249597958
TAK,TAKEDA PHARMACEUTICAL CO LTD,874060205,1553095000.0,96887,0.003169209631214616
LOGI,LOGITECH INTL S A,H50430232,1551257000.0,16496,0.0031654590510490927
CLX,CLOROX CO DEL,189054109,1548317000.0,16223,0.0031594597552457
IXC,ISHARES TR,464287341,1547982000.0,31508,0.003158776162016402
HNDL,STRATEGY SHS,86280R506,1546992000.0,67725,0.003156755990980565
SCCO,SOUTHERN COPPER CORP,84265V105,1546894000.0,8877,0.003156556014453786
IJUL,INNOVATOR ETFS TRUST,45782C722,1546854000.0,43004,0.00315647439138163
SKYW,SKYWEST INC,830879102,1546613000.0,15570,0.0031559826123718966
UDEC,INNOVATOR ETFS TRUST,45782C532,1546582000.0,37106,0.003155919354490976
IYY*,ISHARES TR,464287846,1543995000.0,8470,0.003150640382299351
RFV,INVESCO EXCHANGE TRADED FD T,46137V191,1540997000.0,10781,0.0031445227330413332
PDI,PIMCO DYNAMIC INCOME FD,72201Y101,1540506000.0,92246,0.00314352080983063
BSMU,INVESCO EXCH TRD SLF IDX FD,46138J445,1539169000.0,70222,0.0031407925586438494
BCI,ABRDN ETFS,003261104,1538488000.0,68867,0.0031394029258404103
XSW,SPDR SERIES TRUST,78464A599,1538483000.0,8955,0.0031393927229563905
GSUS,GOLDMAN SACHS ETF TR,381430123,1537197000.0,14910,0.003136768541186607
GMAB,GENMAB A/S,372303206,1536892000.0,55948,0.0031361461652614255
EAT,BRINKER INTL INC,109641100,1536864000.0,9148,0.003136089029110917
UOCT,INNOVATOR ETFS TRUST,45782C821,1533896000.0,37312,0.0031300325971570153
XHR,XENIA HOTELS & RESORTS INC,984017103,1529557000.0,75126,0.003121178534405
DHS,WISDOMTREE TR,97717W208,1527395000.0,13435,0.003116766807355022
MGM,MGM RESORTS INTERNATIONAL,552953101,1527323000.0,31946,0.0031166198858251434
CPT,CAMDEN PPTY TR,133131102,1522869000.0,13301,0.0031075311567406827
ICOP,ISHARES TR,46436E189,1521439000.0,30905,0.003104613131911141
FLY,FIREFLY AEROSPACE INC,31816X106,1520774000.0,51727,0.003103256148336564
MCI,BARINGS CORPORATE INVS,06759X107,1519781000.0,86548,0.0031012298555703156
VOD,VODAFONE GROUP PLC,92857W308,1518114000.0,114791,0.003097828214038256
EMHY,ISHARES INC,464286285,1517429000.0,37315,0.0030964304189276012
MZTI,MARZETTI COMPANY,513847103,1514553000.0,13267,0.0030905617200396563
BBY,BEST BUY INC,086516101,1514219000.0,19955,0.0030898801673871624
MTN,VAIL RESORTS INC,91879Q109,1510864000.0,11097,0.0030830340322101604
VFMV,VANGUARD WELLINGTON FD,921935409,1508230000.0,10822,0.0030776591529087533
GEHC,GE HEALTHCARE TECHNOLOGIES I,36266G107,1507698000.0,23554,0.0030765735660490913
TXT,TEXTRON INC,883203101,1507423000.0,16433,0.0030760124074280257
GQRE,FLEXSHARES TR,33939L787,1507381000.0,23553,0.0030759267032022626
HUBS,HUBSPOT INC,443573100,1506529000.0,8255,0.003074188131765361
CTRE,CARETRUST REIT INC,14174T107,1503894000.0,37271,0.00306881121188715
EWJV,ISHARES TR,46435U374,1498086000.0,34077,0.0030569595418102427
ESLT,ELBIT SYS LTD,M3760D101,1496640000.0,1973,0.0030540088677518387
SNDA,SONIDA SENIOR LIVING INC,140475203,1495891000.0,36664,0.0030524804757257364
BJUN,INNOVATOR ETFS TRUST,45782C755,1488245000.0,30572,0.0030368782254833063
HR,HEALTHCARE RLTY TR,42226K105,1483136000.0,73532,0.003026452918592308
VIOV,VANGUARD ADMIRAL FDS INC,921932778,1482507000.0,12635,0.0030251693957826704
FTA,FIRST TR EXCHANGE-TRADED ALP,33735J101,1481842000.0,15309,0.0030238124122080935
OMF,ONEMAIN HLDGS INC,68268W103,1481346000.0,24296,0.0030228002861133712
DAVE,DAVE INC,23834J201,1479182000.0,3970,0.003018384477909785
NUDM,NUSHARES ETF TR,67092P805,1477522000.0,36920,0.0030149971204153523
PLMR,PALOMAR HLDGS INC,69753M105,1476867000.0,11685,0.003013660542608814
DOW,DOW HLDGS INC,260557103,1474573000.0,53895,0.0030089794594207243
ITUB,ITAU UNIBANCO HLDG S A,465562106,1468867000.0,179788,0.0029973359281778122
CLSE,TRUST FOR PROFESSIONAL MANAG,89834G760,1464323000.0,42898,0.0029880635471810028
PCOR,PROCORE TECHNOLOGIES INC,74275K108,1451720000.0,35739,0.0029623461577217634
UTG,REAVES UTIL INCOME FD,756158101,1448925000.0,35583,0.0029566427455549322
CMTL,COMTECH TELECOMMUNICATIONS C,205826209,1448373000.0,689702,0.002955516347159193
NI,NISOURCE INC,65473P105,1444921000.0,30387,0.0029484722760322155
XVV,ISHARES TR,46436E569,1440902000.0,25372,0.002940271197857441
DY,DYCOM INDS INC,267475101,1438404000.0,2845,0.0029351738370013607
LW,LAMB WESTON HLDGS INC,513272104,1436980000.0,33279,0.002932268055632642
GDEC,FIRST TR EXCHNG TRADED FD VI,33740U679,1436183000.0,36081,0.002930641715919954
GNOV,FIRST TR EXCHNG TRADED FD VI,33740U687,1434990000.0,34334,0.0029282073077929304
BMO,BANK MONTREAL MEDIUM,063671101,1434231000.0,8117,0.0029266585099987892
IP,INTERNATIONAL PAPER CO,460146103,1433413000.0,37622,0.0029249893181732193
TOL,TOLL BROTHERS INC,889478103,1432576000.0,8695,0.0029232813553883756
UAPR,INNOVATOR ETFS TRUST,45782C805,1432052000.0,40782,0.002922212093143145
RVNU,DBX ETF TR,233051705,1429982000.0,56499,0.0029179880991591235
N/A,QIAGEN NV,N72482156,1428410000.0,36532,0.002914780312423432
SNDR,SCHNEIDER NATIONAL INC,80689H102,1423293000.0,38962,0.002904338680918002
IBTH,ISHARES TR,46436E841,1421977000.0,63566,0.002901653281844102
MSGS,MADISON SQUARE GRDN SPRT COR,55825T103,1421059000.0,3536,0.0028997800323381446
NFG,NATIONAL FUEL GAS CO,636180101,1416200000.0,18342,0.0028898648696481146
BPRE,BLUEROCK PVT REAL ESTATE FD,09631P102,1415740000.0,108819,0.002888926204318332
MTSI,MACOM TECH SOLUTIONS HLDGS I,55405Y100,1412314000.0,3713,0.0028819351881882557
AIT,APPLIED INDL TECHNOLOGIES IN,03820C105,1407257000.0,4162,0.0028716159912910585
BAX,BAXTER INTL INC,071813109,1397796000.0,65563,0.002852310094149595
XMVM,INVESCO EXCHANGE TRADED FD T,46137V456,1394375000.0,19661,0.0028453292809035376
XEVTX,EATON VANCE TAX ADVT DIV INC,27828G107,1391708000.0,50278,0.0028398870625676023
AAMI,ACADIAN ASSET MANAGEMENT INC,10948W103,1390267000.0,19439,0.002836946591393218
AHR,AMERICAN HEALTHCARE REIT INC,398182303,1388090000.0,26617,0.0028325042556911818
ABEV,AMBEV SA,02319V103,1387334000.0,441826,0.002830961579627452
FHN,FIRST HORIZON CORPORATION,320517105,1386156000.0,54062,0.002828557780152487
BSCY,INVESCO EXCH TRD SLF IDX FD,46139W783,1385397000.0,67041,0.002827008982358346
PAGP,PLAINS GP HLDGS L P,72651A207,1385161000.0,57073,0.002826527406232631
RBA,RB GLOBAL INC,74935Q107,1380712000.0,11857,0.00281744888003219
TEAM,ATLASSIAN CORPORATION,049468101,1380080000.0,17741,0.002816159235492141
GPCR,STRUCTURE THERAPEUTICS INC,86366E106,1374006000.0,25601,0.002803764771985403
GII,SPDR INDEX SHS FDS,78463X855,1373707000.0,18144,0.002803154639521044
SAIC,SCIENCE APPLICATIONS INTL CO,808625107,1371461000.0,12422,0.00279857150401954
BBHY,J P MORGAN EXCHANGE TRADED F,46641Q878,1368274000.0,29684,0.00279206818574559
WD5A,TRAVEL PLUS LEISURE CO,894164102,1366904000.0,17884,0.0027892725955242807
SPXC,SPX TECHNOLOGIES INC,78473E103,1365965000.0,5572,0.002787356493905442
PID,INVESCO EXCHANGE TRADED FD T,46137V548,1365031000.0,61488,0.0027854505951706225
TDTF,FLEXSHARES TR,33939L605,1360944000.0,57255,0.002777110757773184
HYZD,WISDOMTREE TR,97717W430,1357839000.0,60330,0.002770774766797152
SKOR,FLEXSHARES TR,33939L761,1357828000.0,27973,0.0027707523204523092
CVLT,COMMVAULT SYS INC,204166102,1357490000.0,9578,0.0027700626054925994
PREF,PRINCIPAL EXCHANGE TRADED FD,74255Y888,1356134000.0,71151,0.0027672955833465446
NVR,NVR INC,62944T105,1355867000.0,199,0.0027667507493399097
CASH,PATHWARD FINANCIAL INC,59100U108,1352884000.0,15540,0.00276066370873395
CBU,COMMUNITY FINANCIAL SYSTEM I,203607106,1351219000.0,20131,0.0027572661483554976
EMHC,SPDR SERIES TRUST,78468R515,1350784000.0,53097,0.0027563784974458123
GVI,ISHARES TR,464288612,1349953000.0,12724,0.002754682778121792
USSG,DBX ETF TR,233051150,1349936000.0,19435,0.002754648088316126
INTA,INTAPP INC,45827U109,1348584000.0,53494,0.0027518892284772866
ORBX,GLOBAL X FDS,37966B778,1348291000.0,24803,0.002751291339473751
BSEP,INNOVATOR ETFS TRUST,45782C664,1346882000.0,25543,0.002748416166757091
KNX,KNIGHT-SWIFT TRANSN HLDGS IN,499049104,1345779000.0,17282,0.0027461654105424165
BSCZ,INVESCO EXCH TRD SLF IDX FD,46139W759,1344097000.0,65662,0.002742733160358298
PINK,SIMPLIFY EXCHANGE TRADED FUN,82889N772,1342257000.0,34285,0.002738978499039168
FTAI,FTAI AVIATION LTD,G3730V105,1341779000.0,4960,0.0027380031033269153
SBAC,SBA COMMUNICATIONS CORP,78410G104,1338289000.0,7584,0.002730881490281391
ONON,ON HLDG AG,H5919C104,1337424000.0,37759,0.0027291163913460387
JSCP,J P MORGAN EXCHANGE TRADED F,46641Q274,1332219000.0,28258,0.0027184951890818682
FSLR,FIRST SOLAR INC,336433107,1331286000.0,5642,0.002716591330923853
IFV,FIRST TR EXCHANGE TRADED FD,33738R886,1330609000.0,49405,0.002715209860427629
SPXN,PROSHARES TR,74347B573,1328287000.0,16146,0.0027104716410890307
CCCS,CCC INTELLIGENT SOLUTIONS HL,12510Q100,1327963000.0,257357,0.0027098104942045753
CG,CARLYLE GROUP INC,14316J108,1325596000.0,31479,0.0027049804489098026
XPH,SPDR SERIES TRUST,78464A722,1323563000.0,19972,0.0027008319562675243
NFLT,ETFIS SER TR I,26923G707,1319507000.0,57495,0.0026925553767510064
CPAY,CORPAY INC,219948106,1318660000.0,3957,0.002690827008198124
SIHY,HARBOR ETF TRUST,41151J109,1317918000.0,28927,0.0026893129002096487
PIE,INVESCO EXCH TRADED FD TR II,46138E867,1312054000.0,39289,0.002677346957831724
MFDX,PIMCO EQUITY SER,72202L371,1311825000.0,31504,0.0026768796657436365
JHG,JANUS HENDERSON GROUP PLC,G4474Y214,1311264000.0,25241,0.0026757349021566627
JCAL,J P MORGAN EXCHANGE TRADED F,46654Q484,1309292000.0,26014,0.0026717108846994204
CUBI,CUSTOMERS BANCORP INC,23204G100,1307048000.0,16524,0.0026671318303515246
RDIV,INVESCO EXCH TRADED FD TR II,46138G656,1306904000.0,22533,0.0026668379872917666
AMX,AMERICA MOVIL SAB DE CV,02390A101,1304523000.0,50193,0.0026619793739217396
BFRZ,INNOVATOR ETFS TRUST,45784N619,1302468000.0,48186,0.0026577859885897758
DJUN,FIRST TR EXCHNG TRADED FD VI,33740F714,1297296000.0,26325,0.0026472321253601335
FMS,FRESENIUS MEDICAL CARE AG,358029106,1297015000.0,57365,0.0026466587232782442
EWN,ISHARES INC,464286814,1296570000.0,18433,0.00264575066660052
EWL,ISHARES INC,464286749,1291433000.0,20548,0.0026352682235590125
DWAW,ADVISORSHARES TR,00768Y479,1290971000.0,25244,0.0026343254770756224
FETH,FIDELITY ETHEREUM FD,31613E103,1290239000.0,81972,0.0026328317748551856
HLN,HALEON PLC,405552100,1289262000.0,138185,0.0026308381313177994
BWZ,SPDR SERIES TRUST,78464A334,1285879000.0,48070,0.0026239348599902896
WTAI,WISDOMTREE TR,97717Y543,1284150000.0,27052,0.0026204067026963894
QQXT,FIRST TR EXCHANGE-TRADED FD,33733E401,1283720000.0,13151,0.002619529254670723
BAUG,INNOVATOR ETFS TRUST,45782C698,1280582000.0,23885,0.0026131259246601622
NU,NU HLDGS LTD,G6683N103,1278735000.0,95714,0.002609356979303405
STWD,STARWOOD PPTY TR INC,85571B105,1276917000.0,77956,0.0026056472106739596
AXSM,AXSOME THERAPEUTICS INC.,05464T104,1276476000.0,5215,0.0026047473163034506
FHI,FEDERATED HERMES INC,314211103,1275229000.0,23094,0.0026022027170290183
IOT,SAMSARA INC,79589L106,1272897000.0,39251,0.002597444091922381
JD,JD.COM INC,47215P106,1270405000.0,49859,0.0025923589745271243
MD,PEDIATRIX MEDICAL GROUP INC,58502B106,1270173000.0,50145,0.002591885560708625
SPBU,AIM ETF PRODUCTS TRUST,00888H455,1269808000.0,41991,0.0025911407501752106
PEY,INVESCO EXCHANGE TRADED FD T,46137V563,1268369000.0,54718,0.0025882043601544343
STEW,SRH TOTAL RETURN FUND INC,101507101,1267139000.0,70790,0.0025856944506856675
VALE,VALE S A,91912E105,1263095000.0,83982,0.0025774423580907963
AVB,AVALONBAY CMNTYS INC,053484101,1259263000.0,6674,0.0025696228677783463
KMT,KENNAMETAL INC,489170100,1258025000.0,35892,0.002567096633695149
IHAK,ISHARES TR,46435U135,1257009000.0,20705,0.0025650234076624117
OBDC,BLUE OWL CAPITAL CORPORATION,69121K104,1256930000.0,115633,0.0025648622020949053
WGMI,VALKYRIE ETF TRUST II,91917A207,1256420000.0,19921,0.002563821507924929
SCHC,SCHWAB STRATEGIC TR,808524888,1256190000.0,26105,0.0025633521752600375
EPRT,ESSENTIAL PPTYS RLTY TR INC,29670E107,1248629000.0,41830,0.0025479233740459367
OWL,BLUE OWL CAPITAL INC,09581B103,1248483000.0,142684,0.0025476254498325713
BB4,AXOS FINANCIAL INC,05465C100,1246202000.0,12796,0.002542970894142932
NDSN,NORDSON CORP,655663102,1245202000.0,4127,0.0025409303173390563
LYV,LIVE NATION ENTERTAINMENT IN,538034109,1244617000.0,6797,0.0025397365799087893
J,JACOBS SOLUTIONS INC,46982L108,1244532000.0,9877,0.00253956313088046
RSSB,TIDAL TRUST II,88636J204,1243731000.0,40433,0.002537928628860556
TFLR,T ROWE PRICE EXCHANGE-TRADED,87283Q883,1243222000.0,24662,0.0025368899752673834
DWAS,INVESCO EXCH TRADED FD TR II,46138E842,1242852000.0,9762,0.0025361349618499497
AOR,ISHARES TR,464289867,1242691000.0,17880,0.0025358064289845257
CPRT,COPART INC,217204106,1240533000.0,44006,0.002531402864241763
HYBL,SSGA ACTIVE TR,78470P846,1237579000.0,44278,0.0025253750003631156
HALO,HALOZYME THERAPEUTICS INC,40637H109,1232753000.0,15750,0.002515527176707614
AWC,AMERICAN WTR WKS CO INC NEW,030420103,1230171000.0,9349,0.002510258407400008
EVER,EVERQUOTE INC,30041R108,1225589000.0,51517,0.0025009084844846517
IHG,INTERCONTINENTAL HOTELS GROU,45857P806,1222833000.0,7064,0.002495284654813171
BSMW,INVESCO EXCH TRD SLF IDX FD,46139W833,1221554000.0,48590,0.002492674757081015
ROL,ROLLINS INC,775711104,1217048000.0,29158,0.002483479918002753
S,SENTINELONE INC,81730H109,1216121000.0,71663,0.0024815883033055606
SDVD,FIRST TR EXCHANGE-TRADED FD,33738D820,1215027000.0,52621,0.0024793559122821213
TK,TEEKAY CORPORATION LTD,G8726T105,1211503000.0,121150,0.002472164919625265
BRKR,BRUKER CORP,116794108,1211335000.0,20129,0.002471822102722214
SIL,GLOBAL X FDS,37954Y848,1210887000.0,15632,0.0024709079243140776
MEDP,MEDPACE HLDGS INC,58506Q109,1210643000.0,2286,0.002470410023573932
BSMV,INVESCO EXCH TRD SLF IDX FD,46138J411,1203118000.0,57332,0.002455054683124771
FULT,FULTON FINL CORP PA,360271100,1202168000.0,49697,0.0024531161351610893
NCIQ,HASHDEX NASDAQ CME CRYPTO,41809Y102,1199335000.0,82090,0.002447335181075711
TAFM,AB ACTIVE ETFS INC,00039J889,1197797000.0,46643,0.0024441967739513505
UNM,UNUM GROUP,91529Y106,1196185000.0,13380,0.002440907364143504
PSCI,INVESCO EXCH TRADED FD TR II,46138E123,1195630000.0,6426,0.0024397748440173534
PEXL,PACER FDS TR,69374H402,1195558000.0,15769,0.002439627922487474
UAUG,INNOVATOR ETFS TRUST,45782C672,1193862000.0,28368,0.0024361671042281018
GOGO,GOGO INC,38046C109,1193230000.0,384913,0.0024348774596880526
FDXF,FEDEX FGHT HLDG CO INC,314352105,1189578000.0,7878,0.0024274252732003
CRUS,CIRRUS LOGIC INC,172755100,1188091000.0,7999,0.0024243909354929377
CWI,SPDR INDEX SHS FDS,78463X848,1187787000.0,29205,0.0024237706001445595
DMAY,FIRST TR EXCHNG TRADED FD VI,33740F730,1186199000.0,25174,0.0024205301641800057
FLNG,FLEX LNG LTD,G35947202,1185800000.0,42259,0.0024197159740352594
ROBO,EXCHANGE TRADED CONCEPTS TRU,301505707,1182084000.0,13800,0.002412133190632059
PNW,PINNACLE WEST CAP CORP,723484101,1181878000.0,11046,0.0024117128318104607
FNX,FIRST TR EXCHANGE-TRADED ALP,33735B108,1181572000.0,8074,0.0024110884153084747
WSO,WATSCO INC,942622200,1181029000.0,2834,0.002409980382103971
BIZD,VANECK ETF TRUST,92189F411,1180771000.0,93268,0.002409453913288571
FCFS,FIRSTCASH HOLDINGS INC,33768G107,1179708000.0,5454,0.0024072847801460515
GDXJ,VANECK ETF TRUST,92189F791,1177381000.0,11984,0.0024025363579234338
EGP,EASTGROUP PPTYS INC,277276101,1175752000.0,5805,0.0023992122583099207
REET,ISHARES TR,46434V647,1175456000.0,42558,0.002398608247575974
QURE,UNIQURE NV,N90064101,1173517000.0,25478,0.00239465156915326
DJUL,FIRST TR EXCHNG TRADED FD VI,33740F698,1173243000.0,23397,0.0023940924511089983
LTPZ,PIMCO ETF TR,72201R304,1171738000.0,23134,0.002391021383019166
MFSB,MFS ACTIVE EXCHANGE TRADED F,55286W108,1168101000.0,46855,0.0023835998051834717
WY,WEYERHAEUSER CO,962166104,1167148000.0,48753,0.0023816551354893787
PENN,PENN ENTERTAINMENT INC,707569109,1160937000.0,54351,0.0023689811129605095
NEXA,NEXA RES S A,L67359106,1159924000.0,94765,0.002366914008658184
BGT,BLACKROCK FLOATING RATE INC,091941104,1154012000.0,108256,0.0023548501185936734
NJUL,INNOVATOR ETFS TRUST,45782C276,1150532000.0,14859,0.002347748911316187
PSN,PARSONS CORP DEL,70202L102,1150222000.0,21955,0.002347116332506986
AN,AUTONATION INC,05329W102,1149669000.0,6188,0.002345987893534443
ACWV,ISHARES INC,464286525,1149520000.0,9561,0.0023456838475906655
ETH,GRAYSCALE ETHEREUM STAKING,38964R203,1149314000.0,76468,0.0023452634887690675
GNRC,GENERAC HLDGS INC,368736104,1148108000.0,3921,0.002342802553143594
OMFS,INVESCO EXCH TRD SLF IDX FD,46138J593,1141780000.0,21406,0.002329889783128671
FCOM,FIDELITY COVINGTON TRUST,316092873,1139526000.0,16401,0.0023252903230127366
GNMA,ISHARES TR,46429B333,1138589000.0,25742,0.002323378302547506
BUFP,PGIM ROCK ETF TR,69420N718,1137003000.0,35476,0.0023201419477365593
EDOW,FIRST TR EXCHANGE-TRADED FD,33733A201,1136427000.0,25775,0.0023189665754975272
AJAN,INNOVATOR ETFS TRUST,45783Y418,1134865000.0,39991,0.0023157791945298744
RAAX,VANECK ETF TRUST,92189F130,1134665000.0,28603,0.0023153710791690993
NFEB,INNOVATOR ETFS TRUST,45784N791,1132392000.0,37324,0.0023107328480938905
HDGE,ADVISORSHARES TR,00768Y412,1131851000.0,68637,0.0023096288960429943
OMER,OMEROS CORP,682143102,1123844000.0,118175,0.002293289997574365
ALOT,ASTRONOVA INC,04638F108,1115848000.0,39194,0.0022769735454505786
DXIV,DIMENSIONAL ETF TRUST,25434V542,1114322000.0,15919,0.002273859625247865
PAAS,PAN AMERN SILVER CORP,697900108,1111661000.0,24819,0.0022684296503727532
UNOV,INNOVATOR ETFS TRUST,45782C565,1111639000.0,27680,0.002268384757683068
BW,BABCOCK & WILCOX ENTERPRISES,05614L209,1110192000.0,78737,0.0022654320430478604
JXN,JACKSON FINANCIAL INC,46817M107,1110092000.0,10842,0.002265227985367473
CA8A,CACI INTL INC,127190304,1108581000.0,2393,0.0022621446738168172
FRO,FRONTLINE PLC,M46528101,1105092000.0,31765,0.0022550251013480965
EXP,EAGLE MATLS INC,26969P108,1103956000.0,4906,0.0022527070060988945
UMAR,INNOVATOR ETFS TRUST,45782C375,1100363000.0,26047,0.0022453752136425706
CTSH,COGNIZANT TECHNOLOGY SOLUTIO,192446102,1098590000.0,28365,0.0022417572709693
PGY,PAGAYA TECHNOLOGIES LTD,M7S64L123,1098267000.0,60179,0.0022410981646616484
TOCT,INNOVATOR ETFS TRUST,45784N577,1097878000.0,40602,0.002240304380284941
DBC,INVESCO DB COMMDY INDX TRCK,46138B103,1097085000.0,41151,0.0022386862028794677
REGL,PROSHARES TR,74347B680,1095551000.0,11964,0.0022355559580623232
EL,LAUDER ESTEE COS INC,518439104,1095085000.0,13871,0.002234605049271717
JPX,AEROVIRONMENT INC,008073108,1094579000.0,6631,0.002233572517408956
COLD,AMERICOLD REALTY TRUST INC,03064D108,1093748000.0,69577,0.002231876798084936
MOH,MOLINA HEALTHCARE INC,60855R100,1092957000.0,4779,0.0022302627018330706
INSW,INTERNATIONAL SEAWAYS INC,Y41053102,1092131000.0,14259,0.0022285771853930696
LUMN,LUMEN TECHNOLOGIES INC,550241103,1091583000.0,142133,0.002227458949304546
AVY,AVERY DENNISON CORP,053611109,1089773000.0,6712,0.002223765505289532
PLOW,DOUGLAS DYNAMICS INC,25960R105,1086585000.0,20141,0.0022172601464387777
PEGA,PEGASYSTEMS INC,705573103,1085895000.0,36233,0.0022158521484441033
EVMO,MORGAN STANLEY ETF TRUST,61774R767,1084072000.0,21686,0.002212132176930639
UITB,VICTORY PORTFOLIOS II,92647N527,1083897000.0,23141,0.002211775075989961
LGND,LIGAND PHARMACEUTICALS INC,53220K504,1082924000.0,3426,0.0022097895947597902
NTR,NUTRIEN LTD,67077M108,1081447000.0,17179,0.0022067756628204667
HNM,ORMAT TECHNOLOGIES INC,686688102,1078263000.0,9901,0.002200278466276928
BBBI,BONDBLOXX ETF TRUST,09789C747,1075911000.0,20923,0.0021954790296342132
CENX,CENTURY ALUM CO,156431108,1074149000.0,23346,0.002191883533305785
GBCI,GLACIER BANCORP INC NEW,37637Q105,1072119000.0,20786,0.002187741162393918
HYLS,FIRST TR EXCHANGE-TRADED FD,33738D408,1069616000.0,26313,0.0021826335986538186
FSSL,FS SPECIALTY LENDING FD,644323107,1069035000.0,95878,0.002181448023530767
CCK,CROWN HLDGS INC,228368106,1067431000.0,9546,0.002178174938337351
SGDM,SPROTT ETF TRUST,85210B102,1065041000.0,16940,0.0021732979597760896
BURL,BURLINGTON STORES INC,122017106,1064126000.0,3359,0.0021714308320005433
FXZ,FIRST TR EXCHANGE-TRADED FD,33734X168,1061756000.0,13366,0.002166594664975359
CVCO,CAVCO INDS INC DEL,149568107,1060420000.0,1726,0.002163868454365382
ILTB,ISHARES TR,464289479,1059121000.0,21505,0.002161217745097148
UMAY,INNOVATOR ETFS TRUST,45782C292,1055859000.0,27784,0.002154561383562907
STE,STERIS PLC,G8473T100,1053172000.0,5002,0.0021490783536908943
SWX,SOUTHWEST GAS HLDGS INC,844895102,1051723000.0,11860,0.002146121557902079
NYT,NEW YORK TIMES CO MTN BE,650111107,1050832000.0,15016,0.002144303403969826
FEM,FIRST TR EXCH TRD ALPHDX FD,33737J182,1050625000.0,32843,0.002143881004571424
MRAM,EVERSPIN TECHNOLOGIES INC,30041T104,1049823000.0,43417,0.002142244461974716
TKR,TIMKEN CO,887389104,1045529000.0,7195,0.002133482225178876
QSR,RESTAURANT BRANDS INTL INC,76131D103,1045020000.0,14412,0.002132443571585703
PBP,INVESCO EXCHANGE TRADED FD T,46137V399,1037666000.0,45313,0.0021174371697700047
UYLD,ANGEL OAK FUNDS TRUST,03463K752,1036445000.0,20320,0.002114945625492473
PSCW,PACER FDS TR,69374H543,1035216000.0,34488,0.00211243775660051
XSOE,WISDOMTREE TR,97717X578,1033595000.0,21017,0.0021091299816014286
IEX,IDEX CORP,45167R104,1030849000.0,4542,0.0021035265576979873
TOWN,TOWNEBANK PORTSMOUTH VA,89214P109,1026686000.0,28330,0.0020950316364634547
CGNX,COGNEX CORP,192422103,1025240000.0,14157,0.002092080962405051
WMS,ADVANCED DRAIN SYS INC DEL,00790R104,1023029000.0,6518,0.002087569247091683
OC,OWENS CORNING NEW,690742101,1022492000.0,6432,0.0020864734573480016
NUHY,NUSHARES ETF TR,67092P854,1022173000.0,47687,0.0020858225133475656
SPIP,SPDR SERIES TRUST,78464A656,1021935000.0,39795,0.0020853368560682433
RDN,RADIAN GROUP INC,750236101,1019816000.0,27072,0.002081012873820832
ACAD,ACADIA PHARMACEUTICALS INC,004225108,1019236000.0,40286,0.002079829339274584
OPPE,WISDOMTREE TR,97717X552,1017765000.0,18236,0.0020768276507960835
BOOT,BOOT BARN HLDGS INC,099406100,1017160000.0,6192,0.002075593101829739
N/A,APTIV PLC,G3265R107,1012897000.0,16502,0.002066894122914819
AUB,ATLANTIC UN BANKSHARES CORP,04911A107,1010447000.0,23882,0.0020618947097453245
SMIG,ETF SER SOLUTIONS,26922B832,1009628000.0,30772,0.0020602234773429507
CMS,CMS ENERGY CORP,125896100,1008905000.0,13188,0.002058748140313749
CHD,CHURCH & DWIGHT CO INC,171340102,1008429000.0,10409,0.0020577768257551044
BJUL,INNOVATOR ETFS TRUST,45782C789,1008102000.0,18562,0.0020571095571402373
DTH,WISDOMTREE TR,97717W802,1007683000.0,18623,0.0020562545554594133
STAG,STAG INDUSTRIAL INC,85254J102,1006834000.0,26454,0.0020545221057529234
MAIN,MAIN STR CAP CORP,56035L104,1006220000.0,19395,0.002053269191595344
CZA,INVESCO EXCHANGE TRADED FD T,46137Y401,1004589000.0,8193,0.0020499410108282233
DDFF,INNOVATOR ETFS TRUST,45784N395,999287000.0,50072,0.0020391218726140766
HCI,HCI GROUP INC,40416E103,993264000.0,5668,0.0020268314785243362
PHG,KONINKLIJKE PHILIPS N V,500472303,992917000.0,36518,0.0020261233983733915
OSW,ONESPAWORLD HOLDINGS LIMITED,P73684113,992808000.0,35156,0.0020259009755017694
PRCS,PARNASSUS INCOME FDS,701769507,991528000.0,34435,0.002023289037192809
ZMAR,INNOVATOR ETFS TRUST,45784N742,989190000.0,35059,0.0020185181686253485
OILK,PROSHARES TR,74347G804,986151000.0,20765,0.0020123168557183717
RGEN,REPLIGEN CORP,759916109,985301000.0,7222,0.0020105823654350775
BILZ,PIMCO ETF TR,72201R577,983773000.0,9747,0.0020074643640787563
TILE,INTERFACE INC,458665304,982157000.0,27404,0.002004166791963694
ALSN,ALLISON TRANSMISSION HLDGS I,01973R101,979963000.0,8692,0.0019996897664559914
WULF,TERAWULF INC,88080T104,979874000.0,39671,0.0019995081551204465
XPO,XPO INC,983793100,978322000.0,4766,0.0019963411799208326
ERIC,TELEFONAKTIEBOLAGET LM ERICS,294821608,977800000.0,87695,0.00199527599882921
AOM,ISHARES TR,464289875,977627000.0,19596,0.001994922979042139
NAT,NORDIC AMERICAN TANKERS LIMI,G65773106,975547000.0,176091,0.0019906785792900786
MCHI,ISHARES TR,46429B671,975081000.0,19110,0.001989727670499473
PCY,INVESCO EXCH TRADED FD TR II,46138E784,974858000.0,45028,0.0019892726218722085
GNR,SPDR INDEX SHS FDS,78463X541,974709000.0,14481,0.001988968575928431
RGLD,ROYAL GOLD INC,780287108,969220000.0,4856,0.00197776784985196
MUR,MURPHY OIL CORP,626717102,968562000.0,29747,0.0019764251503150104
ARRY,ARRAY TECHNOLOGIES INC,04271T100,962885000.0,129944,0.00196484079579941
ALLY,ALLY FINL INC,02005N100,962793000.0,20953,0.001964653062733454
IAUX,I-80 GOLD CORP,44955L106,961115000.0,667441,0.001961228974856551
IWC,ISHARES TR,464288869,958558000.0,4792,0.0019560112199690422
PGF,INVESCO EXCHANGE TRADED FD T,46137V621,958451000.0,69909,0.0019557928782510275
NXT,NEXTPOWER INC,65290E101,958362000.0,8044,0.0019556112669154827
TRFM,ETF SER SOLUTIONS,26922B683,955446000.0,15125,0.0019496609449553826
IDA,IDACORP INC,451107106,954893000.0,6311,0.0019485325059828394
IMAX,IMAX CORP,45245E109,954448000.0,23945,0.0019476244493051148
RS,RELIANCE INC,759509102,953324000.0,2552,0.0019453308409775592
GJUN,FIRST TR EXCHNG TRADED FD VI,33740F433,951942000.0,23111,0.0019425107638346036
JPIB,J P MORGAN EXCHANGE TRADED F,46641Q852,950644000.0,19662,0.0019398620951431736
NAPR,INNOVATOR ETFS TRUST,45782C334,949213000.0,16034,0.0019369420297368279
AGYS,AGILYSYS INC,00847J105,946770000.0,9060,0.001931956900604961
XONE,BONDBLOXX ETF TRUST,09789C861,944224000.0,19125,0.0019267615920622945
MT,ARCELORMITTAL SA LUXEMBOURG,03938L203,937106000.0,15561,0.0019122367663723105
DCRE,DOUBLELINE ETF TRUST,25861R303,935526000.0,18059,0.0019090126550221876
MKL,MARKEL GROUP INC,570535104,935492000.0,479,0.001908943275410856
CDX,SIMPLIFY EXCHANGE TRADED FUN,82889N830,933631000.0,44206,0.0019051457619788442
DFSI,DIMENSIONAL ETF TRUST,25434V690,931041000.0,20644,0.0018998606680568073
KLIC,KULICKE & SOFFA INDS INC,501242101,929470000.0,6949,0.0018966549218979191
WHD,CACTUS INC,127203107,927851000.0,18111,0.0018933512280524451
TAPR,INNOVATOR ETFS TRUST,45784N734,924502000.0,34933,0.001886517336336267
NCLH,NORWEGIAN CRUISE LINE HLDGS,G66721104,924196000.0,43780,0.0018858929198342813
MQY,BLACKROCK MUNIYILD QULT FD I,09254F100,921381000.0,79429,0.0018801486961313725
FSS,FEDERAL SIGNAL CORP,313855108,920529000.0,7164,0.001878410124694471
AS,AMER SPORTS INC,G0260P102,916626000.0,27087,0.0018704457534289456
SSRM,SSR MINING IN,784730103,915706000.0,32380,0.0018685684227693806
BGLD,FIRST TR EXCHANGE-TRADED FD,33733E849,914084000.0,56113,0.0018652586071934948
TIPX,SPDR SERIES TRUST,78468R861,913780000.0,48272,0.0018646382718451166
IHE,ISHARES TR,464288836,911954000.0,9211,0.0018609121786012405
INCY,INCYTE CORP,45337C102,911949000.0,8045,0.001860901975717221
PCG,PG&E CORP,69331C108,910038000.0,54105,0.0018570024334450155
EMDM,FIRST TR EXCHANGE-TRADED FD,33734X754,906422000.0,20980,0.0018496237077222028
SPUS,TIDAL TRUST I,886364801,906039000.0,15757,0.0018488421668063184
FDS,FACTSET RESH SYS INC,303075105,904420000.0,3931,0.0018455384729608444
INVA,INNOVIVA INC,45781M101,903767000.0,39796,0.001844205976307914
GBND,GOLDMAN SACHS ETF TR,38149W473,903040000.0,17861,0.0018427224769714968
CC,CHEMOURS CO,163851108,898292000.0,43776,0.0018330338183066971
YOU,CLEAR SECURE INC,18467V109,896217000.0,16081,0.001828799621438656
IVOV,VANGUARD ADMIRAL FDS INC,921932844,892192000.0,7821,0.0018205862998030582
HP,HELMERICH & PAYNE INC,423452101,891710000.0,27236,0.00181960274178359
SLVP,ISHARES INC,464286327,890333000.0,28879,0.001816792867524654
FYLD,CAMBRIA ETF TR,132061300,889898000.0,24387,0.0018159052166149682
CCNR,FINANCIAL INVS TR,31761T886,886048000.0,23761,0.0018080489959200487
FPXI,FIRST TR EXCHANGE-TRADED FD,33734X853,885737000.0,10577,0.0018074143765340433
JBHT,HUNT J B TRANS SVCS INC,445658107,884763000.0,3057,0.0018054268547270688
TYL,TYLER TECHNOLOGIES INC,902252105,883990000.0,3023,0.0018038494888576733
QLV,FLEXSHARES TR,33939L654,883843000.0,11708,0.0018035495240675038
NUMV,NUSHARES ETF TR,67092P508,883240000.0,20309,0.0018023190562547668
NPO,ENPRO INC,29355X107,882203000.0,2341,0.0018002029781091485
CR,CRANE COMPANY,224408104,880704000.0,3948,0.0017971441534801395
LECO,LINCOLN ELEC HLDGS INC,533900106,880273000.0,3315,0.0017962646648776693
FDHY,FIDELITY COVINGTON TRUST,316092618,878162000.0,17911,0.0017919570072446886
FUL,FULLER H B CO,359694106,876422000.0,15036,0.0017884064036059455
FSTA,FIDELITY COVINGTON TRUST,316092303,873105000.0,16618,0.0017816378103474913
GFEB,FIRST TR EXCHNG TRADED FD VI,33740U737,872835000.0,19824,0.001781086854610445
UAN,CVR PARTNERS LP/CVR NITROGEN,126633205,872658000.0,7828,0.001780725672516159
ADX,ADAMS DIVERSIFIED EQUITY FD,006212104,870910000.0,34087,0.0017771587442629853
TGB,TREKOR METALS LTD,89472Y107,868751000.0,126272,0.0017727531389434186
ACLS,AXCELIS TECHNOLOGIES INC,054540208,868060000.0,4582,0.0017713431003719407
MARW,AIM ETF PRODUCTS TRUST,00888H778,865044000.0,23956,0.001765188720731453
TTD,THE TRADE DESK INC,88339J105,864824000.0,47833,0.0017647397938346005
WTW,WILLIS TOWERS WATSON PLC LTD,G96629103,862419000.0,3300,0.0017598322066212807
TSCO,TRACTOR SUPPLY CO,892356106,859746000.0,27199,0.001754377744824522
RSPN,INVESCO EXCHANGE TRADED FD T,46137V324,859640000.0,13433,0.0017541614436833112
RIVN,RIVIAN AUTOMOTIVE INC,76954A103,858769000.0,49497,0.0017523841012871359
BRC,BRADY CORP,104674106,857063000.0,9360,0.0017489028772597248
DGICA,DONEGAL GROUP INC,257701201,857061000.0,45443,0.0017488987961061168
OCTT,AIM ETF PRODUCTS TRUST,00888H604,855661000.0,18362,0.0017460419885806915
EXLS,EXLSERVICE HLDGS INC,302081104,854699000.0,33051,0.0017440789536953638
PZT,INVESCO EXCH TRADED FD TR II,46138E529,852581000.0,37501,0.0017397570120247562
VFMF,VANGUARD WELLINGTON FD,921935607,848329000.0,4794,0.0017310804794546783
AVMU,AMERICAN CENTY ETF TR,025072695,846975000.0,18181,0.0017283175384622312
R,RYDER SYS INC,783549108,844421000.0,3201,0.001723105905305134
JUNW,AIM ETF PRODUCTS TRUST,00888H737,839666000.0,24416,0.0017134029626027071
CGGG,CAPITAL GROUP EQUITY ETF TR,14022A201,836351000.0,29192,0.0017066384504978607
RRC,RANGE RES CORP,75281A109,835563000.0,22467,0.0017050304759764071
CSW,CSW INDUSTRIALS INC,126402106,832564000.0,2992,0.0016989107861415853
KJUL,INNOVATOR ETFS TRUST,45782C284,831416000.0,24475,0.0016965682039707366
QMMY,FIRST TR EXCHNG TRADED FD VI,33740F268,829005000.0,31295,0.0016916483732965933
SANM,SANMINA CORP,801056102,828584000.0,3274,0.001690789290462162
DDFA,INNOVATOR ETFS TRUST,45784N551,826604000.0,40921,0.0016867489483904888
DFNM,DIMENSIONAL ETF TRUST,25434V849,825603000.0,17081,0.0016847063310098096
RITM,RITHM CAPITAL CORP,64828T201,823054000.0,87652,0.0016795049007367318
SW,SMURFIT WESTROCK PLC,G8267P108,820779000.0,17743,0.0016748625885079156
BF/B,BROWN FORMAN CORP,115637209,820513000.0,30788,0.0016743197950780846
VCTR,VICTORY CAP HLDGS INC DEL,92645B103,819826000.0,9753,0.0016729179188138222
XTL,SPDR SERIES TRUST,78464A540,818433000.0,3598,0.0016700753953260243
USO,UNITED STS OIL FD LP,91232N207,816395000.0,7670,0.0016659166997997266
PBR/A,PETROLEO BRASILEIRO S A,71654V101,815448000.0,55700,0.0016639842735664565
NOVT,NOVANTA INC,67000B104,815256000.0,5025,0.0016635924828201124
DCOR,DIMENSIONAL ETF TRUST,25434V625,814463000.0,9935,0.0016619743054146394
PFGC,PERFORMANCE FOOD GROUP CO,71377A103,813831000.0,7280,0.0016606846608745905
PR,PERMIAN RESOURCES CORP,71424F105,813787000.0,44204,0.00166059487549522
HODL,VANECK BITCOIN ETF,92189K105,813508000.0,48977,0.0016600255545669387
CNO,CNO FINL GROUP INC,12621E103,813080000.0,15949,0.0016591521876948801
SNN,SMITH & NEPHEW PLC,83175M205,812437000.0,28200,0.0016578400968099882
UUP,INVESCO DB US DLR INDEX TR,46141D203,811262000.0,28556,0.0016554424190654347
STXG,EA SERIES TRUST,02072L615,810956000.0,14675,0.001654818002563449
MCX,MCCORMICK & CO INC,579780206,809670000.0,16059,0.0016521938207936654
AROC,ARCHROCK INC,03957W106,809660000.0,19888,0.0016521734150256265
GOCT,FIRST TR EXCHNG TRADED FD VI,33740U695,809289000.0,19480,0.001651416361031389
GVIP,GOLDMAN SACHS ETF TR,381430545,807403000.0,4279,0.0016475678331792803
IEZ,ISHARES TR,464288844,807049000.0,30002,0.0016468454689907085
ACT,ENACT HLDGS INC,29249E109,805966000.0,17632,0.0016446355243121115
ZSEP,INNOVATOR ETFS TRUST,45784N106,804122000.0,29178,0.0016408727006857657
MAYW,AIM ETF PRODUCTS TRUST,00888H752,803882000.0,23120,0.0016403829622528355
REMX,VANECK ETF TRUST,92189H805,803091000.0,9074,0.0016387688660009702
RYLD,GLOBAL X FDS,37954Y459,803037000.0,50221,0.0016386586748535611
FAAA,FIDELITY MERRIMACK STR TR,316188838,802480000.0,16000,0.0016375220735738026
VKTX,VIKING THERAPEUTICS INC,92686J106,802436000.0,20570,0.0016374322881944322
GRC,GORMAN RUPP CO,383082104,801186000.0,8733,0.0016348815671895882
ARKB,ARK 21SHARES BITCOIN ETF,040919102,800927000.0,41158,0.0016343530577973841
GRPM,INVESCO EXCHANGE TRADED FD T,46137V225,800128000.0,6147,0.001632722636931088
PTY,PIMCO CORPORATE & INCOME OPP,72201B101,796457000.0,66206,0.001625231679484062
DFSU,DIMENSIONAL ETF TRUST,25434V716,791791000.0,16980,0.00161571034811718
OTTR,OTTER TAIL CORP,689648103,791782000.0,8800,0.0016156919829259451
CAMT,CAMTEK LTD,M20791105,791295000.0,4851,0.0016146982220224578
AOS,SMITH A O CORP,831865209,790454000.0,12603,0.001612982096930399
FAN,FIRST TR EXCHANGE-TRADED FD,33736G106,789094000.0,31589,0.0016102069124771285
JMSI,J P MORGAN EXCHANGE TRADED F,46654Q815,788777000.0,15638,0.0016095600496303
BRO,BROWN & BROWN INC,115236101,788710000.0,12295,0.0016094233309844404
BUFY,FIRST TR EXCHNG TRADED FD VI,33740F169,787890000.0,33659,0.0016077500580052627
MDGL,MADRIGAL PHARMACEUTICALS INC,558868105,787169000.0,1466,0.0016062788021296687
APA,APA CORPORATION,03743Q108,786991000.0,24163,0.0016059155794585789
HUM,HUMANA INC,444859102,786784000.0,1981,0.0016054931800601768
FXH,FIRST TR EXCHANGE-TRADED FD,33734X143,786155000.0,6423,0.0016042096572505395
EPR,EPR PPTYS,26884U109,785224000.0,13536,0.0016023098802461315
DJD,INVESCO EXCHANGE TRADED FD T,46137V605,783799000.0,12369,0.0015994020583006091
BITO,PROSHARES TR,74347G440,783557000.0,98190,0.0015989082387140715
CLH,CLEAN HARBORS INC,184496107,782925000.0,2621,0.0015976185941740224
NJUN,INNOVATOR ETFS TRUST,45783Y269,782791000.0,23822,0.001597345156882303
FTMU,PUTNAM ETF TRUST,746729797,781079000.0,98497,0.0015938516893940684
GTY,GETTY RLTY CORP NEW,374297109,779460000.0,23365,0.0015905479955485946
ARMK,ARAMARK,03852U106,778337000.0,13679,0.0015882564277978426
LRGF,ISHARES TR,46434V282,777277000.0,10277,0.001586093416385735
KBWD,INVESCO EXCH TRADED FD TR II,46138E610,775606000.0,62448,0.0015826836125464594
MMIN,NEW YORK LIFE INVTS ACTIVE E,45409F843,773224000.0,31938,0.0015778229585996285
BC,BRUNSWICK CORP,117043109,772647000.0,9172,0.0015766455457837925
LEVI,LEVI STRAUSS & CO NEW,52736R102,770958000.0,31049,0.0015731990115620473
FAD,FIRST TR EXCHANGE-TRADED ALP,33733F101,770778000.0,3854,0.0015728317077373499
EVR,EVERCORE INC,29977A105,769607000.0,2254,0.0015704421923000117
BLNE,BEELINE HOLDINGS INC,277802500,769454000.0,630700,0.0015701299840490189
SYFI,AB ACTIVE ETFS INC,00039J830,768581000.0,21520,0.0015683485604992356
SPMB,SPDR SERIES TRUST,78464A383,767835000.0,34417,0.001566826290203545
IVVW,ISHARES TR,46438G711,767091000.0,17199,0.0015653081010614616
NTES,NETEASE COM INC,64110W102,766541000.0,5982,0.0015641857838193305
RGTI,RIGETTI COMPUTING INC,76655K103,765710000.0,39633,0.0015624900644953098
IBDT,ISHARES TR,46435U515,765012000.0,30298,0.001561065741886205
PLXS,PLEXUS CORP,729132100,764604000.0,2543,0.001560233186550224
NMR,NOMURA HLDGS INC,65535H208,763893000.0,87004,0.0015587823364426685
EXR,EXTRA SPACE STORAGE INC,30225T102,763128000.0,5252,0.001557221295187704
GHYG,ISHARES INC,464286178,761585000.0,16816,0.0015540726851793244
FRT,FEDERAL RLTY INVT TR NEW,313745101,761546000.0,6169,0.0015539931026839736
CARG,CARGURUS INC,141788109,759150000.0,22269,0.0015491038806618883
QQA,INVESCO ACTIVELY MANAGED EXC,46090A689,758640000.0,13163,0.0015480631864919119
FDLO,FIDELITY COVINGTON TRUST,316092824,758122000.0,11094,0.0015470061677075046
EOCT,INNOVATOR ETFS TRUST,45782C623,757797000.0,22187,0.001546342980246245
DUKX,NORTHERN LIGHTS FD TR,66538J324,754436000.0,26501,0.0015394846016084207
ARLU,AIM ETF PRODUCTS TRUST,00888H612,751882000.0,23549,0.0015342729684513232
EPC,EDGEWELL PERSONAL CARE CO,28035Q102,750234000.0,27931,0.0015309100978785368
BRK/A,BERKSHIRE HATHAWAY INC DEL,084670108,748850000.0,1,0.0015280859395819736
FOUR,SHIFT4 PMTS INC,82452J109,746916000.0,15356,0.0015241394640432787
TJUL,INNOVATOR ETFS TRUST,45783Y541,746368000.0,24690,0.001523021227954755
PTK,POET TECHNOLOGIES INC,73044W302,746225000.0,72590,0.0015227294254718008
PSP,INVESCO EXCHANGE TRADED FD T,46137V118,744735000.0,13370,0.0015196889660340268
CEFZ,ELEVATION SERIES TRUST,210322673,743308000.0,90325,0.0015167770629348968
CNI,CANADIAN NATL RY CO,136375102,741857000.0,6222,0.0015138161859924739
HYLB,DBX ETF TR,233051432,741661000.0,20308,0.0015134162329389143
FTMS,PUTNAM ETF TRUST,746729730,741413000.0,74551,0.0015129101698915532
FAF,FIRST AMERN FINL CORP,31847R102,741107000.0,10805,0.0015122857533895675
BMAR,INNOVATOR ETFS TRUST,45782C391,737285000.0,12794,0.0015044866688451563
QBUF,INNOVATOR ETFS TRUST,45783Y160,737217000.0,23962,0.0015043479096224926
QBTS,D-WAVE QUANTUM INC,26740W109,736109000.0,30684,0.001502086950523799
ASC,ARDMORE SHIPPING CORP,Y0207T100,735938000.0,52529,0.0015017380118903362
GEM,GOLDMAN SACHS ETF TR,381430206,735870000.0,14151,0.0015015992526676728
IHF,ISHARES TR,464288828,735751000.0,13298,0.0015013564240280116
EBND,SPDR SERIES TRUST,78464A391,733714000.0,35072,0.0014971997690785177
GAPR,FIRST TR EXCHNG TRADED FD VI,33740F458,731884000.0,17562,0.0014934655135274261
VGHY,VANGUARD FIXED INCOME SECS F,922031687,731397000.0,9771,0.0014924717526239389
FXD,FIRST TR EXCHANGE-TRADED FD,33734X101,731114000.0,10570,0.0014918942693884422
LADR,LADDER CAP CORP,505743104,729045000.0,73271,0.0014876723159812243
ELAN,ELANCO ANIMAL HEALTH INC,28414H103,728841000.0,29616,0.0014872560383132338
GAB,GABELLI EQUITY TR INC,362397101,726542000.0,128364,0.0014825647522411247
CAOS,EA SERIES TRUST,02072L516,725410000.0,8028,0.0014802548192991377
STPZ,PIMCO ETF TR,72201R205,724795000.0,13588,0.0014789998645647546
SUI,SUN CMNTYS INC,866674104,723976000.0,6038,0.0014773286321623808
IPAC,ISHARES TR,46434V696,722161000.0,8814,0.0014736249852633472
LCII,LCI INDS,50189K103,720865000.0,6808,0.0014709803977255248
JULT,AIM ETF PRODUCTS TRUST,00888H307,719826000.0,15067,0.0014688602384262985
FROG,JFROG LTD,M6191J100,718588000.0,7907,0.0014663340043431009
AUGW,AIM ETF PRODUCTS TRUST,00888H711,717430000.0,21073,0.0014639710164042134
KJAN,INNOVATOR ETFS TRUST,45782C474,712227000.0,15609,0.0014533538952936505
EWW,ISHARES INC,464286822,711557000.0,9453,0.001451986708835054
GOVI,INVESCO EXCH TRADED FD TR II,46138E107,710614000.0,26174,0.0014500624449089998
HROW,HARROW INC,415858109,707805000.0,16666,0.0014443304646669143
BGC,BGC GROUP INC,088929104,706352000.0,66076,0.0014413655065708833
AFLG,FIRST TR EXCHNG TRADED FD VI,33740F821,703920000.0,16212,0.0014364028237838589
STXV,EA SERIES TRUST,02072L599,703655000.0,18561,0.001435862070930832
TOTL,SSGA ACTIVE ETF TR,78467V848,701478000.0,17772,0.0014314197352287956
FGDL,FRANKLIN TEMPLETON HOLDINGS,35473M105,698453000.0,13087,0.001425246990397073
HNRG,HALLADOR ENERGY COMPANY,40609P105,697269000.0,40096,0.0014228309474612847
LSCC,LATTICE SEMICONDUCTOR CORP,518415104,695493000.0,4547,0.0014192068830576022
CFR,CULLEN FROST BANKERS INC,229899109,694506000.0,4495,0.0014171928337521774
TECK,TECK RESOURCES LTD,878742204,694011000.0,11672,0.001416182748234259
HEGD,LISTED FDS TR,53656F599,693550000.0,26015,0.0014152420423276725
UGI,UGI CORP NEW,902681105,692707000.0,20055,0.0014135218360820058
PGHY,INVESCO EXCH TRADED FD TR II,46138E669,692108000.0,35132,0.0014122995305764845
LGLV,SPDR SERIES TRUST,78468R804,690620000.0,3806,0.0014092631522923183
AXS,AXIS CAP HLDGS LTD,G0692U109,687466000.0,6399,0.0014028271730528957
RGLO,RUSSELL INVTS EXCHANGE TRADE,78249U308,685083000.0,21051,0.001397964478529261
ULS,UL SOLUTIONS INC,903731107,684601000.0,6721,0.001396980920509793
SMIN,ISHARES TR,46429B614,682400000.0,9648,0.0013924896109644637
PK,PARK HOTELS & RESORTS INC,700517105,681059000.0,47794,0.001389753197470467
LKQ1,LKQ CORP,501889208,680982000.0,25863,0.0013895960730565685
AMCX,AMC GLOBAL MEDIA INC,00164V103,680327000.0,68169,0.0013882594952500302
USAI,PACER FDS TR,69374H634,679484000.0,14935,0.0013865392890043634
LALT,FIRST TR EXCHNG TRADED FD VI,33740F490,679222000.0,28266,0.0013860046578817481
FNY,FIRST TR EXCHANGE-TRADED ALP,33737M102,676466000.0,6102,0.001380380828210268
EA,ELECTRONIC ARTS INC,285512109,673264000.0,3284,0.0013738469012842596
TRIN,TRINITY CAP INC,896442308,673094000.0,37624,0.0013735000032276006
LONZ,PIMCO ETF TR,72201R627,672655000.0,13641,0.0013726041900106996
SMMV,ISHARES TR,46435G433,672410000.0,14605,0.0013721042486937501
DFCF,DIMENSIONAL ETF TRUST,25434V872,672198000.0,15925,0.0013716716464113284
DMAT,GLOBAL X FDS,37960A867,671704000.0,23148,0.0013706636014702142
LGOV,FIRST TR EXCHANGE-TRADED FD,33738D606,671550000.0,31381,0.0013703493526424175
JPSE,J P MORGAN EXCHANGE TRADED F,46641Q845,671238000.0,11157,0.0013697126926796083
XMPT,VANECK ETF TRUST,92189F460,670960000.0,30034,0.001369145412328131
DIV,GLOBAL X FDS,37950E291,670096000.0,35176,0.001367382353969583
LMAT,LEMAITRE VASCULAR INC,525558201,668858000.0,6970,0.0013648561198863853
KBWY,INVESCO EXCH TRADED FD TR II,46138E594,662709000.0,35687,0.0013523086131193563
SEI,SOLARIS ENERGY INFRAS INC,83418M103,662042000.0,8228,0.0013509475483911716
LSTR,LANDSTAR SYS INC,515098101,661608000.0,3199,0.0013500619380582897
INTF,ISHARES TR,46434V274,661034000.0,16139,0.0013488906469728654
FNDC,SCHWAB STRATEGIC TR,808524748,659092000.0,13573,0.0013449278468197396
CIFR,CIPHER DIGITAL INC,17253J106,659050000.0,26900,0.001344842142593977
IDHQ,INVESCO EXCH TRADED FD TR II,46138E214,657039000.0,15032,0.0013407385426413838
CCEP,COCA-COLA EUROPACIFIC PARTNE,G25839104,655662000.0,6552,0.0013379286683824474
TGTX,TG THERAPEUTICS INC,88322Q108,655489000.0,11931,0.0013375756485953772
BKH,BLACK HILLS CORP,092113109,655345000.0,8808,0.0013372818055356192
MANH,MANHATTAN ASSOCIATES INC,562750109,654995000.0,4704,0.0013365676036542627
FEMS,FIRST TR EXCH TRD ALPHDX FD,33737J307,654802000.0,14340,0.0013361737723311148
HEDJ,WISDOMTREE TR,97717X701,653940000.0,11473,0.0013344147951261745
MFUS,PIMCO EQUITY SER,72202L363,653266000.0,9726,0.0013330394463603626
MCRI,MONARCH CASINO & RESORT INC,609027107,651968000.0,4954,0.0013303907776689324
NOCT,INNOVATOR ETFS TRUST,45782C615,649760000.0,10392,0.001325885184085976
BCPC,BALCHEM CORP,057665200,648513000.0,3838,0.0013233405848115435
PINS,PINTEREST INC,72352L106,648439000.0,30834,0.0013231895821280567
VTEL,VANGUARD MUN BD FDS,922907688,647309000.0,6178,0.0013208837303396778
LNT,ALLIANT ENERGY CORP,018802108,646983000.0,8481,0.0013202185023016143
JUCY,ETF SER SOLUTIONS,26922B642,644757000.0,29334,0.001315676178336188
AOA,ISHARES TR,464289859,644485000.0,6603,0.001315121141445534
FIVE,FIVE BELOW INC,33829M101,644008000.0,3582,0.0013141477863100855
ROCY,J P MORGAN EXCHANGE TRADED F,46654Q518,642336000.0,11858,0.001310735941894006
TREX,TREX INC,89531P105,642192000.0,12834,0.001310442098834248
FIDI,FIDELITY COVINGTON TRUST,316092725,639470000.0,23364,0.0013048876487740996
WTPI,WISDOMTREE TR,97717X560,639357000.0,19499,0.0013046570635952617
RODM,LATTICE STRATEGIES TR,518416102,638609000.0,15803,0.001303130712145963
SVOL,SIMPLIFY EXCHANGE TRADED FUN,82889N863,638080000.0,39781,0.001302051247016713
ADC,AGREE RLTY CORP,008492100,637173000.0,8413,0.0013002004438555982
PTCT,PTC THERAPEUTICS INC,69366J200,637143000.0,7811,0.001300139226551482
UTF,COHEN & STEERS INFRASTRUCTUR,19248A109,636490000.0,23070,0.0012988067298985515
VTEC,VANGUARD CALIF TAX FREE FDS,922021605,636194000.0,6324,0.0012982027191646044
KWR,QUAKER HOUGHTON,747316107,633970000.0,3990,0.0012936644763527857
HGRO,ETF OPPORTUNITIES TRUST,26923Q739,633155000.0,20196,0.0012920014062576275
IGLD,FIRST TR EXCHANGE-TRADED FD,33733E856,632690000.0,30042,0.0012910525380438256
WAFD,WAFD INC,938824109,631564000.0,16460,0.001288754848562662
FWONK,LIBERTY MEDIA CORP DEL,531229755,629351000.0,6615,0.001284239052095686
RYN,RAYONIER INC,754907103,628148000.0,29518,0.0012817842382006244
VTWV,VANGUARD SCOTTSDALE FDS,92206C649,627677000.0,3212,0.0012808231265259988
ICAP,SERIES PORTFOLIOS TR,81752T619,627112000.0,22341,0.0012796702006318095
VNOM,VIPER ENERGY INC,64361Q101,625694000.0,14757,0.0012767766627239142
PSTG,EVERPURE INC,74624M102,625585000.0,7940,0.001276554239852292
MGY,MAGNOLIA OIL & GAS CORP,559663109,625527000.0,24454,0.001276435886397667
GFLW,VICTORY PORTFOLIOS II,92647X764,624164000.0,18206,0.0012736545802139853
AFW,ALIGN TECHNOLOGY INC,016255101,623131000.0,3695,0.0012715466643755822
HSIC,SCHEIN HENRY INC,806407102,622308000.0,7451,0.0012698672696659927
NUSC,NUSHARES ETF TR,67092P607,619701000.0,11890,0.00126454748593829
OIH,VANECK ETF TRUST,92189H607,618940000.0,1664,0.001262994606990541
FTS,FORTIS INC,349553107,618778000.0,10812,0.0012626640335483131
CRBN,ISHARES TR,46434V464,618304000.0,2444,0.0012616968001432764
IXJ,ISHARES TR,464287325,617481000.0,6276,0.001260017405433687
PNQI,INVESCO EXCHANGE TRADED FD T,46137V530,617037000.0,13539,0.0012591113893327664
JMTG,J P MORGAN EXCHANGE TRADED F,46654Q575,616423000.0,12163,0.0012578584751751871
FTMN,PUTNAM ETF TRUST,746729813,615340000.0,69012,0.00125564853049659
SIO,TOUCHSTONE ETF TRUST,89157W202,614844000.0,23942,0.001254636404401868
PTMC,PACER FDS TR,69374H204,614536000.0,14691,0.0012540079067462745
XJUN,FIRST TR EXCHNG TRADED FD VI,33740U844,613175000.0,13801,0.0012512306817162003
EMXF,ISHARES TR,46436E742,611554000.0,10554,0.0012479229067171185
IT,GARTNER INC,366651107,611288000.0,4716,0.0012473801132872875
IVES,WEDBUSH SER TR,947913109,610980000.0,16036,0.0012467516156316942
AGCO,AGCO CORP,001084102,610533000.0,5101,0.0012458394778003619
DUKQ,NORTHERN LIGHTS FD TR,66538J332,608746000.0,19135,0.0012421929670518369
VOYA,VOYA FINANCIAL INC,929089100,607931000.0,6715,0.0012405298969566784
FNCL,FIDELITY COVINGTON TRUST,316092501,605005000.0,7902,0.0012345591692285397
DOGG,FIRST TR EXCHANGE-TRADED FD,33738D846,604732000.0,28391,0.0012340020917610815
WBS,WEBSTER FINL CORP,947890109,604499000.0,7910,0.0012335266373657786
DOCU,DOCUSIGN INC,256163106,604290000.0,13604,0.0012331001568137688
FLS,FLOWSERVE CORP,34354P105,603326000.0,8135,0.001231133040774833
ZDEK,INNOVATOR ETFS TRUST,45784N858,602429000.0,22802,0.0012293026433817568
EQNR,EQUINOR ASA,29446M102,602229000.0,19179,0.0012288945280209819
PXH,INVESCO EXCH TRADED FD TR II,46138E727,599784000.0,21513,0.001223905317735507
BLD,TOPBUILD COR,89055F103,598447000.0,1688,0.0012211770665487257
JAJL,INNOVATOR ETFS TRUST,45783Y244,597766000.0,19986,0.0012197874337452866
LOVE,LOVESAC CO,54738L109,597502000.0,35800,0.0012192487214690636
THO,THOR INDS INC,885160101,597339000.0,7948,0.001218916107450032
XIMR,FIRST TR EXCHNG TRADED FD VI,33740U620,596563000.0,18951,0.0012173326198502248
EYLD,CAMBRIA ETF TR,132061706,596197000.0,13129,0.0012165857687400064
PWZ,INVESCO EXCH TRADED FD TR II,46138E206,595229000.0,24285,0.0012146104903938552
CMDY,ISHARES U S ETF TR,46431W598,594596000.0,10766,0.001213318805277002
TCOM,TRIP COM GROUP LTD,89677Q107,593733000.0,14903,0.0012115577874952578
XRAY,DENTSPLY SIRONA INC,24906P109,593518000.0,55939,0.0012111190634824247
ACLC,AMERICAN CENTY ETF TR,025072752,593069000.0,7051,0.0012102028444974848
WTS,WATTS WATER TECHNOLOGIES INC,942749102,591266000.0,1510,0.0012065236845200974
SMLV,SPDR SERIES TRUST,78468R887,591173000.0,3757,0.0012063339108773373
LULU,LULULEMON ATHLETICA INC,550021109,590368000.0,5171,0.0012046912465502177
KAPR,INNOVATOR ETFS TRUST,45782C342,590075000.0,14826,0.0012040933575466822
UFO,PROCURE ETF TRUST II,74280R205,589632000.0,11637,0.0012031893820225654
JSMD,JANUS DETROIT STR TR,47103U209,588430000.0,5812,0.0012007366087043074
FYT,FIRST TR EXCHANGE-TRADED ALP,33737M409,588196000.0,8425,0.0012002591137322007
HTGC,HERCULES CAPITAL INC,427096508,587672000.0,37265,0.00119918985148697
KRMN,KARMAN HLDGS INC,485924104,586959000.0,11758,0.001197734920225807
ROCQ,J P MORGAN EXCHANGE TRADED F,46654Q492,585249000.0,10150,0.0011942455338911802
RBUF,INNOVATOR ETFS TRUST,45783Y228,584615000.0,18810,0.0011929518081975235
FDG,AMERICAN CENTY ETF TR,025072810,584302000.0,4390,0.0011923131076579105
TRMK,TRUSTMARK CORP,898402102,584228000.0,12698,0.0011921621049744236
SYBT,STOCK YDS BANCORP INC,861025104,584194000.0,7640,0.001192092725363092
CSM,PROSHARES TR,74347R248,583130000.0,6843,0.0011899215516437687
VSCO,VICTORIAS SECRET AND CO,926400102,583108000.0,6985,0.0011898766589540834
AIOO,AIM ETF PRODUCTS TRUST,00888H448,581771000.0,22104,0.0011871484077673022
MSA,MSA SAFETY INC,553498106,580479000.0,3325,0.0011845119825366953
KJUN,INNOVATOR ETFS TRUST,45783Y277,580215000.0,19447,0.0011839732702604723
ZJAN,INNOVATOR ETFS TRUST,45784N817,578033000.0,20648,0.0011795207316744165
ABVX,ABIVAX SA,00370M103,577282000.0,4332,0.0011779882584947064
PODD,INSULET CORP,45784P101,575738000.0,3782,0.0011748376079095228
MPLX,MPLX LP,55336V100,574899000.0,10206,0.0011731255639710716
OII,OCEANEERING INTL INC,675232102,574379000.0,14175,0.0011720644640330566
XOCT,FIRST TR EXCHNG TRADED FD VI,33740F367,573410000.0,14516,0.0011700871451101014
TRU,TRANSUNION,89400J107,573259000.0,7946,0.001169779018012716
PSK,SPDR SERIES TRUST,78464A292,572463000.0,18751,0.0011681547188768314
POWI,POWER INTEGRATIONS INC,739276103,572411000.0,6834,0.00116804860888303
XNOV,FIRST TR EXCHNG TRADED FD VI,33740F334,570306000.0,14392,0.0011637531947108727
SHG,SHINHAN FINANCIAL GROUP CO L,824596100,568525000.0,8989,0.0011601189274231707
DSGX,DESCARTES SYS GROUP INC,249906108,568460000.0,8210,0.001159986289930919
SHYD,VANECK ETF TRUST,92189F387,567910000.0,24800,0.0011588639726887876
VCEB,VANGUARD WORLD FD,921910691,562431000.0,8962,0.001147683652380355
LB,LANDBRIDGE COMPANY LLC,514952100,560948000.0,7079,0.001144657476980208
DORM,DORMAN PRODS INC,258278100,560810000.0,4110,0.0011443758773812733
HLAL,LISTED FDS TR,53656F607,560535000.0,7852,0.0011438147187602075
AG,FIRST MAJESTIC SILVER CORP,32076V103,560462000.0,33046,0.0011436657566535246
AGGH,SIMPLIFY EXCHANGE TRADED FUN,82889N723,558709000.0,27700,0.0011400886255163315
VLTO,VERALTO CORP,92338C103,558641000.0,6300,0.001139949866293668
SOXQ,INVESCO EXCH TRADED FD TR II,46138G615,552209000.0,4926,0.0011268248762911423
ORKA,ORUKA THERAPEUTICS INC,687604108,552081000.0,5801,0.0011265636824602464
XCEM,COLUMBIA ETF TR II,19762B202,551981000.0,10438,0.0011263596247798589
IDNA,ISHARES TR,46435U192,551914000.0,16353,0.001126222906133999
PRIM,PRIMORIS SVCS CORP,74164F103,551720000.0,5566,0.0011258270342340473
FXR,FIRST TR EXCHANGE-TRADED FD,33734X150,551456000.0,6052,0.0011252883219578244
PSO,PEARSON PLC,705015105,551386000.0,34700,0.001125145481581553
SMOM,SYMMETRY PANORAMIC TR,87190B888,550833000.0,19786,0.00112401704260901
BEN,FRANKLIN RESOURCES INC,354613101,550798000.0,16555,0.0011239456224208745
SCIO,FIRST TR EXCHANGE-TRADED FD,33738D770,549949000.0,26606,0.0011222131727143844
SOUN,SOUNDHOUND AI INC,836100107,548870000.0,84833,0.001120011390343003
AAON,AAON INC,000360206,548770000.0,4326,0.0011198073326626153
CRPT,FIRST TR EXCHNG TRADED FD VI,33740F540,548651000.0,48297,0.0011195645040229544
SEIX,VIRTUS ETF TR II,92790A405,548302000.0,23705,0.0011188523427184017
HEEM,ISHARES INC,46434G509,547751000.0,12246,0.0011177279848994665
DRH,DIAMONDROCK HOSPITALITY CO,252784301,546228000.0,44846,0.0011146201864271647
DAR,DARLING INGREDIENTS INC,237266101,545490000.0,9987,0.0011131142407459044
BPOP,POPULAR INC,733174700,544913000.0,3319,0.0011119368279300687
VEGI,ISHARES INC,464286350,544463000.0,12343,0.0011110185683683247
GGG,GRACO INC,384109104,543642000.0,7190,0.0011093432548123431
EES,WISDOMTREE TR,97717W562,542126000.0,7997,0.0011062497403776684
NOV,NOV INC,62955J103,539839000.0,29102,0.0011015829412272056
XCCC,BONDBLOXX ETF TRUST,09789C887,539443000.0,14753,0.0011007748728128711
ALMU,AELUMA INC,00776X109,539436000.0,24431,0.001100760588775244
BHK,BLACKROCK CORE BD TR,09249E101,537757000.0,58643,0.0010973344603215373
PSL,INVESCO EXCHANGE TRADED FD T,46137V886,537547000.0,4800,0.0010969059391927236
BN,BROOKFIELD CORP,11271J107,536738000.0,12602,0.0010952551125583884
NNOV,INNOVATOR ETFS TRUST,45784N874,536734000.0,17068,0.0010952469502511731
DX,DYNEX CAP INC,26817Q886,536256000.0,40904,0.0010942715545389206
GOAU,ETF SER SOLUTIONS,26922A719,536110000.0,14415,0.0010939736303255548
ICLR,ICON PUB LTD CO,G4705A100,535895000.0,3085,0.0010935349063127217
IBTJ,ISHARES TR,46436E825,535411000.0,24730,0.001092547267139646
FMF,FORMFACTOR INC,346375108,532567000.0,3330,0.001086743866709425
RSPU,INVESCO EXCHANGE TRADED FD T,46137V274,532261000.0,6561,0.001086119450207439
BAM,BROOKFIELD ASSET MANAGMT LTD,113004105,530098000.0,11819,0.001081705682580657
IQI,INVESCO QUALITY MUN INCOME T,46133G107,529459000.0,52318,0.0010804017540029806
FCOR,FIDELITY MERRIMACK STR TR,316188101,529216000.0,11224,0.001079905893839639
GOLF,ACUSHNET HLDGS CORP,005098108,528847000.0,4462,0.001079152920999009
AVIV,AMERICAN CENTY ETF TR,025072364,528650000.0,6828,0.0010787509273686457
ZMAY,INNOVATOR ETFS TRUST,45784N650,528556000.0,20355,0.0010785591131490815
URGN,UROGEN PHARMA LTD,M96088105,527160000.0,14325,0.0010757104679308715
CNX,CNX RES CORP,12653C108,527035000.0,15533,0.001075455395830387
FLCH,FRANKLIN TEMPLETON ETF TR,35473P819,526803000.0,25807,0.001074981982011888
WISD,SPEND LIFE WISELY FUNDS INVT,75281Y867,526714000.0,5214,0.0010748003706763432
PRDO,PERDOCEO ED CORP,71363P106,525708000.0,16428,0.0010727475504116446
SLM,SLM CORP,78442P106,525466000.0,20257,0.0010722537308251068
PFIX,SIMPLIFY EXCHANGE TRADED FUN,82889N855,524769000.0,12103,0.0010708314487928058
FEBW,AIM ETF PRODUCTS TRUST,00888H786,524759000.0,14765,0.001070811043024767
AOK,ISHARES TR,464289883,524417000.0,12643,0.0010701131657578418
LOPE,GRAND CANYON ED INC,38526M106,524355000.0,3664,0.0010699866499960015
TRY,BARINGS BDC INC,06759L103,522280000.0,61301,0.0010657524531279604
FID,FIRST TR EXCHANGE TRADED FD,33738R688,519557000.0,24211,0.001060195962491008
OSK,OSHKOSH CORP,688239201,517506000.0,3372,0.00105601073946626
IBDS,ISHARES TR,46435UAA9,516502000.0,21325,0.001053962000355169
BROS,DUTCH BROS INC,26701L100,516350000.0,7191,0.0010536518326809802
EPAM,EPAM SYS INC,29414B104,515938000.0,6502,0.0010528111150377836
SYM,SYMBOTIC INC,87151X101,515666000.0,11472,0.0010522560781471295
IBTM,ISHARES TR,46436E296,514917000.0,22689,0.001050727686121027
NOG,NORTHERN OIL & GAS INC,665531307,514903000.0,28369,0.0010506991180457726
CAG,CONAGRA BRANDS INC,205887102,514477000.0,38223,0.0010498298323273218
ZAPR,INNOVATOR ETFS TRUST,45784N726,514472000.0,19312,0.0010498196294433024
AIFD,TCW ETF TRUST,29287L502,513744000.0,9268,0.0010483340895300812
VBIL,VANGUARD INSTL INDEX FD,922040845,513669000.0,6787,0.0010481810462697905
HLNE,HAMILTON LANE INC,407497106,513047000.0,6508,0.0010469118074977802
IAG,IAMGOLD CORP,450913108,512963000.0,32384,0.0010467403990462546
CALM,CAL MAINE FOODS INC,128030202,512803000.0,6365,0.0010464139067576346
SETM,SPROTT FDS TR,85208P402,512489000.0,16447,0.0010457731656412178
BBIO,BRIDGEBIO PHARMA INC,10806X102,512124000.0,6876,0.0010450283551078033
PJT,PJT PARTNERS INC,69343T107,511525000.0,3389,0.0010438060496022821
HRL,HORMEL FOODS CORP,440452100,509633000.0,20533,0.0010399452782893501
PB,PROSPERITY BANCSHARES INC,743606105,508474000.0,6963,0.0010375802497736588
CRSP,CRISPR THERAPEUTICS AG,H17182108,508095000.0,9316,0.00103680687116499
SIRI,SIRIUSXM HOLDINGS INC,829933100,507970000.0,17196,0.0010365517990645057
DUSB,DIMENSIONAL ETF TRUST,25434V591,506886000.0,9982,0.001034339813809105
VCEL,VERICEL CORP,92346J108,506430000.0,11383,0.0010334093107865377
TAXF,AMERICAN CENTY ETF TR,025072505,506347000.0,9961,0.0010332399429118162
YYY*,AMPLIFY ETF TR,032108847,506237000.0,43906,0.00103301547946339
AMG,AFFILIATED MANAGERS GROUP,008252108,504571000.0,1491,0.0010296158785081336
YMAX,TIDAL TRUST II,88636J659,503688000.0,62338,0.001027814049190312
FTV,FORTIVE CORP,34959J108,502413000.0,8224,0.0010252123137653708
FGD,FIRST TR EXCHANGE-TRADED FD,33734X200,501405000.0,15674,0.0010231554123470647
APPF,APPFOLIO INC,03783C100,500853000.0,3124,0.0010220290139513256
XEXGX,EATON VANCE TAX-MANAGED GLOB,27829F108,500268000.0,50996,0.0010208352765210585
IBDV,ISHARES TR,46436E726,498710000.0,22877,0.001017656057860621
GCOR,GOLDMAN SACHS ETF TR,38149W101,497259000.0,12081,0.0010146951809181979
SMOT,VANECK ETF TRUST,92189H730,496677000.0,12781,0.0010135075652183425
ETB,EATON VANCE TAX MNGED BUY WR,27828X100,495828000.0,31907,0.0010117751155118526
MC,MOELIS & CO,60786M105,495600000.0,7576,0.001011309864000569
RIOT,RIOT PLATFORMS INC,767292105,495578000.0,18100,0.0010112649713108837
BBJP,J P MORGAN EXCHANGE TRADED F,46641Q217,495230000.0,6576,0.001010554850583135
SJM,SMUCKER J M CO,832696405,494818000.0,4398,0.0010097141329399385
GPK,GRAPHIC PACKAGING HLDG CO,388689101,494665000.0,46799,0.0010094019246889455
OLLI,OLLIES BARGAIN OUTLET HLDGS,681116109,494338000.0,6430,0.0010087346560740784
M,MACYS INC,55616P104,489582000.0,20789,0.0009990296727948478
BXSL,BLACKSTONE SECD LENDING FD,09261X102,489184000.0,20632,0.0009982175232269054
RBRK,RUBRIK INC.,781154109,487741000.0,6076,0.0009952729708989133
KRC,KILROY REALTY CORP,49427F108,487474000.0,13010,0.0009947281368922786
AERO,GRUPO AEROMEXICO SAB DE CV,40054J109,487440000.0,27080,0.000994658757280947
GWRE,GUIDEWIRE SOFTWARE INC,40171V100,487278000.0,3960,0.0009943281838387193
AAPR,INNOVATOR ETFS TRUST,45783Y335,485647000.0,16466,0.0009910000030715987
QQQJ,INVESCO EXCH TRADED FD TR II,46138G631,484661000.0,10666,0.0009889879943429777
IBTP,ISHARES TR,46438G646,483846000.0,19060,0.0009873249242478193
JHMM,JOHN HANCOCK EXCHANGE TRADED,47804J206,482772000.0,6440,0.0009851333447604574
NSY,NICE LTD,653656108,479554000.0,5279,0.0009785667686055869
MINV,MATTHEWS ASIA FDS,577125826,478242000.0,8268,0.0009758895318389024
PBTP,INVESCO EXCH TRADED FD TR II,46138E495,477874000.0,18627,0.0009751385995750764
PECO,PHILLIPS EDISON & CO INC,71844V201,477321000.0,11469,0.0009740101606025334
VC,VISTEON CORP,92839U206,476854000.0,4807,0.0009730572112351236
TRMB,TRIMBLE INC,896239100,475206000.0,9285,0.0009696943406623372
SMTC,SEMTECH CORP,816850101,473735000.0,2927,0.0009666926521838368
MRNA,MODERNA INC,60770K107,473469000.0,6761,0.0009661498587540061
IEO*,ISHARES TR,464288851,473395000.0,4310,0.0009659988560705192
PPT,PUTNAM PREMIER INCOME TR,746853100,473331000.0,135625,0.0009658682591550713
RVMD,REVOLUTION MEDICINES INC,76155X100,472882000.0,2525,0.0009649520401701313
OIA,INVESCO MUNI INCOME OPP TRST,46132X101,472687000.0,76117,0.0009645541276933756
BRBR,BELLRING BRANDS INC,07831C103,471999000.0,36476,0.0009631502108523094
TEM,TEMPUS AI INC,88023B103,471550000.0,8140,0.0009622339918673694
MAIR,MADISON AIR SOLUTIONS CORP,55658T105,471023000.0,12078,0.0009611586078917271
XETYX,EATON VANCE TAX-MANAGED DIVE,27828N102,470786000.0,32379,0.0009606749911892087
CAKE,CHEESECAKE FACTORY INC,163072101,470300000.0,5913,0.0009596832708625254
PSMT,PRICESMART INC,741511109,468794000.0,2400,0.0009566101621958893
ARWR,ARROWHEAD PHARMACEUTICALS IN,04280A100,468438000.0,5747,0.0009558837168537097
XRNPX,COHEN & STEERS REIT & PFD &,19247X100,468291000.0,23069,0.00095558375206354
DVYE,ISHARES INC,464286319,467947000.0,14519,0.0009548817936430069
YEAR,AB ACTIVE ETFS INC,00039J103,467712000.0,9291,0.0009544022580940963
PAC,GRUPO AEROPORTUNARIO DEL PAC,400506101,467579000.0,1847,0.0009541308613791808
TUGN,LISTED FDS TR,53656F169,467055000.0,16454,0.0009530615991339502
PLNT,PLANET FITNESS MASTER ISSUER,72703H101,467026000.0,8952,0.0009530024224066379
N/A,FERROVIAL NV,N3168P101,466860000.0,6805,0.0009526636866571945
EVTC,EVERTEC INC,30040P103,466360000.0,16788,0.0009516433982552569
JPRE,J P MORGAN EXCHANGE TRADED F,46641Q126,466283000.0,8936,0.0009514862738413584
AB,ALLIANCEBERNSTEIN HLDG L P,01881G106,463793000.0,13168,0.0009464052375997092
VEON,VEON LTD,91822M502,463625000.0,8880,0.0009460624206966581
JETS,ETF SER SOLUTIONS,26922A842,462976000.0,13937,0.0009447380863509431
FTMH,PUTNAM ETF TRUST,746729789,460977000.0,38803,0.0009406589733199965
GBDC,GOLUB CAP BDC INC,38173M102,459751000.0,35695,0.0009381572261584454
GROZ,ZACKS TRUST,98888G808,458681000.0,14433,0.0009359738089782988
FXN,FIRST TR EXCHANGE-TRADED FD,33734X127,458268000.0,22653,0.0009351310507582985
AFIF,HORIZON FDS,44053A440,457995000.0,48697,0.0009345739732908405
RSPR,INVESCO EXCHANGE TRADED FD T,46137V290,457821000.0,12522,0.0009342189129269662
JANW,AIM ETF PRODUCTS TRUST,00888H802,457292000.0,11824,0.0009331394477977162
SITE,SITEONE LANDSCAPE SUPPLY INC,82982L103,457182000.0,3996,0.00093291498434929
FPEI,FIRST TR EXCH TRADED FD III,33739P855,455876000.0,23633,0.0009302499910434288
UMC,UNITED MICROELECTRONICS CORP,910873405,454517000.0,16704,0.0009274768471669624
ZOCT,INNOVATOR ETFS TRUST,45784N700,454183000.0,16449,0.000926795294514468
KOF,COCA-COLA FEMSA SAB DE CV,191241108,452301000.0,4257,0.0009229549289695748
DBA,INVESCO DB MULTI-SECTOR COMM,46140H106,451161000.0,16916,0.0009206286714131571
ARKF,ARK ETF TR,00214Q708,451016000.0,11430,0.0009203327877765951
ZWS,ZURN ELKAY WATER SOLNS CORP,98983L108,450394000.0,8913,0.0009190635490045849
CART,MAPLEBEAR INC,565394103,450299000.0,9510,0.0009188696942082166
XES,SPDR SERIES TRUST,78468R549,449843000.0,4014,0.0009179391911856494
SILJ,AMPLIFY ETF TR,032108649,449797000.0,17353,0.0009178453246526713
SLGN,SILGAN HLDGS INC,827048109,449785000.0,9696,0.0009178208377310248
IMVT,IMMUNOVANT INC,45258J102,449337000.0,11662,0.0009169066593228886
PRVA,PRIVIA HEALTH GROUP INC,74276R102,449272000.0,17461,0.0009167740218306367
IOVA,IOVANCE BIOTHERAPEUTICS INC,462260100,448386000.0,107785,0.0009149660707824033
XNEAX,NUVEEN AMT FREE QLTY MUN INC,670657105,445746000.0,37968,0.0009095789480201726
BTSG,BRIGHTSPRING HEALTH SVCS INC,10950A106,445708000.0,6391,0.0009095014061016254
MYRG,MYR GROUP INC,55405W104,445356000.0,890,0.0009087831230666614
FFLG,FIDELITY COVINGTON TRUST,316092337,445197000.0,12837,0.0009084586713548452
TECH,BIO-TECHNE CORP,09073M104,444886000.0,6297,0.0009078240519688399
TAP,MOLSON COORS BEVERAGE CO,60871R209,444761000.0,11416,0.0009075689798683556
ATMP,BARCLAYS BANK PLC,06742C723,444000000.0,12861,0.0009060161009206066
TW,TRADEWEB MKTS INC,892672106,443379000.0,4449,0.0009047489027253999
FIVN,FIVE9 INC,338307101,442774000.0,20768,0.0009035143537590555
FEMB,FIRST TR EXCH TRADED FD III,33739P202,442742000.0,15152,0.0009034490553013314
SATS,ECHOSTAR CORP,278768106,441830000.0,4353,0.0009015880492561973
CYTK,CYTOKINETICS INC,23282W605,440475000.0,5171,0.0008988230676869463
IMTB,ISHARES TR,46435G417,440403000.0,10098,0.0008986761461570672
IMFL,INVESCO EXCH TRD SLF IDX FD,46138J437,440287000.0,12821,0.0008984394392478178
VCRM,VANGUARD MUN BD FDS,922907712,440153000.0,5761,0.0008981660019560985
BMRN,BIOMARIN PHARMACEUTICAL INC,09061G101,438334000.0,7661,0.0008944541927498494
RE,EVEREST GROUP LTD,G3223R108,436902000.0,1223,0.0008915320867667001
QTOP,ISHARES TR,46438G562,436583000.0,11308,0.0008908811427662639
IDCC,INTERDIGITAL INC,45867G101,436252000.0,1541,0.0008902057118441811
SBCF,SEACOAST BKG CORP FLA,811707801,436196000.0,13119,0.0008900914395431641
SEPW,AIM ETF PRODUCTS TRUST,00888H687,435975000.0,13056,0.0008896404720695078
PBMY,PGIM ROCK ETF TR,69420N874,433938000.0,13918,0.0008854838171200139
COMT,ISHARES U S ETF TR,46431W853,433650000.0,14279,0.0008848961310004978
FTDR,FRONTDOOR INC,35905A109,433263000.0,5584,0.0008841064277773981
FTXN,FIRST TR EXCHANGE TRADED FD,33738R845,433060000.0,12954,0.0008836921906862114
BSVO,EA SERIES TRUST,02072L532,432556000.0,14819,0.0008826637399770584
IVT,INVENTRUST PPTYS CORP,46124J201,432158000.0,12208,0.000881851590409116
DGII,DIGI INTL INC,253798102,431037000.0,5751,0.0008795641038119718
XJH,ISHARES TR,46436E551,428628000.0,8219,0.0008746483542914364
JPIN,J P MORGAN EXCHANGE TRADED F,46641Q209,427508000.0,5912,0.0008723629082710961
FOX,FOX CORP,35137L204,425983000.0,9094,0.0008692510286451863
FPS,FORGENT POWER SOLUTIONS INC,34631F102,425877000.0,7624,0.0008690347275039755
SIXG,ETF SER SOLUTIONS,26922A289,425765000.0,4480,0.0008688061829019415
AVT,AVNET INC,053807103,425249000.0,4788,0.0008677532452711419
FFIV,F5 INC,315616102,424279000.0,1020,0.0008657738857713828
ESE,ESCO TECHNOLOGIES INC,296315104,422595000.0,1207,0.000862337554433657
CROX,CROCS INC,227046109,422481000.0,3502,0.0008621049286780152
PGJ,INVESCO EXCHANGE TRADED FD T,46137V571,421856000.0,18691,0.0008608295681755932
RSPF,INVESCO EXCHANGE TRADED FD T,46137V340,419226000.0,5406,0.0008554628511814013
SLG,SL GREEN RLTY CORP,78440X887,419138000.0,8096,0.0008552832804226604
JPC,NUVEEN PFD & INCOME OPPORTUN,67073B106,418681000.0,53132,0.0008543507368232893
N/A,BLEICHROEDER ACQUISITI CORP,G1170E104,418466000.0,40549,0.0008539120128104562
ROAD,CONSTRUCTION PARTNERS INC,21044C107,417358000.0,3514,0.0008516510537117623
ON1,OLD NATL BANCORP IND,680033107,417311000.0,16112,0.0008515551466019802
OLED,UNIVERSAL DISPLAY CORP,91347P105,416831000.0,4814,0.0008505756697361201
RISR,TIDAL TRUST I,886364637,416662000.0,11510,0.0008502308122562652
MTDR,MATADOR RES CO,576485205,415266000.0,8342,0.0008473821670380554
DIOD,DIODES INC,254543101,414996000.0,3792,0.000846831211301009
CPSF,CALAMOS ETF TR,12811T779,413908000.0,15795,0.0008446110637383928
EUAD,SPINNAKER ETF SERIES,84858T772,413272000.0,9798,0.0008433132568911281
DGT,SPDR SERIES TRUST,78464A706,411479000.0,2227,0.0008396545026817798
PBFB,PGIM ROCK ETF TR,69420N403,410681000.0,12867,0.0008380261223922873
NDEC,INNOVATOR ETFS TRUST,45784N841,410617000.0,13669,0.0008378955254768394
TMDX,TRANSMEDICS GROUP INC,89377M109,410476000.0,6180,0.000837607804147493
FLSP,FRANKLIN TEMPLETON ETF TR,35473P546,409895000.0,14803,0.0008364222290244415
CLOZ,SERIES PORTFOLIOS TR,81752T528,409879000.0,15514,0.0008363895797955795
PLTM,GRANITESHARES PLATINUM TR,38748T103,409565000.0,27414,0.0008357488386791627
PSKY,PARAMOUNT SKYDANCE CORP,69932A204,409334000.0,41515,0.0008352774654374675
ELS,EQUITY LIFESTYLE PROPERTIES,29472R108,409164000.0,6349,0.0008349305673808086
FTNY,PUTNAM ETF TRUST,746729763,408884000.0,51303,0.0008343592058757236
SOLV,SOLVENTUM CORP,83444M101,408394000.0,5294,0.0008333593232418248
BHE,BENCHMARK ELECTRS INC,08160H101,407225000.0,4127,0.0008309738889580946
CPK,CHESAPEAKE UTILS CORP,165303108,406941000.0,3323,0.0008303943651457941
SUSL,ISHARES TR,46435U218,406247000.0,3060,0.0008289782048439047
LDUR,PIMCO ETF TR,72201R718,406137000.0,4248,0.0008287537413954784
TTAN,SERVICETITAN INC,81764X103,405451000.0,5734,0.0008273539057080199
FELE,FRANKLIN ELEC INC,353514102,404526000.0,3774,0.0008254663721644352
ARE,ALEXANDRIA REAL ESTATE EQ IN,015271109,404149000.0,7647,0.0008246970747093743
BGRN,ISHARES TR,46435U440,403442000.0,8498,0.0008232543869090345
CARY,ANGEL OAK FUNDS TRUST,03463K760,402693000.0,19379,0.000821725994882932
SPLS,PIMCO ETF TR,72201R551,402358000.0,7414,0.0008210424016536337
UMBF,UMB FINL CORP,902788108,400464000.0,2805,0.000817177549187094
IBND,SPDR SERIES TRUST,78464A151,399777000.0,12822,0.0008157756729228317
CWH,CAMPING WORLD HLDGS INC,13462K109,399766000.0,52394,0.0008157532265779891
TPLC,TIMOTHY PLAN,887432359,399379000.0,7932,0.0008149635233548894
FBIN,FORTUNE BRANDS INNOVATIONS I,34964C106,399201000.0,7271,0.0008146003006837996
ITGR,INTEGER HLDGS CORP,45826H109,399032000.0,4270,0.0008142554432039447
DSTL,ETF SER SOLUTIONS,26922A321,398809000.0,6658,0.0008138003945766806
DTD,WISDOMTREE TR,97717W109,396988000.0,4257,0.0008100845042168238
VNO,VORNADO RLTY TR,929042109,396888000.0,10099,0.0008098804465364362
PBNV,PGIM ROCK ETF TR,69420N767,396218000.0,12788,0.0008085132600778399
BIP,BROOKFIELD INFRASTRUCTURE PA,G16252101,395611000.0,10842,0.0008072746299578876
MUST,COLUMBIA ETF TR I,19761L607,395480000.0,19013,0.0008070073143965799
SEZL,SEZZLE INC,78435P105,395436000.0,2304,0.0008069175290172094
RSHO,TEMA ETF TRUST,87975E602,394789000.0,6279,0.0008055972758251021
MIR,MIRION TECHNOLOGIES INC,60471A101,394711000.0,22014,0.0008054381108343998
DGCB,DIMENSIONAL ETF TRUST,25434V567,393500000.0,7198,0.0008029669723249069
ICLO,INVESCO ACTIVELY MANAGED EXC,46090A721,393461000.0,15382,0.0008028873898295557
VERA,VERA THERAPEUTICS INC,92337R101,392755000.0,9153,0.0008014467426060199
SKWD,SKYWARD SPECIALTY INS GROUP,830940102,392229000.0,6722,0.0008003733992071815
LAD,LITHIA MTRS INC,536797103,390193000.0,1343,0.0007962187848344915
LVHD,LEGG MASON ETF INVT,52468L406,390067000.0,8865,0.0007959616721572032
INVH,INVITATION HOMES INC,46187W107,389977000.0,12909,0.0007957780202448544
JPEM,J P MORGAN EXCHANGE TRADED F,46641Q308,389121000.0,6198,0.0007940312865007373
EPS,WISDOMTREE TR,97717W588,388259000.0,4991,0.0007922723092957967
BOKF,BOK FINL CORP,05561Q201,388170000.0,2795,0.0007920906979602518
ILDR,FIRST TR EXCHNG TRADED FD VI,33740F565,387701000.0,9879,0.0007911336674392344
RMBS,RAMBUS INC DEL,750917106,387468000.0,2919,0.0007906582130439315
HTD,HANCOCK JOHN TAX-ADVANTAGED,41013V100,387318000.0,15195,0.0007903521265233501
OCTU,AIM ETF PRODUCTS TRUST,00888H547,385665000.0,12678,0.0007869790530665444
INDB,INDEPENDENT BK CORP MASS,453836108,385663000.0,4607,0.0007869749719129367
TAN,INVESCO EXCH TRADED FD TR II,46138G706,385660000.0,6520,0.0007869688501825249
VTRS,VIATRIS INC,92556V106,385097000.0,24250,0.0007858200054419433
SOFR,AMPLIFY ETF TR,032108672,384017000.0,3835,0.0007836161824937581
EQH,EQUITABLE HLDGS INC,29452E101,383312000.0,8735,0.0007821775758470259
RBIL,RBB FD INC,74933W213,382694000.0,7671,0.000780916499382231
TRNO,TERRENO RLTY CORP,88146M101,382583000.0,5907,0.0007806899953570009
NMAR,INNOVATOR ETFS TRUST,45784N767,382560000.0,11876,0.0007806430620905117
RQI,COHEN & STEERS QUALITY INCOM,19247L106,382452000.0,31068,0.0007804226797956933
IGOV,ISHARES TR,464288117,382169000.0,9314,0.0007798451965601965
IBD,NORTHERN LTS FD TR IV,66538H633,381168000.0,16036,0.0007778025791795175
IYT,ISHARES TR,464287192,381021000.0,4392,0.0007775026143893478
HERD,PACER FDS TR,69374H659,381004000.0,8095,0.000777467924583682
FXG,FIRST TR EXCHANGE-TRADED FD,33734X119,380162000.0,6071,0.000775749758914819
FLCB,FRANKLIN TEMPLETON ETF TR,35473P553,380065000.0,17760,0.0007755518229648432
JANU,AIM ETF PRODUCTS TRUST,00888H513,379698000.0,12602,0.0007748029312778209
DLTR,DOLLAR TREE INC,256746108,379178000.0,3135,0.0007737418313398058
KALU,KAISER ALUMINIUM CORPORATION,483007704,377200000.0,1928,0.0007697055704217405
SSD,SIMPSON MFG INC,829073105,375904000.0,1796,0.0007670609828839181
RH,RH,74967X103,375090000.0,2277,0.0007653999533655638
COHU,COHU INC,192576106,374354000.0,5065,0.0007638980888379115
BSMY,INVESCO EXCH TRD SLF IDX FD,46139W767,374263000.0,15182,0.0007637123963487589
ARKX,ARK ETF TR,00214Q807,373921000.0,10959,0.0007630145190818335
NRK,NUVEEN NY AMT FREE,670656107,373445000.0,34836,0.000762043204523189
SRET,GLOBAL X FDS,37960A651,372818000.0,16445,0.0007607637628671591
EZM,WISDOMTREE TR,97717W570,372230000.0,4912,0.0007595639037064805
PSCT,INVESCO EXCH TRADED FD TR II,46138E115,372047000.0,4026,0.0007591904781513714
CMDT,PIMCO ETF TR,72201R593,371754000.0,12121,0.000758592589147836
VNQI,VANGUARD INTL EQUITY INDEX F,922042676,371713000.0,8288,0.000758508925498877
WSML,ISHARES TR,46438G430,371137000.0,10524,0.0007573335532598448
BTG,B2GOLD CORP,11777Q209,370832000.0,99153,0.000756711177334663
WOR,WORTHINGTON ENTERPRISES INC,981811102,369317000.0,6870,0.000753619703476792
BBAG,J P MORGAN EXCHANGE TRADED F,46641Q241,368854000.0,8027,0.0007526749164165977
NNI,NELNET INC,64031N108,368649000.0,2765,0.0007522565981718033
DECW,AIM ETF PRODUCTS TRUST,00888H794,368444000.0,10335,0.0007518382799270089
THQ,ABRDN HEALTHCARE OPPORTUNITI,879105104,367571000.0,19625,0.0007500568563772258
KBE,SPDR SERIES TRUST,78464A797,367350000.0,5385,0.0007496058889035693
CRD/A,CRAWFORD & CO,224633206,367324000.0,32593,0.0007495528339066687
AAL,AMERICAN AIRLINES GROUP INC,02376R102,367247000.0,20324,0.0007493957094927702
BIPC,BROOKFIELD INFRASTRUCTURE CO,11276H106,366861000.0,9529,0.0007486080468464744
PACS,PACS GROUP INC,69380Q107,366363000.0,8592,0.0007475918395981445
MSIF,MSC INCOME FUND INC,55374X208,366172000.0,31648,0.0007472020894286044
SXT,SENSIENT TECHNOLOGIES CORP,81725T100,366149000.0,2970,0.0007471551561621151
TME,TENCENT MUSIC ENTMT GROUP,88034P109,365749000.0,43802,0.0007463389254405651
NVMI,NOVA LTD,M7516K103,365399000.0,673,0.0007456247235592088
TDVG,T ROWE PRICE EXCHANGE-TRADED,87283Q404,365365000.0,7452,0.0007455553439478771
IYLD,ISHARES TR,46432F875,365268000.0,16495,0.0007453574079979012
NSA,NATIONAL STORAGE AFFILIATES,637870106,365001000.0,8208,0.0007448125739912665
NVBW,AIM ETF PRODUCTS TRUST,00888H844,364755000.0,10242,0.0007443105920975131
QCAP,FIRST TR EXCHNG TRADED FD VI,33740F284,364609000.0,14638,0.0007440126678841474
TJAN,INNOVATOR ETFS TRUST,45784N825,363831000.0,12929,0.0007424250991307324
ETW,EATON VANCE TAX-MANAGED GLOB,27829C105,363157000.0,37672,0.0007410497503649205
CRBG,COREBRIDGE FINL INC,21871X109,362555000.0,12663,0.0007398213231289875
EFIV,SPDR SERIES TRUST,78468R531,362142000.0,4966,0.000738978564908987
FRI,FIRST TR EXCHANGE-TRADED FD,33734G108,361097000.0,11392,0.0007368461621489375
ABCB,AMERIS BANCORP,03076K108,361023000.0,4000,0.0007366951594654508
UTI,UNIVERSAL TECHNICAL INST INC,913915104,360850000.0,8437,0.0007363421396783804
FLUT,FLUTTER ENTMT PLC,G3643J108,360389000.0,3527,0.0007354014337717939
COLB,COLUMBIA BKG SYS INC,197236102,360252000.0,11240,0.0007351218747496629
WWJD,NORTHERN LTS FD TR IV,66538H419,360097000.0,9444,0.0007348055853450623
UEC,URANIUM ENERGY CORP,916896103,359924000.0,33764,0.0007344525655579918
XJR,ISHARES TR,46436E544,359607000.0,6818,0.0007338057027111634
KOCT,INNOVATOR ETFS TRUST,45782C599,358394000.0,9593,0.0007313304830480628
HCC,WARRIOR MET COAL INC,93627C101,356381000.0,4391,0.0007272228019418619
HAPI,HARBOR ETF TRUST,41151J877,355594000.0,8011,0.0007256168679972121
AMZA,ETFIS SER TR I,26923G772,353992000.0,7664,0.0007223478639574039
RLI,RLI CORP,749607107,353786000.0,5989,0.0007219275051358056
CHE,CHEMED CORP NEW,16359R103,353136000.0,758,0.0007206011302132867
PTH,INVESCO EXCHANGE TRADED FD T,46137V852,352741000.0,5903,0.0007197951023757561
SUNB,SUNBELT RENTALS HOLDINGS INC,866966104,352430000.0,4711,0.0007191604829897508
QCLN,FIRST TR EXCHANGE-TRADED FD,33733E500,352225000.0,5744,0.0007187421647449564
LEA,LEAR CORP,521865204,352076000.0,2626,0.000718438118801179
HIGH,SIMPLIFY EXCHANGE TRADED FUN,82889N632,350787000.0,16218,0.0007158078153009838
FDIS,FIDELITY COVINGTON TRUST,316092204,349687000.0,3400,0.000713563180816721
IBGA,ISHARES TR,46438G638,348552000.0,14262,0.0007112471261443226
RIG,TRANSOCEAN LTD,H8817H100,348452000.0,71258,0.0007110430684639351
MGF,MFS GOVT MKTS INCOME TR,552939100,348402000.0,121394,0.0007109410396237413
WU,WESTERN UN CO,959802109,347667000.0,45152,0.0007094412156728931
BAP,CREDICORP LTD,G2519Y108,347652000.0,892,0.0007094106070208349
ROG,ROGERS CORP,775133101,346944000.0,2119,0.0007079658786436913
MIDD,MIDDLEBY CORP,596278101,346817000.0,2016,0.0007077067253895991
TOK,ISHARES TR,464288265,346587000.0,2314,0.0007072373927247078
PNR,PENTAIR PLC,G7S00T104,346299000.0,4517,0.0007066497066051917
UBSI,UNITED BANKSHARES INC WEST V,909907107,346162000.0,7553,0.0007063701475830608
FLO,FLOWERS FOODS INC,343498101,346102000.0,43810,0.0007062477129748283
KNGZ,FIRST TR EXCHANGE TRADED FD,33738R738,345258000.0,8617,0.0007045254661523575
NSZ,NETSCOUT SYS INC,64115T104,344960000.0,7921,0.0007039173742648028
4IU,INVESCO INDIA EXCHANGE-TRADE,46137R109,344887000.0,17184,0.0007037684121581198
FBK,FB FINL CORP,30257X104,344706000.0,6228,0.0007033990677566184
PATK,PATRICK INDS INC,703343103,344184000.0,3834,0.0007023338866649956
ACHR,ARCHER AVIATION INC,03945R102,343781000.0,72681,0.0007015115342130339
HYFI,AB ACTIVE ETFS INC,00039J608,343736000.0,9206,0.0007014197082568594
WOOD,ISHARES TR,464288174,342479000.0,5170,0.0006988547032143883
CHWY,CHEWY INC,16679L109,341065000.0,17357,0.0006959693276137088
BSSX,INVESCO EXCH TRD SLF IDX FD,46139W791,340930000.0,13212,0.0006956938497451855
N/A,KINIKSA PHARMACEUTICALS INTL,G52694109,340406000.0,5323,0.000694624587499955
CBSH,COMMERCE BANCSHARES INC,200525103,340261000.0,5892,0.000694328703863393
MTX,MINERALS TECHNOLOGIES INC,603158106,339202000.0,4586,0.0006921677330280891
CX,CEMEX SA EURO MTN BE 144A,151290889,337350000.0,28113,0.0006883885847873122
PHK,PIMCO HIGH INCOME FD,722014107,336352000.0,72179,0.0006863520891370446
PTC,PTC INC,69370C100,336134000.0,2959,0.0006859072433937998
LRGE,LEGG MASON ETF INVT,524682200,335298000.0,3914,0.0006842013211857602
MTCH,MATCH GROUP INC NEW,57667L107,334364000.0,8788,0.0006822954224509407
LIVN,LIVANOVA PLC,G5509L101,333936000.0,4061,0.0006814220555788821
COCO,VITA COCO CO INC,92846Q107,333610000.0,5044,0.0006807568275408188
TUA,SIMPLIFY EXCHANGE TRADED FUN,82889N657,333346000.0,16320,0.0006802181152645957
NMRK,NEWMARK GROUP INC,65158N102,332764000.0,22023,0.0006790304995647403
EJAN,INNOVATOR ETFS TRUST,45782C516,332434000.0,9235,0.0006783571092194616
KFY,KORN FERRY,500643200,332219000.0,4990,0.0006779183852066283
NMAY,INNOVATOR ETFS TRUST,45784N676,331500000.0,11217,0.0006764512104846421
BFAM,BRIGHT HORIZONS FAM SOL IN D,109194100,331151000.0,4672,0.0006757390491800897
FDTX,FIDELITY COVINGTON TRUST,316092139,330655000.0,5711,0.0006747269230853674
UFPI,UFP INDUSTRIES INC,90278Q108,330336000.0,3640,0.0006740759790849312
FLAO,AIM ETF PRODUCTS TRUST,00888H620,330305000.0,11686,0.0006740127212040111
LVS,LAS VEGAS SANDS CORP,517834107,329343000.0,7130,0.0006720496863186832
SPBX,AIM ETF PRODUCTS TRUST,00888H471,326956000.0,11210,0.000667178829487833
HAWX,ISHARES TR,46435G847,326579000.0,7023,0.000666409532032772
TQQQ,PROSHARES TR,74347X831,326539000.0,4031,0.000666327908960617
MTH,MERITAGE HOMES CORP,59001A102,325170000.0,3878,0.0006635343593161117
ISMD,NORTHERN LTS FD TR IV,66538H641,324144000.0,6483,0.0006614407275153357
ATR,APTARGROUP INC,038336103,323486000.0,2584,0.0006600980279783859
CNS,COHEN & STEERS INC,19247A100,323169000.0,4244,0.0006594511651315574
PCVX,VAXCYTE INC,92243G108,323155000.0,5559,0.0006594225970563032
HOLA,J P MORGAN EXCHANGE TRADED F,46654Q591,322990000.0,5833,0.0006590859018836638
GIGL,GOLDMAN SACHS ETF TR,38149W465,322892000.0,6382,0.0006588859253568839
IBDZ,ISHARES TR,46438G653,322839000.0,12393,0.0006587777747862786
UJUL,INNOVATOR ETFS TRUST,45782C839,322817000.0,7918,0.0006587328820965933
IXG,ISHARES TR,464287333,322502000.0,2590,0.0006580901004033726
SPVU,INVESCO EXCH TRADED FD TR II,46138E396,322432000.0,4614,0.0006579472600271013
CHT,CHUNGHWA TELECOM CO LTD,17133Q502,321568000.0,7265,0.0006561842016685531
INFQ,INFLEQTION INC,45676K103,320199000.0,24039,0.0006533906520240479
DJIA,GLOBAL X FDS,37960A859,319215000.0,14418,0.0006513827244490347
JULM,FIRST TR EXCHNG TRADED FD VI,33740U570,319093000.0,9221,0.0006511337740789619
CBT,CABOT CORP,127055101,318809000.0,3510,0.0006505542502666614
GERN,GERON CORP,374163103,317320000.0,247906,0.0006475158314056911
ACII,INNOVATOR ETFS TRUST,45784N585,317074000.0,12459,0.0006470138495119378
BIDUN,BAIDU INC,056752108,316935000.0,2773,0.0006467302093361992
WTMF,WISDOMTREE TR,97717W125,316750000.0,7754,0.0006463527026274822
JPUS,J P MORGAN EXCHANGE TRADED F,46641Q407,316519000.0,2257,0.000645881329385787
QQQX,NUVEEN NASDAQ 100 DYNAMIC OV,670699107,316419000.0,10498,0.0006456772717053996
FLGB,FRANKLIN TEMPLETON ETF TR,35473P678,316228000.0,8961,0.0006452875215358595
AHYB,AMERICAN CENTY ETF TR,025072331,316081000.0,6828,0.0006449875567456897
CORZ,CORE SCIENTIFIC INC NEW,21874A106,314757000.0,12300,0.0006422858330573589
TTEK,TETRA TECH INC NEW,88162G103,312652000.0,10822,0.0006379904188852015
QQQE,DIREXION SHARES ETF TRUST,25459Y207,311944000.0,2557,0.0006365456905080578
CPSL,CALAMOS ETF TR,12811T738,311029000.0,11140,0.0006346785627325119
QLD,PROSHARES TR,74347R206,310600000.0,3210,0.0006338031552836495
HIMS,HIMS & HERS HEALTH INC,433000106,310210000.0,8948,0.0006330073303301382
SKY,CHAMPION HOMES INC,830830105,307803000.0,3493,0.0006280956619632105
RINT,RUSSELL INVTS EXCHANGE TRADE,78249U209,307480000.0,9646,0.0006274365556555588
QMAG,FIRST TR EXCHNG TRADED FD VI,33740F193,307267000.0,12121,0.0006270019127963334
ENFR,ALPS ETF TR,00162Q676,307087000.0,8060,0.0006266346089716358
WTRG,ESSENTIAL UTILS INC,29670G102,306971000.0,8013,0.0006263979020623863
CHPY,TIDAL TRUST II,88636R693,306736000.0,3480,0.0006259183665134755
XCHYX,CALAMOS CONV & HIGH INCOME F,12811P108,306273000.0,22487,0.0006249735794532814
QUS,SPDR SERIES TRUST,78468R812,306152000.0,1638,0.0006247266696600125
RHP,RYMAN HOSPITALITY PPTYS INC,78377T107,305865000.0,2379,0.0006241410241173002
AGM,FEDERAL AGRIC MTG CORP,313148306,305467000.0,1533,0.0006233288745493579
MFA,MFA FINL INC,55272X607,305451000.0,31522,0.0006232962253204958
DNTH,DIANTHUS THERAPEUTICS INC,252828108,304722000.0,3126,0.0006218086448304709
TEX,TEREX CORP NEW,880779103,304601000.0,4208,0.000621561735037202
DAX,GLOBAL X FDS,37954Y491,304431000.0,6893,0.0006212148369805432
FIVA,FIDELITY COVINGTON TRUST,316092717,303389000.0,7876,0.0006190885559509052
NVG,NUVEEN AMT FREE MUN CR INC F,67071L106,303334000.0,23698,0.0006189763242266921
XMTR,XOMETRY INC,98423F109,302976000.0,3139,0.0006182457977309047
QRVO,QORVO INC,74736K101,302754000.0,3246,0.0006177927896804444
TOPT,ISHARES TR,46438G570,302708000.0,9195,0.0006176989231474661
DVQQ,WEBS ETF TR,87166N882,302538000.0,9477,0.0006173520250908073
SBSW,SIBANYE STILLWATER LTD,82575P107,302408000.0,35619,0.0006170867501063035
PBJN,PGIM ROCK ETF TR,69420N858,302201000.0,9799,0.0006166643507079014
DHDG,FIRST TR EXCHNG TRADED FD VI,33740U547,301935000.0,8257,0.0006161215572780706
ASTE,ASTEC INDS INC,046224101,301495000.0,4927,0.0006152237034843654
NSEP,INNOVATOR ETFS TRUST,45784N205,300954000.0,9629,0.0006141197514334689
VMI,VALMONT INDS INC,920253101,300807000.0,521,0.0006138197866432993
DDFY,INNOVATOR ETFS TRUST,45784N338,300009000.0,14978,0.0006121914063538069
KXI,ISHARES TR,464288737,299163000.0,4430,0.0006104650783777284
IBDX,ISHARES TR,46436E312,299155000.0,11876,0.0006104487537632974
HECA,ETF OPPORTUNITIES TRUST,26923Q747,299102000.0,10956,0.000610340603192692
BSMZ,INVESCO EXCH TRD SLF IDX FD,46138J353,298655000.0,11650,0.0006094284653613598
GUSE,GOLDMAN SACHS ETF TR,38149W424,298133000.0,6606,0.0006083632842697369
DFGX,DIMENSIONAL ETF TRUST,25434V575,298115000.0,5562,0.0006083265538872672
QCJL,FIRST TR EXCHNG TRADED FD VI,33740F219,297729000.0,11883,0.0006075388912409713
QMOM,EA SERIES TRUST,02072L409,297405000.0,3778,0.0006068777443565157
BOAT,TIDAL TRUST I,886364645,296922000.0,7832,0.0006058921457602441
SBRA,SABRA HEALTH CARE REIT INC,78573L106,296708000.0,15208,0.0006054554623242147
NVCR,NOVOCURE LTD,G6674U108,296531000.0,19573,0.0006050942802299288
XRMI,GLOBAL X FDS,37960A206,296293000.0,17236,0.0006046086229506064
HQY,HEALTHEQUITY INC,42226A107,296268000.0,3280,0.0006045576085305095
EBUF,INNOVATOR ETFS TRUST,45783Y210,295695000.0,9284,0.000603388358021889
KBWB,INVESCO EXCH TRADED FD TR II,46138E628,295178000.0,3175,0.0006023333798142856
XEVVX,EATON VANCE LIMITED DURATION,27828H105,295078000.0,31492,0.000602129322133898
FND,FLOOR & DECOR HLDGS INC,339750101,294841000.0,4967,0.0006016457054313796
RUM,RUM GROUP INC,78137L105,293777000.0,46337,0.0005994745317120563
OVM,LISTED FDS TR,53656F854,293726000.0,13484,0.0005993704622950587
PKN,REVVITY INC,714046109,293402000.0,2637,0.0005987093154106031
MMU,WESTERN ASSET MANAGED MUNS F,95766M105,293113000.0,28130,0.0005981195887142832
AFG,AMERICAN FINANCIAL GROUP INC,025932104,292997000.0,2094,0.0005978828818050337
VNT,VONTIER CORPORATION,928881101,291633000.0,10056,0.0005950995350445478
CHI,CALAMOS CONV OPPORTUNITIES &,128117108,291026000.0,21654,0.0005938609049245956
FLEU,FRANKLIN TEMPLETON ETF TR,35473P645,291003000.0,8129,0.0005938139716581064
CHH,CHOICE HOTELS INTL INC,169905106,290585000.0,2635,0.0005929610105540866
CHAT,TIDAL TRUST II,88636J600,290231000.0,2941,0.0005922386463655147
MTRN,MATERION CORP,576690101,289217000.0,973,0.0005901695014863853
WSC,WILLSCOT HLDGS CORP,971378104,288969000.0,10013,0.0005896634384390243
FAI,FIRST TR EXCHANGE-TRADED FD,33734X739,288646000.0,5306,0.0005890043321313725
PRI,PRIMERICA INC,74164M108,287560000.0,1012,0.000586788265722364
IJUN,INNOVATOR ETFS TRUST,45783Y285,287362000.0,9217,0.0005863842315151967
SPUC,SIMPLIFY EXCHANGE TRADED FUN,82889N301,287265000.0,5840,0.0005861862955652208
CIB1N,GRUPO CIBEST SA,40090E106,287168000.0,3615,0.0005859883596152449
PICB,INVESCO EXCH TRADED FD TR II,46138E636,286843000.0,12385,0.0005853251721539854
ARGT,GLOBAL X FDS,37950E259,286842000.0,3142,0.0005853231315771816
IONS,IONIS PHARMACEUTICALS INC,462222100,285444000.0,3600,0.0005824704052053639
PEX,PROSHARES TR,74348A533,285399000.0,13021,0.0005823785792491896
ATEC,ALPHATEC HLDGS INC,02081G201,283850000.0,32815,0.0005792177257799868
QQQH,NEOS ETF TRUST,78433H576,283675000.0,5080,0.0005788606248393086
CUBE,CUBESMART,229663109,283588000.0,7131,0.0005786830946573715
FDMO,FIDELITY COVINGTON TRUST,316092816,283563000.0,2877,0.0005786320802372747
GCC,WISDOMTREE TR,97717Y683,283534000.0,12518,0.0005785729035099622
JMOM,J P MORGAN EXCHANGE TRADED F,46641Q779,283451000.0,3317,0.0005784035356352406
AUPH,AURINIA PHARMACEUTICALS INC,05156V102,283416000.0,16701,0.000578332115447105
PBA,PEMBINA PIPELINE CORP,706327103,283045000.0,6120,0.0005775750614528673
AIPO,TIDAL TRUST II,88636R479,282849000.0,8466,0.0005771751083993077
ZNOV,INNOVATOR ETFS TRUST,45784N809,282397000.0,10284,0.0005762527676839562
KFRC,KFORCE INC,493732101,282038000.0,6011,0.0005755202006113649
IESC,IES HOLDINGS INC,44951W106,281375000.0,383,0.0005741672981903957
SIGI,SELECTIVE INS GROUP INC,816300107,281076000.0,2897,0.0005735571657260369
BIBL,NORTHERN LTS FD TR IV,66538H534,280986000.0,4855,0.0005733735138136882
NPFI,NUSHARES ETF TR,67092P771,280944000.0,10744,0.0005732878095879254
CRTO,CRITEO S A,226718104,279867000.0,15310,0.0005710901083701517
KTOS,KRATOS DEFENSE & SEC SOLUTIO,50077B207,278717000.0,5590,0.0005687434450456952
ALK,ALASKA AIR GROUP INC,011659109,278585000.0,5337,0.0005684740889075837
HEWJ,ISHARES TR,46434V886,278115000.0,4311,0.0005675150178097623
WEX,WEX INC,96208T104,278088000.0,1971,0.0005674599222360578
ICPI,ISHARES TR,46438G257,276600000.0,5472,0.0005644235439518914
CRNX,CRINETICS PHARMACEUTICALS IN,22663K107,276384000.0,7386,0.0005639827793622543
SSB,SOUTHSTATE BK CORP,84472E102,276237000.0,2765,0.0005636828145720846
UHS,UNIVERSAL HLTH SVCS INC,913903100,274374000.0,1845,0.000559881219986465
APAM,ARTISAN PARTNERS ASSET MGMT,04316A108,274196000.0,7941,0.0005595179973153753
BTT,BLACKROCK MUN TARGET TERM TR,09257P105,274169000.0,12051,0.0005594629017416706
PML,PIMCO MUN INCOME FD II,72200W106,274134000.0,36023,0.000559391481553535
VRIG,INVESCO ACTIVELY MANAGED EXC,46090A879,273715000.0,10918,0.0005585364798727113
EIPX,FIRST TR EXCHANGE-TRADED FD,33739Q804,273678000.0,8744,0.0005584609785309678
XAWFX,ALLIANCEBERNSTEIN GLOBAL HIG,01879R106,272638000.0,26470,0.0005563387786549377
CATF,AMERICAN CENTY ETF TR,025072117,272212000.0,5415,0.0005554694929364868
KEX,KIRBY CORP,497266106,271668000.0,1998,0.0005543594191551786
KAI,KADANT INC,48282T104,271310000.0,863,0.0005536288926593914
JFLX,J P MORGAN EXCHANGE TRADED F,46654Q559,269952000.0,5356,0.0005508577893597288
BKUI,BNY MELLON ETF TRUST,09661T859,269535000.0,5416,0.0005500068688325128
CMPS,COMPASS PATHWAYS PLC,20451W101,268935000.0,19006,0.0005487825227501877
FIGS,FIGS INC,30260D103,268077000.0,26205,0.0005470317078524627
CSQ,CALAMOS STRATEGIC TOTAL RETU,128125101,267754000.0,13023,0.000546372601544811
HARD,SIMPLIFY EXCHANGE TRADED FUN,82889N566,267584000.0,9022,0.0005460257034881522
EVSD,MORGAN STANLEY ETF TRUST,61774R825,267521000.0,5260,0.0005458971471495081
SILA,SILA REALTY TRUST INC,146280508,267401000.0,8808,0.000545652277933043
CRCL,CIRCLE INTERNET GROUP INC,172573107,266741000.0,4259,0.0005443054972424854
KWEB,KRANESHARES TRUST,500767306,266628000.0,10896,0.0005440749120636474
FJP,FIRST TR EXCH TRD ALPHDX FD,33737J158,266358000.0,3490,0.0005435239563266011
FXF,INVESCO CURRENCYSHARES SWISS,46138R108,266317000.0,2442,0.0005434402926776423
ARR,ARMOUR RESIDENTIAL REIT INC,042315705,266258000.0,15258,0.0005433198986462137
GKOS,GLAUKOS CORP,377322102,266103000.0,1904,0.000543003609241613
MNDY,MONDAY COM LTD,M7S64H106,265888000.0,3673,0.0005425648852287798
RXI,ISHARES TR,464288745,265629000.0,1377,0.0005420363758365761
IVVM,BLACKROCK ETF TRUST II,092528702,265507000.0,7185,0.0005417874254665033
PEB,PEBBLEBROOK HOTEL TR,70509V100,264993000.0,13652,0.0005407385689893114
ABL,ABACUS GLOBAL MGMT INC,00258Y104,264381000.0,24685,0.0005394897359853398
ACM,AECOM,00766T100,263901000.0,3781,0.0005385102591194796
VFQY,VANGUARD WELLINGTON FD,921935706,263347000.0,1546,0.0005373797795701328
JANX,JANUX THERAPEUTICS INC,47103J105,263240000.0,17138,0.0005371614378521181
EZA,ISHARES INC,464286780,262917000.0,4161,0.0005365023315444665
TIPZ,PIMCO ETF TR,72201R403,262689000.0,5021,0.0005360370800331829
GRAL,GRAIL INC,384747101,262157000.0,3840,0.0005349514931735213
N/A,NATIONAL ENERGY SERVICES REU,G6375R107,262037000.0,8755,0.0005347066239570562
RNG,RINGCENTRAL INC,76680R206,261920000.0,6719,0.0005344678764710028
BMNR,BITMINE IMMERSION TECHS INC,09175A206,261483000.0,19646,0.0005335761444077093
STLA,STELLANTIS N.V,N82405106,261431000.0,45545,0.0005334700344139078
JVAL,J P MORGAN EXCHANGE TRADED F,46641Q753,261327000.0,4456,0.0005332578144263048
FXE,INVESCO CURRENCYSHARES EURO,46138K103,261141000.0,2477,0.0005328782671407841
VSDB,VANGUARD MALVERN FDS,922020730,260758000.0,3416,0.0005320967262248998
GPI,GROUP 1 AUTOMOTIVE INC,398905109,260614000.0,895,0.0005318028831651418
HEFT,ETF OPPORTUNITIES TRUST,26923Q416,260374000.0,9818,0.0005313131447322117
VVV,VALVOLINE INC,92047W101,259522000.0,6564,0.00052957457329531
QC10,FLAGSTAR BANK NATIONAL ASSOC,649445400,259476000.0,17368,0.0005294807067623317
PBDC,PUTNAM ETF TRUST,746729508,258809000.0,9512,0.000528119642034147
VTN,INVESCO TR INVT GRADE NEW YO,46131T101,258744000.0,22344,0.000527987004541895
FBDC,FIRST TR EXCHNG TRADED FD VI,33744U303,257880000.0,15218,0.0005262239461833469
RSPD,INVESCO EXCHANGE TRADED FD T,46137V381,257672000.0,4601,0.0005257995062081408
EXPO,EXPONENT INC,30214U102,257545000.0,4383,0.0005255403529540487
MFM,ABERDEEN MUN INCOME FD,552738106,254237000.0,45238,0.0005187901248868294
ZTO,ZTO EXPRESS CAYMAN INC,98980A105,253488000.0,11327,0.0005172617328607268
MKTN,FEDERATED HERMES ETF TRUST,31423L875,252143000.0,9709,0.0005145171570595146
BDJ,BLACKROCK ENHANCED EQUITY DI,09251A104,251709000.0,26302,0.0005136315467266327
SRVR,PACER FDS TR,69374H741,250812000.0,7895,0.0005118011493335567
ZETA,ZETA GLOBAL HOLDINGS CORP,98956A105,250113000.0,12709,0.0005103747861476479
MUJ,BLACKROCK MUNIHLDGS NJ QLTY,09254X101,250011000.0,20310,0.0005101666473136526
BKU,BANKUNITED INC,06652K103,249967000.0,5159,0.000510076861934282
IAK,ISHARES TR,464288786,249356000.0,1774,0.0005088300695071143
FXI,ISHARES TR,464287184,248385000.0,7863,0.0005068486694305514
BNDW,VANGUARD SCOTTSDALE FDS,92206C565,248154000.0,3621,0.0005063772961888563
MMS,MAXIMUS INC,577933104,246956000.0,4594,0.0005039326851778137
FSV,FIRSTSERVICE CORP NEW,33767E202,246908000.0,1737,0.0005038347374912277
ALRS,ALERUS FINL CORP,01446U103,246850000.0,7937,0.000503716384036603
XFFCX,FLAHERTY & CRUMRIN PFD & INM,338478100,246758000.0,15157,0.0005035286509706465
PDBA,INVESCO ACTVELY MNGD ETC FD,46090F308,246704000.0,6926,0.0005034184598232372
AZZ,AZZ INC,002474104,246602000.0,1590,0.0005032103209892419
GCT,GIGACLOUD TECHNOLOGY INC,G38644103,246227000.0,7792,0.0005024451046877887
HTAB,HARTFORD FDS EXCHANGE TRADED,41653L404,246139000.0,12832,0.0005022655339290477
IQDY,FLEXSHARES TR,33939L829,244887000.0,5731,0.0004997107317705959
PATN,PACER FDS TR,69374H311,244880000.0,6587,0.0004996964477329688
TRUL,TRULIEVE CANNABIS CORP,89788C104,244777000.0,24901,0.0004994862683221697
CBRS,CEREBRAS SYSTEMS INC,15675D103,244647000.0,1107,0.0004992209933376658
MAT,MATTEL INC,577081102,244219000.0,17595,0.0004983476264656072
AIN,ALBANY INTL CORP,012348108,243827000.0,3273,0.0004975477203584881
SPXL,DIREXION SHARES ETF TRUST,25459W862,243603000.0,900,0.0004970906311544201
NMAI,NUVEEN MULTI ASSET INCOME FU,670750108,243214000.0,17164,0.0004962968467777126
BAH,BOOZ ALLEN HAMILTON HLDG COR,099502106,243109000.0,4007,0.0004960825862133057
CON,CONCENTRA GROUP HOLDINGS PAR,20603L102,243105000.0,8172,0.0004960744239060902
HOFT,HOOKER FURNISHINGS CORPORATI,439038100,242975000.0,13627,0.0004958091489215865
METV,LISTED FDS TR,53656F417,242906000.0,13166,0.000495668349122119
FTXO,FIRST TR EXCHANGE TRADED FD,33738R860,242854000.0,5876,0.0004955622391283175
ECO,OKEANIS ECO TANKERS COR,Y64177101,242490000.0,4838,0.0004948194691717069
PDO,PIMCO DYNAMIC INCOME OPRNTS,69355M107,242143000.0,18316,0.0004941113890207622
SPSK,TIDAL TRUST I,886364702,241836000.0,13428,0.0004934849319419726
REFI,CHICAGO ATLANTIC REAL ESTATE,167239102,241510000.0,22529,0.0004928197039039091
ALG,ALAMO GROUP INC,011311107,241336000.0,1467,0.0004924646435400348
AVGE,AMERICAN CENTY ETF TR,025072232,240613000.0,2428,0.0004909893065108332
DEHP,DIMENSIONAL ETF TRUST,25434V757,239900000.0,5609,0.0004895343752496701
TARS,TARSUS PHARMACEUTICALS INC,87650L103,239676000.0,3808,0.000489077286045602
ZJUL,INNOVATOR ETFS TRUST,45783Y251,239640000.0,7996,0.0004890038252806625
XGDVX,GABELLI DIVID & INCOME TR,36242H104,239536000.0,8147,0.0004887916052930595
PATH,UIPATH INC,90364P105,239504000.0,22034,0.0004887263068353354
MHD,BLACKROCK MUNIHOLDINGS FD IN,09253N104,239425000.0,20120,0.0004885651012678293
BTZ,BLACKROCK CR ALLOCATION,092508100,239001000.0,23386,0.00048769989670298624
GFL,GFL ENVIRONMENTAL INC,36168Q104,237402000.0,6453,0.0004844370143935897
PSIX,POWER SOLUTIONS INTL INC,73933G202,236723000.0,6087,0.0004830514627437584
BKEM,BNY MELLON ETF TRUST,09661T503,236417000.0,2480,0.00048242704624177257
BSY,BENTLEY SYS INC,08265T208,236319000.0,7906,0.00048222706971499284
MATX,MATSON INC,57686G105,236103000.0,1228,0.00048178630512535575
PPH,VANECK ETF TRUST,92189F692,236004000.0,2158,0.00048158428802177214
WDC 3 11/15/28,WESTERN DIGITAL CORP,958102AT2,235752000.0,14000,0.00048107006266719554
SARO,STANDARDAERO INC,85423L103,235063000.0,7859,0.00047966410524932557
XJAN,FIRST TR EXCHNG TRADED FD VI,33740F318,235039000.0,6120,0.0004796151314060325
GTOP,GOLDMAN SACHS ETF TR,38149W432,234773000.0,4715,0.0004790723379762017
PCTY,PAYLOCITY HLDG CORP,70438V106,234147000.0,2240,0.00047779493689697577
APRH,INNOVATOR ETFS TRUST,45783Y624,233901000.0,9382,0.0004772929550032225
KRG,KITE REALTY GROUP TRUST,49803T300,233124000.0,8214,0.0004757074268266114
FCPI,FIDELITY COVINGTON TRUST,316092386,233045000.0,4267,0.0004755462212591053
BGH,BARINGS GLOBAL SHORT DURATIO,06760L100,232902000.0,16518,0.00047525441877615117
NXST,NEXSTAR MEDIA GROUP INC,65336K103,232857000.0,1304,0.0004751625928199767
DBP,INVESCO DB MULTI-SECTOR COMM,46140H502,232232000.0,2511,0.00047388723231755466
PRFZ,INVESCO EXCHANGE TRADED FD T,46137V597,231181000.0,4145,0.00047174258609668186
SPBW,AIM ETF PRODUCTS TRUST,00888H463,231062000.0,8050,0.0004714997574570207
EKG,FIRST TR EXCHANGE-TRADED FD,33719L106,231037000.0,12309,0.00047144874303692384
UMMA,LISTED FDS TR,53656F268,230974000.0,5851,0.0004713201866982797
CQQQ,INVESCO EXCH TRADED FD TR II,46138E800,230615000.0,4044,0.00047058761962568844
VIV,TELEFONICA BRASIL SA,87936R205,230259000.0,17497,0.00046986117428350887
GEN,GEN DIGITAL INC,668771108,229726000.0,9230,0.0004687735468470434
IEQ,LAZARD ACTIVE ETF TR,52110K400,229287000.0,6538,0.00046787773363014216
PGRO,PUTNAM ETF TRUST,746729409,229019000.0,4805,0.0004673308590467036
JSML,JANUS DETROIT STR TR,47103U100,228876000.0,2460,0.0004670390565637494
CBRL,CRACKER BARREL OLD CTRY STOR,22410J106,228597000.0,4289,0.0004664697356354682
GNTX,GENTEX CORP,371901109,228367000.0,9037,0.00046600040297057693
KOPN,KOPIN CORP,500600101,228355000.0,50972,0.0004659759160489304
DRLL,EA SERIES TRUST,02072L722,227473000.0,6791,0.00046417612730791243
REMG,RUSSELL INVTS EXCHANGE TRADE,78249U407,227462000.0,6107,0.00046415368096306987
INFL,LISTED FDS TR,53656F623,227450000.0,4560,0.0004641291940414233
PBE,INVESCO EXCHANGE TRADED FD T,46137V787,227151000.0,2534,0.00046351906157706465
AVMV,AMERICAN CENTY ETF TR,025072133,227140000.0,2820,0.00046349661523222203
PEJ,INVESCO EXCHANGE TRADED FD T,46137V720,226415000.0,3401,0.00046201719704941244
PQOC,PGIM ROCK ETF TR,69420N528,226368000.0,7240,0.0004619212899396303
N/A,MAGNUM ICE CREAM CO NV,N5505D105,226121000.0,12988,0.00046141726746907314
ONEY,SPDR SERIES TRUST,78468R770,225409000.0,1760,0.000459964376784714
IMUX,IMMUNIC INC,4525EP200,225355000.0,14662,0.00045985418563730473
AMN,AMN HEALTHCARE SVCS INC,001744101,225133000.0,6955,0.0004594011775868444
BBAI,BIGBEAR AI HLDGS INC,08975B109,225048000.0,61321,0.00045922772855851494
GAUG,FIRST TR EXCHNG TRADED FD VI,33740U653,224786000.0,5427,0.0004586930974358997
CM,CANADIAN IMPERIAL BANK OF CO,136069101,224676000.0,1954,0.00045846863398747343
EMQQ,EXCHANGE TRADED CONCEPTS TRU,301505889,223728000.0,7170,0.00045653416717739967
IDLV,INVESCO EXCH TRADED FD TR II,46138E230,223713000.0,6486,0.00045650355852534157
PTGX,PROTAGONIST THERAPEUTICS INC,74366E102,223586000.0,1824,0.0004562444052712494
DCI,DONALDSON INC,257651109,223210000.0,2486,0.00045547714839299226
MCFT,MASTERCRAFT BOAT HLDGS INC,57637H103,223007000.0,8637,0.0004550629113018056
LXP,LXP INDUSTRIAL TRUST,529043408,223005000.0,4139,0.00045505883014819784
DDTJ,INNOVATOR ETFS TRUST,45784N429,222823000.0,11094,0.0004546874451698926
ECG,EVERUS CONSTR GROUP,300426103,222373000.0,1340,0.0004537691856081487
HURN,HURON CONSULTING GROUP INC,447462102,221723000.0,2459,0.0004524428106856298
FUMB,FIRST TR EXCH TRADED FD III,33740J104,221528000.0,11046,0.0004520448982088741
FLJJ,AIM ETF PRODUCTS TRUST,00888H638,221414000.0,6542,0.00045181227245323234
WDFC,WD 40 CO,929236107,221376000.0,909,0.0004517347305346851
VOLT,TEMA ETF TRUST,87975E834,221247000.0,5282,0.00045147149612698514
BBRE,J P MORGAN EXCHANGE TRADED F,46641Q738,221068000.0,2061,0.00045110623287909155
BRX,BRIXMOR PPTY GROUP INC,11120U105,220875000.0,7005,0.00045071240155594364
EC,ECOPETROL S A,279158109,220562000.0,15489,0.00045007370101633065
ASH,ASHLAND INC,044186104,220349000.0,3344,0.0004496390581571052
AUGM,FIRST TR EXCHNG TRADED FD VI,33740U562,220114000.0,6280,0.0004491595226081946
NUMG,NUSHARES ETF TR,67092P409,219699000.0,4678,0.00044831268323458634
EQIN,COLUMBIA ETF TR I,19761L854,219650000.0,4282,0.00044821269497119645
SKYT,SKYWATER TECHNOLOGY INC,83089J108,219610000.0,6307,0.00044813107189904146
IPAR,INTERPARFUMS INC,458334109,219582000.0,1963,0.0004480739357485329
TRI,THOMSON REUTERS CORP,884903881,219393000.0,2686,0.00044768826673260054
ORI,OLD REP INTL CORP,680223104,219209000.0,5357,0.0004473128006006874
MBWM,MERCANTILE BK CORP,587376104,218404000.0,3804,0.0004456701362735679
SPIN,SSGA ACTIVE TR,78470P838,218118000.0,6779,0.0004450865313076596
MADE,ISHARES TR,46438G596,218095000.0,5527,0.00044503959804117045
HRI,HERC HLDGS INC,42704L104,217237000.0,1516,0.0004432887831434455
SPRE,TIDAL TRUST I,886364769,216945000.0,10257,0.00044269293471671387
TSME,THRIVENT ETF TRUST,88588G109,216791000.0,4140,0.00044237868588891717
TSLX,SIXTH STREET SPECIALTY LENDI,83012A109,216623000.0,12616,0.0004420358689858661
QTWO,Q2 HLDGS INC,74736L109,216450000.0,4500,0.0004416828491987957
TDC,TERADATA CORP DEL,88076W103,216389000.0,6245,0.00044155837401375935
WSBC,WESBANCO INC,950810101,216264000.0,5541,0.0004413033019132749
FLGV,FRANKLIN TEMPLETON ETF TR,35473P488,215525000.0,10627,0.00043979531565521105
IBDW,ISHARES TR,46436E486,214900000.0,10312,0.0004385199551527891
IPO,RENAISSANCE CAP GREENWICH FD,759937204,214898000.0,3617,0.0004385158739991813
PTRB,PGIM ETF TR,69344A800,214851000.0,5182,0.00043841996688939917
ALTG,ALTA EQUIPMENT GROUP INC,02128L106,214707000.0,33185,0.00043812612382964115
GSSC,GOLDMAN SACHS ETF TR,381430602,214352000.0,2349,0.0004374017190642654
GLRY,NORTHERN LTS FD TR IV,66538H369,214292000.0,4905,0.0004372792844560329
MP,MP MATERIALS CORP,553368101,214285000.0,3826,0.00043726500041840576
JEF,JEFFERIES FINANCIAL GROUP IN,47233W109,214001000.0,4282,0.00043668547660610525
BLW,BLACKROCK LTD DURATION INCOM,09249W101,212758000.0,17034,0.0004341490396388883
IQDG,WISDOMTREE TR,97717X131,212264000.0,4927,0.00043314099469777395
ERJ,EMBRAER S.A.,29082A107,212091000.0,3324,0.0004327879749107035
BHF,BRIGHTHOUSE FINL INC,10922N103,211971000.0,3349,0.00043254310569423843
FYEE,FIDELITY GREENWOOD STREET TR,31624J729,211965000.0,7337,0.0004325308622334152
DDFL,INNOVATOR ETFS TRUST,45784N536,211451000.0,9960,0.0004314820057562233
IJAN,INNOVATOR ETFS TRUST,45782C524,211229000.0,5547,0.0004310289977057631
IDOG,ALPS ETF TR,00162Q718,210861000.0,5120,0.00043027806544193695
DXPE,DXP ENTERPRISES INC,233377407,210250000.0,1246,0.0004290312730147692
JHMD,JOHN HANCOCK EXCHANGE TRADED,47804J859,209642000.0,4721,0.00042779060231801306
GLXY,GALAXY DIGITAL INC.,36317J209,209370000.0,7658,0.000427235565427359
PFRL,PGIM ETF TR,69344A883,209299000.0,4233,0.00042709068447428387
FDV,FEDERATED HERMES ETF TRUST,31423L305,208609000.0,6646,0.0004256826864796099
NWN,NORTHWEST NAT HLDG CO,66765N105,208283000.0,4245,0.0004250174584415466
REZI,RESIDEO TECHNOLOGIES INC,76118Y104,208121000.0,6692,0.00042468688499931886
LPTH,LIGHTPATH TECHNOLOGIES INC,532257805,208005000.0,12722,0.0004244501780900693
TPYP,TORTOISE CAPITAL SERIES TRUS,890930308,207845000.0,4957,0.00042412368580144926
NMZ,NUVEEN MUN HIGH INCOME OPPOR,670682103,207645000.0,19645,0.0004237155704406742
NNN,NNN REIT INC,637417106,207626000.0,4462,0.00042367679948140057
EOS,EATON VANCE ENHANCED EQUITY,278277108,207296000.0,9405,0.00042300340913612177
XTWO,BONDBLOXX ETF TRUST,09789C853,206911000.0,4227,0.00042221778706662977
PNI,PIMCO NEW YORK MUN FD II,72200Y102,206850000.0,29175,0.00042209331188159337
CHTR,CHARTER COMMUNICATIONS INC,16119P108,206631000.0,1453,0.00042164642556154474
SIZE,ISHARES TR,46432F370,206609000.0,1159,0.00042160153287185945
BUZZ,VANECK ETF TRUST,92189H839,206292000.0,5583,0.000420954670025031
IAUI,NEOS ETF TRUST,78433H550,206281000.0,4258,0.00042093222368018836
SIXO,AIM ETF PRODUCTS TRUST,00888H877,205822000.0,5738,0.00041999559892720963
IRT,INDEPENDENCE RLTY TR INC,45378A106,205605000.0,12319,0.00041955279376076866
HAP,VANECK ETF TRUST,92189F841,205549000.0,2996,0.00041943852145975163
YLD,PRINCIPAL EXCHANGE TRADED FD,74255Y102,205462000.0,10768,0.0004192609912778145
CPSR,CALAMOS ETF TR,12811T761,205079000.0,7935,0.00041847945036193034
MDA,MDA SPACE LTD,55293N109,204955000.0,4965,0.0004182264188382498
PSR,INVESCO ACTIVELY MANAGED EXC,46090A101,204622000.0,1995,0.0004175469067625594
NAUG,INNOVATOR ETFS TRUST,45783Y129,204494000.0,6455,0.0004172857129316633
VVX,V2X INC,92242T101,204369000.0,2741,0.00041703064083117885
N/A,ASA GOLD AND PRECIOUS MTLS L,G3156P103,204361000.0,3927,0.00041701431621674794
BBWI,BATH & BODY WORKS INC,070830104,203679000.0,8806,0.000415622642836505
AXGN,AXOGEN INC,05463X106,203652000.0,4409,0.0004155675472628004
XSVN,BONDBLOXX ETF TRUST,09789C820,203635000.0,4308,0.00041553285745713446
WS,WORTHINGTON STL INC,982104101,203044000.0,6047,0.00041432687656604427
BLFS,BIOLIFE SOLUTIONS INC,09062W204,202989000.0,7188,0.0004142146448418311
MMYT,MAKEMYTRIP LIMITED MAURITIUS,V5633W109,202982000.0,3809,0.000414200360804204
AGEM,ABRDN FDS,00384X301,202612000.0,4103,0.00041344534738677014
SCHL,SCHOLASTIC CORP,807066105,201908000.0,4389,0.0004120087813168419
N/A,ASCENDIS PHARMA A/S,K08588103,201907000.0,757,0.000412006740740038
GIGB,GOLDMAN SACHS ETF TR,381430479,201902000.0,4398,0.0004119965378560187
HTH,HILLTOP HLDGS INC,432748101,201811000.0,5204,0.000411810845366866
FCVT,FIRST TR EXCHANGE-TRADED FD,33739Q507,201726000.0,3751,0.00041163739633853666
AWR,AMER STATES WTR CO,029899101,201671000.0,2441,0.0004115251646143235
HIW,HIGHWOODS PPTYS INC,431284108,201441000.0,6679,0.0004110558319494322
UVV,UNIVERSAL CORP VA MTNS BK EN,913456109,201182000.0,3856,0.00041052732255722853
IRMD,IRADIMED CORP,46266A109,200889000.0,2102,0.0004099294335536931
ADUS,ADDUS HOMECARE CORP,006739106,200588000.0,1997,0.0004093152199357267
XBJA,INNOVATOR ETFS TRUST,45783Y780,200396000.0,5928,0.0004089234291893826
FTPA,PUTNAM ETF TRUST,746729748,199831000.0,22812,0.00040777050329519307
BORR,BORR DRILLING LTD,G1466R173,199570000.0,48322,0.00040723791274938163
ETHW,BITWISE ETHEREUM ETF,091955104,198111000.0,17563,0.0004042607111925277
BGR,BLACKROCK ENERGY & RES TR,09250U101,195534000.0,13194,0.00039900214476894116
XNCMX,NUVEEN CALIF AMT FREE MUNI I,670651108,192781000.0,15386,0.0003933844368278726
FFC0,OAKTREE SPECIALTY LENDING,67401P405,190121000.0,15923,0.00038795650252956447
JOBY,JOBY AVIATION INC,G65163100,189871000.0,21286,0.0003874463583285957
DHT,DHT HOLDINGS INC,Y2065G121,189596000.0,11470,0.00038688519970753003
NWL,NEWELL BRANDS INC,651229106,188407000.0,30685,0.00038445895388772235
KT,KT CORP,48268K101,187199000.0,10833,0.000381993937108641
GGN,GAMCO GLOBAL GOLD NAT RES &,36465A109,186657000.0,38565,0.00038088794448094067
BBN,BLACKROCK TAX MUNICPAL BD TR,09248X100,186176000.0,11514,0.00037990642703827665
SFL,SFL CORPORATION LTD,G7738W106,185626000.0,18199,0.0003787841097961453
VPC,ETFIS SER TR I,26923G798,185180000.0,12393,0.00037787401254161694
MPW,MEDICAL PROPERTIES TRUST INC,58463J304,184261000.0,39883,0.0003759987224588556
CPNG,COUPANG INC,22266T109,183832000.0,10583,0.0003751233150099931
FTMA,PUTNAM ETF TRUST,746729821,182913000.0,20045,0.0003732480249272318
VG,VENTURE GLOBAL INC,92333F101,181778000.0,16332,0.00037093197025483336
HIMX,HIMAX TECHNOLOGIES INC,43289P106,179496000.0,11701,0.00036627537398839006
VLY,VALLEY NATL BANCORP,919794107,178470000.0,12182,0.0003641817421876141
IVVD,INVIVYD INC,00534A102,178350000.0,204436,0.00036393687297114907
ENVX,ENOVIX CORPORATION,293594107,174689000.0,28779,0.00035646632129216177
NXP,NUVEEN SELECT TAX-FREE INCOM,67062F100,172915000.0,12084,0.00035284633804208714
CBTJ,CALAMOS ETF TR,12811T720,172760000.0,10007,0.00035253004863748644
EDIT,EDITAS MEDICINE INC,28106W103,168765000.0,52088,0.00034437794430600485
TAIL,CAMBRIA ETF TR,132061862,165053000.0,15527,0.00033680332321002
NZF,NUVEEN MUN CR INCOME FD,67070X101,163731000.0,12913,0.0003341056806752969
ZTR,VIRTUS TOTAL RETURN FD INC,92835W107,162362000.0,23772,0.0003313121310307917
ARI,APOLLO COML REAL ESTATE FIN,03762U105,162168000.0,15184,0.0003309162591308399
BSM,BLACK STONE MINERALS L P,09225M101,161074000.0,11530,0.0003286838681074004
SHO,SUNSTONE HOTEL INVS INC NEW,867892101,159016000.0,13888,0.00032448436104502514
AES,AES CORP,00130H105,155990000.0,10640,0.00031830957563649866
QS,QUANTUMSCAPE CORP,74767V109,155328000.0,20546,0.0003169587137923333
ABR,ARBOR REALTY TRUST INC,038923108,154635000.0,28530,0.0003155445940672477
TWI,TITAN INTL INC ILL,88830M102,154200000.0,20000,0.000314656943157562
DSL,DOUBLELINE INCOME SOLUTIONS,258622109,153322000.0,13863,0.00031286531672375953
XFOFX,COHEN & STEERS CLOSED-END,19248P106,151876000.0,10942,0.00030991464266535594
BBD,BANCO BRADESCO S A,059460303,148708000.0,42855,0.0003034500953506792
CNHI,CNH INDL N V,N20944109,148256000.0,13202,0.00030252775463532756
PPLT,ABRDN PLATINUM ETF TRUST,003260106,148238000.0,10491,0.00030249102425285786
XAODX,ABRDN TOTAL DYNAMIC DIVIDEND,00326L100,148153000.0,14370,0.0003023175752245284
AIOT,POWERFLEET INC,73931J109,145195000.0,37910,0.00029628154903866546
XEFRX,EATON VANCE SR FLTNG RTE TR,27828Q105,142112000.0,13407,0.0002899904507523181
DMO,WESTERN ASSET MTG DEFINED OP,95790B109,141083000.0,13173,0.00028789069722113045
XBOEX,BLACKROCK ENHANCED GLOBAL,092501105,138640000.0,11467,0.00028290556808926326
LITE 0.5 12/15/26,LUMENTUM HLDGS INC,55024UAD1,137576000.0,16000,0.00028073439436994
UTZ,UTZ BRANDS INC,918090101,135878000.0,17646,0.0002772694949569599
INFY,INFOSYS LTD,456788108,133539000.0,12730,0.00027249658581269566
HFRO,HIGHLAND OPPS & INCOME FD,43010E404,133209000.0,18683,0.00027182319546741686
GHY,PGIM GLOBAL HIGH YIELD FD FO,69346J106,132268000.0,10931,0.00026990301269497023
NAC,NUVEEN CA DIVI ADV MUN,67066Y105,131229000.0,10828,0.0002677828533957439
GDXY,TIDAL TRUST II,88634T881,130687000.0,12939,0.00026667686076804346
NBH,NEUBERGER MUN FD INC,64124P101,130532000.0,12373,0.0002663605713634428
GSBD,GOLDMAN SACHS BDC INC,38147U107,130086000.0,13722,0.0002654504741089145
ASPI,ASP ISOTOPES INC,00218A105,129743000.0,20859,0.00026475055626518524
BCSF,BAIN CAP SPECIALTY FIN INC,05684B107,128519000.0,10265,0.000262252890257242
AVTR,AVANTOR INC,05352A100,122978000.0,12422,0.00025094605418696925
XEMDX,WESTERN ASSET EMERGING MKTS,95766A101,118125000.0,10999,0.00024104313495776271
WIW,WESTERN AST INFL LKD OPP & I,95766R104,117825000.0,14027,0.00024043096191660014
KEEL,KEEL INFRASTRUCTURE CORP,486917107,117670000.0,20500,0.00024011467251199947
BMBL,BUMBLE INC,12047B105,117504000.0,36720,0.0002397759367625562
SBS,COMPANHIA DE SANEAMENTO BASI,20441A102,114917000.0,19882,0.00023449696457093094
MITT,TPG MTG INVTS TR INC,001228501,114321000.0,14434,0.00023328078079582132
LENZ,LENZ THERAPEUTICS INC,52635N103,113844000.0,20043,0.00023230742566037282
GRFS,GRIFOLS S A,398438408,113265000.0,15998,0.00023112593169092904
BTAL,AGF INVTS TR,00110G408,112612000.0,10100,0.00022979343503799852
LEO,BNY MELLON STRATEGIC MUNS IN,05588W108,111978000.0,17334,0.00022849970934434163
ONDS,ONDAS INC,68236H204,111743000.0,13561,0.00022802017379543093
ACP,ABRDN INCOME CREDIT STRATEGI,003057106,109439000.0,21046,0.0002233186848393024
DHF,BNY MELLON HIGH YIELD STRATE,09660L105,108156000.0,44693,0.00022070062479993046
CADL,CANDEL THERAPEUTICS INC,137404109,106348000.0,10325,0.000217011261938524
BRW,SABA CAPITAL INCOME & OPRNT,78518H202,105347000.0,16035,0.00021496864455784493
ALT,ALTIMMUNE INC,02155H200,105032000.0,34550,0.00021432586286462417
ETJ,EATON VANCE RISK-MANAGED DIV,27829G106,102217000.0,12360,0.0002085816391617154
PD,PAGERDUTY INC,69553P100,96751000.0,10026,0.00019742784635173332
GUT,GABELLI UTIL TR,36240A101,96588000.0,14657,0.00019709523233270168
AHH,AH RLTY TR INC,04208T108,94859000.0,13398,0.00019356707503880138
DSM,BNY MELLON STRATEGIC MUN BD,09662E109,93271000.0,15166,0.0001903266390742475
DHY,CREDIT SUISSE HIGH YIELD CRE,22544F103,91193000.0,51232,0.00018608632047579474
LFVN,LIFEVANTAGE CORP,53222K205,90480000.0,14500,0.0001846313892146317
AUR,AURORA INNOVATION INC,051774107,87582000.0,12842,0.00017871779763700127
YB4P,SAVARA INC,805111101,81552000.0,13239,0.00016641311950963357
CIK,CREDIT SUISSE ASSET MGMT,224916106,79784000.0,32171,0.00016280537972038214
GT,GOODYEAR TIRE & RUBR CO,382550101,72982000.0,11058,0.00014892537630042276
SATL,SATELLOGIC INC,80401C100,72352000.0,12649,0.00014763981291398136
FTF,FRANKLIN LTD DURATION INCOME,35472T101,72160000.0,12463,0.00014724802216763732
CERS,CERUS CORP,157085101,72069000.0,24681,0.00014706232967848468
UGP,ULTRAPAR PARTICIPACOES SA,90400P101,71832000.0,14309,0.00014657871297596624
ON 0 05/01/27,ON SEMICONDUCTOR CORP,682189AS4,69114000.0,38000,0.00014103242522303335
CIG,CIA ENERGETICA DE MINAS GERA,204409601,68783000.0,32754,0.00014035699430095064
UAA,UNDER ARMOUR INC,904311107,67798000.0,10610,0.0001383470261491335
ESPR,ESPERION THERAPEUTICS INC NE,29664W105,67782000.0,21450,0.0001383143769202715
NG,NOVAGOLD RESOURCES INC,66987E206,65324000.0,10942,0.00013329863913634618
LPL,LG DISPLAY CO LTD,50186V102,61828000.0,15894,0.00012616478262999833
GGB,GERDAU SA,373737105,61719000.0,15277,0.00012594235975837593
ENIC,ENEL CHILE SA,29278D105,60960000.0,13547,0.00012439356196423463
MSOS,ADVISORSHARES TR,00768Y453,60629000.0,11935,0.0001237181310421519
NIO,NIO INC,62914V106,59060000.0,11672,0.00012051646603687166
DDD,3D SYS CORP DEL,88554D205,55622000.0,18418,0.00011350096298514861
MLCO,MELCO RESORTS AND ENTMNT LTD,585464100,54550000.0,10351,0.00011131346465139434
LUCD,LUCID DIAGNOSTICS INC,54948X109,53500000.0,50000,0.00010917085900732534
GTN,GRAY MEDIA INC,389375106,53400000.0,13451,0.00010896680132693782
GRAB,GRAB HOLDINGS LIMITED,G4124C109,52520000.0,13931,0.0001071710937395276
WIT,WIPRO LTD,97651M109,50316000.0,22363,0.00010267366246378657
PLUN,PLUG PWR INC,72919P202,50227000.0,18534,0.00010249205112824168
LODE,COMSTOCK INC,205750409,49920000.0,12000,0.00010186559404945198
XJQCX,NUVEEN CR STRATEGIES INCOME,67073D102,49489000.0,10183,0.00010098610544698174
TTGT,TECHTARGET INC,87874R308,48470000.0,13464,9.890675768383288e-05
AEIS 2.5 09/15/28,ADVANCED ENERGY INDS,007973AE0,46428000.0,17000,9.473989985031964e-05
PRPL,PURPLE INNOVATION INC,74640Y106,46051000.0,128993,9.397060239525867e-05
VSH 2.25 09/15/30,VISHAY INTERTECHNOLOGY INC,928298AR9,45632000.0,23000,9.311560071443495e-05
GGT,GABELLI MULTIMEDIA TR INC,36239Q109,44014000.0,10455,8.98139474457648e-05
N/A,SKYLINE BLDRS GROUP HLDG LTD,G8193D104,37080000.0,12000,7.56645878876939e-05
WEED,CANOPY GROWTH CORPORATION,138035704,36548000.0,38472,7.457900102803227e-05
CHEF 2.375 12/15/28,CHEFS WHSE INC,163086AE1,35730000.0,16000,7.290980920246232e-05
PSEC,PROSPECT CAP CORP,74348T102,34038000.0,14735,6.945715325030541e-05
EVRG 4.5 12/15/27,EVERGY INC,30034WAD8,32715000.0,23000,6.675747013877846e-05
MKSI 1.25 06/01/30,MKS INC.,55306NAB0,29436000.0,10000,6.006641879887156e-05
LYV 3.125 01/15/29,LIVE NATION ENTERTAINMENT IN,538034BA6,28504000.0,16000,5.8164601217659846e-05
TLV,GRUPO TELEVISA S A B,40049J206,28030000.0,10343,5.719736781262297e-05
AKAM 1.125 02/15/29,AKAMAI TECHNOLOGIES INC,00971TAN1,27355000.0,23000,5.581997847000718e-05
AKAM 0.375 09/01/27,AKAMAI TECHNOLOGIES INC,00971TAL5,22768000.0,19000,4.6459852670631466e-05
SID,COMPANHIA SIDERURGICA NACION,20440W105,20509000.0,22414,4.18501896706773e-05
LNTH 2.625 12/15/27,LANTHEUS HLDGS INC,516544AB9,20307000.0,14000,4.14379931562945e-05
PVL,PERMIANVILLE RTY TR,71425H100,18427000.0,10903,3.7601708765009046e-05
PTM,PLATINUM GROUP METALS LTD,72765Q882,15884000.0,11766,3.2412521952754313e-05
BNKK,BONK INC,48208F303,15428000.0,10150,3.14820189301872e-05
REKR,REKOR SYSTEMS INC,759419104,13898000.0,20000,2.8359936420258085e-05
CGTX,COGNITION THERAPEUTICS INC,19243B102,11521000.0,10018,2.350948535744664e-05
TNYA,TENAYA THERAPEUTICS INC,87990A106,8353000.0,11302,1.704493804276988e-05
NXXT,NEXTNRG INC,652941105,7354000.0,21000,1.5006401815698514e-05
MREO,MEREO BIOPHARMA GROUP PLC,589492107,3876000.0,12200,7.90927569182043e-06
ARAY,ACCURAY INC DEL,004397105,2578000.0,10000,5.260607000390369e-06
RQI-R,COHEN & STEERS QUALITY INCOM,19247L122,435000.0,29208,8.876509096857294e-07
SQFTW,PRESIDIO PPTY TR INC,74102L113,159000.0,10943,3.2445171181616313e-07
