ticker,nameOfIssuer,cusip,value,shares,allocation_percent
AAPL,APPLE INC,037833100,2692058000.0,10572429,3.4869237477498682
NVDA,NVIDIA CORPORATION,67066G104,2051512000.0,10995345,2.6572480650839725
IVV,ISHARES TR,464287200,1904845000.0,2846025,2.467275692530621
MSFT,MICROSOFT CORP,594918104,1740575000.0,3360507,2.2545028012916983
QQQ,INVESCO QQQ TR,46090E103,1364233000.0,2272321,1.76704084576337
SPY,SPDR S&P 500 ETF TR,78462F103,1222907000.0,1835700,1.5839864741359764
AMZN,AMAZON COM INC,023135106,1173028000.0,5342389,1.5193800393511332
VEA,VANGUARD TAX-MANAGED FDS,921943858,1045962000.0,17455979,1.3547961214223276
IWF,ISHARES TR,464287614,937340000.0,2001110,1.2141020385578105
VTI,VANGUARD INDEX FDS,922908769,837268000.0,2551323,1.0844824563330495
VOO,VANGUARD INDEX FDS,922908363,831179000.0,1357294,1.0765955985090174
VUG,VANGUARD INDEX FDS,922908736,821004000.0,1711815,1.0634162951160908
BRK/B,BERKSHIRE HATHAWAY INC DEL,084670702,803536000.0,1598314,1.0407906369669369
VTV,VANGUARD INDEX FDS,922908744,612552000.0,3284635,0.7934160837291312
VIG,VANGUARD SPECIALIZED FUNDS,921908844,612413000.0,2838005,0.793236042139783
GOOGL,ALPHABET INC,02079K305,599740000.0,2467049,0.776821171191522
CGGR,CAPITAL GROUP GROWTH ETF,14020G101,558128000.0,12707821,0.7229226775515754
DGRO,ISHARES TR,46434V621,514386000.0,7555609,0.666265273225935
JPM,JPMORGAN CHASE & CO.,46625H100,510198000.0,1617468,0.6608407108073034
CGDV,CAPITAL GROUP DIVIDEND VALUE,14020W106,460553000.0,10957728,0.5965373676189166
GOOG,ALPHABET INC,02079K107,456878000.0,1875908,0.5917772752386704
META,META PLATFORMS INC,30303M102,435906000.0,593570,0.5646130147220655
IJR,ISHARES TR,464287804,409548000.0,3446499,0.5304724664340306
TSLA,TESLA INC,88160R101,394787000.0,887720,0.5113530858558498
IVW,ISHARES TR,464287309,388785000.0,3220554,0.5035789159330641
VWO,VANGUARD INTL EQUITY INDEX F,922042858,387878000.0,7159068,0.502404112180987
BUFR,FIRST TR EXCHNG TRADED FD VI,33740F755,381439000.0,11413499,0.49406391222550267
IWD,ISHARES TR,464287598,378946000.0,1861320,0.4908348209863316
IJH,ISHARES TR,464287507,378249000.0,5796032,0.4899320225131257
AVGO,BROADCOM INC,11135F101,372461000.0,1128979,0.48243503892214207
RDVY,FIRST TR EXCHANGE TRADED FD,33738R506,371183000.0,5518630,0.4807796925107258
COST,COSTCO WHSL CORP NEW,22160K105,349380000.0,377451,0.4525390682477306
IWP,ISHARES TR,464287481,340699000.0,2392379,0.4412948881244878
VO,VANGUARD INDEX FDS,922908629,338795000.0,1153384,0.43882870692938886
VYM,VANGUARD WHITEHALL FDS,921946406,334379000.0,2372325,0.43310882449369714
DFAC,DIMENSIONAL ETF TRUST,25434V708,333050000.0,8634946,0.43138741965741223
GLD,SPDR GOLD TR,78463V107,325910000.0,916842,0.4221392401757911
SCHD,SCHWAB STRATEGIC TR,808524797,325447000.0,11921137,0.4215395332990417
QUAL,ISHARES TR,46432F339,316843000.0,1629012,0.41039508844471834
IEFA,ISHARES TR,46432F842,306964000.0,3515790,0.39759918296867697
MUB,ISHARES TR,464288414,303336000.0,2848492,0.39289996796036863
PLTR,PALANTIR TECHNOLOGIES INC,69608A108,301944000.0,1655215,0.39109696154042234
IWS,ISHARES TR,464287473,289562000.0,2073188,0.37505901219288273
JEPI,J P MORGAN EXCHANGE TRADED F,46641Q332,271572000.0,4756077,0.3517572266362491
JNJ,JOHNSON & JOHNSON,478160104,270038000.0,1456361,0.3497702928372565
LLY,ELI LILLY & CO,532457108,269449000.0,353144,0.3490073827931844
QQQM,INVESCO EXCH TRADED FD TR II,46138G649,268645000.0,1087105,0.34796599115407745
VB,VANGUARD INDEX FDS,922908751,267039000.0,1050178,0.3458857984023291
VONG,VANGUARD SCOTTSDALE FDS,92206C680,261748000.0,2172184,0.3390325606380073
V,VISA INC,92826C839,261705000.0,766608,0.33897686431900037
ABBV,ABBVIE INC,00287Y109,261698000.0,1130248,0.3389677974763713
XLK,SELECT SECTOR SPDR TR,81369Y803,259681000.0,921311,0.33635525153597495
HD,HOME DEPOT INC,437076102,258429000.0,637798,0.3347335819686095
IWY,ISHARES TR,464289438,256933000.0,938911,0.33279586817246026
IAU,ISHARES GOLD TR,464285204,255936000.0,3517051,0.3315044907294384
WMT,WALMART INC,931142103,253634000.0,2461028,0.3285227947677168
XOM,EXXON MOBIL CORP,30231G102,252916000.0,2243159,0.3275927957666238
PG,PROCTER AND GAMBLE CO,742718109,248034000.0,1614276,0.32126932066448455
SPDW,SPDR INDEX SHS FDS,78463X889,244863000.0,5722446,0.3171620409535293
BSV,VANGUARD BD INDEX FDS,921937827,226535000.0,2870800,0.2934224564242362
AGG,ISHARES TR,464287226,222717000.0,2221616,0.2884771414017111
COWZ,PACER FDS TR,69374H881,217162000.0,3778698,0.2812819541439512
FLCG,FEDERATED HERMES ETF TRUST,31423L800,215417000.0,6599782,0.27902171980285473
IVE,ISHARES TR,464287408,211639000.0,1024838,0.2741282153096384
PVAL,PUTNAM ETF TRUST,746729300,208888000.0,4889690,0.2705649461564255
DYNF,BLACKROCK ETF TRUST,09290C103,207960000.0,3512833,0.2693629418764613
RSP,INVESCO EXCHANGE TRADED FD T,46137V357,204757000.0,1079375,0.265214213742059
NFLX,NETFLIX INC,64110L106,203148000.0,169442,0.2631301352006124
FBND,FIDELITY MERRIMACK STR TR,316188309,202209000.0,4373035,0.26191388302508833
USMV,ISHARES TR,46429B697,193736000.0,2036321,0.25093911765425136
VCIT,VANGUARD SCOTTSDALE FDS,92206C870,191118000.0,2272239,0.24754811851099026
ITOT,ISHARES TR,464287150,189922000.0,1303963,0.24599898368465709
IUSG,ISHARES TR,464287671,189245000.0,1150148,0.24512209047610561
CVX,CHEVRON CORP NEW,166764100,189032000.0,1217281,0.2448461994075362
TCAF,T ROWE PRICE ETF INC,87283Q867,188246000.0,4993270,0.24382812250661828
ORCL,ORACLE CORP,68389X105,187962000.0,668335,0.24346026774852578
IBM,INTERNATIONAL BUSINESS MACHS,459200101,187457000.0,664365,0.24280615981600215
CAT,CATERPILLAR INC,149123101,182870000.0,383256,0.2368647873675153
NEE,NEXTERA ENERGY INC,65339F101,182480000.0,2417279,0.23635963470675447
BAC,VERIZON COMMUNICATIONS INC,92343V104,176855000.0,4024014,0.2290737790227042
CGGO,CAPITAL GROUP GBL GROWTH EQT,14020X104,174741000.0,5113876,0.22633559254873403
SPYG,SPDR SERIES TRUST,78464A409,169293000.0,1619878,0.2192789984568752
FDVV,FIDELITY COVINGTON TRUST,316092840,164861000.0,2959267,0.21353839180945994
JEPQ,J P MORGAN EXCHANGE TRADED F,46654Q203,160100000.0,2783385,0.2073716435584798
VGT,VANGUARD WORLD FD,92204A702,159762000.0,213977,0.2069338445858204
FTEC,FIDELITY COVINGTON TRUST,316092808,159661000.0,718643,0.20680302299931566
IEMG,ISHARES INC,46434G103,158447000.0,2403633,0.20523057343479356
SCHG,SCHWAB STRATEGIC TR,808524300,158127000.0,4955408,0.20481608920032315
RTX,RTX CORPORATION,75513E101,156587000.0,935798,0.20282138382193426
IGSB,ISHARES TR,464288646,154946000.0,2921859,0.20069585685704067
MOAT,VANECK ETF TRUST,92189F643,153893000.0,1552751,0.19933194467298643
FV,FIRST TR EXCHANGE TRADED FD,33738R605,153445000.0,2478115,0.19875166674472788
IWO,ISHARES TR,464287648,153347000.0,479151,0.19862473094792132
MCD,MCDONALDS CORP,580135101,153052000.0,503642,0.19824262829426892
FBCG,FIDELITY COVINGTON TRUST,316092352,152364000.0,2839435,0.1973514871901575
DFAX,DIMENSIONAL ETF TRUST,25434V880,151171000.0,4817439,0.1958062381535225
BAC,BANK AMERICA CORP,060505104,149452000.0,2896909,0.1935796806564767
IWN,ISHARES TR,464287630,146777000.0,830140,0.19011485150895058
IUSB,ISHARES TR,46434V613,145314000.0,3110980,0.18821988139948115
FENI,FIDELITY COVINGTON TRUST,31609A404,144986000.0,4109577,0.18779503505914896
CGUS,CAPITAL GROUP CORE EQUITY ET,14020V108,144687000.0,3659263,0.18740775135256568
OEF,ISHARES TR,464287101,140559000.0,422301,0.18206090472789732
CCL,CARNIVAL CORP,143658300,140370000.0,4855407,0.18181609997691323
IYW,ISHARES TR,464287721,139034000.0,709865,0.18008562829799926
TLT,ISHARES TR,464287432,138252000.0,1546963,0.17907273245001215
IWM,ISHARES TR,464287655,138240000.0,571332,0.17905718929121953
SDY,SPDR SERIES TRUST,78464A763,135392000.0,966738,0.17536827960443283
MA,MASTERCARD INCORPORATED,57636Q104,132638000.0,233185,0.1718011246615218
SHYG,ISHARES TR,46434V407,131144000.0,3028732,0.16986600139183805
PRF,INVESCO EXCHANGE TRADED FD T,46137V613,129474000.0,2863825,0.16770291179319557
SDVY,FIRST TR EXCHANGE-TRADED FD,33741X102,128674000.0,3384431,0.16666670120701954
EFV,ISHARES TR,464288877,128317000.0,1891740,0.16620429223293848
FELG,FIDELITY COVINGTON TRUST,31609A305,127882000.0,3109974,0.16564085272670526
IUSV,ISHARES TR,464287663,127629000.0,1276928,0.16531315112882708
ONEQ,FIDELITY COMWLTH TR,315912808,125239000.0,1405129,0.16221747200262618
BND,VANGUARD BD INDEX FDS,921937835,124069000.0,1668262,0.16070201402034373
VONV,VANGUARD SCOTTSDALE FDS,92206C714,123408000.0,1380862,0.15984584502351576
VBR,VANGUARD INDEX FDS,922908611,123011000.0,589386,0.1593316255201259
CSCO,CISCO SYS INC,17275R102,122987000.0,1797535,0.15930053920254061
VV,VANGUARD INDEX FDS,922908637,122919000.0,399268,0.15921246130271566
JGRO,J P MORGAN EXCHANGE TRADED F,46654Q609,121269000.0,1293536,0.15707527696872758
GE,GE AEROSPACE,369604301,121060000.0,402433,0.1568045669530891
AVUS,AMERICAN CENTY ETF TR,025072885,119115000.0,1095810,0.1542852799654486
IXUS,ISHARES TR,46432F834,118693000.0,1437310,0.15373867888124074
VEU,VANGUARD INTL EQUITY INDEX F,922042775,115848000.0,1623206,0.15005365498415218
JHMM,JOHN HANCOCK EXCHANGE TRADED,47804J206,115406000.0,1783978,0.14948114863528994
MRK,MERCK & CO INC,58933Y105,115054000.0,1370829,0.14902521597737248
DON,SPDR DOW JONES INDL AVERAGE,78467X109,113918000.0,245650,0.1475537969450025
FSMD,FIDELITY COVINGTON TRUST,316092527,113173000.0,2571529,0.14658882583662608
SPLG,SPDR SERIES TRUST,78464A854,112755000.0,1439300,0.14604740580534908
TSM,TAIWAN SEMICONDUCTOR MFG LTD,874039100,112585000.0,403110,0.14582721105578667
JIRE,J P MORGAN EXCHANGE TRADED F,46641Q134,112121000.0,1524632,0.14522620891580457
FVD,FIRST TR EXCHANGE-TRADED FD,33734H106,112006000.0,2422271,0.14507725364404175
LMT,LOCKHEED MARTIN CORP,539830109,111983000.0,224321,0.1450474625896892
BX,BLACKSTONE INC,09260D107,111025000.0,649841,0.1438066004127434
RECS,COLUMBIA ETF TR I,19761L706,110899000.0,2748419,0.1436433972454207
PANW,PALO ALTO NETWORKS INC,697435105,110351000.0,541945,0.1429335929938901
AMD,ADVANCED MICRO DEVICES INC,007903107,106389000.0,657578,0.13780176006585326
FELC,FIDELITY COVINGTON TRUST,316092113,105876000.0,2840778,0.13713729002746786
PEP,PEPSICO INC,713448108,105818000.0,753476,0.1370621647599701
ABT,ABBOTT LABS,002824100,105800000.0,789908,0.13703885002178115
AMGN,AMGEN INC,031162100,105579000.0,374128,0.13675259684735003
FTCS,FIRST TR EXCHANGE-TRADED FD,33733E104,104994000.0,1121253,0.1359948678562088
VOT,VANGUARD INDEX FDS,922908538,104977000.0,357320,0.13597284838125256
PULS,PGIM ETF TR,69344A107,103364000.0,2074342,0.1338835887868751
XMHQ,INVESCO EXCHANGE TRADED FD T,46137V472,101505000.0,967085,0.13147569443724855
AXP,AMERICAN EXPRESS CO,025816109,101419000.0,305333,0.1313643017992346
KO,COCA COLA CO,191216100,100393000.0,1513769,0.13003536172246383
IWR,ISHARES TR,464287499,100071000.0,1036468,0.129618286961528
AVUV,AMERICAN CENTY ETF TR,025072877,99021000.0,994882,0.12825826056717193
T,AT&T INC,00206R102,98891000.0,3501819,0.12808987634691832
JPST,J P MORGAN EXCHANGE TRADED F,46641Q837,98499000.0,1941637,0.12758213315969205
LOW,LOWES COS INC,548661107,98365000.0,391409,0.1274085678865076
EFA,ISHARES TR,464287465,98127000.0,1050949,0.12710029523712021
PFE,PFIZER INC,717081103,96913000.0,3803506,0.12552784567259806
DGRW,WISDOMTREE TR,97717X669,96832000.0,1088486,0.12542292935074775
SPLV,INVESCO EXCH TRADED FD TR II,46138E354,96192000.0,1309088,0.12459396088180692
IAGG,ISHARES TR,46435G672,95655000.0,1867173,0.12389840452583624
UNH,UNITEDHEALTH GROUP INC,91324P102,94710000.0,274284,0.1226743807709158
MO,ALTRIA GROUP INC,02209S103,94653000.0,1432828,0.12260055076665076
SO,SOUTHERN CO,842587107,93361000.0,985133,0.12092707066997646
GS,GOLDMAN SACHS GROUP INC,38141G104,92709000.0,116417,0.12008255904224299
MTUM,ISHARES TR,46432F396,92420000.0,360382,0.1197082279679869
DFUS,DIMENSIONAL ETF TRUST,25434V401,92246000.0,1273415,0.1194828521654936
QCOM,QUALCOMM INC,747525103,91017000.0,547110,0.11789097365248068
MGK,VANGUARD WORLD FD,921910816,90568000.0,225058,0.11730940046098937
BRK/A,BERKSHIRE HATHAWAY INC DEL,084670108,90504000.0,120,0.11722650361409528
DVY,ISHARES TR,464287168,90480000.0,636733,0.11719541729651
BIV,VANGUARD BD INDEX FDS,921937819,88960000.0,1139200,0.11522661718277552
SPYV,SPDR SERIES TRUST,78464A508,87155000.0,1575189,0.11288866704771583
SPHQ,INVESCO EXCHANGE TRADED FD T,46137V241,86323000.0,1177834,0.11181100803809277
XLF,SELECT SECTOR SPDR TR,81369Y605,86243000.0,1600953,0.11170738697947516
SLV,ISHARES SILVER TR,46428Q109,85732000.0,2023406,0.11104550746755522
XLU,SELECT SECTOR SPDR TR,81369Y886,85718000.0,982892,0.11102737378229713
RWL,INVESCO EXCH TRADED FD TR II,46138G698,84497000.0,763574,0.10944585737514595
ETN,EATON CORP PLC,G29183103,84138000.0,224817,0.10898085787459945
XLE,SELECT SECTOR SPDR TR,81369Y506,83842000.0,938460,0.1085974599577143
DIS,DISNEY WALT CO,254687106,83608000.0,730204,0.10829436836125783
CIBR,FIRST TR EXCHANGE TRADED FD,33734X846,83474000.0,1098197,0.10812080308807334
JQUA,J P MORGAN EXCHANGE TRADED F,46641Q761,83064000.0,1320356,0.10758974516265811
PM,PHILIP MORRIS INTL INC,718172109,83028000.0,511885,0.1075431156862802
CGXU,CAPITAL GROUP INTL FOCUS EQT,14019W109,82819000.0,2796039,0.10727240567064171
SMH,VANECK ETF TRUST,92189F676,82699000.0,253397,0.1071169740827153
ITA*,ISHARES TR,464288760,81540000.0,389656,0.10561576399599276
BA,BOEING CO,097023105,81268000.0,376538,0.10526345239669291
GEV,GE VERNOVA INC,36828A101,81037000.0,131789,0.10496424658993457
UBER,UBER TECHNOLOGIES INC,90353T100,80433000.0,820995,0.10418190759737167
NOBL,PROSHARES TR,74348A467,80153000.0,777652,0.10381923389221005
HDV,ISHARES TR,46429B663,79995000.0,653287,0.1036145823014403
CRWD,CROWDSTRIKE HLDGS INC,22788C105,79740000.0,162608,0.10328429017709669
AVLV,AMERICAN CENTY ETF TR,025072349,79598000.0,1101552,0.10310036279805043
BINC,BLACKROCK ETF TRUST II,092528603,79206000.0,1487719,0.10259261961082418
PYLD,PIMCO ETF TR,72201R585,79045000.0,2945044,0.10238408223035625
GSIE,GOLDMAN SACHS ETF TR,381430107,78791000.0,1916600,0.10205508536924536
GDX,VANECK ETF TRUST,92189F106,78437000.0,1026657,0.10159656218486246
VOE,VANGUARD INDEX FDS,922908512,77538000.0,444139,0.10043212053864714
ANET,ARISTA NETWORKS INC,040413205,77416000.0,531304,0.10027409842425529
CGMS,CAPITAL GRP FIXED INCM ETF T,14020Y300,76552000.0,2758629,0.09915499099118516
SOXX,ISHARES TR,464287523,75939000.0,280094,0.09836099462952777
DE,DEERE & CO,244199105,75133000.0,164310,0.09731701246395542
MDT,MEDTRONIC PLC,G5960L103,74587000.0,783148,0.09660979873889027
IWB,ISHARES TR,464287622,74451000.0,203708,0.09643364293924035
SGOV,ISHARES TR,46436E718,73349000.0,728389,0.09500626285678285
DUK,DUKE ENERGY CORP NEW,26441C204,71823000.0,580390,0.09302969116365206
CGBL,CAPITAL GROUP CORE BALANCED,14021D107,71584000.0,2061754,0.09272012325103196
ESGD,ISHARES TR,46435G516,71191000.0,765658,0.09221108480057298
CRM,SALESFORCE INC,79466L302,70977000.0,299480,0.09193389846877088
DWD,MORGAN STANLEY,617446448,70391000.0,442825,0.09117487421439695
XLV,SELECT SECTOR SPDR TR,81369Y209,69638000.0,500384,0.09019954100015874
JAVA,J P MORGAN EXCHANGE TRADED F,46641Q167,69431000.0,1006824,0.08993142151098571
CGCP,CAPITAL GRP FIXED INCM ETF T,14020Y102,68309000.0,3006578,0.0884781361638738
VXUS,VANGUARD STAR FDS,921909768,67721000.0,921878,0.08771652138303442
VCSH,VANGUARD SCOTTSDALE FDS,92206C409,67409000.0,843355,0.08731239925442576
MINT,PIMCO ETF TR,72201R833,67263000.0,668019,0.08712329082244863
VBK,VANGUARD INDEX FDS,922908595,67036000.0,225241,0.08682926606862118
HON,HONEYWELL INTL INC,438516106,66832000.0,317491,0.08656503236914628
IJT,ISHARES TR,464287887,66779000.0,471938,0.08649638341781213
MSTR,STRATEGY INC,594972408,66420000.0,206140,0.08603138391726563
EMR,EMERSON ELEC CO,291011104,66126000.0,504084,0.08565057652684595
VNQ,VANGUARD INDEX FDS,922908553,65474000.0,716191,0.08480606489911247
PTLC,PACER FDS TR,69374H105,65235000.0,1191291,0.08449649698649238
SFLR,INNOVATOR ETFS TRUST,45783Y673,65175000.0,1808922,0.08441878119252917
ADI,ANALOG DEVICES INC,032654105,65174000.0,265258,0.08441748592929646
AMAT,APPLIED MATLS INC,038222105,65142000.0,318170,0.0843760375058494
SUB,ISHARES TR,464288158,65105000.0,609714,0.08432811276623876
FFLG,FIDELITY COVINGTON TRUST,316092337,65086000.0,2207812,0.08430350276481709
PJUN,INNOVATOR ETFS TRUST,45782C748,64925000.0,1577772,0.08409496538434916
CGMU,CAPITAL GRP FIXED INCM ETF T,14020Y201,64448000.0,2361585,0.0834771248223417
NCLH,NORWEGIAN CRUISE LINE HLDG L,G66721104,64436000.0,2616170,0.08346158166354906
CGDG,CAPITAL GROUP DIVIDEND GROWE,14021L109,64426000.0,1859335,0.08344862903122185
MBB,ISHARES TR,464288588,63566000.0,668057,0.08233470265108261
FFLC,FIDELITY COVINGTON TRUST,316092360,63094000.0,1212418,0.08172333840523874
XLP,SELECT SECTOR SPDR TR,81369Y308,62970000.0,803500,0.08156272576438146
AVEM,AMERICAN CENTY ETF TR,025072604,62100000.0,826781,0.08043584675191502
VT,VANGUARD INTL EQUITY INDEX F,922042742,62071000.0,450445,0.08039828411816614
IJK,ISHARES TR,464287606,61989000.0,646460,0.0802920725330831
IGM,ISHARES TR,464287549,61718000.0,490020,0.07994105619701596
FSK,FS KKR CAP CORP,302635206,61071000.0,4090515,0.07910302088544609
XLI,SELECT SECTOR SPDR TR,81369Y704,60911000.0,394937,0.07889577876821088
GSLC,GOLDMAN SACHS ETF TR,381430503,60766000.0,466424,0.07870796559946647
IEF,ISHARES TR,464287440,60728000.0,629570,0.07865874559662311
FELV,FIDELITY COVINGTON TRUST,31609A107,60506000.0,1804538,0.07837119715895927
VXF,VANGUARD INDEX FDS,922908652,59813000.0,285721,0.07747357973868427
WM,WASTE MGMT INC DEL,94106L109,59649000.0,270113,0.07726115656851819
DFAI,DIMENSIONAL ETF TRUST,25434V203,59353000.0,1632806,0.07687775865163306
WPC,WP CAREY INC,92936U109,58947000.0,872381,0.07635188177914871
JBND,J P MORGAN EXCHANGE TRADED F,46654Q716,58831000.0,1086246,0.07620163124415319
NULG,NUSHARES ETF TR,67092P201,58546000.0,588702,0.07583248122282796
FESM,FIDELITY COVINGTON TRUST,31609A206,58523000.0,1600728,0.0758026901684754
ESGU,ISHARES TR,46435G425,58308000.0,400467,0.0755242085734406
IJS,ISHARES TR,464287879,58259000.0,526799,0.07546074067503732
NOW,SERVICENOW INC,81762P102,58026000.0,63053,0.07515894434181354
ASML,ASML HOLDING N V,N07059210,57976000.0,59887,0.07509418118017754
SHOP,SHOPIFY INC,82509L107,57956000.0,389985,0.07506827591552315
DBEF,DBX ETF TR,233051200,57955000.0,1248486,0.07506698065229042
VIGI,VANGUARD WHITEHALL FDS,921946810,57805000.0,645366,0.07487269116738242
FSCO,FS CREDIT OPPORTUNITIES CORP,30290Y101,57763000.0,8359357,0.07481829011160818
SYK,STRYKER CORPORATION,863667101,57137000.0,154563,0.07400745532792542
BKDV,BNY MELLON ETF TRUST II,05613H100,57098000.0,2053872,0.07395694006184934
LRCX,LAM RESEARCH CORP,512807306,57054000.0,426094,0.07389994847960965
BAI,BLACKROCK ETF TRUST,09290C780,56089000.0,1641956,0.07265001946003481
ADP,AUTOMATIC DATA PROCESSING IN,053015103,55846000.0,190274,0.07233527049448384
UPS,UNITED PARCEL SERVICE INC,911312106,55703000.0,666858,0.07215004785220487
VHT,VANGUARD WORLD FD,92204A504,55664000.0,214422,0.07209953258612879
MU,MICRON TECHNOLOGY INC,595112103,55460000.0,331463,0.0718352988866539
WFC,WELLS FARGO CO NEW,949746101,55347000.0,660311,0.07168893414135653
JULW,AIM ETF PRODUCTS TRUST,00888H406,54928000.0,1430220,0.07114621884684683
PAVE,GLOBAL X FDS,37954Y673,54570000.0,1145707,0.07068251460953305
DFAU,DIMENSIONAL ETF TRUST,25434V104,54507000.0,1191146,0.0706009130258717
JCPB,J P MORGAN EXCHANGE TRADED F,46641Q670,53892000.0,1133377,0.06980432613774887
DLN,WISDOMTREE TR,97717W307,53599000.0,615872,0.06942481401056189
GD,GENERAL DYNAMICS CORP,369550108,53526000.0,156967,0.06933025979457332
SHV,ISHARES TR,464288679,53411000.0,483397,0.06918130452281052
GLW,CORNING INC,219350105,53166000.0,648123,0.0688639650307941
DFCF,DIMENSIONAL ETF TRUST,25434V872,53001000.0,1239496,0.0686502465973953
CGSD,CAPITAL GRP FIXED INCM ETF T,14020Y409,52517000.0,2021436,0.0680233391927588
MDY,SPDR S&P MIDCAP 400 ETF TR,78467Y107,52503000.0,88088,0.06800520550750072
DFSD,DIMENSIONAL ETF TRUST,25434V864,52420000.0,1087780,0.06789769865918495
JAAA,JANUS DETROIT STR TR,47103U845,51928000.0,1022612,0.06726042914868668
URI,UNITED RENTALS INC,911363109,51792000.0,54252,0.06708427334903676
TMUS,T-MOBILE US INC,872590104,51629000.0,215676,0.06687314544210339
IMCG,ISHARES TR,464288307,51607000.0,623801,0.06684464965098355
TJX,TJX COS INC NEW,872540109,51564000.0,356745,0.0667889533319766
MGC,VANGUARD WORLD FD,921910873,51381000.0,210501,0.06655192016038881
OKE,ONEOK INC NEW,682680103,51264000.0,702530,0.06640037436216058
LMBS,FIRST TR EXCHANGE-TRADED FD,33739Q200,50989000.0,1024084,0.06604417697316256
EFG,ISHARES TR,464288885,50700000.0,445203,0.06566984589890647
FMDE,FIDELITY COVINGTON TRUST,31609A503,50472000.0,1396195,0.0653745258818463
RDVI,FIRST TR EXCHANGE-TRADED FD,33738D879,50145000.0,1939836,0.06495097480474685
CEG,CONSTELLATION ENERGY CORP,21037T109,50143000.0,152377,0.0649483842782814
FNDX,SCHWAB STRATEGIC TR,808524771,49930000.0,1898469,0.06467249320971202
MMM,3M CO,88579Y101,49896000.0,321537,0.06462845425979954
CVIE,MORGAN STANLEY ETF TRUST,61774R106,49765000.0,729363,0.06445877477631322
ADBE,ADOBE INC,00724F101,49383000.0,139995,0.06396398422141417
BLK,BLACKROCK INC,09290D101,48900000.0,41943,0.06333837208001038
PSEP,INNOVATOR ETFS TRUST,45782C656,48520000.0,1129685,0.06284617205157676
BMY,BRISTOL-MYERS SQUIBB CO,110122108,48444000.0,1074144,0.06274773204589004
USFR,WISDOMTREE TR,97717Y527,48333000.0,961477,0.06260395782705812
FDLO,FIDELITY COVINGTON TRUST,316092824,48286000.0,733056,0.06254308045512028
MGV,VANGUARD WORLD FD,921910840,47818000.0,347161,0.06193689726220729
TLH,ISHARES TR,464288653,47515000.0,461351,0.061544432502693106
XMMO,INVESCO EXCHANGE TRADED FD T,46137V464,47513000.0,351353,0.061541841976227675
VTEB,VANGUARD MUN BD FDS,922907746,47493000.0,948524,0.061515936711573266
XLY,SELECT SECTOR SPDR TR,81369Y407,47415000.0,197857,0.06141490617942111
BIL,SPDR SERIES TRUST,78468R663,47212000.0,514574,0.061151967743178944
THRO,BLACKROCK ETF TRUST,09290C806,47191000.0,1246470,0.061124767215291816
EMXC,ISHARES INC,46434G764,47003000.0,696243,0.060881257727540446
DFIC,DIMENSIONAL ETF TRUST,25434V799,46714000.0,1424646,0.06050692665328435
SCHX,SCHWAB STRATEGIC TR,808524201,46581000.0,1768452,0.06033465664333258
AXON,AXON ENTERPRISE INC,05464C101,46452000.0,64729,0.06016756768631169
VDC,VANGUARD WORLD FD,92204A207,46417000.0,217174,0.0601222334731665
ENB,ENBRIDGE INC,29250N105,46300000.0,917559,0.05997068767493825
LVHI,LEGG MASON ETF INVT,52468L505,46201000.0,1329535,0.05984245661489896
AVNM,AMERICAN CENTY ETF TR,025072174,46193000.0,654291,0.05983209450903721
HYD,VANECK ETF TRUST,92189H409,46023000.0,904176,0.0596118997594748
AVDE,AMERICAN CENTY ETF TR,025072703,45918000.0,581980,0.059475897120039194
PHYS/U,SPROTT ASSET MANAGEMENT LP,85207H104,45914000.0,1550102,0.05947071606710831
IBDQ,ISHARES TR,46434VBD1,45871000.0,1820985,0.05941501974810135
DFAS,DIMENSIONAL ETF TRUST,25434V500,45803000.0,669047,0.05932694184827639
IDEV,ISHARES TR,46435G326,45673000.0,569697,0.05915855762802278
SCHF,SCHWAB STRATEGIC TR,808524805,45668000.0,1961668,0.05915208131185918
PDP,INVESCO EXCHANGE TRADED FD T,46137V837,45621000.0,386437,0.05909120393992134
NOC,NORTHROP GRUMMAN CORP,666807102,45588000.0,74819,0.05904846025324157
CVLC,MORGAN STANLEY ETF TRUST,61774R205,45235000.0,552527,0.0585912323320914
ITW,ILLINOIS TOOL WKS INC,452308109,44690000.0,171384,0.05788531387025897
TMO,THERMO FISHER SCIENTIFIC INC,883556102,44440000.0,91625,0.05756149806207896
PFF,ISHARES TR,464288687,44406000.0,1404358,0.05751745911216648
FIVA,FIDELITY COVINGTON TRUST,316092717,43908000.0,1403723,0.056872418022271894
LIN,LINDE PLC,G54950103,43789000.0,92188,0.05671828169757821
UNP,UNION PAC CORP,907818108,43748000.0,185081,0.05666517590503669
IQLT,ISHARES TR,46434V456,43605000.0,986766,0.05647995326275772
OCTW,AIM ETF PRODUCTS TRUST,00888H505,43433000.0,1133127,0.056257167986729875
XLC,SELECT SECTOR SPDR TR,81369Y852,43126000.0,364333,0.05585952217428482
COF,CAPITAL ONE FINL CORP,14040H105,43007000.0,202308,0.05570538584959114
AIRR,FIRST TR EXCHANGE TRADED FD,33738R704,42809000.0,442786,0.055448923729512566
SHW,SHERWIN WILLIAMS CO,824348106,42354000.0,122318,0.054859578958624935
BNDX,VANGUARD CHARLOTTE FDS,92203J407,41613000.0,841339,0.05389978890317939
SPSM,SPDR SERIES TRUST,78468R853,41432000.0,894465,0.05366534625805705
IBIT,ISHARES BITCOIN TRUST ETF,46438F101,41292000.0,635265,0.053484009405476256
JPEF,J P MORGAN EXCHANGE TRADED F,46654Q781,40958000.0,552813,0.05305139148574776
HELO,J P MORGAN EXCHANGE TRADED F,46654Q724,40950000.0,630000,0.053041029379885994
VSS,VANGUARD INTL EQUITY INDEX F,922042718,40857000.0,286618,0.05292056989924303
TBIL,RBB FD INC,74933W452,40805000.0,816101,0.052853216211141585
PFEB,INNOVATOR ETFS TRUST,45782C417,40772000.0,1027261,0.05281047252446182
BILS,SPDR SERIES TRUST,78468R523,40645000.0,408412,0.052645974093906374
BOND,PIMCO ETF TR,72201R775,40469000.0,433517,0.05241800776494764
FDL,FIRST TR EXCHANGE-TRADED FD,336917109,40454000.0,931902,0.05239857881645685
FDN,FIRST TR EXCHANGE-TRADED FD,33733E302,40256000.0,143854,0.05214211669637828
VRT,VERTIV HOLDINGS CO,92537N108,39895000.0,264448,0.051674526669366345
FTSM,FIRST TR EXCHANGE-TRADED FD,33739Q408,39338000.0,656617,0.050953065048741274
AHR,AMERICAN HEALTHCARE REIT INC,398182303,39249000.0,934276,0.050837786621029196
TDIV,FIRST TR EXCHANGE TRADED FD,33738R118,39133000.0,396924,0.050687536086033665
VGK,VANGUARD INTL EQUITY INDEX F,922042874,38621000.0,483968,0.050024361310881
WINN,HARBOR ETF TRUST,41151J406,38618000.0,1239330,0.050020475521182835
GBIL,GOLDMAN SACHS ETF TR,381430529,38451000.0,383623,0.04980416656131859
VYMI,VANGUARD WHITEHALL FDS,921946794,38395000.0,453415,0.04973163182028626
SPMO,INVESCO EXCH TRADED FD TR II,46138E339,38181000.0,315389,0.049454445488484176
PNC,PNC FINL SVCS GROUP INC,693475105,37894000.0,188594,0.04908270494069353
KLAC,KLA CORP,482480100,37830000.0,35074,0.048999808093799446
ILCG,ISHARES TR,464287119,37808000.0,362490,0.0489713123026796
O,REALTY INCOME CORP,756109104,37790000.0,621649,0.048947997564490635
MCK,MCKESSON CORP,58155Q103,37761000.0,48879,0.04891043493074176
IWV,ISHARES TR,464287689,37749000.0,99618,0.04889489177194911
SBUX,STARBUCKS CORP,855244109,37584000.0,444256,0.04868117333855031
NSC,NORFOLK SOUTHN CORP,655844108,37437000.0,124619,0.04849076964334046
TXN,TEXAS INSTRS INC,882508104,37361000.0,203347,0.04839232963765374
C,CITIGROUP INC,172967424,37281000.0,367296,0.04828870857903614
CALF,PACER FDS TR,69374H857,37267000.0,851233,0.048270574893778055
JHML,JOHN HANCOCK EXCHANGE TRADED,47804J107,36905000.0,470912,0.04780168960353339
PWR,QUANTA SVCS INC,74762E102,36861000.0,88947,0.04774469802129372
ED,CONSOLIDATED EDISON INC,209115104,36806000.0,366155,0.04767345854349411
TCHP,T ROWE PRICE ETF INC,87283Q107,36684000.0,750484,0.04751543642910226
FTHI,FIRST TR EXCHANGE TRADED FD,33738R308,36645000.0,1545547,0.04746492116302618
EPD,ENTERPRISE PRODS PARTNERS L,293792107,36357000.0,1162679,0.04709188535200281
IGRO,ISHARES TR,46435G524,36354000.0,456302,0.047087999562304646
CSX,CSX CORP,126408103,36077000.0,1015966,0.0467292116468412
D,DOMINION ENERGY INC,25746U109,35702000.0,583649,0.04624348793457118
ARKK,ARK ETF TR,00214Q104,35665000.0,413265,0.046195563194960536
XAR,SPDR SERIES TRUST,78464A631,35613000.0,151571,0.04612820950685909
IEI,ISHARES TR,464288661,35612000.0,297980,0.046126914243626374
TROW,PRICE T ROWE GROUP INC,74144T108,35218000.0,343125,0.04561658052993467
HOOD,ROBINHOOD MKTS INC,770700102,35211000.0,245920,0.04560751368730563
NKE,NIKE INC,654106103,35207000.0,504901,0.045602332634374756
CI,THE CIGNA GROUP,125523100,35182000.0,122055,0.04556995105355675
PSX,PHILLIPS 66,718546104,34799000.0,255839,0.045073865235424976
INTC,INTEL CORP,458140100,34716000.0,1034766,0.04496635838710921
CVS,CVS HEALTH CORP,126650100,34570000.0,458552,0.04477724995513208
COP,CONOCOPHILLIPS,20825C104,34435000.0,364048,0.044602389418714875
HWM,HOWMET AEROSPACE INC,443201108,34394000.0,175273,0.04454928362617336
GILD,GILEAD SCIENCES INC,375558103,34365000.0,309596,0.044511720992424474
FNCL,FIDELITY COVINGTON TRUST,316092501,34246000.0,448595,0.044357584667730786
MRVL,MARVELL TECHNOLOGY INC,573874104,34200000.0,406805,0.04429800255902566
VPU,VANGUARD WORLD FD,92204A876,34152000.0,180307,0.0442358299238551
ACN,ACCENTURE PLC IRELAND,G1151C101,34085000.0,138219,0.044149047287262856
IJJ,ISHARES TR,464287705,34045000.0,262453,0.04409723675795406
NULV,NUSHARES ETF TR,67092P300,33659000.0,767986,0.04359726515012412
USB,US BANCORP DEL,902973304,33614000.0,695515,0.04353897830465172
PJUL,INNOVATOR ETFS TRUST,45782C813,33519000.0,735060,0.04341592829754331
BALT,INNOVATOR ETFS TRUST,45783Y855,33414000.0,1018085,0.043279925658107704
NUE,NUCOR CORP,670346105,33409000.0,246691,0.043273449341944104
FIDU,FIDELITY COVINGTON TRUST,316092709,33181000.0,404939,0.042978129324883936
PWV,INVESCO EXCHANGE TRADED FD T,46137V738,33148000.0,508334,0.04293538563820417
FENY,FIDELITY COVINGTON TRUST,316092402,32761000.0,1325295,0.04243411876714152
AMLP,ALPS ETF TR,00162Q452,32751000.0,697860,0.042421166134814316
PAYX,PAYCHEX INC,704326107,32730000.0,258205,0.04239396560692719
TT,TRANE TECHNOLOGIES PLC,G8994E103,32636000.0,77343,0.0422722108630515
TFLO,ISHARES TR,46434V860,32585000.0,644102,0.042206152438182785
ISRG,INTUITIVE SURGICAL INC,46120E602,32474000.0,72612,0.04206237821935086
AEP,AMERICAN ELEC PWR CO INC,025537101,32348000.0,287540,0.041899175052028136
ET,ENERGY TRANSFER L P,29273V100,32016000.0,1865708,0.041469147658765075
AFL,AFLAC INC,001055102,31986000.0,286353,0.04143028976178347
APRW,AIM ETF PRODUCTS TRUST,00888H208,31946000.0,933275,0.041378479232474674
DON,WISDOMTREE TR,97717W505,31857000.0,609114,0.04126320080476259
IBDS,ISHARES TR,46435UAA9,31818000.0,1307228,0.04121268553868651
PAAA,PGIM ETF TR,69344A834,31588000.0,613351,0.0409147749951609
IDV,ISHARES TR,464288448,31555000.0,863327,0.04087203130848113
DFUV,DIMENSIONAL ETF TRUST,25434V724,31442000.0,703555,0.040725666563183764
VFLO,VICTORY PORTFOLIOS II,92647X830,31296000.0,834549,0.04053655813120664
ROK,ROCKWELL AUTOMATION INC,773903109,31289000.0,89519,0.040527491288577605
SCHW,SCHWAB CHARLES CORP,808513105,31265000.0,327487,0.04049640497099232
AUSF,GLOBAL X FDS,37954Y574,31260000.0,672108,0.04048992865482872
FLRG,FIDELITY COVINGTON TRUST,316092378,30989000.0,805968,0.040138912318761585
FTC,FIRST TR EXCHANGE-TRADED ALP,33735K108,30949000.0,192639,0.04008710178945278
IYF,ISHARES TR,464287788,30882000.0,243854,0.04000031915286054
BOTZ,GLOBAL X FDS,37954Y715,30807000.0,869506,0.039903174410406535
VOOG,VANGUARD ADMIRAL FDS INC,921932505,30776000.0,70674,0.03986302125019222
PH,PARKER-HANNIFIN CORP,701094104,30698000.0,40490,0.039761990718040055
APD,AIR PRODS & CHEMS INC,009158106,30667000.0,112450,0.03972183755782573
AIQ,GLOBAL X FDS,37954Y632,30617000.0,619897,0.03965707439618973
FTGS,FIRST TR EXCHANGE-TRADED FD,33733E823,30532000.0,850249,0.039546977021408525
NEM,NEWMONT CORP,651639106,30509000.0,361870,0.039517185967055966
FIW,FIRST TR EXCHANGE-TRADED FD,33733B100,30401000.0,270591,0.0393772975379222
GRID,FIRST TR EXCHANGE TRADED FD,33737A108,30368000.0,201006,0.03933455385124243
DEM,WISDOMTREE TR,97717W315,30315000.0,659162,0.03926590489990828
CMCSA,COMCAST CORP NEW,20030N101,30207000.0,961404,0.03912601647077451
KMB,KIMBERLY-CLARK CORP,494368103,30184000.0,242754,0.039096225416421944
FNDF,SCHWAB STRATEGIC TR,808524755,29865000.0,695176,0.038683036445184255
COWG,PACER FDS TR,69374H360,29789000.0,820645,0.03858459643949753
TFC,TRUIST FINL CORP,89832Q109,29778000.0,651322,0.03857034854393761
FHLC,FIDELITY COVINGTON TRUST,316092600,29673000.0,443742,0.038434345904502
QGRO,AMERICAN CENTY ETF TR,025072307,29512000.0,257968,0.03822580852403407
FIXD,FIRST TR EXCHNG TRADED FD VI,33740F805,29259000.0,658688,0.0378981069261559
TILT,FLEXSHARES TR,33939L100,29243000.0,120694,0.03787738271443238
DFNM,DIMENSIONAL ETF TRUST,25434V849,29193000.0,608447,0.03781261955279638
EMLP,FIRST TR EXCHANGE-TRADED FD,33738D101,29086000.0,759630,0.037674026386895335
SHM,SPDR SERIES TRUST,78468R739,29084000.0,603143,0.03767143586042989
FDX,FEDEX CORP,31428X106,29073000.0,123288,0.03765718796486997
FDEM,FIDELITY COVINGTON TRUST,316092543,28759000.0,956075,0.03725047530979588
PPA,INVESCO EXCHANGE TRADED FD T,46137V100,28758000.0,185002,0.037249180046563156
VLO,VALERO ENERGY CORP,91913Y100,28732000.0,168756,0.037215503202512434
SHY,ISHARES TR,464287457,28643000.0,345259,0.03710022477480035
DDOG,DATADOG INC,23804L103,28619000.0,200978,0.03706913845721507
FAST,FASTENAL CO,311900104,28457000.0,580277,0.036859305813514424
POCT,INNOVATOR ETFS TRUST,45782C797,28413000.0,659239,0.03680231423127474
IXN,ISHARES TR,464287291,28195000.0,273176,0.03651994684654177
EAGG,ISHARES TR,46435U549,28125000.0,585563,0.03642927842025137
EEM,ISHARES TR,464287234,28019000.0,524700,0.03629198051758304
SHYM,BLACKROCK ETF TRUST II,092528108,27852000.0,1246754,0.03607567155771879
MPC,MARATHON PETE CORP,56585A102,27485000.0,142604,0.035600309951310534
BKNG,BOOKING HOLDINGS INC,09857L108,27450000.0,5084,0.03555497573816534
EFAV,ISHARES TR,46429B689,27442000.0,323498,0.03554461363230357
IYH,ISHARES TR,464287762,27288000.0,464719,0.03534514309446469
IBDR,ISHARES TR,46435GAA0,27286000.0,1122867,0.035342552567999244
TIP,ISHARES TR,464287176,27064000.0,243333,0.035055004130335396
JMST,J P MORGAN EXCHANGE TRADED F,46641Q654,26888000.0,526808,0.03482703780137667
HIMU,BLACKROCK ETF TRUST II,092528843,26842000.0,545670,0.03476745569267154
PRU,PRUDENTIAL FINL INC,744320102,26785000.0,258194,0.034693625688406504
MSI,MOTOROLA SOLUTIONS INC,620076307,26769000.0,58538,0.034672901476682984
TGT,TARGET CORP,87612E106,26743000.0,298141,0.03463922463263226
BUFG,FIRST TR EXCHNG TRADED FD VI,33740U778,26517000.0,984282,0.03434649514203753
IBDU,ISHARES TR,46436E205,26483000.0,1128361,0.03430245619212505
QQEW,FIRST TR EXCHANGE-TRADED FD,337344105,26291000.0,186318,0.034053765651442795
XCEM,COLUMBIA ETF TR II,19762B202,26276000.0,723252,0.034034336702952
GOVT,ISHARES TR,46429B267,26154000.0,1131229,0.03387631458856015
INTU,INTUIT,461202103,26101000.0,38220,0.03380766563722599
PAUG,INNOVATOR ETFS TRUST,45782C680,25741000.0,606095,0.033341370873446775
7HP,HP INC,40434L105,25617000.0,940778,0.03318075823258949
DSI,ISHARES TR,464288570,25611000.0,203340,0.03317298665319317
DFAT,DIMENSIONAL ETF TRUST,25434V609,25604000.0,439850,0.03316391981056413
MAR,MARRIOTT INTL INC NEW,571903202,25562000.0,98151,0.03310951875478988
PDI,PIMCO DYNAMIC INCOME FD,72201Y101,25341000.0,1279858,0.03282326558035875
CL,COLGATE PALMOLIVE CO,194162103,25318000.0,316714,0.03279347452600619
USHY,ISHARES TR,46435U853,25306000.0,669836,0.032777931367213554
SPGP,INVESCO EXCHANGE TRADED FD T,46137V431,25300000.0,222673,0.032770159787817235
ORLY,OREILLY AUTOMOTIVE INC,67103H107,25296000.0,234636,0.03276497873488635
FEX,FIRST TR EXCHANGE-TRADED ALP,33734K109,25278000.0,216382,0.03274166399669739
PJAN,INNOVATOR ETFS TRUST,45782C508,24971000.0,545277,0.03234401818425233
PDEC,INNOVATOR ETFS TRUST,45782C540,24827000.0,590840,0.03215750027874065
TRV,TRAVELERS COMPANIES INC,89417E109,24807000.0,88846,0.032131595014086245
FPE,FIRST TR EXCH TRADED FD III,33739E108,24803000.0,1359790,0.03212641396115537
SPEM,SPDR INDEX SHS FDS,78463X509,24655000.0,526709,0.0319347150027128
AIG,AMERICAN INTL GROUP INC,026874784,24356000.0,310115,0.031547431296129504
CGNG,CAPITAL GROUP NEW GEOGRAPHY,14021N105,24245000.0,784620,0.03140365707729758
MDLZ,MONDELEZ INTL INC,609207105,24226000.0,387804,0.0313790470758759
UCON,FIRST TR EXCHNG TRADED FD VI,33740F888,24178000.0,959875,0.031316874440705335
XLG,INVESCO EXCHANGE TRADED FD T,46137V233,24176000.0,420303,0.03131428391423989
YJUN,FIRST TR EXCHNG TRADED FD VI,33740U869,23935000.0,954723,0.031002125475154366
CMI,CUMMINS INC,231021106,23856000.0,56481,0.030899799679769482
XDEC,FIRST TR EXCHNG TRADED FD VI,33740U786,23755000.0,592391,0.030768978093264752
SWK,STANLEY BLACK & DECKER INC,854502101,23751000.0,319538,0.030763797040333878
DUHP,DIMENSIONAL ETF TRUST,25434V831,23716000.0,627914,0.030718462827188674
CB,CHUBB LIMITED,H1467J104,23628000.0,83713,0.030604479662709308
SPGI,S&P GLOBAL INC,78409V104,23584000.0,48457,0.03054748808046963
AMT,AMERICAN TOWER CORP NEW,03027X100,23568000.0,122544,0.030526763868746105
HGER,HARBOR ETF TRUST,41151J505,23393000.0,906690,0.030300092803020096
DHR,DANAHER CORPORATION,235851102,23263000.0,117335,0.03013170858276649
AWN,ADVANCE AUTO PARTS INC,00751Y106,23146000.0,376972,0.029980162784538245
SYY,SYSCO CORP,871829107,23125000.0,280852,0.029952962256651124
HEFA,ISHARES TR,46434V803,23039000.0,581654,0.029841569618637202
DELL,DELL TECHNOLOGIES INC,24703L202,23026000.0,162418,0.029824731196611838
BP,BP PLC,055622104,23021000.0,668047,0.02981825488044824
NVS,NOVARTIS AG,66987V109,22894000.0,178522,0.029653756449892793
CWB,SPDR SERIES TRUST,78464A359,22845000.0,252425,0.02959028855148951
GLDM,WORLD GOLD TR,98149E303,22830000.0,298625,0.029570859602998708
VRTX,VERTEX PHARMACEUTICALS INC,92532F100,22827000.0,58285,0.02956697381330055
CMG,CHIPOTLE MEXICAN GRILL INC,169656105,22782000.0,581324,0.02950868696782815
VIS,VANGUARD WORLD FD,92204A603,22734000.0,76730,0.029446514332657586
FTQI,FIRST TR EXCHANGE TRADED FD,33738R407,22723000.0,1103057,0.029432266437097666
ECL,ECOLAB INC,278865100,22572000.0,82423,0.02923668168895694
LQD,ISHARES TR,464287242,22553000.0,202322,0.029212071687535257
BSX,BOSTON SCIENTIFIC CORP,101137107,22411000.0,229554,0.02902814430848901
SLYG,SPDR SERIES TRUST,78464A201,22399000.0,237506,0.02901260114969637
SYLD,CAMBRIA ETF TR,132061201,22374000.0,325869,0.028980219568878366
ZTS,ZOETIS INC,98978V103,22317000.0,152523,0.028906389564613326
GAUG,FIRST TR EXCHNG TRADED FD VI,33740U653,22280000.0,577045,0.028858464825002685
BUFZ,FIRST TR EXCHNG TRADED FD VI,33740U729,22271000.0,859867,0.028846807455908206
FDEV,FIDELITY COVINGTON TRUST,316092535,22243000.0,670969,0.02881054008539204
SPYD,SPDR SERIES TRUST,78468R788,22213000.0,504843,0.028771682188410443
ARCC,ARES CAPITAL CORP,04010L103,22206000.0,1088018,0.0287626153457814
VMC,VULCAN MATLS CO,929160109,22183000.0,72113,0.02873282429142884
GIS,GENERAL MLS INC,370334104,22131000.0,438923,0.028665470603327397
DG,DOLLAR GEN CORP NEW,256677105,22023000.0,213092,0.028525582174193632
FLDR,FIDELITY MERRIMACK STR TR,316188408,22003000.0,438310,0.028499676909539227
SUSA,ISHARES TR,464288802,21973000.0,161980,0.02846081901255763
FHI,FEDERATED HERMES INC,314211103,21927000.0,422247,0.028401236903852503
IMCV,ISHARES TR,464288406,21874000.0,272231,0.028332587952518345
F,FORD MTR CO,345370860,21870000.0,1828587,0.028327406899587463
FXL,FIRST TR EXCHANGE TRADED FD,33734X176,21864000.0,130149,0.028319635320191144
FUTY,FIDELITY COVINGTON TRUST,316092865,21823000.0,386449,0.02826652952764962
QLTA,ISHARES TR,46429B291,21811000.0,449991,0.02825098636885698
DFAE,DIMENSIONAL ETF TRUST,25434V302,21667000.0,687175,0.028064468463345295
VFH,VANGUARD WORLD FD,92204A405,21551000.0,164210,0.027914217928349767
KNG,FIRST TR EXCHANGE-TRADED FD,33739Q705,21472000.0,435442,0.027811892132964887
A4S,AMERIPRISE FINL INC,03076C106,21458000.0,43680,0.027793758447706804
GFI,GOLD FIELDS LTD,38059T106,21444000.0,511065,0.027775624762448724
GSEP,FIRST TR EXCHNG TRADED FD VI,33740U711,21443000.0,563104,0.027774329499216002
VIOO,VANGUARD ADMIRAL FDS INC,921932828,21343000.0,193201,0.027644803175943995
GARP,ISHARES TR,46436E403,21270000.0,324041,0.027550248959955437
VOOV,VANGUARD ADMIRAL FDS INC,921932703,21264000.0,106604,0.027542477380559115
BUFD,FIRST TR EXCHNG TRADED FD VI,33740U703,21147000.0,765069,0.027390931582330868
REGL,PROSHARES TR,74347B680,21112000.0,247385,0.027345597369185667
IBDT,ISHARES TR,46435U515,21108000.0,827122,0.027340416316254786
FEMR,FIDELITY COVINGTON TRUST,31609A800,21083000.0,678912,0.027308034735436786
MELI,MERCADOLIBRE INC,58733R102,21077000.0,9019,0.027300263156040467
FCOM,FIDELITY COVINGTON TRUST,316092873,20998000.0,295874,0.027197937360655584
UL,UNILEVER PLC,904767704,20939000.0,353229,0.0271215168299251
SNOW,SNOWFLAKE INC,833445109,20937000.0,92828,0.027118926303459658
FLOT,ISHARES TR,46429B655,20919000.0,409490,0.027095611565270697
PEG,PUBLIC SVC ENTERPRISE GRP IN,744573106,20857000.0,249907,0.027015305244842053
TDVG,T ROWE PRICE ETF INC,87283Q404,20810000.0,473395,0.02695442787290421
SHEL,SHELL PLC,780259305,20784000.0,290569,0.02692075102885349
GOVI,INVESCO EXCH TRADED FD TR II,46138E107,20764000.0,747968,0.02689484576419909
ESGV,VANGUARD WORLD FD,921910733,20730000.0,175023,0.026850806814286605
HTRB,HARTFORD FDS EXCHANGE TRADED,41653L305,20674000.0,602903,0.026778272073254287
KR,KROGER CO,501044101,20559000.0,304986,0.026629316801491484
EVMO,MORGAN STANLEY ETF TRUST,61774R767,20521000.0,405955,0.026580096798648117
CGMM,CAPITAL GROUP EQUITY ETF TR,14022A102,20519000.0,722752,0.02657750627218268
GBTC,GRAYSCALE BITCOIN TRUST ETF,389637109,20514000.0,228517,0.02657102995601908
BN,BROOKFIELD CORP,11271J107,20508000.0,299033,0.02656325837662276
VGIT,VANGUARD SCOTTSDALE FDS,92206C706,20409000.0,339973,0.026435027316583475
DKS,DICKS SPORTING GOODS INC,253393102,20394000.0,91776,0.026415598368092673
WEC,WEC ENERGY GROUP INC,92939U106,20385000.0,177891,0.02640394099899819
MDYG,SPDR SERIES TRUST,78464A821,20249000.0,221155,0.026227785199348264
IBB,ISHARES TR,464287556,20166000.0,139684,0.026120278351032502
UTG,REAVES UTIL INCOME FD,756158101,20136000.0,508238,0.0260814204540509
LHX,L3HARRIS TECHNOLOGIES INC,502431109,19922000.0,65230,0.025804234122248807
IHI,ISHARES TR,464288810,19858000.0,330524,0.02572133727535473
KSS,KOHLS CORP,500255104,19844000.0,1291101,0.025703203590096646
BUFQ,FIRST TR EXCHNG TRADED FD VI,33740U752,19791000.0,568067,0.02563455463876248
VLUE,ISHARES TR,46432F388,19729000.0,157765,0.025554248318333837
SDVD,FIRST TR EXCH TRADED FD III,33738D820,19634000.0,908155,0.025431198311225436
DAL,DELTA AIR LINES INC DEL,247361702,19592000.0,345237,0.02537679725545119
VUSB,VANGUARD BD INDEX FDS,92203C303,19546000.0,390963,0.02531721514674607
CGCB,CAPITAL GRP FIXED INCM ETF T,14020Y508,19545000.0,735340,0.025315919883513352
JMUB,J P MORGAN EXCHANGE TRADED F,46641Q647,19484000.0,386060,0.02523690882631743
XEL,XCEL ENERGY INC,98389B100,19479000.0,241528,0.025230432510153826
CME,CME GROUP INC,12572Q105,19406000.0,71823,0.025135878294165262
FBTC,FIDELITY WISE ORIGIN BITCOIN,315948109,19370000.0,194069,0.02508924881778734
ALL,ALLSTATE CORP,020002101,19336000.0,90079,0.02504520986787486
APP,APPLOVIN CORP,03831W108,19301000.0,26862,0.024999875654729657
FMB,FIRST TR EXCH TRADED FD III,33739N108,19285000.0,380355,0.02497915144300614
FSTA,FIDELITY COVINGTON TRUST,316092303,19262000.0,386485,0.02494936038865358
DFGP,DIMENSIONAL ETF TRUST,25434V583,19191000.0,345346,0.024857396699130455
FJUN,FIRST TR EXCHNG TRADED FD VI,33740F722,19039000.0,340284,0.024660516687757008
STX,SEAGATE TECHNOLOGY HLDNGS PL,G7997R103,19035000.0,80637,0.02465533563482613
PGR,PROGRESSIVE CORP,743315103,19004000.0,76953,0.024615182474611804
JANW,AIM ETF PRODUCTS TRUST,00888H802,18983000.0,525251,0.024587981946724683
GSSC,GOLDMAN SACHS ETF TR,381430602,18936000.0,252848,0.02452710457478684
JFLX,J P MORGAN EXCHANGE TRADED F,46654Q559,18734000.0,373076,0.02426546140177739
ES,EVERSOURCE ENERGY,30040W108,18685000.0,262645,0.024201993503374108
JPIE,J P MORGAN EXCHANGE TRADED F,46641Q159,18629000.0,401410,0.024129458762341786
KMI,KINDER MORGAN INC DEL,49456B101,18595000.0,656826,0.024085419812429305
NLR,VANECK ETF TRUST,92189F601,18547000.0,136730,0.02402324717725874
DFEM,DIMENSIONAL ETF TRUST,25434V732,18519000.0,577457,0.02398697980674258
CSHI,NEOS ETF TRUST,78433H501,18514000.0,372341,0.02398050349057898
VMBS,VANGUARD SCOTTSDALE FDS,92206C771,18507000.0,394092,0.02397143664794994
CLX,CLOROX CO DEL,189054109,18448000.0,149621,0.023895016117219458
CIT,CINTAS CORP,172908105,18427000.0,89774,0.023867815589332333
AAXJ,ISHARES TR,464288182,18340000.0,201056,0.02375512768808569
GJUL,FIRST TR EXCHNG TRADED FD VI,33740U661,18299000.0,451151,0.02370202189554417
DECW,AIM ETF PRODUCTS TRUST,00888H794,18249000.0,553157,0.023637258733908168
AU,ANGLOGOLD ASHANTI PLC,G0378L100,18241000.0,259363,0.023626896628046408
VTEI,VANGUARD MUN BD FDS,922907738,18215000.0,181551,0.023593219783995686
XT,ISHARES TR,46434V381,18152000.0,252313,0.023511618200334324
SEPW,AIM ETF PRODUCTS TRUST,00888H687,18131000.0,577322,0.023484417672447203
IYY*,ISHARES TR,464287846,18089000.0,111332,0.02343001661667296
BDX,BECTON DICKINSON & CO,075887109,17973000.0,96024,0.023279766081677436
ZS,ZSCALER INC,98980G102,17932000.0,59842,0.023226660289135913
IRM,IRON MTN INC DEL,46284V101,17924000.0,175828,0.023216298183274153
RCL,ROYAL CARIBBEAN GROUP,V7780T103,17877000.0,55248,0.02315542081133631
DNL,WISDOMTREE TR,97717W844,17861000.0,441130,0.02313469659961279
BK,BANK NEW YORK MELLON CORP,064058100,17860000.0,163909,0.023133401336380068
SCHB,SCHWAB STRATEGIC TR,808524102,17848000.0,694202,0.02311785817758743
IYK,ISHARES TR,464287812,17827000.0,260660,0.023090657649700308
CARR,CARRIER GLOBAL CORPORATION,14448C104,17827000.0,298608,0.023090657649700308
TJUL,INNOVATOR ETFS TRUST,45783Y541,17815000.0,608348,0.023075114490907666
DAUG,FIRST TR EXCHNG TRADED FD VI,33740F854,17814000.0,408340,0.023073819227674944
RSPT,INVESCO EXCHANGE TRADED FD T,46137V282,17795000.0,399179,0.023049209226253267
TBLL,INVESCO EXCH TRADED FD TR II,46138G888,17784000.0,168345,0.023034961330693344
IOO,ISHARES TR,464287572,17586000.0,146538,0.022778499210614776
FVAL,FIDELITY COVINGTON TRUST,316092782,17579000.0,255253,0.022769432367985735
IFRA,ISHARES TR,46435U713,17530000.0,331885,0.02270596446958245
DLR,DIGITAL RLTY TR INC,253868103,17494000.0,101192,0.022659334993204532
SLYV,SPDR SERIES TRUST,78464A300,17448000.0,196821,0.02259975288449941
BABA,ALIBABA GROUP HLDG LTD,01609W102,17401000.0,97360,0.022538875512561566
DFSV,DIMENSIONAL ETF TRUST,25434V815,17352000.0,544973,0.022475407614158283
CAH,CARDINAL HEALTH INC,14149Y108,17349000.0,110529,0.022471521824460123
BIDD,BLACKROCK ETF TRUST,09290C848,17262000.0,616836,0.02235883392321348
FBCV,FIDELITY COVINGTON TRUST,316092345,17260000.0,506502,0.02235624339674804
RPG,INVESCO EXCHANGE TRADED FD T,46137V266,17249000.0,361454,0.02234199550118812
AVDV,AMERICAN CENTY ETF TR,025072802,17249000.0,193747,0.02234199550118812
KKR,KKR & CO INC,48251W104,17231000.0,132595,0.022318680762999157
GDIV,HARBOR ETF TRUST,41151J703,17121000.0,1056221,0.022176201807399955
SGOL,ETFS GOLD TR,00326A104,17109000.0,464794,0.022160658648607313
FTGC,FIRST TR EXCHANGE TRAD FD VI,33739H101,16978000.0,655532,0.021990979165120984
IBDW,ISHARES TR,46436E486,16975000.0,799964,0.021987093375422824
COIN,COINBASE GLOBAL INC,19260Q107,16898000.0,50070,0.02188735810650338
BRO,BROWN & BROWN INC,115236101,16897000.0,180153,0.021886062843270663
LQTI,FIRST TR EXCHANGE-TRADED FD,33738D747,16894000.0,827918,0.021882177053572503
IXC,ISHARES TR,464287341,16841000.0,403371,0.021813528102238338
ILF,ISHARES TR,464287390,16818000.0,582132,0.02178373704788578
SCZ,ISHARES TR,464288273,16782000.0,218745,0.021737107571507853
PNOV,INNOVATOR ETFS TRUST,45782C573,16754000.0,408026,0.021700840200991695
IGIB,ISHARES TR,464288638,16726000.0,309221,0.021664572830475532
FLTB,FIDELITY MERRIMACK STR TR,316188200,16711000.0,329858,0.021645143881984734
GMAR,FIRST TR EXCHNG TRADED FD VI,33740F482,16688000.0,416169,0.021615352827632172
APH,AMPHENOL CORP NEW,032095101,16674000.0,134742,0.021597219142374093
DD,DUPONT DE NEMOURS INC,26614N102,16639000.0,213591,0.02155188492922889
NJUN,INNOVATOR ETFS TRUST,45783Y269,16577000.0,538203,0.021471578608800244
WTV,WISDOMTREE TR,97717W547,16548000.0,181823,0.021434015975051363
VDE,VANGUARD WORLD FD,92204A306,16532000.0,131351,0.021413291763327843
VTIP,VANGUARD MALVERN FDS,922020805,16497000.0,325838,0.021367957550182642
IVOO,VANGUARD ADMIRAL FDS INC,921932885,16426000.0,148817,0.02127599386065952
BSCQ,INVESCO EXCH TRD SLF IDX FD,46138J791,16305000.0,833606,0.02111926700950039
VST,VISTRA CORP,92840M102,16237000.0,82878,0.02103118910967543
QLC,FLEXSHARES TR,33939L746,16198000.0,207765,0.02098067384359935
BTI,BRITISH AMERN TOB PLC,110448107,16196000.0,305129,0.020978083317133907
PTRB,PGIM ETF TR,69344A800,16185000.0,383523,0.020963835421573988
SCHV,SCHWAB STRATEGIC TR,808524409,16153000.0,554908,0.020922386998126943
RWJ,INVESCO EXCH TRADED FD TR II,46138G664,16142000.0,334206,0.020908139102567024
FNDE,SCHWAB STRATEGIC TR,808524730,16094000.0,445079,0.020845966467396462
GLTR,ABRDN PRECIOUS METALS BASKET,003263100,16066000.0,97103,0.0208096990968803
QSPT,FIRST TR EXCHNG TRADED FD VI,33740U836,15953000.0,513794,0.02066333435158294
SCHE,SCHWAB STRATEGIC TR,808524706,15919000.0,477042,0.020619295401670453
QTEC,FIRST TR EXCHANGE-TRADED FD,337345102,15880000.0,69162,0.020568780135594374
DFIV,DIMENSIONAL ETF TRUST,25434V807,15857000.0,343820,0.02053898908124181
FFEB,FIRST TR EXCHNG TRADED FD VI,33740F763,15770000.0,285967,0.020426301179995165
EXEL,EXELIXIS INC,30161Q104,15763000.0,381659,0.020417234337366127
QFLR,INNOVATOR ETFS TRUST,45783Y681,15746000.0,474989,0.02039521486240989
PYPL,PAYPAL HLDGS INC,70450Y103,15666000.0,233604,0.020291593803792283
HIG,HARTFORD INSURANCE GROUP INC,416515104,15597000.0,116928,0.0202022206407346
MET,METLIFE INC,59156R108,15570000.0,189024,0.020167248533451157
WMB,WILLIAMS COS INC,969457100,15525000.0,245072,0.020108961687978755
FSEP,FIRST TR EXCHNG TRADED FD VI,33740U307,15500000.0,306680,0.020076580107160753
XSMO,INVESCO EXCHANGE TRADED FD T,46137V498,15477000.0,210370,0.020046789052808194
FLRN,SPDR SERIES TRUST,78468R200,15467000.0,501187,0.02003383642048099
FMAY,FIRST TR EXCHNG TRADED FD VI,33740F748,15462000.0,295937,0.020027360104317393
IMCB,ISHARES TR,464288208,15446000.0,185989,0.020006635892593872
MAGS,LISTED FDS TR,53656G498,15387000.0,237227,0.01993021536186339
JPC,NUVEEN PFD & INCOME OPPORTUN,67073B106,15366000.0,1873917,0.019903014833976267
SMLF,ISHARES TR,46434V290,15329000.0,206177,0.019855090094365625
QDPL,PACER FDS TR,69374H436,15314000.0,365492,0.019835661145874827
JCI,JOHNSON CTLS INTL PLC,G51502105,15280000.0,138976,0.019791622195962345
BOCT,INNOVATOR ETFS TRUST,45782C771,15259000.0,315146,0.01976442166807522
OAKM,HARRIS OAKMARK ETF TRUST,41456U106,15239000.0,569039,0.019738516403420822
WELL,WELLTOWER INC,95040Q104,15232000.0,85507,0.01972944956079178
SPTM,SPDR SERIES TRUST,78464A805,15228000.0,188820,0.0197242685078609
PGX,INVESCO EXCH TRADED FD TR II,46138E511,15222000.0,1312229,0.019716496928464583
SMCI,SUPER MICRO COMPUTER INC,86800U302,15211000.0,317296,0.01970224903290466
CGHM,CAPITAL GRP FIXED INCM ETF T,14020Y805,15138000.0,598566,0.019607694816916096
CW,CURTISS WRIGHT CORP,231561101,15092000.0,27797,0.019548112708210972
FCX,FREEPORT-MCMORAN INC,35671D857,15084000.0,384607,0.019537750602349215
FI,FISERV INC,337738108,15072000.0,116898,0.019522207443556573
GDXJ,VANECK ETF TRUST,92189F791,14937000.0,150829,0.01934734690713937
NVR,NVR INC,62944T105,14936000.0,1859,0.019346051643906646
XYZ,BLOCK INC,852234103,14831000.0,205221,0.01921004900447104
GNOV,FIRST TR EXCHNG TRADED FD VI,33740U687,14828000.0,389696,0.019206163214772882
SEPT,AIM ETF PRODUCTS TRUST,00888H695,14750000.0,427910,0.019105132682620717
TRND,PACER FDS TR,69374H675,14742000.0,438825,0.019094770576758957
AZN,ASTRAZENECA PLC,046353108,14720000.0,191873,0.019066274785639114
FPX,FIRST TR EXCHANGE-TRADED FD,336920103,14695000.0,88439,0.019033893204821115
VTWO,VANGUARD SCOTTSDALE FDS,92206C664,14684000.0,150115,0.019019645309261195
CGCV,CAPITAL GROUP CONSERVATIVE E,14020U100,14682000.0,487599,0.019017054782795754
B,BARRICK MNG CORP,06849F108,14659000.0,447336,0.018987263728443192
PHO,INVESCO EXCHANGE TRADED FD T,46137V142,14642000.0,203048,0.018965244253486953
TSCO,TRACTOR SUPPLY CO,892356106,14597000.0,256666,0.01890695740801455
JPIB,J P MORGAN EXCHANGE TRADED F,46641Q852,14558000.0,296920,0.01885644214193847
VCR,VANGUARD WORLD FD,92204A108,14535000.0,36690,0.018826651087585907
FIDI,FIDELITY COVINGTON TRUST,316092725,14524000.0,593600,0.018812403192025984
VGSH,VANGUARD SCOTTSDALE FDS,92206C102,14521000.0,246740,0.018808517402327828
DNP,DNP SELECT INCOME FD INC,23325P104,14507000.0,1449269,0.018790383717069745
UDEC,INNOVATOR ETFS TRUST,45782C532,14492000.0,377687,0.018770954768578946
MUNI,PIMCO ETF TR,72201R866,14446000.0,276313,0.018711372659873823
IDMO,INVESCO EXCH TRADED FD TR II,46138E222,14408000.0,266857,0.01866215265703046
BJAN,INNOVATOR ETFS TRUST,45782C409,14398000.0,271574,0.01864920002470326
SHLD,GLOBAL X FDS,37960A529,14397000.0,204966,0.01864790476147054
CGGE,CAPITAL GROUP GLOBAL EQUITY,14020R107,14396000.0,467546,0.01864660949823782
DBMF,LITMAN GREGORY FDS TR,53700T827,14375000.0,526375,0.0186194089703507
CGIC,CAPITAL GROUP INTERNATIONAL,14021T102,14352000.0,465829,0.018589617915998138
IWL,ISHARES TR,464289446,14311000.0,86161,0.018536512123456618
PMAY,INNOVATOR ETFS TRUST,45782C318,14262000.0,366674,0.018473044225053335
LDOS,LEIDOS HOLDINGS INC,525327102,14247000.0,75397,0.018453615276562533
IBDV,ISHARES TR,46436E726,14245000.0,643107,0.018451024750097092
PMAR,INNOVATOR ETFS TRUST,45782C383,14244000.0,324380,0.018449729486864373
HSY,HERSHEY CO,427866108,14190000.0,75862,0.018379785272297493
PLD,PROLOGIS INC.,74340W103,14142000.0,123488,0.018317612637126928
FREL,FIDELITY COVINGTON TRUST,316092857,14134000.0,508219,0.018307250531265168
ESGE,ISHARES INC,46434G863,14131000.0,325450,0.018303364741567008
DOW,DOW INC,260557103,14127000.0,616104,0.018298183688636126
ICSH,ISHARES TR,46434V878,14100000.0,277837,0.018263211581352686
XSEP,FIRST TR EXCHNG TRADED FD VI,33740U810,14035000.0,337430,0.018179019471225882
SPTI,SPDR SERIES TRUST,78464A672,14002000.0,484484,0.01813627578454612
MMC,MARSH & MCLENNAN COS INC,571748102,14000000.0,69467,0.018133685258080682
FFIN,FIRST FINL BANKSHARES INC,32020R109,13985000.0,415615,0.01811425630958988
BSEP,INNOVATOR ETFS TRUST,45782C664,13980000.0,289519,0.01810777999342628
IGV,ISHARES TR,464287515,13941000.0,121218,0.018057264727350197
PEO,EXELON CORP,30161N101,13934000.0,309579,0.01804819788472116
JBL,JABIL INC,466313103,13838000.0,63718,0.017923852614380033
AUGW,AIM ETF PRODUCTS TRUST,00888H711,13795000.0,431648,0.01786815629537307
TBJL,INNOVATOR ETFS TRUST,45782C235,13767000.0,685146,0.01783188892485691
VEEV,VEEVA SYS INC,922475108,13761000.0,46192,0.017824117345460588
SPHD,INVESCO EXCH TRADED FD TR II,46138E362,13647000.0,275979,0.017676457336930504
PWB,INVESCO EXCHANGE TRADED FD T,46137V746,13561000.0,108127,0.01756506469891658
JNK,SPDR SERIES TRUST,78468R622,13549000.0,138274,0.01754952154012394
FGD,FIRST TR EXCHANGE TRADED FD,33734X200,13535000.0,470774,0.01753138785486586
IBTJ,ISHARES TR,46436E825,13484000.0,614165,0.017465329429997137
MTB,M & T BK CORP,55261F104,13471000.0,68164,0.017448491007971776
OBDC,BLUE OWL CAPITAL CORPORATION,69121K104,13407000.0,1049862,0.01736559416107769
SRLN,SSGA ACTIVE ETF TR,78467V608,13320000.0,320354,0.017252906259831047
EEMV,ISHARES INC,464286533,13254000.0,207642,0.017167418886471525
FDIS,FIDELITY COVINGTON TRUST,316092204,13230000.0,128607,0.017136332568886244
BUFF,INNOVATOR ETFS TRUST,45783Y814,13214000.0,270481,0.017115608357162724
NVO,NOVO-NORDISK A S,670100205,13205000.0,237978,0.017103950988068245
GPC,GENUINE PARTS CO,372460105,13197000.0,95213,0.01709358888220648
TDV,PROSHARES TR,74347G606,13182000.0,152383,0.01707415993371568
IDU,ISHARES TR,464287697,13167000.0,118733,0.01705473098522488
SPOT,SPOTIFY TECHNOLOGY S A,L8681T102,13036000.0,18676,0.016885051501738555
GM,GENERAL MTRS CO,37045V100,13032000.0,213742,0.016879870448807673
GEHC,GE HEALTHCARE TECHNOLOGIES I,36266G107,13029000.0,173486,0.016875984659109514
ABG,CENCORA INC,03073E105,13019000.0,41656,0.016863032026782313
FXO,FIRST TR EXCHANGE TRADED FD,33734X135,12998000.0,218857,0.01683583149889519
IBTH,ISHARES TR,46436E841,12991000.0,576849,0.016826764656266154
IOCT,INNOVATOR ETFS TRUST,45782C631,12981000.0,379901,0.016813812023938952
FJUL,FIRST TR EXCHNG TRADED FD VI,33740U208,12922000.0,236107,0.01673739149320847
EMB,ISHARES TR,464288281,12890000.0,135414,0.016695943069761427
VNO,VORNADO RLTY TR,929042109,12867000.0,317469,0.016666152015408865
BSCR,INVESCO EXCH TRD SLF IDX FD,46138J783,12851000.0,652015,0.016645427803685345
FTA,FIRST TR EXCHANGE-TRADED ALP,33735J101,12844000.0,154141,0.016636360961056307
CFO,VICTORY PORTFOLIOS II,92647N782,12840000.0,174008,0.016631179908125425
FYLD,CAMBRIA ETF TR,132061300,12816000.0,410888,0.016600093590540144
SCHA,SCHWAB STRATEGIC TR,808524607,12806000.0,458997,0.016587140958212943
SIVR,ABRDN SILVER ETF TRUST,003264108,12805000.0,287889,0.01658584569498022
RIO,RIO TINTO PLC,767204100,12802000.0,193941,0.016581959905282065
OHI,OMEGA HEALTHCARE INVS INC,681936100,12793000.0,302997,0.016570302536187582
PAPR,INNOVATOR ETFS TRUST,45782C870,12768000.0,332838,0.016537920955369583
ESML,ISHARES TR,46435U663,12760000.0,283055,0.01652755884950782
OKLO,OKLO INC,02156V109,12735000.0,114083,0.01649517726868982
IBTI,ISHARES TR,46436E833,12695000.0,567125,0.01644336673938102
ACWV,ISHARES INC,464286525,12667000.0,105632,0.016407099368864857
ARKW,ARK ETF TR,00214Q401,12660000.0,72507,0.016398032526235815
SNPS,SYNOPSYS INC,871607107,12641000.0,25620,0.016373422524814135
SOFI,SOFI TECHNOLOGIES INC,83406F102,12626000.0,477880,0.016353993576323334
JMEE,J P MORGAN EXCHANGE TRADED F,46641Q118,12620000.0,198960,0.016346221996927014
YUM,YUM BRANDS INC,988498101,12617000.0,83004,0.016342336207228855
STIP,ISHARES TR,46429B747,12610000.0,122004,0.016333269364599813
OXY,OCCIDENTAL PETE CORP,674599105,12605000.0,266762,0.016326793048436213
BMI,BADGER METER INC,056525108,12588000.0,70488,0.016304773573479973
GCOW,PACER FDS TR,69374H709,12588000.0,317707,0.016304773573479973
EXPE,EXPEDIA GROUP INC,30212P303,12566000.0,58791,0.01627627778236013
RY,ROYAL BK CDA,780087102,12543000.0,85140,0.016246486728007572
SDOG,ALPS ETF TR,00162Q858,12539000.0,208183,0.01624130567507669
HYG,ISHARES TR,464288513,12526000.0,154275,0.01622446725305133
GSK,GSK PLC,37733W204,12520000.0,290081,0.01621669567365501
IAK,ISHARES TR,464288786,12516000.0,93380,0.016211514620724128
PSTP,INNOVATOR ETFS TRUST,45783Y723,12464000.0,358374,0.016144160932622685
AJG,GALLAGHER ARTHUR J & CO,363576109,12438000.0,40156,0.016110484088571964
JULT,AIM ETF PRODUCTS TRUST,00888H307,12431000.0,283336,0.016101417245942926
INFL,LISTED FDS TR,53656F623,12427000.0,278046,0.016096236193012047
RSSB,TIDAL TRUST II,88636J204,12382000.0,439374,0.016037949347539642
XBI,SPDR SERIES TRUST,78464A870,12361000.0,123360,0.01601074881965252
NET,CLOUDFLARE INC,18915M107,12313000.0,57380,0.015948576184481957
QDEC,FIRST TR EXCHNG TRADED FD VI,33740F649,12295000.0,395129,0.015925261446293
UOCT,INNOVATOR ETFS TRUST,45782C821,12292000.0,319864,0.01592137565659484
OTIS,OTIS WORLDWIDE CORP,68902V107,12270000.0,134199,0.015892879865474996
ILCB,ISHARES TR,464287127,12256000.0,132608,0.015874746180216916
DNOV,FIRST TR EXCHNG TRADED FD VI,33740F839,12251000.0,261672,0.015868269864053316
CRWV,COREWEAVE INC,21873S108,12227000.0,89344,0.015837183546468035
HACK,AMPLIFY ETF TR,032108664,12163000.0,140128,0.01575428669957395
DCOR,DIMENSIONAL ETF TRUST,25434V625,12156000.0,168977,0.015745219856944912
NEAR,ISHARES U S ETF TR,46431W507,12135000.0,236645,0.01571801932905779
PSA,PUBLIC STORAGE OPER CO,74460D109,12015000.0,41596,0.015562587741131385
IQDG,WISDOMTREE TR,97717X131,11942000.0,299441,0.01546803352514282
DFEB,FIRST TR EXCHNG TRADED FD VI,33740F771,11928000.0,256306,0.015449899839884741
STZ,CONSTELLATION BRANDS INC,21036P108,11926000.0,88556,0.0154473093134193
KGC,KINROSS GOLD CORP,496902404,11887000.0,478353,0.015396794047343218
PPL,PPL CORP,69351T106,11815000.0,317957,0.015303535094587374
TPL,TEXAS PACIFIC LAND CORPORATI,88262P102,11814000.0,12653,0.015302239831354654
MCO,MOODYS CORP,615369105,11795000.0,24754,0.015277629829932974
PSH,PGIM ETF TR,69344A784,11791000.0,232147,0.015272448777002094
CDC,VICTORY PORTFOLIOS II,92647N824,11771000.0,176377,0.015246543512347692
BUFY,FIRST TR EXCHNG TRADED FD VI,33740F169,11769000.0,541597,0.015243952985882252
ISD,PGIM HIGH YIELD BOND FUND IN,69346H100,11736000.0,816120,0.01520120929920249
CGIE,CAPITAL GROUP INTERNATIONAL,14021M107,11723000.0,347660,0.01518437087717713
PRFZ,INVESCO EXCHANGE TRADED FD T,46137V597,11669000.0,256915,0.015114426662610246
ICOW,PACER FDS TR,69374H873,11669000.0,320410,0.015114426662610246
MLPX,GLOBAL X FDS,37954Y293,11643000.0,185659,0.015080749818559527
COHR,COHERENT CORP,19247G107,11642000.0,108074,0.015079454555326806
QJUN,FIRST TR EXCHNG TRADED FD VI,33740F557,11621000.0,373549,0.015052254027439685
XMLV,INVESCO EXCH TRADED FD TR II,46138E198,11611000.0,182672,0.015039301395112484
ELV,ELEVANCE HEALTH INC FORMERLY,036752103,11601000.0,35903,0.015026348762785285
DIVB,ISHARES TR,46435U861,11590000.0,221820,0.015012100867225363
EQWL,INVESCO EXCHANGE TRADED FD T,46137V449,11545000.0,100670,0.014953814021752962
DGCB,DIMENSIONAL ETF TRUST,25434V567,11544000.0,208194,0.014952518758520241
SRE,SEMPRA,816851109,11534000.0,128186,0.014939566126193042
VFC,V F CORP,918204108,11518000.0,798222,0.014918841914469521
HII,HUNTINGTON INGALLS INDS INC,446413106,11514000.0,39991,0.014913660861538641
LNC,LINCOLN NATL CORP IND,534187109,11498000.0,285105,0.01489293664981512
USTB,VICTORY PORTFOLIOS II,92647N535,11467000.0,224882,0.014852783489600799
LGOV,FIRST TR EXCHANGE-TRADED FD,33738D606,11461000.0,526944,0.014845011910204478
BLV,VANGUARD BD INDEX FDS,921937793,11433000.0,161376,0.014808744539688317
XJUN,FIRST TR EXCHNG TRADED FD VI,33740U844,11381000.0,269674,0.014741390851586872
SKYY,FIRST TR EXCHANGE TRADED FD,33734X192,11363000.0,84537,0.014718076113397913
SPG,SIMON PPTY GROUP INC NEW,828806109,11359000.0,60524,0.01471289506046703
FDRR,FIDELITY COVINGTON TRUST,316092832,11324000.0,193177,0.014667560847321832
ROP,ROPER TECHNOLOGIES INC,776696106,11311000.0,22682,0.014650722425296471
STT,STATE STR CORP,857477103,11297000.0,97378,0.01463258874003839
XLRE,SELECT SECTOR SPDR TR,81369Y860,11290000.0,267969,0.014623521897409349
MDIV,FIRST TR EXCHANGE TRADED FD,33738R100,11246000.0,701094,0.014566530315169668
BAUG,INNOVATOR ETFS TRUST,45782C698,11238000.0,229400,0.014556168209307906
DES,WISDOMTREE TR,97717W604,11235000.0,333569,0.014552282419609748
HYS,PIMCO ETF TR,72201R783,11209000.0,117148,0.014518605575559024
EOCT,INNOVATOR ETFS TRUST,45782C623,11189000.0,359879,0.014492700310904624
WHR,WHIRLPOOL CORP,963320106,11184000.0,142287,0.014486223994741025
TRGP,TARGA RES CORP,87612G101,11164000.0,66636,0.014460318730086623
BJUL,INNOVATOR ETFS TRUST,45782C789,11161000.0,224752,0.014456432940388465
IDXX,IDEXX LABS INC,45168D104,11121000.0,17407,0.014404622411079662
FGDL,FRANKLIN TEMPLETON HOLDINGS,35473M105,11120000.0,215256,0.01440332714784694
ACGL,ARCH CAP GROUP LTD,G0450A105,11115000.0,122510,0.014396850831683341
FDEC,FIRST TR EXCHNG TRADED FD VI,33740U505,11103000.0,225483,0.0143813076728907
LNG,CHENIERE ENERGY INC,16411R208,11088000.0,47188,0.0143618787243999
FQAL,FIDELITY COVINGTON TRUST,316092790,11087000.0,148374,0.014360583461167179
GFEB,FIRST TR EXCHNG TRADED FD VI,33740U737,11079000.0,273083,0.01435022135530542
BSCS,INVESCO EXCH TRD SLF IDX FD,46138J643,11018000.0,535617,0.014271210298109495
IBDX,ISHARES TR,46436E312,10940000.0,426998,0.01417017976595733
CFR,CULLEN FROST BANKERS INC,229899109,10930000.0,86222,0.014157227133630133
CEF/U,SPROTT ASSET MANAGEMENT LP,85208R101,10927000.0,297824,0.014153341343931973
ICF,ISHARES TR,464287564,10884000.0,176627,0.014097645024925009
GJUN,FIRST TR EXCHNG TRADED FD VI,33740F433,10841000.0,278825,0.014041948705918048
IBTG,ISHARES TR,46436E858,10839000.0,472307,0.014039358179452607
BEN,FRANKLIN RESOURCES INC,354613101,10814000.0,467519,0.014006976598634606
DOC,HEALTHPEAK PROPERTIES INC,42250P103,10811000.0,564538,0.014003090808936445
EPI,WISDOMTREE TR,97717W422,10796000.0,244257,0.013983661860445647
SCHM,SCHWAB STRATEGIC TR,808524508,10789000.0,364002,0.013974595017816605
BBY,BEST BUY INC,086516101,10760000.0,142288,0.013937032384067724
FTNT,FORTINET INC,34959E109,10756000.0,127925,0.013931851331136844
SPUC,SIMPLIFY EXCHANGE TRADED FUN,82889N301,10697000.0,213093,0.01385543080040636
DGX,QUEST DIAGNOSTICS INC,74834L100,10666000.0,55968,0.013815277640192037
TLTD,FLEXSHARES TR,33939L803,10654000.0,120060,0.013799734481399399
XYL,XYLEM INC,98419M100,10615000.0,71967,0.013749219215323318
SUSB,ISHARES TR,46435G243,10586000.0,418236,0.013711656581574437
MTBA,SIMPLIFY EXCHANGE TRADED FUN,82889N525,10570000.0,209935,0.013690932369850913
FSLR,FIRST SOLAR INC,336433107,10567000.0,47918,0.013687046580152754
DMBS,DOUBLELINE ETF TRUST,25861R402,10559000.0,212550,0.013676684474290993
DFGR,DIMENSIONAL ETF TRUST,25434V658,10558000.0,386614,0.013675389211058273
TTD,THE TRADE DESK INC,88339J105,10549000.0,215252,0.013663731841963794
FICO,FAIR ISAAC CORP,303250104,10513000.0,7025,0.013617102365585871
ICE,INTERCONTINENTAL EXCHANGE IN,45866F104,10504000.0,62348,0.013605444996491392
GMAY,FIRST TR EXCHNG TRADED FD VI,33740F441,10479000.0,258935,0.013573063415673391
ZALT,INNOVATOR ETFS TRUST,45783Y442,10476000.0,328596,0.013569177625975228
EUAD,SPINNAKER ETF SERIES,84858T772,10435000.0,222162,0.013516071833433708
ILCV,ISHARES TR,464288109,10433000.0,115899,0.013513481306968268
BDEC,INNOVATOR ETFS TRUST,45782C557,10425000.0,217498,0.013503119201106506
JXN,JACKSON FINANCIAL INC,46817M107,10356000.0,102301,0.013413746038048823
FFSM,FIDELITY COVINGTON TRUST,316092295,10312000.0,353043,0.013356754455809142
AWC,AMERICAN WTR WKS CO INC NEW,030420103,10306000.0,74042,0.013348982876412821
FJAN,FIRST TR EXCHNG TRADED FD VI,33740F623,10296000.0,205278,0.01333603024408562
JSML,JANUS DETROIT STR TR,47103U100,10262000.0,137236,0.013291991294173139
XBIL,RBB FD INC,74933W460,10247000.0,204138,0.013272562345682337
XRAY,DENTSPLY SIRONA INC,24906P109,10215000.0,804934,0.013231113922235296
QYLD,GLOBAL X FDS,37954Y483,10165000.0,597586,0.013166350760599296
GRNY,TIDAL TRUST I,886364231,10162000.0,406656,0.013162464970901134
KJAN,INNOVATOR ETFS TRUST,45782C474,10161000.0,251802,0.013161169707668414
BXP,BXP INC,101121101,10130000.0,136265,0.013121016547454093
BSCP,INVESCO EXCH TRD SLF IDX FD,46138J825,10087000.0,487541,0.013065320228447131
JTEK,J P MORGAN EXCHANGE TRADED F,46654Q732,10084000.0,109642,0.01306143443874897
NXPI,NXP SEMICONDUCTORS N V,N6596X109,10083000.0,44275,0.013060139175516251
RSG,REPUBLIC SVCS INC,760759100,10008000.0,43613,0.012962994433062246
DDEC,FIRST TR EXCHNG TRADED FD VI,33740U406,10000000.0,228459,0.012952632327200488
EW,EDWARDS LIFESCIENCES CORP,28176E108,9982000.0,128353,0.012929317589011526
ADM,ARCHER DANIELS MIDLAND CO,039483102,9939000.0,166379,0.012873621270004562
RBLX,ROBLOX CORP,771049103,9918000.0,71600,0.012846420742117443
NJUL,INNOVATOR ETFS TRUST,45782C276,9857000.0,138629,0.012767409684921517
SJNK,SPDR SERIES TRUST,78468R408,9855000.0,384943,0.01276481915845608
DIVO,AMPLIFY ETF TR,032108409,9846000.0,220903,0.0127531617893616
RDDT,REDDIT INC,75734B100,9835000.0,42763,0.01273891389380168
BWX,SPDR SERIES TRUST,78464A516,9832000.0,427486,0.012735028104103518
IBDY,ISHARES TR,46436E130,9800000.0,373608,0.012693579680656477
CTVA,CORTEVA INC,22052L104,9791000.0,144775,0.012681922311561997
AAL,AMERICAN AIRLS GROUP INC,02376R102,9765000.0,868776,0.012648245467511275
J,JACOBS SOLUTIONS INC,46982L108,9751000.0,65068,0.012630111782253194
SIXJ,AIM ETF PRODUCTS TRUST,00888H869,9744000.0,292268,0.012621044939624154
SPD,SIMPLIFY EXCHANGE TRADED FUN,82889N202,9702000.0,245555,0.012566643883849912
XSVM,INVESCO EXCHANGE TRADED FD T,46137V480,9691000.0,171648,0.01255239598828999
FXU,FIRST TR EXCHANGE TRADED FD,33734X184,9656000.0,212463,0.012507061775144789
ARLU,AIM ETF PRODUCTS TRUST,00888H612,9642000.0,323760,0.012488928089886709
QEFA,SPDR INDEX SHS FDS,78463X434,9639000.0,109649,0.01248504230018855
DASH,DOORDASH INC,25809K105,9634000.0,35419,0.012478565984024947
ZROZ,PIMCO ETF TR,72201R882,9628000.0,141664,0.01247079440462863
FIIG,FIRST TR EXCHANGE-TRADED FD,33738D796,9622000.0,453249,0.012463022825232309
SJM,SMUCKER J M CO,832696405,9596000.0,88358,0.012429345981181585
YDEC,FIRST TR EXCHNG TRADED FD VI,33740F656,9586000.0,373355,0.012416393348854386
HBAN,HUNTINGTON BANCSHARES INC,446150104,9552000.0,553116,0.012372354398941906
BGB,BLACKSTONE STRATEGIC CRED 20,09257R101,9505000.0,780984,0.012311477027004063
PZA,INVESCO EXCH TRADED FD TR II,46138E537,9503000.0,411581,0.012308886500538622
FAD,FIRST TR EXCHANGE-TRADED ALP,33733F101,9497000.0,59155,0.012301114921142301
FEZ,SPDR INDEX SHS FDS,78463X202,9463000.0,152326,0.012257075971229821
SLB,SCHLUMBERGER LTD,806857108,9463000.0,275339,0.012257075971229821
DTE,DTE ENERGY CO,233331107,9460000.0,66891,0.012253190181531658
GWW,GRAINGER W W INC,384802104,9457000.0,9923,0.0122493043918335
SPSB,SPDR SERIES TRUST,78464A474,9410000.0,310664,0.012188427019895658
EOS,EATON VANCE ENHANCED EQUITY,278277108,9361000.0,391183,0.012124959121492376
XNEAX,NUVEEN AMT FREE QLTY MUN INC,670657105,9348000.0,820735,0.012108120699467014
PTY,PIMCO CORPORATE & INCOME OPP,72201B101,9290000.0,643326,0.012032995431969251
RWK,INVESCO EXCH TRADED FD TR II,46138G672,9281000.0,74238,0.01202133806287477
QMAR,FIRST TR EXCHNG TRADED FD VI,33740F581,9266000.0,287948,0.012001909114383971
FTHY,FIRST TR HIGH YIELD OPPRT 20,33741Q107,9240000.0,637681,0.01196823227033325
AON,AON PLC,G0403H108,9237000.0,25906,0.01196434648063509
GUT,GABELLI UTIL TR,36240A101,9235000.0,1521376,0.011961755954169649
RJF,RAYMOND JAMES FINL INC,754730109,9225000.0,53448,0.01194880332184245
NDAQ,NASDAQ INC,631103108,9221000.0,104248,0.011943622268911568
ISTB,ISHARES TR,46432F859,9188000.0,188123,0.011900878582231808
PDO,PIMCO DYNAMIC INCOME OPRNTS,69355M107,9183000.0,650339,0.011894402266068206
YEAR,AB ACTIVE ETFS INC,00039J103,9170000.0,180959,0.011877563844042845
MFC,MANULIFE FINL CORP,56501R106,9126000.0,292980,0.011820572261803164
RFV,INVESCO EXCHANGE TRADED FD T,46137V191,9105000.0,70981,0.011793371733916043
FISI,FINANCIAL INSTNS INC,317585404,9093000.0,334286,0.011777828575123403
KAPR,INNOVATOR ETFS TRUST,45782C342,9093000.0,265868,0.011777828575123403
NFG,NATIONAL FUEL GAS CO,636180101,9091000.0,98416,0.011775238048657963
BALI,BLACKROCK ETF TRUST,09290C863,9088000.0,286327,0.011771352258959802
K,KELLANOVA,487836108,9078000.0,110682,0.011758399626632601
REGN,REGENERON PHARMACEUTICALS,75886F107,9072000.0,16134,0.011750628047236282
KIM,KIMCO RLTY CORP,49446R109,9066000.0,414906,0.01174285646783996
GAB,GABELLI EQUITY TR INC,362397101,9060000.0,1487634,0.011735084888443641
MDYV,SPDR SERIES TRUST,78464A839,9051000.0,108513,0.01172342751934916
SCHR,SCHWAB STRATEGIC TR,808524854,9048000.0,360038,0.011719541729651
FXH,FIRST TR EXCHANGE TRADED FD,33734X143,9043000.0,82453,0.0117130654134874
CYBR,CYBERARK SOFTWARE LTD,M2682V108,9043000.0,18718,0.0117130654134874
CASY,CASEYS GEN STORES INC,147528103,9021000.0,15957,0.011684569622367559
CBOE,CBOE GLOBAL MKTS INC,12503M108,9008000.0,36731,0.011667731200342198
KHC,KRAFT HEINZ CO,500754106,8962000.0,344145,0.011608149091637076
APUE,TRUST FOR PROFESSIONAL MANAG,89834G729,8957000.0,219645,0.011601672775473476
MGOV,FIRST TR EXCHANGE-TRADED FD,33738D838,8952000.0,437327,0.011595196459309875
IBTF,ISHARES TR,46436E866,8948000.0,382949,0.011590015406378995
VONE,VANGUARD SCOTTSDALE FDS,92206C730,8927000.0,29525,0.011562814878491874
CTRA,COTERRA ENERGY INC,127097103,8923000.0,377293,0.011557633825560994
WSM,WILLIAMS SONOMA INC,969904101,8907000.0,45572,0.011536909613837472
GRAL,GRAIL INC,384747101,8885000.0,150264,0.011508413822717632
PCEF,INVESCO EXCH TRADED FD TR II,46138E404,8873000.0,444301,0.011492870663924992
LRGF,ISHARES TR,46434V282,8865000.0,128329,0.011482508558063232
TRU,TRANSUNION,89400J107,8837000.0,105479,0.011446241187547071
ADSK,AUTODESK INC,052769106,8816000.0,27752,0.011419040659659948
ULTA,ULTA BEAUTY INC,90384S303,8787000.0,16071,0.011381478025911067
FIS,FIDELITY NATL INFORMATION SV,31620M106,8762000.0,132880,0.011349096445093066
TPYP,TORTOISE CAPITAL SERIES TRUS,890930308,8756000.0,240208,0.011341324865696747
WPM,WHEATON PRECIOUS METALS CORP,962879102,8745000.0,78189,0.011327076970136825
VRIG,INVESCO ACTIVELY MANAGED EXC,46090A879,8742000.0,348301,0.011323191180438664
GSUS,GOLDMAN SACHS ETF TR,381430123,8711000.0,94272,0.011283038020224343
QTUM,ETF SER SOLUTIONS,26922A420,8696000.0,82894,0.011263609071733544
PFXF,VANECK ETF TRUST,92189F429,8691000.0,489108,0.011257132755569943
6RJ0,ROCKET LAB CORP,773121108,8604000.0,179586,0.0111444448543233
MKL,MARKEL GROUP INC,570535104,8597000.0,4498,0.011135378011694258
LNT,ALLIANT ENERGY CORP,018802108,8583000.0,127330,0.011117244326436179
FAPR,FIRST TR EXCHNG TRADED FD VI,33740U885,8579000.0,197210,0.011112063273505297
MAYW,AIM ETF PRODUCTS TRUST,00888H752,8574000.0,260183,0.011105586957341698
BKLN,INVESCO EXCH TRADED FD TR II,46138G508,8574000.0,409643,0.011105586957341698
CDX,SIMPLIFY EXCHANGE TRADED FUN,82889N830,8562000.0,373713,0.011090043798549056
JAJL,INNOVATOR ETFS TRUST,45783Y244,8557000.0,298659,0.011083567482385455
JHSC,JOHN HANCOCK EXCHANGE TRADED,47804J842,8539000.0,204037,0.011060252744196496
JANM,FIRST TR EXCHNG TRADED FD VI,33740U455,8522000.0,262819,0.011038233269240255
FNX,FIRST TR EXCHANGE-TRADED ALP,33735B108,8516000.0,67910,0.011030461689843936
DEO,DIAGEO PLC,25243Q205,8515000.0,89228,0.011029166426611215
ACWI,ISHARES TR,464288257,8513000.0,61579,0.011026575900145774
CLIP,GLOBAL X FDS,37960A438,8491000.0,84556,0.010998080109025933
PBA,PEMBINA PIPELINE CORP,706327103,8482000.0,209650,0.010986422739931452
AVSU,AMERICAN CENTY ETF TR,025072281,8479000.0,115255,0.010982536950233292
CZA,INVESCO EXCHANGE TRADED FD T,46137Y401,8469000.0,77091,0.010969584317906091
FEBW,AIM ETF PRODUCTS TRUST,00888H786,8467000.0,255505,0.010966993791440652
AGNC,AGNC INVT CORP,00123Q104,8447000.0,862825,0.010941088526786252
GNRC,GENERAC HLDGS INC,368736104,8442000.0,50431,0.010934612210622651
XLB,SELECT SECTOR SPDR TR,81369Y100,8395000.0,93678,0.010873734838684809
FLQM,FRANKLIN TEMPLETON ETF TR,35473P884,8357000.0,148050,0.010824514835841447
UGI,UGI CORP NEW,902681105,8341000.0,250783,0.010803790624117926
CDNS,CADENCE DESIGN SYSTEM INC,127387108,8330000.0,23714,0.010789542728558005
FAUG,FIRST TR EXCHNG TRADED FD VI,33740F862,8311000.0,160107,0.010764932727136325
IBHG,ISHARES TR,46436E478,8308000.0,369401,0.010761046937438163
WTRG,ESSENTIAL UTILS INC,29670G102,8296000.0,207908,0.010745503778645523
MTZ,MASTEC INC,576323109,8294000.0,38974,0.010742913252180082
PTNQ,PACER FDS TR,69374H303,8284000.0,106847,0.010729960619852883
EDOW,FIRST TR EXCHANGE-TRADED FD,33733A201,8274000.0,207154,0.010717007987525682
FTSL,FIRST TR EXCHANGE-TRADED FD,33738D309,8234000.0,179625,0.01066519745821688
KJUL,INNOVATOR ETFS TRUST,45782C284,8207000.0,265089,0.010630225350933439
FNOV,FIRST TR EXCHNG TRADED FD VI,33740F847,8183000.0,154720,0.010599139033348158
AMCR,AMCOR PLC,G0250X107,8171000.0,998858,0.010583595874555518
GDEC,FIRST TR EXCHNG TRADED FD VI,33740U679,8166000.0,222633,0.010577119558391917
STRV,EA SERIES TRUST,02072L680,8163000.0,188961,0.010573233768693758
AEE,AMEREN CORP,023608102,8143000.0,78015,0.010547328504039357
ZJUL,INNOVATOR ETFS TRUST,45783Y251,8140000.0,283341,0.010543442714341196
DVYE,ISHARES INC,464286319,8132000.0,273904,0.010533080608479435
CRDO,CREDO TECHNOLOGY GROUP HOLDI,G25457105,8088000.0,55546,0.010476089026239754
WDAY,WORKDAY INC,98138H101,8084000.0,33579,0.010470907973308873
DFGX,DIMENSIONAL ETF TRUST,25434V575,8077000.0,149683,0.010461841130679833
PSLV/U,SPROTT ASSET MANAGEMENT LP,85207K107,8062000.0,513523,0.010442412182189031
SPIB,SPDR SERIES TRUST,78464A375,8052000.0,237589,0.010429459549861832
BBLU,EA SERIES TRUST,02072L714,8046000.0,535382,0.010421687970465512
ISPY,PROSHARES TR,74347G242,8025000.0,177897,0.01039448744257839
CLS,CELESTICA INC,15101Q207,8012000.0,32520,0.010377649020553029
HYGW,ISHARES TR,46436E320,8007000.0,263661,0.01037117270438943
SMMD,ISHARES TR,46435G268,7999000.0,108489,0.01036081059852767
FTLS,FIRST TR EXCH TRADED FD III,33739P103,7996000.0,114314,0.010356924808829509
TOL,TOLL BROTHERS INC,889478103,7988000.0,57829,0.010346562702967748
AZO,AUTOZONE INC,053332102,7966000.0,1857,0.010318066911847907
CCJ,CAMECO CORP,13321L108,7951000.0,94817,0.010298637963357107
HXL,HEXCEL CORP NEW,428291108,7950000.0,126794,0.010297342700124387
IXJ,ISHARES TR,464287325,7941000.0,89603,0.010285685331029908
AEM,AGNICO EAGLE MINES LTD,008474108,7931000.0,47054,0.010272732698702706
UJAN,INNOVATOR ETFS TRUST,45782C300,7897000.0,187452,0.010228693748790225
WBD,WARNER BROS DISCOVERY INC,934423104,7892000.0,404105,0.010222217432626624
IAPR,INNOVATOR ETFS TRUST,45782C367,7880000.0,262074,0.010206674273833984
SPYX,SPDR SERIES TRUST,78468R796,7877000.0,143614,0.010202788484135823
DVN,DEVON ENERGY CORP NEW,25179M103,7865000.0,224317,0.010187245325343182
DFLV,DIMENSIONAL ETF TRUST,25434V666,7843000.0,238393,0.010158749534223343
VCRB,VANGUARD MALVERN FDS,922020748,7842000.0,100015,0.010157454270990622
AOA,ISHARES TR,464289859,7811000.0,88621,0.0101173011107763
MARW,AIM ETF PRODUCTS TRUST,00888H778,7800000.0,232084,0.010103053215216378
IBKR,INTERACTIVE BROKERS GROUP IN,45841N107,7800000.0,113349,0.010103053215216378
OWL,BLUE OWL CAPITAL INC,09581B103,7799000.0,460639,0.01010175795198366
EME,EMCOR GROUP INC,29084Q100,7747000.0,11926,0.010034404263882217
DMAR,FIRST TR EXCHNG TRADED FD VI,33740F615,7740000.0,189851,0.010025337421253177
PKW,INVESCO EXCHANGE TRADED FD T,46137V308,7739000.0,58418,0.010024042158020456
HCA,HCA HEALTHCARE INC,40412C101,7727000.0,18130,0.010008498999227816
ETR,ENTERGY CORP NEW,29364G103,7706000.0,82686,0.009981298471340695
ACWX,ISHARES TR,464288240,7702000.0,118473,0.009976117418409815
ORI,OLD REP INTL CORP,680223104,7700000.0,181305,0.009973526891944374
IHDG,WISDOMTREE TR,97717X594,7686000.0,166798,0.009955393206686295
IGEB,ISHARES TR,46435G219,7632000.0,165748,0.00988544899211941
URA,GLOBAL X FDS,37954Y871,7622000.0,159882,0.00987249635979221
PKG,PACKAGING CORP AMER,695156109,7608000.0,34910,0.00985436267453413
SMMV,ISHARES TR,46435G433,7600000.0,176529,0.00984400056867237
LVHD,LEGG MASON ETF INVT,52468L406,7599000.0,183820,0.00984270530543965
AGGY,WISDOMTREE TR,97717X511,7564000.0,170861,0.009797371092294447
DPZ,DOMINOS PIZZA INC,25754A201,7562000.0,17516,0.009794780565829008
USMC,PRINCIPAL EXCHANGE TRADED FD,74255Y870,7547000.0,110699,0.009775351617338206
CNQ,CANADIAN NAT RES LTD,136385101,7533000.0,235696,0.009757217932080127
CUBE,CUBESMART,229663109,7509000.0,184686,0.009726131614494845
SMR,NUSCALE PWR CORP,67079K100,7508000.0,208556,0.009724836351262126
GSEW,GOLDMAN SACHS ETF TR,381430438,7471000.0,87852,0.009676911611651483
DOL,WISDOMTREE TR,97717W794,7471000.0,120013,0.009676911611651483
OMFL,INVESCO EXCH TRD SLF IDX FD,46138J619,7458000.0,123762,0.009660073189626122
DRI,DARDEN RESTAURANTS INC,237194105,7426000.0,39011,0.009618624766179081
SPMD,SPDR SERIES TRUST,78464A847,7408000.0,129541,0.00959531002799012
SYFI,AB ACTIVE ETFS INC,00039J830,7388000.0,204486,0.00956940476333572
OMC,OMNICOM GROUP INC,681919106,7379000.0,90506,0.009557747394241239
FEGE,RBB FUND TRUST,75526L886,7367000.0,166562,0.009542204235448598
SNEX,STONEX GROUP INC,861896108,7349000.0,72823,0.009518889497259637
IBHI,ISHARES TR,46436E379,7324000.0,307101,0.009486507916441636
SLQD,ISHARES TR,46434V100,7302000.0,143654,0.009458012125321795
ANGL,VANECK ETF TRUST,92189F437,7300000.0,245552,0.009455421598856354
BROS,DUTCH BROS INC,26701L100,7294000.0,139363,0.009447650019460034
AVIG,AMERICAN CENTY ETF TR,025072562,7286000.0,173138,0.009437287913598274
FYX,FIRST TR EXCHANGE-TRADED ALP,33734Y109,7259000.0,66604,0.009402315806314834
FITB,FIFTH THIRD BANCORP,316773100,7256000.0,162871,0.009398430016616673
CGSM,CAPITAL GRP FIXED INCM ETF T,14020Y607,7253000.0,275137,0.009394544226918513
AUGU,AIM ETF PRODUCTS TRUST,00888H562,7243000.0,249865,0.009381591594591312
URNM,SPROTT FDS TR,85208P303,7234000.0,119712,0.009369934225496831
DUSA,DAVIS FUNDAMENTAL ETF TR,23908L207,7196000.0,150218,0.00932071422265347
CINF,CINCINNATI FINL CORP,172062101,7185000.0,45449,0.00930646632709355
TD,TORONTO DOMINION BK ONT,891160509,7174000.0,89731,0.009292218431533628
N/A,NAVIOS MARITIME PARTNERS L P,Y62267409,7152000.0,158749,0.009263722640413788
SUSL,ISHARES TR,46435U218,7151000.0,61099,0.009262427377181068
HASI,HA SUSTAINABLE INFRA CAP INC,41068X100,7146000.0,232781,0.009255951061017467
NLY,ANNALY CAPITAL MANAGEMENT IN,035710839,7124000.0,352502,0.009227455269897628
ABNB,AIRBNB INC,009066101,7122000.0,58652,0.009224864743432187
DAPR,FIRST TR EXCHNG TRADED FD VI,33740U802,7103000.0,183834,0.009200254742010507
WRB,BERKLEY W R CORP,084423102,7087000.0,92499,0.009179530530286984
BSCT,INVESCO EXCH TRD SLF IDX FD,46138J577,7062000.0,375462,0.009147148949468983
GPIQ,GOLDMAN SACHS ETF TR,38149W630,7044000.0,134283,0.009123834211280024
DECM,FIRST TR EXCHNG TRADED FD VI,33740U497,7040000.0,218223,0.009118653158349142
PSFF,PACER FDS TR,69374H568,7035000.0,222671,0.009112176842185543
NVBW,AIM ETF PRODUCTS TRUST,00888H844,7032000.0,211273,0.009108291052487382
BMNR,BITMINE IMMERSION TECNOLOGIE,09175A206,7022000.0,135228,0.009095338420160182
JVAL,J P MORGAN EXCHANGE TRADED F,46641Q753,7000000.0,147375,0.009066842629040341
INDA,ISHARES TR,46429B598,6960000.0,133693,0.009015032099731538
EOG,EOG RES INC,26875P101,6958000.0,62059,0.009012441573266099
XMAR,FIRST TR EXCHNG TRADED FD VI,33740F474,6957000.0,177370,0.009011146310033379
JUNM,FIRST TR EXCHNG TRADED FD VI,33740U588,6956000.0,205676,0.009009851046800658
AOM,ISHARES TR,464289875,6905000.0,145115,0.008943792621931936
TFI,SPDR SERIES TRUST,78468R721,6898000.0,151366,0.008934725779302896
SNY,SANOFI SA,80105N105,6895000.0,146087,0.008930839989604736
BSMQ,INVESCO EXCH TRD SLF IDX FD,46138J510,6883000.0,291342,0.008915296830812094
NU,NU HLDGS LTD,G6683N103,6852000.0,427959,0.008875143670597772
CMS,CMS ENERGY CORP,125896100,6837000.0,93323,0.008855714722106972
SPHY,SPDR SERIES TRUST,78468R606,6806000.0,284302,0.00881556156189265
GRMN,GARMIN LTD,H2906T109,6804000.0,27633,0.00881297103542721
TYL,TYLER TECHNOLOGIES INC,902252105,6791000.0,12982,0.00879613261340185
XMVM,INVESCO EXCHANGE TRADED FD T,46137V456,6789000.0,110164,0.008793542086936411
BKR,BAKER HUGHES COMPANY,05722G100,6783000.0,139223,0.00878577050754009
BNOV,INNOVATOR ETFS TRUST,45782C581,6759000.0,155368,0.00875468418995481
MARM,FIRST TR EXCHNG TRADED FD VI,33740U612,6751000.0,207088,0.008744322084093049
TGTX,TG THERAPEUTICS INC,88322Q108,6745000.0,186711,0.008736550504696728
NJAN,INNOVATOR ETFS TRUST,45782C466,6742000.0,126759,0.008732664714998568
IMTM,ISHARES TR,46434V449,6737000.0,140697,0.008726188398834968
NGG,NATIONAL GRID PLC,636274409,6734000.0,92668,0.008722302609136808
YMAR,FIRST TR EXCHNG TRADED FD VI,33740F573,6721000.0,255992,0.008705464187111447
FCOR,FIDELITY MERRIMACK STR TR,316188101,6715000.0,139902,0.008697692607715128
ICLN,ISHARES TR,464288224,6709000.0,433422,0.008689921028318805
WFC 7.5 PERP L,WELLS FARGO CO NEW,949746804,6708000.0,5435,0.008688625765086087
GNTX,GENTEX CORP,371901109,6706000.0,236956,0.008686035238620646
CLOA,BLACKROCK ETF TRUST II,092528504,6702000.0,128972,0.008680854185689766
EQH,EQUITABLE HLDGS INC,29452E101,6696000.0,131861,0.008673082606293445
XEXGX,EATON VANCE TAX-MANAGED GLOB,27829F108,6688000.0,734998,0.008662720500431684
RSST,TIDAL TRUST II,88636J816,6684000.0,252591,0.008657539447500806
MPWR,MONOLITHIC PWR SYS INC,609839105,6674000.0,7249,0.008644586815173605
VOX,VANGUARD WORLD FD,92204A884,6653000.0,35441,0.008617386287286484
BSJQ,INVESCO EXCH TRD SLF IDX FD,46138J635,6642000.0,283795,0.008603138391726562
CLF,CLEVELAND-CLIFFS INC NEW,185899101,6636000.0,543917,0.008595366812330243
XSD,SPDR SERIES TRUST,78464A862,6630000.0,20777,0.008587595232933922
STLD,STEEL DYNAMICS INC,858119100,6629000.0,47544,0.008586299969701202
CMF,ISHARES TR,464288356,6628000.0,116199,0.008585004706468481
NBTB,NBT BANCORP INC,628778102,6621000.0,158558,0.008575937863839441
XSOE,WISDOMTREE TR,97717X578,6620000.0,174491,0.008574642600606721
IYE,ISHARES TR,464287796,6618000.0,139257,0.008572052074141282
CWI,SPDR INDEX SHS FDS,78463X848,6617000.0,189484,0.008570756810908563
FANG,DIAMONDBACK ENERGY INC,25278X109,6586000.0,46027,0.008530603650694241
HUBB,HUBBELL INC,443510607,6565000.0,15257,0.00850340312280712
INCM,FRANKLIN TEMPLETON ETF TR,35473P439,6544000.0,235917,0.008476202594919997
SHYD,VANECK ETF TRUST,92189F387,6527000.0,285027,0.008454183119963758
BMAR,INNOVATOR ETFS TRUST,45782C391,6495000.0,125879,0.008412734696516716
BSMR,INVESCO EXCH TRD SLF IDX FD,46138J494,6453000.0,272724,0.008358333640742474
IYC,ISHARES TR,464287580,6443000.0,61475,0.008345381008415273
DXJ,WISDOMTREE TR,97717W851,6442000.0,50318,0.008344085745182554
EQT,EQT CORP,26884L109,6407000.0,117719,0.008298751532037352
GEM,GOLDMAN SACHS ETF TR,381430206,6401000.0,157158,0.008290979952641032
SNA,SNAP ON INC,833034101,6396000.0,18457,0.00828450363647743
UAUG,INNOVATOR ETFS TRUST,45782C672,6394000.0,162676,0.008281913110011991
TSME,THRIVENT ETF TRUST,88588G109,6387000.0,153943,0.008272846267382951
BLOK,AMPLIFY ETF TR,032108607,6380000.0,95173,0.00826377942475391
DAC,DANAOS CORPORATION,Y1968P121,6367000.0,70891,0.008246941002728549
PCAR,PACCAR INC,693718108,6355000.0,64632,0.008231397843935909
FHEQ,FIDELITY GREENWOOD STREET TR,31624J745,6351000.0,207005,0.008226216791005029
FPEI,FIRST TR EXCH TRADED FD III,33739P855,6347000.0,328185,0.008221035738074148
FMAR,FIRST TR EXCHNG TRADED FD VI,33740F599,6343000.0,136725,0.008215854685143268
MLI,MUELLER INDS INC,624756102,6333000.0,62633,0.008202902052816069
MCX,MCCORMICK & CO INC,579780206,6312000.0,94332,0.008175701524928948
SMDV,PROSHARES TR,74347B698,6309000.0,94670,0.008171815735230787
FALN,ISHARES TR,46435G474,6305000.0,226970,0.008166634682299907
TEL,TE CONNECTIVITY PLC,G87052109,6301000.0,28703,0.008161453629369026
BR,BROADRIDGE FINL SOLUTIONS IN,11133T103,6301000.0,26455,0.008161453629369026
BOXX,EA SERIES TRUST,02072L565,6300000.0,55335,0.008160158366136306
FE,FIRSTENERGY CORP,337932107,6289000.0,137260,0.008145910470576386
ARE,ALEXANDRIA REAL ESTATE EQ IN,015271109,6275000.0,75295,0.008127776785318305
BMAY,INNOVATOR ETFS TRUST,45782C326,6275000.0,143191,0.008127776785318305
NRG,NRG ENERGY INC,629377508,6241000.0,38534,0.008083737835405823
APO,APOLLO GLOBAL MGMT INC,03769M106,6209000.0,46587,0.00804228941195878
EVTR,MORGAN STANLEY ETF TRUST,61774R841,6201000.0,120526,0.00803192730609702
UTES,ETFIS SER TR I,26923G806,6188000.0,74161,0.008015088884071661
EMQQ,EXCHANGE TRADED CONCEPTS TRU,301505889,6179000.0,133060,0.00800343151497718
BSMS,INVESCO EXCH TRD SLF IDX FD,46138J486,6179000.0,263906,0.00800343151497718
AAAU,GOLDMAN SACHS PHYSICAL GOLD,38150K103,6178000.0,162078,0.00800213625174446
FOCT,FIRST TR EXCHNG TRADED FD VI,33740F664,6168000.0,129831,0.007989183619417261
TOST,TOAST INC,888787108,6163000.0,168793,0.00798270730325366
MPLX,MPLX LP,55336V100,6115000.0,122420,0.007920534668083097
USRT,ISHARES TR,464288521,6103000.0,103934,0.007904991509290457
HPE,HEWLETT PACKARD ENTERPRISE C,42824C109,6086000.0,247805,0.007882972034334216
EVRG,EVERGY INC,30034W106,6084000.0,80034,0.007880381507868775
HYMB,SPDR SERIES TRUST,78464A284,6082000.0,243979,0.007877790981403336
NNN,NNN REIT INC,637417106,6066000.0,142497,0.007857066769679814
DIHP,DIMENSIONAL ETF TRUST,25434V765,6065000.0,199524,0.007855771506447095
VPLS,VANGUARD MALVERN FDS,922020755,6061000.0,77080,0.007850590453516215
ROBO,EXCHANGE TRADED CONCEPTS TRU,301505707,6054000.0,92345,0.007841523610887174
PECO,PHILLIPS EDISON & CO INC,71844V201,6045000.0,176085,0.007829866241792693
NUMG,NUSHARES ETF TR,67092P409,6040000.0,124085,0.007823389925629094
CA8A,CACI INTL INC,127190304,6029000.0,12088,0.0078091420300691735
8CW,CROWN CASTLE INC,22822V101,6027000.0,62461,0.007806551503603733
INDB,INDEPENDENT BK CORP MASS,453836108,6006000.0,86830,0.007779350975716612
NYF,ISHARES TR,464288323,5999000.0,112440,0.007770284133087572
MLM,MARTIN MARIETTA MATLS INC,573284106,5989000.0,9502,0.007757331500760372
Z,ZILLOW GROUP INC,98954M200,5984000.0,77660,0.007750855184596772
NOCT,INNOVATOR ETFS TRUST,45782C615,5956000.0,104845,0.007714587814080609
CHD,CHURCH & DWIGHT CO INC,171340102,5942000.0,67804,0.007696454128822529
MEDI,HARBOR ETF TRUST,41151J869,5940000.0,207933,0.007693863602357089
FMUB,FIDELITY MERRIMACK STR TR,316188853,5921000.0,116422,0.007669253600935408
QQA,INVESCO ACTIVELY MANAGED EXC,46090A689,5920000.0,112497,0.007667958337702688
AQST,AQUESTIVE THERAPEUTICS INC,03843E104,5918000.0,1058725,0.007665367811237248
BUFP,PGIM ROCK ETF TR,69420N718,5917000.0,201441,0.007664072548004527
AOS,SMITH A O CORP,831865209,5914000.0,80565,0.007660186758306368
GJAN,FIRST TR EXCHNG TRADED FD VI,33740F516,5910000.0,141834,0.0076550057053754875
BSJR,INVESCO EXCH TRD SLF IDX FD,46138J585,5896000.0,259260,0.007636872020117407
IYJ,ISHARES TR,464287754,5890000.0,40380,0.007629100440721086
NSY,NICE LTD,653656108,5880000.0,40614,0.007616147808393886
CGW,INVESCO EXCH TRADED FD TR II,46138E263,5879000.0,91518,0.007614852545161165
MP,MP MATERIALS CORP,553368101,5872000.0,87554,0.007605785702532126
RPV,INVESCO EXCHANGE TRADED FD T,46137V258,5871000.0,59080,0.007604490439299405
IP,INTERNATIONAL PAPER CO,460146103,5870000.0,126499,0.007603195176066685
COPX,GLOBAL X FDS,37954Y830,5858000.0,97940,0.007587652017274045
USMF,WISDOMTREE TR,97717Y857,5851000.0,111938,0.007578585174645004
CHI,CALAMOS CONV OPPORTUNITIES &,128117108,5844000.0,541626,0.007569518332015964
DHI,D R HORTON INC,23331A109,5836000.0,34435,0.007559156226154204
TRP,TC ENERGY CORP,87807B107,5835000.0,107243,0.007557860962921484
ARM,ARM HOLDINGS PLC,042068205,5828000.0,41194,0.007548794120292444
CNEQ,THE ALGER ETF TRUST,015564404,5821000.0,165527,0.007539727277663403
RF,REGIONS FINANCIAL CORP NEW,7591EP100,5803000.0,220045,0.007516412539474442
EQIX,EQUINIX INC,29444U700,5791000.0,7394,0.0075008693806818015
PHM,PULTE GROUP INC,745867101,5788000.0,43808,0.007496983590983642
USIG,ISHARES TR,464288620,5786000.0,110795,0.007494393064518202
TEVA,TEVA PHARMACEUTICAL INDS LTD,881624209,5772000.0,285736,0.0074762593792601206
IYT,ISHARES TR,464287192,5763000.0,80371,0.00746460201016564
POWL,POWELL INDS INC,739128106,5743000.0,18842,0.0074386967455112385
SIXG,ETF SER SOLUTIONS,26922A289,5726000.0,92831,0.0074166772705549985
SSUS,STRATEGY SHS,86280R803,5726000.0,118542,0.0074166772705549985
BDYN,BLACKROCK ETF TRUST,09290C723,5716000.0,225837,0.007403724638227798
CMA,COMERICA INC,200340107,5691000.0,83057,0.007371343057409797
TBUX,T ROWE PRICE ETF INC,87283Q701,5690000.0,114162,0.007370047794177077
MFIC,MIDCAP FINANCIAL INVSTMNT CO,03761U502,5687000.0,474348,0.007366162004478916
IJUL,INNOVATOR ETFS TRUST,45782C722,5683000.0,173878,0.007360980951548036
JHMB,JOHN HANCOCK EXCHANGE TRADED,47804J792,5682000.0,256749,0.0073596856883153166
PPG,PPG INDS INC,693506107,5678000.0,54015,0.0073545046353844365
FXR,FIRST TR EXCHANGE TRADED FD,33734X150,5664000.0,72561,0.007336370950126355
HIMS,HIMS & HERS HEALTH INC,433000106,5664000.0,99852,0.007336370950126355
NUMV,NUSHARES ETF TR,67092P508,5649000.0,146011,0.007316942001635554
RSSE,FIRST TR EXCHNG TRADED FD VI,33740F185,5643000.0,266812,0.007309170422239235
QQQE,DIREXION SHS ETF TR,25459Y207,5636000.0,55464,0.007300103579610194
HFXI,NEW YORK LIFE INVESTMENTS ET,45409B560,5633000.0,181667,0.007296217789912035
FDMO,FIDELITY COVINGTON TRUST,316092816,5632000.0,67714,0.0072949225266793144
BE,BLOOM ENERGY CORP,093712107,5631000.0,66586,0.007293627263446594
MDB,MONGODB INC,60937P106,5627000.0,18131,0.007288446210515713
NUSC,NUSHARES ETF TR,67092P607,5622000.0,127473,0.007281969894352114
DMAY,FIRST TR EXCHNG TRADED FD VI,33740F730,5617000.0,126742,0.007275493578188513
BSCU,INVESCO EXCH TRD SLF IDX FD,46138J460,5615000.0,332249,0.007272903051723073
ITB,ISHARES TR,464288752,5594000.0,52157,0.007245702523835953
MUST,COLUMBIA ETF TR I,19761L607,5594000.0,272463,0.007245702523835953
BDJ,BLACKROCK ENHANCED EQUITY DI,09251A104,5584000.0,612985,0.007232749891508752
DISV,DIMENSIONAL ETF TRUST,25434V781,5577000.0,156261,0.007223683048879711
IJAN,INNOVATOR ETFS TRUST,45782C524,5569000.0,158260,0.007213320943017951
GSBD,GOLDMAN SACHS BDC INC,38147U107,5560000.0,546677,0.00720166357392347
RE,EVEREST GROUP LTD,G3223R108,5555000.0,15861,0.00719518725775987
LRGE,LEGG MASON ETF INVT,524682200,5531000.0,66351,0.007164100940174589
HLT,HILTON WORLDWIDE HLDGS INC,43300A203,5521000.0,21281,0.007151148307847389
OVLH,LISTED FDS TR,53656F581,5515000.0,141407,0.0071433767284510685
KEY,KEYCORP,493267108,5515000.0,295087,0.0071433767284510685
PREF,PRINCIPAL EXCHANGE TRADED FD,74255Y888,5508000.0,287794,0.007134309885822027
GAPR,FIRST TR EXCHNG TRADED FD VI,33740F458,5477000.0,139562,0.007094156725607707
ALAI,THE ALGER ETF TRUST,015564503,5477000.0,146058,0.007094156725607707
TSPA,T ROWE PRICE ETF INC,87283Q503,5475000.0,130636,0.007091566199142267
DGRS,WISDOMTREE TR,97717X651,5466000.0,109372,0.007079908830047786
DIVI,FRANKLIN TEMPLETON ETF TR,35473P108,5451000.0,146112,0.007060479881556985
XRNPX,COHEN & STEERS REIT & PFD &,19247X100,5442000.0,242100,0.0070488225124625044
DSEP,FIRST TR EXCHNG TRADED FD VI,33740F680,5419000.0,122605,0.007019031458109944
IYR,ISHARES TR,464287739,5407000.0,55696,0.007003488299317303
BMO,BANK MONTREAL QUE,063671101,5395000.0,41421,0.006987945140524662
NAPR,INNOVATOR ETFS TRUST,45782C334,5393000.0,102423,0.006985354614059222
VAW,VANGUARD WORLD FD,92204A801,5363000.0,26178,0.00694649671707762
CHAT,TIDAL TRUST II,88636J600,5355000.0,87073,0.00693613461121586
ARKQ,ARK ETF TR,00214Q203,5355000.0,48004,0.00693613461121586
BIZD,VANECK ETF TRUST,92189F411,5349000.0,358050,0.006928363031819541
AGOX,STARBOARD INVT TR,85521B742,5347000.0,174178,0.0069257725053541
XJUL,FIRST TR EXCHNG TRADED FD VI,33740F425,5347000.0,139369,0.0069257725053541
MUA,BLACKROCK MUNIASSETS FD INC,09254J102,5343000.0,481341,0.006920591452423219
JPEM,J P MORGAN EXCHANGE TRADED F,46641Q308,5340000.0,90523,0.00691670566272506
FNDA,SCHWAB STRATEGIC TR,808524763,5336000.0,171243,0.006911524609794179
ETHE,GRAYSCALE ETHEREUM TRUST ETF,389638107,5327000.0,155450,0.006899867240699699
IWX,ISHARES TR,464289420,5311000.0,60431,0.006879143028976179
EES,WISDOMTREE TR,97717W562,5309000.0,95017,0.006876552502510738
EMGF,ISHARES INC,46434G889,5304000.0,93738,0.0068700761863471375
PBT,PERMIAN BASIN RTY TR,714236106,5303000.0,290577,0.006868780923114419
VNLA,JANUS DETROIT STR TR,47103U886,5300000.0,107536,0.006864895133416258
VRP,INVESCO EXCH TRADED FD TR II,46138G870,5299000.0,214527,0.006863599870183538
IVOV,VANGUARD ADMIRAL FDS INC,921932844,5297000.0,52566,0.006861009343718098
IAT,ISHARES TR,464288778,5296000.0,100820,0.006859714080485377
JULU,AIM ETF PRODUCTS TRUST,00888H570,5293000.0,180901,0.0068558282907872185
XYLD,GLOBAL X FDS,37954Y475,5262000.0,134023,0.0068156751305728965
AVGE,AMERICAN CENTY ETF TR,025072232,5257000.0,63026,0.006809198814409295
NTR,NUTRIEN LTD,67077M108,5257000.0,89546,0.006809198814409295
PFG,PRINCIPAL FINANCIAL GROUP IN,74251V102,5251000.0,63339,0.006801427235012976
WSO,WATSCO INC,942622200,5248000.0,12981,0.006797541445314815
OGE,OGE ENERGY CORP,670837103,5244000.0,113337,0.006792360392383936
GPIX,GOLDMAN SACHS ETF TR,38149W622,5235000.0,100232,0.006780703023289454
BWXT,BWX TECHNOLOGIES INC,05605H100,5233000.0,28384,0.006778112496824015
GQI,NATIXIS ETF TR,63873X307,5233000.0,93360,0.006778112496824015
NTRS,NORTHERN TR CORP,665859104,5216000.0,38750,0.006756093021867773
UAPR,INNOVATOR ETFS TRUST,45782C805,5199000.0,161762,0.006734073546911533
EIX,EDISON INTL,281020107,5198000.0,94030,0.006732778283678812
EUSA,ISHARES INC,464286681,5190000.0,50404,0.006722416177817052
PBTP,INVESCO EXCH TRADED FD TR II,46138E495,5186000.0,198445,0.006717235124886173
EDIV,SPDR INDEX SHS FDS,78463X533,5185000.0,133453,0.006715939861653452
ATO,ATMOS ENERGY CORP,049560105,5184000.0,30360,0.006714644598420733
IQV,IQVIA HLDGS INC,46266C105,5147000.0,27100,0.006666719858810091
JHMD,JOHN HANCOCK EXCHANGE TRADED,47804J859,5138000.0,128523,0.006655062489715609
EWJ,ISHARES INC,46434G822,5127000.0,63918,0.00664081459415569
FLMI,FRANKLIN TEMPLETON ETF TR,35473P868,5125000.0,206884,0.00663822406769025
LH,LABCORP HOLDINGS INC,504922105,5120000.0,17837,0.0066317477515266485
MINO,PIMCO ETF TR,72201R635,5109000.0,112758,0.006617499855966728
FBT,FIRST TR EXCHANGE-TRADED FD,33733E203,5102000.0,28458,0.006608433013337688
LQDW,ISHARES TR,46436E288,5094000.0,201570,0.006598070907475928
N/A,CRH PLC,G25508105,5087000.0,42428,0.006589004064846888
TAP,MOLSON COORS BEVERAGE CO,60871R209,5085000.0,112385,0.006586413538381447
OUNZ,VANECK MERK GOLD ETF,921078101,5084000.0,136700,0.006585118275148728
IGF,ISHARES TR,464288372,5083000.0,83161,0.006583823011916007
PBDC,PUTNAM ETF TRUST,746729508,5083000.0,159933,0.006583823011916007
INCO,COLUMBIA ETF TR II,19762B707,5082000.0,78583,0.006582527748683287
NAD,NUVEEN QUALITY MUNCP INCOME,67066V101,5079000.0,434493,0.006578641958985128
VPL,VANGUARD INTL EQUITY INDEX F,922042866,5076000.0,57785,0.006574756169286967
TLTW,ISHARES TR,46436E338,5068000.0,216755,0.006564394063425207
BJUN,INNOVATOR ETFS TRUST,45782C755,5057000.0,110566,0.0065501461678652865
AUGT,AIM ETF PRODUCTS TRUST,00888H729,5049000.0,144752,0.006539784062003526
N/A,NEBIUS GROUP N.V.,N97284108,5030000.0,44800,0.006515174060581845
HMOP,HARTFORD FDS EXCHANGE TRADED,41653L503,5028000.0,129009,0.0065125835341164045
UAL,UNITED AIRLS HLDGS INC,910047109,5015000.0,51974,0.006495745112091044
NJR,NEW JERSEY RES CORP,646025106,4998000.0,103806,0.006473725637134804
VICI,VICI PPTYS INC,925652109,4995000.0,153186,0.006469839847436643
IGLB,ISHARES TR,464289511,4991000.0,96833,0.006464658794505763
DTM,DT MIDSTREAM INC,23345M107,4985000.0,44092,0.006456887215109442
XEVTX,EATON VANCE TAX ADVT DIV INC,27828G107,4982000.0,203769,0.006453001425411282
APRT,AIM ETF PRODUCTS TRUST,00888H109,4977000.0,122272,0.006446525109247682
HWKN,HAWKINS INC,420261109,4972000.0,27212,0.006440048793084081
MCHP,MICROCHIP TECHNOLOGY INC.,595017104,4940000.0,76917,0.0063986003696370405
HEI,HEICO CORP NEW,422806109,4923000.0,15250,0.0063765808946808
UTEN,RBB FD INC,74933W536,4912000.0,111074,0.00636233299912088
HDEF,DBX ETF TR,233051630,4910000.0,166908,0.006359742472655439
AVO,MISSION PRODUCE INC,60510V108,4905000.0,408096,0.006353266156491838
KK0,NEXTNAV INC,65345N106,4905000.0,343036,0.006353266156491838
TAXF,AMERICAN CENTY ETF TR,025072505,4902000.0,97596,0.006349380366793679
HYGV,FLEXSHARES TR,33939L662,4893000.0,118766,0.006337722997699199
BLMN,BLOOMIN BRANDS INC,094235108,4892000.0,682343,0.0063364277344664785
BAPR,INNOVATOR ETFS TRUST,45782C888,4890000.0,104244,0.006333837208001038
SPBU,AIM ETF PRODUCTS TRUST,00888H455,4889000.0,176465,0.006332541944768318
DKNG,DRAFTKINGS INC NEW,26142V105,4878000.0,130439,0.006318294049208397
DOCT,FIRST TR EXCHNG TRADED FD VI,33740F672,4869000.0,112698,0.006306636680113917
VCLT,VANGUARD SCOTTSDALE FDS,92206C813,4868000.0,62688,0.006305341416881197
BLDR,BUILDERS FIRSTSOURCE INC,12008R107,4862000.0,40097,0.006297569837484877
DDTL,INNOVATOR ETFS TRUST,45784N510,4851000.0,237002,0.006283321941924956
NVG,NUVEEN AMT FREE MUN CR INC F,67071L106,4848000.0,394447,0.006279436152226796
BCX,BLACKROCK RES & COMMODITIES,09257A108,4836000.0,475563,0.0062638929934341545
UYLD,ANGEL OAK FUNDS TRUST,03463K752,4835000.0,94526,0.006262597730201436
ZSEP,INNOVATOR ETFS TRUST,45784N106,4826000.0,182187,0.006250940361106954
QUS,SPDR SERIES TRUST,78468R812,4820000.0,28154,0.006243168781710634
HPI,HANCOCK JOHN PFD INCOME FD,41013W108,4812000.0,277343,0.006232806675848874
IDHQ,INVESCO EXCH TRADED FD TR II,46138E214,4811000.0,142976,0.006231511412616154
YSEP,FIRST TR EXCHNG TRADED FD VI,33740U828,4810000.0,188610,0.006230216149383434
JHPI,JOHN HANCOCK EXCHANGE TRADED,47804J776,4800000.0,207182,0.0062172635170562335
INDS,PACER FDS TR,69374H766,4775000.0,128320,0.0061848819362382325
DFAW,DIMENSIONAL ETF TRUST,25434V617,4772000.0,66410,0.006180996146540072
XME,SPDR SERIES TRUST,78464A755,4765000.0,51135,0.006171929303911032
PID,INVESCO EXCHANGE TRADED FD T,46137V548,4760000.0,223816,0.006165452987747431
DFIS,DIMENSIONAL ETF TRUST,25434V773,4751000.0,150213,0.006153795618652951
SUSC,ISHARES TR,46435G193,4742000.0,201270,0.00614213824955847
MAIN,MAIN STR CAP CORP,56035L104,4741000.0,74550,0.006140842986325751
BHP,BHP GROUP LTD,088606108,4741000.0,85046,0.006140842986325751
URTH,ISHARES INC,464286392,4730000.0,26050,0.006126595090765829
IEO*,ISHARES TR,464288851,4719000.0,50960,0.006112347195205909
AOR,ISHARES TR,464289867,4716000.0,73249,0.00610846140550775
IYM,ISHARES TR,464287838,4716000.0,31822,0.00610846140550775
FXG,FIRST TR EXCHANGE TRADED FD,33734X119,4715000.0,75234,0.006107166142275029
FLV,AMERICAN CENTY ETF TR,025072794,4714000.0,63921,0.00610587087904231
IBMN,ISHARES TR,46435U432,4702000.0,175509,0.0060903277202496685
LYB,LYONDELLBASELL INDUSTRIES N,N53745100,4700000.0,95831,0.006087737193784228
TMFC,RBB FD INC,74933W601,4699000.0,66624,0.006086441930551509
IBHH,ISHARES TR,46436E387,4695000.0,196787,0.006081260877620629
BAR,GRANITESHARES GOLD TR,38748G101,4693000.0,123294,0.006078670351155188
MFSI,MFS ACTIVE EXCHANGE TRADED F,55286W405,4678000.0,158367,0.006059241402664387
VTHR,VANGUARD SCOTTSDALE FDS,92206C599,4678000.0,15895,0.006059241402664387
QLTY,2023 ETF SERIES TRUST II,90139K100,4678000.0,129256,0.006059241402664387
SONY,SONY GROUP CORP,835699307,4664000.0,161986,0.006041107717406307
APIE,TRUST FOR PROFESSIONAL MANAG,89834G737,4663000.0,131375,0.006039812454173586
OCTU,AIM ETF PRODUCTS TRUST,00888H547,4653000.0,166265,0.006026859821846387
DJUN,FIRST TR EXCHNG TRADED FD VI,33740F714,4628000.0,99532,0.005994478241028386
PSI,INVESCO EXCHANGE TRADED FD T,46137V647,4627000.0,65791,0.005993182977795665
MGNI,MAGNITE INC,55955D100,4624000.0,212318,0.005989297188097505
TMHC,TAYLOR MORRISON HOME CORP,87724P106,4616000.0,69923,0.005978935082235745
CFG,CITIZENS FINL GROUP INC,174610105,4613000.0,86779,0.005975049292537585
DOV,DOVER CORP,260003108,4606000.0,27611,0.005965982449908544
DDFS,INNOVATOR ETFS TRUST,45784N486,4603000.0,220348,0.005962096660210384
PFFA,ETFIS SER TR I,26923G822,4591000.0,211469,0.0059465535014177435
CFA,VICTORY PORTFOLIOS II,92647N766,4590000.0,50447,0.005945258238185023
JSMD,JANUS DETROIT STR TR,47103U209,4585000.0,54833,0.0059387819220214225
MORN,MORNINGSTAR INC,617700109,4578000.0,19732,0.005929715079392383
AG8,AGILENT TECHNOLOGIES INC,00846U101,4570000.0,35605,0.0059193529735306226
ISCG,ISHARES TR,464288604,4543000.0,83645,0.005884380866247181
RITM,RITHM CAPITAL CORP,64828T201,4539000.0,398464,0.0058791998133163005
IONQ,IONQ INC,46222L108,4534000.0,73732,0.005872723497152701
APG,API GROUP CORP,00187Y100,4526000.0,131674,0.005862361391290941
JMTG,J P MORGAN EXCHANGE TRADED F,46654Q575,4522000.0,88658,0.00585718033836006
DEUS,DBX ETF TR,233051481,4521000.0,77827,0.00585588507512734
RLI,RLI CORP,749607107,4519000.0,69283,0.0058532945486619
HAS,HASBRO INC,418056107,4517000.0,59547,0.005850704022196459
FLR,FLUOR CORP NEW,343412102,4512000.0,107245,0.005844227706032859
TTWO,TAKE-TWO INTERACTIVE SOFTWAR,874054109,4492000.0,17386,0.005818322441378459
FTRB,FEDERATED HERMES ETF TRUST,31423L404,4482000.0,176537,0.005805369809051259
CRSP,CRISPR THERAPEUTICS AG,H17182108,4478000.0,69097,0.005800188756120378
AVY,AVERY DENNISON CORP,053611109,4475000.0,27597,0.005796302966422218
TM,TOYOTA MOTOR CORP,892331307,4472000.0,23402,0.0057924171767240575
WWD,WOODWARD INC,980745103,4468000.0,17678,0.005787236123793177
TDY,TELEDYNE TECHNOLOGIES INC,879360105,4451000.0,7595,0.0057652166488369365
MGM,MGM RESORTS INTERNATIONAL,552953101,4445000.0,128244,0.005757445069440616
RAFE,PIMCO EQUITY SER,72201T342,4431000.0,108859,0.005739311384182535
BSJP,INVESCO EXCH TRD SLF IDX FD,46138J817,4427000.0,191988,0.005734130331251655
MOH,MOLINA HEALTHCARE INC,60855R100,4414000.0,23065,0.005717291909226295
DCO,DUCOMMUN INC DEL,264147109,4412000.0,45895,0.005714701382760854
BDVL,BLACKROCK ETF TRUST,09290C715,4406000.0,176231,0.005706929803364534
PAYC,PAYCOM SOFTWARE INC,70432V102,4400000.0,21139,0.005699158223968214
ARTY,ISHARES TR,46435U556,4400000.0,96121,0.005699158223968214
PTL,NORTHERN LTS FD TR IV,66537J796,4400000.0,17654,0.005699158223968214
RQI,COHEN & STEERS QUALITY INCOM,19247L106,4391000.0,352146,0.005687500854873733
EBA,EBAY INC.,278642103,4386000.0,48221,0.005681024538710133
DJP,BARCLAYS BANK PLC,06738C778,4379000.0,123568,0.005671957696081093
IBDZ,ISHARES TR,46438G653,4379000.0,165418,0.005671957696081093
SE,SEA LTD,81141R100,4378000.0,24498,0.005670662432848373
DDFL,INNOVATOR ETFS TRUST,45784N536,4373000.0,216524,0.005664186116684773
SIXO,AIM ETF PRODUCTS TRUST,00888H877,4370000.0,128900,0.005660300326986613
TQQQ,PROSHARES TR,74347X831,4357000.0,42137,0.0056434619049612516
EZM,WISDOMTREE TR,97717W570,4356000.0,66091,0.005642166641728532
UGA,UNITED STS GASOLINE FD LP,91201T102,4356000.0,67541,0.005642166641728532
FUMB,FIRST TR EXCH TRADED FD III,33740J104,4344000.0,216128,0.005626623482935892
HTGC,HERCULES CAPITAL INC,427096508,4324000.0,228669,0.00560071821828149
JANT,AIM ETF PRODUCTS TRUST,00888H703,4323000.0,108675,0.00559942295504877
DUSB,DIMENSIONAL ETF TRUST,25434V591,4297000.0,84618,0.005565746110998049
XHB,SPDR SERIES TRUST,78464A888,4294000.0,38756,0.005561860321299889
SCHO,SCHWAB STRATEGIC TR,808524862,4292000.0,175916,0.005559269794834449
ALNY,ALNYLAM PHARMACEUTICALS INC,02043Q107,4289000.0,9407,0.005555384005136288
CPRT,COPART INC,217204106,4286000.0,95317,0.0055514982154381285
EXAS,EXACT SCIENCES CORP,30063P105,4284000.0,78306,0.005548907688972688
PODD,INSULET CORP,45784P101,4272000.0,13839,0.005533364530180048
JUNW,AIM ETF PRODUCTS TRUST,00888H737,4269000.0,130214,0.005529478740481888
FTRI,FIRST TR EXCHANGE TRADED FD,33734X838,4261000.0,280399,0.005519116634620127
RFI,COHEN & STEERS TOTAL RETURN,19247R103,4255000.0,351643,0.005511345055223807
TTE,TOTALENERGIES SE,89151E109,4254000.0,71261,0.005510049791991087
KVUE,KENVUE INC,49177J102,4242000.0,261356,0.0054945066331984465
HISF,FIRST TR EXCHANGE-TRADED FD,33739Q309,4234000.0,93741,0.005484144527336686
PXF,INVESCO EXCH TRADED FD TR II,46138E743,4234000.0,69214,0.005484144527336686
JPX,AEROVIRONMENT INC,008073108,4230000.0,13432,0.005478963474405805
QS,QUANTUMSCAPE CORP,74767V109,4228000.0,343185,0.005476372947940366
RPM,RPM INTL INC,749685103,4225000.0,35839,0.005472487158242206
CHKP,CHECK POINT SOFTWARE TECH LT,M22465104,4224000.0,20416,0.005471191895009486
HAL,HALLIBURTON CO,406216101,4223000.0,171648,0.005469896631776766
CAC,CAMDEN NATL CORP,133034108,4221000.0,109376,0.0054673061053113255
XBXMX,NUVEEN S&P 500 BUY-WRITE INC,6706ER101,4218000.0,292118,0.005463420315613165
PFM,INVESCO EXCHANGE TRADED FD T,46137V506,4218000.0,83134,0.005463420315613165
BFEB,INNOVATOR ETFS TRUST,45782C433,4215000.0,89204,0.0054595345259150045
IBMP,ISHARES TR,46435U283,4211000.0,165304,0.005454353472984124
JIVE,J P MORGAN EXCHANGE TRADED F,46654Q757,4205000.0,55771,0.005446581893587804
UAA,UNDER ARMOUR INC,904311107,4194000.0,840468,0.005432333998027884
BSJS,INVESCO EXCH TRD SLF IDX FD,46138J452,4185000.0,189537,0.005420676628933404
XFFCX,FLAHERTY & CRUMRINE PFD SECS,338478100,4173000.0,247095,0.005405133470140763
ETG,EATON VANCE TX ADV GLBL DIV,27828S101,4170000.0,197370,0.005401247680442603
ZDEK,INNOVATOR ETFS TRUST,45784N858,4168000.0,164995,0.005398657153977163
KRE,SPDR SERIES TRUST,78464A698,4166000.0,65812,0.005396066627511723
AVSD,AMERICAN CENTY ETF TR,025072299,4162000.0,58174,0.005390885574580842
SAP,SAP SE,803054204,4161000.0,15572,0.005389590311348122
EALT,INNOVATOR ETFS TRUST,45783Y475,4153000.0,120189,0.005379228205486362
LDEM,ISHARES TR,46436E601,4143000.0,70301,0.005366275573159161
FMUN,FIDELITY MERRIMACK STR TR,316188846,4136000.0,83018,0.005357208730530121
ALB,ALBEMARLE CORP,012653101,4135000.0,51000,0.005355913467297402
WBS,WEBSTER FINL CORP,947890109,4119000.0,69290,0.00533518925557388
LDUR,PIMCO ETF TR,72201R718,4113000.0,42777,0.00532741767617756
IUS,INVESCO EXCH TRD SLF IDX FD,46138J742,4106000.0,74367,0.00531835083354852
UFEB,INNOVATOR ETFS TRUST,45782C425,4092000.0,114331,0.005300217148290439
LULU,LULULEMON ATHLETICA INC,550021109,4075000.0,22903,0.005278197673334198
TSN,TYSON FOODS INC,902494103,4050000.0,74594,0.0052458160925161965
WFRD,WEATHERFORD INTL PLC,G48833118,4049000.0,59172,0.005244520829283477
ITT,ITT INC,45073V108,4049000.0,22650,0.005244520829283477
IDOG,ALPS ETF TR,00162Q718,4038000.0,113419,0.005230272933723556
POWA,INVESCO EXCH TRD SLF IDX FD,46138J775,4031000.0,44526,0.0052212060910945155
APA,APA CORPORATION,03743Q108,4026000.0,165831,0.005214729774930916
TOUS,T ROWE PRICE ETF INC,87283Q834,4024000.0,119695,0.005212139248465476
LEN,LENNAR CORP,526057104,4024000.0,31925,0.005212139248465476
BLCV,BLACKROCK ETF TRUST,09290C871,4023000.0,112134,0.005210843985232756
IBMO,ISHARES TR,46435U259,4014000.0,156447,0.0051991866161382756
IAI,ISHARES TR,464288794,4013000.0,22686,0.005197891352905555
APCB,TRUST FOR PROFESSIONAL MANAG,89834G752,4008000.0,134351,0.005191415036741955
VTR,VENTAS INC,92276F100,4007000.0,57255,0.005190119773509235
INTF,ISHARES TR,46434V274,4000000.0,111384,0.005181052930880195
GOCT,FIRST TR EXCHNG TRADED FD VI,33740U695,3994000.0,104251,0.005173281351483874
WDI,WESTERN ASSET DIVERSIFIED IN,95790K109,3992000.0,271391,0.005170690825018434
TARS,TARSUS PHARMACEUTICALS INC,87650L103,3979000.0,66954,0.005153852402993073
RWR,SPDR SERIES TRUST,78464A607,3955000.0,39438,0.005122766085407793
FMAT,FIDELITY COVINGTON TRUST,316092881,3946000.0,75266,0.005111108716313312
IBTP,ISHARES TR,46438G646,3944000.0,152219,0.005108518189847872
FEBT,AIM ETF PRODUCTS TRUST,00888H828,3939000.0,106337,0.0051020418736842715
CNP,CENTERPOINT ENERGY INC,15189T107,3937000.0,101459,0.0050994513472188314
HRL,HORMEL FOODS CORP,440452100,3933000.0,158988,0.005094270294287951
JUNT,AIM ETF PRODUCTS TRUST,00888H745,3918000.0,110185,0.0050748413457971505
IREN,IREN LIMITED,Q4982L109,3893000.0,82943,0.0050424597649791495
NI,NISOURCE INC,65473P105,3886000.0,89743,0.005033392922350109
TOTL,SSGA ACTIVE ETF TR,78467V848,3886000.0,95785,0.005033392922350109
ISCF,ISHARES TR,46434V266,3880000.0,94337,0.005025621342953789
SILJ,AMPLIFY ETF TR,032108649,3877000.0,167902,0.005021735553255629
SLVR,SPROTT FDS TR,85208P873,3877000.0,87451,0.005021735553255629
ASTS,AST SPACEMOBILE INC,00217D100,3867000.0,78780,0.005008782920928428
AME,AMETEK INC,031100100,3854000.0,20499,0.004991944498903068
AVMU,AMERICAN CENTY ETF TR,025072695,3849000.0,84405,0.0049854681827394675
ETV,EATON VANCE TAX-MANAGED BUY-,27828Y108,3843000.0,269702,0.004977696603343147
VGLT,VANGUARD SCOTTSDALE FDS,92206C847,3840000.0,67541,0.004973810813644987
IEUR,ISHARES TR,46434V738,3839000.0,56363,0.004972515550412267
AM,ANTERO MIDSTREAM CORP,03676B102,3827000.0,196884,0.004956972391619626
ABR,ARBOR REALTY TRUST INC,038923108,3826000.0,313372,0.004955677128386906
CAVA,CAVA GROUP INC,148929102,3819000.0,63213,0.004946610285757866
CELH,CELSIUS HLDGS INC,15118V207,3813000.0,66316,0.004938838706361546
BHLB,BEACON FINANCIAL CORP.,084680107,3812000.0,160761,0.004937543443128825
GL,GLOBE LIFE INC,37959E102,3807000.0,26628,0.004931067126965225
EYLD,CAMBRIA ETF TR,132061706,3804000.0,102258,0.004927181337267065
QDF,FLEXSHARES TR,33939L860,3803000.0,47894,0.004925886074034345
BAC 7.25 PERP L,BANK AMERICA CORP,060505682,3799000.0,2968,0.0049207050211034645
HFRO,HIGHLAND OPPS & INCOME FD,43010E404,3784000.0,595969,0.004901276072612664
USXF,ISHARES TR,46436E767,3784000.0,66035,0.004901276072612664
FCT,FIRST TR SR FLTG RATE INCOME,33733U108,3780000.0,377965,0.004896095019681784
NWE,NORTHWESTERN ENERGY GROUP IN,668074305,3778000.0,64460,0.0048935044932163435
CG,CARLYLE GROUP INC,14316J108,3774000.0,60193,0.0048883234402854634
SBR,SABINE RTY TR,785688102,3773000.0,47478,0.004887028177052743
ACM,AECOM,00766T100,3772000.0,28915,0.004885732913820023
LUMN,LUMEN TECHNOLOGIES INC,550241103,3754000.0,613369,0.004862418175631063
KOMP,SPDR SERIES TRUST,78468R648,3754000.0,60293,0.004862418175631063
RSPN,INVESCO EXCHANGE TRADED FD T,46137V324,3749000.0,66831,0.004855941859467462
BUD,ANHEUSER BUSCH INBEV SA/NV,03524A108,3744000.0,62806,0.004849465543303862
VSGX,VANGUARD WORLD FD,921910725,3740000.0,53912,0.004844284490372982
NUV,NUVEEN MUN VALUE FD INC,670928100,3738000.0,416230,0.004841693963907542
TRPA,HARTFORD FDS EXCHANGE TRADED,41653L602,3733000.0,95993,0.004835217647743941
HUBS,HUBSPOT INC,443573100,3733000.0,7979,0.004835217647743941
BSMT,INVESCO EXCH TRD SLF IDX FD,46138J478,3723000.0,161155,0.004822265015416741
RSPH,INVESCO EXCHANGE TRADED FD T,46137V332,3719000.0,126530,0.004817083962485861
LECO,LINCOLN ELEC HLDGS INC,533900106,3713000.0,15743,0.004809312383089541
DINT,DAVIS FUNDAMENTAL ETF TR,23908L405,3710000.0,132588,0.00480542659339138
ISCV,ISHARES TR,464288703,3707000.0,55624,0.0048015408036932205
PNW,PINNACLE WEST CAP CORP,723484101,3704000.0,41316,0.00479765501399506
DFSU,DIMENSIONAL ETF TRUST,25434V716,3694000.0,86965,0.00478470238166786
GCOR,GOLDMAN SACHS ETF TR,38149W101,3694000.0,88424,0.00478470238166786
BCHP,PRINCIPAL EXCHANGE TRADED FD,74255Y714,3691000.0,98072,0.004780816591969699
SCHZ,SCHWAB STRATEGIC TR,808524839,3682000.0,156863,0.004769159222875219
RDIV,INVESCO EXCH TRADED FD TR II,46138G656,3679000.0,70584,0.004765273433177059
TMSL,T ROWE PRICE ETF INC,87283Q826,3678000.0,104568,0.004763978169944339
RING,ISHARES INC,46434G855,3668000.0,56690,0.004751025537617138
OCTT,AIM ETF PRODUCTS TRUST,00888H604,3663000.0,85953,0.0047445492214535385
XMPT,VANECK ETF TRUST,92189F460,3657000.0,167046,0.0047367776420572175
CAG,CONAGRA BRANDS INC,205887102,3648000.0,199260,0.004725120272962738
SIXP,AIM ETF PRODUCTS TRUST,00888H661,3648000.0,118412,0.004725120272962738
LUV,SOUTHWEST AIRLS CO,844741108,3646000.0,114267,0.004722529746497297
CSQ,CALAMOS STRATEGIC TOTAL RETU,128125101,3645000.0,188947,0.004721234483264577
MMIT,NEW YORK LIFE INVTS ACTIVE E,45409F827,3640000.0,149796,0.0047147581671009775
HYLS,FIRST TR EXCHANGE-TRADED FD,33738D408,3628000.0,86272,0.004699215008308336
GSY,INVESCO ACTIVELY MANAGED EXC,46090A887,3618000.0,72022,0.004686262375981136
DFAR,DIMENSIONAL ETF TRUST,25434V823,3612000.0,151454,0.004678490796584816
RKT,ROCKET COS INC,77311W101,3611000.0,186308,0.0046771955333520954
BSCW,INVESCO EXCH TRD SLF IDX FD,46139W858,3610000.0,172898,0.004675900270119376
ZBH,ZIMMER BIOMET HOLDINGS INC,98956P102,3606000.0,36604,0.004670719217188496
FIX,COMFORT SYS USA INC,199908104,3603000.0,4366,0.004666833427490335
GGG,GRACO INC,384109104,3598000.0,42352,0.004660357111326735
QCLN,FIRST TR EXCHANGE-TRADED FD,33733E500,3594000.0,85659,0.004655176058395855
BUG,GLOBAL X FDS,37954Y384,3591000.0,102040,0.004651290268697695
NAK,NORTHERN DYNASTY MINERALS LT,66510M204,3584000.0,2986579,0.004642223426068654
PEY,INVESCO EXCHANGE TRADED FD T,46137V563,3578000.0,169822,0.004634451846672334
HQY,HEALTHEQUITY INC,42226A107,3577000.0,37741,0.004633156583439614
AAPR,INNOVATOR ETFS TRUST,45783Y335,3567000.0,127703,0.0046202039511124135
SOUN,SOUNDHOUND AI INC,836100107,3563000.0,221590,0.004615022898181533
QSR,RESTAURANT BRANDS INTL INC,76131D103,3556000.0,55435,0.004605956055552493
SFM,SPROUTS FMRS MKT INC,85208M102,3555000.0,32671,0.004604660792319773
XOP,SPDR SERIES TRUST,78468R556,3554000.0,26887,0.004603365529087053
OIH,VANECK ETF TRUST,92189H607,3549000.0,13655,0.004596889212923452
USEP,INNOVATOR ETFS TRUST,45782C649,3542000.0,91607,0.004587822370294412
IEZ,ISHARES TR,464288844,3542000.0,183597,0.004587822370294412
ZMAR,INNOVATOR ETFS TRUST,45784N742,3533000.0,130468,0.004576165001199932
EQL,ALPS ETF TR,00162Q205,3533000.0,76753,0.004576165001199932
MAXJ,ISHARES TR,46438G612,3531000.0,125889,0.004573574474734492
SCHY,SCHWAB STRATEGIC TR,808524672,3528000.0,126256,0.004569688685036332
FTCB,FIRST TR EXCHANGE-TRADED FD,33738D788,3525000.0,165400,0.0045658028953381715
IHF,ISHARES TR,464288828,3517000.0,71207,0.004555440789476411
BTC,GRAYSCALE BITCOIN MINI TR ET,389930207,3517000.0,69469,0.004555440789476411
BEPC,BROOKFIELD RENEWABLE CORP,11285B108,3507000.0,101895,0.004542488157149211
ZFEB,INNOVATOR ETFS TRUST,45784N775,3498000.0,140150,0.00453083078805473
AIVL,WISDOMTREE TR,97717W406,3495000.0,30584,0.00452694499835657
FIGB,FIDELITY MERRIMACK STR TR,316188606,3494000.0,80317,0.00452564973512385
FXZ,FIRST TR EXCHANGE TRADED FD,33734X168,3494000.0,56737,0.00452564973512385
FDIG,FIDELITY COVINGTON TRUST,316092196,3487000.0,71040,0.00451658289249481
DIV,GLOBAL X FDS,37950E291,3475000.0,196422,0.0045010397337021685
GOF,GUGGENHEIM STRATEGIC OPPORTU,40167F101,3467000.0,231467,0.004490677627840408
CNR,CORE NATURAL RESOURCES INC,218937100,3464000.0,41491,0.004486791838142249
IYG,ISHARES TR,464287770,3462000.0,38618,0.004484201311676809
PRCS,PARNASSUS INCOME FDS,701769507,3461000.0,132219,0.004482906048444088
ZAUG,INNOVATOR ETFS TRUST,45783Y111,3453000.0,130515,0.004472543942582328
DHS,WISDOMTREE TR,97717W208,3453000.0,34277,0.004472543942582328
PALC,PACER FDS TR,69374H816,3445000.0,66540,0.004462181836720568
TDG,TRANSDIGM GROUP INC,893641100,3424000.0,2598,0.004434981308833447
JGLO,J P MORGAN EXCHANGE TRADED F,46654Q740,3416000.0,50413,0.004424619202971687
QCJL,FIRST TR EXCHNG TRADED FD VI,33740F219,3415000.0,146674,0.004423323939738966
HYXF,ISHARES TR,46435G441,3398000.0,71557,0.004401304464782725
LCTU,BLACKROCK ETF TRUST,09290C509,3395000.0,46771,0.004397418675084566
QQQI,NEOS ETF TRUST,78433H675,3391000.0,62560,0.0043922376221536856
FEUS,FLEXSHARES TR,33939L613,3381000.0,46550,0.0043792849898264844
TTMI,TTM TECHNOLOGIES INC,87305R109,3381000.0,58706,0.0043792849898264844
RSPE,INVESCO EXCH TRADED FD TR II,46138G516,3374000.0,116730,0.004370218147197444
IBHF,ISHARES TR,46436E528,3372000.0,144180,0.004367627620732005
JOBY,JOBY AVIATION INC,G65163100,3368000.0,208703,0.004362446567801124
RIVN,RIVIAN AUTOMOTIVE INC,76954A103,3364000.0,229182,0.004357265514870244
UMAR,INNOVATOR ETFS TRUST,45782C375,3345000.0,85751,0.004332655513448563
EMN,EASTMAN CHEM CO,277432100,3339000.0,52961,0.0043248839340522425
PLNT,PLANET FITNESS INC,72703H101,3331000.0,32089,0.004314521828190482
KOCT,INNOVATOR ETFS TRUST,45782C599,3326000.0,100727,0.004308045512026882
CP,CANADIAN PACIFIC KANSAS CITY,13646K108,3325000.0,44637,0.004306750248794161
UPST,UPSTART HLDGS INC,91680M107,3317000.0,65298,0.004296388142932401
MGEE,MGE ENERGY INC,55277P104,3313000.0,39351,0.004291207090001521
PMO,PUTNAM MUN OPPORTUNITIES TR,746922103,3312000.0,320652,0.004289911826768801
BAM,BROOKFIELD ASSET MANAGMT LTD,113004105,3311000.0,58146,0.004288616563536081
WAB,WABTEC,929740108,3300000.0,16463,0.00427436866797616
SPYI,NEOS ETF TRUST,78433H303,3298000.0,63057,0.00427177814151072
EXE,EXPAND ENERGY CORPORATION,165167735,3295000.0,31013,0.00426789235181256
BIDUN,BAIDU INC,056752108,3278000.0,24874,0.00424587287685632
SPH,SUBURBAN PROPANE PARTNERS L,864482104,3277000.0,175723,0.004244577613623599
CCCS,CCC INTELLIGENT SOLUTIONS HL,12510Q100,3276000.0,359573,0.004243282350390879
KEYS,KEYSIGHT TECHNOLOGIES INC,49338L103,3274000.0,18718,0.00424069182392544
IEV,ISHARES TR,464287861,3274000.0,49993,0.00424069182392544
DJAN,FIRST TR EXCHNG TRADED FD VI,33740F631,3270000.0,77595,0.0042355107709945595
NFLT,ETFIS SER TR I,26923G707,3266000.0,141585,0.0042303297180636785
VFMO,VANGUARD WELLINGTON FD,921935508,3263000.0,17033,0.004226443928365519
VLY,VALLEY NATL BANCORP,919794107,3256000.0,307157,0.004217377085736478
PNR,PENTAIR PLC,G7S00T104,3245000.0,29297,0.004203129190176558
HOLX,HOLOGIC INC,436440101,3236000.0,47954,0.004191471821082077
QBTS,D-WAVE QUANTUM INC,26740W109,3228000.0,130654,0.004181109715220317
KAUG,INNOVATOR ETFS TRUST,45783Y137,3226000.0,124071,0.0041785191887548775
PFIX,SIMPLIFY EXCHANGE TRADED FUN,82889N855,3224000.0,66922,0.004175928662289437
ALAB,ASTERA LABS INC,04626A103,3210000.0,16396,0.004157794977031356
EL,LAUDER ESTEE COS INC,518439104,3209000.0,36413,0.004156499713798636
RMD,RESMED INC,761152107,3208000.0,11721,0.004155204450565916
SLF,SUN LIFE FINANCIAL INC.,866796105,3202000.0,53336,0.004147432871169595
FMHI,FIRST TR EXCH TRADED FD III,33739P301,3197000.0,67291,0.0041409565550059955
NTNX,NUTANIX INC,67059N108,3193000.0,42926,0.004135775502075115
SNOV,FIRST TR EXCHNG TRADED FD VI,33740F342,3193000.0,129140,0.004135775502075115
LOB,LIVE OAK BANCSHARES INC,53803X105,3191000.0,90602,0.004133184975609675
VTES,VANGUARD WELLINGTON FD,921935870,3187000.0,31265,0.004128003922678795
MSTR 8 PERP,STRATEGY INC,594972887,3181000.0,34694,0.004120232343282475
NAUG,INNOVATOR ETFS TRUST,45783Y129,3179000.0,109787,0.004117641816817034
NUKZ,EXCHANGE TRADED CONCEPTS TRU,301505475,3173000.0,48782,0.004109870237420714
STWD,STARWOOD PPTY TR INC,85571B105,3172000.0,163775,0.004108574974187994
GWX,SPDR INDEX SHS FDS,78463X871,3146000.0,78291,0.004074898130137273
FRDM,EA SERIES TRUST,02072L607,3146000.0,71011,0.004074898130137273
CHWY,CHEWY INC,16679L109,3145000.0,77745,0.0040736028669045524
CNI,CANADIAN NATL RY CO,136375102,3145000.0,33349,0.0040736028669045524
WCMI,FIRST TR EXCHANGE-TRADED FD,33733E732,3144000.0,186388,0.004072307603671833
WWJD,NORTHERN LTS FD TR IV,66538H419,3142000.0,89088,0.004069717077206393
SCCO,SOUTHERN COPPER CORP,84265V105,3136000.0,25838,0.004061945497810073
TPZ,TORTOISE CAPITAL SERIES TRUS,890930100,3132000.0,149088,0.0040567644448791925
BWFG,BANKWELL FINL GROUP INC,06654A103,3129000.0,70722,0.004052878655181032
FNF,FIDELITY NATIONAL FINANCIAL,31620R303,3125000.0,51659,0.004047697602250152
XDQQ,INNOVATOR ETFS TRUST,45783Y608,3115000.0,82383,0.004034744969922952
ROUS,LATTICE STRATEGIES TR,518416409,3115000.0,54180,0.004034744969922952
WY,WEYERHAEUSER CO MTN BE,962166104,3099000.0,124993,0.004014020758199431
AVSC,AMERICAN CENTY ETF TR,025072323,3099000.0,54126,0.004014020758199431
PDBC,INVESCO ACTVELY MNGD ETC FD,46090F100,3098000.0,230714,0.004012725494966711
ROST,ROSS STORES INC,778296103,3098000.0,20328,0.004012725494966711
LIT,GLOBAL X FDS,37954Y855,3093000.0,54403,0.00400624917880311
NZF,NUVEEN MUNICIPAL CREDIT INC,67070X101,3091000.0,246098,0.00400365865233767
SPYC,SIMPLIFY EXCHANGE TRADED FUN,82889N103,3088000.0,72059,0.003999772862639511
UNM,UNUM GROUP,91529Y106,3083000.0,39634,0.00399329654647591
IVT,INVENTRUST PPTYS CORP,46124J201,3081000.0,107662,0.00399070602001047
FDHY,FIDELITY COVINGTON TRUST,316092618,3062000.0,62113,0.003966096018588789
BKIE,BNY MELLON ETF TRUST,09661T404,3061000.0,34183,0.003964800755356069
IBOC,INTERNATIONAL BANCSHARES COR,459044103,3060000.0,44505,0.003963505492123349
TXT,TEXTRON INC,883203101,3058000.0,36197,0.003960914965657909
XETYX,EATON VANCE TAX-MANAGED DIVE,27828N102,3051000.0,191855,0.003951848123028868
HSCZ,ISHARES TR,46435G839,3050000.0,81069,0.003950552859796149
SMLV,SPDR SERIES TRUST,78468R887,3045000.0,23467,0.003944076543632548
MNST,MONSTER BEVERAGE CORP NEW,61174X109,3039000.0,45146,0.003936304964236228
EA,ELECTRONIC ARTS INC,285512109,3035000.0,15049,0.003931123911305348
IHAK,ISHARES TR,46435U135,3034000.0,57973,0.0039298286480726275
KBE,SPDR SERIES TRUST,78464A797,3031000.0,51015,0.003925942858374468
LPLA,LPL FINL HLDGS INC,50212V100,3030000.0,9108,0.003924647595141747
SYF,SYNCHRONY FINANCIAL,87165B103,3026000.0,42587,0.003919466542210867
HWC,HANCOCK WHITNEY CORPORATION,410120109,3023000.0,48278,0.003915580752512707
NBN,NORTHEAST BK PORTLAND ME,66405S100,3010000.0,30052,0.0038987423304873464
BSJU,INVESCO EXCH TRD SLF IDX FD,46139W841,3007000.0,114935,0.003894856540789187
U,UNITY SOFTWARE INC,91332U101,3002000.0,74982,0.0038883802246255862
DTD,WISDOMTREE TR,97717W109,3002000.0,35743,0.0038883802246255862
CDL,VICTORY PORTFOLIOS II,92647N865,2994000.0,43027,0.0038780181187638256
FYC,FIRST TR EXCHANGE-TRADED ALP,33737M300,2987000.0,32931,0.0038689512761347854
SPBX,AIM ETF PRODUCTS TRUST,00888H471,2983000.0,111069,0.003863770223203905
HYT,BLACKROCK CORPOR HI YLD FD I,09255P107,2979000.0,313532,0.003858589170273025
VLU,SPDR SERIES TRUST,78464A128,2976000.0,14578,0.0038547033805748647
AR,ANTERO RESOURCES CORP,03674X106,2964000.0,88317,0.003839160221782224
TSLX,SIXTH STREET SPECIALTY LENDI,83012A109,2963000.0,129595,0.0038378649585495044
BSTP,INNOVATOR ETFS TRUST,45783Y731,2959000.0,81365,0.003832683905618624
OKTA,OKTA INC,679295105,2955000.0,32227,0.0038275028526877438
CRS,CARPENTER TECHNOLOGY CORP,144285103,2948000.0,12007,0.0038184360100587036
IAUG,INNOVATOR ETFS TRUST,45783Y145,2948000.0,105765,0.0038184360100587036
FID,FIRST TR EXCHANGE TRADED FD,33738R688,2948000.0,149661,0.0038184360100587036
UTF,COHEN & STEERS INFRASTRUCTUR,19248A109,2942000.0,118646,0.0038106644306623834
AFRM,AFFIRM HLDGS INC,00827B106,2928000.0,40063,0.0037925307454043026
COKE,COCA COLA CONS INC,191098102,2922000.0,24936,0.003784759166007982
QMAG,FIRST TR EXCHNG TRADED FD VI,33740F193,2921000.0,125813,0.003783463902775262
SBET,SHARPLINK GAMING INC,820014405,2920000.0,171646,0.003782168639542542
CRTC,DBX ETF TR,23306X860,2908000.0,79846,0.0037666254807499017
VIOG,VANGUARD ADMIRAL FDS INC,921932794,2896000.0,23781,0.0037510823219572605
IRT,INDEPENDENCE RLTY TR INC,45378A106,2895000.0,176604,0.003749787058724541
AJUL,INNOVATOR ETFS TRUST,45783Y236,2888000.0,100924,0.0037407202160955003
NXP,NUVEEN SELECT TAX-FREE INCOM,67062F100,2885000.0,199500,0.0037368344263973407
THW,ABRDN WORLD HEALTHCARE FUND,87911L108,2881000.0,228615,0.0037316533734664597
MDU,MDU RES GROUP INC,552690109,2880000.0,161683,0.0037303581102337406
SFNC,SIMMONS 1ST NATL CORP,828730200,2877000.0,150078,0.0037264723205355796
KTOS,KRATOS DEFENSE & SEC SOLUTIO,50077B207,2874000.0,31455,0.00372258653083742
GOAU,ETF SER SOLUTIONS,26922A719,2873000.0,71428,0.0037212912676046995
JMHI,J P MORGAN EXCHANGE TRADED F,46654Q799,2868000.0,56804,0.0037148149514410994
EFX,EQUIFAX INC,294429105,2864000.0,11164,0.0037096338985102193
LGLV,SPDR SERIES TRUST,78468R804,2858000.0,16042,0.003701862319113899
CVSB,MORGAN STANLEY ETF TRUST,61774R601,2849000.0,56171,0.0036902049500194185
TEM,TEMPUS AI INC,88023B103,2840000.0,35190,0.0036785475809249383
AGX,ARGAN INC,04010E109,2838000.0,10510,0.0036759570544594978
CPB,THE CAMPBELLS COMPANY,134429109,2838000.0,89871,0.0036759570544594978
XEVVX,EATON VANCE LIMITED DURATION,27828H105,2838000.0,279652,0.0036759570544594978
ARES,ARES MANAGEMENT CORPORATION,03990B101,2829000.0,17696,0.0036642996853650175
ZETA,ZETA GLOBAL HOLDINGS CORP,98956A105,2829000.0,142393,0.0036642996853650175
SVOL,SIMPLIFY EXCHANGE TRADED FUN,82889N863,2827000.0,157030,0.003661709158899577
PIZ,INVESCO EXCH TRADED FD TR II,46138E875,2826000.0,59285,0.003660413895666858
FFLV,FIDELITY COVINGTON TRUST,31609A602,2822000.0,121969,0.003655232842735977
SCHC,SCHWAB STRATEGIC TR,808524888,2815000.0,61851,0.003646166000106937
ACHR,ARCHER AVIATION INC,03945R102,2814000.0,293734,0.0036448707368742167
SPTS,SPDR SERIES TRUST,78468R101,2813000.0,95954,0.0036435754736414967
FRTY,THE ALGER ETF TRUST,015564107,2812000.0,125619,0.003642280210408777
PHK,PIMCO HIGH INCOME FD,722014107,2807000.0,562608,0.003635803894245177
TRFK,PACER FDS TR,69374H386,2805000.0,41915,0.0036332133677797365
NTSX,WISDOMTREE TR,97717Y790,2799000.0,51908,0.003625441788383416
AOCT,INNOVATOR ETFS TRUST,45784N601,2796000.0,106500,0.0036215559986852563
LNTH,LANTHEUS HLDGS INC,516544103,2796000.0,54512,0.0036215559986852563
FSIG,FIRST TR EXCHANGE-TRADED FD,33738D804,2796000.0,145568,0.0036215559986852563
FTSD,FRANKLIN ETF TR,353506108,2791000.0,30648,0.0036150796825216557
DOCU,DOCUSIGN INC,256163106,2791000.0,38719,0.0036150796825216557
REZ,ISHARES TR,464288562,2788000.0,32815,0.003611193892823495
CTSH,COGNIZANT TECHNOLOGY SOLUTIO,192446102,2775000.0,41372,0.003594355470798135
JMBS,JANUS DETROIT STR TR,47103U852,2767000.0,60582,0.0035839933649363747
HUM,HUMANA INC,444859102,2760000.0,10608,0.003574926522307334
ARKF,ARK ETF TR,00214Q708,2758000.0,48553,0.0035723359958418945
IR,INGERSOLL RAND INC,45687V106,2756000.0,33358,0.003569745469376454
GNW,GENWORTH FINL INC,37247D106,2749000.0,308920,0.0035606786267474134
IWC,ISHARES TR,464288869,2748000.0,18433,0.0035593833635146938
XFOFX,COHEN & STEERS CLOSED-END OP,19248P106,2747000.0,210638,0.0035580881002819737
JPLD,J P MORGAN EXCHANGE TRADED F,46654Q773,2745000.0,52312,0.0035554975738165333
DJUL,FIRST TR EXCHNG TRADED FD VI,33740F698,2741000.0,58700,0.003550316520885653
BWZ,SPDR SERIES TRUST,78464A334,2735000.0,98298,0.0035425449414893326
DTH,WISDOMTREE TR,97717W802,2728000.0,55509,0.003533478098860293
CIEN,CIENA CORP,171779309,2717000.0,18654,0.003519230203300372
TWLO,TWILIO INC,90138F102,2716000.0,27134,0.003517934940067652
AVSE,AMERICAN CENTY ETF TR,025072315,2714000.0,42694,0.003515344413602212
ISEP,INNOVATOR ETFS TRUST,45783Y533,2714000.0,85169,0.003515344413602212
ICVT,ISHARES TR,46435G102,2714000.0,27130,0.003515344413602212
PBH,PRESTIGE CONSMR HEALTHCARE I,74112D101,2700000.0,43265,0.0034972107283441317
AB,ALLIANCEBERNSTEIN HLDG L P,01881G106,2694000.0,70483,0.003489439148947811
XSLV,INVESCO EXCH TRADED FD TR II,46138G102,2693000.0,58162,0.003488143885715091
DTCR,GLOBAL X FDS,37954Y236,2691000.0,131417,0.0034855533592496506
BF/B,BROWN FORMAN CORP,115637209,2690000.0,99342,0.003484258096016931
JFR,NUVEEN FLOATING RATE INCOME,67072T108,2680000.0,327688,0.0034713054636897308
TACK,CAPITOL SER TR,14064D550,2678000.0,89221,0.0034687149372242903
CNA,CNA FINL CORP,126117100,2677000.0,57629,0.0034674196739915703
FEP,FIRST TR EXCH TRD ALPHDX FD,33737J117,2662000.0,52011,0.0034479907255007694
TFLR,T ROWE PRICE ETF INC,87283Q883,2658000.0,51657,0.0034428096725698893
PTIN,PACER FDS TR,69374H683,2654000.0,87105,0.0034376286196390092
MUFG,MITSUBISHI UFJ FINL GROUP IN,606822104,2653000.0,166455,0.0034363333564062888
XTL,SPDR SERIES TRUST,78464A540,2634000.0,18824,0.003411723354984608
CPSM,CALAMOS ETF TR,12811T605,2626000.0,92810,0.003401361249122848
PFL,PIMCO INCOME STRATEGY FD,72201H108,2626000.0,308255,0.003401361249122848
PAAS,PAN AMERN SILVER CORP,697900108,2624000.0,67752,0.0033987707226574076
LYV,LIVE NATION ENTERTAINMENT IN,538034109,2618000.0,16023,0.003390999143261087
WAT,WATERS CORP,941848103,2615000.0,8723,0.0033871133535629274
ALSN,ALLISON TRANSMISSION HLDGS I,01973R101,2612000.0,30775,0.0033832275638647673
FLQL,FRANKLIN TEMPLETON ETF TR,35473P801,2610000.0,38141,0.003380637037399327
GOVZ,ISHARES TR,46436E577,2608000.0,268053,0.0033780465109338863
SOLV,SOLVENTUM CORP,83444M101,2608000.0,35728,0.0033780465109338863
GNR,SPDR INDEX SHS FDS,78463X541,2601000.0,43931,0.0033689796683048466
ECG,EVERUS CONSTR GROUP,300426103,2594000.0,30253,0.003359912825675806
NXTG,FIRST TR EXCHANGE-TRADED FD,33737K205,2588000.0,24983,0.0033521412462794863
NDSN,NORDSON CORP,655663102,2582000.0,11377,0.0033443696668831657
BSMU,INVESCO EXCH TRD SLF IDX FD,46138J445,2579000.0,117652,0.003340483877185005
MART,AIM ETF PRODUCTS TRUST,00888H810,2578000.0,68379,0.0033391886139522856
ETB,EATON VANCE TAX MNGED BUY WR,27828X100,2576000.0,171730,0.003336598087486845
UJUL,INNOVATOR ETFS TRUST,45782C839,2572000.0,67498,0.0033314170345559654
IQI,INVESCO QUALITY MUN INCOME T,46133G107,2568000.0,260721,0.0033262359816250853
SMMU,PIMCO ETF TR,72201R874,2566000.0,50739,0.003323645455159645
SBRA,SABRA HEALTH CARE REIT INC,78573L106,2561000.0,137406,0.0033171691389960447
NBSD,NEUBERGER BERMAN ETF TRUST,64135A887,2560000.0,50040,0.0033158738757633243
ONON,ON HLDG AG,H5919C104,2559000.0,60432,0.0033145786125306047
EXPD,EXPEDITORS INTL WASH INC,302130109,2557000.0,20856,0.0033119880860651646
BAX,BAXTER INTL INC,071813109,2557000.0,112277,0.0033119880860651646
LAMR,LAMAR ADVERTISING CO NEW,512816109,2557000.0,20886,0.0033119880860651646
UTHR,UNITED THERAPEUTICS CORP DEL,91307C102,2556000.0,6097,0.003310692822832444
PSTG,PURE STORAGE INC,74624M102,2556000.0,30493,0.003310692822832444
AFG,AMERICAN FINL GROUP INC OHIO,025932104,2553000.0,17520,0.0033068070331342845
VIOV,VANGUARD ADMIRAL FDS INC,921932778,2552000.0,26796,0.003305511769901564
AVSF,AMERICAN CENTY ETF TR,025072687,2549000.0,53994,0.0033016259802034044
RCS,PIMCO STRATEGIC INCOME FD,72200X104,2535000.0,333996,0.003283492294945323
FDV,FEDERATED HERMES ETF TRUST,31423L305,2533000.0,88514,0.003280901768479883
BAH,BOOZ ALLEN HAMILTON HLDG COR,099502106,2531000.0,25318,0.003278311242014443
MPV,BARINGS PARTN INVS,06761A103,2529000.0,125516,0.003275720715549003
DSTL,ETF SER SOLUTIONS,26922A321,2527000.0,43596,0.003273130189083563
BIIB,BIOGEN INC,09062X103,2524000.0,18017,0.003269244399385403
ETHA,ISHARES ETHEREUM TR,46438R105,2520000.0,79966,0.003264063346454523
COM,DIREXION SHS ETF TR,25460E307,2519000.0,87658,0.003262768083221803
VTEC,VANGUARD CALIF TAX FREE FDS,922021605,2518000.0,25241,0.0032614728199890823
FLXR,TCW ETF TRUST,29287L700,2503000.0,62888,0.0032420438714982815
JPME,J P MORGAN EXCHANGE TRADED F,46641Q886,2503000.0,23080,0.0032420438714982815
CPRO,CALAMOS ETF TR,12811T118,2490000.0,93319,0.003225205449472921
ZM,ZOOM COMMUNICATIONS INC,98980L101,2489000.0,30175,0.003223910186240201
RVT,ROYCE SMALL CAP TRUST INC,780910105,2488000.0,154235,0.003222614923007481
SGML,SIGMA LITHIUM CORPORATION,826599102,2486000.0,387755,0.0032200243965420407
AA,ALCOA CORP,013872106,2482000.0,75467,0.0032148433436111606
WINA,WINMARK CORP,974250102,2480000.0,4982,0.003212252817145721
PAA,PLAINS ALL AMERN PIPELINE L,726503105,2477000.0,145166,0.0032083670274475604
CXE,MFS HIGH INCOME MUN TR,59318D104,2475000.0,665235,0.0032057765009821204
ANF,ABERCROMBIE & FITCH CO,002896207,2474000.0,28924,0.0032044812377494004
CION,CION INVT CORP,17259U204,2471000.0,260667,0.0032005954480512403
FDS,FACTSET RESH SYS INC,303075105,2471000.0,8624,0.0032005954480512403
BFC,BANK FIRST CORP,06211J100,2469000.0,20352,0.0031980049215858002
FSMB,FIRST TR EXCH TRADED FD III,33739P830,2468000.0,122891,0.00319670965835308
CSL,CARLISLE COS INC,142339100,2465000.0,7494,0.00319282386865492
YUMC,YUM CHINA HLDGS INC,98850P109,2463000.0,57392,0.0031902333421894797
TPR,TAPESTRY INC,876030107,2455000.0,21681,0.0031798712363277195
NMZ,NUVEEN MUN HIGH INCOME OPPOR,670682103,2445000.0,230874,0.003166918604000519
XNTK,SPDR SERIES TRUST,78464A102,2445000.0,8982,0.003166918604000519
CALM,CAL MAINE FOODS INC,128030202,2440000.0,25932,0.0031604422878369186
FLNC,FLUENCE ENERGY INC,34379V103,2432000.0,225213,0.0031500801819751584
MAYT,AIM ETF PRODUCTS TRUST,00888H760,2422000.0,67083,0.003137127549647958
GTO,INVESCO ACTIVELY MANAGED EXC,46090A804,2421000.0,50958,0.0031358322864152377
MSCI,MSCI INC,55354G100,2406000.0,4240,0.003116403337924437
WU,WESTERN UN CO,959802109,2400000.0,300366,0.0031086317585281168
APLD,APPLIED DIGITAL CORP,038169207,2398000.0,104554,0.0031060412320626767
THQ,ABRDN HEALTHCARE OPPORTUNITI,879105104,2393000.0,138397,0.0030995649158990766
R,RYDER SYS INC,783549108,2392000.0,12681,0.0030982696526663566
IBTK,ISHARES TR,46436E593,2389000.0,120207,0.003094383862968196
GRPM,INVESCO EXCHANGE TRADED FD T,46137V225,2389000.0,19805,0.003094383862968196
AIFD,TCW ETF TRUST,29287L502,2388000.0,67641,0.0030930885997354765
LALT,FIRST TR EXCHNG TRADED FD VI,33740F490,2387000.0,104748,0.003091793336502756
XFRAX,BLACKROCK FLOATING RATE INCO,09255X100,2387000.0,183920,0.003091793336502756
SLRC,SLR INVESTMENT CORP,83413U100,2387000.0,156092,0.003091793336502756
CVY,INVESCO EXCHANGE TRADED FD T,46137Y500,2386000.0,89064,0.003090498073270036
FPFD,FIDELITY COVINGTON TRUST,316092261,2383000.0,107990,0.0030866122835718763
SILA,SILA REALTY TRUST INC,146280508,2374000.0,94594,0.0030749549144773953
FCPI,FIDELITY COVINGTON TRUST,316092386,2371000.0,47312,0.003071069124779235
ONEV,SPDR SERIES TRUST,78468R754,2370000.0,17806,0.003069773861546515
PBSE,PGIM ROCK ETF TR,69420N783,2367000.0,81768,0.003065888071848355
CHGX,EA SERIES TRUST,02072L151,2358000.0,86376,0.003054230702753875
JPUS,J P MORGAN EXCHANGE TRADED F,46641Q407,2357000.0,19021,0.003052935439521155
WDC,WESTERN DIGITAL CORP,958102105,2357000.0,19634,0.003052935439521155
UNOV,INNOVATOR ETFS TRUST,45782C565,2342000.0,62511,0.003033506491030354
VOD,VODAFONE GROUP PLC NEW,92857W308,2341000.0,201832,0.003032211227797634
FEIG,FLEXSHARES TR,33939L571,2337000.0,56031,0.0030270301748667535
TBBK,BANCORP INC DEL,05969A105,2336000.0,31189,0.003025734911634034
RBRK,RUBRIK INC.,781154109,2326000.0,28285,0.003012782279306833
PFLD,ETF SER SOLUTIONS,26922A198,2325000.0,118000,0.003011487016074113
IETC,ISHARES U S ETF TR,46431W648,2324000.0,22796,0.003010191752841393
PCN,PIMCO CORPORATE & INCM STRG,72200U100,2323000.0,173596,0.003008896489608673
OTTR,OTTER TAIL CORP,689648103,2319000.0,28291,0.003003715436677793
HEDJ,WISDOMTREE TR,97717X701,2316000.0,45956,0.002999829646979633
SW,SMURFIT WESTROCK PLC,G8267P108,2316000.0,54393,0.002999829646979633
SU,SUNCOR ENERGY INC NEW,867224107,2315000.0,55368,0.0029985343837469125
RFG,INVESCO EXCHANGE TRADED FD T,46137V217,2314000.0,45413,0.002997239120514193
JEF,JEFFERIES FINL GROUP INC,47233W109,2307000.0,35266,0.0029881722778851523
SIL,GLOBAL X FDS,37954Y848,2305000.0,32180,0.002985581751419712
NDEC,INNOVATOR ETFS TRUST,45784N841,2302000.0,85118,0.002981695961721552
JSCP,J P MORGAN EXCHANGE TRADED F,46641Q274,2290000.0,48103,0.0029661528029289114
WULF,TERAWULF INC,88080T104,2290000.0,200484,0.0029661528029289114
KSEP,INNOVATOR ETFS TRUST,45784N304,2286000.0,83445,0.0029609717499980313
CATH,GLOBAL X FDS,37954Y889,2285000.0,28193,0.0029596764867653113
ZOCT,INNOVATOR ETFS TRUST,45784N700,2282000.0,85836,0.002955790697067151
AFB,ALLIANCEBERNSTEIN NATL MUN I,01864U106,2282000.0,210281,0.002955790697067151
RACE,FERRARI N V,N3167Y103,2280000.0,4698,0.002953200170601711
MQY,BLACKROCK MUNIYILD QULT FD I,09254F100,2280000.0,195741,0.002953200170601711
PSL,INVESCO EXCHANGE TRADED FD T,46137V886,2279000.0,20729,0.0029519049073689907
NSEP,INNOVATOR ETFS TRUST,45784N205,2277000.0,79425,0.0029493143809035506
ARWR,ARROWHEAD PHARMACEUTICALS IN,04280A100,2276000.0,65999,0.0029480191176708306
ISCB,ISHARES TR,464288505,2263000.0,35673,0.0029311806956454703
WGMI,VALKYRIE ETF TRUST II,91917A207,2263000.0,51155,0.0029311806956454703
SOXL,DIREXION SHS ETF TR,25459W458,2262000.0,64915,0.00292988543241275
CBSH,COMMERCE BANCSHARES INC,200525103,2260000.0,37815,0.0029272949059473098
HALO,HALOZYME THERAPEUTICS INC,40637H109,2257000.0,30768,0.0029234091162491497
EWX,SPDR INDEX SHS FDS,78463X756,2257000.0,33540,0.0029234091162491497
LEU,CENTRUS ENERGY CORP,15643U104,2256000.0,7277,0.0029221138530164297
TER,TERADYNE INC,880770102,2249000.0,16338,0.002913047010387389
FXE,INVESCO CURRENCYSHARES EURO,46138K103,2244000.0,20703,0.002906570694223789
CCEP,COCA-COLA EUROPACIFIC PARTNE,G25839104,2234000.0,24707,0.0028936180618965887
EVLN,MORGAN STANLEY ETF TRUST,61774R833,2231000.0,44925,0.0028897322721984286
SBAC,SBA COMMUNICATIONS CORP NEW,78410G104,2227000.0,11516,0.002884551219267548
FEPI,ETF OPPORTUNITIES TRUST,26923N744,2226000.0,47506,0.0028832559560348285
BUFT,FIRST TR EXCHNG TRADED FD VI,33740U760,2226000.0,92163,0.0028832559560348285
TRMB,TRIMBLE INC,896239100,2224000.0,27244,0.0028806654295693884
KDEC,INNOVATOR ETFS TRUST,45784N833,2222000.0,87235,0.002878074903103948
FNV,FRANCO NEV CORP,351858105,2217000.0,9946,0.002871598586940348
DFSI,DIMENSIONAL ETF TRUST,25434V690,2215000.0,54087,0.0028690080604749078
QMMY,FIRST TR EXCHNG TRADED FD VI,33740F268,2213000.0,90358,0.0028664175340094677
STRL,STERLING INFRASTRUCTURE INC,859241101,2211000.0,6509,0.0028638270075440277
EZU,ISHARES INC,464286608,2208000.0,35641,0.002859941217845867
SYM,SYMBOTIC INC,87151X101,2192000.0,40675,0.0028392170061223468
MAS,MASCO CORP,574599106,2191000.0,31129,0.0028379217428896267
OSK,OSHKOSH CORP,688239201,2191000.0,16890,0.0028379217428896267
RAAX,VANECK ETF TRUST,92189F130,2186000.0,63428,0.002831445426726026
ZION,ZIONS BANCORPORATION N A,989701107,2185000.0,38614,0.0028301501634933066
CBRE,CBRE GROUP INC,12504L109,2181000.0,13845,0.002824969110562426
AVK,ADVENT CONV & INCOME FD,00764C109,2181000.0,170508,0.002824969110562426
DDTS,INNOVATOR ETFS TRUST,45784N478,2178000.0,104076,0.002821083320864266
DFCA,DIMENSIONAL ETF TRUST,25434V633,2178000.0,43704,0.002821083320864266
HRB,BLOCK H & R INC,093671105,2176000.0,43033,0.002818492794398826
OC,OWENS CORNING NEW,690742101,2176000.0,15380,0.002818492794398826
ACVF,ETF OPPORTUNITIES TRUST,26923N108,2169000.0,43995,0.0028094259517697853
FNY,FIRST TR EXCHANGE-TRADED ALP,33737M102,2168000.0,23661,0.0028081306885370657
VRSN,VERISIGN INC,92343E102,2167000.0,7753,0.0028068354253043453
FNDB,SCHWAB STRATEGIC TR,808524789,2167000.0,84182,0.0028068354253043453
BB4,AXOS FINANCIAL INC,05465C100,2164000.0,25562,0.002802949635606185
AMX,AMERICA MOVIL SAB DE CV,02390A101,2160000.0,102846,0.002797768582675305
KXI,ISHARES TR,464288737,2159000.0,33546,0.002796473319442585
BNL,BROADSTONE NET LEASE INC,11135E203,2139000.0,119676,0.002770568054788184
DECK,DECKERS OUTDOOR CORP,243537107,2136000.0,21067,0.002766682265090024
KLIC,KULICKE & SOFFA INDS INC,501242101,2136000.0,52547,0.002766682265090024
FPXI,FIRST TR EXCHANGE TRADED FD,33734X853,2134000.0,35605,0.002764091738624584
CAIE,CALAMOS ETF TR,12811T571,2133000.0,77631,0.0027627964753918636
GSST,GOLDMAN SACHS ETF TR,381430230,2126000.0,41924,0.0027537296327628234
TMDX,TRANSMEDICS GROUP INC,89377M109,2121000.0,18904,0.0027472533165992232
CLM,CORNERSTONE STRATEGIC INVEST,21924B302,2121000.0,256154,0.0027472533165992232
BIPC,BROOKFIELD INFRASTRUCTURE CO,11276H106,2121000.0,51580,0.0027472533165992232
DMXF,ISHARES TR,46436E759,2120000.0,27984,0.0027459580533665032
QQXT,FIRST TR EXCHANGE-TRADED FD,33733E401,2117000.0,21403,0.002742072263668343
AWR,AMER STATES WTR CO,029899101,2117000.0,28872,0.002742072263668343
IVLU,ISHARES TR,46435G409,2116000.0,59644,0.002740777000435623
IHE,ISHARES TR,464288836,2114000.0,29134,0.002738186473970183
FICS,FIRST TR EXCHANGE TRADED FD,33738R662,2112000.0,55379,0.002735595947504743
EQIN,COLUMBIA ETF TR I,19761L854,2110000.0,45204,0.0027330054210393025
SPTL,SPDR SERIES TRUST,78464A664,2110000.0,78309,0.0027330054210393025
FDTX,FIDELITY COVINGTON TRUST,316092139,2110000.0,52014,0.0027330054210393025
SPBO,SPDR SERIES TRUST,78464A144,2094000.0,70687,0.0027122812093157817
JPSE,J P MORGAN EXCHANGE TRADED F,46641Q845,2093000.0,42022,0.0027109859460830617
RODM,LATTICE STRATEGIES TR,518416102,2093000.0,58928,0.0027109859460830617
UJUN,INNOVATOR ETFS TRUST,45782C730,2086000.0,56856,0.0027019191034540215
AGI,ALAMOS GOLD INC NEW,011532108,2083000.0,59753,0.0026980333137558614
FULT,FULTON FINL CORP PA,360271100,2075000.0,111379,0.0026876712078941012
AN,AUTONATION INC,05329W102,2066000.0,9442,0.00267601383879962
ARKB,ARK 21SHARES BITCOIN ETF,040919102,2066000.0,54335,0.00267601383879962
EJUL,INNOVATOR ETFS TRUST,45782C714,2063000.0,71285,0.0026721280491014605
WABC,WESTAMERICA BANCORPORATION,957090103,2062000.0,41240,0.0026708327858687405
AJAN,INNOVATOR ETFS TRUST,45783Y418,2056000.0,74772,0.0026630612064724203
XBOC,INNOVATOR ETFS TRUST,45783Y848,2054000.0,62616,0.00266047068000698
MYI,BLACKROCK MUNIYIELD QUALITY,09254E103,2051000.0,185093,0.0026565848903088198
EELV,INVESCO EXCH TRADED FD TR II,46138E297,2048000.0,76958,0.0026526991006106597
CSWC,CAPITAL SOUTHWEST CORP,140501107,2048000.0,93701,0.0026526991006106597
KYN,KAYNE ANDERSON ENERGY INFRST,486606106,2040000.0,164891,0.002642336994748899
ETH,GRAYSCALE ETHEREUM MINI TR E,38964R203,2037000.0,51993,0.002638451205050739
SIXF,AIM ETF PRODUCTS TRUST,00888H679,2033000.0,65365,0.002633270152119859
SERV,SERVE ROBOTICS INC,81758H106,2018000.0,173499,0.002613841203629058
SGDM,SPROTT ETF TRUST,85210B102,2015000.0,32503,0.002609955413930898
RGLD,ROYAL GOLD INC,780287108,2011000.0,10027,0.002604774361000018
NBIX,NEUROCRINE BIOSCIENCES INC,64125C109,2011000.0,14323,0.002604774361000018
SOBO,SOUTH BOW CORP,83671M105,2010000.0,71037,0.0026034790977672974
CHRW,C H ROBINSON WORLDWIDE INC,12541W209,2010000.0,15180,0.0026034790977672974
TEX,TEREX CORP NEW,880779103,2010000.0,39189,0.0026034790977672974
COLB,COLUMBIA BKG SYS INC,197236102,2009000.0,78066,0.002602183834534578
MOO,VANECK ETF TRUST,92189F700,2004000.0,27288,0.0025957075183709777
REXR,REXFORD INDL RLTY INC,76169C100,2004000.0,48756,0.0025957075183709777
ENTG,ENTEGRIS INC,29362U104,2003000.0,21665,0.0025944122551382572
OUSM,ALPS ETF TR,00162Q395,2003000.0,44716,0.0025944122551382572
HFSI,HARTFORD FDS EXCHANGE TRADED,41653L875,2003000.0,56338,0.0025944122551382572
RSPA,INVESCO ACTIVELY MANAGED EXC,46090A697,2003000.0,39220,0.0025944122551382572
QQQJ,INVESCO EXCH TRADED FD TR II,46138G631,2003000.0,55960,0.0025944122551382572
VRSK,VERISK ANALYTICS INC,92345Y106,2001000.0,7957,0.002591821728672817
EPAM,EPAM SYS INC,29414B104,1997000.0,13241,0.002586640675741937
DECT,AIM ETF PRODUCTS TRUST,00888H836,1995000.0,56271,0.002584050149276497
EWY,ISHARES INC,464286772,1993000.0,24882,0.002581459622811057
NUBD,NUSHARES ETF TR,67092P870,1991000.0,88654,0.002578869096345617
LFUS,LITTELFUSE INC,537008104,1991000.0,7685,0.002578869096345617
LUNR,INTUITIVE MACHINES INC,46125A100,1990000.0,189159,0.002577573833112897
SPAB,SPDR SERIES TRUST,78464A649,1989000.0,76954,0.002576278569880177
MNA,NEW YORK LIFE INVESTMENTS ET,45409B800,1989000.0,55400,0.002576278569880177
VSDM,VANGUARD MUN BD FDS,922907696,1988000.0,25921,0.002574983306647457
ARLP,ALLIANCE RESOURCE PARTNERS L,01877R108,1985000.0,78506,0.002571097516949297
QQQX,NUVEEN NASDAQ 100 DYNAMIC OV,670699107,1978000.0,72024,0.002562030674320256
FDG,AMERICAN CENTY ETF TR,025072810,1975000.0,16397,0.002558144884622096
UITB,VICTORY PORTFOLIOS II,92647N527,1971000.0,41472,0.002552963831691216
RGTI,RIGETTI COMPUTING INC,76655K103,1970000.0,66114,0.002551668568458496
OBIL,RBB FD INC,74933W478,1958000.0,38918,0.0025361254096658552
ON,ON SEMICONDUCTOR CORP,682189105,1953000.0,39610,0.002529649093502255
EDV,VANGUARD WORLD FD,921910709,1952000.0,28512,0.0025283538302695347
BSJT,INVESCO EXCH TRD SLF IDX FD,46138J395,1951000.0,90429,0.002527058567036815
UDR,UDR INC,902653104,1949000.0,52311,0.002524468040571375
QTAP,INNOVATOR ETFS TRUST,45783Y509,1949000.0,44584,0.002524468040571375
HYDB,ISHARES TR,46435G250,1948000.0,40709,0.002523172777338655
AER,AERCAP HOLDINGS NV,N00985106,1943000.0,16058,0.0025166964611750544
CGUI,CAPITAL GRP FIXED INCM ETF T,14020Y888,1939000.0,76671,0.0025115154082441743
GNL,GLOBAL NET LEASE INC,379378201,1938000.0,238396,0.0025102201450114543
GBUG,SPROTT FDS TR,85208P865,1938000.0,51734,0.0025102201450114543
GII,SPDR INDEX SHS FDS,78463X855,1937000.0,27834,0.0025089248817787343
ARKG,ARK ETF TR,00214Q302,1936000.0,69717,0.0025076296185460143
VLTO,VERALTO CORP,92338C103,1934000.0,18143,0.002505039092080574
AWM,SKYWORKS SOLUTIONS INC,83088M102,1930000.0,25075,0.0024998580391496937
ROM,PROSHARES TR,74347R693,1928000.0,20813,0.0024972675126842536
KNSL,KINSALE CAP GROUP INC,49714P108,1928000.0,4534,0.0024972675126842536
BCE,BCE INC,05534B760,1924000.0,82273,0.0024920864597533735
XAODX,ABRDN TOTAL DYNAMIC DIVIDEND,00326L100,1920000.0,203000,0.0024869054068224934
DFIP,DIMENSIONAL ETF TRUST,25434V856,1919000.0,45433,0.0024856101435897734
STE,STERIS PLC,G8473T100,1917000.0,7748,0.0024830196171243333
SIRI,SIRIUSXM HOLDINGS INC,829933100,1915000.0,82294,0.0024804290906588933
AUB,ATLANTIC UN BANKSHARES CORP,04911A107,1913000.0,54207,0.002477838564193453
IVVW,ISHARES TR,46438G711,1908000.0,40975,0.0024713622480298527
IBHE,ISHARES TR,46435U168,1907000.0,82145,0.0024700669847971327
PINS,PINTEREST INC,72352L106,1906000.0,59243,0.0024687717215644126
SCHP,SCHWAB STRATEGIC TR,808524870,1903000.0,70604,0.0024648859318662526
SEZL,SEZZLE INC,78435P105,1902000.0,23916,0.0024635906686335325
AVRE,AMERICAN CENTY ETF TR,025072356,1901000.0,42736,0.0024622954054008125
MYD,BLACKROCK MUNIYIELD FD INC,09253W104,1899000.0,179801,0.0024597048789353725
RL,RALPH LAUREN CORP,751212101,1899000.0,6058,0.0024597048789353725
TLN,TALEN ENERGY CORP,87422Q109,1898000.0,4463,0.002458409615702652
ONEY,SPDR SERIES TRUST,78468R770,1896000.0,16752,0.002455819089237212
KNTK,KINETIK HOLDINGS INC,02215L209,1896000.0,44350,0.002455819089237212
STAG,STAG INDL INC,85254J102,1894000.0,53665,0.002453228562771772
PBR,PETROLEO BRASILEIRO SA PETRO,71654V408,1894000.0,149582,0.002453228562771772
RSPG,INVESCO EXCHANGE TRADED FD T,46137V365,1890000.0,23740,0.002448047509840892
TAN,INVESCO EXCH TRADED FD TR II,46138G706,1883000.0,43153,0.0024389806672118516
NTAP,NETAPP INC,64110D104,1882000.0,15890,0.0024376854039791316
HODL,VANECK BITCOIN ETF,92189K105,1881000.0,58096,0.002436390140746411
AFMC,FIRST TR EXCHNG TRADED FD VI,33740F813,1880000.0,54804,0.0024350948775136915
BXSL,BLACKSTONE SECD LENDING FD,09261X102,1879000.0,72079,0.002433799614280971
IVZ,INVESCO LTD,G491BT108,1878000.0,81877,0.0024325043510482515
TXRH,TEXAS ROADHOUSE INC,882681109,1877000.0,11296,0.0024312090878155315
RSPU,INVESCO EXCHANGE TRADED FD T,46137V274,1876000.0,24476,0.0024299138245828114
CF,CF INDS HLDGS INC,125269100,1870000.0,20846,0.002422142245186491
HLN,HALEON PLC,405552100,1869000.0,208315,0.002420846981953771
SAUG,FIRST TR EXCHNG TRADED FD VI,33740F417,1867000.0,74580,0.002418256455488331
JANH,INNOVATOR ETFS TRUST,45783Y657,1867000.0,75409,0.002418256455488331
ZAPR,INNOVATOR ETFS TRUST,45784N726,1866000.0,73350,0.0024169611922556108
DXCM,DEXCOM INC,252131107,1864000.0,27708,0.0024143706657901707
INCY,INCYTE CORP,45337C102,1862000.0,21960,0.0024117801393247307
FXI,ISHARES TR,464287184,1861000.0,45242,0.0024104848760920106
GVI,ISHARES TR,464288612,1859000.0,17301,0.0024078943496265706
PCMM,BONDBLOXX ETF TRUST,09789C671,1852000.0,36615,0.00239882750699753
PHYL,PGIM ETF TR,69344A206,1850000.0,51738,0.00239623698053209
VNQI,VANGUARD INTL EQUITY INDEX F,922042676,1849000.0,38735,0.00239494171729937
VALE,VALE S A,91912E105,1848000.0,170194,0.00239364645406665
HOLA,J P MORGAN EXCHANGE TRADED F,46654Q591,1845000.0,35772,0.00238976066436849
IDCC,INTERDIGITAL INC,45867G101,1839000.0,5327,0.0023819890849721696
SPMB,SPDR SERIES TRUST,78464A383,1838000.0,81900,0.002380693821739449
DWLD,DAVIS FUNDAMENTAL ETF TR,23908L306,1838000.0,40644,0.002380693821739449
MFSG,MFS ACTIVE EXCHANGE TRADED F,55286W207,1837000.0,65243,0.0023793985585067296
BBIN,J P MORGAN EXCHANGE TRADED F,46641Q373,1830000.0,26089,0.002370331715877689
THG,HANOVER INS GROUP INC,410867105,1829000.0,10071,0.002369036452644969
GUNR,FLEXSHARES TR,33939L407,1828000.0,41763,0.002367741189412249
FDT,FIRST TR EXCH TRD ALPHDX FD,33737J174,1826000.0,24222,0.002365150662946809
DDWM,WISDOMTREE TR,97717X263,1825000.0,43670,0.0023638553997140884
CBRL,CRACKER BARREL OLD CTRY STOR,22410J106,1820000.0,41316,0.0023573790835504887
WYNN,WYNN RESORTS LTD,983134107,1818000.0,14176,0.0023547885570850483
TY,TRI CONTL CORP,895436103,1818000.0,53457,0.0023547885570850483
IQDF,FLEXSHARES TR,33939L837,1817000.0,63691,0.0023534932938523287
MKC/V,MCCORMICK & CO INC,579780107,1814000.0,27190,0.002349607504154168
CM,CANADIAN IMPERIAL BANK OF CO,136069101,1813000.0,22690,0.002348312240921448
IIM,INVESCO VALUE MUN INCOME TR,46132P108,1810000.0,144250,0.002344426451223288
FIBK,FIRST INTST BANCSYSTEM INC,32055Y201,1810000.0,56806,0.002344426451223288
SKT,TANGER INC,875465106,1804000.0,53320,0.002336654871826968
TOPT,ISHARES TR,46438G570,1803000.0,59179,0.002335359608594248
CSGP,COSTAR GROUP INC,22160N109,1802000.0,21361,0.002334064345361528
JEMA,J P MORGAN EXCHANGE TRADED F,46641Q266,1801000.0,37876,0.0023327690821288074
PSC,PRINCIPAL EXCHANGE TRADED FD,74255Y607,1801000.0,31607,0.0023327690821288074
NAT,NORDIC AMERICAN TANKERS LIMI,G65773106,1799000.0,572860,0.0023301785556633673
FTXL,FIRST TR EXCHANGE TRADED FD,33738R811,1795000.0,16047,0.0023249975027324872
NXJ,NUVEEN NEW JERSEY QULT MUN F,67069Y102,1791000.0,144319,0.002319816449801607
ERJ,EMBRAER S.A.,29082A107,1790000.0,29614,0.002318521186568887
FOXA,FOX CORP,35137L105,1785000.0,28304,0.002312044870405287
XJH,ISHARES TR,46436E551,1785000.0,40706,0.002312044870405287
VTRS,VIATRIS INC,92556V106,1784000.0,180192,0.0023107496071725665
EMLC,VANECK ETF TRUST,92189H300,1784000.0,69939,0.0023107496071725665
BHK,BLACKROCK CORE BD TR,09249E101,1780000.0,179100,0.0023055685542416864
FXY,INVESCO CURRENCYSHARES JAPAN,46138W107,1775000.0,28530,0.0022990922380780863
TRIN,TRINITY CAP INC,896442308,1773000.0,114523,0.0022965017116126463
ZECP,ZACKS TRUST,98888G105,1771000.0,52673,0.002293911185147206
KRYS,KRYSTAL BIOTECH INC,501147102,1766000.0,10006,0.002287434868983606
VGUS,VANGUARD INSTL INDEX FD,922040852,1766000.0,23341,0.002287434868983606
IBMQ,ISHARES TR,46435U325,1760000.0,68631,0.0022796632895872855
DBO,INVESCO DB MULTI-SECTOR COMM,46140H403,1757000.0,130608,0.0022757774998891254
DBC,INVESCO DB COMMDY INDX TRCK,46138B103,1756000.0,77931,0.0022744822366564054
FTXN,FIRST TR EXCHANGE TRADED FD,33738R845,1753000.0,61591,0.0022705964469582453
DFEV,DIMENSIONAL ETF TRUST,25434V740,1753000.0,54969,0.0022705964469582453
FDD,FIRST TR EXCHANGE-TRADED FD,33735T109,1752000.0,108464,0.002269301183725525
CRPT,FIRST TR EXCHNG TRADED FD VI,33740F540,1750000.0,78549,0.0022667106572600852
MEDP,MEDPACE HLDGS INC,58506Q109,1750000.0,3403,0.0022667106572600852
APRJ,INNOVATOR ETFS TRUST,45783Y616,1750000.0,71003,0.0022667106572600852
BGRN,ISHARES TR,46435U440,1749000.0,36343,0.002265415394027365
PSN,PARSONS CORP DEL,70202L102,1749000.0,21087,0.002265415394027365
AVIV,AMERICAN CENTY ETF TR,025072364,1748000.0,25925,0.002264120130794645
PBE,INVESCO EXCHANGE TRADED FD T,46137V787,1747000.0,25002,0.002262824867561925
SLG,SL GREEN RLTY CORP,78440X887,1747000.0,29209,0.002262824867561925
RIOT,RIOT PLATFORMS INC,767292105,1745000.0,91674,0.0022602343410964847
WCN,WASTE CONNECTIONS INC,94106B101,1742000.0,9909,0.002256348551398325
IFF,INTERNATIONAL FLAVORS&FRAGRA,459506101,1741000.0,28296,0.0022550532881656046
BXMT,BLACKSTONE MTG TR INC,09257W100,1740000.0,94530,0.0022537580249328846
ROBT,FIRST TR EXCHANGE TRADED FD,33738R720,1739000.0,32880,0.0022524627617001645
VMI,VALMONT INDS INC,920253101,1735000.0,4474,0.0022472817087692844
POR,PORTLAND GEN ELEC CO,736508847,1734000.0,39400,0.0022459864455365644
MSA,MSA SAFETY INC,553498106,1732000.0,10068,0.0022433959190711244
EMC,GLOBAL X FDS,37960A644,1728000.0,55446,0.002238214866140244
HSBC,HSBC HLDGS PLC,404280406,1724000.0,24290,0.0022330338132093637
RXI,ISHARES TR,464288745,1722000.0,8316,0.0022304432867439237
CORT,CORCEPT THERAPEUTICS INC,218352102,1718000.0,20675,0.0022252622338130436
DJD,INVESCO EXCHANGE TRADED FD T,46137V605,1717000.0,31104,0.0022239669705803235
QTR,GLOBAL X FDS,37960A404,1716000.0,48286,0.0022226717073476035
FAB,FIRST TR EXCHANGE-TRADED ALP,33733C108,1713000.0,19627,0.002218785917649443
SPXC,SPX TECHNOLOGIES INC,78473E103,1709000.0,9149,0.002213604864718563
BCPC,BALCHEM CORP,057665200,1709000.0,11391,0.002213604864718563
ALLY,ALLY FINL INC,02005N100,1708000.0,43574,0.0022123096014858433
TRFM,ETF SER SOLUTIONS,26922B683,1708000.0,35276,0.0022123096014858433
BILZ,PIMCO ETF TR,72201R577,1706000.0,16864,0.002209719075020403
WTW,WILLIS TOWERS WATSON PLC LTD,G96629103,1705000.0,4934,0.0022084238117876832
HEGD,LISTED FDS TR,53656F599,1704000.0,68379,0.0022071285485549628
GBDC,GOLUB CAP BDC INC,38173M102,1699000.0,124102,0.0022006522323913627
BBN,BLACKROCK TAX MUNICPAL BD TR,09248X100,1696000.0,102183,0.002196766442693202
MLN,VANECK ETF TRUST,92189F536,1686000.0,96474,0.0021838138103660023
XPO,XPO INC,983793100,1685000.0,13038,0.002182518547133282
JBLU,JETBLUE AWYS CORP,477143101,1685000.0,342389,0.002182518547133282
FYT,FIRST TR EXCHANGE-TRADED ALP,33737M409,1683000.0,30109,0.002179928020667842
PSEC,PROSPECT CAP CORP,74348T102,1679000.0,610515,0.0021747469677369617
BBH,VANECK ETF TRUST,92189F726,1678000.0,10129,0.0021734517045042417
EBC,EASTERN BANKSHARES INC,27627N105,1675000.0,92292,0.0021695659148060816
ALLE,ALLEGION PLC,G0176J109,1671000.0,9425,0.0021643848618752015
BBUS,J P MORGAN EXCHANGE TRADED F,46641Q399,1666000.0,13804,0.002157908545711601
BIP,BROOKFIELD INFRAST PARTNERS,G16252101,1663000.0,50560,0.002154022756013441
KRG,KITE RLTY GROUP TR,49803T300,1662000.0,74550,0.002152727492780721
PMBS,PIMCO ETF TR,72201R569,1661000.0,33445,0.002151432229548001
PSDM,PGIM ETF TR,69344A842,1659000.0,32164,0.0021488417030825608
QARP,DBX ETF TR,233051242,1658000.0,29061,0.0021475464398498408
HEQ,JOHN HANCOCK DIVERSIFIED INC,47804L102,1658000.0,155685,0.0021475464398498408
MMIN,NEW YORK LIFE INVTS ACTIVE E,45409F843,1657000.0,69590,0.0021462511766171203
CRF,CORNERSTONE TOTAL RETURN FD,21924U300,1652000.0,205433,0.0021397748604535206
SPHB,INVESCO EXCH TRADED FD TR II,46138E370,1650000.0,15026,0.00213718433398808
CPSL,CALAMOS ETF TR,12811T738,1649000.0,61413,0.00213588907075536
SCI,SERVICE CORP INTL,817565104,1649000.0,19819,0.00213588907075536
PSKY,PARAMOUNT SKYDANCE CORP,69932A204,1648000.0,87106,0.00213459380752264
EUSB,ISHARES TR,46436E619,1641000.0,37359,0.0021255269648936
FFIV,F5 INC,315616102,1639000.0,5071,0.00212293643842816
TRL,DAVITA INC,23918K108,1639000.0,12337,0.00212293643842816
ROKU,ROKU INC,77543R102,1636000.0,16337,0.0021190506487299993
CMBS,ISHARES TR,46429B366,1635000.0,33326,0.0021177553854972797
JHCB,JOHN HANCOCK EXCHANGE TRADED,47804J818,1635000.0,75298,0.0021177553854972797
CGIB,CAPITAL GRP FIXED INCM ETF T,14020Y706,1635000.0,64399,0.0021177553854972797
LEA,LEAR CORP,521865204,1634000.0,16238,0.0021164601222645597
CCEF,CALAMOS ETF TR,12811T407,1633000.0,56126,0.0021151648590318393
PR,PERMIAN RESOURCES CORP,71424F105,1631000.0,127412,0.002112574332566399
NVBT,AIM ETF PRODUCTS TRUST,00888H851,1629000.0,45064,0.002109983806100959
QCAP,FIRST TR EXCHNG TRADED FD VI,33740F284,1629000.0,69882,0.002109983806100959
FWONK,LIBERTY MEDIA CORP DEL,531229755,1628000.0,15590,0.002108688542868239
CROX,CROCS INC,227046109,1628000.0,19486,0.002108688542868239
PNQI,INVESCO EXCHANGE TRADED FD T,46137V530,1627000.0,29134,0.002107393279635519
KBWB,INVESCO EXCH TRADED FD TR II,46138E628,1627000.0,20801,0.002107393279635519
ENPH,ENPHASE ENERGY INC,29355A107,1627000.0,45960,0.002107393279635519
EXLS,EXLSERVICE HOLDINGS INC,302081104,1624000.0,36888,0.002103507489937359
ZMAY,INNOVATOR ETFS TRUST,45784N650,1623000.0,64637,0.002102212226704639
FLRT,PACER FDS TR,69374H428,1620000.0,34185,0.002098326437006479
IJUN,INNOVATOR ETFS TRUST,45783Y285,1619000.0,57010,0.002097031173773759
AIT,APPLIED INDL TECHNOLOGIES IN,03820C105,1618000.0,6198,0.0020957359105410384
TUA,SIMPLIFY EXCHANGE TRADED FUN,82889N657,1617000.0,73959,0.002094440647308319
SECT,NORTHERN LTS FD TR IV,66538H591,1616000.0,25641,0.0020931453840755984
IGE,ISHARES TR,464287374,1615000.0,32933,0.002091850120842879
VNOM,VIPER ENERGY INC,64361Q101,1614000.0,42238,0.0020905548576101583
LSR,CEL-SCI CORP,150837706,1612000.0,175209,0.0020879643311447183
IVOG,VANGUARD ADMIRAL FDS INC,921932869,1611000.0,13487,0.0020866690679119983
NUDM,NUSHARES ETF TR,67092P805,1611000.0,42835,0.0020866690679119983
BSCV,INVESCO EXCH TRD SLF IDX FD,46138J429,1611000.0,96556,0.0020866690679119983
XERS,XERIS BIOPHARMA HOLDINGS INC,98422E103,1610000.0,197743,0.0020853738046792782
KD,KYNDRYL HLDGS INC,50155Q100,1610000.0,53612,0.0020853738046792782
REMX,VANECK ETF TRUST,92189H805,1607000.0,24417,0.002081488014981118
FEBM,FIRST TR EXCHNG TRADED FD VI,33740U422,1607000.0,53737,0.002081488014981118
SBI,WESTERN ASSET INTER MUNI FD,958435109,1606000.0,203039,0.002080192751748398
PBJN,PGIM ROCK ETF TR,69420N858,1604000.0,54619,0.002077602225282958
UMAY,INNOVATOR ETFS TRUST,45782C292,1601000.0,44629,0.0020737164355847976
FXN,FIRST TR EXCHANGE TRADED FD,33734X127,1600000.0,98150,0.002072421172352078
BSTZ,BLACKROCK SCIENCE & TECHNOLO,09260K101,1600000.0,72183,0.002072421172352078
ALK,ALASKA AIR GROUP INC,011659109,1597000.0,32089,0.0020685353826539175
JAZZ,JAZZ PHARMACEUTICALS PLC,G50871105,1597000.0,12118,0.0020685353826539175
BST,BLACKROCK SCIENCE & TECHNOLO,09258G104,1595000.0,38569,0.0020659448561884774
CHH,CHOICE HOTELS INTL INC,169905106,1590000.0,14875,0.0020594685400248773
GLXY,GALAXY DIGITAL INC.,36317J209,1589000.0,47001,0.0020581732767921573
QDEF,FLEXSHARES TR,33939L845,1589000.0,19871,0.0020581732767921573
TPC,TUTOR PERINI CORP,901109108,1588000.0,24218,0.0020568780135594373
BRZE,BRAZE INC,10576N102,1588000.0,55828,0.0020568780135594373
CRL,CHARLES RIV LABS INTL INC,159864107,1583000.0,10119,0.002050401697395837
FXD,FIRST TR EXCHANGE TRADED FD,33734X101,1582000.0,23190,0.0020491064341631167
UTWO,RBB FD INC,74933W486,1582000.0,32572,0.0020491064341631167
FEOE,RBB FUND TRUST,75526L878,1581000.0,34269,0.002047811170930397
QQQH,NEOS ETF TRUST,78433H576,1578000.0,29016,0.002043925381232237
PBMR,PGIM ROCK ETF TR,69420N601,1578000.0,52900,0.002043925381232237
PFN,PIMCO INCOME STRATEGY FD II,72201J104,1577000.0,207754,0.0020426301179995165
VTWV,VANGUARD SCOTTSDALE FDS,92206C649,1575000.0,10103,0.0020400395915340765
RGEF,TIDAL TRUST III,45259A886,1574000.0,53542,0.002038744328301357
LII,LENNOX INTL INC,526107107,1569000.0,2964,0.0020322680121377563
FERG,FERGUSON ENTERPRISES INC,31488V107,1564000.0,6965,0.0020257916959741562
THNQ,EXCHANGE TRADED CONCEPTS TRU,301505731,1564000.0,24420,0.0020257916959741562
TEAM,ATLASSIAN CORPORATION,049468101,1564000.0,9796,0.0020257916959741562
PBAU,PGIM ROCK ETF TR,69420N817,1558000.0,52944,0.0020180201165778356
MEAR,ISHARES U S ETF TR,46431W838,1552000.0,30728,0.0020102485371815155
TNP,TSAKOS ENERGY NAVIGATION LTD,G9108L173,1552000.0,69852,0.0020102485371815155
ADX,ADAMS DIVERSIFIED EQUITY FD,006212104,1552000.0,69583,0.0020102485371815155
NMCO,NUVEEN MUN CR OPPORTUNITIES,670663103,1551000.0,142834,0.0020089532739487955
PTMC,PACER FDS TR,69374H204,1550000.0,43281,0.0020076580107160754
YLD,PRINCIPAL EXCHANGE TRADED FD,74255Y102,1550000.0,79695,0.0020076580107160754
NTLA,INTELLIA THERAPEUTICS INC,45826J105,1548000.0,89639,0.0020050674842506354
SMAY,FIRST TR EXCHNG TRADED FD VI,33740F466,1548000.0,61122,0.0020050674842506354
SOXQ,INVESCO EXCH TRADED FD TR II,46138G615,1546000.0,30853,0.0020024769577851953
USA,LIBERTY ALL STAR EQUITY FD,530158104,1546000.0,243790,0.0020024769577851953
INOD,INNODATA INC,457642205,1545000.0,20041,0.002001181694552475
HBI,HANESBRANDS INC,410345102,1544000.0,234311,0.0019998864313197553
MLPA,GLOBAL X FDS,37954Y343,1542000.0,31845,0.0019972959048543152
SEPM,FIRST TR EXCHNG TRADED FD VI,33740U554,1541000.0,49017,0.0019960006416215948
XAWFX,ALLIANCEBERNSTEIN GLOBAL HIG,01879R106,1538000.0,137235,0.0019921148519234347
INQQ,EXCHANGE TRADED CONCEPTS TRU,301505558,1533000.0,98256,0.0019856385357598346
FYEE,FIDELITY GREENWOOD STREET TR,31624J729,1532000.0,54653,0.0019843432725271145
HP,HELMERICH & PAYNE INC,423452101,1530000.0,69270,0.0019817527460616745
FLQS,FRANKLIN TEMPLETON ETF TR,35473P876,1530000.0,34801,0.0019817527460616745
GSG,ISHARES S&P GSCI COMMODITY-,46428R107,1528000.0,66515,0.001979162219596234
CBU,COMMUNITY FINANCIAL SYSTEM I,203607106,1526000.0,26030,0.001976571693130794
EXR,EXTRA SPACE STORAGE INC,30225T102,1525000.0,10822,0.0019752764298980744
SHE,SPDR SERIES TRUST,78468R747,1522000.0,11938,0.001971390640199914
PFS,PROVIDENT FINL SVCS INC,74386T105,1521000.0,78878,0.001970095376967194
ODFL,OLD DOMINION FREIGHT LINE IN,679580100,1520000.0,10799,0.001968800113734474
VKTX,VIKING THERAPEUTICS INC,92686J106,1519000.0,57801,0.001967504850501754
QTPI,EXCHANGE PLACE ADVISORS TRUS,301471108,1516000.0,59241,0.0019636190608035937
DLS,WISDOMTREE TR,97717W760,1514000.0,19040,0.0019610285343381537
KTB,KONTOOR BRANDS INC,50050N103,1514000.0,18974,0.0019610285343381537
CPSD,CALAMOS ETF TR,12811T795,1511000.0,59182,0.001957142744639993
PBFB,PGIM ROCK ETF TR,69420N403,1504000.0,50623,0.001948075902010953
JCPI,J P MORGAN EXCHANGE TRADED F,46654Q104,1504000.0,30834,0.001948075902010953
OIA,INVESCO MUNI INCOME OPP TRST,46132X101,1504000.0,249479,0.001948075902010953
ALC,ALCON AG,H01301128,1503000.0,20177,0.0019467806387782332
DIVS,GUINNESS ATKINSON FDS,402031835,1501000.0,48230,0.0019441901123127931
RZG,INVESCO EXCHANGE TRADED FD T,46137V175,1500000.0,27534,0.0019428948490800729
SMLL,HARBOR ETF TRUST,41151J752,1498000.0,70260,0.001940304322614633
MFSV,MFS ACTIVE EXCHANGE TRADED F,55286W504,1497000.0,57267,0.0019390090593819128
EAPR,INNOVATOR ETFS TRUST,45782C359,1496000.0,51309,0.001937713796149193
ICLO,INVESCO ACTIVELY MANAGED EXC,46090A721,1495000.0,58385,0.0019364185329164727
INMU,BLACKROCK ETF TRUST II,092528207,1493000.0,62364,0.0019338280064510327
GSL,GLOBAL SHIP LEASE INC NEW,Y27183600,1492000.0,48614,0.0019325327432183125
SBS,COMPANHIA DE SANEAMENTO BASI,20441A102,1491000.0,59915,0.0019312374799855926
IYZ,ISHARES TR,464287713,1490000.0,46188,0.0019299422167528724
IDVO,AMPLIFY ETF TR,032108722,1486000.0,39852,0.0019247611638219923
FDBC,FIDELITY D & D BANCORP INC,31609R100,1485000.0,33884,0.0019234659005892723
LVS,LAS VEGAS SANDS CORP,517834107,1481000.0,27525,0.0019182848476583922
VGM,INVESCO TR INVT GRADE MUNS,46131M106,1480000.0,146291,0.001916989584425672
XCHYX,CALAMOS CONV & HIGH INCOME F,12811P108,1479000.0,131783,0.0019156943211929521
FTI,TECHNIPFMC PLC,G87110105,1477000.0,37427,0.0019131037947275116
AES,AES CORP,00130H105,1477000.0,112253,0.0019131037947275116
ZNOV,INNOVATOR ETFS TRUST,45784N809,1474000.0,55857,0.0019092180050293518
PBJL,PGIM ROCK ETF TR,69420N833,1468000.0,49920,0.0019014464256330314
OUST,OUSTER INC,68989M202,1465000.0,54159,0.0018975606359348711
IBHJ,ISHARES TR,46436E122,1458000.0,54385,0.001888493793305831
CPRY,CALAMOS ETF TR,12811T126,1456000.0,55910,0.001885903266840391
CSRE,COHEN & STEERS ETF TRUST,19249U104,1455000.0,55851,0.0018846080036076707
IBMR,ISHARES TR,46436E163,1452000.0,56861,0.0018807222139095108
GTLS,CHART INDS INC,16115Q308,1450000.0,7246,0.0018781316874440703
AVB,AVALONBAY CMNTYS INC,053484101,1449000.0,7501,0.0018768364242113505
MARA,MARA HOLDINGS INC,565788106,1449000.0,79338,0.0018768364242113505
RZV,INVESCO EXCHANGE TRADED FD T,46137V167,1447000.0,12256,0.0018742458977459105
RSPS,INVESCO EXCHANGE TRADED FD T,46137V373,1447000.0,49500,0.0018742458977459105
BKKT,BAKKT HOLDINGS INC,05759B305,1446000.0,42958,0.0018729506345131902
RS,RELIANCE INC,759509102,1444000.0,5141,0.0018703601080477502
USFD,US FOODS HLDG CORP,912008109,1444000.0,18848,0.0018703601080477502
VTWG,VANGUARD SCOTTSDALE FDS,92206C623,1438000.0,6150,0.0018625885286514298
TAFM,AB ACTIVE ETFS INC,00039J889,1438000.0,56587,0.0018625885286514298
DECU,AIM ETF PRODUCTS TRUST,00888H521,1437000.0,53467,0.00186129326541871
ALG,ALAMO GROUP INC,011311107,1437000.0,7528,0.00186129326541871
HYLB,DBX ETF TR,233051432,1437000.0,38735,0.00186129326541871
CPNG,COUPANG INC,22266T109,1437000.0,44621,0.00186129326541871
PDT,HANCOCK JOHN PREM DIVID FD,41013T105,1436000.0,107681,0.0018599980021859897
MRNA,MODERNA INC,60770K107,1431000.0,55407,0.0018535216860223894
NDMO,NUVEEN DYNAMIC MUN OPPORTUNI,67079X102,1430000.0,137597,0.0018522264227896696
ZJUN,INNOVATOR ETFS TRUST,45784N643,1425000.0,53803,0.0018457501066260695
VRNA,VERONA PHARMA PLC,925050106,1423000.0,13336,0.0018431595801606294
PWZ,INVESCO EXCH TRADED FD TR II,46138E206,1421000.0,59394,0.001840569053695189
APYX,APYX MEDICAL CORPORATION,03837C106,1420000.0,663541,0.0018392737904624691
USO,UNITED STS OIL FD LP,91232N207,1418000.0,19222,0.001836683263997029
BCSF,BAIN CAP SPECIALTY FIN INC,05684B107,1417000.0,99452,0.0018353880007643088
FCLD,FIDELITY COVINGTON TRUST,316092246,1417000.0,48484,0.0018353880007643088
JD,JD.COM INC,47215P106,1415000.0,40464,0.0018327974742988688
SUN,SUNOCO LP/SUNOCO FIN CORP,86765K109,1413000.0,28255,0.001830206947833429
XFEB,FIRST TR EXCHNG TRADED FD VI,33740U638,1412000.0,40406,0.0018289116846007087
RA,BROOKFIELD REAL ASSETS INCOM,112830104,1411000.0,105615,0.0018276164213679885
TMFG,RBB FD INC,74933W635,1410000.0,47092,0.0018263211581352687
SAN,BANCO SANTANDER S.A.,05964H105,1407000.0,134266,0.0018224353684371084
DVOL,FIRST TR EXCHANGE-TRADED FD,33741L108,1406000.0,39660,0.0018211401052043886
CLPT,CLEARPOINT NEURO INC,18507C103,1404000.0,64448,0.001818549578738948
EOI,EATON VANCE ENHANCED EQUITY,278274105,1404000.0,66847,0.001818549578738948
WDFC,WD 40 CO,929236107,1402000.0,7093,0.0018159590522735082
DLB,DOLBY LABORATORIES INC,25659T107,1400000.0,19343,0.0018133685258080682
WF2,WINTRUST FINL CORP,97650W108,1400000.0,10574,0.0018133685258080682
EQR,EQUITY RESIDENTIAL,29476L107,1400000.0,21627,0.0018133685258080682
BSCX,INVESCO EXCH TRD SLF IDX FD,46139W825,1396000.0,65039,0.001808187472877188
XISE,FIRST TR EXCHNG TRADED FD VI,33740F375,1392000.0,46053,0.0018030064199463076
AOK,ISHARES TR,464289883,1392000.0,34656,0.0018030064199463076
BITO,PROSHARES TR,74347G440,1389000.0,70560,0.0017991206302481477
JETS,ETF SER SOLUTIONS,26922A842,1388000.0,56289,0.0017978253670154275
EIPI,FIRST TR EXCHNG TRADED FD VI,33740F276,1388000.0,70017,0.0017978253670154275
FEM,FIRST TR EXCH TRD ALPHDX FD,33737J182,1388000.0,51235,0.0017978253670154275
CPSA,CALAMOS ETF TR,12811T704,1383000.0,51910,0.0017913490508518273
FLEX,FLEX LTD,Y2573F102,1382000.0,23833,0.001790053787619107
SKOR,FLEXSHARES TR,33939L761,1382000.0,28057,0.001790053787619107
CRMD,CORMEDIX INC,21900C308,1381000.0,118773,0.0017887585243863873
CHTR,CHARTER COMMUNICATIONS INC N,16119P108,1379000.0,5012,0.0017861679979209472
BITQ,EXCHANGE TRADED CONCEPTS TRU,301505624,1377000.0,54908,0.0017835774714555067
VFMF,VANGUARD WELLINGTON FD,921935607,1370000.0,9494,0.0017745106288264666
MTCH,MATCH GROUP INC NEW,57667L107,1370000.0,38797,0.0017745106288264666
BTT,BLACKROCK MUN TARGET TERM TR,09257P105,1370000.0,61015,0.0017745106288264666
FMAG,FIDELITY COVINGTON TRUST,316092329,1368000.0,38850,0.0017719201023610265
CPRJ,CALAMOS ETF TR,12811T837,1364000.0,51640,0.0017667390494301464
EPR,EPR PPTYS,26884U109,1364000.0,23508,0.0017667390494301464
DLTR,DOLLAR TREE INC,256746108,1364000.0,14453,0.0017667390494301464
IBUY,AMPLIFY ETF TR,032108102,1359000.0,17847,0.001760262733266546
FT,FRANKLIN UNVL TR,355145103,1359000.0,169031,0.001760262733266546
QBUF,INNOVATOR ETFS TRUST,45783Y160,1359000.0,47358,0.001760262733266546
FDND,FIRST TR EXCHANGE-TRADED FD,33738D754,1358000.0,56756,0.001758967470033826
HQH,ABRDN HEALTHCARE INVESTORS,87911J103,1357000.0,73508,0.001757672206801106
BKLC,BNY MELLON ETF TRUST,09661T107,1355000.0,10554,0.0017550816803356658
IBP,INSTALLED BLDG PRODS INC,45780R101,1354000.0,5488,0.001753786417102946
NVBU,AIM ETF PRODUCTS TRUST,00888H539,1353000.0,47797,0.0017524911538702257
OMFS,INVESCO EXCH TRD SLF IDX FD,46138J593,1351000.0,30707,0.0017499006274047857
RRC,RANGE RES CORP,75281A109,1348000.0,35814,0.0017460148377066254
TRI,THOMSON REUTERS CORP,884903808,1347000.0,8673,0.0017447195744739056
LAZ,LAZARD INC,52110M109,1347000.0,25514,0.0017447195744739056
EVSM,MORGAN STANLEY ETF TRUST,61774R858,1346000.0,26692,0.0017434243112411853
CASS,CASS INFORMATION SYS INC,14808P109,1345000.0,34210,0.0017421290480084655
JIG,J P MORGAN EXCHANGE TRADED F,46641Q324,1345000.0,17854,0.0017421290480084655
UMI,USCF ETF TR,90290T882,1344000.0,26178,0.0017408337847757455
GTY,GETTY RLTY CORP NEW,374297109,1342000.0,50002,0.0017382432583103054
NFEB,INNOVATOR ETFS TRUST,45784N791,1342000.0,49350,0.0017382432583103054
MRCP,PGIM ROCK ETF TR,69420N502,1339000.0,42951,0.0017343574686121451
IVES,WEDBUSH SER TR,947913109,1339000.0,41700,0.0017343574686121451
KORP,AMERICAN CENTY ETF TR,025072109,1338000.0,28110,0.001733062205379425
KIDS,ORTHOPEDIATRICS CORP,68752L100,1336000.0,72123,0.0017304716789139848
EMMF,WISDOMTREE TR,97717Y782,1333000.0,43572,0.001726585889215825
ITM,VANECK ETF TRUST,92189H201,1332000.0,28583,0.0017252906259831047
GLPI,GAMING & LEISURE PPTYS INC,36467J108,1332000.0,28581,0.0017252906259831047
LRN,STRIDE INC,86333M108,1330000.0,8927,0.0017227000995176647
MAA,MID-AMER APT CMNTYS INC,59522J103,1329000.0,9510,0.0017214048362849447
RMBS,RAMBUS INC DEL,750917106,1328000.0,12749,0.0017201095730522246
AKAM,AKAMAI TECHNOLOGIES INC,00971T101,1328000.0,17533,0.0017201095730522246
SCHI,SCHWAB STRATEGIC TR,808524698,1327000.0,57485,0.0017188143098195046
TBG,EA SERIES TRUST,02072L375,1327000.0,40120,0.0017188143098195046
OLED,UNIVERSAL DISPLAY CORP,91347P105,1326000.0,9230,0.0017175190465867844
PKST,PEAKSTONE REALTY TRUST,39818P799,1325000.0,100957,0.0017162237833540646
GEN,GEN DIGITAL INC,668771108,1324000.0,46640,0.0017149285201213443
SNAP,SNAP INC,83304A106,1321000.0,171340,0.001711042730423184
XSHQ,INVESCO EXCH TRADED FD TR II,46138G300,1318000.0,30635,0.0017071569407250242
SETM,SPROTT FDS TR,85208P402,1318000.0,52387,0.0017071569407250242
PGF,INVESCO EXCHANGE TRADED FD T,46137V621,1318000.0,90139,0.0017071569407250242
ATAT,ATOUR LIFESTYLE HLDGS LTD,04965M106,1318000.0,35060,0.0017071569407250242
GFF,GRIFFON CORP,398433102,1316000.0,17285,0.0017045664142595841
UI,UBIQUITI INC,90353W103,1310000.0,1983,0.0016967948348632638
FLS,FLOWSERVE CORP,34354P105,1307000.0,24591,0.0016929090451651035
BSMP,INVESCO EXCH TRD SLF IDX FD,46138J528,1307000.0,53273,0.0016929090451651035
WMS,ADVANCED DRAIN SYS INC DEL,00790R104,1306000.0,9418,0.0016916137819323837
INVN,THE ALGER ETF TRUST,015564602,1306000.0,62493,0.0016916137819323837
SMG,SCOTTS MIRACLE-GRO CO,810186106,1304000.0,22891,0.0016890232554669432
UBS,UBS GROUP AG,H42097107,1303000.0,31782,0.0016877279922342234
MCI,BARINGS CORPORATE INVS,06759X107,1302000.0,62728,0.0016864327290015033
MSOS,ADVISORSHARES TR,00768Y453,1302000.0,271900,0.0016864327290015033
CVNA,CARVANA CO,146869102,1301000.0,3449,0.0016851374657687833
ON1,OLD NATL BANCORP IND,680033107,1293000.0,58907,0.001674775359907023
DWX,SPDR INDEX SHS FDS,78463X772,1291000.0,30240,0.0016721848334415828
HTAB,HARTFORD FDS EXCHANGE TRADED,41653L404,1290000.0,67435,0.0016708895702088626
CSB,VICTORY PORTFOLIOS II,92647N873,1288000.0,21772,0.0016682990437434226
PIO,INVESCO EXCH TRADED FD TR II,46138E651,1288000.0,28695,0.0016682990437434226
ILMN,ILLUMINA INC,452327109,1288000.0,13562,0.0016682990437434226
KNF,KNIFE RIVER CORP,498894104,1286000.0,16733,0.0016657085172779827
PKN,REVVITY INC,714046109,1286000.0,14668,0.0016657085172779827
VCV,INVESCO CALIF VALUE MUN INCO,46132H106,1283000.0,121179,0.0016618227275798224
JULP,PGIM ROCK ETF TR,69420N841,1279000.0,42432,0.0016566416746489423
IGOV,ISHARES TR,464288117,1271000.0,29838,0.001646279568787182
LAUR,LAUREATE EDUCATION INC,518613203,1270000.0,40277,0.0016449843055544617
REET,ISHARES TR,46434V647,1268000.0,49600,0.0016423937790890216
IDLV,INVESCO EXCH TRADED FD TR II,46138E230,1267000.0,37827,0.0016410985158563018
TNA,DIREXION SHS ETF TR,25459W847,1264000.0,27946,0.0016372127261581415
DWAS,INVESCO EXCH TRADED FD TR II,46138E842,1264000.0,13711,0.0016372127261581415
BKGI,BNY MELLON ETF TRUST,09661T826,1264000.0,32461,0.0016372127261581415
FTV,FORTIVE CORP,34959J108,1263000.0,25772,0.0016359174629254213
ROL,ROLLINS INC,775711104,1262000.0,21488,0.0016346221996927015
ATI,ATI INC,01741R102,1261000.0,15509,0.0016333269364599812
USVN,RBB FD INC,74933W528,1261000.0,25891,0.0016333269364599812
XMAY,FIRST TR EXCHNG TRADED FD VI,33740F250,1261000.0,36831,0.0016333269364599812
GPI,GROUP 1 AUTOMOTIVE INC,398905109,1259000.0,2878,0.0016307364099945412
NVT,NVENT ELECTRIC PLC,G6700G107,1259000.0,12760,0.0016307364099945412
IIPR,INNOVATIVE INDL PPTYS INC,45781V101,1257000.0,23466,0.0016281458835291011
TKO,TKO GROUP HOLDINGS INC,87256C101,1256000.0,6219,0.001626850620296381
AUGM,FIRST TR EXCHNG TRADED FD VI,33740U562,1255000.0,37301,0.0016255553570636613
NNE,NANO NUCLEAR ENERGY INC,63010H108,1254000.0,32532,0.001624260093830941
GIB/A,CGI INC,12532H104,1254000.0,14064,0.001624260093830941
IFN,INDIA FD INC,454089103,1253000.0,85514,0.0016229648305982208
ALE,ALLETE INC,018522300,1253000.0,18868,0.0016229648305982208
PHPN,GALECTIN THERAPEUTICS INC,363225202,1249000.0,294901,0.0016177837776673407
NQP,NUVEEN PENNSYLVANIA QLT MUN,670972108,1248000.0,104000,0.0016164885144346205
RMT,ROYCE MICRO-CAP TR INC,780915104,1248000.0,120124,0.0016164885144346205
AQN,ALGONQUIN PWR UTILS CORP,015857105,1247000.0,232134,0.0016151932512019007
ZEUS,OLYMPIC STEEL INC,68162K106,1246000.0,40907,0.0016138979879691804
BKCG,BNY MELLON ETF TRUST II,05613H209,1244000.0,34885,0.0016113074615037406
OUSA,ALPS ETF TR,00162Q387,1241000.0,21956,0.0016074216718055803
SIGI,SELECTIVE INS GROUP INC,816300107,1239000.0,15282,0.0016048311453401402
GAM,GENERAL AMERN INVS CO INC,368802104,1232000.0,19803,0.0015957643027110998
FETH,FIDELITY ETHEREUM FD,31613E103,1231000.0,29621,0.0015944690394783798
FRME,FIRST MERCHANTS CORP,320817109,1229000.0,32593,0.0015918785130129398
PII,POLARIS INC,731068102,1228000.0,21127,0.00159058324978022
CPK,CHESAPEAKE UTILS CORP,165303108,1226000.0,9102,0.0015879927233147795
FBNC,FIRST BANCORP N C,318910106,1225000.0,23165,0.0015866974600820597
WTAI,WISDOMTREE TR,97717Y543,1224000.0,42864,0.0015854021968493394
FAN,FIRST TR EXCHANGE-TRADED FD,33736G106,1219000.0,63477,0.001578925880685739
JHEM,JOHN HANCOCK EXCHANGE TRADED,47804J834,1217000.0,38436,0.0015763353542202992
WST,WEST PHARMACEUTICAL SVSC INC,955306105,1216000.0,4636,0.0015750400909875792
KMAR,INNOVATOR ETFS TRUST,45784N759,1212000.0,43600,0.001569859038056699
CR,CRANE COMPANY,224408104,1210000.0,6572,0.0015672685115912589
GRAB,GRAB HOLDINGS LIMITED,G4124C109,1208000.0,200732,0.0015646779851258188
FTBD,FIDELITY MERRIMACK STR TR,316188879,1206000.0,24123,0.0015620874586603788
EOSE,EOS ENERGY ENTERPRISES INC,29415C101,1206000.0,105868,0.0015620874586603788
AUGZ,ELEVATION SERIES TRUST,210322814,1204000.0,28000,0.0015594969321949387
RGA,REINSURANCE GRP OF AMERICA I,759351604,1203000.0,6262,0.0015582016689622185
XDTE,ROUNDHILL ETF TRUST,77926X205,1203000.0,27194,0.0015582016689622185
MCR,MFS CHARTER INCOME TR,552727109,1203000.0,187348,0.0015582016689622185
DFE,WISDOMTREE TR,97717W869,1201000.0,17048,0.0015556111424967784
NPFD,NUVEEN VRIABL RAT PFD & INM,67080R102,1199000.0,60082,0.0015530206160313384
VKQ,INVESCO MUNICIPAL TRUST,46131J103,1198000.0,124099,0.0015517253527986183
ZBRA,ZEBRA TECHNOLOGIES CORPORATI,989207105,1198000.0,4031,0.0015517253527986183
KDP,KEURIG DR PEPPER INC,49271V100,1196000.0,46893,0.0015491348263331783
DINO,HF SINCLAIR CORP,403949100,1195000.0,22832,0.001547839563100458
IDA,IDACORP INC,451107106,1192000.0,9021,0.0015439537734022978
EJAN,INNOVATOR ETFS TRUST,45782C516,1192000.0,35882,0.0015439537734022978
FF,FUTUREFUEL CORP,36116M106,1192000.0,307332,0.0015439537734022978
MIRM,MIRUM PHARMACEUTICALS INC,604749101,1190000.0,16231,0.0015413632469368577
CDW,CDW CORP,12514G108,1188000.0,7457,0.0015387727204714177
IMAY,INNOVATOR ETFS TRUST,45783Y293,1188000.0,40908,0.0015387727204714177
AOHY,ANGEL OAK FUNDS TRUST,03463K745,1187000.0,105992,0.0015374774572386976
BJ,BJS WHSL CLUB HLDGS INC,05550J101,1186000.0,12719,0.0015361821940059778
FFC0,OAKTREE SPECIALTY LENDING CO,67401P405,1186000.0,90853,0.0015361821940059778
AUGP,PGIM ROCK ETF TR,69420N825,1185000.0,38901,0.0015348869307732576
ESLT,ELBIT SYS LTD,M3760D101,1185000.0,2324,0.0015348869307732576
PLMR,PALOMAR HLDGS INC,69753M105,1184000.0,10144,0.0015335916675405378
JBHT,HUNT J B TRANS SVCS INC,445658107,1181000.0,8806,0.0015297058778423775
NIO,NIO INC,62914V106,1179000.0,154786,0.0015271153513769374
ESS,ESSEX PPTY TR INC,297178105,1179000.0,4405,0.0015271153513769374
WES,WESTERN MIDSTREAM PARTNERS L,958669103,1176000.0,29930,0.0015232295616787771
ZJAN,INNOVATOR ETFS TRUST,45784N817,1175000.0,43712,0.001521934298446057
JBBB,JANUS DETROIT STR TR,47103U753,1173000.0,24343,0.001519343771980617
BCIM,ABRDN ETFS,003261609,1172000.0,54139,0.001518048508747897
KWEB,KRANESHARES TRUST,500767306,1171000.0,27880,0.001516753245515177
VFVA,VANGUARD WELLINGTON FD,921935805,1171000.0,9181,0.001516753245515177
VOTE,TCW ETF TRUST,29287L106,1170000.0,14904,0.001515457982282457
YYY*,AMPLIFY ETF TR,032108847,1167000.0,98807,0.0015115721925842967
CPSN,CALAMOS ETF TR,12811T811,1166000.0,43833,0.0015102769293515767
XJAN,FIRST TR EXCHNG TRADED FD VI,33740F318,1166000.0,32359,0.0015102769293515767
PSMO,PACER FDS TR,69374H485,1163000.0,38567,0.0015063911396534166
SCHH,SCHWAB STRATEGIC TR,808524847,1162000.0,53851,0.0015050958764206966
FBIN,FORTUNE BRANDS INNOVATIONS I,34964C106,1161000.0,21747,0.0015038006131879763
CCD,CALAMOS DYNAMIC CONV & INCOM,12811V105,1156000.0,54919,0.0014973242970243762
BALL,BALL CORP,058498106,1156000.0,22920,0.0014973242970243762
FNB,F N B CORP,302520101,1156000.0,71757,0.0014973242970243762
WTS,WATTS WATER TECHNOLOGIES INC,942749102,1154000.0,4131,0.0014947337705589361
MAYP,PGIM ROCK ETF TR,69420N882,1154000.0,38139,0.0014947337705589361
CORP,PIMCO ETF TR,72201R817,1151000.0,11670,0.001490847980860776
JKHY,HENRY JACK & ASSOC INC,426281101,1151000.0,7730,0.001490847980860776
XVV,ISHARES TR,46436E569,1148000.0,22291,0.0014869621911626158
EWZ,ISHARES INC,464286400,1146000.0,36983,0.0014843716646971757
APPF,APPFOLIO INC,03783C100,1146000.0,4157,0.0014843716646971757
ULTY,TIDAL TRUST II,88636J527,1145000.0,209372,0.0014830764014644557
SON,SONOCO PRODS CO,835495102,1144000.0,26547,0.0014817811382317357
COO,COOPER COS INC,216648501,1142000.0,16658,0.0014791906117662956
MTD,METTLER TOLEDO INTERNATIONAL,592688105,1139000.0,928,0.0014753048220681353
EVR,EVERCORE INC,29977A105,1137000.0,3369,0.0014727142956026953
MILN,GLOBAL X FDS,37954Y764,1137000.0,22984,0.0014727142956026953
MDGL,MADRIGAL PHARMACEUTICALS INC,558868105,1136000.0,2477,0.0014714190323699753
FLIN,FRANKLIN TEMPLETON ETF TR,35473P769,1135000.0,30436,0.0014701237691372552
ECAT,BLACKROCK ESG CAP ALLC TERM,09262F100,1135000.0,69203,0.0014701237691372552
BNS,BANK NOVA SCOTIA HALIFAX,064149107,1132000.0,17514,0.001466237979439095
DAY,DAYFORCE INC,15677J108,1128000.0,16374,0.0014610569265082148
LB,LANDBRIDGE COMPANY LLC,514952100,1125000.0,21096,0.0014571711368100548
SFEB,FIRST TR EXCHNG TRADED FD VI,33740F292,1124000.0,49308,0.0014558758735773347
BOX,BOX INC,10316T104,1123000.0,34802,0.0014545806103446147
PZZA,PAPA JOHNS INTL INC,698813102,1122000.0,23293,0.0014532853471118945
CRD/A,CRAWFORD & CO,224633206,1120000.0,104688,0.0014506948206464544
CRCT,CRICUT INC,22658D100,1115000.0,177300,0.0014442185044828543
RNST,RENASANT CORP,75970E107,1112000.0,30155,0.0014403327147846942
DCI,DONALDSON INC,257651109,1111000.0,13580,0.001439037451551974
DUOL,DUOLINGO INC,26603R106,1110000.0,3449,0.001437742188319254
PAX,PATRIA INVESTMENTS LIMITED,G69451105,1108000.0,75923,0.001435151661853814
PAMC,PACER FDS TR,69374H725,1107000.0,23536,0.0014338563986210939
TAFI,AB ACTIVE ETFS INC,00039J202,1107000.0,43687,0.0014338563986210939
MRP,MILLROSE PPTYS INC,601137102,1107000.0,32930,0.0014338563986210939
PPLT,ABRDN PLATINUM ETF TRUST,003260106,1106000.0,7741,0.0014325611353883739
PFFD,GLOBAL X FDS,37954Y657,1103000.0,56787,0.0014286753456902136
SANM,SANMINA CORPORATION,801056102,1102000.0,9576,0.0014273800824574935
SMOT,VANECK ETF TRUST,92189H730,1101000.0,30510,0.0014260848192247737
SEB,SEABOARD CORP DEL,811543107,1101000.0,302,0.0014260848192247737
HNDL,STRATEGY SHS,86280R506,1100000.0,49386,0.0014247895559920535
SUI,SUN CMNTYS INC,866674104,1100000.0,8528,0.0014247895559920535
FNDC,SCHWAB STRATEGIC TR,808524748,1100000.0,24721,0.0014247895559920535
ERIE,ERIE INDTY CO,29530P102,1100000.0,3457,0.0014247895559920535
DGS,WISDOMTREE TR,97717W281,1095000.0,19177,0.0014183132398284534
EQAL,INVESCO EXCH TRADED FD TR II,46138E420,1095000.0,21053,0.0014183132398284534
BCAT,BLACKROCK CAP ALLOCATION TER,09260U109,1093000.0,73877,0.001415722713363013
JRE,JANUS DETROIT STR TR,47103U829,1092000.0,44783,0.001414427450130293
DEHP,DIMENSIONAL ETF TRUST,25434V757,1091000.0,35708,0.001413132186897573
ARRY,ARRAY TECHNOLOGIES INC,04271T100,1088000.0,133435,0.001409246397199413
SSB,SOUTHSTATE BK CORP,84472E102,1087000.0,10989,0.001407951133966693
GHC,GRAHAM HLDGS CO,384637104,1086000.0,923,0.001406655870733973
RBBN,RIBBON COMMUNICATIONS INC,762544104,1086000.0,285744,0.001406655870733973
TLTE,FLEXSHARES TR,33939L308,1086000.0,17211,0.001406655870733973
PJT,PJT PARTNERS INC,69343T107,1086000.0,6113,0.001406655870733973
NFTY,FIRST TR EXCH TRD ALPHDX FD,33737J802,1085000.0,19062,0.0014053606075012529
AGZ,ISHARES TR,464288166,1084000.0,9819,0.0014040653442685329
EWC,ISHARES INC,464286509,1083000.0,21418,0.0014027700810358126
STPZ,PIMCO ETF TR,72201R205,1082000.0,19976,0.0014014748178030926
FNK,FIRST TR EXCHANGE-TRADED ALP,33737M201,1080000.0,19548,0.0013988842913376525
FHN,FIRST HORIZON CORPORATION,320517105,1080000.0,47761,0.0013988842913376525
NANC,TIDAL TRUST I,886364199,1078000.0,24077,0.0013962937648722125
UNFI,UNITED NAT FOODS INC,911163103,1070000.0,28443,0.001385931659010452
UVE,UNIVERSAL INS HLDGS INC,91359V107,1068000.0,40601,0.001383341132545012
SUX,TD SYNNEX CORPORATION,87162W100,1066000.0,6507,0.0013807506060795718
VCEB,VANGUARD WORLD FD,921910691,1065000.0,16584,0.0013794553428468517
OZEM,ROUNDHILL ETF TRUST,77926X882,1065000.0,38976,0.0013794553428468517
DX,DYNEX CAP INC,26817Q886,1064000.0,86581,0.0013781600796141317
IPAY,AMPLIFY ETF TR,032108656,1064000.0,18639,0.0013781600796141317
PEJ,INVESCO EXCHANGE TRADED FD T,46137V720,1062000.0,17529,0.0013755695531486917
XAGDX,ABRDN GLOBAL DYNAMIC DIVIDEN,00302M106,1056000.0,79276,0.0013677979737523715
ESG,FLEXSHARES TR,33939L696,1053000.0,6828,0.0013639121840542112
CGV,TWO RDS SHARED TR,90214Q584,1048000.0,71437,0.0013574358678906109
KMX,CARMAX INC,143130102,1041000.0,23197,0.0013483690252615707
SPXL,DIREXION SHS ETF TR,25459W862,1040000.0,4908,0.0013470737620288507
ASH,ASHLAND INC,044186104,1037000.0,21646,0.0013431879723306904
DWM,WISDOMTREE TR,97717W703,1034000.0,15617,0.0013393021826325303
PTC,PTC INC,69370C100,1032000.0,5085,0.0013367116561670903
IGPT,INVESCO EXCHANGE TRADED FD T,46137V639,1031000.0,19081,0.0013354163929343702
CLMT,CALUMET INC,131428104,1029000.0,56404,0.0013328258664689302
GMOM,CAMBRIA ETF TR,132061508,1029000.0,31816,0.0013328258664689302
ACI,ALBERTSONS COS INC,013091103,1029000.0,58775,0.0013328258664689302
PDBA,INVESCO ACTVELY MNGD ETC FD,46090F308,1029000.0,28860,0.0013328258664689302
AI,C3 AI INC,12468P104,1027000.0,59202,0.00133023534000349
NTRA,NATERA INC,632307104,1026000.0,6373,0.0013289400767707699
CPSJ,CALAMOS ETF TR,12811T803,1026000.0,38609,0.0013289400767707699
GLP,GLOBAL PARTNERS LP,37946R109,1026000.0,21380,0.0013289400767707699
LOUP,INNOVATOR ETFS TRUST,45782C862,1026000.0,13886,0.0013289400767707699
IT,GARTNER INC,366651107,1019000.0,3875,0.0013198732341417295
WCC,WESCO INTL INC,95082P105,1018000.0,4811,0.0013185779709090095
FCNCA,FIRST CTZNS BANCSHARES INC D,31946M103,1017000.0,568,0.0013172827076762894
OCFC,OCEANFIRST FINL CORP,675234108,1016000.0,57816,0.0013159874444435694
IMO,IMPERIAL OIL LTD,453038408,1016000.0,11202,0.0013159874444435694
EVSD,MORGAN STANLEY ETF TRUST,61774R825,1014000.0,19735,0.0013133969179781294
LYFT,LYFT INC,55087P104,1011000.0,45937,0.0013095111282799693
S,SENTINELONE INC,81730H109,1010000.0,57344,0.001308215865047249
GTLB,GITLAB INC,37637K108,1009000.0,22389,0.001306920601814529
DRIV,GLOBAL X FDS,37954Y624,1006000.0,35563,0.001303034812116369
N/A,BANK OF NT BUTTERFIELD&SON L,G0772R208,1005000.0,23420,0.0013017395488836487
GNT,GAMCO NAT RES GOLD & INCOME,36465E101,1001000.0,142433,0.0012965584959527688
KBWP,INVESCO EXCH TRADED FD TR II,46138E586,1001000.0,8097,0.0012965584959527688
MFSB,MFS ACTIVE EXCHANGE TRADED F,55286W108,999000.0,39621,0.0012939679694873286
INDY,ISHARES TR,464289529,999000.0,19624,0.0012939679694873286
FAF,FIRST AMERN FINL CORP,31847R102,998000.0,15530,0.0012926727062546085
BWA,BORGWARNER INC,099724106,998000.0,22707,0.0012926727062546085
SITE,SITEONE LANDSCAPE SUPPLY INC,82982L103,998000.0,7750,0.0012926727062546085
FHB,FIRST HAWAIIAN INC,32051X108,998000.0,40201,0.0012926727062546085
PGHY,INVESCO EXCH TRADED FD TR II,46138E669,998000.0,49919,0.0012926727062546085
QCJA,FIRST TR EXCHNG TRADED FD VI,33740U448,997000.0,46515,0.0012913774430218885
JANU,AIM ETF PRODUCTS TRUST,00888H513,996000.0,36044,0.0012900821797891685
GSAT,GLOBALSTAR INC,378973507,994000.0,27327,0.0012874916533237284
ESE,ESCO TECHNOLOGIES INC,296315104,992000.0,4699,0.0012849011268582882
FCF,FIRST COMWLTH FINL CORP PA,319829107,991000.0,58101,0.0012836058636255681
NHI,NATIONAL HEALTH INVS INC,63633D104,990000.0,12453,0.0012823106003928481
SSNC,SS&C TECHNOLOGIES HLDGS INC,78467J100,988000.0,11127,0.001279720073927408
TNGY,TORTOISE CAPITAL SERIES TRUS,890930209,987000.0,108772,0.001278424810694688
PRGO,PERRIGO CO PLC,G97822103,985000.0,44223,0.001275834284229248
CAFG,PACER FDS TR,69374H352,985000.0,37938,0.001275834284229248
MYN,BLACKROCK MUNIYIELD N Y QUAL,09255E102,982000.0,98909,0.0012719484945310877
KIE,SPDR SERIES TRUST,78464A789,981000.0,16537,0.0012706532312983677
DOGG,FIRST TR EXCHANGE-TRADED FD,33738D846,981000.0,49099,0.0012706532312983677
HOG,HARLEY DAVIDSON INC,412822108,980000.0,35128,0.0012693579680656476
COOP,MR COOPER GROUP INC,62482R107,979000.0,4645,0.0012680627048329276
KFEB,INNOVATOR ETFS TRUST,45784N783,978000.0,36537,0.0012667674416002076
OGS,ONE GAS INC,68235P108,978000.0,12088,0.0012667674416002076
IPG,INTERPUBLIC GROUP COS INC,460690100,976000.0,34961,0.0012641769151347673
ST,SENSATA TECHNOLOGIES HLDG PL,G8060N102,975000.0,31919,0.0012628816519020473
JULM,FIRST TR EXCHNG TRADED FD VI,33740U570,974000.0,29330,0.0012615863886693275
DFSB,DIMENSIONAL ETF TRUST,25434V674,974000.0,18288,0.0012615863886693275
XMTR,XOMETRY INC,98423F109,974000.0,17884,0.0012615863886693275
CBZ,CBIZ INC,124805102,973000.0,18376,0.0012602911254366075
VWOB,VANGUARD WHITEHALL FDS,921946885,973000.0,14544,0.0012602911254366075
SCHK,SCHWAB STRATEGIC TR,808524722,970000.0,30184,0.0012564053357384472
TTC,TORO CO,891092108,968000.0,12709,0.0012538148092730071
XBMEX,BLACKROCK HEALTH SCIENCES TR,09250W107,968000.0,26008,0.0012538148092730071
RLTY,COHEN & STEERS REAL ESTATE O,19249Q103,967000.0,63261,0.001252519546040287
DFP,FLAHERTY & CRUMRINE DYNAMIC,33848W106,967000.0,44671,0.001252519546040287
CHW,CALAMOS GBL DYN INCOME FUND,12811L107,966000.0,128160,0.001251224282807567
MSTY,TIDAL TRUST II,88634T493,966000.0,69230,0.001251224282807567
LDSF,FIRST TR EXCHNG TRADED FD VI,33740F870,964000.0,50420,0.0012486337563421268
PPH,VANECK ETF TRUST,92189F692,964000.0,10671,0.0012486337563421268
BCRX,BIOCRYST PHARMACEUTICALS INC,09058V103,957000.0,126059,0.0012395669137130866
AVXL,ANAVEX LIFE SCIENCES CORP,032797300,955000.0,107267,0.0012369763872476466
CQP,CHENIERE ENERGY PARTNERS LP,16411Q101,955000.0,17753,0.0012369763872476466
CSM,PROSHARES TR,74347R248,954000.0,12460,0.0012356811240149263
TGRW,T ROWE PRICE ETF INC,87283Q305,953000.0,20932,0.0012343858607822063
THC,TENET HEALTHCARE CORP,88033G407,953000.0,4695,0.0012343858607822063
NLOP,NET LEASE OFFICE PROPERTIES,64110Y108,952000.0,32103,0.0012330905975494863
XNOV,FIRST TR EXCHNG TRADED FD VI,33740F334,952000.0,25988,0.0012330905975494863
WEA,WESTERN ALLIANCE BANCORP,957638109,951000.0,10967,0.0012317953343167663
ROAD,CONSTRUCTION PARTNERS INC,21044C107,947000.0,7460,0.001226614281385886
ING,ING GROEP N.V.,456837103,947000.0,36309,0.001226614281385886
FLCV,FEDERATED HERMES ETF TRUST,31423L701,947000.0,31072,0.001226614281385886
PSIX,POWER SOLUTIONS INTL INC,73933G202,946000.0,9633,0.001225319018153166
HR,HEALTHCARE RLTY TR,42226K105,946000.0,52450,0.001225319018153166
XHE,SPDR SERIES TRUST,78464A581,946000.0,12017,0.001225319018153166
VFMV,VANGUARD WELLINGTON FD,921935409,945000.0,7196,0.001224023754920446
QTJL,INNOVATOR ETFS TRUST,45783Y871,944000.0,24732,0.001222728491687726
TJAN,INNOVATOR ETFS TRUST,45784N825,944000.0,34931,0.001222728491687726
NRIM,NORTHRIM BANCORP INC,666762109,944000.0,43590,0.001222728491687726
HMC,HONDA MOTOR LTD,438128308,942000.0,30578,0.0012201379652222858
MTN,VAIL RESORTS INC,91879Q109,941000.0,6289,0.0012188427019895658
PB,PROSPERITY BANCSHARES INC,743606105,941000.0,14179,0.0012188427019895658
WOMN,TIDAL TRUST III,45259A100,941000.0,23137,0.0012188427019895658
PBMY,PGIM ROCK ETF TR,69420N874,941000.0,31928,0.0012188427019895658
NFRA,FLEXSHARES TR,33939L795,940000.0,14937,0.0012175474387568458
XDSQ,INNOVATOR ETFS TRUST,45783Y103,939000.0,23565,0.0012162521755241257
IGLD,FIRST TR EXCHANGE-TRADED FD,33733E856,938000.0,39194,0.0012149569122914057
ECC,EAGLE POINT CREDIT COMPANY I,269808101,936000.0,141674,0.0012123663858259655
BLD,TOPBUILD CORP,89055F103,936000.0,2395,0.0012123663858259655
PPC,PILGRIMS PRIDE CORP,72147K108,936000.0,22992,0.0012123663858259655
PJP,INVESCO EXCHANGE TRADED FD T,46137V662,935000.0,10112,0.0012110711225932454
PZT,INVESCO EXCH TRADED FD TR II,46138E529,934000.0,41997,0.0012097758593605254
PKB,INVESCO EXCHANGE TRADED FD T,46137V779,932000.0,9747,0.0012071853328950854
SIXZ,AIM ETF PRODUCTS TRUST,00888H653,931000.0,31882,0.0012058900696623653
BMEZ,BLACKROCK HEALTH SCIENCES TE,09260E105,930000.0,64462,0.0012045948064296453
EFAA,INVESCO ACTIVELY MANAGED EXC,46090A713,930000.0,17599,0.0012045948064296453
MKSI,MKS INC.,55306N104,930000.0,7517,0.0012045948064296453
PRN,INVESCO EXCHANGE TRADED FD T,46137V845,930000.0,5382,0.0012045948064296453
PGY,PAGAYA TECHNOLOGIES LTD,M7S64L123,927000.0,31214,0.0012007090167314852
USLM,UNITED STS LIME & MINERALS I,911922102,926000.0,7039,0.001199413753498765
SWIM,LATHAM GROUP INC,51819L107,925000.0,121516,0.001198118490266045
GHY,PGIM GLOBAL HIGH YIELD FD FO,69346J106,924000.0,71755,0.001196823227033325
FCAL,FIRST TR EXCH TRADED FD III,33739P863,923000.0,18921,0.001195527963800605
LW,LAMB WESTON HLDGS INC,513272104,922000.0,15869,0.0011942327005678849
MSM,MSC INDL DIRECT INC,553530106,921000.0,9994,0.0011929374373351646
RYAAY,RYANAIR HOLDINGS PLC,783513203,920000.0,15284,0.0011916421741024446
AGCO,AGCO CORP,001084102,919000.0,8584,0.0011903469108697246
HL,HECLA MNG CO,422704106,919000.0,75927,0.0011903469108697246
XCY,OPKO HEALTH INC,68375N103,918000.0,592330,0.0011890516476370046
SDIV,GLOBAL X FDS,37960A669,914000.0,38125,0.0011838705947061245
OMF,ONEMAIN HLDGS INC,68268W103,912000.0,16152,0.0011812800682406844
VBIL,VANGUARD INSTL INDEX FD,922040845,911000.0,12046,0.0011799848050079644
MEGI,NYLI CBRE GBL INFR MEGTRNDS,56064Q107,911000.0,62028,0.0011799848050079644
SQLV,LEGG MASON ETF INVT,52468L877,909000.0,21261,0.0011773942785425241
AVES,AMERICAN CENTY ETF TR,025072372,908000.0,15831,0.001176099015309804
EIS*,ISHARES INC,464286632,908000.0,9056,0.001176099015309804
CPNS,CALAMOS ETF TR,12811T860,904000.0,33538,0.001170917962378924
MOD,MODINE MFG CO,607828100,902000.0,6347,0.001168327435913484
JUNP,PGIM ROCK ETF TR,69420N866,900000.0,30119,0.001165736909448044
LSAF,TWO RDS SHARED TR,90214Q774,900000.0,20131,0.001165736909448044
METV,LISTED FDS TR,53656F417,898000.0,43602,0.0011631463829826036
BUI,BLACKROCK UTILS INFRASTRUCTU,09248D104,898000.0,34295,0.0011631463829826036
MMT,MFS MULTIMARKET INCOME TR,552737108,897000.0,187675,0.0011618511197498836
FEDM,FLEXSHARES TR,33939L597,896000.0,15649,0.0011605558565171636
NYT,NEW YORK TIMES CO,650111107,895000.0,15600,0.0011592605932844436
EMNT,PIMCO ETF TR,72201R643,892000.0,9021,0.0011553748035862833
TDW,TIDEWATER INC NEW,88642R109,891000.0,16704,0.0011540795403535632
CVLT,COMMVAULT SYS INC,204166102,891000.0,4718,0.0011540795403535632
FAAR,FIRST TR EXCHANGE TRAD FD VI,33740Y101,890000.0,29217,0.0011527842771208432
MSB,MESABI TR,590672101,890000.0,30409,0.0011527842771208432
PML,PIMCO MUN INCOME FD II,72200W106,889000.0,112358,0.0011514890138881232
EVYM,MORGAN STANLEY ETF TRUST,61774R783,887000.0,17960,0.0011488984874226831
APRP,PGIM ROCK ETF TR,69420N700,887000.0,30524,0.0011488984874226831
TDOC,TELADOC HEALTH INC,87918A105,886000.0,114623,0.0011476032241899631
NWBI,NORTHWEST BANCSHARES INC MD,667340103,886000.0,71529,0.0011476032241899631
ESGG,FLEXSHARES TR,33939L688,885000.0,4482,0.001146307960957243
ALLW,SSGA ACTIVE TR,78470P630,885000.0,31752,0.001146307960957243
QHY,WISDOMTREE TR,97717X172,884000.0,18992,0.001145012697724523
TRUP,TRUPANION INC,898202106,883000.0,20406,0.001143717434491803
FPF,FIRST TR INTER DURATN PFD &,33718W103,881000.0,46029,0.0011411269080263628
QGRW,WISDOMTREE TR,97717Y477,880000.0,15340,0.0011398316447936427
FN,FABRINET,G3323L100,879000.0,2410,0.0011385363815609227
HIW,HIGHWOODS PPTYS INC,431284108,878000.0,27592,0.0011372411183282027
PICK,ISHARES INC,46434G848,877000.0,19708,0.0011359458550954827
POST,POST HLDGS INC,737446104,876000.0,8154,0.0011346505918627624
FFOG,FRANKLIN TEMPLETON ETF TR,35473P421,875000.0,18401,0.0011333553286300426
PFLT,PENNANTPARK FLOATING RATE CA,70806A106,875000.0,98464,0.0011333553286300426
ENVA,ENOVA INTL INC,29357K103,875000.0,7599,0.0011333553286300426
XBJL,INNOVATOR ETFS TRUST,45783Y889,874000.0,23333,0.0011320600653973226
IONS,IONIS PHARMACEUTICALS INC,462222100,873000.0,13349,0.0011307648021646026
GGB,GERDAU SA,373737105,870000.0,280616,0.0011268790124664423
IYLD,ISHARES TR,46432F875,870000.0,40882,0.0011268790124664423
XHR,XENIA HOTELS & RESORTS INC,984017103,869000.0,63322,0.0011255837492337223
QMNV,FIRST TR EXCHNG TRADED FD VI,33740U513,868000.0,38944,0.0011242884860010022
VSDA,VICTORY PORTFOLIOS II,92647N667,866000.0,16204,0.0011216979595355622
TEQI,T ROWE PRICE ETF INC,87283Q206,866000.0,19751,0.0011216979595355622
GME,GAMESTOP CORP NEW,36467W109,865000.0,31717,0.001120402696302842
NUEM,NUSHARES ETF TR,67092P888,863000.0,24178,0.0011178121698374019
CVBF,CVB FINL CORP,126600105,861000.0,45550,0.0011152216433719618
RUN,SUNRUN INC,86771W105,860000.0,49744,0.0011139263801392418
NTSI,WISDOMTREE TR,97717Y634,859000.0,20101,0.0011126311169065218
ENVX,ENOVIX CORPORATION,293594107,857000.0,85913,0.0011100405904410817
QC10,FLAGSTAR FINANCIAL INC,649445400,856000.0,74094,0.0011087453272083617
FRO,FRONTLINE PLC,M46528101,855000.0,37510,0.0011074500639756417
TREX,TREX CO INC,89531P105,854000.0,16530,0.0011061548007429217
AFW,ALIGN TECHNOLOGY INC,016255101,852000.0,6802,0.0011035642742774814
TDF,TEMPLETON DRAGON FD INC,88018T101,851000.0,73065,0.0011022690110447614
FMF,FIRST TR EXCHANGE-TRADED FD,33739G103,847000.0,17384,0.0010970879581138813
BAB,INVESCO EXCH TRADED FD TR II,46138G805,847000.0,31031,0.0010970879581138813
APRH,INNOVATOR ETFS TRUST,45783Y624,846000.0,34123,0.0010957926948811612
XGDVX,GABELLI DIVID & INCOME TR,36242H104,845000.0,31156,0.0010944974316484412
MUSI,AMERICAN CENTY ETF TR,025072398,845000.0,19016,0.0010944974316484412
UBSI,UNITED BANKSHARES INC WEST V,909907107,845000.0,22699,0.0010944974316484412
JHG,JANUS HENDERSON GROUP PLC,G4474Y214,844000.0,18963,0.0010932021684157212
XBJA,INNOVATOR ETFS TRUST,45783Y780,841000.0,26876,0.001089316378717561
PSMJ,PACER FDS TR,69374H493,840000.0,26611,0.0010880211154848409
NULC,NUSHARES ETF TR,67092P862,839000.0,16115,0.0010867258522521208
TVAL,T ROWE PRICE ETF INC,87283Q859,837000.0,24545,0.0010841353257866806
ACNB,ACNB CORP,000868109,835000.0,18963,0.0010815447993212405
CTRE,CARETRUST REIT INC,14174T107,834000.0,24043,0.0010802495360885205
DJT,TRUMP MEDIA & TECHNOLOGY GRO,25400Q105,833000.0,50715,0.0010789542728558005
AIPI,ETF OPPORTUNITIES TRUST,26923N538,831000.0,19774,0.0010763637463903604
FSCC,FEDERATED HERMES ETF TRUST,31423L602,830000.0,28064,0.0010750684831576404
RGEN,REPLIGEN CORP,759916109,827000.0,6185,0.0010711826934594803
AMSC,AMERICAN SUPERCONDUCTOR CORP,030111207,826000.0,13905,0.0010698874302267603
MPW,MEDICAL PPTYS TRUST INC,58463J304,824000.0,162440,0.00106729690376132
GATX,GATX CORP,361448103,821000.0,4698,0.00106341111406316
BUSE,FIRST BUSEY CORP,319383204,820000.0,35425,0.0010621158508304397
CEPI,ETF OPPORTUNITIES TRUST,26923N439,819000.0,20115,0.0010608205875977197
CLH,CLEAN HARBORS INC,184496107,819000.0,3525,0.0010608205875977197
QUBT,QUANTUM COMPUTING INC,74766W108,819000.0,44477,0.0010608205875977197
FRT,FEDERAL RLTY INVT TR NEW,313745101,819000.0,8082,0.0010608205875977197
FCEF,FIRST TR EXCHNG TRADED FD VI,33740F409,818000.0,35758,0.0010595253243649997
SAIA,SAIA INC,78709Y105,817000.0,2729,0.0010582300611322799
GLOF,ISHARES TR,46434V316,817000.0,15836,0.0010582300611322799
VFQY,VANGUARD WELLINGTON FD,921935706,816000.0,5408,0.0010569347978995598
BSSX,INVESCO EXCH TRD SLF IDX FD,46139W791,813000.0,31825,0.0010530490082013995
NAN,NUVEEN NEW YORK QLT MUN INC,67066X107,812000.0,71046,0.0010517537449686795
EIM,EATON VANCE MUN BD FD,27827X101,812000.0,81657,0.0010517537449686795
FBUF,FIDELITY GREENWOOD STREET TR,31624J737,809000.0,27026,0.0010478679552705192
FDUS,FIDUS INVT CORP,316500107,809000.0,39945,0.0010478679552705192
RRGB,RED ROBIN GOURMET BURGERS IN,75689M101,809000.0,117990,0.0010478679552705192
KMAY,INNOVATOR ETFS TRUST,45784N668,807000.0,29258,0.0010452774288050792
NMFC,NEW MTN FIN CORP,647551100,806000.0,83606,0.0010439821655723591
ICLR,ICON PLC,G4705A100,805000.0,4601,0.0010426869023396391
DRLL,EA SERIES TRUST,02072L722,805000.0,28016,0.0010426869023396391
BSMW,INVESCO EXCH TRD SLF IDX FD,46139W833,804000.0,32189,0.001041391639106919
KNOV,INNOVATOR ETFS TRUST,45784N866,803000.0,29073,0.001040096375874199
NRK,NUVEEN NEW YORK AMT QLT MUNI,670656107,800000.0,78447,0.001036210586176039
NVMI,NOVA LTD,M7516K103,799000.0,2499,0.001034915322943319
AVBC,AVIDIA BANCORP INC,05369T100,797000.0,53344,0.0010323247964778787
XOCT,FIRST TR EXCHNG TRADED FD VI,33740F367,797000.0,21633,0.0010323247964778787
IM8N,INSMED INC,457669307,797000.0,5533,0.0010323247964778787
CRCL,CIRCLE INTERNET GROUP INC,172573107,795000.0,6000,0.0010297342700124387
ETX,EATON VANCE MUN INCOME 2028,27829U105,791000.0,40989,0.0010245532170815583
JRS,NUVEEN REAL ESTATE INCOME FD,67071B108,791000.0,96733,0.0010245532170815583
ELF,E L F BEAUTY INC,26856L103,790000.0,5965,0.0010232579538488383
ESPO,VANECK ETF TRUST,92189F114,789000.0,6505,0.0010219626906161185
PDM,PIEDMONT REALTY TRUST INC,720190206,788000.0,87525,0.0010206674273833985
JNEU,AIM ETF PRODUCTS TRUST,00888H588,788000.0,26353,0.0010206674273833985
GT,GOODYEAR TIRE & RUBR CO,382550101,788000.0,105355,0.0010206674273833985
GPN,GLOBAL PMTS INC,37940X102,787000.0,9473,0.0010193721641506785
CNC,CENTENE CORP DEL,15135B101,787000.0,22063,0.0010193721641506785
EWL,ISHARES INC,464286749,787000.0,14243,0.0010193721641506785
BCD,ABRDN ETFS,003261203,786000.0,22868,0.0010180769009179582
VPC,ETFIS SER TR I,26923G798,786000.0,41554,0.0010180769009179582
IPAC,ISHARES TR,46434V696,786000.0,10705,0.0010180769009179582
PTH,INVESCO EXCHANGE TRADED FD T,46137V852,783000.0,17766,0.0010141911112197981
IDRV,ISHARES TR,46435U366,783000.0,21352,0.0010141911112197981
NMAR,INNOVATOR ETFS TRUST,45784N767,782000.0,27194,0.0010128958479870781
PATH,UIPATH INC,90364P105,782000.0,58447,0.0010128958479870781
EVUS,ISHARES TR,46436E221,781000.0,24817,0.0010116005847543579
HG,HAMILTON INSURANCE GROUP LTD,G42706104,780000.0,31456,0.0010103053215216378
TIGO,MILLICOM INTL CELLULAR S A,L6388F110,776000.0,15979,0.0010051242685907577
NAC,NUVEEN CA QUALTY MUN INCOME,67066Y105,775000.0,67429,0.0010038290053580377
OSCR,OSCAR HEALTH INC,687793109,775000.0,40958,0.0010038290053580377
UEC,URANIUM ENERGY CORP,916896103,773000.0,57982,0.0010012384788925977
FULC,FULCRUM THERAPEUTICS INC,359616109,768000.0,83428,0.0009947621627289973
QBSF,AIM ETF PRODUCTS TRUST,00888H430,767000.0,29904,0.0009934668994962773
PRI,PRIMERICA INC,74164M108,767000.0,2762,0.0009934668994962773
PENN,PENN ENTERTAINMENT INC,707569109,767000.0,39799,0.0009934668994962773
FOUR,SHIFT4 PMTS INC,82452J109,765000.0,9890,0.0009908763730308372
AMZA,ETFIS SER TR I,26923G772,764000.0,19012,0.000989581109798117
IMAR,INNOVATOR ETFS TRUST,45783Y343,764000.0,26370,0.000989581109798117
TUSI,TOUCHSTONE ETF TRUST,89157W301,764000.0,30144,0.000989581109798117
NWN,NORTHWEST NAT HLDG CO,66765N105,763000.0,16988,0.000988285846565397
WING,WINGSTOP INC,974155103,763000.0,3031,0.000988285846565397
GOP,TIDAL TRUST I,886364181,763000.0,20945,0.000988285846565397
LEGR,FIRST TR EXCHANGE-TRADED FD,33741X201,762000.0,13560,0.000986990583332677
MIY,BLACKROCK MUNIYIELD MICH QU,09254V105,761000.0,67437,0.000985695320099957
L,LOEWS CORP,540424108,761000.0,7576,0.000985695320099957
CPSO,CALAMOS ETF TR,12811T829,761000.0,28415,0.000985695320099957
SIXD,AIM ETF PRODUCTS TRUST,00888H646,759000.0,26786,0.000983104793634517
LSAT,TWO RDS SHARED TR,90214Q691,759000.0,18348,0.000983104793634517
TECH,BIO-TECHNE CORP,09073M104,758000.0,13626,0.0009818095304017969
PBAP,PGIM ROCK ETF TR,69420N809,758000.0,26666,0.0009818095304017969
SSD,SIMPSON MFG INC,829073105,758000.0,4528,0.0009818095304017969
FXF,INVESCO CURRENCYSHARES SWISS,46138R108,757000.0,6809,0.0009805142671690768
BUZZ,VANECK ETF TRUST,92189H839,757000.0,21038,0.0009805142671690768
OWNB,BITWISE FUNDS TRUST,091748509,756000.0,22621,0.0009792190039363568
TTEK,TETRA TECH INC NEW,88162G103,756000.0,22641,0.0009792190039363568
DECP,PGIM ROCK ETF TR,69420N726,756000.0,25713,0.0009792190039363568
IBTM,ISHARES TR,46436E296,756000.0,32664,0.0009792190039363568
DDS,DILLARDS INC,254067101,756000.0,1230,0.0009792190039363568
FUN,SIX FLAGS ENTERTAINMENT CORP,83001C108,755000.0,33225,0.0009779237407036368
HTD,HANCOCK JOHN TAX-ADVANTAGED,41013V100,753000.0,30376,0.0009753332142381965
EFIV,SPDR SERIES TRUST,78468R531,752000.0,11821,0.0009740379510054765
AMSF,AMERISAFE INC,03071H100,752000.0,17149,0.0009740379510054765
4IU,INVESCO INDIA EXCHANGE-TRADE,46137R109,752000.0,29988,0.0009740379510054765
SIMO,SILICON MOTION TECHNOLOGY CO,82706C108,751000.0,7923,0.0009727426877727565
AVLC,AMERICAN CENTY ETF TR,025072158,749000.0,9785,0.0009701521613073165
HDB,HDFC BANK LTD,40415F101,748000.0,21886,0.0009688568980745965
TGRT,T ROWE PRICE ETF INC,87283Q842,748000.0,17139,0.0009688568980745965
SWZ,TOTAL RETURN SECURITIES FUND,870875101,747000.0,122794,0.0009675616348418763
PBJA,PGIM ROCK ETF TR,69420N205,747000.0,24808,0.0009675616348418763
QTJA,INNOVATOR ETFS TRUST,45783Y798,746000.0,25842,0.0009662663716091562
PFIS,PEOPLES FINL SVCS CORP,711040105,745000.0,15317,0.0009649711083764362
PBJ,INVESCO EXCHANGE TRADED FD T,46137V753,745000.0,16236,0.0009649711083764362
NNOV,INNOVATOR ETFS TRUST,45784N874,745000.0,26134,0.0009649711083764362
BCI,ABRDN ETFS,003261104,745000.0,34578,0.0009649711083764362
PDN,INVESCO EXCH TRADED FD TR II,46138E735,744000.0,18096,0.0009636758451437162
FCG,FIRST TR EXCHANGE-TRADED FD,33733E807,744000.0,31668,0.0009636758451437162
CRBN,ISHARES TR,46434V464,744000.0,3277,0.0009636758451437162
SII,SPROTT INC,852066208,743000.0,8935,0.0009623805819109962
VMO,INVESCO MUN OPPORTUNITY TR,46132C107,743000.0,76850,0.0009623805819109962
N/A,APTIV PLC,G3265R107,742000.0,8610,0.0009610853186782761
FDFF,FIDELITY COVINGTON TRUST,316092154,741000.0,20497,0.000959790055445556
EPP,ISHARES INC,464286665,741000.0,14369,0.000959790055445556
SFLO,VICTORY PORTFOLIOS II,92647X822,741000.0,25444,0.000959790055445556
PLUN,PLUG POWER INC,72919P202,740000.0,317395,0.000958494792212836
SPGM,SPDR INDEX SHS FDS,78463X475,739000.0,9863,0.0009571995289801159
RELX,RELX PLC,759530108,737000.0,15429,0.0009546090025146759
FLTR,VANECK ETF TRUST,92189F486,737000.0,28816,0.0009546090025146759
ARGT,GLOBAL X FDS,37950E259,732000.0,10494,0.0009481326863510757
BSCY,INVESCO EXCH TRD SLF IDX FD,46139W783,732000.0,34812,0.0009481326863510757
NMS,NUVEEN MINN QUALITY MUN INM,670734102,731000.0,61352,0.0009468374231183556
DY,DYCOM INDS INC,267475101,731000.0,2505,0.0009468374231183556
SKYW,SKYWEST INC,830879102,730000.0,7255,0.0009455421598856355
SEIX,VIRTUS ETF TR II,92790A405,730000.0,30938,0.0009455421598856355
OR,OR ROYALTIES INC.,68390D106,728000.0,18175,0.0009429516334201955
BSY,BENTLEY SYS INC,08265T208,728000.0,14139,0.0009429516334201955
KJUN,INNOVATOR ETFS TRUST,45783Y277,728000.0,26666,0.0009429516334201955
SPDV,ETF SER SOLUTIONS,26922A594,726000.0,20915,0.0009403611069547554
PIPR,PIPER SANDLER COMPANIES,724078100,725000.0,2090,0.0009390658437220352
ETHO,AMPLIFY ETF TR,032108557,724000.0,11373,0.0009377705804893151
GBAB,GUGGENHEIM TAXABLE MUNICP BO,401664107,723000.0,46408,0.0009364753172565951
RFLR,INNOVATOR ETFS TRUST,45784N502,723000.0,26071,0.0009364753172565951
IGHG,PROSHARES TR,74347B607,722000.0,9135,0.0009351800540238751
HYGH,ISHARES U S ETF TR,46431W606,721000.0,8303,0.0009338847907911551
LAD,LITHIA MTRS INC,536797103,721000.0,2280,0.0009338847907911551
NUW,NUVEEN AMT-FREE MUN VALUE FD,670695105,720000.0,50770,0.0009325895275584351
INCE,FRANKLIN TEMPLETON ETF TR,35473P504,719000.0,12136,0.0009312942643257149
KCE,SPDR SERIES TRUST,78464A771,718000.0,4698,0.0009299990010929949
PXH,INVESCO EXCH TRADED FD TR II,46138E727,718000.0,28262,0.0009299990010929949
PBOC,PGIM ROCK ETF TR,69420N775,718000.0,25070,0.0009299990010929949
ADMA,ADMA BIOLOGICS INC,000899104,716000.0,48809,0.0009274084746275548
IESC,IES HLDGS INC,44951W106,715000.0,1797,0.0009261132113948348
PCG,PG&E CORP,69331C108,714000.0,47336,0.0009248179481621148
XNIEX,VIRTUS EQUITY & CONV INCM FD,92841M101,714000.0,28423,0.0009248179481621148
SDG,ISHARES TR,46435G532,714000.0,8581,0.0009248179481621148
PHB,INVESCO EXCH TRADED FD TR II,46138E719,712000.0,38326,0.0009222274216966746
PRK,PARK NATL CORP,700658107,712000.0,4382,0.0009222274216966746
KMLM,KRANESHARES TRUST,500767652,712000.0,26438,0.0009222274216966746
ENX,EATON VANCE NEW YORK MUN BD,27827Y109,711000.0,72113,0.0009209321584639546
QCOC,FIRST TR EXCHNG TRADED FD VI,33740F151,710000.0,32265,0.0009196368952312346
BARK,BARK INC,68622E104,710000.0,854360,0.0009196368952312346
SHAK,SHAKE SHACK INC,819047101,708000.0,7564,0.0009170463687657944
MUJ,BLACKROCK MUNIHLDGS NJ QLTY,09254X101,707000.0,60970,0.0009157511055330744
SNSR,GLOBAL X FDS,37954Y780,706000.0,18106,0.0009144558423003544
DSU,BLACKROCK DEBT STRATEGIES FD,09255R202,705000.0,66408,0.0009131605790676343
AGZD,WISDOMTREE TR,97717W380,705000.0,31323,0.0009131605790676343
PWRD,TCW ETF TRUST,29287L205,705000.0,7219,0.0009131605790676343
FLCB,FRANKLIN TEMPLETON ETF TR,35473P553,704000.0,32403,0.0009118653158349143
NTES,NETEASE INC,64110W102,704000.0,4634,0.0009118653158349143
UHS,UNIVERSAL HLTH SVCS INC,913903100,704000.0,3442,0.0009118653158349143
POOL,POOL CORP,73278L105,703000.0,2266,0.0009105700526021943
INFY,INFOSYS LTD,456788108,703000.0,43214,0.0009105700526021943
ETSY,ETSY INC,29786A106,703000.0,10583,0.0009105700526021943
JXI,ISHARES TR,464288711,702000.0,9035,0.000909274789369474
PAGP,PLAINS GP HLDGS L P,72651A207,701000.0,38433,0.0009079795261367541
CIM,CHIMERA INVT CORP,16934Q802,701000.0,53038,0.0009079795261367541
GGN,GAMCO GLOBAL GOLD NAT RES &,36465A109,700000.0,135730,0.0009066842629040341
MSBI,MIDLAND STATES BANCORP INC,597742105,699000.0,40800,0.0009053889996713141
SYBT,STOCK YDS BANCORP INC,861025104,699000.0,9986,0.0009053889996713141
BF/A,BROWN FORMAN CORP,115637100,698000.0,25954,0.000904093736438594
BMVP,INVESCO EXCHANGE TRADED FD T,46137V712,696000.0,14188,0.0009015032099731538
AROW,ARROW FINL CORP,042744102,695000.0,24543,0.0009002079467404338
VBTX,VERITEX HLDGS INC,923451108,695000.0,20732,0.0009002079467404338
ABAT,AMERICAN BATTERY TECHNOLOGY,02451V309,694000.0,142734,0.0008989126835077137
IAUM,ISHARES GOLD TR,46436F103,694000.0,18029,0.0008989126835077137
IPGP,IPG PHOTONICS CORP,44980X109,691000.0,8730,0.0008950268938095535
CPSR,CALAMOS ETF TR,12811T761,690000.0,27797,0.0008937316305768335
SMAX,ISHARES TR,46438G588,690000.0,25749,0.0008937316305768335
FEBU,AIM ETF PRODUCTS TRUST,00888H497,689000.0,25254,0.0008924363673441135
TRN,TRINITY INDS INC,896522109,689000.0,24584,0.0008924363673441135
MSDL,MORGAN STANLEY DIRECT LENDIN,61774A103,688000.0,42778,0.0008911411041113935
TYG,TORTOISE ENERGY INFRA CORP,89147L886,688000.0,15958,0.0008911411041113935
PBQQ,PGIM ROCK ETF TR,69420N510,686000.0,24438,0.0008885505776459534
MNDY,MONDAY COM LTD,M7S64H106,686000.0,3544,0.0008885505776459534
NBB,NUVEEN TAXABLE MUNICPAL INM,67074C103,685000.0,42243,0.0008872553144132333
HPS,HANCOCK JOHN PFD INCOME FD I,41021P103,683000.0,44211,0.0008846647879477932
FXNC,FIRST NATL CORP,32106V107,683000.0,30096,0.0008846647879477932
SEPU,AIM ETF PRODUCTS TRUST,00888H554,683000.0,23969,0.0008846647879477932
FTXO,FIRST TR EXCHANGE TRADED FD,33738R860,681000.0,19112,0.0008820742614823532
ISMD,NORTHERN LTS FD TR IV,66538H641,681000.0,17515,0.0008820742614823532
SBSW,SIBANYE STILLWATER LTD,82575P107,681000.0,60620,0.0008820742614823532
EVN,EATON VANCE MUNI INCOME TRUS,27826U108,681000.0,61497,0.0008820742614823532
MBLY,MOBILEYE GLOBAL INC,60741F104,680000.0,48136,0.000880778998249633
EMO,CLEARBRIDGE ENERGY MIDSTRM O,18469P209,680000.0,15137,0.000880778998249633
SR,SPIRE INC,84857L101,679000.0,8331,0.000879483735016913
ASB,ASSOCIATED BANC CORP,045487105,678000.0,26390,0.000878188471784193
MGY,MAGNOLIA OIL & GAS CORP,559663109,677000.0,28342,0.000876893208551473
CVMC,MORGAN STANLEY ETF TRUST,61774R403,676000.0,10652,0.000875597945318753
BSMV,INVESCO EXCH TRD SLF IDX FD,46138J411,674000.0,32102,0.0008730074188533127
FBDC,FIRST TR EXCHNG TRADED FD VI,33744U303,674000.0,34112,0.0008730074188533127
MAYZ,ELEVATION SERIES TRUST,210322848,672000.0,20000,0.0008704168923878727
GKOS,GLAUKOS CORP,377322102,672000.0,8239,0.0008704168923878727
UHAL/B,U HAUL HOLDING COMPANY,023586506,672000.0,13200,0.0008704168923878727
CLOI,VANECK ETF TRUST,92189H748,671000.0,12635,0.0008691216291551527
BUSA,2023 ETF SERIES TRUST,900934308,669000.0,19177,0.0008665311026897124
BKCH,GLOBAL X FDS,37960A735,669000.0,7759,0.0008665311026897124
BEP,BROOKFIELD RENEWABLE PARTNER,G16258108,667000.0,25857,0.0008639405762242724
BCS,BARCLAYS PLC,06738E204,667000.0,32273,0.0008639405762242724
ILOW,AB ACTIVE ETFS INC,00039J822,667000.0,15688,0.0008639405762242724
SAM,BOSTON BEER INC,100557107,667000.0,3156,0.0008639405762242724
GVA,GRANITE CONSTR INC,387328107,667000.0,6081,0.0008639405762242724
HDUS,LATTICE STRATEGIES TR,518416870,666000.0,10348,0.0008626453129915524
IDNA,ISHARES TR,46435U192,666000.0,28191,0.0008626453129915524
XITK,SPDR SERIES TRUST,78464A110,666000.0,3497,0.0008626453129915524
REZI,RESIDEO TECHNOLOGIES INC,76118Y104,665000.0,15403,0.0008613500497588323
ATR,APTARGROUP INC,038336103,664000.0,4964,0.0008600547865261123
MRCC,MONROE CAP CORP,610335101,663000.0,94514,0.0008587595232933922
FTAG,FIRST TR EXCHANGE TRADED FD,33734X812,662000.0,25610,0.0008574642600606722
FMC,FMC CORP,302491303,660000.0,19615,0.0008548737335952321
WIP,SPDR SERIES TRUST,78464A490,659000.0,16812,0.0008535784703625121
BBAG,J P MORGAN EXCHANGE TRADED F,46641Q241,659000.0,14126,0.0008535784703625121
ASGI,ABRDN GLOBAL INFRA INCOME FU,00326W106,658000.0,31152,0.0008522832071297921
FAX,ABRDN ASIA PACIFIC INCOME FU,003009867,658000.0,40398,0.0008522832071297921
FCPT,FOUR CORNERS PPTY TR INC,35086T109,658000.0,26961,0.0008522832071297921
LPX,LOUISIANA PAC CORP,546347105,658000.0,7403,0.0008522832071297921
PNFP,PINNACLE FINL PARTNERS INC,72346Q104,657000.0,7002,0.0008509879438970719
BKH,BLACK HILLS CORP,092113109,657000.0,10671,0.0008509879438970719
MAC,MACERICH CO,554382101,657000.0,36088,0.0008509879438970719
BNDW,VANGUARD SCOTTSDALE FDS,92206C565,657000.0,9430,0.0008509879438970719
ALT,ALTIMMUNE INC,02155H200,656000.0,174097,0.0008496926806643519
NXST,NEXSTAR MEDIA GROUP INC,65336K103,655000.0,3311,0.0008483974174316319
IXG,ISHARES TR,464287333,654000.0,5608,0.0008471021541989119
PBW,INVESCO EXCHANGE TRADED FD T,46137V134,653000.0,22595,0.0008458068909661918
LVDS,J P MORGAN EXCHANGE TRADED F,46654Q583,652000.0,12633,0.0008445116277334716
BYLD,ISHARES TR,46434V787,651000.0,28422,0.0008432163645007517
MHN,BLACKROCK MUNIHLDGS NY QLTY,09255C106,650000.0,63572,0.0008419211012680316
PAXS,PIMCO ACCESS INCOME FUND,72203T100,648000.0,39798,0.0008393305748025916
SEE,SEALED AIR CORP NEW,81211K100,648000.0,18342,0.0008393305748025916
EHC,ENCOMPASS HEALTH CORP,29261A100,647000.0,5094,0.0008380353115698716
RBC,RBC BEARINGS INC,75524B104,647000.0,1658,0.0008380353115698716
NWFL,NORWOOD FINANCIAL CORP,669549107,646000.0,25429,0.0008367400483371513
BBAI,BIGBEAR AI HLDGS INC,08975B109,645000.0,98974,0.0008354447851044313
PAPI,MORGAN STANLEY ETF TRUST,61774R866,644000.0,24725,0.0008341495218717113
INGR,INGREDION INC,457187102,642000.0,5261,0.0008315589954062713
PHG,KONINKLIJKE PHILIPS N V,500472303,642000.0,23550,0.0008315589954062713
PCY,INVESCO EXCH TRADED FD TR II,46138E784,641000.0,29726,0.0008302637321735511
AL,AIR LEASE CORP,00912X302,638000.0,10028,0.000826377942475391
M,MACYS INC,55616P104,637000.0,35536,0.000825082679242671
NXG,NXG NEXTGEN INFRASTR INCM FD,231647207,634000.0,13003,0.0008211968895445108
MRSK,NORTHERN LIGHTS FD TR,66538J720,630000.0,17689,0.0008160158366136307
HLIO,HELIOS TECHNOLOGIES INC,42328H109,630000.0,12079,0.0008160158366136307
ASPI,ASP ISOTOPES INC,00218A105,629000.0,65434,0.0008147205733809106
LCTD,BLACKROCK ETF TRUST,09290C608,628000.0,11790,0.0008134253101481905
DGT,SPDR SERIES TRUST,78464A706,628000.0,3885,0.0008134253101481905
PLOW,DOUGLAS DYNAMICS INC,25960R105,627000.0,20067,0.0008121300469154705
REFI,CHICAGO ATLANTIC REAL ESTATE,167239102,627000.0,48998,0.0008121300469154705
EWG,ISHARES INC,464286806,626000.0,15032,0.0008108347836827505
EVX,VANECK ETF TRUST,92189F304,626000.0,16074,0.0008108347836827505
ANIP,ANI PHARMACEUTICALS INC,00182C103,625000.0,6823,0.0008095395204500305
IVOL,KRANESHARES TRUST,500767736,624000.0,32351,0.0008082442572173102
PDD,PDD HOLDINGS INC,722304102,623000.0,4717,0.0008069489939845902
RSDE,FIRST TR EXCHNG TRADED FD VI,33740U489,623000.0,28899,0.0008069489939845902
ADPT,ADAPTIVE BIOTECHNOLOGIES COR,00650F109,622000.0,41551,0.0008056537307518703
W,WAYFAIR INC,94419L101,621000.0,6955,0.0008043584675191503
QAI,NEW YORK LIFE INVESTMENTS ET,45409B107,621000.0,18468,0.0008043584675191503
SOCL,GLOBAL X FDS,37950E416,620000.0,10205,0.0008030632042864302
GRNB,VANECK ETF TRUST,92189F171,616000.0,25221,0.0007978821513555499
BBVA,BANCO BILBAO VIZCAYA ARGENTA,05946K101,616000.0,32004,0.0007978821513555499
ROG,ROGERS CORP,775133101,616000.0,7652,0.0007978821513555499
MAYU,AIM ETF PRODUCTS TRUST,00888H596,615000.0,19865,0.0007965868881228299
MODG,TOPGOLF CALLAWAY BRANDS CORP,131193104,615000.0,64779,0.0007965868881228299
EEMS,ISHARES INC,464286475,615000.0,9061,0.0007965868881228299
SAR,SARATOGA INVT CORP,80349A208,615000.0,25198,0.0007965868881228299
RRR,RED ROCK RESORTS INC,75700L108,614000.0,10059,0.00079529162489011
IFV,FIRST TR EXCHANGE TRADED FD,33738R886,614000.0,25086,0.00079529162489011
DBA,INVESCO DB MULTI-SECTOR COMM,46140H106,613000.0,22902,0.0007939963616573897
LRGC,AB ACTIVE ETFS INC,00039J707,613000.0,7971,0.0007939963616573897
ARKX,ARK ETF TR,00214Q807,612000.0,21435,0.0007927010984246697
QQMG,INVESCO EXCH TRADED FD TR II,46138G540,611000.0,14778,0.0007914058351919497
HST,HOST HOTELS & RESORTS INC,44107P104,610000.0,35833,0.0007901105719592297
QSIX,PACER FDS TR,69374H287,609000.0,16435,0.0007888153087265096
FLUT,FLUTTER ENTMT PLC,G3643J108,609000.0,2398,0.0007888153087265096
SRVR,PACER FDS TR,69374H741,609000.0,19208,0.0007888153087265096
STBA,S & T BANCORP INC,783859101,609000.0,16205,0.0007888153087265096
EUFN,ISHARES TR,464289180,608000.0,17715,0.0007875200454937896
OLN,OLIN CORP,680665205,606000.0,24248,0.0007849295190283495
EFAS,GLOBAL X FDS,37954Y699,606000.0,32090,0.0007849295190283495
SEPP,PGIM ROCK ETF TR,69420N791,605000.0,20207,0.0007836342557956294
RSJN,FIRST TR EXCHNG TRADED FD VI,33740F227,604000.0,17848,0.0007823389925629094
REVS,COLUMBIA ETF TR I,19761L805,604000.0,21597,0.0007823389925629094
CWT,CALIFORNIA WTR SVC GROUP,130788102,604000.0,13161,0.0007823389925629094
IBTO,ISHARES TR,46436E148,604000.0,24512,0.0007823389925629094
CII,BLACKROCK ENHANCED LARGE CAP,09256A109,603000.0,26231,0.0007810437293301894
EAT,BRINKER INTL INC,109641100,602000.0,4749,0.0007797484660974694
BURL,BURLINGTON STORES INC,122017106,601000.0,2363,0.0007784532028647492
IBTL,ISHARES TR,46436E460,599000.0,29115,0.0007758626763993092
NOK,NOKIA CORP,654902204,598000.0,124314,0.0007745674131665891
BUFB,INNOVATOR ETFS TRUST,45783Y756,596000.0,16671,0.0007719768867011489
GWRS,GLOBAL WTR RES INC,379463102,596000.0,57878,0.0007719768867011489
XAUG,FIRST TR EXCHNG TRADED FD VI,33740F391,596000.0,16207,0.0007719768867011489
STEL,STELLAR BANCORP INC,858927106,595000.0,19623,0.0007706816234684289
ATEC,ALPHATEC HLDGS INC,02081G201,593000.0,40781,0.0007680910970029889
HEI/A,HEICO CORP NEW,422806208,593000.0,2332,0.0007680910970029889
HYFI,AB ACTIVE ETFS INC,00039J608,593000.0,15634,0.0007680910970029889
WAFD,WAFD INC,938824109,592000.0,19552,0.0007667958337702689
DFNL,DAVIS FUNDAMENTAL ETF TR,23908L108,592000.0,13095,0.0007667958337702689
PBNV,PGIM ROCK ETF TR,69420N767,591000.0,20426,0.0007655005705375489
BYD,BOYD GAMING CORP,103304101,590000.0,6824,0.0007642053073048286
MJ,AMPLIFY ETF TR,032108474,590000.0,15774,0.0007642053073048286
VIK,VIKING HOLDINGS LTD,G93A5A101,585000.0,9413,0.0007577289911412285
FEMS,FIRST TR EXCH TRD ALPHDX FD,33737J307,585000.0,13239,0.0007577289911412285
DIAX,NUVEEN DOW 30 DYNMC OVERWRT,67075F105,584000.0,39246,0.0007564337279085085
ADC,AGREE RLTY CORP,008492100,583000.0,8207,0.0007551384646757883
SPIP,SPDR SERIES TRUST,78464A656,583000.0,22159,0.0007551384646757883
ORC,ORCHID IS CAP INC,68571X301,583000.0,83119,0.0007551384646757883
CEFS,EXCHANGE LISTED FDS TR,30151E806,582000.0,25548,0.0007538432014430683
RRX,REGAL REXNORD CORPORATION,758750103,582000.0,4054,0.0007538432014430683
UNTY,UNITY BANCORP INC,913290102,582000.0,11919,0.0007538432014430683
TPLC,TIMOTHY PLAN,887432359,582000.0,12564,0.0007538432014430683
ABCB,AMERIS BANCORP,03076K108,580000.0,7908,0.0007512526749776281
JMOM,J P MORGAN EXCHANGE TRADED F,46641Q779,579000.0,8523,0.0007499574117449082
MTSI,MACOM TECH SOLUTIONS HLDGS I,55405Y100,578000.0,4642,0.0007486621485121881
CPSF,CALAMOS ETF TR,12811T779,577000.0,22923,0.0007473668852794681
CNRG,SPDR SERIES TRUST,78468R655,577000.0,6851,0.0007473668852794681
EWH,ISHARES INC,464286871,577000.0,26775,0.0007473668852794681
BLES,NORTHERN LTS FD TR IV,66538H658,577000.0,13578,0.0007473668852794681
MOG/A,MOOG INC,615394202,576000.0,2774,0.000746071622046748
MC,MOELIS & CO,60786M105,576000.0,8078,0.000746071622046748
OGN,ORGANON & CO,68622V106,576000.0,53895,0.000746071622046748
CLOU,GLOBAL X FDS,37954Y442,573000.0,24651,0.0007421858323485879
BGLD,FIRST TR EXCHANGE-TRADED FD,33733E849,573000.0,24045,0.0007421858323485879
AG,FIRST MAJESTIC SILVER CORP,32076V103,573000.0,46662,0.0007421858323485879
OLLI,OLLIES BARGAIN OUTLET HLDGS,681116109,573000.0,4459,0.0007421858323485879
TPSC,TIMOTHY PLAN,887432342,572000.0,13766,0.0007408905691158678
CC,CHEMOURS CO,163851108,571000.0,36023,0.0007395953058831478
LYG,LLOYDS BANKING GROUP PLC,539439109,570000.0,125528,0.0007383000426504278
SLI,STANDARD LITHIUM LTD,853606101,570000.0,169120,0.0007383000426504278
EIPX,FIRST TR EXCHANGE-TRADED FD,33739Q804,569000.0,21741,0.0007370047794177077
BG,BUNGE GLOBAL SA,H11356104,569000.0,7001,0.0007370047794177077
TSEM,TOWER SEMICONDUCTOR LTD,M87915274,568000.0,7858,0.0007357095161849876
GDDY,GODADDY INC,380237107,567000.0,4145,0.0007344142529522676
XLSR,SSGA ACTIVE TR,78470P408,566000.0,9498,0.0007331189897195475
SEIC,SEI INVTS CO,784117103,565000.0,6657,0.0007318237264868274
ITRI,ITRON INC,465741106,565000.0,4538,0.0007318237264868274
JULH,INNOVATOR ETFS TRUST,45783Y582,565000.0,22562,0.0007318237264868274
MTDR,MATADOR RES CO,576485205,564000.0,12548,0.0007305284632541074
MAYM,FIRST TR EXCHNG TRADED FD VI,33740U356,562000.0,17691,0.0007279379367886674
SCIO,FIRST TR EXCHANGE-TRADED FD,33738D770,562000.0,27082,0.0007279379367886674
DSL,DOUBLELINE INCOME SOLUTIONS,258622109,561000.0,45720,0.0007266426735559472
KBH,KB HOME,48666K109,559000.0,8778,0.0007240521470905072
XBAP,INNOVATOR ETFS TRUST,45783Y301,559000.0,14766,0.0007240521470905072
TRNS,TRANSCAT INC,893529107,558000.0,7620,0.0007227568838577872
MCY,MERCURY GENL CORP NEW,589400100,558000.0,6582,0.0007227568838577872
OXLC,OXFORD LANE CAP CORP,691543847,558000.0,32953,0.0007227568838577872
AVMC,AMERICAN CENTY ETF TR,025072125,557000.0,8004,0.0007214616206250671
NMAX,NEWSMAX INC,65250K105,557000.0,44898,0.0007214616206250671
XAPR,FIRST TR EXCHNG TRADED FD VI,33740U596,556000.0,15514,0.0007201663573923471
DOCS,DOXIMITY INC,26622P107,556000.0,7598,0.0007201663573923471
MUC,BLACKROCK MUNIHLDNGS CALI QL,09254L107,556000.0,51218,0.0007201663573923471
FFA,FIRST TR ENHANCED EQUITY INC,337318109,553000.0,25677,0.0007162805676941869
EWU,ISHARES TR,46435G334,553000.0,13170,0.0007162805676941869
TPG,TPG INC,872657101,552000.0,9600,0.0007149853044614668
DAN,DANA INC,235825205,552000.0,27526,0.0007149853044614668
S9Q,SPIRIT AEROSYSTEMS HLDGS INC,848574109,552000.0,14310,0.0007149853044614668
PARR,PAR PAC HOLDINGS INC,69888T207,551000.0,15552,0.0007136900412287468
EXI,ISHARES TR,464288729,550000.0,3182,0.0007123947779960267
0DFC,DIREXION SHS ETF TR,25459Y694,548000.0,3081,0.0007098042515305867
FTS,FORTIS INC,349553107,548000.0,10793,0.0007098042515305867
BSMY,INVESCO EXCH TRD SLF IDX FD,46139W767,548000.0,22526,0.0007098042515305867
SNV,SYNOVUS FINL CORP,87161C501,548000.0,11160,0.0007098042515305867
CPST,CALAMOS ETF TR,12811T886,547000.0,20483,0.0007085089882978666
PRIM,PRIMORIS SVCS CORP,74164F103,546000.0,3973,0.0007072137250651465
CVI,CVR ENERGY INC,12662P108,546000.0,14981,0.0007072137250651465
HEQT,SIMPLIFY EXCHANGE TRADED FUN,82889N764,545000.0,17434,0.0007059184618324265
SMTH,ALPS ETF TR,00162Q346,545000.0,20840,0.0007059184618324265
IBD,NORTHERN LTS FD TR IV,66538H633,544000.0,22533,0.0007046231985997065
CNM,CORE & MAIN INC,21874C102,544000.0,10111,0.0007046231985997065
KBIA,KB FINL GROUP INC,48241A105,543000.0,6553,0.0007033279353669865
GWRE,GUIDEWIRE SOFTWARE INC,40171V100,541000.0,2354,0.0007007374089015463
XEVGX,EATON VANCE SHORT DURATION D,27828V104,541000.0,47757,0.0007007374089015463
LMND,LEMONADE INC,52567D107,541000.0,10113,0.0007007374089015463
IMTB,ISHARES TR,46435G417,540000.0,12212,0.0006994421456688263
MVPA,ADVISOR MANAGED PORTFOLIOS,00777X561,536000.0,15459,0.0006942610927379461
MZTI,MARZETTI COMPANY,513847103,536000.0,3104,0.0006942610927379461
CTA,SIMPLIFY EXCHANGE TRADED FUN,82889N699,536000.0,19171,0.0006942610927379461
LCID,LUCID GROUP INC,549498202,536000.0,22540,0.0006942610927379461
LONZ,PIMCO ETF TR,72201R627,536000.0,10497,0.0006942610927379461
PSK,SPDR SERIES TRUST,78464A292,535000.0,16187,0.000692965829505226
N/A,HCM II ACQUISITION CORP,G43658106,534000.0,32571,0.000691670566272506
RLJ 1.95 PERP A,RLJ LODGING TR,74965L200,534000.0,21164,0.000691670566272506
ZYME,ZYMEWORKS INC,98985Y108,534000.0,31237,0.000691670566272506
PAG,PENSKE AUTOMOTIVE GRP INC,70959W103,533000.0,3067,0.0006903753030397859
DDIV,FIRST TR EXCHANGE TRADED FD,33738R696,531000.0,13201,0.0006877847765743458
YLDE,LEGG MASON ETF INVT,524682309,531000.0,9714,0.0006877847765743458
IXP*,ISHARES TR,464287275,529000.0,4283,0.0006851942501089058
STM,STMICROELECTRONICS N V,861012102,527000.0,18649,0.0006826037236434656
MOS,MOSAIC CO NEW,61945C103,527000.0,15186,0.0006826037236434656
NODE,VANECK FDS,92107P780,526000.0,12855,0.0006813084604107456
SCHQ,SCHWAB STRATEGIC TR,808524680,526000.0,16290,0.0006813084604107456
CPT,CAMDEN PPTY TR,133131102,525000.0,4914,0.0006800131971780256
RH,RH,74967X103,525000.0,2583,0.0006800131971780256
SPLB,SPDR SERIES TRUST,78464A367,524000.0,22657,0.0006787179339453054
TAPR,INNOVATOR ETFS TRUST,45784N734,524000.0,20443,0.0006787179339453054
HRI,HERC HLDGS INC,42704L104,523000.0,4485,0.0006774226707125854
BTCS,BTCS INC,05581M404,522000.0,108169,0.0006761274074798654
WEN,WENDYS CO,95058W100,522000.0,56950,0.0006761274074798654
SQEW,TWO RDS SHARED TR,90214Q683,522000.0,14503,0.0006761274074798654
AGO,ASSURED GUARANTY LTD,G0585R106,521000.0,6158,0.0006748321442471454
TPHD,TIMOTHY PLAN,887432326,521000.0,13249,0.0006748321442471454
EXP,EAGLE MATLS INC,26969P108,519000.0,2226,0.0006722416177817052
VGSR,MANAGER DIRECTED PORTFOLIOS,56170L695,519000.0,48687,0.0006722416177817052
WSBC,WESBANCO INC,950810101,519000.0,16248,0.0006722416177817052
NWG,NATWEST GROUP PLC,639057207,519000.0,36678,0.0006722416177817052
BBJP,J P MORGAN EXCHANGE TRADED F,46641Q217,518000.0,7817,0.0006709463545489852
AFLG,FIRST TR EXCHNG TRADED FD VI,33740F821,515000.0,13267,0.0006670605648508251
QTOC,INNOVATOR ETFS TRUST,45782C128,514000.0,15482,0.0006657653016181051
CAMT,CAMTEK LTD,M20791105,514000.0,4891,0.0006657653016181051
EPS,WISDOMTREE TR,97717W588,513000.0,7441,0.0006644700383853849
ETW,EATON VANCE TAX-MANAGED GLOB,27829C105,513000.0,56694,0.0006644700383853849
HQL,ABRDN LIFE SCIENCES INVESTOR,87911K100,512000.0,32995,0.0006631747751526649
QRVO,QORVO INC,74736K101,511000.0,5608,0.0006618795119199449
AVA,AVISTA CORP,05379B107,511000.0,13514,0.0006618795119199449
EEFT,EURONET WORLDWIDE INC,298736109,511000.0,5815,0.0006618795119199449
BTO,HANCOCK JOHN FINL OPPTYS FD,409735206,510000.0,14164,0.0006605842486872248
ARGX,ARGENX SE,04016X101,510000.0,692,0.0006605842486872248
LENZ,LENZ THERAPEUTICS INC,52635N103,510000.0,10946,0.0006605842486872248
APAM,ARTISAN PARTNERS ASSET MGMT,04316A108,509000.0,11717,0.0006592889854545047
PLTM,GRANITESHARES PLATINUM TR,38748T103,509000.0,33707,0.0006592889854545047
FCFS,FIRSTCASH HOLDINGS INC,33768G107,509000.0,3213,0.0006592889854545047
IAG,IAMGOLD CORP,450913108,506000.0,39156,0.0006554031957563447
RBA,RB GLOBAL INC,74935Q107,505000.0,4664,0.0006541079325236245
MVT,BLACKROCK MUNIVEST FD II INC,09253T101,505000.0,47462,0.0006541079325236245
TDVI,FIRST TR EXCHANGE-TRADED FD,33738D812,505000.0,17640,0.0006541079325236245
GABC,GERMAN AMERN BANCORP INC,373865104,504000.0,12825,0.0006528126692909045
OPRA,OPERA LTD,68373M107,504000.0,24410,0.0006528126692909045
WTMU,WISDOMTREE TR,97717Y386,503000.0,19593,0.0006515174060581845
CPNQ,CALAMOS ETF TR,12811T852,503000.0,19234,0.0006515174060581845
UPWK,UPWORK INC,91688F104,502000.0,27010,0.0006502221428254643
SMCO,TIDAL TRUST II,88636J675,502000.0,18635,0.0006502221428254643
TCBI,TEXAS CAP BANCSHARES INC,88224Q107,502000.0,5944,0.0006502221428254643
WTM,WHITE MTNS INS GROUP LTD,G9618E107,502000.0,300,0.0006502221428254643
AEG,AEGON LTD,0076CA104,501000.0,62739,0.0006489268795927444
TRY,BARINGS BDC INC,06759L103,499000.0,57008,0.0006463363531273043
RYN,RAYONIER INC,754907103,498000.0,18769,0.0006450410898945842
RYLD,GLOBAL X FDS,37954Y459,497000.0,33007,0.0006437458266618642
BBCA,J P MORGAN EXCHANGE TRADED F,46641Q225,497000.0,5692,0.0006437458266618642
MISL,FIRST TR EXCHANGE-TRADED FD,33733E831,497000.0,12001,0.0006437458266618642
ACP,ABRDN INCOME CREDIT STRATEGI,003057106,496000.0,85442,0.0006424505634291441
PALL,ABRDN PALLADIUM ETF TRUST,003262102,496000.0,4345,0.0006424505634291441
DWUS,ADVISORSHARES TR,00768Y487,494000.0,9096,0.000639860036963704
HIFS,HINGHAM INSTN SVGS MASS,433323102,493000.0,1870,0.000638564773730984
DPG,DUFF & PHELPS UTLITY AND INF,26433C105,493000.0,38192,0.000638564773730984
UTL,UNITIL CORP,913259107,493000.0,10304,0.000638564773730984
JANP,PGIM ROCK ETF TR,69420N106,493000.0,15576,0.000638564773730984
HPF,HANCOCK JOHN PFD INCOME FD I,41013X106,492000.0,29210,0.000637269510498264
SAIC,SCIENCE APPLICATIONS INTL CO,808625107,492000.0,4953,0.000637269510498264
PAR,PAR TECHNOLOGY CORP,698884103,491000.0,12404,0.0006359742472655438
HSIC,HENRY SCHEIN INC,806407102,491000.0,7391,0.0006359742472655438
SMTC,SEMTECH CORP,816850101,489000.0,6838,0.0006333837208001038
STK,COLUMBIA SELIGM PREM TECH GR,19842X109,489000.0,13858,0.0006333837208001038
EMHY,ISHARES INC,464286285,489000.0,12312,0.0006333837208001038
JPRE,J P MORGAN EXCHANGE TRADED F,46641Q126,488000.0,10172,0.0006320884575673837
CNHI,CNH INDL N V,N20944109,487000.0,44855,0.0006307931943346637
LAC,LITHIUM AMERS CORP NEW,53681J103,487000.0,85224,0.0006307931943346637
PBDE,PGIM ROCK ETF TR,69420N759,485000.0,16932,0.0006282026678692236
GDMN,WISDOMTREE TR,97717Y550,485000.0,6097,0.0006282026678692236
NCDL,NUVEEN CHURCHILL DIRECT LEND,67090S108,485000.0,35129,0.0006282026678692236
IBCA,ISHARES TR,46438G372,484000.0,18591,0.0006269074046365036
TDTT,FLEXSHARES TR,33939L506,484000.0,19906,0.0006269074046365036
PTBD,PACER FDS TR,69374H642,483000.0,24379,0.0006256121414037835
ISPO,INSPIRATO INCORPORATED,45791E206,483000.0,163247,0.0006256121414037835
BRSP,BRIGHTSPIRE CAPITAL INC,10949T109,483000.0,89002,0.0006256121414037835
TBLD,THORNBURG INCM BUILDER OPP T,885213108,482000.0,24240,0.0006243168781710634
GTN,GRAY MEDIA INC,389375106,479000.0,82843,0.0006204310884729033
CZNC,CITIZENS & NORTHN CORP,172922106,479000.0,24161,0.0006204310884729033
GBCI,GLACIER BANCORP INC NEW,37637Q105,478000.0,9828,0.0006191358252401833
HE,HAWAIIAN ELEC INDUSTRIES,419870100,478000.0,43336,0.0006191358252401833
CAKE,CHEESECAKE FACTORY INC,163072101,478000.0,8742,0.0006191358252401833
PEO,ADAM NAT RES FD INC,00548F105,477000.0,22182,0.0006178405620074632
MGA,MAGNA INTL INC,559222401,477000.0,10073,0.0006178405620074632
LITE,LUMENTUM HLDGS INC,55024U109,477000.0,2933,0.0006178405620074632
ETJ,EATON VANCE RISK-MANAGED DIV,27829G106,476000.0,52977,0.0006165452987747431
IOT,SAMSARA INC,79589L106,476000.0,12782,0.0006165452987747431
EZBC,FRANKLIN TEMPLETON DIGITAL H,354921108,475000.0,7175,0.0006152500355420231
LCNB,LCNB CORP,50181P100,473000.0,31533,0.000612659509076583
EWT,ISHARES INC,46434G772,473000.0,7435,0.000612659509076583
EXPI,EXP WORLD HLDGS INC,30212W100,473000.0,44394,0.000612659509076583
FEBP,PGIM ROCK ETF TR,69420N304,472000.0,15248,0.000611364245843863
BKAG,BNY MELLON ETF TRUST,09661T602,471000.0,11052,0.0006100689826111429
UEVM,VICTORY PORTFOLIOS II,92647N543,471000.0,8486,0.0006100689826111429
DIAL,COLUMBIA ETF TR I,19761L508,471000.0,25511,0.0006100689826111429
XJQCX,NUVEEN CR STRATEGIES INCOME,67073D102,471000.0,89296,0.0006100689826111429
ULST,SSGA ACTIVE ETF TR,78467V707,469000.0,11526,0.0006074784561457029
OCTM,FIRST TR EXCHNG TRADED FD VI,33740F136,468000.0,14554,0.0006061831929129827
WTMF,WISDOMTREE TR,97717W125,468000.0,12357,0.0006061831929129827
VANI,VIVANI MEDICAL INC,92854B109,466000.0,330530,0.0006035926664475427
VIST,VISTA ENERGY S.A.B. DE C.V.,92837L109,466000.0,13561,0.0006035926664475427
DT,DYNATRACE INC,268150109,466000.0,9612,0.0006035926664475427
XBOEX,BLACKROCK ENHANCED GLOBAL DI,092501105,466000.0,40318,0.0006035926664475427
MSEX,MIDDLESEX WTR CO,596680108,465000.0,8584,0.0006022974032148227
IBMS,ISHARES TR,46438G687,464000.0,17810,0.0006010021399821026
PFD,FLAHERTY & CRUMRINE PFD INCO,338480106,464000.0,38576,0.0006010021399821026
LTC,LTC PPTYS INC,502175102,463000.0,12556,0.0005997068767493825
XOVR,ENTREPRENEURSHARES SERIES TR,293828877,463000.0,21907,0.0005997068767493825
TFPM,TRIPLE FLAG PRECIOUS METAL,89679M104,463000.0,15814,0.0005997068767493825
AIO,VIRTUS ARTIFICIAL INTELLIGEN,92838Y100,462000.0,19218,0.0005984116135166625
CRK,COMSTOCK RES INC,205768302,462000.0,23289,0.0005984116135166625
ATLO,AMES NATL CORP,031001100,462000.0,22825,0.0005984116135166625
NWL,NEWELL BRANDS INC,651229106,461000.0,87938,0.0005971163502839424
TMP,TOMPKINS FINL CORP,890110109,461000.0,6957,0.0005971163502839424
BBEU,J P MORGAN EXCHANGE TRADED F,46641Q191,460000.0,6614,0.0005958210870512223
ANDE,ANDERSONS INC,034164103,460000.0,11554,0.0005958210870512223
CORZ,CORE SCIENTIFIC INC NEW,21874A106,459000.0,25592,0.0005945258238185023
NEU,NEWMARKET CORP,651587107,458000.0,553,0.0005932305605857824
LADR,LADDER CAP CORP,505743104,457000.0,41871,0.0005919352973530622
CPNJ,CALAMOS ETF TR,12811T878,457000.0,17168,0.0005919352973530622
OZK,BANK OZK LITTLE ROCK ARK,06417N103,456000.0,8941,0.0005906400341203422
IQM,FRANKLIN TEMPLETON ETF TR,35473P512,456000.0,5220,0.0005906400341203422
TXNM,TXNM ENERGY INC,69349H107,456000.0,8059,0.0005906400341203422
ATEN,A10 NETWORKS INC,002121101,455000.0,25092,0.0005893447708876222
GHYB,GOLDMAN SACHS ETF TR,381430453,455000.0,9929,0.0005893447708876222
DLY,DOUBLELINE YIELD OPPORTUNITI,25862D105,454000.0,30104,0.000588049507654902
NUDV,NUSHARES ETF TR,67092P813,454000.0,15585,0.000588049507654902
VNT,VONTIER CORPORATION,928881101,452000.0,10764,0.000585458981189462
JSTC,TIDAL TRUST I,886364876,452000.0,22226,0.000585458981189462
ZIM,ZIM INTEGRATED SHIPPING SERV,M9T951109,451000.0,33321,0.000584163717956742
FIBR,ISHARES TR,46435U796,451000.0,5010,0.000584163717956742
EWBC,EAST WEST BANCORP INC,27579R104,451000.0,4238,0.000584163717956742
MSIF,MSC INCOME FUND INC,55374X208,451000.0,34363,0.000584163717956742
SLNZ,TCW ETF TRUST,29287L809,450000.0,9575,0.000582868454724022
CGBD,CARLYLE SECURED LENDING INC,872280102,450000.0,35962,0.000582868454724022
WK,WORKIVA INC,98139A105,449000.0,5214,0.0005815731914913018
SRAD,SPORTRADAR GROUP AG,H8088L103,449000.0,16687,0.0005815731914913018
THO,THOR INDS INC,885160101,448000.0,4318,0.0005802779282585818
GAP,GAP INC,364760108,448000.0,20949,0.0005802779282585818
NGD,NEW GOLD INC CDA,644535106,447000.0,62320,0.0005789826650258618
ROIV,ROIVANT SCIENCES LTD,G76279101,447000.0,29574,0.0005789826650258618
UMBF,UMB FINL CORP,902788108,447000.0,3779,0.0005789826650258618
TFX,TELEFLEX INCORPORATED,879369106,447000.0,3651,0.0005789826650258618
HLI,HOULIHAN LOKEY INC,441593100,446000.0,2173,0.0005776874017931416
N/A,GRAYSCALE COINDESK CRYPTO,G40705108,446000.0,7982,0.0005776874017931416
DUKZ,NORTHERN LIGHTS FD TR,66538J282,445000.0,17455,0.0005763921385604216
CFFN,CAPITOL FED FINL INC,14057J101,444000.0,69910,0.0005750968753277016
BWMX,BETTERWARE DE MEXC S A P I D,P1666E105,444000.0,33000,0.0005750968753277016
SPXM,TIDAL TRUST III,45259A415,444000.0,20777,0.0005750968753277016
CARZ,FIRST TR EXCHANGE TRADED FD,33734X309,443000.0,6091,0.0005738016120949816
PEGA,PEGASYSTEMS INC,705573103,442000.0,7692,0.0005725063488622615
EBMT,EAGLE BANCORP MONT INC,26942G100,441000.0,25523,0.0005712110856295415
EOT,EATON VANCE NATL MUN OPPORT,27829L105,441000.0,26528,0.0005712110856295415
XIJN,FIRST TR EXCHNG TRADED FD VI,33740F235,440000.0,14149,0.0005699158223968214
CPSP,CALAMOS ETF TR,12811T753,440000.0,17081,0.0005699158223968214
HYZD,WISDOMTREE TR,97717W430,440000.0,19561,0.0005699158223968214
BIBL,NORTHERN LTS FD TR IV,66538H534,439000.0,9873,0.0005686205591641013
NMAY,INNOVATOR ETFS TRUST,45784N676,439000.0,16098,0.0005686205591641013
TKR,TIMKEN CO,887389104,439000.0,5842,0.0005686205591641013
CWST,CASELLA WASTE SYS INC,147448104,438000.0,4615,0.0005673252959313812
DYLD,TWO RDS SHARED TR,90214Q675,438000.0,19285,0.0005673252959313812
ELAN,ELANCO ANIMAL HEALTH INC,28414H103,438000.0,21756,0.0005673252959313812
GMED,GLOBUS MED INC,379577208,438000.0,7655,0.0005673252959313812
VUSE,ETF SER SOLUTIONS,26922A503,437000.0,6581,0.0005660300326986613
ILDR,FIRST TR EXCHNG TRADED FD VI,33740F565,437000.0,13485,0.0005660300326986613
REG,REGENCY CTRS CORP,758849103,437000.0,5988,0.0005660300326986613
NVAX,NOVAVAX INC,670002401,436000.0,50272,0.0005647347694659413
ESBA,EMPIRE ST RLTY OP L P,292102100,435000.0,58410,0.0005634395062332211
GIGB,GOLDMAN SACHS ETF TR,381430479,435000.0,9306,0.0005634395062332211
SKYT,SKYWATER TECHNOLOGY INC,83089J108,434000.0,23254,0.0005621442430005011
SDCI,USCF ETF TR,90290T809,433000.0,18809,0.0005608489797677811
NANR,SPDR INDEX SHS FDS,78463X152,433000.0,6700,0.0005608489797677811
DFSE,DIMENSIONAL ETF TRUST,25434V682,433000.0,10528,0.0005608489797677811
WISE,THEMES ETF TR,882927502,432000.0,9875,0.000559553716535061
FDCF,FIDELITY COVINGTON TRUST,316092162,431000.0,8694,0.0005582584533023409
GAIN,GLADSTONE INVT CORP,376546107,430000.0,31100,0.0005569631900696209
XSSPX,NUVEEN S&P 500 DYNAMIC OVERW,6706EW100,430000.0,24585,0.0005569631900696209
INSP,INSPIRE MED SYS INC,457730109,430000.0,5796,0.0005569631900696209
PCTY,PAYLOCITY HLDG CORP,70438V106,430000.0,2698,0.0005569631900696209
DXYZ,DESTINY TECH100 INC,25063F107,429000.0,20143,0.0005556679268369009
UPRO,PROSHARES TR,74347X864,429000.0,3851,0.0005556679268369009
IBN,ICICI BANK LIMITED,45104G104,429000.0,14196,0.0005556679268369009
WD5A,TRAVEL PLUS LEISURE CO,894164102,429000.0,7217,0.0005556679268369009
BGC,BGC GROUP INC,088929104,429000.0,45347,0.0005556679268369009
MUNY,VANGUARD NY TAX FREE FDS,92204H400,428000.0,4155,0.0005543726636041809
USAR,USA RARE EARTH INC,91733P107,428000.0,24923,0.0005543726636041809
VVV,VALVOLINE INC,92047W101,427000.0,11886,0.0005530774003714608
OPEN,OPENDOOR TECHNOLOGIES INC,683712103,427000.0,53636,0.0005530774003714608
MMU,WESTERN ASSET MANAGED MUNS F,95766M105,427000.0,41258,0.0005530774003714608
SPBW,AIM ETF PRODUCTS TRUST,00888H463,426000.0,15849,0.0005517821371387407
AMTM,AMENTUM HOLDINGS INC,023939101,426000.0,17771,0.0005517821371387407
IRDM,IRIDIUM COMMUNICATIONS INC,46269C102,425000.0,24323,0.0005504868739060207
RDOG,ALPS ETF TR,00162Q106,425000.0,11639,0.0005504868739060207
PSP,INVESCO EXCHANGE TRADED FD T,46137V118,425000.0,6155,0.0005504868739060207
OBT,ORANGE CNTY BANCORP INC,68417L107,425000.0,16874,0.0005504868739060207
PSCH,INVESCO EXCH TRADED FD TR II,46138E149,424000.0,10200,0.0005491916106733005
AVTR,AVANTOR INC,05352A100,424000.0,33952,0.0005491916106733005
TG,TREDEGAR CORP,894650100,424000.0,52774,0.0005491916106733005
TECK,TECK RESOURCES LTD,878742204,422000.0,9626,0.0005466010842078606
MGIC,MAGIC SOFTWARE ENTERPRISES L,559166103,422000.0,20667,0.0005466010842078606
TOLZ,PROSHARES TR,74347B508,422000.0,7805,0.0005466010842078606
EGO,ELDORADO GOLD CORP NEW,284902509,422000.0,14610,0.0005466010842078606
TCPC,BLACKROCK TCP CAPITAL CORP,09259E108,420000.0,67745,0.0005440105577424204
XBGYX,BLACKROCK ENHANCED INTL DIV,092524107,420000.0,73005,0.0005440105577424204
CADL,CANDEL THERAPEUTICS INC,137404109,419000.0,82221,0.0005427152945097004
JCE,NUVEEN CORE EQUITY ALPHA FD,67090X107,419000.0,26612,0.0005427152945097004
EINC,VANECK ETF TRUST,92189H870,418000.0,4215,0.0005414200312769803
VSMV,VICTORY PORTFOLIOS II,92647N691,418000.0,7798,0.0005414200312769803
GOLF,ACUSHNET HLDGS CORP,005098108,418000.0,5329,0.0005414200312769803
VIRT,VIRTU FINL INC,928254101,417000.0,11737,0.0005401247680442603
CCK,CROWN HLDGS INC,228368106,417000.0,4321,0.0005401247680442603
EFSI,EAGLE FINL SVCS INC,26951R104,417000.0,11016,0.0005401247680442603
NXT,NEXTRACKER INC,65290E101,416000.0,5627,0.0005388295048115402
CZR,CAESARS ENTERTAINMENT INC NE,12769G100,416000.0,15391,0.0005388295048115402
FIG,FIGMA INC,316841105,414000.0,7972,0.0005362389783461002
LIF,LIFE360 INC,532206109,414000.0,3892,0.0005362389783461002
AEO,AMERICAN EAGLE OUTFITTERS IN,02553E106,413000.0,24113,0.0005349437151133802
AUR,AURORA INNOVATION INC,051774107,413000.0,76610,0.0005349437151133802
SYNA,SYNAPTICS INC,87157D109,413000.0,6046,0.0005349437151133802
CWH,CAMPING WORLD HLDGS INC,13462K109,412000.0,26074,0.00053364845188066
EWI,ISHARES INC,46434G830,412000.0,7927,0.00053364845188066
GOOS,CANADA GOOSE HLDGS INC,135086106,411000.0,29775,0.00053235318864794
PCH,POTLATCHDELTIC CORPORATION,737630103,409000.0,10048,0.0005297626621824998
DOCN,DIGITALOCEAN HLDGS INC,25402D102,408000.0,11946,0.0005284673989497799
AEF,ABRDN EMERGING MARKETS EX CH,00301W105,408000.0,62989,0.0005284673989497799
DMO,WESTERN ASSET MTG DEFINED OP,95790B109,408000.0,34800,0.0005284673989497799
BITB,BITWISE BITCOIN ETF TR,09174C104,406000.0,6531,0.0005258768724843398
SLM,SLM CORP,78442P106,406000.0,14673,0.0005258768724843398
GPK,GRAPHIC PACKAGING HLDG CO,388689101,406000.0,20752,0.0005258768724843398
CATY,CATHAY GEN BANCORP,149150104,405000.0,8425,0.0005245816092516197
SUPN,SUPERNUS PHARMACEUTICALS INC,868459108,405000.0,8466,0.0005245816092516197
HYDR,GLOBAL X FDS,37960A420,405000.0,11760,0.0005245816092516197
FDIF,FIDELITY COVINGTON TRUST,316092121,404000.0,11363,0.0005232863460188996
TDTF,FLEXSHARES TR,33939L605,403000.0,16604,0.0005219910827861796
SGU,STAR GROUP L P,85512C105,403000.0,34045,0.0005219910827861796
TS,TENARIS S A,88031M109,402000.0,11228,0.0005206958195534595
FTAI,FTAI AVIATION LTD,G3730V105,402000.0,2407,0.0005206958195534595
HDSN,HUDSON TECHNOLOGIES INC,444144109,402000.0,40518,0.0005206958195534595
UA,UNDER ARMOUR INC,904311206,401000.0,82934,0.0005194005563207395
CNOB,CONNECTONE BANCORP INC,20786W107,401000.0,16177,0.0005194005563207395
STEW,SRH TOTAL RETURN FUND INC,101507101,400000.0,22019,0.0005181052930880195
FUL,FULLER H B CO,359694106,400000.0,6742,0.0005181052930880195
APOC,INNOVATOR ETFS TRUST,45784N882,398000.0,15351,0.0005155147666225793
QFIN,QFIN HOLDINGS INC,88557W101,398000.0,13845,0.0005155147666225793
LGIH,LGI HOMES INC,50187T106,396000.0,7664,0.0005129242401571392
JPIN,J P MORGAN EXCHANGE TRADED F,46641Q209,396000.0,5940,0.0005129242401571392
RUSHA,RUSH ENTERPRISES INC,781846209,395000.0,7383,0.0005116289769244192
LKQ1,LKQ CORP,501889208,395000.0,12927,0.0005116289769244192
PIE,INVESCO EXCH TRADED FD TR II,46138E867,395000.0,16179,0.0005116289769244192
ARCT,ARCTURUS THERAPEUTICS HLDGS,03969T109,394000.0,21398,0.0005103337136916992
OXY/WS,OCCIDENTAL PETE CORP,674599162,394000.0,15433,0.0005103337136916992
PJFG,PGIM ETF TR,69344A875,394000.0,3575,0.0005103337136916992
USSG,DBX ETF TR,233051150,393000.0,6414,0.0005090384504589791
JANJ,INNOVATOR ETFS TRUST,45783Y376,393000.0,15907,0.0005090384504589791
FSS,FEDERAL SIGNAL CORP,313855108,392000.0,3295,0.0005077431872262591
PSMD,PACER FDS TR,69374H550,392000.0,12403,0.0005077431872262591
IFEB,INNOVATOR ETFS TRUST,45783Y350,391000.0,13304,0.0005064479239935391
BLCN,SIREN ETF TR,829658202,391000.0,14128,0.0005064479239935391
MTRN,MATERION CORP,576690101,390000.0,3226,0.0005051526607608189
HYHG,PROSHARES TR,74348A541,389000.0,5976,0.0005038573975280989
EFAX,SPDR INDEX SHS FDS,78470E106,389000.0,7886,0.0005038573975280989
AWP,ABRDN GLOBAL PREMIER PPTYS F,00302L108,389000.0,97894,0.0005038573975280989
KWR,QUAKER HOUGHTON,747316107,389000.0,2955,0.0005038573975280989
CSD,INVESCO EXCHANGE TRADED FD T,46137V159,388000.0,4167,0.0005025621342953789
TMC,TMC THE METALS COMPANY INC,87261Y106,388000.0,60832,0.0005025621342953789
IDR,IDAHO STRATEGIC RESOURCES,645827205,388000.0,11486,0.0005025621342953789
SAND,SANDSTORM GOLD LTD,80013R206,388000.0,30981,0.0005025621342953789
SINT,SINTX TECHNOLOGIES INC,829392703,388000.0,94929,0.0005025621342953789
GH,GUARDANT HEALTH INC,40131M109,387000.0,6192,0.0005012668710626588
PK,PARK HOTELS & RESORTS INC,700517105,387000.0,34902,0.0005012668710626588
GLNG,GOLAR LNG LTD,G9456A100,387000.0,9575,0.0005012668710626588
REVG,REV GROUP INC,749527107,387000.0,6830,0.0005012668710626588
SMIN,ISHARES TR,46429B614,387000.0,5392,0.0005012668710626588
CGNX,COGNEX CORP,192422103,386000.0,8529,0.0004999716078299388
UFPT,UFP TECHNOLOGIES INC,902673102,386000.0,1932,0.0004999716078299388
TGNA,TEGNA INC,87901J105,385000.0,18958,0.0004986763445972188
CPER,UNITED STS COMMODITY INDEX F,911718104,385000.0,12849,0.0004986763445972188
ABM,ABM INDS INC,000957100,384000.0,8318,0.0004973810813644987
HOV,HOVNANIAN ENTERPRISES INC,442487401,384000.0,2991,0.0004973810813644987
XTN,SPDR SERIES TRUST,78464A532,383000.0,4568,0.0004960858181317786
DAVE,DAVE INC,23834J201,382000.0,1917,0.0004947905548990585
AVT,AVNET INC,053807103,381000.0,7287,0.0004934952916663385
CLOZ,SERIES PORTFOLIOS TR,81752T528,381000.0,14209,0.0004934952916663385
FMNY,FIRST TR EXCH TRADED FD III,33739P822,381000.0,14376,0.0004934952916663385
PLX,PROTALIX BIOTHERAPEUTICS INC,74365A309,381000.0,171772,0.0004934952916663385
CANQ,CALAMOS ETF TR,12811T506,380000.0,12593,0.0004922000284336185
SMB,VANECK ETF TRUST,92189F528,380000.0,21786,0.0004922000284336185
UDOW,PROSHARES TR,74347X823,380000.0,3551,0.0004922000284336185
NCZ,VIRTUS CONVERTIBLE & INC FD,92838U801,380000.0,27750,0.0004922000284336185
JMSI,J P MORGAN EXCHANGE TRADED F,46654Q815,379000.0,7548,0.0004909047652008984
BUFS,FIRST TR EXCHNG TRADED FD VI,33740F243,379000.0,16861,0.0004909047652008984
SWX,SOUTHWEST GAS HLDGS INC,844895102,379000.0,4840,0.0004909047652008984
GLRY,NORTHERN LTS FD TR IV,66538H369,378000.0,10151,0.0004896095019681784
CMC,COMMERCIAL METALS CO,201723103,377000.0,6588,0.0004883142387354584
FR,FIRST INDL RLTY TR INC,32054K103,377000.0,7326,0.0004883142387354584
LMAT,LEMAITRE VASCULAR INC,525558201,376000.0,4298,0.00048701897550273824
AXGN,AXOGEN INC,05463X106,376000.0,21102,0.00048701897550273824
SVAL,ISHARES TR,46436E536,376000.0,11230,0.00048701897550273824
IVA,INVENTIVA SA,46124U107,376000.0,64857,0.00048701897550273824
KBWD,INVESCO EXCH TRADED FD TR II,46138E610,376000.0,27764,0.00048701897550273824
SEA,SEABRIDGE GOLD INC,811916105,375000.0,15513,0.0004857237122700182
MBIN,MERCHANTS BANCORP IND,58844R108,375000.0,11786,0.0004857237122700182
ESRT,EMPIRE ST RLTY TR INC,292104106,375000.0,48930,0.0004857237122700182
VIR,VIR BIOTECHNOLOGY INC,92764N102,375000.0,65741,0.0004857237122700182
BHF,BRIGHTHOUSE FINL INC,10922N103,375000.0,7062,0.0004857237122700182
DWAW,ADVISORSHARES TR,00768Y479,374000.0,8516,0.00048442844903729825
EPRT,ESSENTIAL PPTYS RLTY TR INC,29670E107,374000.0,12560,0.00048442844903729825
CTO,CTO RLTY GROWTH INC NEW,22948Q101,374000.0,22968,0.00048442844903729825
XIFR,XPLR INFRASTRUCTURE LP,65341B106,373000.0,36632,0.0004831331858045781
IQQQ,PROSHARES TR,74347G234,373000.0,8458,0.0004831331858045781
CWCO,CONSOLIDATED WATER CO INC,G23773107,372000.0,10539,0.0004818379225718581
PMT,PENNYMAC MTG INVT TR,70931T103,371000.0,30258,0.00048054265933913806
BLE,BLACKROCK MUNI INCOME TR II,09249N101,371000.0,35545,0.00048054265933913806
WSBF,WATERSTONE FINL INC MD,94188P101,370000.0,23688,0.000479247396106418
TPIF,TIMOTHY PLAN,887432334,370000.0,11082,0.000479247396106418
BTU,PEABODY ENERGY CORP,704551100,369000.0,13898,0.00047795213287369796
FSGS,FIRST TR EXCHANGE TRADED FD,33738R746,369000.0,11829,0.00047795213287369796
ACRE,ARES COML REAL ESTATE CORP,04013V108,369000.0,81840,0.00047795213287369796
NURE,NUSHARES ETF TR,67092P706,369000.0,12818,0.00047795213287369796
APMU,TRUST FOR PROFESSIONAL MANAG,89834G745,369000.0,14660,0.00047795213287369796
FNLC,FIRST BANCORP INC ME,31866P102,368000.0,14021,0.0004766568696409779
XIGDX,VOYA GLBL EQTY DIV & PREM OP,92912T100,368000.0,62079,0.0004766568696409779
ELS,EQUITY LIFESTYLE PPTYS INC,29472R108,368000.0,6064,0.0004766568696409779
GAL,SSGA ACTIVE ETF TR,78467V400,367000.0,7478,0.00047536160640825785
USAI,PACER FDS TR,69374H634,367000.0,9209,0.00047536160640825785
OCTP,PGIM ROCK ETF TR,69420N742,367000.0,12376,0.00047536160640825785
IGR,CBRE GBL REAL ESTATE INC FD,12504G100,366000.0,71146,0.00047406634317553783
PENG,PENGUIN SOLUTIONS INC,706915105,366000.0,13939,0.00047406634317553783
FLJP,FRANKLIN TEMPLETON ETF TR,35473P744,366000.0,10598,0.00047406634317553783
PINK,SIMPLIFY EXCHANGE TRADED FUN,82889N772,365000.0,11518,0.00047277107994281775
NCNO,NCINO INC,63947X101,365000.0,13468,0.00047277107994281775
BTG,B2GOLD CORP,11777Q209,365000.0,73691,0.00047277107994281775
PSET,PRINCIPAL EXCHANGE TRADED FD,74255Y201,365000.0,4790,0.00047277107994281775
NFJ,VIRTUS DIVIDEND INTEREST & P,92840R101,365000.0,28062,0.00047277107994281775
GXC,SPDR INDEX SHS FDS,78463X400,364000.0,3468,0.0004714758167100977
YOU,CLEAR SECURE INC,18467V109,364000.0,10918,0.0004714758167100977
EVIM,MORGAN STANLEY ETF TRUST,61774R882,364000.0,6944,0.0004714758167100977
MCHI,ISHARES TR,46429B671,363000.0,5518,0.0004701805534773777
VOYA,VOYA FINANCIAL INC,929089100,363000.0,4859,0.0004701805534773777
GXO,GXO LOGISTICS INCORPORATED,36262G101,362000.0,6838,0.00046888529024465757
SIZE,ISHARES TR,46432F370,362000.0,2252,0.00046888529024465757
TRMK,TRUSTMARK CORP,898402102,362000.0,9146,0.00046888529024465757
RLY,SSGA ACTIVE ETF TR,78467V103,362000.0,11728,0.00046888529024465757
BKE,BUCKLE INC,118440106,362000.0,6178,0.00046888529024465757
N/A,NIQ GLOBAL INTELLIGENCE PLC,G63755105,361000.0,22982,0.00046759002701193754
DIM,WISDOMTREE TR,97717W778,361000.0,4674,0.00046759002701193754
SMOG,VANECK ETF TRUST,92189F502,361000.0,2838,0.00046759002701193754
ERTH,INVESCO EXCHANGE TRADED FD T,46137V407,361000.0,7573,0.00046759002701193754
CBSE,ELEVATION SERIES TRUST,210322889,361000.0,8743,0.00046759002701193754
PHAT,PHATHOM PHARMACEUTICALS INC,71722W107,360000.0,30616,0.00046629476377921757
MNKD,MANNKIND CORP,56400P706,360000.0,67082,0.00046629476377921757
SCYB,SCHWAB STRATEGIC TR,808524631,360000.0,13461,0.00046629476377921757
ARW,ARROW ELECTRS INC,042735100,360000.0,2975,0.00046629476377921757
XRT,SPDR SERIES TRUST,78464A714,359000.0,4164,0.00046499950054649744
KOF,COCA-COLA FEMSA SAB DE CV,191241108,359000.0,4316,0.00046499950054649744
WWW,WOLVERINE WORLD WIDE INC,978097103,358000.0,13053,0.0004637042373137774
TOWN,TOWNEBANK PORTSMOUTH VA,89214P109,357000.0,10334,0.0004624089740810574
CIVI,CIVITAS RESOURCES INC,17888H103,357000.0,10996,0.0004624089740810574
RSPF,INVESCO EXCHANGE TRADED FD T,46137V340,357000.0,4588,0.0004624089740810574
ACA,ARCOSA INC,039653100,357000.0,3805,0.0004624089740810574
VSAT,VIASAT INC,92552V100,355000.0,12128,0.0004598184476156173
VCEL,VERICEL CORP,92346J108,355000.0,11288,0.0004598184476156173
CQQQ,INVESCO EXCH TRADED FD TR II,46138E800,355000.0,6022,0.0004598184476156173
TCAL,T ROWE PRICE ETF INC,87283Q784,355000.0,14573,0.0004598184476156173
ONTO,ONTO INNOVATION INC,683344105,355000.0,2748,0.0004598184476156173
FINX,GLOBAL X FDS,37954Y814,353000.0,10536,0.0004572279211501772
XIDE,FIRST TR EXCHNG TRADED FD VI,33740F326,352000.0,11577,0.00045593265791745715
SRV,NXG CUSHING MIDSTREAM ENERGY,231631300,352000.0,7653,0.00045593265791745715
NEN,NEW ENGLAND RLTY ASSOC LTD P,644206104,351000.0,4895,0.000454637394684737
NOVP,PGIM ROCK ETF TR,69420N734,350000.0,11747,0.00045334213145201705
PRME,PRIME MEDICINE INC,74168J101,350000.0,63168,0.00045334213145201705
NBXG,NEUBERGER BERMAN NEXT GENERA,64133Q108,350000.0,22745,0.00045334213145201705
BCV,BANCROFT FD LTD,059695106,350000.0,15987,0.00045334213145201705
UFCS,UNITED FIRE GROUP INC,910340108,348000.0,11434,0.0004507516049865769
AMH,AMERICAN HOMES 4 RENT,02665T306,348000.0,10476,0.0004507516049865769
FBOT,FIDELITY COVINGTON TRUST,316092170,347000.0,10608,0.00044945634175385686
MARU,AIM ETF PRODUCTS TRUST,00888H489,346000.0,12640,0.00044816107852113684
CUZ,COUSINS PPTYS INC,222795502,345000.0,11925,0.00044686581528841676
LEVI,LEVI STRAUSS & CO NEW,52736R102,345000.0,14787,0.00044686581528841676
QXO,QXO INC,82846H405,344000.0,18058,0.00044557055205569673
EWW,ISHARES INC,464286822,343000.0,5030,0.0004442752888229767
JLS,NUVEEN MORTGAGE AND INCOME F,670735109,343000.0,18299,0.0004442752888229767
AEIS,ADVANCED ENERGY INDS,007973100,343000.0,2018,0.0004442752888229767
CIFR,CIPHER MINING INC,17253J106,342000.0,27127,0.00044298002559025663
RIGS,ALPS ETF TR,00162Q783,341000.0,14648,0.0004416847623575366
AIZ,ASSURANT INC,04621X108,341000.0,1575,0.0004416847623575366
EBF,ENNIS INC,293389102,341000.0,18656,0.0004416847623575366
HAE,HAEMONETICS CORP MASS,405024100,340000.0,6974,0.0004403894991248165
XFIV,BONDBLOXX ETF TRUST,09789C838,340000.0,6864,0.0004403894991248165
0J7Q,IAC INC,44891N208,340000.0,9981,0.0004403894991248165
SDHY,PGIM SHORT DUR HIG YLD OPP F,69355J104,339000.0,20286,0.0004390942358920965
TGLS,TECNOGLASS INC,G87264100,339000.0,5071,0.0004390942358920965
DOX,AMDOCS LTD,G02602103,338000.0,4121,0.0004377989726593765
OVV,OVINTIV INC,69047Q102,338000.0,8360,0.0004377989726593765
BC,BRUNSWICK CORP,117043109,338000.0,5346,0.0004377989726593765
BKEM,BNY MELLON ETF TRUST,09661T503,337000.0,4589,0.00043650370942665634
ENFR,ALPS ETF TR,00162Q676,337000.0,10389,0.00043650370942665634
PTON,PELOTON INTERACTIVE INC,70614W100,336000.0,37295,0.00043520844619393637
XSCDX,LMP CAP & INCOME FD INC,50208A102,335000.0,21574,0.00043391318296121634
ANGX,ANGEL STUDIOS INC,034948109,335000.0,57679,0.00043391318296121634
ATFV,THE ALGER ETF TRUST,015564206,334000.0,9409,0.0004326179197284962
STNG,SCORPIO TANKERS INC,Y7542C130,334000.0,5964,0.0004326179197284962
FG,F&G ANNUITIES & LIFE INC,30190A104,334000.0,10690,0.0004326179197284962
KNX,KNIGHT-SWIFT TRANSN HLDGS IN,499049104,333000.0,8438,0.0004313226564957762
SN,SHARKNINJA INC,G8068L108,333000.0,3228,0.0004313226564957762
BUWA,BIO RAD LABS INC,090572207,332000.0,1183,0.00043002739326305616
AIOO,AIM ETF PRODUCTS TRUST,00888H448,332000.0,13013,0.00043002739326305616
SSO,PROSHARES TR,74347R107,332000.0,2964,0.00043002739326305616
CXT,CRANE NXT CO,224441105,332000.0,4947,0.00043002739326305616
G,GENPACT LIMITED,G3922B107,331000.0,7912,0.0004287321300303361
RSPM,INVESCO EXCHANGE TRADED FD T,46137V316,330000.0,10072,0.00042743686679761606
PVH,PVH CORPORATION,693656100,329000.0,3926,0.00042614160356489603
FPI,FARMLAND PARTNERS INC,31154R109,329000.0,30247,0.00042614160356489603
CVCO,CAVCO INDS INC DEL,149568107,328000.0,566,0.00042484634033217595
FND,FLOOR & DECOR HLDGS INC,339750101,328000.0,4448,0.00042484634033217595
GCT,GIGACLOUD TECHNOLOGY INC,G38644103,328000.0,11543,0.00042484634033217595
HCI,HCI GROUP INC,40416E103,328000.0,1711,0.00042484634033217595
RBB,RBB BANCORP,74930B105,328000.0,17503,0.00042484634033217595
SNDK,SANDISK CORP,80004C200,327000.0,2914,0.0004235510770994559
IPKW,INVESCO EXCH TRADED FD TR II,46138E644,327000.0,6198,0.0004235510770994559
FVC,FIRST TR EXCHANGE TRADED FD,33738R878,327000.0,9065,0.0004235510770994559
DEXC,DIMENSIONAL ETF TRUST,25434V534,327000.0,5778,0.0004235510770994559
LC,LENDINGCLUB CORP,52603A208,327000.0,21522,0.0004235510770994559
FSEC,FIDELITY MERRIMACK STR TR,316188705,326000.0,7389,0.0004222558138667358
HFGO,HARTFORD FDS EXCHANGE TRADED,41653L883,325000.0,11990,0.0004209605506340158
URBN,URBAN OUTFITTERS INC,917047102,325000.0,4545,0.0004209605506340158
NUGO,NUSHARES ETF TR,67092P797,325000.0,8266,0.0004209605506340158
CPRI,CAPRI HOLDINGS LIMITED,G1890L107,325000.0,16317,0.0004209605506340158
CPS,COOPER STD HLDGS INC,21676P103,325000.0,8807,0.0004209605506340158
ASO,ACADEMY SPORTS & OUTDOORS IN,00402L107,325000.0,6489,0.0004209605506340158
CECO,CECO ENVIRONMENTAL CORP,125141101,325000.0,6349,0.0004209605506340158
FSUN,FIRSTSUN CAP BANCORP,33767U107,324000.0,8354,0.0004196652874012958
MUSA,MURPHY USA INC,626755102,324000.0,835,0.0004196652874012958
LDDR,STONE RIDGE TR,86172A249,324000.0,3777,0.0004196652874012958
CWS,ADVISORSHARES TR,00768Y560,323000.0,4700,0.00041837002416857566
ELME,ELME COMMUNITIES,939653101,323000.0,19143,0.00041837002416857566
RWO,SPDR INDEX SHS FDS,78463X749,323000.0,7064,0.00041837002416857566
FJP,FIRST TR EXCH TRD ALPHDX FD,33737J158,323000.0,4962,0.00041837002416857566
MFEM,PIMCO EQUITY SER,72202L389,323000.0,14326,0.00041837002416857566
FMS,FRESENIUS MEDICAL CARE AG,358029106,323000.0,12260,0.00041837002416857566
WEA,WESTERN ASSET PREMIER BD FD,957664105,323000.0,28780,0.00041837002416857566
SLVM,SYLVAMO CORP,871332102,323000.0,7294,0.00041837002416857566
NMAI,NUVEEN MULTI ASSET INCOME FU,670750108,323000.0,24850,0.00041837002416857566
PMM,PUTNAM MANAGED MUN INCOME TR,746823103,322000.0,53244,0.00041707476093585564
SBCF,SEACOAST BKG CORP FLA,811707801,321000.0,10546,0.00041577949770313567
NOV,NOV INC,62955J103,321000.0,24195,0.00041577949770313567
UVV,UNIVERSAL CORP VA,913456109,321000.0,5737,0.00041577949770313567
UAMY,UNITED STATES ANTIMONY CORP,911549103,320000.0,51607,0.00041448423447041553
NTSE,WISDOMTREE TR,97717Y642,320000.0,8845,0.00041448423447041553
UVSP,UNIVEST FINANCIAL CORPORATIO,915271100,320000.0,10647,0.00041448423447041553
RAL,RALLIANT CORP,750940108,320000.0,7309,0.00041448423447041553
CHE,CHEMED CORP NEW,16359R103,319000.0,712,0.0004131889712376955
EFC,ELLINGTON FINANCIAL INC,28852N109,319000.0,24611,0.0004131889712376955
WH,WYNDHAM HOTELS & RESORTS INC,98311A105,319000.0,3988,0.0004131889712376955
RUM,RUMBLE INC,78137L105,318000.0,43867,0.0004118937080049755
DTEC,ALPS ETF TR,00162Q478,318000.0,6220,0.0004118937080049755
BTF,VALKYRIE ETF TRUST II,91917A108,318000.0,18313,0.0004118937080049755
NACP,TIDAL TRUST III,45259A209,317000.0,6654,0.0004105984447722554
ZTR,VIRTUS TOTAL RETURN FD INC,92835W107,317000.0,49151,0.0004105984447722554
XHS,SPDR SERIES TRUST,78464A573,315000.0,3104,0.00040800791830681535
PPT,PUTNAM PREMIER INCOME TR,746853100,315000.0,85334,0.00040800791830681535
WCLD,WISDOMTREE TR,97717Y691,315000.0,8949,0.00040800791830681535
FTDR,FRONTDOOR INC,35905A109,315000.0,4682,0.00040800791830681535
PGJ,INVESCO EXCHANGE TRADED FD T,46137V571,315000.0,9498,0.00040800791830681535
FLOW,GLOBAL X FDS,37960A578,315000.0,9030,0.00040800791830681535
PBI,PITNEY BOWES INC,724479100,314000.0,27525,0.0004067126550740953
MWA,MUELLER WTR PRODS INC,624758108,313000.0,12255,0.00040541739184137525
PNNT,PENNANTPARK INVT CORP,708062104,313000.0,46658,0.00040541739184137525
JSI,JANUS DETROIT STR TR,47103U746,312000.0,5960,0.0004041221286086551
CEMB,ISHARES INC,464286251,312000.0,6760,0.0004041221286086551
MPA,BLACKROCK MUNIYIELD PA QLTY,09255G107,311000.0,27324,0.00040282686537593514
DCOM,DIME CMNTY BANCSHARES INC,25432X102,311000.0,10410,0.00040282686537593514
PDX,PIMCO DYNAMIC INCOME STRATEG,69346N107,311000.0,12455,0.00040282686537593514
PTF,INVESCO EXCHANGE TRADED FD T,46137V811,311000.0,4155,0.00040282686537593514
SHOC,EA SERIES TRUST,02072L672,311000.0,4986,0.00040282686537593514
BOH,BANK HAWAII CORP,062540109,310000.0,4725,0.0004015316021432151
CPAY,CORPAY INC,219948106,310000.0,1076,0.0004015316021432151
CARG,CARGURUS INC,141788109,309000.0,8296,0.000400236338910495
EQNR,EQUINOR ASA,29446M102,309000.0,12665,0.000400236338910495
HERD,PACER FDS TR,69374H659,308000.0,7264,0.00039894107567777496
DTIL,PRECISION BIOSCIENCES INC,74019P207,308000.0,55845,0.00039894107567777496
DUKQ,NORTHERN LIGHTS FD TR,66538J332,308000.0,11187,0.00039894107567777496
BNY,BLACKROCK N Y MUN INCOME TRU,09248L106,308000.0,30414,0.00039894107567777496
LINC,LINCOLN EDL SVCS CORP,533535100,308000.0,13090,0.00039894107567777496
GLOV,GOLDMAN SACHS ETF TR,38149W739,308000.0,5411,0.00039894107567777496
MTG,MGIC INVT CORP WIS,552848103,308000.0,10842,0.00039894107567777496
IDEC,INNOVATOR ETFS TRUST,45783Y426,307000.0,9885,0.000397645812445055
CBT,CABOT CORP,127055101,307000.0,4037,0.000397645812445055
JMIA,JUMIA TECHNOLOGIES AG,48138M105,307000.0,26414,0.000397645812445055
USAC,USA COMPRESSION PARTNERS LP,90290N109,306000.0,12758,0.00039635054921233486
UCB,UNITED CMNTY BKS BLAIRSVLE G,90984P303,306000.0,9765,0.00039635054921233486
PFGC,PERFORMANCE FOOD GROUP CO,71377A103,306000.0,2944,0.00039635054921233486
GLPG,GALAPAGOS NV,36315X101,306000.0,8848,0.00039635054921233486
ISVL,ISHARES TR,46436E510,306000.0,6771,0.00039635054921233486
LNKB,LINKBANCORP INC,53578P105,305000.0,42799,0.00039505528597961483
TAFL,AB ACTIVE ETFS INC,00039J871,305000.0,12221,0.00039505528597961483
CALI,BLACKROCK ETF TRUST II,092528884,305000.0,6009,0.00039505528597961483
IQDY,FLEXSHARES TR,33939L829,305000.0,8983,0.00039505528597961483
PSCT,INVESCO EXCH TRADED FD TR II,46138E115,305000.0,5750,0.00039505528597961483
CMDY,ISHARES U S ETF TR,46431W598,305000.0,5789,0.00039505528597961483
FTXR,FIRST TR EXCHANGE TRADED FD,33738R795,305000.0,8712,0.00039505528597961483
KBDC,KAYNE ANDERSON BDC INC,48662X105,304000.0,22807,0.0003937600227468948
TAK,TAKEDA PHARMACEUTICAL CO LTD,874060205,304000.0,20742,0.0003937600227468948
CCNE,CNB FINL CORP PA,126128107,303000.0,12535,0.0003924647595141747
BFLY,BUTTERFLY NETWORK INC,124155102,303000.0,156955,0.0003924647595141747
AWI,ARMSTRONG WORLD INDS INC NEW,04247X102,302000.0,1541,0.0003911694962814547
HIVE,HIVE DIGITAL TECHNOLOGIES LT,433921103,302000.0,75040,0.0003911694962814547
NMI,NUVEEN MUN INCOME FD INC,67062J102,301000.0,30416,0.0003898742330487347
CZWI,CITIZENS CMNTY BANCORP INC M,174903104,301000.0,18726,0.0003898742330487347
INVZ,INNOVIZ TECHNOLOGIES LTD,M5R635108,300000.0,146876,0.0003885789698160146
DXUV,DIMENSIONAL ETF TRUST,25434V559,300000.0,5132,0.0003885789698160146
DORM,DORMAN PRODS INC,258278100,300000.0,1925,0.0003885789698160146
DB,DEUTSCHE BANK A G,D18190898,299000.0,8430,0.00038728370658329457
JUST,GOLDMAN SACHS ETF TR,381430396,299000.0,3193,0.00038728370658329457
COMT,ISHARES U S ETF TR,46431W853,299000.0,11129,0.00038728370658329457
CPRX,CATALYST PHARMACEUTICALS INC,14888U101,299000.0,15153,0.00038728370658329457
CPSY,CALAMOS ETF TR,12811T787,299000.0,12135,0.00038728370658329457
VEGI,ISHARES INC,464286350,298000.0,7600,0.00038598844335057444
FIVE,FIVE BELOW INC,33829M101,298000.0,1925,0.00038598844335057444
WOP,WOODSIDE ENERGY GROUP LTD,980228308,298000.0,19774,0.00038598844335057444
FOX,FOX CORP,35137L204,297000.0,5187,0.0003846931801178544
GSIB,THEMES ETF TR,882927601,297000.0,6165,0.0003846931801178544
EWS,ISHARES INC,46434G780,297000.0,10491,0.0003846931801178544
CPZ,CALAMOS LNG SHR EQT DYNAMIC,12812C106,297000.0,18364,0.0003846931801178544
KALU,KAISER ALUMINUM CORP,483007704,296000.0,3840,0.00038339791688513444
TR,TOOTSIE ROLL INDS INC,890516107,296000.0,7064,0.00038339791688513444
QABA,FIRST TR EXCHANGE-TRADED FD,33736Q104,296000.0,5277,0.00038339791688513444
PUK,PRUDENTIAL PLC,74435K204,296000.0,10573,0.00038339791688513444
WOR,WORTHINGTON ENTERPRISES INC,981811102,296000.0,5328,0.00038339791688513444
T0V,ACUREN CORP,00510N102,296000.0,22273,0.00038339791688513444
ATOM,ATOMERA INC,04965B100,295000.0,66722,0.0003821026536524143
SPHR,SPHERE ENTERTAINMENT CO,55826T102,295000.0,4750,0.0003821026536524143
CENX,CENTURY ALUM CO,156431108,295000.0,10032,0.0003821026536524143
INVH,INVITATION HOMES INC,46187W107,295000.0,10059,0.0003821026536524143
SLVP,ISHARES INC,464286327,294000.0,10750,0.0003808073904196943
FFBC,FIRST FINL BANCORP OH,320209109,294000.0,11650,0.0003808073904196943
FLHY,FRANKLIN TEMPLETON ETF TR,35473P629,293000.0,11952,0.00037951212718697426
BTZ,BLACKROCK CR ALLOCATION INCO,092508100,293000.0,26498,0.00037951212718697426
UPB,UPSTREAM BIO INC,91678A107,292000.0,15503,0.00037821686395425423
TCBK,TRICO BANCSHARES,896095106,292000.0,6572,0.00037821686395425423
FDM,FIRST TR EXCHANGE-TRADED FD,33718M105,292000.0,3860,0.00037821686395425423
PSCC,INVESCO EXCH TRADED FD TR II,46138E172,292000.0,8868,0.00037821686395425423
WD,WALKER & DUNLOP INC,93148P102,292000.0,3486,0.00037821686395425423
IQSU,NEW YORK LIFE INVESTMENTS ET,45409B461,292000.0,5483,0.00037821686395425423
ACAD,ACADIA PHARMACEUTICALS INC,004225108,292000.0,13701,0.00037821686395425423
QLD,PROSHARES TR,74347R206,291000.0,2122,0.00037692160072153415
MINN,TRUST FOR PROFESSIONAL MANAG,89834G836,291000.0,13066,0.00037692160072153415
BUL,PACER FDS TR,69374H667,290000.0,5550,0.0003756263374888141
UFPI,UFP INDUSTRIES INC,90278Q108,290000.0,3105,0.0003756263374888141
ACLC,AMERICAN CENTY ETF TR,025072752,290000.0,3759,0.0003756263374888141
RIV,RIVERNORTH OPPORTUNITIES FD,76881Y109,290000.0,24145,0.0003756263374888141
DIEM,FRANKLIN TEMPLETON ETF TR,35473P207,290000.0,9018,0.0003756263374888141
GHM,GRAHAM CORP,384556106,289000.0,5258,0.00037433107425609405
FLO,FLOWERS FOODS INC,343498101,289000.0,22144,0.00037433107425609405
ETNB,89BIO INC,282559103,289000.0,19631,0.00037433107425609405
THD*,ISHARES INC,464286624,288000.0,4890,0.000373035811023374
RSPD,INVESCO EXCHANGE TRADED FD T,46137V381,288000.0,4987,0.000373035811023374
STN,STANTEC INC,85472N109,287000.0,2662,0.00037174054779065394
UHAL,U HAUL HOLDING COMPANY,023586100,287000.0,5023,0.00037174054779065394
OFIX,ORTHOFIX MED INC,68752M108,286000.0,19562,0.0003704452845579339
ACV,VIRTUS DIVERSIFIED INCM & CO,92840N100,286000.0,11855,0.0003704452845579339
OCTJ,INNOVATOR ETFS TRUST,45783Y491,286000.0,11994,0.0003704452845579339
RSPC,INVESCO EXCHANGE TRADED FD T,46137Y609,286000.0,6945,0.0003704452845579339
EGP,EASTGROUP PPTYS INC,277276101,286000.0,1689,0.0003704452845579339
NAZ,NUVEEN ARIZONA QLTY MUN INC,67061W104,286000.0,24165,0.0003704452845579339
HURN,HURON CONSULTING GROUP INC,447462102,286000.0,1947,0.0003704452845579339
QMFE,FIRST TR EXCHNG TRADED FD VI,33740F128,286000.0,13184,0.0003704452845579339
HAWX,ISHARES TR,46435G847,285000.0,7525,0.0003691500213252139
HLIT,HARMONIC INC,413160102,285000.0,27993,0.0003691500213252139
FXED,TIDAL TRUST I,886364819,284000.0,15380,0.0003678547580924938
AIEQ,AMPLIFY ETF TR,032108565,284000.0,6315,0.0003678547580924938
PPTA,PERPETUA RESOURCES CORP,714266103,284000.0,14063,0.0003678547580924938
PBD,INVESCO EXCH TRADED FD TR II,46138G847,284000.0,18834,0.0003678547580924938
SD,SANDRIDGE ENERGY INC,80007P869,283000.0,25089,0.00036655949485977374
OPP,RIVERNORTH DOUBLELINE STRATE,76882G107,283000.0,33178,0.00036655949485977374
HHH,HOWARD HUGHES HOLDINGS INC,44267T102,282000.0,3429,0.0003652642316270537
CYTK,CYTOKINETICS INC,23282W605,282000.0,5132,0.0003652642316270537
PYZ,INVESCO EXCHANGE TRADED FD T,46137V704,282000.0,2666,0.0003652642316270537
XEMDX,WESTERN ASSET EMERGING MKTS,95766A101,281000.0,27211,0.0003639689683943337
TCOM,TRIP COM GROUP LTD,89677Q107,281000.0,3739,0.0003639689683943337
GBXB,GOLDMAN SACHS ETF TR,38149W523,281000.0,10766,0.0003639689683943337
WEX,WEX INC,96208T104,280000.0,1776,0.0003626737051616136
EXK,ENDEAVOUR SILVER CORP,29258Y103,280000.0,35704,0.0003626737051616136
DMLP,DORCHESTER MINERALS LP,25820R105,279000.0,10766,0.0003613784419288936
XPCQX,PIMCO CALIF MUN INCOME FD,72200N106,279000.0,32017,0.0003613784419288936
GIL,GILDAN ACTIVEWEAR INC,375916103,279000.0,4825,0.0003613784419288936
DDLS,WISDOMTREE TR,97717X271,279000.0,6658,0.0003613784419288936
FRI,FIRST TR EXCHANGE-TRADED FD,33734G108,278000.0,9887,0.00036008317869617356
APGE,APOGEE THERAPEUTICS INC,03770N101,278000.0,6999,0.00036008317869617356
TW,TRADEWEB MKTS INC,892672106,278000.0,2509,0.00036008317869617356
CE,CELANESE CORP DEL,150870103,277000.0,6582,0.0003587879154634535
MBC,MASTERBRAND INC,57638P104,276000.0,20969,0.0003574926522307334
SBGI,SINCLAIR INC,829242106,276000.0,18302,0.0003574926522307334
DVLU,FIRST TR EXCHANGE-TRADED FD,33741L207,276000.0,8203,0.0003574926522307334
HCMT,DIREXION SHS ETF TR,25461A726,276000.0,7374,0.0003574926522307334
PBP,INVESCO EXCHANGE TRADED FD T,46137V399,275000.0,12445,0.00035619738899801337
MID,AMERICAN CENTY ETF TR,025072760,275000.0,4141,0.00035619738899801337
SSRM,SSR MINING IN,784730103,274000.0,11209,0.00035490212576529335
EUSM,STRATEGY SHS,86280R787,274000.0,10090,0.00035490212576529335
MHK,MOHAWK INDS INC,608190104,274000.0,2124,0.00035490212576529335
ECOW,PACER FDS TR,69374H865,274000.0,11229,0.00035490212576529335
NBH,NEUBERGER BERMAN MUN FD INC,64124P101,273000.0,26467,0.00035360686253257327
BGR,BLACKROCK ENERGY & RES TR,09250U101,272000.0,20011,0.00035231159929985324
RNG,RINGCENTRAL INC,76680R206,272000.0,9585,0.00035231159929985324
ETO,EATON VANCE TAX-ADVANTAGED G,27828U106,271000.0,9819,0.0003510163360671332
PUI,INVESCO EXCHANGE TRADED FD T,46137V795,271000.0,5896,0.0003510163360671332
ATRO,ASTRONICS CORP,046433108,270000.0,5929,0.00034972107283441314
TLRY,TILRAY BRANDS INC,88688T100,270000.0,156254,0.00034972107283441314
BPRN,PRINCETON BANCORP INC,74179A107,270000.0,8472,0.00034972107283441314
PAWZ,PROSHARES TR,74348A145,270000.0,4820,0.00034972107283441314
ABEV,AMBEV SA,02319V103,269000.0,120618,0.00034842580960169306
IEUS,ISHARES TR,464288497,269000.0,3994,0.00034842580960169306
AKO/B,EMBOTELLADORA ANDINA S A,29081P303,269000.0,11373,0.00034842580960169306
TUGN,LISTED FDS TR,53656F169,268000.0,10307,0.00034713054636897303
IEP,ICAHN ENTERPRISES LP,451100101,268000.0,31874,0.00034713054636897303
CFSB,CFSB BANCORP INC,12530C107,268000.0,19000,0.00034713054636897303
JLL,JONES LANG LASALLE INC,48020Q107,267000.0,895,0.000345835283136253
DRUP,GRANITESHARES ETF TR,38747R603,266000.0,4086,0.00034454001990353293
USCI,UNITED STS COMMODITY INDEX F,911717106,266000.0,3413,0.00034454001990353293
BIT,BLACKROCK MULTI SECTOR INC T,09258A107,265000.0,19770,0.0003432447566708129
ENS,ENERSYS,29275Y102,264000.0,2340,0.0003419494934380929
CRUS,CIRRUS LOGIC INC,172755100,264000.0,2111,0.0003419494934380929
DHF,BNY MELLON HIGH YIELD STRATE,09660L105,264000.0,101870,0.0003419494934380929
CHRD,CHORD ENERGY CORPORATION,674215207,263000.0,2651,0.0003406542302053728
TTAN,SERVICETITAN INC,81764X103,261000.0,2592,0.0003380637037399327
XSW,SPDR SERIES TRUST,78464A599,260000.0,1315,0.00033676844050721267
DBL,DOUBLELINE OPPORTUNISTIC CR,258623107,259000.0,16655,0.0003354731772744926
ONC,BEONE MEDICINES LTD,07725L102,259000.0,762,0.0003354731772744926
SCL,STEPAN CO,858586100,259000.0,5426,0.0003354731772744926
PXE,INVESCO EXCHANGE TRADED FD T,46137V761,259000.0,8801,0.0003354731772744926
RR,RICHTECH ROBOTICS INC,765504105,259000.0,60365,0.0003354731772744926
TFIN,TRIUMPH FINANCIAL INC,89679E300,259000.0,5166,0.0003354731772744926
SQMX,FIRST TR EXCHNG TRADED FD VI,33740U463,258000.0,7932,0.00033417791404177256
DBP,INVESCO DB MULTI-SECTOR COMM,46140H502,258000.0,2898,0.00033417791404177256
BFAM,BRIGHT HORIZONS FAM SOL IN D,109194100,258000.0,2372,0.00033417791404177256
BBIO,BRIDGEBIO PHARMA INC,10806X102,256000.0,4935,0.00033158738757633246
RIG,TRANSOCEAN LTD,H8817H100,256000.0,82096,0.00033158738757633246
DMB,BNY MELLON MUN BD INFRASTRUC,09662W109,256000.0,23926,0.00033158738757633246
TMFM,RBB FD INC,74933W627,256000.0,10328,0.00033158738757633246
RSI,RUSH STREET INTERACTIVE INC,782011100,256000.0,12480,0.00033158738757633246
AVDS,AMERICAN CENTY ETF TR,025072190,256000.0,3788,0.00033158738757633246
FNWD,FINWARD BANCORP,31812F109,255000.0,7939,0.0003302921243436124
DDM,PROSHARES TR,74347R305,255000.0,2376,0.0003302921243436124
KNGZ,FIRST TR EXCHANGE TRADED FD,33738R738,255000.0,7117,0.0003302921243436124
DAX,GLOBAL X FDS,37954Y491,254000.0,5679,0.00032899686111089236
GLAD,GLADSTONE CAPITAL CORP,376535878,253000.0,11581,0.00032770159787817233
BATRA,ATLANTA BRAVES HLDGS INC,047726104,253000.0,5565,0.00032770159787817233
AMG,AFFILIATED MANAGERS GROUP IN,008252108,252000.0,1058,0.00032640633464545225
ARI,APOLLO COML REAL EST FIN INC,03762U105,252000.0,24838,0.00032640633464545225
ACLS,AXCELIS TECHNOLOGIES INC,054540208,252000.0,2585,0.00032640633464545225
FLJJ,AIM ETF PRODUCTS TRUST,00888H638,251000.0,8030,0.00032511107141273217
SMFG,SUMITOMO MITSUI FINL GROUP I,86562M209,251000.0,14998,0.00032511107141273217
LOGO,TIDAL TRUST III,45259A449,250000.0,11350,0.0003238158081800122
EVSB,MORGAN STANLEY ETF TRUST,61774R700,250000.0,4912,0.0003238158081800122
OZ,BELPOINTE PREP LLC,080694102,250000.0,3900,0.0003238158081800122
FHDG,FIRST TR EXCHNG TRADED FD VI,33740U539,250000.0,7596,0.0003238158081800122
CZFS,CITIZENS FINL SVCS INC,174615104,249000.0,4125,0.0003225205449472921
BOAT,TIDAL TRUST I,886364645,249000.0,8024,0.0003225205449472921
WTPI,WISDOMTREE TR,97717X560,248000.0,7452,0.00032122528171457204
WOOD,ISHARES TR,464288174,248000.0,3378,0.00032122528171457204
CACC,CREDIT ACCEP CORP MICH,225310101,247000.0,530,0.000319930018481852
AZZ,AZZ INC,002474104,247000.0,2267,0.000319930018481852
ZVRA,ZEVRA THERAPEUTICS INC,488445206,247000.0,25943,0.000319930018481852
DIOD,DIODES INC,254543101,247000.0,4641,0.000319930018481852
JXC1,ZIFF DAVIS INC,48123V102,247000.0,6494,0.000319930018481852
SPEU,SPDR INDEX SHS FDS,78463X103,247000.0,4965,0.000319930018481852
VTC,VANGUARD SCOTTSDALE FDS,92206C573,247000.0,3145,0.000319930018481852
MXI,ISHARES TR,464288695,247000.0,2673,0.000319930018481852
CCAP,CRESCENT CAP BDC INC,225655109,246000.0,17254,0.000318634755249132
CET,CENTRAL SECS CORP,155123102,246000.0,4786,0.000318634755249132
GLO,CLOUGH GLOBAL OPPORTUNITIES,18914E106,246000.0,43108,0.000318634755249132
SNDR,SCHNEIDER NATIONAL INC,80689H102,246000.0,11623,0.000318634755249132
CDE,COEUR MNG INC,192108504,244000.0,12993,0.00031604422878369183
RPRX,ROYALTY PHARMA PLC,G7709Q104,244000.0,6923,0.00031604422878369183
ILTB,ISHARES TR,464289479,244000.0,4824,0.00031604422878369183
SNPE,DBX ETF TR,233051143,244000.0,4066,0.00031604422878369183
GRC,GORMAN RUPP CO,383082104,243000.0,5233,0.00031474896555097186
XRMMX,RIVERNORTH MANAGED DUR MUN I,76882H105,243000.0,17208,0.00031474896555097186
EBND,SPDR SERIES TRUST,78464A391,243000.0,11381,0.00031474896555097186
SMIG,ETF SER SOLUTIONS,26922B832,243000.0,8218,0.00031474896555097186
SEDG,SOLAREDGE TECHNOLOGIES INC,83417M104,242000.0,6542,0.0003134537023182518
JGH,NUVEEN GLOBAL HIGH INCOME FD,67075G103,242000.0,17884,0.0003134537023182518
RGR,STURM RUGER & CO INC,864159108,242000.0,5576,0.0003134537023182518
INEQ,COLUMBIA ETF TR I,19761L862,242000.0,6486,0.0003134537023182518
LTTI,FIRST TR EXCHANGE-TRADED FD,33738D721,241000.0,12161,0.0003121584390855317
SPE,SPECIAL OPPORTUNITIES FD INC,84741T104,240000.0,15515,0.0003108631758528117
OCTH,INNOVATOR ETFS TRUST,45783Y525,240000.0,9963,0.0003108631758528117
AGM,FEDERAL AGRIC MTG CORP,313148306,240000.0,1427,0.0003108631758528117
CHCO,CITY HLDG CO,177835105,240000.0,1936,0.0003108631758528117
CAPE,DOUBLELINE ETF TRUST,25861R204,240000.0,7371,0.0003108631758528117
UUUU,ENERGY FUELS INC,292671708,239000.0,15577,0.00030956791262009165
BFK,BLACKROCK MUN INCOME TR,09248F109,239000.0,23736,0.00030956791262009165
DAKT,DAKTRONICS INC,234264109,238000.0,11356,0.0003082726493873716
OBK,ORIGIN BANCORP INC,68621T102,238000.0,6907,0.0003082726493873716
AVDL,AVADEL PHARMACEUTICALS PLC,G29687103,238000.0,15595,0.0003082726493873716
ROSC,LATTICE STRATEGIES TR,518416508,237000.0,5211,0.0003069773861546515
LTH,LIFE TIME GROUP HOLDINGS INC,53190C102,237000.0,8593,0.0003069773861546515
RCAT,RED CAT HLDGS INC,75644T100,237000.0,22886,0.0003069773861546515
SQM,SOCIEDAD QUIMICA Y MINERA DE,833635105,236000.0,5484,0.0003056821229219315
PVBC,PROVIDENT BANCORP INC,74383L105,236000.0,18801,0.0003056821229219315
IMNM,IMMUNOME INC,45257U108,236000.0,20118,0.0003056821229219315
XHLF,BONDBLOXX ETF TRUST,09789C788,236000.0,4681,0.0003056821229219315
MBNE,SSGA ACTIVE TR,78470P853,236000.0,8108,0.0003056821229219315
MGRM,MONOGRAM TECHNOLOGIES INC,609786108,235000.0,39992,0.00030438685968921144
GINN,GOLDMAN SACHS ETF TR,38149W820,235000.0,3184,0.00030438685968921144
BITF,BITFARMS LTD,09173B107,235000.0,83186,0.00030438685968921144
PI,IMPINJ INC,453204109,235000.0,1302,0.00030438685968921144
HYXU,ISHARES INC,464286210,235000.0,4224,0.00030438685968921144
RSHO,TEMA ETF TRUST,87975E602,234000.0,5435,0.00030309159645649136
FCVT,FIRST TR EXCHANGE-TRADED FD,33739Q507,234000.0,5481,0.00030309159645649136
GENI,GENIUS SPORTS LIMITED,G3934V109,234000.0,18891,0.00030309159645649136
OAIM,UNIFIED SER TR,90470L444,234000.0,5806,0.00030309159645649136
MUR,MURPHY OIL CORP,626717102,234000.0,8252,0.00030309159645649136
FINV,FINVOLUTION GROUP,31810T101,233000.0,31585,0.00030179633322377134
VICR,VICOR CORP,925815102,233000.0,4682,0.00030179633322377134
DKL,DELEK LOGISTICS PARTNERS LP,24664T103,233000.0,5106,0.00030179633322377134
REYN,REYNOLDS CONSUMER PRODS INC,76171L106,233000.0,9507,0.00030179633322377134
SEMI,COLUMBIA ETF TR I,19761L870,233000.0,7468,0.00030179633322377134
XIMR,FIRST TR EXCHNG TRADED FD VI,33740U620,233000.0,7461,0.00030179633322377134
LTBR,LIGHTBRIDGE CORP,53224K302,233000.0,11007,0.00030179633322377134
SNN,SMITH & NEPHEW PLC,83175M205,232000.0,6392,0.0003005010699910513
NMRK,NEWMARK GROUP INC,65158N102,232000.0,12437,0.0003005010699910513
PBFR,PGIM ROCK ETF TR,69420N692,232000.0,8100,0.0003005010699910513
VTLE,VITAL ENERGY INC,516806205,231000.0,13652,0.00029920580675833123
H,HYATT HOTELS CORP,448579102,230000.0,1620,0.00029791054352561115
PSR,INVESCO ACTIVELY MANAGED EXC,46090A101,230000.0,2479,0.00029791054352561115
BRX,BRIXMOR PPTY GROUP INC,11120U105,229000.0,8279,0.0002966152802928912
BRW,SABA CAPITAL INCOME & OPRNT,78518H202,229000.0,29523,0.0002966152802928912
QEMM,SPDR INDEX SHS FDS,78463X426,229000.0,3462,0.0002966152802928912
NYMT,ADAMAS TRUST INC.,649604840,227000.0,32560,0.000294024753827451
LEG,LEGGETT & PLATT INC,524660107,227000.0,25564,0.000294024753827451
ERIC,TELEFONAKTIEBOLAGET LM ERICS,294821608,226000.0,27321,0.000292729490594731
QURE,UNIQURE NV,N90064101,226000.0,3880,0.000292729490594731
BOOT,BOOT BARN HLDGS INC,099406100,226000.0,1365,0.000292729490594731
IAUX,I-80 GOLD CORP,44955L106,226000.0,236137,0.000292729490594731
RXRX,RECURSION PHARMACEUTICALS IN,75629V104,225000.0,46040,0.000291434227362011
ECF,ELLSWORTH GROWTH & INCOME FD,289074106,225000.0,19393,0.000291434227362011
YETI,YETI HLDGS INC,98585X104,225000.0,6789,0.000291434227362011
LEO,BNY MELLON STRATEGIC MUNS IN,05588W108,224000.0,35805,0.0002901389641292909
SWBI,SMITH & WESSON BRANDS INC,831754106,224000.0,22835,0.0002901389641292909
CADE,CADENCE BANK,12740C103,224000.0,5974,0.0002901389641292909
OII,OCEANEERING INTL INC,675232102,223000.0,8980,0.0002888437008965708
CAPR,CAPRICOR THERAPEUTICS INC,14070B309,223000.0,30860,0.0002888437008965708
PPI,INVESTMENT MANAGERS SER TR I,46141T117,222000.0,12121,0.0002875484376638508
SIHY,HARBOR ETF TRUST,41151J109,222000.0,4789,0.0002875484376638508
CWEN,CLEARWAY ENERGY INC,18539C204,222000.0,7868,0.0002875484376638508
VAMO,CAMBRIA ETF TR,132061888,222000.0,6648,0.0002875484376638508
SF,STIFEL FINL CORP,860630102,221000.0,1944,0.00028625317443113077
VC,VISTEON CORP,92839U206,221000.0,1846,0.00028625317443113077
QUVU,HARTFORD FDS EXCHANGE TRADED,41653L859,221000.0,8326,0.00028625317443113077
SCHJ,SCHWAB STRATEGIC TR,808524714,221000.0,8876,0.00028625317443113077
KIO,KKR INCOME OPPORTUNITIES FD,48249T106,221000.0,17521,0.00028625317443113077
STLA,STELLANTIS N.V,N82405106,220000.0,23600,0.0002849579111984107
COFS,CHOICEONE FINL SVCS INC,170386106,220000.0,7596,0.0002849579111984107
SHYL,DBX ETF TR,233051283,220000.0,4836,0.0002849579111984107
CART,MAPLEBEAR INC,565394103,220000.0,5976,0.0002849579111984107
HESM,HESS MIDSTREAM LP,428103105,219000.0,6352,0.0002836626479656906
MMSC,FIRST TR EXCHNG TRADED FD VI,33740U794,219000.0,9435,0.0002836626479656906
BSVO,EA SERIES TRUST,02072L532,219000.0,9660,0.0002836626479656906
GEO,GEO GROUP INC NEW,36162J106,218000.0,10643,0.00028236738473297064
ACMR,ACM RESH INC,00108J109,218000.0,5575,0.00028236738473297064
CIVB,CIVISTA BANCSHARES INC,178867107,217000.0,10707,0.00028107212150025056
TSLY,TIDAL TRUST II,88636J444,217000.0,22997,0.00028107212150025056
REM,ISHARES TR,46435G342,217000.0,9889,0.00028107212150025056
COMM,COMMSCOPE HLDG CO INC,20337X109,216000.0,13960,0.0002797768582675305
MITK,MITEK SYS INC,606710200,216000.0,22140,0.0002797768582675305
BLCO,BAUSCH PLUS LOMB CORP,071705107,216000.0,14355,0.0002797768582675305
ARDX,ARDELYX INC,039697107,215000.0,39032,0.00027848159503481045
SFL,SFL CORPORATION LTD,G7738W106,215000.0,28584,0.00027848159503481045
BELT,BLACKROCK ETF TRUST,09290C814,215000.0,6465,0.00027848159503481045
APPS,DIGITAL TURBINE INC,25400W102,215000.0,33606,0.00027848159503481045
LKFN,LAKELAND FINL CORP,511656100,214000.0,3328,0.0002771863318020904
PIM,PUTNAM MASTER INTER INCOME T,746909100,214000.0,62283,0.0002771863318020904
AMBA,AMBARELLA INC,G037AX101,214000.0,2590,0.0002771863318020904
EPRF,INNOVATOR ETFS TRUST,45783Y822,213000.0,11645,0.00027589106856937035
XPGPX,PIMCO GLOBAL STOCKSPLS INCM,722011103,213000.0,24931,0.00027589106856937035
GNMA,ISHARES TR,46429B333,212000.0,4790,0.00027459580533665027
WLY,WILEY JOHN & SONS INC,968223206,212000.0,5239,0.00027459580533665027
SBLK,STAR BULK CARRIERS CORP.,Y8162K204,212000.0,11416,0.00027459580533665027
NSZ,NETSCOUT SYS INC,64115T104,212000.0,8191,0.00027459580533665027
PEBO,PEOPLES BANCORP INC,709789101,212000.0,7053,0.00027459580533665027
IHG,INTERCONTINENTAL HOTELS GROU,45857P806,212000.0,1748,0.00027459580533665027
BWG,BRANDYWINEGBL GBL INCM OPP F,10537L104,212000.0,24443,0.00027459580533665027
XJR,ISHARES TR,46436E544,211000.0,4946,0.0002733005421039303
TPH,TRI POINTE HOMES INC,87265H109,211000.0,6210,0.0002733005421039303
LOPE,GRAND CANYON ED INC,38526M106,211000.0,959,0.0002733005421039303
SURE,ADVISORSHARES TR,00768Y818,210000.0,1697,0.0002720052788712102
NIC,NICOLET BANKSHARES INC,65406E102,210000.0,1563,0.0002720052788712102
AAON,AAON INC,000360206,210000.0,2253,0.0002720052788712102
AMPH,AMPHASTAR PHARMACEUTICALS IN,03209R103,209000.0,7860,0.00027071001563849014
NHS,NEUBERGER BERMAN HIGH YIELD,64128C106,209000.0,27924,0.00027071001563849014
ATGE,ADTALEM GLOBAL ED INC,00737L103,209000.0,1351,0.00027071001563849014
SMHX,VANECK ETF TRUST,92189H664,209000.0,5449,0.00027071001563849014
MMTM,SPDR SERIES TRUST,78468R705,209000.0,732,0.00027071001563849014
TAGG,T ROWE PRICE ETF INC,87283Q602,208000.0,4830,0.0002694147524057701
LSCC,LATTICE SEMICONDUCTOR CORP,518415104,208000.0,2841,0.0002694147524057701
RCI,ROGERS COMMUNICATIONS INC,775109200,207000.0,6012,0.0002681194891730501
NVTS,NAVITAS SEMICONDUCTOR CORP,63942X106,207000.0,28669,0.0002681194891730501
UFO,PROCURE ETF TRUST II,74280R205,207000.0,5816,0.0002681194891730501
SLDP,SOLID POWER INC,83422N105,207000.0,59625,0.0002681194891730501
NIM,NUVEEN SELECT MAT MUN FD,67061T101,207000.0,22318,0.0002681194891730501
IDE,VOYA INFRASTRUCTURE INDLS &,92912X101,207000.0,17078,0.0002681194891730501
BBW,BUILD-A-BEAR WORKSHOP INC,120076104,207000.0,3171,0.0002681194891730501
SFBS,SERVISFIRST BANCSHARES INC,81768T108,206000.0,2558,0.00026682422594033
UUP,INVESCO DB US DLR INDEX TR,46141D203,206000.0,7478,0.00026682422594033
GSIT,GSI TECHNOLOGY INC,36241U106,206000.0,55854,0.00026682422594033
AMC,AMC ENTMT HLDGS INC,00165C302,206000.0,71069,0.00026682422594033
FDLS,NORTHERN LTS FD TR IV,66538H187,206000.0,5901,0.00026682422594033
ESI,ELEMENT SOLUTIONS INC,28618M106,205000.0,8127,0.00026552896270760993
SXI,STANDEX INTL CORP,854231107,205000.0,966,0.00026552896270760993
NBOS,NEUBERGER BERMAN ETF TRUST,64135A705,204000.0,7589,0.00026423369947488996
SATS,ECHOSTAR CORP,278768106,204000.0,2667,0.00026423369947488996
CVE,CENOVUS ENERGY INC,15135U109,203000.0,11938,0.0002629384362421699
ESAB,ESAB CORPORATION,29605J106,203000.0,1817,0.0002629384362421699
KMPR,KEMPER CORP,488401100,203000.0,3934,0.0002629384362421699
ITEQ,AMPLIFY ETF TR,032108599,202000.0,3451,0.0002616431730094498
DK,DELEK US HLDGS INC NEW,24665A103,202000.0,6268,0.0002616431730094498
RDN,RADIAN GROUP INC,750236101,201000.0,5540,0.0002603479097767298
SCMB,SCHWAB STRATEGIC TR,808524649,201000.0,7844,0.0002603479097767298
PSTL,POSTAL REALTY TRUST INC,73757R102,200000.0,12752,0.00025905264654400975
SPPP,SPROTT ASSET MANAGEMENT LP,85207Q104,200000.0,14758,0.00025905264654400975
CAN,CANAAN INC,134748102,200000.0,226903,0.00025905264654400975
BSM,BLACK STONE MINERALS L P,09225M101,198000.0,15047,0.0002564621200785696
CMP,COMPASS MINERALS INTL INC,20451N101,196000.0,10225,0.00025387159361312954
VBF,INVESCO BD FD,46132L107,195000.0,12344,0.00025257633038040946
N/A,GORILLA TECHNOLOGY GROUP INC,G4000K175,195000.0,10548,0.00025257633038040946
OTF,BLUE OWL TECHNOLOGY FIN CORP,095924106,194000.0,14059,0.00025128106714768944
EGAN,EGAIN CORP,28225C806,193000.0,22108,0.0002499858039149694
HIO,WESTERN ASSET HIGH INCOME OP,95766K109,192000.0,50112,0.00024869054068224933
AURA,AURA BIOSCIENCES INC,05153U107,191000.0,30852,0.00024739527744952925
HONE,HARBORONE BANCORP INC NEW,41165Y100,191000.0,14023,0.00024739527744952925
TSHA,TAYSHA GENE THERAPIES INC,877619106,191000.0,58257,0.00024739527744952925
CLBK,COLUMBIA FINL INC,197641103,190000.0,12626,0.0002461000142168092
XFLT,XAI OCTAGN FLT RAT & ALT INM,98400T106,190000.0,35875,0.0002461000142168092
BLW,BLACKROCK LTD DURATION INCOM,09249W101,189000.0,13532,0.0002448047509840892
BGT,BLACKROCK FLOATING RATE INC,091941104,189000.0,15564,0.0002448047509840892
RSBT,TIDAL TRUST II,88636J105,189000.0,10834,0.0002448047509840892
NEOG,NEOGEN CORP,640491106,188000.0,32871,0.00024350948775136912
NB,NIOCORP DEVS LTD,654484609,187000.0,27945,0.00024221422451864912
LAND,GLADSTONE LD CORP,376549101,186000.0,20255,0.00024091896128592904
CRON,CRONOS GROUP INC,22717L101,184000.0,66300,0.00023832843482048894
GUG,GUGGENHEIM ACTIVE ALLOC FD,40170T106,183000.0,11705,0.00023703317158776891
BANC,BANC OF CALIFORNIA INC,05990K106,183000.0,11046,0.00023703317158776891
PGEN,PRECIGEN INC,74017N105,182000.0,55398,0.00023573790835504886
ERII,ENERGY RECOVERY INC,29270J100,182000.0,11793,0.00023573790835504886
UPXI,UPEXI INC,39959A205,181000.0,31325,0.00023444264512232878
GRX,GABELLI HLTHCARE & WELLNESS,36246K103,180000.0,19818,0.00023314738188960879
IBRX,IMMUNITYBIO INC,45256X103,178000.0,72496,0.00023055685542416865
YEXT,YEXT INC,98585N106,177000.0,20777,0.0002292615921914486
CLNE,CLEAN ENERGY FUELS CORP,184499101,176000.0,68120,0.00022796632895872858
FSM,FORTUNA MNG CORP,349942102,176000.0,19600,0.00022796632895872858
KODK,EASTMAN KODAK CO,277461406,174000.0,27128,0.00022537580249328844
T,TELUS CORPORATION,87971M103,174000.0,11035,0.00022537580249328844
N/A,WEBULL CORP,G9572D103,173000.0,11710,0.00022408053926056842
IGA,VOYA GLBL ADV & PREM OPP FD,92912R104,173000.0,17471,0.00022408053926056842
INDI,INDIE SEMICONDUCTOR INC,45569U101,173000.0,42562,0.00022408053926056842
MNMD,MIND MEDICINE MINDMED INC,60255C885,172000.0,14550,0.00022278527602784837
VFF,VILLAGE FARMS INTL INC,92707Y108,172000.0,54816,0.00022278527602784837
GOOD,GLADSTONE COMMERCIAL CORP,376536108,171000.0,13913,0.00022149001279512831
LCTX,LINEAGE CELL THERAPEUTICS IN,53566P109,171000.0,100922,0.00022149001279512831
GGZ,GABELLI GLOBAL SMALL & MID C,36249W104,170000.0,11753,0.00022019474956240826
NML,NEUBERGER BERMAN ENERGY INFR,64129H104,170000.0,19527,0.00022019474956240826
GPRK,GEOPARK LTD,G38327105,169000.0,26514,0.00021889948632968824
ACVA,ACV AUCTIONS INC,00091G104,168000.0,16964,0.00021760422309696819
SNDX,SYNDAX PHARMACEUTICALS INC,87164F105,168000.0,10906,0.00021760422309696819
ADT,ADT INC DEL,00090Q103,168000.0,19328,0.00021760422309696819
NMT,NUVEEN MASSACHUSETS QLT MUN,67061E104,168000.0,14449,0.00021760422309696819
SHBI,SHORE BANCSHARES INC,825107105,167000.0,10183,0.0002163089598642481
ACB,AURORA CANNABIS INC,05156X850,167000.0,28041,0.0002163089598642481
MTW,MANITOWOC CO INC,563571405,166000.0,16538,0.00021501369663152808
DBRG,DIGITALBRIDGE GROUP INC,25401T603,165000.0,14073,0.00021371843339880803
BLDP,BALLARD PWR SYS INC NEW,058586108,165000.0,60783,0.00021371843339880803
TWO,TWO HBRS INVT CORP,90187B804,164000.0,16613,0.00021242317016608798
VGZ,VISTA GOLD CORP,927926303,160000.0,75170,0.00020724211723520777
COLD,AMERICOLD REALTY TRUST INC,03064D108,159000.0,12975,0.00020594685400248774
BFZ,BLACKROCK CALIF MUN INCOME T,09248E102,159000.0,14476,0.00020594685400248774
EDA,EDAP TMS S A,268311107,158000.0,69160,0.0002046515907697677
AKAM 0.375 09/01/27,AKAMAI TECHNOLOGIES INC,00971TAL5,158000.0,165000,0.0002046515907697677
MHF,WESTERN ASSET MUN HIGH INCOM,95766N103,156000.0,21593,0.00020206106430432756
TFSL,TFS FINL CORP,87240R107,156000.0,11811,0.00020206106430432756
NPV,NUVEEN VIRGINIA QLTY MUNCPL,67064R102,155000.0,13402,0.00020076580107160756
PGZ,PRINCIPAL REAL ESTATE INCOME,74255X104,155000.0,14805,0.00020076580107160756
YMAX,TIDAL TRUST II,88636J659,154000.0,11983,0.00019947053783888748
CXM,SPRINKLR INC,85208T107,152000.0,19680,0.0001968800113734474
OGCP,EMPIRE ST RLTY OP L P,292102209,152000.0,20193,0.0001968800113734474
APLE,APPLE HOSPITALITY REIT INC,03784Y200,152000.0,12695,0.0001968800113734474
AUPH,AURINIA PHARMACEUTICALS INC,05156V102,151000.0,13634,0.00019558474814072735
EBS,EMERGENT BIOSOLUTIONS INC,29089Q105,151000.0,17117,0.00019558474814072735
GDRX,GOODRX HLDGS INC,38246G108,151000.0,35804,0.00019558474814072735
INMD,INMODE LTD,M5425M103,149000.0,10019,0.00019299422167528722
LPRO,OPEN LENDING CORP,68373J104,148000.0,70100,0.00019169895844256722
BYM,BLACKROCK MUN INCOME QUALITY,092479104,145000.0,13236,0.00018781316874440704
RGT,ROYCE GLOBAL TRUST INC,78081T104,144000.0,11083,0.000186517905511687
UNG,UNITED STS NAT GAS FD LP,912318409,144000.0,11001,0.000186517905511687
AESI,ATLAS ENERGY SOLUTIONS INC,642045108,142000.0,12509,0.0001839273790462469
MQ,MARQETA INC,57142B104,142000.0,26971,0.0001839273790462469
VTN,INVESCO TR INVT GRADE NEW YO,46131T101,140000.0,12670,0.0001813368525808068
VENU,VENU HLDG CORP,92333E104,140000.0,10915,0.0001813368525808068
OCTO,EIGHTCO HOLDINGS INC,22890A302,139000.0,15178,0.00018004158934808678
SGHC,SUPER GROUP SGHC LIMITED,G8588X103,139000.0,10501,0.00018004158934808678
VKI,INVESCO ADVANTAGE MUN INCOME,46132E103,138000.0,15765,0.0001787463261153667
DHY,CREDIT SUISSE HIGH YIELD CRE,22544F103,138000.0,66824,0.0001787463261153667
PHD,PIONEER FLOATING RATE FUND I,72369J102,136000.0,13604,0.00017615579964992662
DVAX,DYNAVAX TECHNOLOGIES CORP,268158201,136000.0,13741,0.00017615579964992662
PYXS,PYXIS ONCOLOGY INC,747324101,136000.0,61155,0.00017615579964992662
LPTH,LIGHTPATH TECHNOLOGIES INC,532257805,135000.0,17080,0.00017486053641720657
EURN,CMB.TECH NV,B38564108,135000.0,14368,0.00017486053641720657
BV,BRIGHTVIEW HLDGS INC,10948C107,135000.0,10046,0.00017486053641720657
EHI,WESTERN ASSET GBL HIGH INC F,95766B109,132000.0,20044,0.00017097474671904644
FINS,ANGEL OAK FINL STRATEGIES IN,03464A100,132000.0,10040,0.00017097474671904644
TAIL,CAMBRIA ETF TR,132061862,131000.0,11093,0.00016967948348632636
NEXT,NEXTDECADE CORP,65342K105,130000.0,19131,0.00016838422025360633
DHC,DIVERSIFIED HEALTHCARE TR,25525P107,130000.0,29577,0.00016838422025360633
WHF,WHITEHORSE FIN INC,96524V106,128000.0,18492,0.00016579369378816623
VINP,VINCI COMPASS INVESTMENTS LT,G9451V109,128000.0,11942,0.00016579369378816623
SIGA,SIGA TECHNOLOGIES INC,826917106,127000.0,13838,0.00016449843055544618
VVOS,VIVOS THERAPEUTICS INC,92859E207,127000.0,41000,0.00016449843055544618
ARHS,ARHAUS INC,04035M102,126000.0,11842,0.00016320316732272613
ONDS,ONDAS HLDGS INC,68236H204,126000.0,16330,0.00016320316732272613
SABR,SABRE CORP,78573M104,123000.0,67027,0.000159317377624566
MFG,MIZUHO FINANCIAL GROUP INC,60687Y109,123000.0,18373,0.000159317377624566
LND,BRASILAGRO COMPANHIA BRASILE,10554B104,122000.0,31555,0.00015802211439184592
EVLV,EVOLV TECHNOLOGIES HLDNGS IN,30049H102,121000.0,16068,0.0001567268511591259
OCUL,OCULAR THERAPEUTIX INC,67576A100,121000.0,10357,0.0001567268511591259
EOD,ALLSPRING GLOBAL DIVIDEND OP,94987C103,121000.0,21281,0.0001567268511591259
ASLE,AERSALE CORPORATION,00810F106,121000.0,14825,0.0001567268511591259
WNC,WABASH NATL CORP,929566107,120000.0,12175,0.00015543158792640584
OTLK,OUTLOOK THERAPEUTICS INC,69012T305,120000.0,113151,0.00015543158792640584
ASG,LIBERTY ALL-STAR GROWTH FD I,529900102,119000.0,21431,0.0001541363246936858
HIMX,HIMAX TECHNOLOGIES INC,43289P106,119000.0,13520,0.0001541363246936858
ASX,ASE TECHNOLOGY HLDG CO LTD,00215W100,118000.0,10634,0.00015284106146096576
MVF,BLACKROCK MUNIVEST FD INC,09253R105,115000.0,16737,0.00014895527176280558
IRBT,IROBOT CORP,462726100,115000.0,31939,0.00014895527176280558
ALTG,ALTA EQUIPMENT GROUP INC,02128L106,114000.0,15798,0.00014766000853008555
BGS,B & G FOODS INC NEW,05508R106,114000.0,25805,0.00014766000853008555
NUAI,NEW ERA ENERGY & DIGITAL INC,64428N109,114000.0,62000,0.00014766000853008555
DDD,3-D SYS CORP DEL,88554D205,112000.0,38706,0.00014506948206464545
IOVA,IOVANCE BIOTHERAPEUTICS INC,462260100,112000.0,51650,0.00014506948206464545
GOSS,GOSSAMER BIO INC,38341P102,112000.0,42671,0.00014506948206464545
FCO,ABRDN GLOBAL INCOME FUND INC,003013109,112000.0,37509,0.00014506948206464545
PFO,FLAHERTY & CRUMRINE PFD INCO,33848E106,111000.0,11364,0.0001437742188319254
KOS,KOSMOS ENERGY LTD,500688106,111000.0,66619,0.0001437742188319254
CODI,COMPASS DIVERSIFIED,20451Q104,110000.0,16608,0.00014247895559920534
SHIP,SEANERGY MARITIME HLDGS CORP,Y73760400,110000.0,13371,0.00014247895559920534
CIK,CREDIT SUISSE ASSET MGMT INC,224916106,110000.0,37647,0.00014247895559920534
HIX,WESTERN ASSET HIGH INCOM FD,95766J102,110000.0,25347,0.00014247895559920534
VTYX,VENTYX BIOSCIENCES INC,92332V107,109000.0,34960,0.00014118369236648532
CRBU,CARIBOU BIOSCIENCES INC,142038108,109000.0,46933,0.00014118369236648532
MMLP,MARTIN MIDSTREAM PRTNRS L P,573331105,109000.0,35747,0.00014118369236648532
CCLD,CARECLOUD INC,14167R100,108000.0,33495,0.00013988842913376524
XEADX,ALLSPRING INCOME OPPORTUNIT,94987B105,108000.0,15447,0.00013988842913376524
BFP,BANCO BBVA ARGENTINA S A,058934100,107000.0,12862,0.0001385931659010452
UWMC,UWM HOLDINGS CORPORATION,91823B109,106000.0,17366,0.00013729790266832513
UMC,UNITED MICROELECTRONICS CORP,910873405,105000.0,13914,0.0001360026394356051
FSLY,FASTLY INC,31188V100,103000.0,12073,0.000133412112970165
FPH,FIVE POINT HOLDINGS LLC,33833Q106,103000.0,16879,0.000133412112970165
PCM,PCM FD INC,69323T101,103000.0,15329,0.000133412112970165
BMBL,BUMBLE INC,12047B105,103000.0,16847,0.000133412112970165
CDXS,CODEXIS INC,192005106,102000.0,41690,0.00013211684973744498
ERC,ALLSPRING MULTI SECTOR INCOM,94987D101,101000.0,10566,0.0001308215865047249
NCA,NUVEEN CALIFORNIA MUNI VLU F,67062C107,101000.0,11330,0.0001308215865047249
MFM,MFS MUN INCOME TR,552738106,100000.0,18614,0.00012952632327200487
SNDL,SNDL INC,83307B101,98000.0,36421,0.00012693579680656477
MAPS,WM TECHNOLOGY INC,92971A109,95000.0,81566,0.0001230500071084046
QTRX,QUANTERIX CORP,74766Q101,95000.0,17465,0.0001230500071084046
LXP,LXP INDUSTRIAL TRUST,529043101,94000.0,10509,0.00012175474387568456
EDSA,EDESA BIOTECH INC,27966L306,93000.0,37548,0.00012045948064296452
ZNTL,ZENTALIS PHARMACEUTICALS INC,98943L107,92000.0,60987,0.00011916421741024447
VUZI,VUZIX CORP,92921W300,92000.0,29258,0.00011916421741024447
SGMO,SANGAMO THERAPEUTICS INC,800677106,92000.0,136324,0.00011916421741024447
DNUT,KRISPY KREME INC,50101L106,92000.0,23815,0.00011916421741024447
ADCT,ADC THERAPEUTICS SA,H0036K147,91000.0,22810,0.00011786895417752443
PDSB,PDS BIOTECHNOLOGY CORP,70465T107,91000.0,90497,0.00011786895417752443
MCN,XAI MADISON EQUITY PREMIUM I,557437100,90000.0,14635,0.00011657369094480439
XRX,XEROX HOLDINGS CORP,98421M106,89000.0,23647,0.00011527842771208433
BTQ,BTQ TECHNOLOGIES CORP,055869101,89000.0,12903,0.00011527842771208433
BIGC,COMMERCE.COM INC,08975P108,88000.0,17661,0.00011398316447936429
WEED,CANOPY GROWTH CORP,138035704,87000.0,59925,0.00011268790124664422
XTIA,XTI AEROSPACE INC,98423K405,87000.0,59325,0.00011268790124664422
N/A,LITHIUM ARGENTINA AG,H5012F103,86000.0,25813,0.00011139263801392418
TPVG,TRIPLEPOINT VENTURE GROWTH B,89677Y100,83000.0,14435,0.00010750684831576404
ONL,ORION PROPERTIES INC,68629Y103,83000.0,30763,0.00010750684831576404
ARQ,ARQ INC,00770C101,82000.0,11500,0.00010621158508304399
CLOV,CLOVER HEALTH INVESTMENTS CO,18914F103,81000.0,26310,0.00010491632185032395
CYH,COMMUNITY HEALTH SYS INC NEW,203668108,81000.0,25180,0.00010491632185032395
CODA,CODA OCTOPUS GROUP INC,19188U206,80000.0,10000,0.00010362105861760388
BHC,BAUSCH HEALTH COS INC,071734107,79000.0,12255,0.00010232579538488384
ASPN,ASPEN AEROGELS INC,04523Y105,79000.0,11352,0.00010232579538488384
LTRN,LANTERN PHARMA INC,51654W101,79000.0,18161,0.00010232579538488384
BLNK,BLINK CHARGING CO,09354A100,79000.0,48051,0.00010232579538488384
NSPR,INSPIREMD INC,45779A846,78000.0,32550,0.00010103053215216378
ABCL,ABCELLERA BIOLOGICS INC,00288U106,77000.0,15210,9.973526891944374e-05
EDIT,EDITAS MEDICINE INC,28106W103,77000.0,22064,9.973526891944374e-05
VYGR,VOYAGER THERAPEUTICS INC,92915B106,77000.0,16477,9.973526891944374e-05
HRTX,HERON THERAPEUTICS INC,427746102,76000.0,60046,9.84400056867237e-05
CONY,TIDAL TRUST II,88634T824,73000.0,10538,9.455421598856356e-05
GNLX,GENELUX CORPORATION,36870H103,72000.0,17083,9.32589527558435e-05
XNROX,NEUBERGER BERMAN REAL ESTATE,64190A103,72000.0,22156,9.32589527558435e-05
LXEO,LEXEO THERAPEUTICS INC,52886X107,72000.0,10890,9.32589527558435e-05
HYLN,HYLIION HOLDINGS CORP,449109107,72000.0,36733,9.32589527558435e-05
CPSH,CPS TECHNOLOGIES CORP,12619F104,71000.0,19833,9.196368952312345e-05
VERI,VERITONE INC,92347M100,68000.0,14038,8.807789982496331e-05
BVS,BIOVENTUS INC,09075A108,67000.0,10086,8.678263659224326e-05
SLDB,SOLID BIOSCIENCES INC,83422E204,67000.0,10852,8.678263659224326e-05
GRNT,GRANITE RIDGE RESOURCES INC,387432107,67000.0,12404,8.678263659224326e-05
FTF,FRANKLIN LTD DURATION INCOME,35472T101,67000.0,10507,8.678263659224326e-05
BTBT,BIT DIGITAL INC,G1144A105,66000.0,22098,8.548737335952322e-05
AKBA,AKEBIA THERAPEUTICS INC,00972D105,65000.0,23724,8.419211012680317e-05
DNN,DENISON MINES CORP,248356107,65000.0,23764,8.419211012680317e-05
BB,BLACKBERRY LTD,09228F103,64000.0,13145,8.289684689408311e-05
TEF,TELEFONICA S A,879382208,64000.0,12659,8.289684689408311e-05
REAX,THE REAL BROKERAGE INC,75585H206,64000.0,15354,8.289684689408311e-05
PTEN,PATTERSON-UTI ENERGY INC,703481101,63000.0,12091,8.160158366136306e-05
GEVO,GEVO INC,374396406,63000.0,32390,8.160158366136306e-05
MIN,MFS INTER INCOME TR,55273C107,62000.0,23123,8.030632042864301e-05
DVLT,DATAVAULT AI INC,86633R609,62000.0,56521,8.030632042864301e-05
GCI,GANNETT CO INC,36472T109,62000.0,15047,8.030632042864301e-05
VRAR,GLIMPSE GROUP INC,37892C106,61000.0,37150,7.901105719592296e-05
COTY,COTY INC,222070203,60000.0,14775,7.771579396320292e-05
NXDT,NEXPOINT DIVERSIFIED REL ET,65340G205,60000.0,16376,7.771579396320292e-05
CRDF,CARDIFF ONCOLOGY INC,14147L108,59000.0,28465,7.642053073048288e-05
VVR,INVESCO SR INCOME TR,46131H107,57000.0,16510,7.383000426504278e-05
ALDX,ALDEYRA THERAPEUTICS INC,01438T106,57000.0,10904,7.383000426504278e-05
GAU,GALIANO GOLD INC,36352H100,55000.0,25016,7.123947779960267e-05
SRFM,SURF AIR MOBILITY INC,868927203,55000.0,12854,7.123947779960267e-05
EVGO,EVGO INC,30052F100,55000.0,11696,7.123947779960267e-05
IXHL,INCANNEX HEALTHCARE INC,45333F109,53000.0,113500,6.864895133416257e-05
SENS,SENSEONICS HLDGS INC,81727U105,53000.0,122335,6.864895133416257e-05
ATAI,ATAI LIFE SCIENCES NV,N0731H103,53000.0,10017,6.864895133416257e-05
CVV,CVD EQUIP CORP,126601103,53000.0,15890,6.864895133416257e-05
NNDM,NANO DIMENSION LTD,63008G203,52000.0,33132,6.735368810144253e-05
N/A,REZOLVE AI PLC,G75398100,52000.0,10530,6.735368810144253e-05
MVST,MICROVAST HOLDINGS INC,59516C106,51000.0,13160,6.605842486872249e-05
QSI,QUANTUM SI INC,74765K105,51000.0,36179,6.605842486872249e-05
CCO,CLEAR CHANNEL OUTDOOR HLDGS,18453H106,50000.0,31504,6.476316163600244e-05
LXRX,LEXICON PHARMACEUTICALS INC,528872302,48000.0,35738,6.217263517056233e-05
RC,READY CAPITAL CORP,75574U101,47000.0,12051,6.087737193784228e-05
HLLY,HOLLEY INC,43538H103,47000.0,15000,6.087737193784228e-05
CCCC,C4 THERAPEUTICS INC,12529R107,46000.0,20510,5.9582108705122235e-05
ESPR,ESPERION THERAPEUTICS INC NE,29664W105,46000.0,17509,5.9582108705122235e-05
OMEX,ODYSSEY MARINE EXPL INC,676118201,46000.0,23738,5.9582108705122235e-05
SWAG,STRAN & COMPANY INC,86260J102,44000.0,26605,5.6991582239682144e-05
TARA,PROTARA THERAPEUTICS INC,74365U107,44000.0,10000,5.6991582239682144e-05
DEFI,DEFI TECHNOLOGIES INC,244916102,44000.0,20746,5.6991582239682144e-05
MIRA,MIRA PHARMACEUTICALS INC,60458C104,41000.0,30187,5.3105792541521994e-05
BRLT,BRILLIANT EARTH GROUP INC,109504100,40000.0,19423,5.181052930880194e-05
HNST,HONEST CO INC,438333106,40000.0,11002,5.181052930880194e-05
ATOS,ATOSSA THERAPEUTICS INC,04962H506,40000.0,46001,5.181052930880194e-05
TNYA,TENAYA THERAPEUTICS INC,87990A106,40000.0,24950,5.181052930880194e-05
TBLA,TABOOLA.COM LTD,M8744T106,39000.0,11300,5.051526607608189e-05
ALXO,ALX ONCOLOGY HLDGS INC,00166B105,38000.0,20572,4.922000284336185e-05
SCNX,SCIENTURE HLDGS INC,80880X104,37000.0,43798,4.7924739610641805e-05
ONC,ONCOLYTICS BIOTECH INC,682310875,35000.0,25114,4.53342131452017e-05
HUMA,HUMACYTE INC,44486Q103,34000.0,19657,4.4038949912481655e-05
CREX,CREATIVE REALITIES INC,22530J309,34000.0,15000,4.4038949912481655e-05
CHGG,CHEGG INC,163092109,34000.0,22429,4.4038949912481655e-05
IMMX,IMMIX BIOPHARMA INC,45258H106,34000.0,16040,4.4038949912481655e-05
NFE,NEW FORTRESS ENERGY INC,644393100,32000.0,14457,4.144842344704156e-05
DYAI,DYADIC INTL INC DEL,26745T101,31000.0,26379,4.0153160214321505e-05
LAZR,LUMINAR TECHNOLOGIES INC,550424303,31000.0,16204,4.0153160214321505e-05
POWW,OUTDOOR HOLDING CO,00175J107,31000.0,21252,4.0153160214321505e-05
HYPR,HYPERFINE INC,44916K106,30000.0,20410,3.885789698160146e-05
BRCC,BRC INC,05601U105,30000.0,19295,3.885789698160146e-05
CBUS,CIBUS INC,17166A101,29000.0,22853,3.7562633748881414e-05
ALTS,ALT5 SIGMA CORP,47089W104,28000.0,10382,3.626737051616136e-05
SURG,SURGEPAYS INC,86882L204,28000.0,10000,3.626737051616136e-05
PROP,PRAIRIE OPER CO,739650109,27000.0,13530,3.497210728344131e-05
SLS,SELLAS LIFE SCIENCES GROUP I,81642T209,26000.0,15854,3.3676844050721264e-05
NRSN,NEUROSENSE THERAPEUTICS LTD,M74240108,26000.0,21080,3.3676844050721264e-05
MDCX,MEDICUS PHARMA LTD,58471K202,25000.0,10882,3.238158081800122e-05
FLNT,FLUENT INC,34380C201,25000.0,11112,3.238158081800122e-05
WTI,W & T OFFSHORE INC,92922P106,24000.0,13035,3.1086317585281166e-05
BCDA,BIOCARDIA INC,09060U606,24000.0,18283,3.1086317585281166e-05
WRAP,WRAP TECHNOLOGIES INC,98212N107,24000.0,11006,3.1086317585281166e-05
GPRO,GOPRO INC,38268T103,23000.0,10768,2.9791054352561118e-05
GERN,GERON CORP,374163103,22000.0,15840,2.8495791119841072e-05
YCBD,CBDMD INC,12482W408,20000.0,16255,2.590526465440097e-05
HAE 0 03/01/26,HAEMONETICS CORP MASS,405024AB6,20000.0,20000,2.590526465440097e-05
BENF,BENEFICIENT,08178Q309,20000.0,21212,2.590526465440097e-05
LGVN,LONGEVERON INC,54303L203,19000.0,25155,2.4610001421680925e-05
N/A,SUNRISE NEW ENERGY CO LTD,G3932F106,19000.0,13781,2.4610001421680925e-05
N/A,ARBE ROBOTICS LTD,M1R95N100,19000.0,11503,2.4610001421680925e-05
MVIS,MICROVISION INC DEL,594960304,18000.0,14175,2.3314738188960876e-05
BCAB,BIOATLA INC,09077B104,17000.0,25300,2.2019474956240828e-05
PSNY,POLESTAR AUTOMOTIVE HLDG UK,731105201,17000.0,17921,2.2019474956240828e-05
CGEN,COMPUGEN LTD,M25722105,17000.0,11706,2.2019474956240828e-05
IGC,IGC PHARMA INC,45408X308,15000.0,34948,1.942894849080073e-05
JOB,GEE GROUP INC,36165A102,14000.0,66200,1.813368525808068e-05
LNAI,LUNAI BIOWORKS INC,29350E203,14000.0,10157,1.813368525808068e-05
TRIB,TRINITY BIOTECH PLC,896438504,13000.0,12600,1.6838422025360632e-05
RMTI,ROCKWELL MED INC,774374300,12000.0,10084,1.5543158792640583e-05
CRDL,CARDIOL THERAPEUTICS INC,14161Y200,11000.0,10600,1.4247895559920536e-05
TOMZ,TOMI ENVIRONMENTAL SOLUTIONS,890023203,11000.0,11059,1.4247895559920536e-05
WWR,WESTWATER RES INC,961684206,10000.0,10360,1.2952632327200485e-05
UTF-R,COHEN & STEERS INFRASTRUCTUR,19248A117,9000.0,115804,1.1657369094480438e-05
TRX,TRX GOLD CORPORATION,87283P109,9000.0,14000,1.1657369094480438e-05
AIRE,REALPHA TECH CORP,75607T105,8000.0,10800,1.036210586176039e-05
RVPH,REVIVA PHARMACEUTCLS HLDGS I,76152G100,7000.0,20261,9.06684262904034e-06
FLYE,FLY E GROUP INC,343927208,7000.0,10000,9.06684262904034e-06
VYNE,VYNE THERAPEUTICS INC,92941V308,6000.0,18298,7.771579396320292e-06
PMN,PROMIS NEUROSCIENCES INC,74346M406,5000.0,11447,6.476316163600243e-06
NVVE,NUVVE HOLDING CORP,67079Y308,4000.0,19001,5.181052930880195e-06
ISPOW,INSPIRATO INCORPORATED,45791E115,0.0,30000,0.0
EMO-R,CLEARBRIDGE ENERGY MIDSTRM O,18469P118,0.0,15186,0.0
RIV-R,RIVERNORTH OPPORTUNITIES FD,76881Y174,0.0,24141,0.0
