ticker,nameOfIssuer,cusip,value,shares,allocation_percent
IWM,Ishares Russell 2000 Etf - US ETP,464287655,5103269600000.0,20577700,9.472574171192587
IWM,Ishares Russell 2000 Etf - US ETP,464287655,2975504000000.0,11998000,5.52306355452595
QQQ,Invesco Qqq Trust Series 1 - US ETP,46090E103,2112305646000.0,3659700,3.9208141980121667
QQQ,Invesco Qqq Trust Series 1 - US ETP,46090E103,1319260326000.0,2285700,2.4487813242605703
SPY,State Street SPDR S&P 500 ETF Trust - US ETP,78462F103,1112081400000.0,1710000,2.0642204648376192
XLE,State Street Energy Select Sector SPDR ETF - US ET,81369Y506,732375552000.0,11955200,1.3594190158968111
SPY,State Street SPDR S&P 500 ETF Trust - US ETP,78462F103,727803948000.0,1119113,1.3509333074460328
NVDA,Nvidia Corp - US,67066G104,684903680000.0,3927200,1.2713027955494949
GLD,Spdr Gold Shares - US ETP,78463V107,574824411000.0,1335900,1.0669761340082036
GLD,Spdr Gold Shares - US ETP,78463V107,532311759000.0,1237100,0.9880651062067135
XLF,State Street Financial Select Sector SPDR ETF - US,81369Y605,431582666000.0,8741800,0.8010940309103083
KRE,State Street SPDR S&P Regional Banking ETF - US ET,78464A698,395480045000.0,6070300,0.7340811583791461
EEM,Ishares Msci Emerging Markets Etf - US ETP,464287234,385456446000.0,6787400,0.7154755795185286
EEM,Ishares Msci Emerging Markets Etf - US ETP,464287234,367789077000.0,6476300,0.6826818068237981
FXI,Ishares China Large-Cap Etf - US ETP,464287184,366366680000.0,10205200,0.6800415855265769
TSLA,Tesla Inc - US,88160R101,347437550000.0,934600,0.6449057604623579
TSM,Taiwan Semiconductor Manufacturing Co Ltd - US ADR,874039100,332171055000.0,982900,0.6165684360494676
XLE,State Street Energy Select Sector SPDR ETF - US ET,81369Y506,331294080000.0,5408000,0.6149406147927224
XLU,State Street Utilities Select Sector SPDR ETF - US,81369Y886,326622075000.0,7117500,0.6062685442654897
BABA,Alibaba Group Holding Ltd - US ADR,01609W102,300012498000.0,2391300,0.5568764463452544
NVDA,Nvidia Corp - US,67066G104,278987680000.0,1599700,0.5178506523835116
AMZN,Amazon.Com Inc - US,023135106,277103235000.0,1330500,0.5143527879880988
EA,Electronic Arts Inc - US,285512109,275658743000.0,1352130,0.5116715544491741
SMH,Vaneck Semiconductor Etf - US ETP,92189F676,262897380000.0,685700,0.48798419967116813
MSFT,Microsoft Corp - US,594918104,251345430000.0,679000,0.46654173008325767
MSFT,Microsoft Corp - US,594918104,249618587000.0,674335,0.46333640297306444
META,Meta Platforms Inc - US,30303M102,239779683000.0,419100,0.445073650814479
FXI,Ishares China Large-Cap Etf - US ETP,464287184,239122720000.0,6660800,0.443854210880279
XLK,State Street Technology Select Sector SPDR ETF - U,81369Y803,231937080000.0,1745200,0.43051638764094075
XLF,State Street Financial Select Sector SPDR ETF - US,81369Y605,220570349000.0,4467700,0.4094177173920685
XOP,State Street SPDR S&P Oil & Gas Exploration & Prod,78468R556,219905202000.0,1209400,0.40818308650126744
MU,Micron Technology Inc - US,595112103,218717616000.0,647400,0.40597871609730724
TSLA,Tesla Inc - US,88160R101,217368917000.0,584718,0.40347529136895
WBS,Webster Financial Corp - US,947890109,213800896000.0,3079817,0.39685241109492475
MSFT,Microsoft Corp - US,594918104,203519466000.0,549800,0.3777682521351621
AAPL,Apple Inc - US,037833100,203420045000.0,801529,0.37758370911265077
WBD,Warner Bros Discovery Inc - A,934423104,193732689000.0,7055087,0.35960225694074366
KVUE,Kenvue Inc - US,49177J102,191857047000.0,11128599,0.35612073247579984
GOOGL,"Alphabet, Inc.",02079K305,188179264000.0,654400,0.3492941144478102
XOM,Exxon Mobil Corp - US,30231G102,185896462000.0,1095700,0.34505682875489946
AMZN,Amazon.Com Inc - US,023135106,185798708000.0,892105,0.3448753799802686
NSC,Norfolk Southern Corp - US,655844108,181290725000.0,631675,0.33650776339775934
SEE,Sealed Air Corp - US,81211K100,179466961000.0,4267942,0.33312253370878686
BABA,Alibaba Group Holding Ltd - US ADR,01609W102,178830684000.0,1425400,0.33194149066220274
META,Meta Platforms Inc - US,30303M102,178676199000.0,312300,0.33165473908222814
NVDA,Nvidia Corp - US,67066G104,171711275000.0,984583,0.31872660391438995
AMD,Advanced Micro Devices Inc - US,007903107,168704499000.0,829300,0.3131454939773093
UNH,Unitedhealth Group Inc - US,91324P102,167603446000.0,619400,0.3111017441803332
HOLX,Hologic Inc - US,436440101,166056414000.0,2196804,0.3082301782012973
GOOGL,"Alphabet, Inc.",02079K305,162028270000.0,563459,0.300753227970754
GLW,Corning Inc - US,219350105,148003345000.0,1088500,0.27472047784759507
TECK,Teck Resources Ltd - US Class B,878742204,147417689000.0,2848651,0.2736333963618739
NFLX,Netflix Inc - US,64110L106,146503755000.0,1523700,0.2719369726411724
JPM,Jpmorgan Chase & Co - US,46625H100,143639505000.0,488304,0.26662041625743
QQQ,Invesco Qqq Trust Series 1 - US ETP,46090E103,139814929000.0,242238,0.25952132436674036
TLT,ISHARES TR,464287432,139458203000.0,1608700,0.258859177594445
AAPL,Apple Inc - US,037833100,138340929000.0,545100,0.2567853187423583
PEN,Penumbra Inc - US,70975L107,134998818000.0,411118,0.2505817675257307
CVX,Chevron Corp - US,166764100,134402240000.0,649600,0.24947441286943317
GOOGL,"Alphabet, Inc.",02079K305,133974204000.0,465900,0.24867990208012652
SLV,Ishares Silver Trust - US ETP,46428Q109,133963240000.0,1966000,0.2486595509500955
GS,Goldman Sachs Group Inc/The - US,38141G104,132228237000.0,156300,0.2454390774315611
UNH,Unitedhealth Group Inc - US,91324P102,131608211000.0,486375,0.2442881991254125
IVV,Ishares Core S&P 500 Etf - US ETP,464287200,127087884000.0,194559,0.23589766988793218
META,Meta Platforms Inc - US,30303M102,121288699000.0,211995,0.2251333532143691
MU,Micron Technology Inc - US,595112103,120091309000.0,355468,0.22291078484626947
GLD,Spdr Gold Shares - US ETP,78463V107,116136132000.0,269902,0.21556927431884312
LLY,Eli Lilly & Co - US,532457108,114669565000.0,124672,0.21284706566176503
TJX,Tjx Cos Inc/The - US,872540109,112640882000.0,705328,0.20908146993714616
XLK,State Street Technology Select Sector SPDR ETF - U,81369Y803,110838600000.0,834000,0.2057361146530739
AMD,Advanced Micro Devices Inc - US,007903107,108956294000.0,535596,0.20224222062131808
BA,Boeing Co/The - US,097023105,108093193000.0,543100,0.20064015197110793
IGV,Ishares Expanded Tech-Software Sector Etf - US ETP,464287515,107451115000.0,1342300,0.19944834123888816
LBRDK,Liberty Broadband C,530307305,107423396000.0,2135654,0.19939688985496531
XOM,Exxon Mobil Corp - US,30231G102,106800970000.0,629500,0.19824155672283397
WFC,Wells Fargo & Co - US,949746101,105902874000.0,1330271,0.19657453114126341
TSM,Taiwan Semiconductor Manufacturing Co Ltd - US ADR,874039100,105084539000.0,310947,0.1950555561326958
CRM,Salesforce Inc - US,79466L302,104479199000.0,559700,0.19393193764920635
SLV,Ishares Silver Trust - US ETP,46428Q109,104295084000.0,1530600,0.19359018753012014
JPM,Jpmorgan Chase & Co - US,46625H100,102779504000.0,349400,0.19077700204558762
JNJ,Johnson & Johnson - US,478160104,101662596000.0,415900,0.18870382255446327
NFLX,Netflix Inc - US,64110L106,101495940000.0,1055600,0.18839447943822377
KWEB,Kraneshares Csi China Internet Etf - US ETP,500767306,100841210000.0,3547000,0.1871791843483651
GDX,Vaneck Gold Miners Etf/Usa - US ETP,92189F106,99414441000.0,1083300,0.18453084784314536
COF,Capital One Financial Corp - US,14040H105,99170407000.0,543608,0.18407787742486825
AVGO,Broadcom Inc - US,11135F101,96494076000.0,311764,0.1791101320593947
ADBE,Adobe Inc - US,00724F101,96259680000.0,396000,0.17867505147979318
TSM,Taiwan Semiconductor Manufacturing Co Ltd - US ADR,874039100,94017690000.0,278200,0.17451352010271837
AAPL,Apple Inc - US,037833100,91846601000.0,361900,0.1704835935660603
AMAT,Applied Materials Inc - US,038222105,89690139000.0,262413,0.16648081733758938
MU,Micron Technology Inc - US,595112103,89460032000.0,264800,0.16605369790325447
CMI,Cummins Inc - US,231021106,88892202000.0,165221,0.1649997046375198
TSLA,Tesla Inc - US,88160R101,88550850000.0,238200,0.16436609473799876
JNJ,Johnson & Johnson - US,478160104,87338412000.0,357300,0.16211559461098757
CAT,Caterpillar Inc - US,149123101,87211426000.0,123100,0.1618798860558873
SMH,Vaneck Semiconductor Etf - US ETP,92189F676,85268160000.0,222400,0.15827283944417062
DHR,Danaher Corp - US,235851102,84794998000.0,447231,0.15739456678932404
AVGO,Broadcom Inc - US,11135F101,81803493000.0,264300,0.15184180253873586
BKNG,Booking Holdings Inc - US,09857L108,80484477000.0,19116,0.14939347472689737
BRK/B,Berkshire Hathaway Inc - US Class B,084670702,79307600000.0,165500,0.14720898212770753
PCG,Pg&E Corp - US,69331C108,78668392000.0,4477427,0.14602249862489206
APH,Amphenol Corp - US,032095101,77575110000.0,613970,0.14399317318321253
XLY,State Street Consumer Discretionary Select Sector,81369Y407,76591144000.0,702800,0.14216675764033554
MCHP 0.75 06/01/30,Microchip Technology Inc - US,595017BG8,75922425000.0,76500000,0.14092549648353014
CSCO,Cisco Systems Inc/Delaware - US,17275R102,75844225000.0,977500,0.14078034340359347
IREN 3.25 06/15/30,IREN Ltd - US,46270CAB5,72921099000.0,31803000,0.1353545027137852
PDD,PDD Holdings Inc - US ADR,722304102,72394530000.0,708500,0.13437709718758084
PLTR,Palantir Technologies Inc - US,69608A108,72379344000.0,494800,0.13434890927617524
AMAT,Applied Materials Inc - US,038222105,72356943000.0,211700,0.1343073290441591
UBER 0.875 12/01/28 2028,Uber Technologies Inc - US,90353TAM2,71148100000.0,59000000,0.1320635018752345
CRM,Salesforce Inc - US,79466L302,70822598000.0,379400,0.13145931238897426
PH,Parker-Hannifin Corp - US,701094104,68382012000.0,76384,0.12692915158654003
CBRE,Cbre Group Inc - US,12504L109,67739211000.0,500068,0.12573599883799297
FCX,Freeport-Mcmoran Inc - US,35671D857,66350864000.0,1128800,0.12315898038440141
ORLY,O'Reilly Automotive Inc - US,67103H107,65424620000.0,708749,0.12143970711876359
SMCI 3.5 03/01/29,Super Micro Computer Inc - US,86800UAB0,65003400000.0,80850000,0.12065784803524787
CVX,Chevron Corp - US,166764100,64908047000.0,313717,0.12048085594277724
TDG,Transdigm Group Inc - US,893641100,64832222000.0,55940,0.12034011128438594
TLT,ISHARES TR,464287432,64688078000.0,746200,0.12007255443586429
DXCM 0.375 05/15/28,Dexcom Inc - US,252131AM9,63819918000.0,69150000,0.11846109538371809
CVX,Chevron Corp - US,166764100,63497610000.0,306900,0.11786283452836982
MRK,Merck & Co Inc - US,58933Y105,61576451000.0,511900,0.11429682243248641
DKNG 0 03/15/28,DraftKings Inc - US,26142RAB0,61458400000.0,68000000,0.11407769882328428
TER,Teradyne Inc - US,880770102,61406946000.0,207134,0.11398219106656994
BRK/B,Berkshire Hathaway Inc - US Class B,084670702,60827252000.0,126935,0.11290617611106074
DIS,Walt Disney Co/The - US,254687106,60504183000.0,627767,0.11230650270464047
INTC,Intel Corp - US,458140100,60299232000.0,1366400,0.11192607727131434
TEL,Te Connectivity Ltd - US,G87052109,59896144000.0,286557,0.11117787439809801
HYG,Ishares Iboxx High Yield Corporate Bond Etf - US E,464288513,59670000000.0,750000,0.11075811099516703
PYPL,Paypal Holdings Inc - US,70450Y103,58690448000.0,1297600,0.10893988861974324
NTNX 0.5 12/15/29,Nutanix Inc - US,67059NAK4,58346700000.0,64500000,0.10830183131894941
AKAM 0.375 09/01/27,Akamai Technologies Inc - US,00971TAL5,58205358000.0,50203000,0.10803947547976259
KRE,State Street SPDR S&P Regional Banking ETF - US ET,78464A698,58146375000.0,892500,0.10792999256270495
GS,Goldman Sachs Group Inc/The - US,38141G104,57442721000.0,67900,0.10662388584518874
SPGI,S&P Global Inc - US,78409V104,57263950000.0,134631,0.106292055138624
ALLE,Allegion Plc - US,G0176J109,57211279000.0,393773,0.10619428841390094
COIN,Coinbase Global Inc - US,19260Q107,56626023000.0,324300,0.10510794939917682
XLU,State Street Utilities Select Sector SPDR ETF - US,81369Y886,56068402000.0,1221800,0.10407290584946614
DOCU,Docusign Inc - US,256163106,55821719000.0,1177425,0.10361501841701062
WTRG,Essential Utilities Inc - US,29670G102,55809992000.0,1385895,0.1035932510235526
NOW,Servicenow Inc - US,81762P102,54846930000.0,524600,0.10180563701498503
CNC,Centene Corp - US,15135B101,54136638000.0,1653532,0.10048720899127161
STT,State Street Corp - US,857477103,53924432000.0,426078,0.10009331699023524
ACLX,Arcellx Inc - US,03940C100,53114354000.0,462588,0.09858966843922565
CGDV,Capital Group Dividend Value ETF - US ETP,14020W106,53042573000.0,1246887,0.09845643016261521
UNH,Unitedhealth Group Inc - US,91324P102,53035640000.0,196000,0.09844356128405765
EWY,Ishares Msci South Korea Etf - US ETP,464286772,52857397000.0,429700,0.09811271063920911
HWM,Howmet Aerospace Inc - US,443201108,52039251000.0,225806,0.09659408644818764
MRVL,Marvell Technology Inc - US,573874104,51595145000.0,520900,0.09576974688657176
NEM,Newmont Corp - US,651639106,51456205000.0,475346,0.09551184958572262
ORCL,Oracle Corp - US,68389X105,51208991000.0,348100,0.09505297652301842
BKR,Baker Hughes Co - US,05722G100,50536152000.0,827783,0.09380406791494271
WMT,Walmart Inc - US,931142103,50532248000.0,406600,0.09379682139801085
XOP,State Street SPDR S&P Oil & Gas Exploration & Prod,78468R556,49003185000.0,269500,0.09095860907234295
CVS,Cvs Health Corp - US,126650100,48967307000.0,681806,0.0908920131362564
OXY,Occidental Petroleum Corp - US,674599105,48899500000.0,752300,0.09076615130900234
HON,Honeywell International Inc - US,438516106,48890289000.0,216300,0.09074905405811619
KWEB,Kraneshares Csi China Internet Etf - US ETP,500767306,48748921000.0,1714700,0.09048664995831454
MSTR,Strategy Inc - US,594972408,48584640000.0,389300,0.09018171526362044
ALB,Albemarle Corp - US,012653101,48498234000.0,270140,0.09002133039117786
ITGR 1.875 03/15/30,Integer Holdings Corp - US,45826HAD1,48416875000.0,50500000,0.08987031364654144
SLV,Ishares Silver Trust - US ETP,46428Q109,47877208000.0,702630,0.08886859590753642
CME,Cme Group Inc - US,12572Q105,47594176000.0,161145,0.08834323827939525
CRWD,Crowdstrike Holdings Inc - US,22788C105,47317692000.0,121200,0.08783003490147691
CRWD,Crowdstrike Holdings Inc - US,22788C105,46505249000.0,119119,0.08632199649069684
NOW,Servicenow Inc - US,81762P102,46485857000.0,444628,0.08628600149675653
MMM,3M Co - US,88579Y101,46378765000.0,319347,0.08608721973669797
COIN,Coinbase Global Inc - US,19260Q107,46254189000.0,264900,0.08585598456935534
MRVL,Marvell Technology Inc - US,573874104,45771005000.0,462100,0.08495910930367596
EXE,Expand Energy Corp - US,165167735,44860829000.0,408643,0.08326966109799241
NOW,Servicenow Inc - US,81762P102,44611485000.0,426700,0.08280683437722856
LITE,Lumentum Holdings Inc - US,55024U109,43992776000.0,62600,0.08165840065683794
ADBE,Adobe Inc - US,00724F101,43898060000.0,180591,0.08148259094943022
GE,General Electric Co - US,369604301,43870842000.0,154600,0.0814320695104313
V,Visa Inc - US,92826C839,43764352000.0,144800,0.0812344051692234
VICI,Vici Properties Inc - US REIT,925652109,43621762000.0,1596697,0.08096973282052555
RTX,RTX Corp - US,75513E101,43614690000.0,226100,0.08095660593329648
COST,Costco Wholesale Corp - US,22160K105,43344705000.0,43500,0.08045546585290382
INTU,Intuit Inc - US,461202103,43151524000.0,99800,0.0800968876286679
COP,Conocophillips - US,20825C104,43124400000.0,326700,0.08004654067035329
HD,Home Depot Inc/The - US,437076102,42920145000.0,130500,0.07966740713656215
EEM,Ishares Msci Emerging Markets Etf - US ETP,464287234,42705001000.0,751981,0.07926806168605192
GLW,Corning Inc - US,219350105,42599401000.0,313300,0.07907204934281262
RTX,RTX Corp - US,75513E101,42591356000.0,220795,0.07905711639488308
XBI,State Street SPDR S&P Biotech ETF - US ETP,78464A870,42470225000.0,332500,0.07883227575900315
TT,Trane Technologies Plc - US,G8994E103,42155751000.0,101156,0.07824855619813346
ASML,Asml Holding Nv - US NY Reg Shrs,N07059210,42134477000.0,31900,0.0782090678781517
SNDK,Sandisk Corp/DE - US,80004C200,42062685000.0,66205,0.07807580918358886
ABBV,Abbvie Inc - US,00287Y109,41018614000.0,188600,0.07613782809250733
GEV,GE Vernova LLC - US,36828A101,40851720000.0,46800,0.07582804320602456
ESNT,Essent Group Ltd - US,G3198U102,40539010000.0,693686,0.07524759794225215
LRCX,Lam Research Corp - US,512807306,40291789000.0,188579,0.07478871188630551
EWY,Ishares Msci South Korea Etf - US ETP,464286772,40241245000.0,327138,0.0746948932511096
LULU,Lululemon Athletica Inc - US,550021109,40173440000.0,262400,0.07456903513621053
STX,Seagate Technology Holdings Plc - US,G7997R103,39975582000.0,102041,0.0742017755698408
C,Citigroup Inc - US,172967424,39772887000.0,350700,0.07382553767293842
BSX,Boston Scientific Corp - US,101137107,39692638000.0,632552,0.073676581285319
AXP,American Express Co - US,025816109,39564384000.0,130800,0.07343851909715787
XHB,State Street SPDR S&P Homebuilders ETF - US ETP,78464A888,39488000000.0,400000,0.0732967368355481
PDD,PDD Holdings Inc - US ADR,722304102,39377311000.0,385372,0.07309127840504795
PEG,Public Service Enterprise Group Inc - US,744573106,38572837000.0,476502,0.07159803187270798
AMZN,Amazon.Com Inc - US,023135106,38467469000.0,184700,0.071402450162647
IBIT,iShares Bitcoin Trust ETF - US ETP,46438F101,38343160000.0,998000,0.07117171059469496
KO,Coca-Cola Co/The - US,191216100,38108655000.0,501100,0.07073642769174672
AIG,American International Group Inc - US,026874784,38046551000.0,505602,0.07062115164473408
NVO,Novo Nordisk A/S - US ADR,670100205,37889250000.0,1031000,0.0703291730689397
JPM,Jpmorgan Chase & Co - US,46625H100,37858392000.0,128700,0.07027189514386699
FDX,Fedex Corp - US,31428X106,37719462000.0,105900,0.07001401640479277
AAOI,Applied Optoelectronics Inc - US,03823U102,37454845000.0,442781,0.06952284028518144
XBI,State Street SPDR S&P Biotech ETF - US ETP,78464A870,37233295000.0,291500,0.06911160416165238
DD,Dupont De Nemours Inc - US,26614N102,37183096000.0,811858,0.06901842590769149
INTC,Intel Corp - US,458140100,37179525000.0,842500,0.06901179749786471
MCD,Mcdonald's Corp - US,580135101,36486746000.0,117400,0.06772587671058265
PG,Procter & Gamble Co/The - US,742718109,36398880000.0,252000,0.06756278181900059
SF,Stifel Financial Corp - US,860630102,36213925000.0,489907,0.06721947251082042
MASI,Masimo Corp - US,574795100,36196545000.0,203500,0.0671872121459956
EXLS,Exlservice Holdings Inc - US,302081104,35893760000.0,1178777,0.06662518944383923
MSTR,Strategy Inc - US,594972408,35730240000.0,286300,0.06632166730021713
NEM,Newmont Corp - US,651639106,35462700000.0,327600,0.06582506557379436
MTG,Mgic Investment Corp - US,552848103,35428339000.0,1349651,0.06576128545896438
ABBV,Abbvie Inc - US,00287Y109,35027417000.0,161053,0.06501710306619742
AWI,Armstrong World Industries Inc - US,04247X102,35017528000.0,212485,0.06499874732697115
RIG,Transocean Ltd - US,H8817H100,34995911000.0,5278418,0.06495862233810937
TXN,Texas Instruments Inc - US,882508104,34906372000.0,179800,0.06479242206158187
VMC,Vulcan Materials Co - US,929160109,34852766000.0,127994,0.06469291981090303
WDC,Western Digital Corp - US,958102105,34785014000.0,128600,0.06456716007341108
BAC,Verizon Communications Inc - US,92343V104,34783580000.0,692900,0.0645644983148864
PBF,Pbf Energy Inc - US,69318G106,34783410000.0,730437,0.06456418276471262
TGT,Target Corp - US,87612E106,34614720000.0,285600,0.06425106418345279
HL,Hecla Mining Co - US,422704106,34545013000.0,1854268,0.06412167561896243
EME,Emcor Group Inc - US,29084Q100,34515992000.0,46750,0.06406780749194398
ADBE,Adobe Inc - US,00724F101,34274280000.0,141000,0.06361914711780514
SNDK,Sandisk Corp/DE - US,80004C200,34244826000.0,53900,0.06356447526593231
ADP,Automatic Data Processing Inc - US,053015103,34222014000.0,168432,0.06352213214496666
PLTR,Palantir Technologies Inc - US,69608A108,33923356000.0,231907,0.06296776988732303
CEG,Constellation Energy Corp - US,21037T109,33733400000.0,120800,0.06261517783550138
CAKE 2 03/15/30,Cheesecake Factory Inc/The - US,163072AC5,33602250000.0,33000000,0.062371740157321116
ARM,ARM Holdings PLC - US ADR,042068205,33538776000.0,221700,0.06225392114714336
T,At&T Inc - US,00206R102,33512440000.0,1156000,0.06220503685669306
LYV 2.875 01/15/30,Live Nation Entertainment Inc - US,538034BC2,33500150000.0,31000000,0.0621822244353066
ABT,Abbott Laboratories - US,002824100,33496909000.0,326258,0.06217620856405244
SEDG,Solaredge Technologies Inc - US,83417M104,33443314000.0,655109,0.06207672673132601
HLI,Houlihan Lokey Inc - US,441593100,33422528000.0,232715,0.06203814422596075
SHOP,Shopify Inc - US,82509L107,33132701000.0,279318,0.06150017387175601
PANW,Palo Alto Networks Inc - US,697435105,33025920000.0,206000,0.06130196938289771
VAL,Valaris Ltd - US,G9460G101,33019872000.0,336800,0.06129074322142128
LEN,Lennar Corp - US,526057104,32937196000.0,379286,0.06113728189102684
NKE,Nike Inc - US Class B,654106103,32632196000.0,617800,0.060571147755723906
AES,Aes Corp/The - US,00130H105,32565752000.0,2311267,0.06044781589839253
ORCL,Oracle Corp - US,68389X105,32481888000.0,220800,0.060292149429136646
WDAY,Workday Inc - US,98138H101,32480000000.0,250000,0.060288644966030244
EL,Estee Lauder Cos Inc/The - US,518439104,32312433000.0,450222,0.059977610872094814
RPRX,Royalty Pharma Plc - US,G7709Q104,32220490000.0,671680,0.059806948344874634
ICE,Intercontinental Exchange Inc - US,45866F104,32113116000.0,204178,0.0596076431427631
ARM,ARM Holdings PLC - US ADR,042068205,32056232000.0,211900,0.059502056342262855
URI,United Rentals Inc - US,911363109,31931328000.0,43828,0.05927021234870261
VOO,Vanguard S&P 500 Etf - US ETP,922908363,31921121000.0,53420,0.05925126634503364
KWEB,Kraneshares Csi China Internet Etf - US ETP,500767306,31851096000.0,1120334,0.05912128751610057
TTEK 2.25 08/15/28,Tetra Tech Inc - US,88162GAB9,31627506000.0,30120000,0.058706264790486185
ALB,Albemarle Corp - US,012653101,31543421000.0,175700,0.05855018810600439
QCOM,Qualcomm Inc - US,747525103,31499588000.0,244600,0.05846882627796265
GD,General Dynamics Corp - US,369550108,31483914000.0,91731,0.05843973255194056
GATX,Gatx Corp - US,361448103,31062387000.0,181928,0.057657303621934525
LDOS,Leidos Holdings Inc - US,525327102,30914421000.0,198781,0.057382652463035394
CLF,Cleveland-Cliffs Inc - US,185899101,30907168000.0,3657653,0.05736918960768015
FNB,Fnb Corp/Pa - US,302520101,30835776000.0,1844245,0.057236673384114416
DASH,Doordash Inc - US,25809K105,30780750000.0,205000,0.0571345353613958
CRCL,Circle Internet Group Inc - US,172573107,30760184000.0,322400,0.057096361215078946
CRCL,Circle Internet Group Inc - US,172573107,30712479000.0,321900,0.057007812267785084
CIT,Cintas Corp - US,172908105,30690622000.0,181451,0.05696724179632504
BAC,Bank Of America Corp - US,060505104,30618900000.0,628080,0.05683411303418669
OZK,Bank Ozk - US,06417N103,30595873000.0,666722,0.05679137083506006
EPRT,Essential Properties Realty Trust Inc - US REIT,29670E107,30574827000.0,1007076,0.05675230572354667
DIS,Walt Disney Co/The - US,254687106,30456080000.0,316000,0.05653189021480956
NTRA,Natera Inc - US,632307104,30137093000.0,150693,0.05593979372491489
FSLY,Fastly Inc - US,31188V100,30120080000.0,1036479,0.05590821457722994
DECK,Deckers Outdoor Corp - US,243537107,29945226000.0,299183,0.0555836545179045
GE,General Electric Co - US,369604301,29909358000.0,105400,0.05551707714359287
BIDUN,Baidu Inc - US ADR,056752108,29838276000.0,267800,0.05538513633504992
INTC,Intel Corp - US,458140100,29686516000.0,672706,0.05510344283874312
HESM,Hess Midstream Lp - US,428103105,29662902000.0,763131,0.05505961106342822
ROK,Rockwell Automation Inc - US,773903109,29553409000.0,82349,0.05485637262120945
SSNC,Ss&C Technologies Holdings Inc - US,78467J100,29098818000.0,430647,0.054012571038581605
V,Visa Inc - US,92826C839,29075488000.0,96200,0.05396926641767466
WMT,Walmart Inc - US,931142103,29016024000.0,233473,0.05385889067924301
C,Citigroup Inc - US,172967424,28997576000.0,255688,0.05382464791685589
MRK,Merck & Co Inc - US,58933Y105,28833513000.0,239700,0.05352011786885522
XENE,Xenon Pharmaceuticals Inc - US,98420N105,28818617000.0,495591,0.05349246824892253
FICO,Fair Isaac Corp - US,303250104,28817175000.0,26994,0.05348979164097791
VRSK,Verisk Analytics Inc - US,92345Y106,28766100000.0,151600,0.05339498737553333
VSCO,Victoria's Secret & Co - US,926400102,28650573000.0,618002,0.05318054875832303
FIVE,Five Below Inc - US,33829M101,28636769000.0,125336,0.05315492608421247
JCI,Johnson Controls International Plc - US,G51502105,28613754000.0,218509,0.053112206159215754
DOW,Dow Inc - US,260557103,28492765000.0,684100,0.052887629100539804
STNG,Scorpio Tankers Inc - US,Y7542C130,28276131000.0,378732,0.05248551794556533
WRB,W R Berkley Corp - US,084423102,28258147000.0,426345,0.05245213644953487
AMH,American Homes 4 Rent - US REIT,02665T306,28126413000.0,1007393,0.052207614763698826
LRCX,Lam Research Corp - US,512807306,28117656000.0,131600,0.0521913602173944
INDA,Ishares Msci India Etf - US ETP,46429B598,28104000000.0,600000,0.05216601225755277
XLY,State Street Consumer Discretionary Select Sector,81369Y407,27978326000.0,256729,0.051932739007323064
PANW,Palo Alto Networks Inc - US,697435105,27943776000.0,174300,0.05186860807494695
IBIT,iShares Bitcoin Trust ETF - US ETP,46438F101,27854500000.0,725000,0.05170289597310005
ULTA,Ulta Beauty Inc - US,90384S303,27834308000.0,53250,0.051665416037165506
KKR,Kkr & Co Inc - US,48251W104,27777750000.0,300300,0.051560434350527914
WEA,Western Alliance Bancorp - US,957638109,27632279000.0,390011,0.05129041435447332
CAT,Caterpillar Inc - US,149123101,27629940000.0,39000,0.051286072755317665
CMCSA,Comcast Corp - US,20030N101,27625307000.0,962219,0.05127747308499354
SNDK,Sandisk Corp/DE - US,80004C200,27573756000.0,43400,0.051181785279062385
SBAC,Sba Communications Corp - US REIT,78410G104,27554983000.0,160101,0.05114693925899012
6RJ0,Rocket Lab Corp - US,773121108,27281298000.0,424810,0.05063893132187411
DAR,Darling Ingredients Inc - US,237266101,27175962000.0,439385,0.0504434090094929
AVGO,Broadcom Inc - US,11135F101,27144027000.0,87700,0.05038413198126045
HDB,Hdfc Bank Ltd - US ADR,40415F101,27011047000.0,1085653,0.05013729749826836
LLY,Eli Lilly & Co - US,532457108,26949261000.0,29300,0.05002261171569844
UBER,Uber Technologies Inc - US,90353T100,26700416000.0,371200,0.049560711227503496
UHS,Universal Health Services Inc - US Class B,913903100,26688006000.0,149120,0.0495376760648179
U,Unity Software Inc - US,91332U101,26555957000.0,1210390,0.0492925696830716
BABA,Alibaba Group Holding Ltd - US ADR,01609W102,26379972000.0,210266,0.04896591028700181
AGNC,Agnc Investment Corp - US REIT,00123Q104,26154268000.0,2607604,0.04854696360216767
APLS,Apellis Pharmaceuticals Inc - US,03753U106,26149500000.0,650000,0.048538113347882016
MA,Mastercard Inc - US,57636Q104,26082252000.0,52200,0.04841328912384644
BA,Boeing Co/The - US,097023105,26053027000.0,130900,0.048359042336619466
XLY,State Street Consumer Discretionary Select Sector,81369Y407,25937240000.0,238000,0.04814412111326104
DWD,Morgan Stanley - US,617446448,25655805000.0,155896,0.04762172780057585
DKNG,DraftKings Inc - US,26142V105,25619397000.0,1184986,0.047554148090418115
PSKY,Paramount Skydance Corp - US Class B,69932A204,25613165000.0,2839597,0.047542580392283006
TLT,ISHARES TR,464287432,25612474000.0,295449,0.047541297773635485
MASI,Masimo Corp - US,574795100,25592647000.0,143884,0.04750449534248581
OMF,Onemain Holdings Inc - US,68268W103,25581806000.0,478254,0.047484372522286405
SNOW,Snowflake Inc - US,833445109,25579072000.0,169600,0.0474792977330211
ABT,Abbott Laboratories - US,002824100,25575097000.0,249100,0.04747191942748723
T,At&T Inc - US,00206R102,25519897000.0,880300,0.04736945842988487
EMR,Emerson Electric Co - US,291011104,25458758000.0,194312,0.04725597359415278
AROC,Archrock Inc - US,03957W106,25406401000.0,730069,0.04715878970916243
HOOD,Robinhood Markets Inc - US,770700102,25190550000.0,363500,0.04675813194116482
BR,Broadridge Financial Solutions Inc - US,11133T103,25088537000.0,154410,0.04656877770659217
UPS,United Parcel Service Inc - US Class B,911312106,24890140000.0,253000,0.04620051766055382
ZS,Zscaler Inc - US,98980G102,24887446000.0,177400,0.04619551711838823
VST,Vistra Corp - US,92840M102,24817228000.0,165085,0.04606518004719904
CRWV,Coreweave Inc - US,21873S108,24557990000.0,317000,0.04558398830632147
JD,Jd.Com Inc - US ADR,47215P106,24525358000.0,829400,0.04552341752237653
SCHW,Charles Schwab Corp/The - US,808513105,24434800000.0,260000,0.045355325800983864
FRO,Frontline PLC - US,M46528101,24394366000.0,699781,0.045280273120240126
PLTR,Palantir Technologies Inc - US,69608A108,24311736000.0,166200,0.04512689717401036
IYR,Ishares U.S. Real Estate Etf - US ETP,464287739,24292464000.0,256900,0.04509112492136918
XLE,State Street Energy Select Sector SPDR ETF - US ET,81369Y506,24233415000.0,395583,0.04498151949659704
SATS,Echostar Corp - US,278768106,24210076000.0,206800,0.04493819817009267
RPM,Rpm International Inc - US,749685103,24108277000.0,242538,0.04474924115750348
SPG,Simon Property Group Inc - US REIT,828806109,24107137000.0,129240,0.044747125115161684
CUBE,Cubesmart - US REIT,229663109,23986729000.0,654481,0.044523626495609044
DELL,Dell Technologies Inc - US Class C,24703L202,23979393000.0,146100,0.04451000957752189
ENSG,Ensign Group Inc/The - US,29358P101,23973866000.0,118977,0.04449975048451921
WWD,Woodward Inc - US,980745103,23916572000.0,66821,0.044393402651246916
WDAY,Workday Inc - US,98138H101,23879296000.0,183800,0.04432421177902544
SAP,Sap Se - US ADR,803054204,23766003000.0,138812,0.044113919862334046
NOC,Northrop Grumman Corp - US,666807102,23744681000.0,34804,0.04407434244583264
AA,Alcoa Corp - US,013872106,23689826000.0,357151,0.04397252182946529
DELL,Dell Technologies Inc - US Class C,24703L202,23644240000.0,144058,0.043887906122278664
FDX,Fedex Corp - US,31428X106,23614734000.0,66300,0.04383313774917621
CCK,Crown Holdings Inc - US,228368106,23605366000.0,235465,0.04381574907842369
WMB,Williams Cos Inc/The - US,969457100,23540764000.0,323451,0.043695836300034055
SLAB,Silicon Laboratories Inc - US,826919102,23376078000.0,112304,0.04339014985345537
TERN,Terns Pharmaceuticals Inc - US,880881107,23370776000.0,443300,0.04338030840038856
IEF,Ishares 7-10 Year Treasury Bond Etf - US ETP,464287440,23355886000.0,244718,0.04335266991752082
DYNF,iShares U.S. Equity Factor Rotation Active ETF - U,09290C103,23344783000.0,401251,0.04333206077881831
WDC,Western Digital Corp - US,958102105,23262140000.0,86000,0.04317866070228112
DOW,Dow Inc - US,260557103,23209421000.0,557249,0.04308080488103838
HIMS,Hims & Hers Health Inc - US,433000106,23174388000.0,1116300,0.043015777414933246
AMD,Advanced Micro Devices Inc - US,007903107,23170677000.0,113900,0.043008889140257474
LQD,Ishares Iboxx  Investment Grade Corporate Bond Etf,464287242,23051385000.0,211500,0.042787462014786795
ADC,Agree Realty Corp - US REIT,008492100,23024972000.0,305452,0.04273843479866956
CNX,Cnx Resources Corp - US,12653C108,22922909000.0,594628,0.04254898775522228
LRCX,Lam Research Corp - US,512807306,22904352000.0,107200,0.042514542669488446
ISRG,Intuitive Surgical Inc - US,46120E602,22865104000.0,49600,0.04244169141525117
SITM,Sitime Corp - US,82982T106,22806569000.0,66039,0.04233304006571033
SPY,State Street SPDR S&P 500 ETF Trust - US ETP,78462F103,22761900000.0,35000,0.042250126473284605
FSLR,First Solar Inc - US,336433107,22744078000.0,115300,0.042217045678007985
GLW,Corning Inc - US,219350105,22675445000.0,166768,0.042089650648144884
IBKR,Interactive Brokers Group Inc - US,45841N107,22582737000.0,336704,0.041917568145142706
MOG/A,Moog Inc - US,615394202,22567519000.0,77117,0.04188932083605733
RDFN 0.5 04/01/27,Rocket Cos Inc - US,75737FAE8,22545435000.0,23540000,0.04184832901230641
ENVA,Enova International Inc - US,29357K103,22390761000.0,164844,0.041561226614785604
BKD,Brookdale Senior Living Inc - US,112463104,22362600000.0,1634693,0.04150895480041097
UMAC,Unusual Machines Inc /US - US,91532F102,22319975000.0,1799998,0.04142983523478051
IBIT,iShares Bitcoin Trust ETF - US ETP,46438F101,22248369000.0,579083,0.041296921789231326
SNOW,Snowflake Inc - US,833445109,22206284000.0,147237,0.041218804559446987
GOOG,"Alphabet, Inc. - C Shares",02079K107,22202964000.0,77400,0.041212642050170896
VICR,Vicor Corp - US,925815102,22107876000.0,137316,0.04103614184473587
QLYS,Qualys Inc - US,74758T303,22040247000.0,250885,0.040910610417075534
KNSL,Kinsale Capital Group Inc - US,49714P108,21989238000.0,64360,0.040815928659345475
IRTC 1.5 09/01/29,IRhythm Holdings Inc - US,450056AB2,21974000000.0,20000000,0.040787644226710246
JXN,Jackson Financial Inc - US,46817M107,21948635000.0,207611,0.04074056228460546
CRWV,Coreweave Inc - US,21873S108,21823299000.0,281700,0.04050791642236832
VLUE,iShares MSCI USA Value Factor ETF - US ETP,46432F388,21780095000.0,153176,0.04042772212996954
BATRK,Atlanta Braves Holdings Inc - US,047726302,21752875000.0,509435,0.040377196978615616
MO,Altria Group Inc - US,02209S103,21750370000.0,329601,0.04037254725399616
LITE,Lumentum Holdings Inc - US,55024U109,21715284000.0,30900,0.04030742141048391
GME,Gamestop Corp - US,36467W109,21703680000.0,942000,0.040285882326857494
DHT,Dht Holdings Inc - US,Y2065G121,21684225000.0,1186876,0.04024977039373514
AEO,American Eagle Outfitters Inc - US,02553E106,21604489000.0,1293682,0.04010176622516951
UBER,Uber Technologies Inc - US,90353T100,21581949000.0,300041,0.04005992798448188
HSY,Hershey Co/The - US,427866108,21573993000.0,103776,0.040045160236349193
VDE,Vanguard Energy Etf - US ETP,92204A306,21540192000.0,124481,0.039982419580915175
TAP,Molson Coors Beverage Co - US Class B,60871R209,21519364000.0,499753,0.03994375911609522
IBM,International Business Machines Corp - US,459200101,21499993000.0,88700,0.03990780310188225
AME,Ametek Inc - US,031100100,21494735000.0,100274,0.03989804332062513
EXPE,Expedia Group Inc - US,30212P303,21385955000.0,92624,0.03969612833295873
TPG,TPG Partners LLC - US,872657101,21351930000.0,527078,0.03963297189376633
ADI,Analog Devices Inc - US,032654105,21347194000.0,67100,0.03962418103716044
VG,Venture Global Inc - US,92333F101,21228720000.0,1347000,0.039404272264878866
NCLH,Norwegian Cruise Line Holdings Ltd - US,G66721104,21225603000.0,1135059,0.03939848655963382
XLF,State Street Financial Select Sector SPDR ETF - US,81369Y605,20941075000.0,424166,0.03887035208996342
PEP,Pepsico Inc - US,713448108,20933092000.0,134800,0.03885553422503842
FSLR,First Solar Inc - US,336433107,20889045000.0,105896,0.038773775175013216
DGRW,WisdomTree U.S. Quality Dividend Growth Fund - US,97717X669,20874298000.0,237640,0.03874640212552695
ENS,Enersys - US,29275Y102,20693179000.0,119118,0.038410213114209134
AAL,American Airlines Group Inc - US,02376R102,20573286000.0,1915576,0.03818767042606529
RGLD,Royal Gold Inc - US,780287108,20506295000.0,80578,0.03806332323964536
GOOG,"Alphabet, Inc. - C Shares",02079K107,20481804000.0,71400,0.038017863596669275
CNM,Core & Main Inc - US,21874C102,20478968000.0,414554,0.03801259947729971
VNO,Vornado Realty Trust - US REIT,929042109,20423462000.0,785820,0.03790957048938455
MAA,Mid-America Apartment Communities Inc - US REIT,59522J103,20404664000.0,167087,0.03787467806487496
SLB,SLB Ltd - US,806857108,20401830000.0,397000,0.03786941765786037
SMH,Vaneck Semiconductor Etf - US ETP,92189F676,20292212000.0,52927,0.03766594719345501
BK,Bank Of New York Mellon Corp/The - US,064058100,20266512000.0,170838,0.03761824343189014
PNR,Pentair Plc - US,G7S00T104,20265619000.0,232644,0.03761658586538907
GLNG,Golar Lng Ltd - US,G9456A100,20231891000.0,373903,0.03755398071091203
C,Citigroup Inc - US,172967424,20130275000.0,177500,0.03736536337880402
N/A,Totalenergies Se - US,F92124100,20044168000.0,220314,0.037205533503431795
SHEL,Shell PLC - US ADR,780259305,20038989000.0,215473,0.0371959203601966
WCN,Waste Connections Inc - US,94106B101,19827751000.0,122062,0.036803825138973255
ASB,Associated Banc-Corp - US,045487105,19790865000.0,765308,0.03673535817597396
SOLS,Solstice Advanced Materials Inc - US,83443Q103,19786368000.0,259800,0.036727010945788854
OSCR,Oscar Health Inc - US,687793109,19737507000.0,1720794,0.036636316257313326
CHH,Choice Hotels International Inc - US,169905106,19697810000.0,190317,0.036562631579381784
AON,Aon Plc - US,G0403H108,19689580000.0,61000,0.03654735523861607
ACM,Aecom - US,00766T100,19684941000.0,232079,0.03653874443122699
RJF,Raymond James Financial Inc - US,754730109,19650175000.0,135715,0.03647421256451242
OLN,Olin Corp - US,680665205,19637379000.0,660524,0.036450460917314596
A4S,Ameriprise Financial Inc - US,03076C106,19621149000.0,44152,0.03642033515660651
HYG,Ishares Iboxx High Yield Corporate Bond Etf - US E,464288513,19540732000.0,245610,0.03627106693116829
ACN,Accenture Plc - US,G1151C101,19432420000.0,98000,0.036070020634568524
IP,International Paper Co - US,460146103,19428654000.0,544220,0.03606303027013065
XYL,Xylem Inc/Ny - US,98419M100,19425562000.0,162557,0.03605729096932292
HAL,Halliburton Co - US,406216101,19424857000.0,498201,0.0360559823641905
TTD,Trade Desk Inc/The - US,88339J105,19408255000.0,855366,0.03602516610545509
LOGI,Logitech International Sa - US,H50430232,19274522000.0,211529,0.03577693392081094
NFLX,Netflix Inc - US,64110L106,19230000000.0,200000,0.03569429318647665
EWY,Ishares Msci South Korea Etf - US ETP,464286772,19201861000.0,156100,0.03564206220800685
APO,Apollo Global Management Inc - US,03769M106,19108530000.0,171500,0.035468823306426665
ETN,Eaton Corp Plc - US,G29183103,19063811000.0,53300,0.0353858169051263
HOOD,Robinhood Markets Inc - US,770700102,19057500000.0,275000,0.03537410256896926
SHEL,Shell PLC - US ADR,780259305,18972000000.0,204000,0.03521539939333516
TEAM,Atlassian Corp - US,049468101,18939375000.0,277500,0.03515484160263267
SLM,Slm Corp - US,78442P106,18873622000.0,881533,0.03503279236394882
MKSI,MKS Inc - US,55306N104,18678957000.0,81280,0.034671459572313594
FEZ,State Street SPDR EURO STOXX 50 ETF - US ETP,78463X202,18624000000.0,300000,0.03456944962584197
KKR,Kkr & Co Inc - US,48251W104,18524883000.0,200269,0.03438547088128846
LVS,Las Vegas Sands Corp - US,517834107,18524052000.0,343802,0.034383928397791946
CNO,Cno Financial Group Inc - US,12621E103,18450475000.0,449354,0.03424735642640447
JHG,Janus Henderson Group Plc - US,G4474Y214,18389176000.0,357975,0.03413357460227353
AVTR,Avantor Inc - US,05352A100,18380386000.0,2344437,0.03411725880211185
OWL,Blue Owl Capital Inc - US,09581B103,18339495000.0,2008707,0.034041357848253906
CGUS,Capital Group Core Equity ETF - US ETP,14020V108,18338020000.0,477304,0.03403861998645203
PG,Procter & Gamble Co/The - US,742718109,18213884000.0,126100,0.03380820153720625
AG8,Agilent Technologies Inc - US,00846U101,18202492000.0,159699,0.03378705596320831
CE,Celanese Corp - US,150870103,18175671000.0,276352,0.033737271426674015
AMT,American Tower Corp - US REIT,03027X100,18134361000.0,105078,0.03366059273444659
CMG,Chipotle Mexican Grill Inc - US,169656105,18053640000.0,564000,0.03351076023105056
PL,Planet Labs PBC - US,72703X106,18019365000.0,644700,0.033447139747484964
DUOL,Duolingo Inc - US,26603R106,17811599000.0,180700,0.03306148917451661
MLYS,Mineralys Therapeutics Inc - US,603170101,17760204000.0,655600,0.03296609093227433
DAL,Delta Air Lines Inc - US,247361702,17683680000.0,266000,0.032824048805815575
BIDUN,Baidu Inc - US ADR,056752108,17665084000.0,158545,0.03278953132915953
U,Unity Software Inc - US,91332U101,17657312000.0,804800,0.03277510511768552
BUD,Anheuser-Busch Inbev Sa/Nv - US ADR,03524A108,17621021000.0,254015,0.032707742580294435
WYNN,Wynn Resorts Ltd - US,983134107,17618925000.0,173500,0.03270385203226953
TMUS,T-Mobile Us Inc - US,872590104,17580141000.0,83703,0.032631862044388914
HON,Honeywell International Inc - US,438516106,17551003000.0,77649,0.03257777674460381
STZ,Constellation Brands Inc - US,21036P108,17520000000.0,116800,0.03252022967379464
LII,Lennox International Inc - US,526107107,17428546000.0,37551,0.032350474817368434
TEAM,Atlassian Corp - US,049468101,17417400000.0,255200,0.03232978586303372
ISRG,Intuitive Surgical Inc - US,46120E602,17405138000.0,37756,0.032307025414617045
HUN,Huntsman Corp - US,447011107,17393947000.0,1306833,0.032286252932295166
PDD,PDD Holdings Inc - US ADR,722304102,17217330000.0,168500,0.031958420432049925
RIVN,Rivian Automotive Inc - US,76954A103,17215846000.0,1143910,0.031955665864650616
ALL,Allstate Corp/The - US,020002101,17159251000.0,82759,0.0318506154994458
NTR,Nutrien Ltd - US,67077M108,17134400000.0,227066,0.03180448763257231
NEE,Nextera Energy Inc - US,65339F101,17099208000.0,184100,0.03173916503424582
GDX,Vaneck Gold Miners Etf/Usa - US ETP,92189F106,17060135000.0,185901,0.031666638611069775
APP,Applovin Corp - US,03831W108,17034400000.0,42800,0.03161886988329266
AIT,Applied Industrial Technologies Inc - US,03820C105,17017094000.0,64138,0.031586746875602326
COST,Costco Wholesale Corp - US,22160K105,16952264000.0,17013,0.03146641088874433
SBLK,Star Bulk Carriers Corp - US,Y8162K204,16883180000.0,735010,0.031338178722831976
LUMN,Lumen Technologies Inc - US,550241103,16809360000.0,2418613,0.031201155700313735
AER,Aercap Holdings Nv - US,N00985106,16795496000.0,122434,0.031175421655553606
RF,Regions Financial Corp - US,7591EP100,16762170000.0,641737,0.03111356268442867
BMI,Badger Meter Inc - US,056525108,16738390000.0,109868,0.03106942278364997
AEM,Agnico Eagle Mines Ltd - US,008474108,16725552000.0,82400,0.03104559317699745
LMT,Lockheed Martin Corp - US,539830109,16620725000.0,27500,0.030851015658960073
BX,Blackstone Inc - US,09260D107,16590182000.0,144275,0.03079432242979759
CW,Curtiss-Wright Corp - US,231561101,16515117000.0,24247,0.03065498846630082
FSS,Federal Signal Corp - US,313855108,16494486000.0,152529,0.030616693668446934
CSCO,Cisco Systems Inc/Delaware - US,17275R102,16487875000.0,212500,0.030604422479042055
ONTO,Onto Innovation Inc - US,683344105,16461789000.0,80274,0.030556002232964966
TTD,Trade Desk Inc/The - US,88339J105,16402601000.0,722900,0.03044613879952133
TEVA,Teva Pharmaceutical Industries Ltd - US ADR,881624209,16400370000.0,544501,0.0304419976675349
WST,West Pharmaceutical Services Inc - US,955306105,16395616000.0,65415,0.030433173399734146
GVA,Granite Construction Inc - US,387328107,16388315000.0,136706,0.030419621447859233
CENX,Century Aluminum Co - US,156431108,16383959000.0,279161,0.030411535938700614
TBBK,Bancorp Inc/The - US,05969A105,16378623000.0,304832,0.030401631375599054
BP,Bp Plc - US ADR,055622104,16280800000.0,346400,0.03022005452472122
NVO,Novo Nordisk A/S - US ADR,670100205,16192675000.0,440617,0.030056478883168532
ONON,On Holding Ag - US,H5919C104,16170454000.0,475322,0.0300152327631011
SMCI,Super Micro Computer Inc - US,86800U302,16130268000.0,708400,0.02994064041437558
TNK,Teekay Tankers Ltd - US,G8726X106,16062506000.0,219074,0.029814862115108705
PYPL,Paypal Holdings Inc - US,70450Y103,15925483000.0,352100,0.029560523106513248
WFC,Wells Fargo & Co - US,949746101,15850351000.0,199100,0.029421064779124463
PFGC,Performance Food Group Co - US,71377A103,15774632000.0,184154,0.029280516875547405
GPK,Graphic Packaging Holding Co - US,388689101,15763399000.0,1585855,0.02925966643377082
AVB,Avalonbay Communities Inc - US REIT,053484101,15734199000.0,96322,0.029205466050981163
APH,Amphenol Corp - US,032095101,15730575000.0,124500,0.02919873926374727
TRNO,Terreno Realty Corp - US REIT,88146M101,15677209000.0,255246,0.02909968249566669
VTI,Vanguard Total Stock Market Etf - US ETP,922908769,15601632000.0,48632,0.028959398169293608
XLI,State Street Industrial Select Sector SPDR ETF - U,81369Y704,15590772000.0,96400,0.028939240081721843
BAC,Bank Of America Corp - US,060505104,15492750000.0,317800,0.02875729385152294
VNOM,Viper Energy Inc - US,64361Q101,15464785000.0,329108,0.028705385847936887
INTU,Intuit Inc - US,461202103,15435966000.0,35700,0.028651892668771987
N/A,Cushman & Wakefield Ltd - US,G2717C106,15369161000.0,1253602,0.02852789073136571
PAAS,Pan American Silver Corp - US,697900108,15258159000.0,279300,0.02832185131731032
DE,Deere & Co - US,244199105,15209100000.0,27000,0.028230789105691215
AWG,Asbury Automotive Group Inc - US,043436104,15203875000.0,77805,0.028221090578291353
FI,Fiserv Inc - US,337738108,15194340000.0,272300,0.028203391925897537
BP,Bp Plc - US ADR,055622104,15148100000.0,322300,0.02811756227863063
SM,Sm Energy Co - US,78454L100,15092648000.0,484049,0.02801463352430008
WDC,Western Digital Corp - US,958102105,15091449000.0,55793,0.028012407967486212
AVLV,Avantis US Large Cap Value ETF - US ETP,025072349,15083340000.0,187115,0.027997356224197127
RHP,Ryman Hospitality Properties Inc - US REIT,78377T107,15070736000.0,163333,0.027973960963077922
TER,Teradyne Inc - US,880770102,15060168000.0,50800,0.02795434487933405
MEOH,Methanex Corp - US,59151K108,15048021000.0,252738,0.02793179789132905
AR,Antero Resources Corp - US,03674X106,15023336000.0,353990,0.027885978149919364
COF,Capital One Financial Corp - US,14040H105,14977503000.0,82100,0.027800903966892023
FFIN,First Financial Bankshares Inc - US,32020R109,14960895000.0,508010,0.027770076571091658
MCK,Mckesson Corp - US,58155Q103,14927460000.0,17250,0.02770801527662001
CAVA,Cava Group Inc - US,148929102,14901780000.0,184200,0.027660348638604997
GPI,Group 1 Automotive Inc - US,398905109,14854545000.0,44928,0.027572672094732752
BIDUN,Baidu Inc - US ADR,056752108,14830002000.0,133100,0.02752711593052705
ROL,Rollins Inc - US,775711104,14727060000.0,275736,0.02733603730706359
MODG,Callaway Golf Company - US,131193104,14718643000.0,1060421,0.027320413861106722
EQIX,Equinix Inc - US REIT,29444U700,14703600000.0,15000,0.027292491383082585
TCOM,Trip.Com Group Ltd - US ADR,89677Q107,14693029000.0,295100,0.027272869730806233
GM,General Motors Co - US,37045V100,14639250000.0,196500,0.02717304636142113
ITOT,Ishares Core S&P Total Us Stock Market Etf - US ET,464287150,14611751000.0,102589,0.02712200333654672
MTH,Meritage Homes Corp - US,59001A102,14568762000.0,235588,0.02704220812230889
BP,Bp Plc - US ADR,055622104,14560459000.0,309797,0.027026796280586202
XLV,State Street Health Care Select Sector SPDR ETF -,81369Y209,14558226000.0,99299,0.027022651436244785
EXPD,Expeditors International Of Washington Inc - US,302130109,14451621000.0,100898,0.026824773634625213
CVI,Cvr Energy Inc - US,12662P108,14400114000.0,427938,0.026729167500503744
KTOS,Kratos Defense & Security Solutions Inc - US,50077B207,14351041000.0,203532,0.026638079302399746
RKT,Rocket Cos Inc - US,77311W101,14313427000.0,1004451,0.0265682610421857
ERJ,Embraer Sa - US ADR,29082A107,14277204000.0,240600,0.026501024724864132
HON,Honeywell International Inc - US,438516106,14239890000.0,63000,0.02643176331789792
B,Barrick Mining Corp - US,06849F108,14239789000.0,349100,0.02643157584397115
BRK/B,Berkshire Hathaway Inc - US Class B,084670702,14232240000.0,29700,0.02641756356007803
UTHR,United Therapeutics Corp - US,91307C102,14231520000.0,24000,0.026416227112283218
Q,Qnity Electronics Inc - US,74743L100,14227854000.0,123313,0.026409422365594622
DPZ,Domino's Pizza Inc - US,25754A201,14129509000.0,39381,0.02622687659006555
APP,Applovin Corp - US,03831W108,14129000000.0,35500,0.02622593179572172
CHYM,Chime Financial Inc - US,16935C109,14116876000.0,753704,0.026203427499799054
IGV,Ishares Expanded Tech-Software Sector Etf - US ETP,464287515,14104810000.0,176200,0.026181030862170968
TERN,Terns Pharmaceuticals Inc - US,880881107,14103654000.0,267520,0.026178885120989297
PJT,Pjt Partners Inc - US,69343T107,14098866000.0,100908,0.02616999774315379
PSKY,Paramount Skydance Corp - US Class B,69932A204,14057670000.0,1558500,0.026093530655160544
CHDN,Churchill Downs Inc - US,171484108,14030099000.0,156185,0.02604235398550665
CLX,Clorox Co/The - US,189054109,14000413000.0,135100,0.025987251500455492
N/A,Carnival Corp Ltd - US,G2004J103,13993316000.0,540700,0.02597407820878912
ZWS,Zurn Elkay Water Solutions Corp - US,98983L108,13980574000.0,311788,0.025950426795175906
UNP,Union Pacific Corp - US,907818108,13950650000.0,57500,0.025894882539881463
TTD,Trade Desk Inc/The - US,88339J105,13906701000.0,612900,0.025813305395250553
TW,Tradeweb Markets Inc - US,892672106,13897529000.0,118116,0.02579628053528662
NSA,National Storage Affiliates Trust - US REIT,637870106,13839560000.0,366708,0.025688679782206698
NMIH,Nmi Holdings Inc - US,629209305,13760694000.0,366854,0.025542290488059814
FMF,Formfactor Inc - US,346375108,13702941000.0,141282,0.025435090669318334
COO,Cooper Cos Inc/The - US,216648501,13656143000.0,190995,0.025348225275010447
ASTS,Ast Spacemobile Inc - US,00217D100,13646037000.0,164668,0.02532946674526824
UAL,United Airlines Holdings Inc - US,910047109,13644774000.0,148200,0.02532712239309484
VRT,Vertiv Holdings Co - US,92537N108,13631552000.0,54400,0.02530258001428508
FLY,Firefly Aerospace Inc - US,31816X106,13628532000.0,478698,0.025296974358256837
ON1,Old National Bancorp/In - US,680033107,13597997000.0,615294,0.0252402959785143
AXP,American Express Co - US,025816109,13551104000.0,44800,0.025153254247344593
AMKR,Amkor Technology Inc - US,031652100,13548176000.0,300870,0.025147819359645687
DDOG,Datadog Inc - US,23804L103,13516725000.0,114500,0.025089440721319738
NVO,Novo Nordisk A/S - US ADR,670100205,13476225000.0,366700,0.025014265532861485
EXE,Expand Energy Corp - US,165167735,13459028000.0,122600,0.02498234484851786
BSX,Boston Scientific Corp - US,101137107,13453600000.0,214400,0.024972269517086962
BMY,Bristol-Myers Squibb Co - US,110122108,13452170000.0,221800,0.024969615183272266
RL,Ralph Lauren Corp - US,751212101,13358852000.0,38835,0.02479640041199948
VST,Vistra Corp - US,92840M102,13334271000.0,88700,0.02475077371304905
MCD,Mcdonald's Corp - US,580135101,13319216000.0,42856,0.024722828960894998
BSX,Boston Scientific Corp - US,101137107,13290450000.0,211800,0.024669434159137214
SHEL,Shell PLC - US ADR,780259305,13261800000.0,142600,0.024616254673968593
SNPS,Synopsys Inc - US,871607107,13245604000.0,33408,0.02458619202329526
OWL,Blue Owl Capital Inc - US,09581B103,13216588000.0,1447600,0.02453233317716428
LOW,Lowe's Cos Inc - US,548661107,13208052000.0,55900,0.02451648884608577
TXN,Texas Instruments Inc - US,882508104,13162692000.0,67800,0.02443229263501252
LNG,Cheniere Energy Inc - US,16411R208,13109712000.0,46200,0.02433395235144416
ALV,Autoliv Inc - US,052800109,13082219000.0,124403,0.024282920463634707
BORR,Borr Drilling Ltd - US,G1466R173,13079378000.0,2266790,0.02427764706337767
XOP,State Street SPDR S&P Oil & Gas Exploration & Prod,78468R556,13044302000.0,71739,0.02421253978164034
FOLD,Amicus Therapeutics Inc - US,03152W109,13014000000.0,900000,0.024156293891253622
JEF,Jefferies Financial Group Inc - US,47233W109,13012307000.0,315297,0.024153151382758316
SPOT,Spotify Technology Sa - US,L8681T102,12995588000.0,26800,0.024122117951256253
ATI,ATI Inc - US,01741R102,12936485000.0,88935,0.0240124122928995
APAM,Artisan Partners Asset Management Inc - US,04316A108,12903712000.0,354595,0.023951579787928085
JD,Jd.Com Inc - US ADR,47215P106,12871821000.0,435300,0.02389238443150531
TROW,T Rowe Price Group Inc - US,74144T108,12858651000.0,142652,0.02386793857392518
OIH,Vaneck Oil Services Etf - US ETP,92189H607,12856303000.0,31806,0.023863580269172093
NVS,Novartis Ag - US ADR,66987V109,12831000000.0,84000,0.023816613410071866
DVN,Devon Energy Corp - US,25179M103,12811472000.0,254600,0.02378036597599253
CRWD,Crowdstrike Holdings Inc - US,22788C105,12805448000.0,32800,0.02376918436277593
PFE,Pfizer Inc - US,717081103,12798864000.0,455800,0.023756963290163354
UWMC,Uwm Holdings Corp - US,91823B109,12775103000.0,3529034,0.023712858656757017
CVNA,Carvana Co - US,146869102,12732390000.0,40500,0.023633575747507202
HL,Hecla Mining Co - US,422704106,12713112000.0,682400,0.02359779235780107
HCA,Hca Healthcare Inc - US,40412C101,12682832000.0,26800,0.023541587303319192
IREN,IREN Ltd - US,Q4982L109,12597900000.0,367500,0.023383938436501
TPD,Somnigroup International Inc - US,88023U101,12596042000.0,170401,0.023380489658719385
UAL,United Airlines Holdings Inc - US,910047109,12572987000.0,136559,0.02333769548662296
LUNR,Intuitive Machines Inc - US,46125A100,12536278000.0,675446,0.023269557067039894
BE,Bloom Energy Corp - US,093712107,12505727000.0,92300,0.023212848988457466
PGR,Progressive Corp/The - US,743315103,12493680000.0,63023,0.02319048761820175
TGB,Taseko Mines Ltd - US,876511106,12470114000.0,1933351,0.023146744939406508
MRVL,Marvell Technology Inc - US,573874104,12412946000.0,125320,0.023040630984498316
MTUM,iShares MSCI USA Momentum Factor ETF - US ETP,46432F396,12397403000.0,51658,0.023011780417727782
INSW,International Seaways Inc - US,Y41053102,12378231000.0,169844,0.022976193782835885
MGEE,Mge Energy Inc - US,55277P104,12337184000.0,159622,0.022900003265289067
STE,Steris Plc - US,G8473T100,12336400000.0,55788,0.022898548022134715
GRMN,Garmin Ltd - US,H2906T109,12296066000.0,52998,0.022823680959140263
TRL,Davita Inc - US,23918K108,12282136000.0,79915,0.022797824406665605
TSEM,Tower Semiconductor Ltd - US,M87915274,12248504000.0,69800,0.022735397445227873
GBX,Greenbrier Cos Inc/The - US,393657101,12226120000.0,232215,0.02269384876822912
VAL,Valaris Ltd - US,G9460G101,12166764000.0,124100,0.02258367349696669
SHC,Sotera Health Co - US,83601L102,12119021000.0,845120,0.022495054014928108
JBLU,Jetblue Airways Corp - US,477143101,12114305000.0,2740793,0.022486300281872075
AZZ,Azz Inc - US,002474104,12027871000.0,96123,0.022325863436459703
DK,Delek Us Holdings Inc - US,24665A103,12026704000.0,266845,0.02232369727732561
6RJ0,Rocket Lab Corp - US,773121108,11983452000.0,186600,0.022243413888407178
TD,Toronto-Dominion Bank/The - US,891160509,11962342000.0,128200,0.02220422998153424
HIMS,Hims & Hers Health Inc - US,433000106,11939076000.0,575100,0.02216104415598684
ETSY,Etsy Inc - US,29786A106,11926977000.0,238635,0.022138586264501495
DRVN,Driven Brands Holdings Inc - US,26210V102,11848356000.0,939600,0.02199265173384034
GWW,Ww Grainger Inc - US,384802104,11821108000.0,10837,0.021942074609516624
APH,Amphenol Corp - US,032095101,11813725000.0,93500,0.021928370451087306
EZPW,Ezcorp Inc - US,302301106,11791853000.0,464612,0.021887772136964863
SATS,Echostar Corp - US,278768106,11753828000.0,100400,0.021817190987801275
CHE,Chemed Corp - US,16359R103,11727316000.0,31046,0.021767980010112254
IAU,Ishares Gold Trust - US ETP,464285204,11722547000.0,132969,0.02175912789964911
DDOG,Datadog Inc - US,23804L103,11710560000.0,99200,0.021736877900042955
WULF,Terawulf Inc - US,88080T104,11640681000.0,806700,0.02160717007302383
FOXA,Fox Corp - Class A,35137L105,11629192000.0,199130,0.02158584444980909
HRI,Herc Holdings Inc - US,42704L104,11536849000.0,115890,0.02141443945159178
KSS,Kohl's Corp - US,500255104,11514979000.0,892634,0.02137384484982432
XLV,State Street Health Care Select Sector SPDR ETF -,81369Y209,11508885000.0,78500,0.02136253330418322
FTNT,Fortinet Inc - US,34959E109,11506176000.0,140800,0.021357504919355237
TMO,Thermo Fisher Scientific Inc - US,883556102,11501802000.0,23400,0.021349385999001744
ELS,Equity Lifestyle Properties Inc - US REIT,29472R108,11492770000.0,184120,0.021332621003886807
PEP,Pepsico Inc - US,713448108,11491460000.0,74000,0.021330189411371242
FLUT,Flutter Entertainment PLC - US,G3643J108,11489153000.0,112694,0.02132590720989536
SBUX,Starbucks Corp - US,855244109,11476479000.0,128100,0.021302382016351658
TRMB,Trimble Inc - US,896239100,11394637000.0,174684,0.021150468737986206
CF,Cf Industries Holdings Inc - US,125269100,11364376000.0,87526,0.021094298950876694
MDB,Mongodb Inc - US,60937P106,11360265000.0,46412,0.021086668205203808
LTC,Ltc Properties Inc - US REIT,502175102,11353123000.0,305520,0.021073411385550255
ABVX,Abivax SA - US ADR,00370M103,11314385000.0,101611,0.021001506781834305
GSHD,Goosehead Insurance Inc - US,38267D109,11297904000.0,264836,0.02097091512057552
VAL,Valaris Ltd - US,G9460G101,11225972000.0,114504,0.020837396561163686
WTS,Watts Water Technologies Inc - US,942749102,11214774000.0,38633,0.020816611085599353
IYE,Ishares U.S. Energy Etf - US ETP,464287796,11190054000.0,172766,0.02077072637797742
OGS,One Gas Inc - US,68235P108,11162362000.0,129599,0.0207193251108469
XLP,State Street Consumer Staples Select Sector SPDR E,81369Y308,11157478000.0,136100,0.020710259539972083
DUK,Duke Energy Corp - US,26441C204,11103712000.0,84800,0.020610460300894386
GIS,General Mills Inc - US,370334104,11102726000.0,298300,0.020608630109886488
BOOT,Boot Barn Holdings Inc - US,099406100,11067011000.0,75615,0.02054233673073126
CIEN,Ciena Corp - US,171779309,11064555000.0,28500,0.020537777958808952
IT,Gartner Inc - US,366651107,11035506000.0,69695,0.02048385785882071
MELI,Mercadolibre Inc - US,58733R102,11008670000.0,6367,0.02043404547962402
TMHC,Taylor Morrison Home Corp - US,87724P106,10988723000.0,188680,0.02039702030717521
TXNM,TXNM Energy Inc - US,69349H107,10985160000.0,187909,0.020390406746768376
RUN,Sunrun Inc - US,86771W105,10944832000.0,807141,0.020315550820838878
FFIV,F5 Inc - US,315616102,10938989000.0,37808,0.020304705175748467
XLI,State Street Industrial Select Sector SPDR ETF - U,81369Y704,10914673000.0,67487,0.020259570363833627
ADPT,Adaptive Biotechnologies Corp - US,00650F109,10913580000.0,786281,0.020257541561834
GM,General Motors Co - US,37045V100,10907694000.0,146412,0.020246616101111403
ASML,Asml Holding Nv - US NY Reg Shrs,N07059210,10879677000.0,8237,0.020194611576295724
VLO,Valero Energy Corp - US,91913Y100,10797396000.0,43700,0.020041883436010936
UBS,Ubs Group Ag - US,H42097107,10783359000.0,276001,0.02001582827254455
PNFP,Pinnacle Financial Partners Inc - US,72348N109,10759144000.0,124903,0.01997088093455648
EOSE,Eos Energy Enterprises Inc - US,29415C101,10738901000.0,2165101,0.019933306333569805
DVN,Devon Energy Corp - US,25179M103,10738288000.0,213400,0.019932168496766718
NOVT 6.5 11/01/28,Novanta Inc - US,67000B203,10722000000.0,200000,0.019901935077764048
ABG,Cencora Inc - US,03073E105,10712174000.0,34100,0.01988369627771983
WK,Workiva Inc - US,98139A105,10708415000.0,179581,0.01987671890652441
SMR,NuScale Power Corp - US,67079K100,10673942000.0,984681,0.019812730899815237
LEVI,Levi Strauss & Co - US,52736R102,10656582000.0,576343,0.019780507658540288
VLO,Valero Energy Corp - US,91913Y100,10639018000.0,43059,0.01974790575705681
ZM,Zoom Communications Inc - US,98980L101,10637848000.0,132328,0.019745734029390238
FNDX,Schwab Fundamental U.S. Large Company ETF - US ETP,808524771,10624302000.0,381483,0.019720590249072818
RDDT,Reddit Inc - US,75734B100,10610420000.0,78800,0.019694822793117815
CIEN,Ciena Corp - US,171779309,10598679000.0,27300,0.01967302941317489
WPM,Wheaton Precious Metals Corp - US,962879102,10585608000.0,80800,0.019648767317166548
ARES,Ares Management Corp - US,03990B101,10572008000.0,96902,0.019623523303264515
QUAL,iShares MSCI USA Quality Factor ETF - US ETP,46432F339,10534397000.0,54921,0.019553710611582946
IREN,IREN Ltd - US,Q4982L109,10503392000.0,306400,0.019496159828418794
ZETA,Zeta Global Holdings Corp - US,98956A105,10449490000.0,656375,0.019396108149202076
ADMA,Adma Biologics Inc - US,000899104,10398441000.0,1154100,0.019301352144372307
V,Visa Inc - US,92826C839,10389500000.0,34375,0.01928475606140921
EOG,Eog Resources Inc - US,26875P101,10380126000.0,71800,0.01926735625359174
QTWO,Q2 Holdings Inc - US,74736L109,10377194000.0,219391,0.01926191394118286
DUOL,Duolingo Inc - US,26603R106,10359707000.0,105100,0.01922945496536633
APD,Air Products And Chemicals Inc - US,009158106,10333891000.0,35574,0.019181535887212293
KO,Coca-Cola Co/The - US,191216100,10319985000.0,135700,0.019155723882997466
BURL,Burlington Stores Inc - US,122017106,10304134000.0,31668,0.01912630161355915
HUBS,Hubspot Inc - US,443573100,10301020000.0,42200,0.01912052147684658
EWBC,East West Bancorp Inc - US,27579R104,10290490000.0,96389,0.019100975927847434
FHN,First Horizon Corp - US,320517105,10289090000.0,452069,0.01909837727935752
ALRM,Alarm.Com Holdings Inc - US,011642105,10286778000.0,238175,0.019094085796994172
LNG,Cheniere Energy Inc - US,16411R208,10272112000.0,36200,0.019066863097884818
FNF,Fidelity National Financial Inc - US,31620R303,10241261000.0,220812,0.019009598166054555
KMPR,Kemper Corp - US,488401100,10238945000.0,335044,0.019005299258981236
EQT,Eqt Corp - US,26884L109,10226948000.0,160700,0.018983030697600156
HMC,Honda Motor Co Ltd - US ADR,438128308,10226755000.0,420681,0.018982672455344046
AEE,Ameren Corp - US,023608102,10208930000.0,92876,0.01894958609153495
RIO,Rio Tinto Plc - US ADR,767204100,10205926000.0,109400,0.01894401013434659
GTLS,Chart Industries Inc - US,16115Q308,10179130000.0,49234,0.018894272002249614
CHCO,City Holding Co - US,177835105,10173662000.0,85121,0.018884122423719004
TXT,Textron Inc - US,883203101,10172371000.0,116176,0.018881726098575802
XLU,State Street Utilities Select Sector SPDR ETF - US,81369Y886,10148803000.0,221155,0.018837979707425574
DLTR,Dollar Tree Inc - US,256746108,10132522000.0,92526,0.018807759281665355
FSLR,First Solar Inc - US,336433107,10119438000.0,51300,0.018783473055349605
MIAX,Miami International Holdings Inc - US,59356Q108,10110054000.0,259765,0.018766054685757202
OIH,Vaneck Oil Services Etf - US ETP,92189H607,10105250000.0,25000,0.01875713760908181
SMCI,Super Micro Computer Inc - US,86800U302,10103049000.0,443700,0.018753052162420163
RIG,Transocean Ltd - US,H8817H100,10049754000.0,1515800,0.018654127182941575
FIGS,Figs Inc - US,30260D103,10033985000.0,679349,0.018624857120057667
JKHY,Jack Henry & Associates Inc - US,426281101,10017207000.0,63384,0.018593714174083526
BTDR,Bitdeer Technologies Group - US,G11448100,10010965000.0,1157337,0.01858212791417349
LIN,New Linde Plc - US,G54950103,9964776000.0,20100,0.018496392931958715
SYBT,Stock Yards Bancorp Inc - US,861025104,9958614000.0,150228,0.018484955166248103
HIG,Hartford Insurance Group Inc/The - US,416515104,9950359000.0,73581,0.018469632421045067
GSL,Global Ship Lease Inc - US,Y27183600,9949606000.0,267247,0.018468234719392993
POR,Portland General Electric Co - US,736508847,9883504000.0,187294,0.018345537674764156
STX,Seagate Technology Holdings Plc - US,G7997R103,9872352000.0,25200,0.018324837583364492
MCHP,Microchip Technology Inc - US,595017104,9810124000.0,151836,0.018209331370342748
CVCO,Cavco Industries Inc - US,149568107,9799124000.0,20234,0.01818891341792199
ESTA,Establishment Labs Holdings Inc - US,G31249108,9733795000.0,171430,0.018067651198495085
GPC,Genuine Parts Co - US,372460105,9719271000.0,91908,0.01804069207658971
MCX,McCormick & Company,579780206,9710104000.0,192508,0.018023676497513245
CAVA,Cava Group Inc - US,148929102,9708000000.0,120000,0.0180197711000684
TDW,Tidewater Inc - US,88642R109,9704834000.0,116156,0.018013894442126206
NVS,Novartis Ag - US ADR,66987V109,9661438000.0,63250,0.017933343763648812
WWW,Wolverine World Wide Inc - US,978097103,9640093000.0,590692,0.017893723655065072
MNDY,Monday.Com Ltd - US,M7S64H106,9606290000.0,139000,0.017830979287276068
AZO,Autozone Inc - US,053332102,9576006000.0,2835,0.01777476680808422
DELL,Dell Technologies Inc - US Class C,24703L202,9568779000.0,58300,0.01776135221334378
MO,Altria Group Inc - US,02209S103,9561951000.0,144900,0.017748678233422965
BRO,Brown & Brown Inc - US,115236101,9540940000.0,146311,0.01770967808812182
CPA,Copa Holdings Sa - US,P31076105,9505862000.0,83671,0.017644567094029503
UL,Unilever Plc - US ADR,904767803,9491202000.0,166600,0.017617355531985106
SUNC,Sunococorp LLC - US,86765Q106,9452486000.0,153325,0.017545491764173995
TROX,Tronox Holdings Plc - US,G9087Q102,9449993000.0,967246,0.017540864313684457
RIO,Rio Tinto Plc - US ADR,767204100,9422290000.0,101000,0.017489442628601512
CCJ,Cameco Corp - US,13321L108,9405626000.0,86600,0.01745851128686155
SCHV,Schwab U.S. Large-Cap Value ETF - US ETP,808524409,9370363000.0,307225,0.01739305689993307
FBP,First Bancorp/Puerto Rico - US,318672706,9360102000.0,438207,0.017374010662679486
BXP,BXP Inc - US REIT,101121101,9351031000.0,180174,0.017357173276642327
NAT,Nordic American Tankers Ltd - US,G65773106,9345364000.0,1594772,0.01734665431879065
SE,Sea Ltd - US ADR,81141R100,9340968000.0,112800,0.017338494562532315
RELY,Remitly Global Inc - US,75960P104,9338442000.0,595944,0.017333805858185513
DUOL,Duolingo Inc - US,26603R106,9301262000.0,94362,0.01726479317900334
EXE,Expand Energy Corp - US,165167735,9287388000.0,84600,0.017239040572468278
AMT,American Tower Corp - US REIT,03027X100,9250288000.0,53600,0.017170176387485532
WBD,Warner Bros Discovery Inc - A,934423104,9248528000.0,336800,0.017166909515098208
OHI,Omega Healthcare Investors Inc - US REIT,681936100,9238220000.0,210822,0.017147776037502463
TPC,Tutor Perini Corp - US,901109108,9230535000.0,119582,0.01713351131347032
IBKR,Interactive Brokers Group Inc - US,45841N107,9228832000.0,137600,0.017130350243200088
VFC,Vf Corp - US,918204108,9228730000.0,543186,0.017130160913095823
CTRE,Caretrust Reit Inc - US REIT,14174T107,9186762000.0,250662,0.01705226085607814
GDX,Vaneck Gold Miners Etf/Usa - US ETP,92189F106,9140292000.0,99600,0.016966004287987887
ANET,Arista Networks Inc - US,040413205,9097998000.0,74100,0.01688749911710755
BAC,Bank Of America Corp - US,060505104,9096750000.0,186600,0.01688518260759654
VG,Venture Global Inc - US,92333F101,9096451000.0,577186,0.016884627610526195
RIG,Transocean Ltd - US,H8817H100,9092382000.0,1371400,0.016877074824308006
GIS,General Mills Inc - US,370334104,9075278000.0,243828,0.016845326764471216
NIO,Nio Inc - US ADR,62914V106,9074547000.0,1504900,0.01684396989872398
IDA,Idacorp Inc - US,451107106,9054719000.0,63333,0.01680716561139681
NXT,Nextpower Inc - US,65290E101,9053305000.0,75100,0.016804540976422
MAT,Mattel Inc - US,577081102,9024031000.0,621062,0.016750203236497875
OKLO,Oklo Inc - US,02156V109,9020371000.0,181899,0.016743409626874237
YPF,Ypf Sa - US ADR Class D,984245100,8994412000.0,194600,0.016695225115338733
FPS,Forgent Power Solutions Inc - US,34631F102,8994115000.0,307281,0.016694673830623372
SYF,Synchrony Financial - US,87165B103,8985102000.0,132095,0.016677944102880798
OWL,Blue Owl Capital Inc - US,09581B103,8973877000.0,982900,0.016657108510524158
TNP,Tsakos Energy Navigation Ltd - US,G9108L173,8967995000.0,227268,0.016646190474511526
GLDM,SPDR Gold MiniShares Trust - US ETP,98149E303,8953483000.0,96596,0.016619253626736066
HGV,Hilton Grand Vacations Inc - US,43283X105,8927966000.0,228220,0.016571889545652377
GT,Goodyear Tire & Rubber Co/The - US,382550101,8897042000.0,1341937,0.016514489112865138
LPTH,Lightpath Technologies Inc - US,532257805,8858777000.0,883228,0.01644346248110328
FXI,Ishares China Large-Cap Etf - US ETP,464287184,8843714000.0,246343,0.016415502879529288
SPOT,Spotify Technology Sa - US,L8681T102,8825362000.0,18200,0.016381438310181486
LULU,Lululemon Athletica Inc - US,550021109,8818560000.0,57600,0.016368812590875484
OKE,Oneok Inc - US,682680103,8776869000.0,97100,0.016291426695023304
ES,Eversource Energy - US,30040W108,8749510000.0,126292,0.016240643534997885
TER,Teradyne Inc - US,880770102,8745570000.0,29500,0.016233330195676268
CLX,Clorox Co/The - US,189054109,8719221000.0,84138,0.01618442177491857
ATO,Atmos Energy Corp - US,049560105,8679808000.0,46989,0.016111264251394985
JOBY,Joby Aviation Inc - US,G65163100,8661006000.0,1048548,0.016076364402175424
UNP,Union Pacific Corp - US,907818108,8658137000.0,35686,0.016071039028948592
JOBY 0.75 02/15/32,Joby Aviation Inc - US,47775AAA9,8657500000.0,10000000,0.01606985664388568
REAL,Realreal Inc/The - US,88339P101,8648146000.0,952439,0.016052493959618063
INSP,Inspire Medical Systems Inc - US,457730109,8625104000.0,167218,0.016009723917829045
AA,Alcoa Corp - US,013872106,8622900000.0,130000,0.01600563290263492
BBAI,BigBear.ai Holdings Inc - US,08975B109,8616826000.0,2447962,0.015994358480543674
N/A,WEBULL CORP - US,G9572D103,8616557000.0,1795116,0.015993859168798114
WMG,Warner Music Group Corp - US,934550203,8614106000.0,337279,0.01598930967776327
IDCC,Interdigital Inc - US,45867G101,8599450000.0,28475,0.01596210554042884
XLP,State Street Consumer Staples Select Sector SPDR E,81369Y308,8571747000.0,104559,0.0159106838553459
ECG,Everus Construction Group Inc - US,300426103,8566788000.0,72563,0.015901479071159123
RVMD,Revolution Medicines Inc - US,76155X100,8543607000.0,87852,0.01585845102069861
GTLB,Gitlab Inc - US,37637K108,8539663000.0,394624,0.01585113025666702
WLDN,Willdan Group Inc - US,96924N100,8489892000.0,110892,0.015758746446673046
AG,First Majestic Silver Corp - US,32076V103,8486748000.0,395100,0.015752910624635692
BTU,Peabody Energy Corp - US,704551100,8485053000.0,257513,0.0157497644037854
NET,Cloudflare Inc - US,18915M107,8480574000.0,41100,0.015741450584795168
OSCR,Oscar Health Inc - US,687793109,8471742000.0,738600,0.015725056825178788
HHH,Howard Hughes Holdings Inc- US,44267T102,8460645000.0,133744,0.015704458823541222
HBAN,Huntington Bancshares Inc/Oh - US,446150104,8452127000.0,540072,0.015688647903657586
IBP,Installed Building Products Inc - US,45780R101,8450331000.0,31870,0.015685314208880523
NEXT,Nextdecade Corp - US,65342K105,8439842000.0,1101807,0.01566584476315858
WHR,Whirlpool Corp - US,963320106,8438480000.0,156500,0.01566331664941339
BKE,Buckle Inc/The - US,118440106,8422257000.0,167241,0.015633203881947753
GSAT,Globalstar Inc - US,378973507,8397481000.0,126430,0.015587215228386226
FMC,Fmc Corp - US,302491303,8388034000.0,487110,0.015569679919611779
HAL,Halliburton Co - US,406216101,8367254000.0,214600,0.015531108551311467
ALB,Albemarle Corp - US,012653101,8348145000.0,46500,0.01549563885560162
BMNR,BitMine Immersion Technologies Inc - US,09175A206,8323424000.0,420800,0.015449752291802198
QBTS,D-Wave Quantum Inc - US,26740W109,8323311000.0,576806,0.01544954254374551
GE,General Electric Co - US,369604301,8307651000.0,29276,0.015420474804208318
POOL,Pool Corp - US,73278L105,8295530000.0,41000,0.01539797607681813
LMND,Lemonade Inc - US,52567D107,8292564000.0,132300,0.015392470654374497
MDB,Mongodb Inc - US,60937P106,8273226000.0,33800,0.015356575894018799
AMGN,Amgen Inc - US,031162100,8268475000.0,23500,0.015347757194750523
TMUS,T-Mobile Us Inc - US,872590104,8254179000.0,39300,0.015321221281313505
ADTN,Adtran Holdings Inc - US,00486H105,8239183000.0,654943,0.015293386043631528
ASTE,Astec Industries Inc - US,046224101,8221045000.0,152694,0.015259718696267185
LQD,Ishares Iboxx  Investment Grade Corporate Bond Etf,464287242,8174250000.0,75000,0.015172858870491772
BGC,BGC Group Inc - US,088929104,8158310000.0,834183,0.015143271401256595
GILD,Gilead Sciences Inc - US,375558103,8134888000.0,58369,0.015099796012020317
WIX,Wix.Com Ltd - US,M98068105,8133321000.0,90300,0.015096887381889105
KLAC,Kla Corp - US,482480100,8098255000.0,5500,0.015031798661926702
TRUP,Trupanion Inc - US,898202106,8072963000.0,315227,0.014984852220778893
WFC,Wells Fargo & Co - US,949746101,8072454000.0,101400,0.01498390742643506
DOCN,Digitalocean Holdings Inc - US,25402D102,8071898000.0,94100,0.014982875391749065
FANG,Diamondback Energy Inc - US,25278X109,8050053000.0,40700,0.014942327194418927
LMT,Lockheed Martin Corp - US,539830109,8038387000.0,13300,0.014920673027787962
CLX,Clorox Co/The - US,189054109,8010599000.0,77300,0.014869093567618133
JD,Jd.Com Inc - US ADR,47215P106,8008502000.0,270832,0.014865201163415737
SWK,Stanley Black & Decker Inc - US,854502101,8006259000.0,112669,0.014861037757299396
ULTA,Ulta Beauty Inc - US,90384S303,7997463000.0,15300,0.014844710820072757
BRBR,BellRing Brands Inc - US,07831C103,7975942000.0,495708,0.014804764024250284
CSIQ,Canadian Solar Inc - US,136635109,7971354000.0,575549,0.014796247881913334
BHP,Bhp Group Ltd - US ADR,088606108,7965030000.0,109500,0.014784509415448888
JPX,Aerovironment Inc - US,008073108,7944370000.0,43400,0.014746160788447711
FCX,Freeport-Mcmoran Inc - US,35671D857,7941178000.0,135100,0.014740235869890707
ABCL,Abcellera Biologics Inc - US,00288U106,7934477000.0,2273489,0.014727797624511476
TJX,Tjx Cos Inc/The - US,872540109,7921120000.0,49600,0.014703004661740194
ITRI,Itron Inc - US,465741106,7914239000.0,88299,0.014690232304412262
STX,Seagate Technology Holdings Plc - US,G7997R103,7913552000.0,20200,0.01468895711047471
MPC,Marathon Petroleum Corp - US,56585A102,7911432000.0,32400,0.014685022014189981
WIX,Wix.Com Ltd - US,M98068105,7908146000.0,87800,0.014678922614948655
FIVN,Five9 Inc - US,338307101,7899914000.0,520759,0.014663642561827952
BANC,Banc Of California Inc - US,05990K106,7898254000.0,449275,0.014660561307189911
SCHW,Charles Schwab Corp/The - US,808513105,7875524000.0,83800,0.014618370392778645
WMK,Weis Markets Inc - US,948849104,7866697000.0,115027,0.01460198591404973
SYM,Symbotic Inc - US,87151X101,7858810000.0,147722,0.014587346242164045
HSBC,Hsbc Holdings Plc - US ADR,404280406,7853048000.0,95200,0.014576650947450552
ARES,Ares Management Corp - US,03990B101,7833380000.0,71800,0.01454014364852223
NKE,Nike Inc - US Class B,654106103,7833206000.0,148300,0.014539820673638482
HG,Hamilton Insurance Group Ltd - US Class B,G42706104,7813730000.0,261942,0.01450366976078878
N/A,Ascendis Pharma A/S - US,K08588103,7799693000.0,34100,0.014477614597322393
HLT,Hilton Worldwide Holdings Inc - US,43300A203,7784448000.0,25600,0.014449317171444712
RACE,Ferrari Nv - US,N3167Y103,7784350000.0,23000,0.01444913526605042
LYV,Live Nation Entertainment Inc - US,538034109,7778010000.0,51000,0.014437367100746088
ROKU,Roku Inc - US,77543R102,7773033000.0,82150,0.01442812890536444
ARRY,Array Technologies Inc - US,04271T100,7764586000.0,1073940,0.014412449774082788
HUM,Humana Inc - US,444859102,7750533000.0,44700,0.01438636491177652
MRNA,Moderna Inc - US,60770K107,7726680000.0,152100,0.014342089510040843
NTST,Netstreit Corp - US REIT,64119V303,7719923000.0,409980,0.014329547318722019
ASTS,Ast Spacemobile Inc - US,00217D100,7715197000.0,93100,0.014320775023891062
TCOM,Trip.Com Group Ltd - US ADR,89677Q107,7700621000.0,154662,0.014293719380756058
PFE,Pfizer Inc - US,717081103,7685496000.0,273700,0.014265644696177514
MCB,Metropolitan Bank Holding Corp - US,591774104,7679088000.0,92197,0.014253750310803674
QCOM,Qualcomm Inc - US,747525103,7662410000.0,59500,0.014222792982578811
ABBV,Abbvie Inc - US,00287Y109,7633899000.0,35100,0.014169871506081693
TTWO,Take-Two Interactive Software Inc - US,874054109,7623500000.0,38600,0.014150569116334102
LAMR,Lamar Advertising Co - US REIT,512816109,7616319000.0,60132,0.01413723990575833
TMC,Tmc The Metals Co Inc - US,87261Y106,7610993000.0,1629763,0.014127353904431695
O,Realty Income Corp - US REIT,756109104,7610792000.0,124400,0.014126980812755643
ADP,Automatic Data Processing Inc - US,053015103,7598932000.0,37400,0.014104966547691077
ERJ,Embraer Sa - US ADR,29082A107,7590595000.0,127917,0.014089491595933631
DLO,Dlocal Ltd/Uruguay - US,G29018101,7585362000.0,584839,0.014079778219113829
MMM,3M Co - US,88579Y101,7566483000.0,52100,0.014044735444227322
MGV,Vanguard Mega Cap Value ETF - US ETP,921910840,7562331000.0,52172,0.014037028595277232
SCHX,Schwab Us Large-Cap Etf - US ETP,808524201,7557493000.0,294754,0.014028048408567083
RY,Royal Bank Of Canada - US,780087102,7555126000.0,46700,0.014023654836441635
CBOE,Cboe Global Markets Inc - US,12503M108,7552632000.0,26871,0.0140190255297746
OTTR,Otter Tail Corp - US,689648103,7536459000.0,85866,0.013989005571183601
WMT,Walmart Inc - US,931142103,7531368000.0,60600,0.013979555771567774
ACGL,Arch Capital Group Ltd - US,G0450A105,7515441000.0,78294,0.013949992432640005
NU,NU Holdings Ltd/Cayman Islands - US,G6683N103,7479585000.0,520500,0.013883437332458292
MDT,Medtronic Plc - US,G5960L103,7477895000.0,86300,0.013880300392495467
ELV,Elevance Health Inc - US,036752103,7464832000.0,25499,0.013856053145907066
KBE,State Street SPDR S&P Bank ETF - US ETP,78464A797,7443750000.0,125000,0.013816921212003931
HD,Home Depot Inc/The - US,437076102,7432914000.0,22600,0.013796807672691988
FTCS,First Trust Capital Strength ETF - US ETP,33733E104,7419965000.0,79991,0.013772772030337766
FCX,Freeport-Mcmoran Inc - US,35671D857,7418212000.0,126203,0.013769518151192893
AMAT,Applied Materials Inc - US,038222105,7416843000.0,21700,0.013766977044205255
CXT,Crane NXT Co - US,224441105,7412262000.0,182613,0.013758473895110755
SGOL,abrdn Gold ETF Trust - US ETP,00326A104,7384699000.0,165502,0.013707312074876804
ENPH,Enphase Energy Inc - US,29355A107,7384293000.0,195300,0.01370655846681473
WHR,Whirlpool Corp - US,963320106,7370864000.0,136700,0.013681631859263965
SYY,Sysco Corp - US,871829107,7367890000.0,103293,0.013676111587400388
XLV,State Street Health Care Select Sector SPDR ETF -,81369Y209,7330500000.0,50000,0.013606709110944727
QLYS,Qualys Inc - US,74758T303,7326690000.0,83400,0.013599637074697172
LUV,Southwest Airlines Co - US,844741108,7314729000.0,194696,0.013577435335705833
PUMP,Propetro Holding Corp - US,74347M108,7309516000.0,507253,0.013567759082435885
SMMT,Summit Therapeutics Inc - US,86627T108,7299372000.0,384988,0.013548930017948959
ARIS,Aris Mining Corp - US,04040Y109,7270656000.0,391527,0.013495628025065815
MRNA,Moderna Inc - US,60770K107,7270242000.0,143115,0.013494859567583797
CVS,Cvs Health Corp - US,126650100,7268184000.0,101200,0.01349103955430362
APP,Applovin Corp - US,03831W108,7263898000.0,18251,0.013483083977569496
OLLI,Ollie's Bargain Outlet Holdings Inc - US,681116109,7235172000.0,78609,0.013429763422911424
ICLR,Icon Plc - US,G4705A100,7234397000.0,65375,0.013428324885354505
CSGP,Costar Group Inc - US,22160N109,7232276000.0,179283,0.013424387932892284
FTI,Technipfmc Plc - US,G87110105,7196433000.0,104100,0.013357856963017977
SLB,SLB Ltd - US,806857108,7168905000.0,139500,0.013306760108996278
ABG,Cencora Inc - US,03073E105,7163963000.0,22805,0.013297586879826878
NTSK,Netskope Inc - US,64119N608,7158276000.0,843142,0.013287030798425343
GEV,GE Vernova LLC - US,36828A101,7157780000.0,8200,0.013286110134388915
ESS,Essex Property Trust Inc - US REIT,297178105,7146744000.0,29532,0.013265625359578414
RCL,Royal Caribbean Cruises Ltd - US,V7780T103,7127162000.0,25900,0.013229277691914475
DG,Dollar General Corp - US,256677105,7123800000.0,60000,0.01322303722318369
TALO,Talos Energy Inc - US,87484T108,7105853000.0,450879,0.013189724405720471
AMPX,Amprius Technologies Inc - US,03214Q108,7075484000.0,419661,0.013133354151441734
LMND,Lemonade Inc - US,52567D107,7041597000.0,112342,0.013070453864743339
TEVA,Teva Pharmaceutical Industries Ltd - US ADR,881624209,7033020000.0,233500,0.013054533430387625
CSCO,Cisco Systems Inc/Delaware - US,17275R102,7026550000.0,90560,0.013042523962009231
ALAB,Astera Labs Inc - US,04626A103,7025360000.0,64100,0.013040315110792802
VIG,Vanguard Dividend Appreciation Etf - US ETP,921908844,7023860000.0,32660,0.013037530844553608
CENTA,Central Garden & Pet Company - A,153527205,7002947000.0,216007,0.012998712604646755
DOCN,Digitalocean Holdings Inc - US,25402D102,6973914000.0,81300,0.012944822203498395
DOW,Dow Inc - US,260557103,6963880000.0,167200,0.012926197318535674
U,Unity Software Inc - US,91332U101,6948398000.0,316700,0.0128974599785922
N/A,James Hardie Industries Plc - US ADR,G4253H101,6947173000.0,366799,0.012895186161163523
IUSG,Ishares Core S&P U.S. Growth Etf - US ETP,464287671,6924421000.0,44642,0.012852954410847418
IRMD,Iradimed Corp - US,46266A109,6914933000.0,71836,0.012835342998795764
BAC,Verizon Communications Inc - US,92343V104,6912540000.0,137700,0.012830901166055501
SNOW,Snowflake Inc - US,833445109,6907556000.0,45800,0.012821649977431406
RH,Rh - US,74967X103,6907108000.0,49400,0.012820818409914631
KD,Kyndryl Holdings Inc - US,50155Q100,6902616000.0,526114,0.01281248046061699
NSY,Nice Ltd - US ADR,653656108,6891250000.0,62500,0.012791383147233866
FTDR,Frontdoor Inc - US,35905A109,6879253000.0,130141,0.012769114585852784
VTV,Vanguard Value Etf - US ETP,922908744,6875829000.0,35045,0.012762759034117449
WMB,Williams Cos Inc/The - US,969457100,6863154000.0,94300,0.012739231984396256
SHOP,Shopify Inc - US,82509L107,6856236000.0,57800,0.012726390948501089
CF,Cf Industries Holdings Inc - US,125269100,6855552000.0,52800,0.012725121323096018
IBM,International Business Machines Corp - US,459200101,6835398000.0,28200,0.012687711921906196
LYB,Lyondellbasell Industries Nv - US,N53745100,6831488000.0,84800,0.012680454267909362
SAP,Sap Se - US ADR,803054204,6831279000.0,39900,0.012680066326813367
INVH,Invitation Homes Inc - US REIT,46187W107,6825550000.0,274670,0.012669432285957136
JPX,Aerovironment Inc - US,008073108,6814219000.0,37226,0.012648399938786258
LMND,Lemonade Inc - US,52567D107,6807048000.0,108600,0.012635089289985416
PAAS,Pan American Silver Corp - US,697900108,6795153000.0,124385,0.012613010058708601
FENY,Fidelity MSCI Energy Index ETF - US ETP,316092402,6778077000.0,199238,0.012581313971841607
NOG,Northern Oil And Gas Inc - US,665531307,6772182000.0,231686,0.012570371805521572
SPLG,State Street SPDR Portfolio S&P 500 ETF - US ETP,78464A854,6762003000.0,88346,0.012551477774822397
MORN,Morningstar Inc - US,617700109,6762000000.0,40000,0.012551472206289918
ARKK,Ark Innovation Etf - US ETP,00214Q104,6759000000.0,100000,0.012545903673811528
WULF,Terawulf Inc - US,88080T104,6753240000.0,468000,0.012535212091453023
EWW,Ishares Msci Mexico Etf - US ETP,464286822,6751817000.0,89749,0.012532570750880772
KEYS,Keysight Technologies Inc - US,49338L103,6748643000.0,23900,0.012526679243518636
PLOW,Douglas Dynamics Inc - US,25960R105,6733221000.0,159972,0.012498053274224728
FSV,FirstService Corp - US,33767E202,6696908000.0,48200,0.012430649900928807
MC,Moelis & Co - US,60786M105,6691686000.0,117398,0.012420956942061424
FLNC,Fluence Energy Inc - US,34379V103,6684319000.0,485779,0.012407282482471995
FCPT,Four Corners Property Trust Inc - US REIT,35086T109,6667124000.0,281908,0.012375365510483358
GDDY,Godaddy Inc - US,380237107,6661797000.0,80583,0.01236547765297923
FTI,Technipfmc Plc - US,G87110105,6658878000.0,96324,0.012360059470877758
TMO,Thermo Fisher Scientific Inc - US,883556102,6652367000.0,13534,0.01234797389922216
DHI,Dr Horton Inc - US,23331A109,6629647000.0,48314,0.012305801546585822
SHOP,Shopify Inc - US,82509L107,6618996000.0,55800,0.012286031400110049
THO,Thor Industries Inc - US,885160101,6605385000.0,82681,0.012260766968255593
VHT,Vanguard Health Care Etf - US ETP,92204A504,6598284000.0,24229,0.012247586251879246
DAN,Dana Inc - US,235825205,6575950000.0,195422,0.01220613038375513
TSEM,Tower Semiconductor Ltd - US,M87915274,6562952000.0,37400,0.01218200378870376
MCD,Mcdonald's Corp - US,580135101,6557669000.0,21100,0.012172197603009317
N/A,Etoro Group Ltd - US,G32089107,6533927000.0,217580,0.012128128236975342
VG,Venture Global Inc - US,92333F101,6526216000.0,414100,0.012113815252328389
EXPO,Exponent Inc - US,30214U102,6525000000.0,100000,0.012111558140497148
EWC,Ishares Msci Canada Etf - US ETP,464286509,6501875000.0,118669,0.012068634035976229
SFBS,Servisfirst Bancshares Inc - US,81768T108,6501607000.0,89271,0.01206813658040816
GRAB,GRAB HOLDINGS LTD - CL A - US,G4124C109,6500072000.0,1775976,0.012065287347956716
N/A,Archimedes Tech SPAC Partners III Co - US Unit,G0453R121,6500000000.0,650000,0.012065153703177236
EQT,Eqt Corp - US,26884L109,6497644000.0,102100,0.012060780549004207
RGLD,Royal Gold Inc - US,780287108,6489495000.0,25500,0.012045654558615409
EL,Estee Lauder Cos Inc/The - US,518439104,6488008000.0,90400,0.01204289442268362
N/A,Legato Merger Corp IV - US Unit,G7318R121,6487000000.0,650000,0.012041023395770881
MLYS,Mineralys Therapeutics Inc - US,603170101,6482637000.0,239300,0.012032924893369809
ROKU,Roku Inc - US,77543R102,6481470000.0,68500,0.012030758734235716
BCS,Barclays Plc - US ADR,06738E204,6478684000.0,306176,0.012025587423740786
ST,Sensata Technologies Holding Plc - US,G8060N102,6470372000.0,183713,0.012010158876420662
DECK,Deckers Outdoor Corp - US,243537107,6405760000.0,64000,0.011890227536256095
CCJ,Cameco Corp - US,13321L108,6397129000.0,58900,0.011874206868315767
BHF,Brighthouse Financial Inc - US,10922N103,6389196000.0,106700,0.011859481812265413
ADMA,Adma Biologics Inc - US,000899104,6379882000.0,708089,0.011842193375097506
FCNCA,First Citizens Bancshares Inc/Nc - US,31946M103,6366381000.0,3378,0.01181713312276726
FHN,First Horizon Corp - US,320517105,6365972000.0,279700,0.011816373946172706
N/A,Carnival Corp Ltd - US,G2004J103,6355119000.0,245561,0.011796228851843386
QCOM,Qualcomm Inc - US,747525103,6352975000.0,49332,0.01179224920729883
BE,Bloom Energy Corp - US,093712107,6350145000.0,46868,0.011786996224994217
AGCO,Agco Corp - US,001084102,6341333000.0,54728,0.011770639588927694
ENVX,Enovix Corp - US,293594107,6339735000.0,1223887,0.011767673417294205
ELV,Elevance Health Inc - US,036752103,6323400000.0,21600,0.011737352757949375
ABNB,Airbnb Inc - US,009066101,6301372000.0,49900,0.011696464880138053
UDR,Udr Inc - US REIT,902653104,6289667000.0,186195,0.01167473832258487
VEEV,Veeva Systems Inc - US,922475108,6286169000.0,35786,0.011668245413715068
FANG,Diamondback Energy Inc - US,25278X109,6269943000.0,31700,0.011638127077716953
GOOS,Canada Goose Holdings Inc - US,135086106,6267128000.0,571297,0.01163290193807473
XYZ,Block Inc - US,852234103,6258720000.0,104000,0.011617295197715297
SDGR,Schrodinger Inc/United States - US,80810D103,6254134000.0,550540,0.011608782767733332
NWSA,News Corp/new-cl A,65249B109,6222254000.0,249589,0.01154960782926298
DAL,Delta Air Lines Inc - US,247361702,6202584000.0,93300,0.011513096817979672
ZION,Zions Bancorp Na - US,989701107,6199912000.0,107600,0.01150813711171892
DRH,Diamondrock Hospitality Co - US REIT,252784301,6183469000.0,659922,0.011477615985204867
ESE,Esco Technologies Inc - US,296315104,6174665000.0,21945,0.011461274198558287
CMG,Chipotle Mexican Grill Inc - US,169656105,6158724000.0,192400,0.011431684873145618
OXY,Occidental Petroleum Corp - US,674599105,6150755000.0,94627,0.011416892994705522
COHR,Coherent Corp - US,19247G107,6145818000.0,25800,0.011407729046423586
FIG,Figma Inc - US,316841105,6122144000.0,289600,0.011363785900459122
BKH,Black Hills Corp - US,092113109,6121962000.0,88200,0.011363448076155434
EQNR,Equinor Asa - US ADR,29446M102,6118578000.0,144990,0.01135716677151981
BBWI,Bath & Body Works Inc - US,070830104,6113305000.0,327440,0.011347379147600294
MDGL,Madrigal Pharmaceuticals Inc - US,558868105,6087956000.0,11630,0.011300326904335394
QRVO,Qorvo Inc - US,74736K101,6083640000.0,78600,0.011292315642276486
ZS,Zscaler Inc - US,98980G102,6060528000.0,43200,0.011249415668062973
CXW,Corecivic Inc - US,21871N101,6057194000.0,320317,0.01124322717230199
SLI,Standard Lithium Ltd - US,853606101,6054189000.0,1775422,0.011237649358936137
ETN,Eaton Corp Plc - US,G29183103,6044623000.0,16900,0.011219893165040044
BBVA,Banco Bilbao Vizcaya Argentaria Sa - US ADR,05946K101,6032115000.0,278491,0.011196676096960146
XYZ,Block Inc - US,852234103,6024018000.0,100100,0.011181646627800974
AIZ,Assurant Inc - US,04621X108,6023318000.0,27654,0.011180347303556016
EXR,Extra Space Storage Inc - US REIT,30225T102,6021752000.0,45922,0.011177440529602296
REZI,Resideo Technologies Inc - US,76118Y104,6011572000.0,178332,0.011158544642725629
ONON,On Holding Ag - US,H5919C104,6011334000.0,176700,0.011158102872482343
HLT,Hilton Worldwide Holdings Inc - US,43300A203,5992200000.0,19706,0.011122586772335174
BLCO,BAUSCH PLUS LOMB CORP,071705107,5985491000.0,376446,0.011110133677536002
CRDO,Credo Technology Group Holding Ltd - US,G25457105,5985339000.0,63762,0.011109851538557097
AFL,Aflac Inc - US,001055102,5983035000.0,54535,0.011105574905613693
BTG,B2Gold Corp - US,11777Q209,5975102000.0,1319007,0.01109084984956334
TGT,Target Corp - US,87612E106,5963040000.0,49200,0.011068460636645228
PSX,Phillips 66 - US,718546104,5957286000.0,32700,0.011057780191351677
SE,Sea Ltd - US ADR,81141R100,5953625000.0,71895,0.01105098472555055
WEC,Wec Energy Group Inc - US,92939U106,5936917000.0,51282,0.011019971712000906
DUK,Duke Energy Corp - US,26441C204,5931582000.0,45300,0.011010069005076836
DBX,Dropbox Inc - US,26210C104,5913016000.0,260256,0.010975607213745575
COHR,Coherent Corp - US,19247G107,5887598000.0,24716,0.010928426894233675
DV,Doubleverify Holdings Inc - US,25862V105,5879607000.0,618906,0.010913594179888738
ON,On Semiconductor Corp - US,682189105,5870016000.0,94800,0.010895791581555327
SPGI,S&P Global Inc - US,78409V104,5869692000.0,13800,0.010895190180047662
CFG,Citizens Financial Group Inc - US,174610105,5865066000.0,97800,0.010886603502965985
FTI,Technipfmc Plc - US,G87110105,5834572000.0,84400,0.010830001226500647
QURE,Uniqure Nv - US,N90064101,5820600000.0,356000,0.010804066714571296
TXT,Textron Inc - US,883203101,5813984000.0,66400,0.010791786244278954
PTK,POET Technologies Inc - US,73044W302,5809807000.0,978082,0.010784032990891543
PM,Philip Morris International Inc - US,718172109,5803434000.0,35100,0.010772203571729951
CG,Carlyle Group Inc/The - US,14316J108,5792283000.0,119700,0.010751505336507776
KRE,State Street SPDR S&P Regional Banking ETF - US ET,78464A698,5790858000.0,88885,0.010748860283580542
COST,Costco Wholesale Corp - US,22160K105,5779294000.0,5800,0.010727395447053843
LEN,Lennar Corp - US,526057104,5774860000.0,66500,0.010719165156050783
TRS,Trimas Corp - US,896215209,5767795000.0,160484,0.010706051262064175
RRR,Red Rock Resorts Inc - US,75700L108,5756103000.0,107873,0.010684348834818398
AGI,Alamos Gold Inc - US,011532108,5753374000.0,129493,0.010679283326440556
FIG,Figma Inc - US,316841105,5752194000.0,272100,0.010677093036999059
POST,Post Holdings Inc - US,737446104,5742283000.0,58085,0.010658696461867952
GOOG,"Alphabet, Inc. - C Shares",02079K107,5706219000.0,19892,0.010591755276767739
TFC,Truist Financial Corp - US,89832Q109,5681892000.0,123600,0.010546600046900478
NVS,Novartis Ag - US ADR,66987V109,5667025000.0,37100,0.010519004256115074
MA,Mastercard Inc - US,57636Q104,5646158000.0,11300,0.010480271400372889
AVA,Avista Corp - US,05379B107,5606635000.0,139677,0.010406909697325092
M,Macy's Inc - US,55616P104,5598837000.0,309499,0.010392435225236266
OXY,Occidental Petroleum Corp - US,674599105,5583500000.0,85900,0.010363967031029245
NG,Novagold Resources Inc - US,66987E206,5576957000.0,621042,0.010351822061693878
LUV,Southwest Airlines Co - US,844741108,5571631000.0,148300,0.010341936060367244
GSAT,Globalstar Inc - US,378973507,5565996000.0,83800,0.010331476500195336
KMI,Kinder Morgan Inc - US,49456B101,5562627000.0,165900,0.010325223038222104
GRND,Grindr Inc - US,39854F101,5561400000.0,460000,0.010322945508438442
ACVA,Acv Auctions Inc - US,00091G104,5528515000.0,1303895,0.01026190511158783
RUN,Sunrun Inc - US,86771W105,5528412000.0,407700,0.010261713925306072
SU,Suncor Energy Inc - US,867224107,5526796000.0,83600,0.010258714342477713
ATEN,A10 Networks Inc - US,002121101,5522374000.0,238857,0.010250506325604567
N/A,Adecoagro Sa - US,L00849106,5511153000.0,366921,0.010229678157957897
KBR,Kbr Inc - US,48242W106,5506995000.0,149403,0.01022196017194285
ACN,Accenture Plc - US,G1151C101,5492633000.0,27700,0.010195301750791306
AMRC,Ameresco Inc - US,02361E108,5488722000.0,215244,0.010188042240616979
RDDT,Reddit Inc - US,75734B100,5480255000.0,40700,0.01017232598578547
CSTL,Castle Biosciences Inc - US,14843C105,5474208000.0,222982,0.01016110168048653
MOD,Modine Manufacturing Co - US,607828100,5471494000.0,25248,0.010156064014771081
KEYS,Keysight Technologies Inc - US,49338L103,5439576000.0,19264,0.010096818541556002
LEN,Lennar Corp - US,526057104,5436184000.0,62600,0.010090522387500436
SNPS,Synopsys Inc - US,871607107,5431776000.0,13700,0.01008234035711219
TLN,Talen Energy Corp - US,87422Q109,5426910000.0,17000,0.010073308197432242
CSGP,Costar Group Inc - US,22160N109,5413628000.0,134200,0.01004865444797292
PCTY,Paylocity Holding Corp - US,70438V106,5379204000.0,49789,0.009984757393960892
HCI,Hci Group Inc - US,40416E103,5371770000.0,34744,0.009970958570479443
DOCS,Doximity Inc - US,26622P107,5332881000.0,228879,0.009898773683962081
UPST,Upstart Holdings Inc - US,91680M107,5306985000.0,206900,0.009850706111608622
ZTS,Zoetis Inc - US,98978V103,5295808000.0,44800,0.009829959615771634
AG,First Majestic Silver Corp - US,32076V103,5277443000.0,245691,0.009795870916116427
INTA,Intapp Inc - US,45827U109,5265885000.0,204978,0.009774417216654686
USB,Us Bancorp - US,902973304,5263412000.0,101200,0.009769826889715
UPS,United Parcel Service Inc - US Class B,911312106,5253492000.0,53400,0.009751413608986459
CPRT,Copart Inc - US,217204106,5230627000.0,157549,0.009708972110613667
GRC,Gorman-Rupp Co/The - US,383082104,5218920000.0,84000,0.009687241840705497
LW,Lamb Weston Holdings Inc - US,513272104,5218392000.0,123483,0.009686261778989302
ADNT,Adient Plc - US,G0084W101,5216686000.0,258124,0.00968309514018659
CDW,Cdw Corp/De - US,12514G108,5215962000.0,43100,0.009681751267681806
TERN,Terns Pharmaceuticals Inc - US,880881107,5214008000.0,98900,0.009678124296860883
THC,Tenet Healthcare Corp - US,88033G407,5208396000.0,27600,0.009667707428771308
OCUL,Ocular Therapeutix Inc - US,67576A100,5203782000.0,614378,0.009659143025819545
FLUT,Flutter Entertainment PLC - US,G3643J108,5199450000.0,51000,0.009651102064920751
ZM,Zoom Communications Inc - US,98980L101,5193194000.0,64600,0.009639489818525816
GLPI,Gaming And Leisure Properties Inc - US REIT,36467J108,5185877000.0,116878,0.009625908167811024
MZTI,Marzetti Company/The - US,513847103,5172297000.0,37391,0.009600701277458847
N/A,Amcor Plc - US,G0250X149,5161299000.0,129844,0.009580287037393071
NCNO,nCino Inc - US,63947X101,5158872000.0,344384,0.009575782094618054
LWAY,Lifeway Foods Inc - US,531914109,5152137000.0,266398,0.00956328073920407
HD,Home Depot Inc/The - US,437076102,5149760000.0,15658,0.009558868605303692
CPB,The Campbell's Company - US,134429109,5131008000.0,230400,0.009524061564958773
SPYG,State Street SPDR Portfolio S&P 500 Growth ETF - U,78464A409,5127253000.0,52367,0.009517091618473323
OKTA,Okta Inc - US,679295105,5124021000.0,65100,0.009511092452816604
DINO,HF Sinclair Corp - US,403949100,5115980000.0,82000,0.009496166929597026
RGR,Sturm Ruger & Co Inc - US,864159108,5107466000.0,127400,0.009480363434423357
PYPL,Paypal Holdings Inc - US,70450Y103,5103798000.0,112841,0.00947355497537978
CL,Colgate-Palmolive Co - US,194162103,5088231000.0,59700,0.009444659860349416
AXTA,Axalta Coating Systems Ltd - US,G0750C108,5073421000.0,183156,0.0094171698716811
HOOD,Robinhood Markets Inc - US,770700102,5065414000.0,73094,0.00940230745849628
PFBC,Preferred Bank/Los Angeles Ca - US,740367404,5059686000.0,55791,0.00939167527381754
BRKR,Bruker Corp - US,116794108,5056800000.0,140000,0.00938631834557333
HOMB,Home Bancshares Inc/Ar - US,436893200,5044447000.0,187317,0.009363388985004816
NTES,Netease Inc - US ADR,64110W102,5014912000.0,44800,0.00930856678275507
N/A,Bank Of Nt Butterfield & Son Ltd/The - US,G0772R208,5008429000.0,95435,0.00929653318406927
VMI,Valmont Industries Inc - US,920253101,5007012000.0,12531,0.009293902980561979
OKTA,Okta Inc - US,679295105,5003910000.0,63574,0.009288145117979322
GIS,General Mills Inc - US,370334104,5002368000.0,134400,0.00928528289228543
KKR,Kkr & Co Inc - US,48251W104,4995000000.0,54000,0.009271606576518506
MET,Metlife Inc - US,59156R108,4983921000.0,70474,0.009251041986075815
RH,Rh - US,74967X103,4977592000.0,35600,0.009239294238723906
GTX,Garrett Motion Inc - US,366505105,4974110000.0,273754,0.009232831028693987
ARE,Alexandria Real Estate Equities Inc - US REIT,015271109,4971582000.0,107100,0.009228138611992199
CVNA,Carvana Co - US,146869102,4967204000.0,15800,0.009220012266928734
ELF,Elf Beauty Inc - US,26856L103,4959838000.0,81832,0.009206339663516796
HDV,Ishares Core High Dividend Etf - US ETP,46429B663,4956766000.0,36522,0.009200637486258925
OKLO,Oklo Inc - US,02156V109,4949082000.0,99800,0.009186374618404278
RIOT,Riot Platforms Inc - US,767292105,4944260000.0,400021,0.009177424130534012
FSLY,Fastly Inc - US,31188V100,4943106000.0,170100,0.009175282101707325
HAS,Hasbro Inc - US,418056107,4935622000.0,52731,0.009161390469351235
TD,Toronto-Dominion Bank/The - US,891160509,4908106000.0,52600,0.009110315889459448
MNDY,Monday.Com Ltd - US,M7S64H106,4906810000.0,71000,0.009107910283428784
BKU,Bankunited Inc - US,06652K103,4894396000.0,108379,0.009084867696033208
GTLB,Gitlab Inc - US,37637K108,4886312000.0,225800,0.00906986235718144
COMM,Vistance Networks Inc - US,20337X109,4884880000.0,268400,0.009067204311011755
RTX,RTX Corp - US,75513E101,4861080000.0,25200,0.0090230272866832
DEO,Diageo Plc - US ADR,25243Q205,4854140000.0,65200,0.009010145414883191
STZ,Constellation Brands Inc - US,21036P108,4845000000.0,32300,0.008993179952599031
FLEX,Flex Ltd - US,Y2573F102,4840898000.0,73952,0.00898556591252358
BSY,Bentley Systems Inc - US,08265T208,4839852000.0,137809,0.008983624350866115
BKSY,Blacksky Technology Inc - US,09263B207,4838947000.0,192327,0.008981944510235134
VRT,Vertiv Holdings Co - US,92537N108,4836194000.0,19300,0.008976834453597466
REPL,Replimune Group Inc - US,76029N106,4834035000.0,631900,0.008972826966390518
FI,Fiserv Inc - US,337738108,4832280000.0,86600,0.00896956937489066
LXU,Lsb Industries Inc - US,502160104,4820761000.0,323541,0.008948188066351137
EXTR,Extreme Networks Inc - US,30226D106,4780224000.0,316991,0.008872944199325645
OLED,Universal Display Corp - US,91347P105,4766137000.0,51998,0.008846796226984623
EVLV,Evolv Technologies Holdings Inc - US,30049H102,4763691000.0,787387,0.008842256016837241
APLD,Applied Digital Corp - US,038169207,4762244000.0,200600,0.008839570128005165
MOS,Mosaic Co/The - US,61945C103,4760850000.0,186700,0.008836982616580207
PPL,Ppl Corp - US,69351T106,4759720000.0,124600,0.008834885136013347
WBD,Warner Bros Discovery Inc - A,934423104,4758818000.0,173300,0.008833210863914844
OMDA,Omada Health Inc - US,68170A108,4756966000.0,378438,0.008829773223198185
LYB,Lyondellbasell Industries Nv - US,N53745100,4753040000.0,59000,0.008822485870361467
IBCP,Independent Bank Corp/Mi - US,453838609,4733961000.0,142161,0.008787071859976401
SFM,Sprouts Farmers Market Inc - US,85208M102,4720356000.0,61200,0.008761818565186905
CTRA,Coterra Energy Inc - US,127097103,4719302000.0,134300,0.008759862154109498
BLDR,Builders Firstsource Inc - US,12008R107,4717509000.0,57300,0.008756534027864913
NTR,Nutrien Ltd - US,67077M108,4708704000.0,62400,0.00874019038504084
MSI,Motorola Solutions Inc - US,620076307,4708575000.0,10850,0.00873995093814427
MDB,Mongodb Inc - US,60937P106,4699584000.0,19200,0.008723262046306536
ORLA,Orla Mining Ltd - US,68634K106,4696217000.0,291148,0.00871701229668829
PPL,Ppl Corp - US,69351T106,4694780000.0,122900,0.008714344969631142
IDXX,Idexx Laboratories Inc - US,45168D104,4687286000.0,8342,0.008700434775500126
CGNX,Cognex Corp - US,192422103,4680113000.0,95532,0.008687120414344296
RCUS,Arcus Biosciences Inc - US,03969F109,4672318000.0,216311,0.008672651510787947
CHDN,Churchill Downs Inc - US,171484108,4671160000.0,52000,0.008670502057251289
MDLZ,Mondelez International Inc - US,609207105,4640020000.0,80500,0.008612700690125605
KD,Kyndryl Holdings Inc - US,50155Q100,4635296000.0,353300,0.008603932107649636
ASC,Ardmore Shipping Corp - US,Y0207T100,4633331000.0,303825,0.00860028471887629
SO,Southern Co/The - US,842587107,4632960000.0,48000,0.008599596077026463
SMTC,Semtech Corp - US,816850101,4625164000.0,60153,0.008585125317292622
PCAR,Paccar Inc - US,693718108,4602791000.0,39851,0.008543597058246286
APO,Apollo Global Management Inc - US,03769M106,4590504000.0,41200,0.008520790205392294
AAL,American Airlines Group Inc - US,02376R102,4583832000.0,426800,0.008508405789160357
ORCL 6.5 01/15/29 D,Oracle Corp - US,68389X204,4579000000.0,100000,0.008499436739515163
METC,Ramaco Resources Inc - US,75134P600,4571507000.0,295699,0.008485528401561639
CHTR,Charter Communications Inc - US,16119P108,4568021000.0,21160,0.00847905776682175
WPM,Wheaton Precious Metals Corp - US,962879102,4566616000.0,34857,0.008476449837444371
DGRO,iShares Core Dividend Growth ETF - US ETP,46434V621,4556577000.0,64927,0.008457815671594187
XRT,State Street SPDR S&P Retail ETF - US ETP,78464A714,4556533000.0,56624,0.008457733999784505
MPW,Medical Properties Trust Inc - US REIT,58463J304,4555013000.0,983804,0.008454912609995454
BHE,Benchmark Electronics Inc - US,08160H101,4532731000.0,80855,0.008413553263100962
ROP,Roper Technologies Inc - US,776696106,4532593000.0,12809,0.008413297110606956
DWD,Morgan Stanley - US,617446448,4525675000.0,27500,0.008400456074711791
GILD,Gilead Sciences Inc - US,375558103,4515588000.0,32400,0.008381732812341952
D,Dominion Energy Inc - US,25746U109,4512860000.0,73000,0.008376669160141603
LUV,Southwest Airlines Co - US,844741108,4508400000.0,120000,0.008368390608523731
SPXC,SPX Technologies Inc - US,78473E103,4498650000.0,22500,0.008350292877968965
SPXC,SPX Technologies Inc - US,78473E103,4498650000.0,22500,0.008350292877968965
SBUX,Starbucks Corp - US,855244109,4497418000.0,50200,0.008348006067297839
KBH,Kb Home - US,48666K109,4482119000.0,86611,0.008319608407835546
SCHB,Schwab Us Broad Market Etf - US ETP,808524102,4480199000.0,178494,0.008316044547049376
AFL,Aflac Inc - US,001055102,4454226000.0,40600,0.008267834049028974
N/A,BBB Foods Inc - US,G0896C103,4438546000.0,125489,0.008238729185941924
NET,Cloudflare Inc - US,18915M107,4436310000.0,21500,0.00823457877306803
WF2,Wintrust Financial Corp - US,97650W108,4433020000.0,31906,0.00822847194911673
NAVI,Navient Corp - US,63938C108,4429216000.0,541469,0.008221411049934133
DHR,Danaher Corp - US,235851102,4417680000.0,23300,0.008199998186377231
CI,Cigna Group/The - US,125523100,4401375000.0,16500,0.008169733212357186
GABC,German American Bancorp Inc - US,373865104,4396768000.0,105211,0.008161181802647872
IBRX,Immunitybio Inc - US,45256X103,4395071000.0,573021,0.008158031869442597
RRX,Regal Rexnord Corp - US,758750103,4381884000.0,23400,0.008133554456845089
NOBL,ProShares S&P 500 Dividend Aristocrats ETF - US ET,74348A467,4377577000.0,41294,0.008125559900383616
DNUT,Krispy Kreme Inc - US,50101L106,4376073000.0,1290877,0.008122768209434448
OCUL,Ocular Therapeutix Inc - US,67576A100,4362897000.0,515100,0.008098311214789362
KN,Knowles Corp - US,49926D109,4361697000.0,169848,0.008096083801798007
BMI,Badger Meter Inc - US,056525108,4357210000.0,28600,0.008087755133387829
TTMI,Ttm Technologies Inc - US,87305R109,4356428000.0,44718,0.008086303602588461
FLUT,Flutter Entertainment PLC - US,G3643J108,4332875000.0,42500,0.008042585054100625
CMCSA,Comcast Corp - US,20030N101,4332339000.0,150900,0.008041590142964485
FDL,First Trust Morningstar Dividend Leaders Index,336917109,4314698000.0,84935,0.008008845315814063
SOXL,Direxion Daily Semiconductor Bull 3X ETF - US ETP,25459W458,4311900000.0,90000,0.008003651731189219
TTWO,Take-Two Interactive Software Inc - US,874054109,4311820000.0,21832,0.008003503236989796
CRAI,Cra International Inc - US,12618T105,4297590000.0,26548,0.007977089831267301
WM,Waste Management Inc - US,94106L109,4297073000.0,18700,0.007976130187503525
CHTR,Charter Communications Inc - US,16119P108,4296012000.0,19900,0.007974160783183668
ASTS,Ast Spacemobile Inc - US,00217D100,4284379000.0,51700,0.007952567870409967
MWA,Mueller Water Products Inc - US Series A,624758108,4275630000.0,155534,0.00793632817352549
ZIM,Zim Integrated Shipping Services Ltd - US,M9T951109,4262297000.0,161757,0.007911579759014034
CHWY,Chewy Inc - US,16679L109,4262220000.0,157860,0.007911436833347088
CELH,Celsius Holdings Inc - US,15118V207,4254052000.0,119900,0.007896275575585927
CLS,Celestica Inc - US,15101Q207,4253368000.0,15100,0.007895005950180854
SOFI,Sofi Technologies Inc - US,83406F102,4249488000.0,267600,0.007887803981508804
UL,Unilever Plc - US ADR,904767803,4239593000.0,74418,0.007869437105217583
NWE,Northwestern Corp - US,668074305,4232491000.0,64187,0.007856254532663741
EMB,Ishares Jp Morgan Usd Emerging Markets Bond Etf -,464288281,4228071000.0,45013,0.007848050228145581
SOFI,Sofi Technologies Inc - US,83406F102,4225668000.0,266100,0.00784358983363039
CHWY,Chewy Inc - US,16679L109,4225500000.0,156500,0.007843277995811603
WYNN,Wynn Resorts Ltd - US,983134107,4224480000.0,41600,0.007841384694768949
MLYS,Mineralys Therapeutics Inc - US,603170101,4218997000.0,155740,0.007831207273575946
UTHR,United Therapeutics Corp - US,91307C102,4210158000.0,7100,0.007814800520717117
CBZ,Cbiz Inc - US,124805102,4209973000.0,156796,0.00781445712788095
CDE,Coeur Mining Inc - US,192108504,4208234000.0,224200,0.007811229235220977
HST,Host Hotels & Resorts Inc - US REIT,44107P104,4201903000.0,219306,0.007799477775514082
XLB,State Street Materials Select Sector SPDR ETF - US,81369Y100,4188236000.0,83815,0.007774109397720033
MMSI,Merit Medical Systems Inc - US,589889104,4182603000.0,60679,0.007763653549903111
MEDP,Medpace Holdings Inc - US,58506Q109,4177173000.0,8699,0.007753574506117225
LAD,Lithia Motors Inc - US,536797103,4171573000.0,16705,0.007743179912157564
RAL,Ralliant Corp - US,750940108,4159000000.0,100000,0.007719842192540635
PENN,Penn Entertainment Inc - US,707569109,4154217000.0,276395,0.007710964095592589
AR,Antero Resources Corp - US,03674X106,4142144000.0,97600,0.007688554464722056
DGX,Quest Diagnostics Inc - US,74834L100,4135178000.0,21100,0.007675624332307236
ZVRA,Zevra Therapeutics Inc - US,488445206,4129776000.0,443109,0.00766559726149115
NWG,Natwest Group Plc - US ADR,639057207,4123381000.0,276737,0.007653727006424716
MCHP,Microchip Technology Inc - US,595017104,4122118000.0,63800,0.007651382654251314
VALE,Vale Sa - US ADR,91912E105,4117508000.0,258800,0.0076428256760095225
FHN,First Horizon Corp - US,320517105,4110456000.0,180600,0.007629735912330322
CAT,Caterpillar Inc - US,149123101,4104817000.0,5794,0.007619268927448442
PARR,Par Pacific Holdings Inc - US,69888T207,4096656000.0,65400,0.007604120662929729
BUG,Global X Cybersecurity ETF - US ETP,37954Y384,4096094000.0,163126,0.007603077491178778
ALAB,Astera Labs Inc - US,04626A103,4093122000.0,37346,0.007597560931670186
UGI,Ugi Corp - US,902681105,4081189000.0,112059,0.007575411165648646
RVLV,Revolve Group Inc - US,76156B107,4080969000.0,180494,0.007575002806600231
SHOO,Steven Madden Ltd - US,556269108,4072198000.0,120053,0.0075587222738109135
ASHR,Xtrackers Harvest Csi 300 China A-Shares Etf - US,233051879,4066944000.0,124600,0.00754896991726376
FITB,Fifth Third Bancorp - US,316773100,4065250000.0,87500,0.007545825552590963
DGX,Quest Diagnostics Inc - US,74834L100,4056786000.0,20700,0.007530114866291932
ABR,Arbor Realty Trust Inc - US REIT,038923108,4054897000.0,525927,0.00752660854700804
W,Wayfair Inc - US,94419L101,4047727000.0,53819,0.0075132997543846895
GOGO,Gogo Inc - US,38046C109,4046166000.0,1006509,0.007510402261318435
HPE,Hewlett Packard Enterprise Co - US,42824C109,4042938000.0,169800,0.007504410520371687
KGC,Kinross Gold Corp - US,496902404,4028640000.0,132000,0.007477870894579682
VLO,Valero Energy Corp - US,91913Y100,4027404000.0,16300,0.007475576659198587
ULCC,Frontier Group Holdings Inc - US,35909R108,4024885000.0,1140194,0.007470900948094232
IM8N,Insmed Inc - US,457669307,4022592000.0,24600,0.00746664473310325
UL,Unilever Plc - US ADR,904767803,4010688000.0,70400,0.007444548796229
HLNE,Hamilton Lane Inc - US,407497106,4009895000.0,40341,0.007443076847477213
UVSP,Univest Financial Corp - US,915271100,4005679000.0,116920,0.007435251203167583
TMDX,Transmedics Group Inc - US,89377M109,3997972000.0,40217,0.007420945643230599
MRNA,Moderna Inc - US,60770K107,3997960000.0,78700,0.007420923369100686
FNV,Franco-Nevada Corp - US,351858105,3986399000.0,16136,0.007399464101106466
GENI,Genius Sports Ltd - US,G3934V109,3986039000.0,899783,0.007398795877209059
PLD,Prologis Inc - US REIT,74340W103,3965400000.0,30000,0.007360486229935232
BUG,Global X Cybersecurity ETF - US ETP,37954Y384,3964869000.0,157900,0.007359500599686558
DOCU,Docusign Inc - US,256163106,3953994000.0,83400,0.007339314669452395
DLTR,Dollar Tree Inc - US,256746108,3953311000.0,36100,0.007338046900224815
KDP,Keurig Dr Pepper Inc - US,49271V100,3952133000.0,150100,0.007335860323138301
PAYC,Paycom Software Inc - US,70432V102,3950050000.0,32500,0.007331993905420806
AYI,Acuity Inc - US,00508Y102,3939053000.0,14057,0.007311581521532522
ATRO,Astronics Corp - US,046433108,3934801000.0,58966,0.007303689054833152
QS,Quantumscape Corp - US,74767V109,3933072000.0,616469,0.0073004797239481075
GNRC,Generac Holdings Inc - US,368736104,3926133000.0,20100,0.007287599708325592
CTRI,Centuri Holdings Inc - US,155923105,3924948000.0,134370,0.007285400137996628
OKE,Oneok Inc - US,682680103,3922926000.0,43400,0.007281646947106194
IONQ,Ionq Inc - US,46222L108,3922177000.0,136045,0.00728025667016409
EQIX,Equinix Inc - US REIT,29444U700,3920960000.0,4000,0.007277997702155356
MCW,Mister Car Wash Inc - US,60646V105,3920444000.0,562474,0.007277039914569072
RBLX,Roblox Corp - US,771049103,3919608000.0,69300,0.007275488150185095
BUG,Global X Cybersecurity ETF - US ETP,37954Y384,3914649000.0,155900,0.007266283365998317
CRDO,Credo Technology Group Holding Ltd - US,G25457105,3914379000.0,41700,0.007265782198075262
ECH,Ishares Msci Chile Etf - US ETP,464286640,3908408000.0,98300,0.007254698962265774
RDW,Redwire Corp - US,75776W103,3894224000.0,458144,0.0072283709407079495
N/A,Nebius Group NV - US,N97284108,3891000000.0,37500,0.0072223866244711735
DB,Deutsche Bank Ag - US,D18190898,3878488000.0,130238,0.007199162131681303
INDB,Independent Bank Corp - US,453836108,3874819000.0,51520,0.007192351816460232
AEP,American Electric Power Co Inc - US,025537101,3866860000.0,29500,0.007177578499795066
VST,Vistra Corp - US,92840M102,3863481000.0,25700,0.0071713064760469064
MAIN,Main Street Capital Corp - US,56035L104,3862373000.0,72930,0.007169249831384887
FRMI,Fermi Inc - US,314911108,3858687000.0,660734,0.007162407961146439
QDEL,QuidelOrtho Corp - US,219798105,3852983000.0,234509,0.007151820324727528
CPNG,Coupang Inc - US,22266T109,3834528000.0,203100,0.00711756456909797
CAG,Conagra Brands Inc - US,205887102,3831577000.0,243739,0.007112086989316726
FNV,Franco-Nevada Corp - US,351858105,3829275000.0,15500,0.007107814068728308
TEVA,Teva Pharmaceutical Industries Ltd - US ADR,881624209,3822228000.0,126900,0.007094733585936572
BCPC,Balchem Corp - US,057665200,3814995000.0,22510,0.007081307854131175
HUBS,Hubspot Inc - US,443573100,3807960000.0,15600,0.007068249645469352
WTI,W&T Offshore Inc - US,92922P106,3806958000.0,1116410,0.00706638975562157
POOL,Pool Corp - US,73278L105,3803804000.0,18800,0.00706053537180929
XPEV,Xpeng Inc - US ADR,98422D105,3803553000.0,222300,0.0070600694712585985
PSEC,Prospect Capital Corp - US,74348T102,3802431000.0,1456870,0.0070579868401116795
HUM,Humana Inc - US,444859102,3801576000.0,21925,0.00705639980835534
RSP,Invesco S&P 500 Equal Weight Etf - US ETP,46137V357,3801359000.0,19807,0.0070559970178394014
BY,Byline Bancorp Inc - US,124411109,3800554000.0,120385,0.0070545027949577
KTOS,Kratos Defense & Security Solutions Inc - US,50077B207,3800489000.0,53900,0.007054382143420668
IRM,Iron Mountain Inc - US REIT,46284V101,3800425000.0,37208,0.00705426334806113
PRK,Park National Corp - US,700658107,3791713000.0,23198,0.007038092329743887
KMX,Carmax Inc - US,143130102,3787938000.0,91100,0.00703108525970858
JCI,Johnson Controls International Plc - US,G51502105,3784455000.0,28900,0.00702462019350117
N/A,Spartacus Acquisition Corp II - US Unit,G8303R126,3763125000.0,375000,0.006985027927579821
OPFI,Oppfi Inc - US,68386H103,3756998000.0,487289,0.0069736551280814565
IYW,Ishares Us Technology Etf - US ETP,464287721,3755394000.0,20700,0.006970677819383011
CMCSA,Comcast Corp - US,20030N101,3755268000.0,130800,0.006970443941018919
CBL,Cbl & Associates Properties Inc - US,124830878,3747655000.0,97519,0.006956312861766259
EMR,Emerson Electric Co - US,291011104,3747172000.0,28600,0.006955416328037238
ALHC,Alignment Healthcare Inc - US,01625V104,3744056000.0,212489,0.006949632478969685
WIX,Wix.Com Ltd - US,M98068105,3743940000.0,41567,0.00694941716238052
UNFI,United Natural Foods Inc - US,911163103,3741692000.0,83038,0.006945244475376713
KRYS,Krystal Biotech Inc - US,501147102,3739440000.0,14476,0.006941064363662936
ATI,ATI Inc - US,01741R102,3738322000.0,25700,0.006938989157225989
BX,Blackstone Inc - US,09260D107,3737175000.0,32500,0.006936860121641752
FOX,Fox Corp- Class B,35137L204,3736169000.0,70361,0.006934992807083999
AEM,Agnico Eagle Mines Ltd - US,008474108,3734832000.0,18400,0.00693251109777613
HUBS,Hubspot Inc - US,443573100,3733998000.0,15297,0.006930963045747137
VTRS,Viatris Inc - US,92556V106,3731597000.0,276210,0.006926506363586933
AAOI,Applied Optoelectronics Inc - US,03823U102,3730419000.0,44100,0.006924319786500418
SSNC,Ss&C Technologies Holdings Inc - US,78467J100,3729864000.0,55200,0.006923289607991916
PNC,Pnc Financial Services Group Inc/The - US,693475105,3724811000.0,17900,0.006913910343120815
EPAC,Enerpac Tool Group Corp - US,292765104,3720742000.0,102022,0.0069063575569026266
UBS,Ubs Group Ag - US,H42097107,3715557000.0,95100,0.006896733276602477
TEM,Tempus AI Inc - US,88023B103,3708040000.0,82000,0.006882780390389126
UBER,Uber Technologies Inc - US,90353T100,3704395000.0,51500,0.006876014623427882
MEG,Onterris Inc - US,615111101,3692208000.0,168671,0.006853393388323172
CORN,Teucrium Corn Fund - US ETP,88166A102,3680000000.0,200000,0.0068307331734911115
PTON,Peloton Interactive Inc - US,70614W100,3673999000.0,856410,0.006819594252356839
PRAA,Pra Group Inc - US,69354N106,3670923000.0,209767,0.006813884650388998
VOOG,Vanguard S&P 500 Growth ETF - US ETP,921932505,3670841000.0,9004,0.006813732443834588
DOCU,Docusign Inc - US,256163106,3664793000.0,77300,0.006802506282358156
IE,Ivanhoe Electric Inc / US - US,46578C108,3664649000.0,310038,0.006802238992799193
RDVT,Red Violet Inc - US,75704L104,3661545000.0,105825,0.006796477417861553
NMRK,Newmark Group Inc - US,65158N102,3656840000.0,243952,0.006787744102757945
DKNG,DraftKings Inc - US,26142V105,3653780000.0,169000,0.006782064199629989
BUD,Anheuser-Busch Inbev Sa/Nv - US ADR,03524A108,3648862000.0,52600,0.006772935518720414
HBAN,Huntington Bancshares Inc/Oh - US,446150104,3644885000.0,232900,0.006765553500831563
YPF,Ypf Sa - US ADR Class D,984245100,3642136000.0,78800,0.006760450868903866
CL,Colgate-Palmolive Co - US,194162103,3639321000.0,42700,0.006755225729261643
GLIBK,GCI Liberty Inc - US Series C,36164V800,3636905000.0,97740,0.0067507412044390475
XLB,State Street Materials Select Sector SPDR ETF - US,81369Y100,3632819000.0,72700,0.006743156863203481
GPCR,Structure Therapeutics Inc - US ADR,86366E106,3629508000.0,75301,0.006737011059524831
CINF,Cincinnati Financial Corp - US,172062101,3625501000.0,23041,0.006729573356311196
CODI,Compass Diversified Holdings - US,20451Q104,3622650000.0,460897,0.006724281394279234
IONS,Ionis Pharmaceuticals Inc - US,462222100,3622642000.0,48244,0.006724266544859291
JMIA,Jumia Technologies Ag - US ADR,48138M105,3622500000.0,525000,0.006724002967655314
POWL,Powell Industries Inc - US,739128106,3619825000.0,6690,0.0067190376928620826
LMAT,Lemaitre Vascular Inc - US,525558201,3618658000.0,33147,0.006716871533727989
CZR,Caesars Entertainment Inc - US,12769G100,3618135000.0,136895,0.006715900752899256
TEM,Tempus AI Inc - US,88023B103,3617600000.0,80000,0.006714907697940611
OCUL,Ocular Therapeutix Inc - US,67576A100,3616690000.0,427000,0.006713218576422165
DOX,Amdocs Ltd - US,G02602103,3608878000.0,55300,0.0066987181178484395
APA,Apa Corp - US,03743Q108,3607400000.0,85000,0.006695974687514086
PHR,Phreesia Inc - US,71944F106,3604950000.0,430185,0.006691427052656735
GD,General Dynamics Corp - US,369550108,3603810000.0,10500,0.006689311010314947
LOW,Lowe's Cos Inc - US,548661107,3602089000.0,15245,0.006686116528849843
FPI,Farmland Partners Inc - US REIT,31154R109,3596947000.0,320298,0.006676572064181884
ARHS,Arhaus Inc - US,04035M102,3590919000.0,529634,0.006665383026255307
KIND,Nextdoor Holdings Inc - US,65345M108,3589074000.0,2563624,0.006661958378781098
VUG,Vanguard Growth Etf - US ETP,922908736,3586919000.0,8212,0.006657958316284121
FIGR,Figure Technology Solutions Inc - US,349381103,3581725000.0,105500,0.006648317330386537
POOL,Pool Corp - US,73278L105,3581241000.0,17700,0.006647418940480022
SOXX,Ishares Semiconductor Etf - US ETP,464287523,3581079000.0,10896,0.006647118239726189
DGX,Quest Diagnostics Inc - US,74834L100,3571735000.0,18225,0.0066297741172334996
GGAL,Grupo Financiero Galicia Sa - US ADR,399909100,3568644000.0,76400,0.006624036672603265
EXPD,Expeditors International Of Washington Inc - US,302130109,3566427000.0,24900,0.0066199215271017355
ABT,Abbott Laboratories - US,002824100,3562649000.0,34700,0.006612908888533949
BLK,Blackrock Funding Inc/De - US,09290D101,3558327000.0,3700,0.0066048864894100836
WOLF,Wolfspeed Inc/DE - US,97785W106,3558299000.0,218033,0.006604834516440285
HSY,Hershey Co/The - US,427866108,3554919000.0,17100,0.0065985606365146325
AXTI,Axt Inc - US,00246W103,3549854000.0,62300,0.0065891590975136185
BDC,Belden Inc - US,077454106,3545261000.0,30874,0.006580633674289205
SNAP,Snap Inc - US,83304A106,3540160000.0,769600,0.00657116531289845
UNF,Unifirst Corp/Ma - US,904708104,3527795000.0,14022,0.00654821367820002
OKTA,Okta Inc - US,679295105,3526208000.0,44800,0.006545267924518952
MP,Mp Materials Corp - US,553368101,3522980000.0,73000,0.006539276183572206
ALK,Alaska Air Group Inc - US,011659109,3516168000.0,95600,0.006526631902491277
PAYX,Paychex Inc - US,704326107,3500560000.0,38000,0.0064976606841837085
HPE,Hewlett Packard Enterprise Co - US,42824C109,3500070000.0,147000,0.006496751157212238
ASIX,Advansix Inc - US,00773T101,3491103000.0,143078,0.006480106813634332
SPG,Simon Property Group Inc - US REIT,828806109,3488111000.0,18700,0.006474553130575884
WEN,Wendy's Co/The - US,95058W100,3475695000.0,500100,0.0064515068308253236
CLMT,Calumet Inc - US MLP,131428104,3475120000.0,96800,0.006450439528766966
STLD,Steel Dynamics Inc - US,858119100,3474000000.0,19300,0.006448360609975033
FUTU,Futu Holdings Ltd - US ADR,36118L106,3473704000.0,25400,0.006447811181437166
PINS,Pinterest Inc - US,72352L106,3473596000.0,189400,0.006447610714267944
CDNS,Cadence Design Systems Inc - US,127387108,3473375000.0,12500,0.006447200499042035
IMXI,International Money Express Inc - US,46005L101,3465951000.0,219364,0.0064334202373355145
CME,Cme Group Inc - US,12572Q105,3455595000.0,11700,0.006414197663220114
TRN,Trinity Industries Inc - US,896522109,3451208000.0,107247,0.006406054612559216
SCHH,Schwab U.S. REIT ETF - US ETP,808524847,3451036000.0,160588,0.006405735350030455
MTA,Metalla Royalty & Streaming Ltd - US,59124U605,3448488000.0,520134,0.006401005809778809
CIFR,Cipher Digital Inc - US,17253J106,3446586000.0,267800,0.00639747536018751
BKU,Bankunited Inc - US,06652K103,3441192000.0,76200,0.006387463138791367
LKFN,Lakeland Financial Corp - US,511656100,3439759000.0,59947,0.0063848032364441885
WEA,Western Alliance Bancorp - US,957638109,3422055000.0,48300,0.006351941470111719
ENPH,Enphase Energy Inc - US,29355A107,3421805000.0,90500,0.00635147742573852
HZO,Marinemax Inc - US,567908108,3416920000.0,126272,0.006342409998686209
DHI,Dr Horton Inc - US,23331A109,3416778000.0,24900,0.006342146421482232
MNDY,Monday.Com Ltd - US,M7S64H106,3415969000.0,49428,0.00634064477389056
MOH,Molina Healthcare Inc - US,60855R100,3413813000.0,25610,0.006336642855216091
QC10,Flagstar Financial Inc - US,649445400,3412242000.0,259092,0.006333726800374907
AKAM,Akamai Technologies Inc - US,00971T101,3411045000.0,29700,0.0063315049559160294
COLM,Columbia Sportswear Co - US,198516106,3403701000.0,62100,0.0063178731884089324
BEKE,Ke Holdings Inc - US ADR,482497104,3402681000.0,227300,0.0063159798873662805
PTRN,Pattern Group Inc - US,70339W104,3402439000.0,273728,0.006315530692413023
AEVA,Aeva Technologies Inc - US,00835Q202,3391016000.0,257676,0.006294327576912808
ENOV,Enovis Corp - US,194014502,3388180000.0,148931,0.006289063457543238
SPMO,Invesco S&P 500 Momentum ETF - US ETP,46138E339,3380341000.0,30152,0.006274512882177207
LINC,Lincoln Educational Services Corp - US,533535100,3374976000.0,82964,0.0062645544899283525
LNG,Cheniere Energy Inc - US,16411R208,3365961000.0,11862,0.006247821049830792
YOU,Clear Secure Inc - US,18467V109,3364495000.0,69500,0.006245099893626353
NTNX,Nutanix Inc - US,67059N108,3360084000.0,88400,0.006236912294705628
EXK,Endeavour Silver Corp - US,29258Y103,3355594000.0,360429,0.006228578057762972
GME,Gamestop Corp - US,36467W109,3345408000.0,145200,0.006209671033821346
AEP,American Electric Power Co Inc - US,025537101,3342540000.0,25500,0.006204347516772006
N/A,SEALSQ Corp - US,G79483106,3330282000.0,1271100,0.006181594493065307
SPIR,Spire Global Inc - US,848560306,3326529000.0,264430,0.00617462825893484
TOST,Toast Inc - US,888787108,3321703000.0,125300,0.0061656703463546046
STRA,Strategic Education Inc - US,86272C103,3316824000.0,39981,0.006156614056367251
EIX,Edison International - US,281020107,3315054000.0,45300,0.0061533286222050015
NTES,Netease Inc - US ADR,64110W102,3302230000.0,29500,0.006129525002037379
KIE,State Street SPDR S&P Insurance ETF - US ETP,78464A789,3300000000.0,60000,0.0061253857262284425
AMG,Affiliated Managers Group Inc - US,008252108,3293837000.0,11904,0.006113946104340338
AER,Aercap Holdings Nv - US,N00985106,3292320000.0,24000,0.006111130283083766
IVW,Ishares S&P 500 Growth Etf - US ETP,464287309,3272838000.0,28935,0.006074968233169105
ACEL,Accel Entertainment Inc - US,00436Q106,3260955000.0,298896,0.006052911276022204
CLS,Celestica Inc - US,15101Q207,3251432000.0,11543,0.006035234897758302
CXM,Sprinklr Inc - US,85208T107,3249678000.0,541613,0.006031979162435938
CMCL,Caledonia Mining Corp Plc - US,G1757E113,3245776000.0,143682,0.0060247363578590455
AXP,American Express Co - US,025816109,3244400000.0,10726,0.006022182257628957
O,Realty Income Corp - US REIT,756109104,3230304000.0,52800,0.005996017579690498
SGRY,Surgery Partners Inc - US,86881A100,3220224000.0,270153,0.005977307310563109
DTM,Dt Midstream Inc - US,23345M107,3218209000.0,23897,0.005973567112915124
RKT,Rocket Cos Inc - US,77311W101,3209100000.0,225200,0.005956659192133241
VCIT,Vanguard Intermediate-Term Corporate Bond Etf - US,92206C870,3207804000.0,38765,0.005954253586102577
B,Barrick Mining Corp - US,06849F108,3200669000.0,78467,0.0059410097596914735
B,Barrick Mining Corp - US,06849F108,3197936000.0,78400,0.005935936826603661
BH,Biglari Holdings Inc - US Class B,08986R309,3197023000.0,9700,0.005934242136552738
NU,NU Holdings Ltd/Cayman Islands - US,G6683N103,3189853000.0,221980,0.005920933343929387
VIAV,Viavi Solutions Inc - US,925550105,3188224000.0,95800,0.005917909630793621
ITB,Ishares U.S. Home Construction Etf - US ETP,464288752,3181384000.0,35134,0.005905213376742893
ARE,Alexandria Real Estate Equities Inc - US REIT,015271109,3174989000.0,68397,0.00589334312167646
CALX,Calix Inc - US,13100M509,3174650000.0,64802,0.005892713877506402
PM,Philip Morris International Inc - US,718172109,3174528000.0,19200,0.005892487423852281
KVYO,Klaviyo Inc - US Series A,49845K101,3169353000.0,162865,0.0058828817053270584
N/A,Etoro Group Ltd - US,G32089107,3168165000.0,105500,0.005880676566465617
AL,Air Lease Corp - US,00912X302,3155694000.0,48594,0.005857528176952951
ODC,Oil-Dri Corp Of America - US,677864100,3149249000.0,48383,0.005845565113011878
EWA,Ishares Msci Australia Etf - US ETP,464286103,3148151000.0,113406,0.0058435270301247875
TJX,Tjx Cos Inc/The - US,872540109,3146090000.0,19700,0.005839701448312134
WBI,WaterBridge Infrastructure LLC - US,940923105,3142226000.0,117291,0.005832529178479968
SOC,Sable Offshore Corp - US,78574H104,3142104000.0,190200,0.005832302724825847
ALG,Alamo Group Inc - US,011311107,3134430000.0,19000,0.005818058418746126
PGR,Progressive Corp/The - US,743315103,3132192000.0,15800,0.005813904293517248
TDUP,Thredup Inc - US,88556E102,3122842000.0,952086,0.0057965490339596006
TOL,Toll Brothers Inc - US,889478103,3111516000.0,22800,0.0057755259676761875
CB,Chubb Ltd - US,H1467J104,3096335000.0,9500,0.005747347337158044
SG,Sweetgreen Inc - US,87043Q108,3096297000.0,596589,0.005747276802413318
RIVN,Rivian Automotive Inc - US,76954A103,3091270000.0,205400,0.0057379457981570296
KK0,Nextnav Inc - US,65345N106,3090915000.0,192941,0.005737286855147087
SYK,Stryker Corp - US,863667101,3088746000.0,9400,0.005733260806165211
EL,Estee Lauder Cos Inc/The - US,518439104,3086110000.0,43000,0.0057283679222942
BNTX,Biontech Se - US ADR,09075V102,3084136000.0,34700,0.005724703827923419
AGI,Alamos Gold Inc - US,011532108,3083442000.0,69400,0.005723415640743418
APA,Apa Corp - US,03743Q108,3068412000.0,72300,0.005695517293026688
AAOI,Applied Optoelectronics Inc - US,03823U102,3062158000.0,36200,0.005683908758986739
CTLP,Cantaloupe Inc - US,138103106,3060452000.0,283113,0.005680742120184028
UBSI,United Bankshares Inc/Wv - US,909907107,3057749000.0,73823,0.005675724872420998
AU,Anglogold Ashanti Plc - US,G0378L100,3057104000.0,31400,0.0056745276379381445
CPB,The Campbell's Company - US,134429109,3050990000.0,137000,0.005663178968747187
ROK,Rockwell Automation Inc - US,773903109,3050480000.0,8500,0.00566223231822586
BOX,Box Inc - US,10316T104,3050151000.0,129025,0.0056616216358307304
ROAD,Construction Partners Inc - US,21044C107,3049911000.0,27447,0.00566117615323246
NEM,Newmont Corp - US,651639106,3041825000.0,28100,0.005646167102025707
LLY,Eli Lilly & Co - US,532457108,3035241000.0,3300,0.005633946029413134
BANF,Bancfirst Corp - US,05945F103,3031273000.0,27938,0.005626580717121719
SPHR,Sphere Entertainment Co - US,55826T102,3028920000.0,25800,0.005622213131481168
NAVN,Navan Inc - US,639193101,3024413000.0,228430,0.005613847339521134
JOBY,Joby Aviation Inc - US,G65163100,3020682000.0,365700,0.00560692194129551
NTR,Nutrien Ltd - US,67077M108,3018400000.0,40000,0.005602686144256948
OFIX,Orthofix Medical Inc - US,68752M108,3016312000.0,262974,0.005598810445651989
SNA,Snap-On Inc - US,833034101,3010004000.0,8287,0.005587101678027429
LPTH,Lightpath Technologies Inc - US,532257805,3010003000.0,300100,0.005587099821849937
PAGP,Plains Gp Holdings Lp - US,72651A207,3003436000.0,123700,0.005574910304254742
GTLB,Gitlab Inc - US,37637K108,3001468000.0,138700,0.005571257346948919
OPEN,Opendoor Technologies Inc - US,683712103,2998963000.0,640804,0.0055666076223294635
BTI,British American Tobacco Plc - US ADR,110448107,2981970000.0,51000,0.005535065598194372
MATV,Mativ Inc - US,808541106,2981473000.0,342698,0.005534143077980453
N/A,Mountain Lake Acquisition Corp II. - US,G6301L125,2979000000.0,300000,0.005529552751040767
GEN,Gen Digital Inc - US,668771108,2977852000.0,158144,0.005527421859279036
MAR,Marriott International Inc/Md - US,571903202,2976337000.0,9100,0.00552460975037745
EHC,Encompass Health Corp - US,29261A100,2972513000.0,30730,0.005517511727644996
WGO,Winnebago Industries Inc - US,974637100,2965154000.0,95681,0.005503852117475507
TE,T1 Energy Inc - US,35834F104,2964931000.0,675383,0.005503438189894613
6RJ0,Rocket Lab Corp - US,773121108,2960542000.0,46100,0.005495291426878729
MGY,Magnolia Oil & Gas Corp - US,559663109,2954952000.0,93600,0.005484915394693997
LBRT,Liberty Energy Inc - US,53115L104,2954419000.0,102584,0.0054839260520903365
ACDC,ProFrac Holding Corp - US,74319N100,2948832000.0,475618,0.005473555588438082
CNQ,Canadian Natural Resources Ltd - US,136385101,2943292000.0,60400,0.00546327236512799
PAYC,Paycom Software Inc - US,70432V102,2929114000.0,24100,0.005436955480635121
ULTA,Ulta Beauty Inc - US,90384S303,2927176000.0,5600,0.005433358208654081
HWM,Howmet Aerospace Inc - US,443201108,2926842000.0,12700,0.005432738245371487
CGGR,Capital Group Growth ETF - US ETP,14020G101,2924265000.0,72761,0.005427954875972551
ANF,Abercrombie & Fitch Co - US,002896207,2923840000.0,32000,0.005427166000538112
THR,Thermon Group Holdings Inc - US,88362T103,2914783000.0,57833,0.005410354600985854
MAR,Marriott International Inc/Md - US,571903202,2910923000.0,8900,0.00540318975586366
FELE,Franklin Electric Co Inc - US,353514102,2909254000.0,31564,0.005400091795628182
CYRX,Cryoport Inc - US,229050307,2907936000.0,351200,0.005397645353692676
WELL,Welltower Inc - US REIT,95040Q104,2906337000.0,14700,0.005394677325881695
CMI,Cummins Inc - US,231021106,2905308000.0,5400,0.005392767319241607
ATEC,Alphatec Holdings Inc - US,02081G201,2900053000.0,266549,0.005383013106516962
SMR,NuScale Power Corp - US,67079K100,2899700000.0,267500,0.005382357875862004
PLAY,Dave & Buster's Entertainment Inc - US,238337109,2897859000.0,267577,0.0053789406530977656
ARLO,Arlo Technologies Inc - US,04206A101,2897299000.0,203605,0.0053779011937018
W,Wayfair Inc - US,94419L101,2895585000.0,38500,0.005374719705479147
KRG,Kite Realty Group Trust - US REIT,49803T300,2890001000.0,117719,0.005364354810359372
CSGP,Costar Group Inc - US,22160N109,2884310000.0,71500,0.005353791304247867
PTCT,Ptc Therapeutics Inc - US,69366J200,2873178000.0,42172,0.005333128336398056
PUBM,Pubmatic Inc - US,74467Q103,2872096000.0,351112,0.00533111995235085
RSI,Rush Street Interactive Inc - US,782011100,2871609000.0,132028,0.005330215993911858
GPRE,Green Plains Inc - US,393222104,2869916000.0,174463,0.005327073485416554
IWF,Ishares Russell 1000 Growth Etf - US ETP,464287614,2856880000.0,6700,0.005302876355620458
CTSH,Cognizant Technology Solutions Corp - US,192446102,2852775000.0,46500,0.005295256747012529
KNX,Knight-Swift Transportation Holdings Inc - US,499049104,2850210000.0,49500,0.0052904956517435065
DNA,Ginkgo Bioworks Holdings Inc - US,37611X209,2848384000.0,464663,0.0052871062716416594
CR,Crane Co - US,224408104,2844756000.0,16636,0.005280372059697794
N/A,National Energy Services Reunited Corp - US,G6375R107,2844260000.0,132476,0.005279451395661367
VOYG,Voyager Technologies Inc - US,92892B103,2841207000.0,121471,0.005273784485775859
KNX,Knight-Swift Transportation Holdings Inc - US,499049104,2838694000.0,49300,0.0052691199117364616
GIII,G-Iii Apparel Group Ltd - US,36237H101,2837311000.0,102430,0.0052665528182639235
NSY,Nice Ltd - US ADR,653656108,2833682000.0,25700,0.005259816750142565
KMX,Carmax Inc - US,143130102,2827440000.0,68000,0.0052482304902325295
OKLO,Oklo Inc - US,02156V109,2816712000.0,56800,0.005228317418089809
CECO,Ceco Environmental Corp - US,125141101,2815274000.0,47252,0.005225648234855168
SPTM,State Street SPDR Portfolio S&P 1500 Composite Sto,78464A805,2814694000.0,35602,0.005224571651909345
UMBF,Umb Financial Corp - US,902788108,2811742000.0,24929,0.0052190922159506105
ESTC,Elastic Nv - US,N14506104,2804439000.0,56100,0.005205536551720718
VLY,Valley National Bancorp - US,919794107,2796966000.0,227766,0.005191665337317049
GFL,Gfl Environmental Inc - US,36168Q104,2791110000.0,66901,0.0051807955619192336
LB,Landbridge Co LLC - US,514952100,2789068000.0,40392,0.005177005247478943
TAN,Invesco Solar Etf - US ETP,46138G706,2785500000.0,50000,0.005170382406184644
BMBL,Bumble Inc - US,12047B105,2783310000.0,853776,0.005166317377475421
MCY,Mercury General Corp - US,589400100,2782631000.0,31567,0.005165057032957812
DECK,Deckers Outdoor Corp - US,243537107,2782502000.0,27800,0.005164817586061241
CZR,Caesars Entertainment Inc - US,12769G100,2780436000.0,105200,0.0051609827233611225
GIC,Global Industrial Co - US,37892E102,2777858000.0,88130,0.005156197497784694
FICO,Fair Isaac Corp - US,303250104,2775604000.0,2600,0.005152013673715931
LIND,Lindblad Expeditions Holdings Inc - US,535219109,2771858000.0,160223,0.005145060432827915
KTOS,Kratos Defense & Security Solutions Inc - US,50077B207,2771043000.0,39300,0.005143547648171286
ESAB,Esab Corp - US,29605J106,2769116000.0,28648,0.005139970794142666
URI,United Rentals Inc - US,911363109,2768528000.0,3800,0.0051388793617769025
IWB,Ishares Russell 1000 Etf - US ETP,464287622,2761201000.0,7744,0.005125279149287182
IEMG,Ishares Core Msci Emerging Markets Etf - US ETP,46434G103,2756869000.0,39525,0.005117238188388388
CHRW,Ch Robinson Worldwide Inc - US,12541W209,2756762000.0,16600,0.0051170395773966594
NUE,Nucor Corp - US,670346105,2756330000.0,16300,0.00511623770871977
XENE,Xenon Pharmaceuticals Inc - US,98420N105,2756310000.0,47400,0.005116200585169915
STM,Stmicroelectronics Nv - US NY Reg Shrs,861012102,2753635000.0,79700,0.005111235310376684
PATH,Uipath Inc - US,90364P105,2743920000.0,247200,0.005093202546034166
N/A,Crh Plc - US,G25508105,2743632000.0,26100,0.005092667966916241
USLM,United States Lime & Minerals Inc - US,911922102,2740981000.0,20986,0.005087747240382837
CHRW,Ch Robinson Worldwide Inc - US,12541W209,2740155000.0,16500,0.005086214037773787
PRCT,Procept Biorobotics Corp - US,74276L105,2739820000.0,109549,0.005085592218313701
SAP,Sap Se - US ADR,803054204,2739360000.0,16000,0.0050847383766670145
KMI,Kinder Morgan Inc - US,49456B101,2729342000.0,81400,0.005066143190544179
VOR,Vor Biopharma Inc - US,929033207,2721867000.0,152571,0.005052268263785525
COP,Conocophillips - US,20825C104,2719200000.0,20600,0.005047317838412237
GPN,Global Payments Inc - US,37940X102,2718920000.0,40400,0.005046798108714254
SCCO,Southern Copper Corp - US,84265V105,2718548000.0,15800,0.0050461076106869335
BDX,Becton Dickinson And Co - US,075887109,2717721000.0,17285,0.005044572551900391
PNC,Pnc Financial Services Group Inc/The - US,693475105,2705170000.0,13000,0.005021275668188302
PRU,Prudential Financial Inc - US,744320102,2696244000.0,27600,0.0050047074278876
DKNG,DraftKings Inc - US,26142V105,2696014000.0,124700,0.005004280507064257
AEM,Agnico Eagle Mines Ltd - US,008474108,2694560000.0,13275,0.005001581624989732
BAM,Brookfield Asset Management Ltd - US,113004105,2684780000.0,60400,0.004983428209110181
KIDS,Orthopediatrics Corp - US,68752L100,2681760000.0,168983,0.004977822553081936
PRVA,Privia Health Group Inc - US,74276R102,2675828000.0,130084,0.004966811708194667
AXON,Axon Enterprise Inc - US,05464C101,2675547000.0,6300,0.004966290122319191
MMI,Marcus & Millichap Inc - US,566324109,2670381000.0,100428,0.004956701109391405
FICO,Fair Isaac Corp - US,303250104,2668850000.0,2500,0.004953859301649933
CENT,Central Garden & Pet Company,153527106,2664097000.0,72453,0.004945036890026671
CF,Cf Industries Holdings Inc - US,125269100,2661720000.0,20500,0.004940624756126294
AMN,Amn Healthcare Services Inc - US,001744101,2660896000.0,145087,0.00493909526587223
ATI,ATI Inc - US,01741R102,2647372000.0,18200,0.0049139923214596495
CNQ,Canadian Natural Resources Ltd - US,136385101,2646039000.0,54300,0.0049115180368617525
ENHA,Enhanced Group Inc - US,29333R107,2644200000.0,260000,0.0049081045264525
STEP,Stepstone Group Inc - US,85914M107,2639727000.0,55317,0.00489980184452722
MWH,Solv Energy Inc - US,78475V103,2637925000.0,87843,0.004896457012685202
CCOI,Cogent Communications Holdings Inc - US,19239V302,2631797000.0,139692,0.004885082357009345
SAFE,Safehold Inc - US REIT,78646V107,2627553000.0,194202,0.004877204739729916
CVBF,Cvb Financial Corp - US,126600105,2621799000.0,135214,0.004866524294436365
THRM,Gentherm Inc - US,37253A103,2615904000.0,94165,0.00485558212811633
D,Dominion Energy Inc - US,25746U109,2614986000.0,42300,0.004853878157177942
AGNC,Agnc Investment Corp - US REIT,00123Q104,2610809000.0,260300,0.004846124903790531
SWK,Stanley Black & Decker Inc - US,854502101,2607902000.0,36700,0.004840728995818972
BG,Bunge Global SA - US,H11356104,2607600000.0,20500,0.004840168430216148
RACE,Ferrari Nv - US,N3167Y103,2606065000.0,7700,0.004837319197764705
HII,Huntington Ingalls Industries Inc - US,446413106,2604594000.0,6856,0.0048345887606728016
AI,C3.Ai Inc - US,12468P104,2603464000.0,309200,0.0048324912801059414
ODFL,Old Dominion Freight Line Inc - US,679580100,2598820000.0,13300,0.004823871191829395
VERX,Vertex Inc - US,92538J106,2597894000.0,218494,0.0048221523714710645
APLD,Applied Digital Corp - US,038169207,2594307000.0,109280,0.004815494262804404
URBN,Urban Outfitters Inc - US,917047102,2591902000.0,40914,0.004811030155934228
ITT,Itt Inc - US,45073V108,2589874000.0,13593,0.004807265827978837
BMNR,BitMine Immersion Technologies Inc - US,09175A206,2587224000.0,130800,0.004802346957622926
COMM,Vistance Networks Inc - US,20337X109,2580742000.0,141799,0.0047903152151146195
N/A,Totalenergies Se - US,F92124100,2574734000.0,28300,0.004779163300737898
EOG,Eog Resources Inc - US,26875P101,2573346000.0,17800,0.0047765869263778965
MAGN,Magnera Corp - US,55939A107,2560567000.0,269250,0.0047528668341974495
GNRC,Generac Holdings Inc - US,368736104,2558823000.0,13100,0.004749629660650013
PBR,Petroleo Brasileiro S.A. - ADR (NYSE),71654V408,2552250000.0,123000,0.004737429005989862
SR,Spire Inc - US,84857L101,2542092000.0,28077,0.0047185739550180345
FIG,Figma Inc - US,316841105,2539717000.0,120138,0.004714165533472643
AMBP,Ardagh Metal Packaging Sa - US,L02235106,2536746000.0,626357,0.004708650830141545
CTRA,Coterra Energy Inc - US,127097103,2533594000.0,72100,0.00470280015868425
SHW,Sherwin-Williams Co/The - US,824348106,2532345000.0,7900,0.0047004817929957475
N/A,Astrazeneca Plc - US,G0593M107,2524416000.0,12800,0.004685764161655364
PAVE,Global X US Infrastructure Development ETF - US ET,37954Y673,2517483000.0,49547,0.0046728952830978054
NNE,NANO Nuclear Energy Inc - US,63010H108,2515087000.0,122807,0.004668447881825065
ONON,On Holding Ag - US,H5919C104,2514078000.0,73900,0.004666574998734833
IPI,Intrepid Potash Inc - US,46121Y201,2512010000.0,58733,0.004662736423679731
ASML,Asml Holding Nv - US NY Reg Shrs,N07059210,2509577000.0,1900,0.004658220343839756
ZM,Zoom Communications Inc - US,98980L101,2508168000.0,31200,0.004655604989752406
MOH,Molina Healthcare Inc - US,60855R100,2506040000.0,18800,0.004651655044047735
BLDR,Builders Firstsource Inc - US,12008R107,2494599000.0,30300,0.00463041851735265
IHS,Ihs Holding Ltd - US,G4701H109,2494233000.0,303066,0.004629739156390287
DOC,Healthpeak Properties Inc - US REIT,42250P103,2485859000.0,151300,0.004614195526065609
FIX,Comfort Systems Usa Inc - US,199908104,2482182000.0,1800,0.004607370361424596
WULF,Terawulf Inc - US,88080T104,2481917000.0,171997,0.0046068784743890055
HLX,Helix Energy Solutions Group Inc - US,42330P107,2476852000.0,250440,0.004597476935387991
EWZ,Ishares Msci Brazil Etf - US ETP,464286400,2476155000.0,64500,0.004596183179675512
ESQ,Esquire Financial Holdings Inc - US,29667J101,2474543000.0,23019,0.004593191021557124
RGTI,Rigetti Computing Inc - US,76655K103,2473848000.0,176200,0.00459190097819963
UBS,Ubs Group Ag - US,H42097107,2473131000.0,63300,0.004590570098937295
XHB,State Street SPDR S&P Homebuilders ETF - US ETP,78464A888,2468197000.0,25002,0.004581411719187837
AGO,Assured Guaranty Ltd - US,G0585R106,2465829000.0,30263,0.004577016290884895
JETS,Us Global Jets Etf - US ETP,26922A842,2463000000.0,100000,0.004571765164757774
EIX,Edison International - US,281020107,2458848000.0,33600,0.004564058315807683
TPH,Tri Pointe Homes Inc - US,87265H109,2453372000.0,52501,0.00455389388785713
ENTG,Entegris Inc - US,29362U104,2450316000.0,20900,0.004548221409439144
SU,Suncor Energy Inc - US,867224107,2436881000.0,36861,0.004523283664823422
GLNG,Golar Lng Ltd - US,G9456A100,2434950000.0,45000,0.004519699386084832
AI,C3.Ai Inc - US,12468P104,2432538000.0,288900,0.004515222285972208
RBLX,Roblox Corp - US,771049103,2432080000.0,43000,0.004514372156680506
ACIC,American Coastal Insurance Corp - US,910710102,2431755000.0,216156,0.004513768898995347
NVCR,Novocure Ltd - US,G6674U108,2428618000.0,222809,0.004507946070200445
TCBI,Texas Capital Bancshares Inc - US,88224Q107,2428359000.0,25594,0.004507465320229811
TFIN,Triumph Financial Inc - US,89679E300,2416528000.0,40505,0.004485504884312536
GFS,Globalfoundries Inc - US,G39387108,2415264000.0,54300,0.00448315867596164
BYON,Bed Bath & Beyond Inc - US,690370101,2412981000.0,520039,0.004478921022745586
SII,Sprott Inc - US,852066208,2400720000.0,16800,0.004456162430506408
LI,Li Auto Inc - US ADR,50202M102,2399918000.0,134600,0.0044546737761571855
BLND,Blend Labs Inc - US,09352U108,2397036000.0,1410021,0.004449324272622946
CROX,Crocs Inc - US,227046109,2392470000.0,28818,0.004440848966190837
BDN,Brandywine Realty Trust - US REIT,105368203,2390542000.0,882119,0.004437270255984726
COMM,Vistance Networks Inc - US,20337X109,2387840000.0,131200,0.0044322548643991894
AXTI,Axt Inc - US,00246W103,2387462000.0,41900,0.004431553229306912
ERO,ERO Copper Corp - US,296006109,2386965000.0,89500,0.004430630709092992
SANM,Sanmina Corp - US,801056102,2385376000.0,18400,0.0044276812430569384
FWONK,Liberty Media Corp-Liberty Formula One-c,531229755,2381580000.0,28012,0.004420635193294283
CSX,Csx Corp - US,126408103,2376795000.0,57900,0.004411753383991252
Z,Zillow Group Inc - C,98954M200,2375212000.0,57400,0.004408815055020155
DAR,Darling Ingredients Inc - US,237266101,2375040000.0,38400,0.004408495792491394
TPL,Texas Pacific Land Corp - US,88262P102,2372800000.0,5000,0.00440433795490753
WING,Wingstop Inc - US,974155103,2371041000.0,15300,0.004401072938697701
NGVT,Ingevity Corp - US,45688C107,2370748000.0,33283,0.004400529078692312
IWM,Ishares Russell 2000 Etf - US ETP,464287655,2370632000.0,9559,0.004400313762103147
WELL,Welltower Inc - US REIT,95040Q104,2352749000.0,11900,0.004367119739999467
IRM,Iron Mountain Inc - US REIT,46284V101,2349220000.0,23000,0.004360569289627389
EWT,Ishares Msci Taiwan Etf - US ETP,46434G772,2347452000.0,33100,0.004357287567820125
ALMS,Alumis Inc - US,022307102,2343463000.0,106376,0.004349883275801359
SWBI,Smith & Wesson Brands Inc - US,831754106,2339501000.0,163259,0.0043425291005748995
LOW,Lowe's Cos Inc - US,548661107,2339172000.0,9900,0.00434191841817977
UCTT,Ultra Clean Holdings Inc - US,90385V107,2336040000.0,37569,0.00433610487027233
DPZ,Domino's Pizza Inc - US,25754A201,2332135000.0,6500,0.00432885649716296
CAL,Caleres Inc - US,129500104,2330847000.0,221143,0.004326465740552238
RY,Royal Bank Of Canada - US,780087102,2329956000.0,14402,0.004324811886406156
EPAM,Epam Systems Inc - US,29414B104,2328880000.0,17200,0.004322814639423907
CFG,Citizens Financial Group Inc - US,174610105,2326836000.0,38800,0.004319020612628632
JBS,Jbs NV-A - US,N4732M103,2325820000.0,129500,0.004317134736295951
CRK,Comstock Resources Inc - US,205768302,2323332000.0,110215,0.004312516566693873
GSAT,Globalstar Inc - US,378973507,2318058000.0,34900,0.0043027270865968635
CCEP,Coca-Cola Europacific Partners Plc - US,G25839104,2315168000.0,25534,0.004297362733642682
NIO,Nio Inc - US ADR,62914V106,2313108000.0,383600,0.004293539008007522
ADM,Archer-Daniels-Midland Co - US,039483102,2311542000.0,31800,0.004290632234053802
OFG,Ofg Bancorp - US,67103X102,2310468000.0,57105,0.004288638699426538
PATH,Uipath Inc - US,90364P105,2308789000.0,207999,0.004285522177416134
VKTX,Viking Therapeutics Inc - US,92686J106,2303474000.0,70789,0.00427565659404192
SIMO,Silicon Motion Technology Corp - US ADR,82706C108,2301945000.0,20500,0.004272818498655434
ALNT,Allient Inc - US,019330109,2297951000.0,38889,0.004265404925749205
DSGX,Descartes Systems Group Inc/The - US,249906108,2297076000.0,32100,0.004263780770443008
BRX,Brixmor Property Group Inc - US REIT,11120U105,2297002000.0,79757,0.004263643413308541
NOV,Nov Inc - US,62955J103,2294444000.0,121980,0.004258895311281968
RCL,Royal Caribbean Cruises Ltd - US,V7780T103,2283994000.0,8300,0.004239498256482244
AVNT,Avient Corp - US,05368V106,2276300000.0,62708,0.0042252168268526675
ETSY,Etsy Inc - US,29786A106,2274090000.0,45500,0.004221114674593587
RYAN,Ryan Specialty Holdings Inc - US,78351F107,2273806000.0,67392,0.004220587520185634
CTS,Cts Corp - US,126501105,2273376000.0,47600,0.004219789363863731
MOS,Mosaic Co/The - US,61945C103,2271999000.0,89098,0.00421723340745615
CIFR,Cipher Digital Inc - US,17253J106,2265969000.0,176066,0.004206040657174588
OXM,Oxford Industries Inc - US,691497309,2255723000.0,58575,0.004187022262583395
XPEV,Xpeng Inc - US ADR,98422D105,2251676000.0,131600,0.0041795103122700475
XIFR,XPLR Infrastructure LP - US,65341B106,2249666000.0,211833,0.004175779395509525
MELI,Mercadolibre Inc - US,58733R102,2247726000.0,1300,0.004172178411173501
UPST,Upstart Holdings Inc - US,91680M107,2246940000.0,87600,0.004170719455664163
WT,WisdomTree Inc - US,97717P104,2242240000.0,154000,0.00416199542144802
ALK,Alaska Air Group Inc - US,011659109,2238946000.0,60874,0.004155881172786748
SNDR,Schneider National Inc - US Class B,80689H102,2232455000.0,84691,0.004143832724681005
RHI,Robert Half Inc - US,770323103,2221255000.0,87451,0.004123043536761684
MOS,Mosaic Co/The - US,61945C103,2218500000.0,87000,0.004117929767769031
OBDC,Blue Owl Capital Corp - US,69121K104,2217530000.0,200500,0.004116129275601017
TDS,Telephone And Data Systems Inc - US,879433829,2216018000.0,52637,0.004113322735231909
NEE,Nextera Energy Inc - US,65339F101,2210544000.0,23800,0.004103162019636342
CLFD,Clearfield Inc - US,18482P103,2208154000.0,83421,0.0040987257554285575
MCO,Moody's Corp - US,615369105,2202626000.0,5049,0.004088464806248379
EWU,Ishares Msci United Kingdom Etf - US ETP,46435G334,2200229000.0,48293,0.004084015548798146
NEOG,Neogen Corp - US,640491106,2190034000.0,235741,0.004065091819259086
CGBD,Carlyle Secured Lending Inc - US,872280102,2188000000.0,200000,0.004061316354238738
BKR,Baker Hughes Co - US,05722G100,2185590000.0,35800,0.004056842966481097
BBNX,Beta Bionics Inc - US,08659B102,2185302000.0,218094,0.004056308387363173
MCX,McCormick & Company,579780206,2184052000.0,43300,0.004053988165497176
GWW,Ww Grainger Inc - US,384802104,2181620000.0,2000,0.004049473941834696
GDXJ,Vaneck Junior Gold Miners Etf - US ETP,92189F791,2179206000.0,18154,0.004044993129367085
ALAB,Astera Labs Inc - US,04626A103,2170080000.0,19800,0.004028053653567824
RPRX,Royalty Pharma Plc - US,G7709Q104,2168244000.0,45200,0.004024645711691049
DOX,Amdocs Ltd - US,G02602103,2166632000.0,33200,0.004021653553572662
GSK,GSK PLC - US ADR,37733W204,2163448000.0,39200,0.004015743484435597
CRNC,Cerence Inc - US,156727109,2156790000.0,341805,0.004003385054688558
AVT,Avnet Inc - US,053807103,2156454000.0,34996,0.004002761379050979
WGS,GeneDx Holdings Corp - US,81663L200,2153939000.0,33540,0.003998093092656595
FIS,Fidelity National Information Services Inc - US,31620M106,2152278000.0,45881,0.003995009981841061
FW2N,Banner Corp - US,06652V208,2149043000.0,35416,0.003989005247651864
MDT,Medtronic Plc - US,G5960L103,2148920000.0,24800,0.00398877693782025
HTH,Hilltop Holdings Inc - US,432748101,2148734000.0,59987,0.00398843168880659
ECX,ECARX Holdings Inc - US,G29201103,2146419000.0,2195151,0.003984134637910766
BMY,Bristol-Myers Squibb Co - US,110122108,2140945000.0,35300,0.003973973922315198
SJM,J M Smucker Co/The - US,832696405,2131324000.0,22100,0.003956115638657003
NI,Nisource Inc - US,65473P105,2129936000.0,45648,0.003953539264297001
SITC,Site Centers Corp - US REIT,82981J851,2127627000.0,394005,0.003949253350466134
VIAV,Viavi Solutions Inc - US,925550105,2126592000.0,63900,0.00394733220676109
NATH,Nathan's Famous Inc - US,632347100,2121475000.0,21061,0.0039378341465304495
NHI,National Health Investors Inc - US REIT,63633D104,2121120000.0,26232,0.003937175203520507
SKYT,Skywater Technology Inc - US,83089J108,2120191000.0,77351,0.0039354508146297
AL,Air Lease Corp - US,00912X302,2117044000.0,32600,0.0039296094240598685
TD,Toronto-Dominion Bank/The - US,891160509,2116271000.0,22680,0.003928174598857938
IBKR,Interactive Brokers Group Inc - US,45841N107,2112705000.0,31500,0.003921555469918625
ASHR,Xtrackers Harvest Csi 300 China A-Shares Etf - US,233051879,2111808000.0,64700,0.003919890478707586
AMGN,Amgen Inc - US,031162100,2111100000.0,6000,0.003918576305042686
EWJ,Ishares Msci Japan Etf - US ETP,46434G822,2111000000.0,25000,0.003918390687293407
CAG,Conagra Brands Inc - US,205887102,2104908000.0,133900,0.00390708285400729
KMI,Kinder Morgan Inc - US,49456B101,2101560000.0,62677,0.0039008683717614077
BBIO,Bridgebio Pharma Inc - US,10806X102,2101558000.0,28300,0.0039008646594064222
ROST,Ross Stores Inc - US,778296103,2101311000.0,9700,0.003900406183565702
GGAL,Grupo Financiero Galicia Sa - US ADR,399909100,2097279000.0,44900,0.003892922075914746
N/A,Etoro Group Ltd - US,G32089107,2090088000.0,69600,0.0038795743035640465
CLBT,Cellebrite Di Ltd - US,M2197Q107,2088194000.0,151538,0.0038760587033926904
CYD,China Yuchai International Ltd - US,G21082105,2084159000.0,54134,0.003868569027209256
DSP,Viant Technology Inc - US,92557A101,2082248000.0,185915,0.003865021872020522
CARS,Cars.Com Inc - US,14575E105,2082244000.0,256434,0.0038650144473105505
8CW,Crown Castle Inc - US REIT,22822V101,2081536000.0,25600,0.003863700273645651
PTON,Peloton Interactive Inc - US,70614W100,2080650000.0,485000,0.0038620557003870336
FRSH,Freshworks Inc - US,358054104,2078646000.0,258860,0.003858335920691469
LW,Lamb Weston Holdings Inc - US,513272104,2074966000.0,49100,0.0038515051875179776
SONY,Sony Group Corp - US ADR,835699307,2073333000.0,100161,0.0038484740496722413
EWZ,Ishares Msci Brazil Etf - US ETP,464286400,2073060000.0,54000,0.003847967313216708
SOXX,Ishares Semiconductor Etf - US ETP,464287523,2070558000.0,6300,0.003843323157129731
CRSP,Crispr Therapeutics Ag - US,H17182108,2065061000.0,43411,0.0038331197494518286
MBI,Mbia Inc - US,55262C100,2062620000.0,349005,0.003828588820191912
DDD,3D Systems Corp - US,88554D205,2059523000.0,1095491,0.003822840238496722
GPN,Global Payments Inc - US,37940X102,2059380000.0,30600,0.003822574805115252
PZZA,Papa John's International Inc - US,698813102,2058035000.0,63500,0.00382007824638744
SEZL,Sezzle Inc - US,78435P105,2050596000.0,32400,0.0038062701420185268
EEMV,Ishares Msci Emerging Markets Min Vol Factor Etf -,464286533,2048057000.0,31640,0.003801557307364317
PATH,Uipath Inc - US,90364P105,2044620000.0,184200,0.0037951776253215756
WSFS,Wsfs Financial Corp - US,929328102,2043596000.0,31219,0.0037932768995689514
STM,Stmicroelectronics Nv - US NY Reg Shrs,861012102,2041905000.0,59100,0.0037901381034286326
SYY,Sysco Corp - US,871829107,2040038000.0,28600,0.0037866726200495816
FIVN,Five9 Inc - US,338307101,2037331000.0,134300,0.003781647947576582
ADSK,Autodesk Inc - US,052769106,2034900000.0,8500,0.0037771355800915933
VSAT,Viasat Inc - US,92552V100,2033520000.0,44400,0.0037745740551515345
WING,Wingstop Inc - US,974155103,2032587000.0,13116,0.003772842241550755
INOD,Innodata Inc - US,457642205,2032339000.0,52624,0.0037723819095325417
SCCO,Southern Copper Corp - US,84265V105,2030308000.0,11800,0.003768612013044672
CIT,Cintas Corp - US,172908105,2029680000.0,12000,0.0037674463335791953
Z,Zillow Group Inc - C,98954M200,2027620000.0,49000,0.003763622607944035
CVS,Cvs Health Corp - US,126650100,2025324000.0,28200,0.0037593608244205737
SNPS,Synopsys Inc - US,871607107,2022048000.0,5100,0.003753279986954173
DC,Dakota Gold Corp - US,46655E100,2018727000.0,399748,0.003747115621500596
UTZ,Utz Brands Inc - US,918090101,2013921000.0,254283,0.003738194832470216
BLBD,Blue Bird Corp - US,095306106,2010650000.0,35405,0.003732123275891278
VRRM,Verra Mobility Corp - US,92511U102,2009274000.0,140607,0.00372956917566119
DPZ,Domino's Pizza Inc - US,25754A201,2009224000.0,5600,0.00372947636678655
RSG,Republic Services Inc - US,760759100,2007975000.0,9168,0.003727158001098048
ARES,Ares Management Corp - US,03990B101,2007440000.0,18400,0.0037261649461394013
SCHG,Schwab U.S. Large-Cap Growth ETF - US ETP,808524300,2006067000.0,68866,0.003723616414441792
MLR,Miller Industries Inc/Tn - US,600551204,2004838000.0,44014,0.003721335172303145
CVLG,Covenant Logistics Group Inc - US,22284P105,1995742000.0,73508,0.0037044513818286677
MYE,Myers Industries Inc - US,628464109,1995643000.0,94223,0.0037042676202568817
EWJ,Ishares Msci Japan Etf - US ETP,46434G822,1992700000.0,23599,0.0036988048898955813
KEY,Keycorp - US,493267108,1990965000.0,99300,0.003695584421945579
OSCR,Oscar Health Inc - US,687793109,1990045000.0,173500,0.0036938767386522063
DBI,Designer Brands Inc - US,250565108,1986459000.0,349114,0.003687220486163038
EXPE,Expedia Group Inc - US,30212P303,1985654000.0,8600,0.0036857262632813367
IRON,Disc Medicine Inc - US,254604101,1982268000.0,31002,0.003679441246290728
RC,Ready Capital Corp - US REIT,75574U101,1979055000.0,1221639,0.003673477348006373
TEX,Terex Corp - US,880779103,1975831000.0,33432,0.003667493031769597
LHX,L3Harris Technologies Inc - US,502431109,1967355000.0,5700,0.003651760071340654
AGIO,Agios Pharmaceuticals Inc - US,00847X104,1967248000.0,58151,0.003651561460348925
IVZ,Invesco Ltd - US,G491BT108,1962632000.0,80800,0.003642993345042176
CPRT,Copart Inc - US,217204106,1958800000.0,59000,0.0036358804728897796
TMV,DIREXION SHARES ETF TRUST,25460G849,1957664000.0,52400,0.0036337718552579626
HSY,Hershey Co/The - US,427866108,1954166000.0,9400,0.0036272789463881613
MPC,Marathon Petroleum Corp - US,56585A102,1953440000.0,8000,0.0036259313615283908
ZTS,Zoetis Inc - US,98978V103,1950465000.0,16500,0.003620409233487321
TBPH,Theravance Biopharma Inc - US,G8807B106,1949580000.0,120122,0.0036187665164061963
CLBK,Columbia Financial Inc - US,197641103,1946517000.0,111166,0.0036130810447457607
TLH,Ishares 10-20 Year Treasury Bond Etf - US ETP,464288653,1945508000.0,19316,0.0036112081616555287
DRI,Darden Restaurants Inc - US,237194105,1940796000.0,9900,0.0036024618533094716
KMX,Carmax Inc - US,143130102,1934759000.0,46531,0.003591256109785459
FIX,Comfort Systems Usa Inc - US,199908104,1930586000.0,1400,0.00358351028110802
AAAU,Goldman Sachs Physical Gold ETF - US ETP,38150K103,1928433000.0,41750,0.003579513930966029
WPM,Wheaton Precious Metals Corp - US,962879102,1925847000.0,14700,0.003574713855969657
RBC,Rbc Bearings Inc - US,75524B104,1913412000.0,3523,0.0035516322888467324
VRSN,Verisign Inc - US,92343E102,1911627000.0,7697,0.003548319012022091
CABO,Cable One Inc - US,12685J105,1911306000.0,20955,0.003547723179046903
NOC,Northrop Grumman Corp - US,666807102,1910272000.0,2800,0.0035458038915193515
SCHD,Schwab Us Dividend Equity Etf - US ETP,808524797,1905105000.0,62096,0.003536213022414072
ACI,Albertsons Cos Inc - US,013091103,1901528000.0,111592,0.0035295734755223388
GEHC,GE HealthCare Technologies Inc - US,36266G107,1900506000.0,26700,0.003527676462124701
FIGR,Figure Technology Solutions Inc - US,349381103,1897805000.0,55900,0.0035226629267166576
CLMT,Calumet Inc - US MLP,131428104,1888340000.0,52600,0.0035050942067473387
VGT,Vanguard Information Technology Etf - US ETP,92204A702,1888030000.0,2706,0.0035045187917245716
SIGI,Selective Insurance Group Inc - US,816300107,1887012000.0,25030,0.003502629203036905
VCTR,Victory Capital Holdings Inc - US,92645B103,1884776000.0,28784,0.0034984787901630116
SLNO,Soleno Therapeutics Inc - US,834203309,1878831000.0,56118,0.003487443814968337
TROW,T Rowe Price Group Inc - US,74144T108,1874912000.0,20800,0.0034801694553740674
CVRX,Cvrx Inc - US,126638105,1866836000.0,197340,0.003465178965942243
SFM,Sprouts Farmers Market Inc - US,85208M102,1866546000.0,24200,0.003464640674469332
FLEX,Flex Ltd - US,Y2573F102,1865610000.0,28500,0.0034629032923360744
HLF,Herbalife Ltd - US,G4412G101,1865127000.0,126707,0.003462006758607053
EGO,Eldorado Gold Corp - US,284902509,1864119000.0,54300,0.0034601357316943145
OHI,Omega Healthcare Investors Inc - US REIT,681936100,1862350000.0,42500,0.003456852153709558
AIV,Apartment Investment And Management Co - US REIT,03748R747,1857316000.0,456343,0.00344750815621082
AFW,Align Technology Inc - US,016255101,1851444000.0,10800,0.003436608681973119
TSN,Tyson Foods Inc - US,902494103,1848868000.0,28857,0.0034318271687516755
CM,Canadian Imperial Bank Of Commerce - US,136069101,1847625000.0,19500,0.003429519940128129
DBRG,Digitalbridge Group Inc - US REIT,25401T603,1843168000.0,119531,0.003421246957042735
ZUMZ,Zumiez Inc - US,989817101,1835047000.0,82809,0.003406172939623735
SPHR,Sphere Entertainment Co - US,55826T102,1819700000.0,15500,0.0033776861836417866
XLC,State Street Communication Services Select Sector,81369Y852,1817882000.0,16398,0.003374311652959883
MO,Altria Group Inc - US,02209S103,1814725000.0,27500,0.0033684517006151247
LKQ1,Lkq Corp - US,501889208,1809868000.0,61623,0.0033594362465326115
SHLS,Shoals Technologies Group Inc - US,82489W107,1805466000.0,274387,0.0033512653532093216
MSCI,Msci Inc - US,55354G100,1804605000.0,3348,0.0033496671843880237
SJM,J M Smucker Co/The - US,832696405,1803428000.0,18700,0.0033474824634790023
APEI,American Public Education Inc - US,02913V103,1798375000.0,31617,0.003338103198607902
ERJ,Embraer Sa - US ADR,29082A107,1798002000.0,30300,0.0033374108444030885
ROKU,Roku Inc - US,77543R102,1797780000.0,19000,0.003336998772999688
7HP,Hp Inc - US,40434L105,1796135000.0,93500,0.0033339453610240375
TECK,Teck Resources Ltd - US Class B,878742204,1795725000.0,34700,0.0033331843282519906
CAI,Caris Life Sciences Inc - US,142152107,1793847000.0,100327,0.0033296984269205188
XPEL,Xpel Inc - US,98379L100,1790096000.0,40445,0.0033227359051450395
AEHR,Aehr Test Systems - US,00760J108,1786996000.0,48193,0.0033169817549173705
SLP,Simulations Plus Inc - US,829214105,1786026000.0,151102,0.003315181262749358
SMBK,Smartfinancial Inc - US,83190L208,1785995000.0,45701,0.0033151237212470813
HII,Huntington Ingalls Industries Inc - US,446413106,1785530000.0,4700,0.0033142605987129307
NPCE,Neuropace Inc - US,641288105,1784521000.0,135705,0.0033123877156226987
KGC,Kinross Gold Corp - US,496902404,1782704000.0,58411,0.0033090150411182882
GAIN,Gladstone Investment Corp - US,376546107,1777968000.0,125209,0.003300224184512404
CLSK,Cleanspark Inc - US,18452B209,1777739000.0,208900,0.0032997991198665533
DG,Dollar General Corp - US,256677105,1777151000.0,14968,0.0032987076875007886
FUTU,Futu Holdings Ltd - US ADR,36118L106,1775418000.0,12982,0.0032954909319057725
VONV,Vanguard Russell 1000 Value - US ETP,92206C714,1775342000.0,18939,0.00329534986241632
FUBO,FuboTV Inc - US,35953D401,1775273000.0,187661,0.003295221786169317
HR,Healthcare Realty Trust Inc - US REIT,42226K105,1773399000.0,104379,0.0032917433095478164
BLKB,Blackbaud Inc - US,09227Q100,1771041000.0,45870,0.003287366443019802
TRMK,Trustmark Corp - US,898402102,1770934000.0,42025,0.003287167832028073
CORZ,Core Scientific Inc - US,21874A106,1769155000.0,118259,0.003283865692268388
IBOC,International Bancshares Corp - US,459044103,1767843000.0,26272,0.003281430387397839
UAMY,United States Antimony Corp - US,911549103,1765337000.0,202215,0.003276778806600891
QRVO,Qorvo Inc - US,74736K101,1756980000.0,22700,0.0032612667312935904
HYMC,Hycroft Mining Holding Corp - US,44862P208,1756480000.0,49900,0.0032603386425471923
APPS,Digital Turbine Inc - US,25400W102,1753543000.0,608869,0.003254887049250849
MT,Arcelormittal Sa - US NY Reg Shrs,03938L203,1752402000.0,33713,0.0032527691507315687
SE,Sea Ltd - US ADR,81141R100,1747291000.0,21100,0.0032432822275658855
BILI,Bilibili Inc - US ADR,090040106,1746144000.0,77400,0.003241153191981648
COIN,Coinbase Global Inc - US,19260Q107,1746100000.0,10000,0.003241071520171965
MTN,Vail Resorts Inc - US,91879Q109,1745152000.0,13600,0.003239311863908794
PHIN,Phinia Inc - US,71880K101,1744467000.0,25489,0.003238040382326228
GMRE,Chiron Real Estate Inc - US REIT,37954A303,1743382000.0,52702,0.003236026429746544
BFLY,Butterfly Network Inc - US,124155102,1743369000.0,431527,0.003236002299439137
GILD,Gilead Sciences Inc - US,375558103,1742125000.0,12500,0.0032336932146380987
TOST,Toast Inc - US,888787108,1736405000.0,65500,0.0032230758793793026
CAG,Conagra Brands Inc - US,205887102,1735488000.0,110400,0.003221373764618408
N/A,Crh Plc - US,G25508105,1734585000.0,16501,0.0032196976363424133
LASR,Nlight Inc - US,65487K100,1733408000.0,30400,0.003217512915433392
HSBC,Hsbc Holdings Plc - US ADR,404280406,1732290000.0,21000,0.0032154377089964447
EXPE,Expedia Group Inc - US,30212P303,1731675000.0,7500,0.0032142961598383758
HEI,Heico Corp.-NEW,422806109,1726637000.0,6297,0.0032049447376296665
IVR,Invesco Mortgage Capital Inc - US REIT,46131B704,1725565000.0,213560,0.0032029549153573885
USAR,USA Rare Earth Inc - US,91733P107,1725395000.0,114000,0.003202639365183613
RBRK,Rubrik Inc - US,781154109,1723744000.0,35200,0.003199574816143006
PCOR,Procore Technologies Inc - US,74275K108,1715700000.0,30100,0.0031846437243909518
RY,Royal Bank Of Canada - US,780087102,1714868000.0,10600,0.0031830993847169445
LE,Lands' End Inc - US,51509F105,1712762000.0,152381,0.0031791902749171153
PGY,Pagaya Technologies Ltd - A - US,M7S64L123,1710220000.0,146800,0.0031744718717304264
KDP,Keurig Dr Pepper Inc - US,49271V100,1708817000.0,64900,0.003171867654708033
RYTM,Rhythm Pharmaceuticals Inc - US,76243J105,1708613000.0,19646,0.0031714889944995024
FLY,Firefly Aerospace Inc - US,31816X106,1708200000.0,60000,0.0031707223931949774
UVE,Universal Insurance Holdings Inc - US,91359V107,1708000000.0,50000,0.0031703511576964185
OVV,Ovintiv Inc - US,69047Q102,1706778000.0,28753,0.0031680829088002204
AIP,Arteris Inc - US,04302A104,1703036000.0,103591,0.0031611370926221765
AXON,Axon Enterprise Inc - US,05464C101,1698760000.0,4000,0.0031532000776629786
NXPI,Nxp Semiconductors Nv - US,N6596X109,1692996000.0,8600,0.0031425010705945
HWM,Howmet Aerospace Inc - US,443201108,1682358000.0,7300,0.0031227550544261308
TCBX,Third Coast Bancshares Inc - US,88422P109,1680749000.0,44429,0.0031197684648402208
TRGP,Targa Resources Corp - US,87612G101,1679891000.0,6700,0.0031181758645514018
ALL,Allstate Corp/The - US,020002101,1679454000.0,8100,0.0031173647149870497
IONQ,Ionq Inc - US,46222L108,1677906000.0,58200,0.0031144913522282
ECG,Everus Construction Group Inc - US,300426103,1676452000.0,14200,0.003111792470153674
ROOT,Root Inc/Oh - US,77664L207,1674220000.0,37904,0.0031076494819897525
AA,Alcoa Corp - US,013872106,1671516000.0,25200,0.0031026303780492307
CRNX,Crinetics Pharmaceuticals Inc - US,22663K107,1671483000.0,46021,0.0031025691241919682
MMM,3M Co - US,88579Y101,1670145000.0,11500,0.003100085558706607
FSLY,Fastly Inc - US,31188V100,1665138000.0,57300,0.003090791678000175
RACE,Ferrari Nv - US,N3167Y103,1664497000.0,4918,0.003089601868227292
PKG,Packaging Corp Of America - US,695156109,1660409000.0,7824,0.0030820138146367398
DEO,Diageo Plc - US ADR,25243Q205,1658448000.0,22276,0.0030783738505733666
VRTS,Virtus Investment Partners Inc - US,92828Q109,1655864000.0,12325,0.0030735774879319796
BROS,Dutch Bros Inc - US,26701L100,1651516000.0,32600,0.003065506828193301
ENB,Enbridge Inc - US,29250N105,1651270000.0,30500,0.003065050208530073
HUT,Hut 8 Corp - US,44812J104,1651232000.0,35200,0.0030649796737853463
LLYVK,Liberty Live Holdings Class C - US,530909308,1651160000.0,17545,0.0030648460290058654
CAH,Cardinal Health Inc - US,14149Y108,1648218000.0,7800,0.003059385154822058
LYV,Live Nation Entertainment Inc - US,538034109,1647108000.0,10800,0.0030573247978050535
PL,Planet Labs PBC - US,72703X106,1646255000.0,58900,0.0030557414784036984
SIBN,Si-Bone Inc - US,825704109,1643365000.0,130116,0.0030503771254495166
TK,Teekay Corp Ltd - US,G8726T105,1642526000.0,134523,0.0030488197925330604
SSYS,Stratasys Ltd - US,M85548101,1637249000.0,209635,0.0030390247439035733
ABVX,Abivax SA - US ADR,00370M103,1636845000.0,14700,0.0030382748481964836
ICE,Intercontinental Exchange Inc - US,45866F104,1635712000.0,10400,0.003036171799097145
EFSC,Enterprise Financial Services Corp - US,293712105,1634068000.0,30199,0.0030331202432989876
PNW,Pinnacle West Capital Corp - US,723484101,1628725000.0,16166,0.003023202686954976
GRAL,GRAIL Inc - US,384747101,1626111000.0,31465,0.003018350638988806
MUR,Murphy Oil Corp - US,626717102,1621125000.0,39300,0.0030090957380097226
CSIQ,Canadian Solar Inc - US,136635109,1617680000.0,116800,0.0030027012065470386
LITE,Lumentum Holdings Inc - US,55024U109,1617051000.0,2301,0.0030015336709040695
SNDX,Syndax Pharmaceuticals Inc - US,87164F105,1613218000.0,69059,0.0029944189425741806
GLNG,Golar Lng Ltd - US,G9456A100,1612478000.0,29800,0.002993045371229511
ELF,Elf Beauty Inc - US,26856L103,1612226000.0,26600,0.0029925776145013267
FIHL,Fidelis Insurance Holdings Ltd - US,G3398L118,1605890000.0,84034,0.002980816873906968
AJG,Arthur J Gallagher & Co - US,363576109,1602692000.0,7400,0.0029748808182850045
AFL,Aflac Inc - US,001055102,1601766000.0,14600,0.002973161997926675
CHTR,Charter Communications Inc - US,16119P108,1597512000.0,7400,0.002965265818872319
WT,WisdomTree Inc - US,97717P104,1593607000.0,109451,0.0029580174457629485
DASH,Doordash Inc - US,25809K105,1591590000.0,10600,0.002954273535759978
CUCA,Avis Budget Group Inc - US,053774105,1589765000.0,10900,0.0029508860118356243
PRM,Perimeter Solutions Inc,71385M107,1587398000.0,65004,0.002946492439710175
PSX,Phillips 66 - US,718546104,1584966000.0,8700,0.002941978216047694
GLXY,Galaxy Digital Inc - US,36317J209,1583730000.0,85839,0.0029396839806665976
MNST,Monster Beverage Corp - US,61174X109,1583613000.0,21855,0.0029394668078999405
ABNB,Airbnb Inc - US,009066101,1578500000.0,12500,0.002929976172379272
AIOT,Powerfleet Inc - US,73931J109,1577825000.0,512281,0.0029287232525716344
FROG,Jfrog Ltd - US,M6191J100,1576848000.0,33600,0.002926909767161172
ONDS,Ondas Inc - US,68236H204,1576675000.0,174411,0.002926588648454918
VTS,Vitesse Energy Inc - US,92852X103,1576306000.0,86801,0.0029259037189600765
PRGS,Progress Software Corp - US,743312100,1576141000.0,61448,0.0029255974496737646
RRC,Range Resources Corp - US,75281A109,1576059000.0,34884,0.0029254452431193554
CPNG,Coupang Inc - US,22266T109,1574592000.0,83400,0.002922722230737423
ASST,Strive Inc - US Class B,862945300,1573140000.0,157000,0.0029200270610178825
AG8,Agilent Technologies Inc - US,00846U101,1572924000.0,13800,0.0029196261266794385
IQV,Iqvia Holdings Inc - US,46266C105,1568968000.0,9200,0.0029122830885179355
BNS,Bank Of Nova Scotia/The - US,064149107,1566406000.0,22600,0.002907527561781391
GM,General Motors Co - US,37045V100,1564500000.0,21000,0.0029039896874801206
BN,Brookfield Corp - US,11271J107,1564166000.0,38650,0.002903369724197527
LW,Lamb Weston Holdings Inc - US,513272104,1563620000.0,37000,0.00290235625128646
IONS,Ionis Pharmaceuticals Inc - US,462222100,1561872000.0,20800,0.0028991116530290516
RGTI,Rigetti Computing Inc - US,76655K103,1561248000.0,111200,0.0028979533982735465
MLM,Martin Marietta Materials Inc - US,573284106,1559413000.0,2649,0.002894547312574265
FLR,Fluor Corp - US,343412102,1558110000.0,33400,0.002892128713301151
MET,Metlife Inc - US,59156R108,1555840000.0,22000,0.0028879151903925034
QXO,QXO Inc - US,82846H405,1555542000.0,80100,0.0028873620494996497
PHM,Pultegroup Inc - US,745867101,1552452000.0,13200,0.0028816264610469085
CURB,Curbline Properties Corp - US,23128Q101,1552094000.0,60182,0.002880961949504487
MNST,Monster Beverage Corp - US,61174X109,1550644000.0,21400,0.0028782704921399326
EME,Emcor Group Inc - US,29084Q100,1550451000.0,2100,0.0028779122498838227
LYFT,Lyft Inc - US,55087P104,1548320000.0,116415,0.0028739567356466738
DASH,Doordash Inc - US,25809K105,1546545000.0,10300,0.0028706620205969594
SVM,Silvercorp Metals Inc - US,82835P103,1545013000.0,143856,0.002867818356677995
TFC,Truist Financial Corp - US,89832Q109,1543259000.0,33571,0.0028645626213556303
AOSL,Alpha & Omega Semiconductor Ltd - US,G6331P104,1541228000.0,69550,0.0028607927248677605
TILE,Interface Inc - US,458665304,1539209000.0,61766,0.002857045102509805
PBR,Petroleo Brasileiro S.A. - ADR (NYSE),71654V408,1530022000.0,73736,0.0028399923998834835
GWW,Ww Grainger Inc - US,384802104,1527134000.0,1400,0.002834631759284287
ALK,Alaska Air Group Inc - US,011659109,1526370000.0,41500,0.0028332136396797903
CDW,Cdw Corp/De - US,12514G108,1522674000.0,12582,0.0028263532076664146
LQDA,Liquidia Corp - US,53635D202,1519526000.0,40263,0.002820509960919091
JEF,Jefferies Financial Group Inc - US,47233W109,1518736000.0,36800,0.002819043580699782
MARA,MARA Holdings Inc - US,565788106,1518576000.0,186100,0.0028187465923009344
MHO,M/I Homes Inc - US,55305B101,1516176000.0,12382,0.002814291766318223
TNDM,Tandem Diabetes Care Inc - US,875372203,1514411000.0,78999,0.002811015613043437
CELH,Celsius Holdings Inc - US,15118V207,1511448000.0,42600,0.002805515759132281
DHIL,Diamond Hill Investment Group Inc - US,25264R207,1506391000.0,8753,0.002796129069551209
NMRA,Neumora Therapeutics Inc - US,640979100,1504265000.0,771418,0.0027921828362015236
BC,Brunswick Corp/De - US,117043109,1504022000.0,20671,0.0027917317850707744
TRI,Thomson Reuters Corp - US,884903881,1502666000.0,16700,0.0027892148083905424
CTOS,Custom Truck One Source Inc - US,23204X103,1501363000.0,228518,0.002786796209117428
CSL,Carlisle Cos Inc - US,142339100,1501290000.0,4500,0.002786660708160454
AWC,American Water Works Co Inc - US,030420103,1496990000.0,11000,0.002778679144941429
HNST,Honest Co Inc/The - US,438333106,1496892000.0,509147,0.002778497239547135
KEYS,Keysight Technologies Inc - US,49338L103,1496561000.0,5300,0.0027778828447970194
AFRM,Affirm Holdings Inc - US,00827B106,1493732000.0,32600,0.002772631718669898
SEZL,Sezzle Inc - US,78435P105,1492948000.0,23589,0.002771176475515546
TMUS,T-Mobile Us Inc - US,872590104,1491213000.0,7100,0.002767956007565544
NRG,Nrg Energy Inc - US,629377508,1490628000.0,10200,0.002766870143732258
ACWI,Ishares Msci Acwi Etf - US ETP,464288257,1489691000.0,10766,0.002765130905421508
ANET,Arista Networks Inc - US,040413205,1488953000.0,12127,0.002763761046431824
N/A,Cantor Equity Partners III Inc - US,G1828A108,1487733000.0,144300,0.002761496509890612
APLE,Apple Hospitality Reit Inc - US REIT,03784Y200,1487564000.0,129241,0.0027611828158943296
SRRK,Scholar Rock Holding Corp - US,80706P103,1485025000.0,30208,0.0027564699812401188
ALH,Alliance Laundry Holdings Inc - US,01862Q107,1484362000.0,71570,0.002755239335562395
CSIQ,Canadian Solar Inc - US,136635109,1483335000.0,107100,0.002753333041277293
BXP,BXP Inc - US REIT,101121101,1479150000.0,28500,0.0027455649384699396
FG,F&G Annuities & Life Inc - US,30190A104,1477852000.0,58367,0.00274315562008429
SLG,Sl Green Realty Corp - US REIT,78440X887,1477600000.0,40000,0.002742687863356105
KRP,Kimbell Royalty Partners Lp - US Unit,49435R102,1476895000.0,102066,0.0027413792582236837
ISRG,Intuitive Surgical Inc - US,46120E602,1475168000.0,3200,0.002738173639693624
CHRW,Ch Robinson Worldwide Inc - US,12541W209,1473539000.0,8873,0.0027351499265578587
TRP,Tc Energy Corp - US,87807B107,1470474000.0,23490,0.0027294607425424372
MEI,Methode Electronics Inc - US,591520200,1467707000.0,265889,0.0027243246994198694
ON 0.5 03/01/29,On Semiconductor Corp - US,682189AU9,1467000000.0,1500000,0.0027230123819324626
ITW,Illinois Tool Works Inc - US,452308109,1466994000.0,5636,0.0027230012448675052
ADI,Analog Devices Inc - US,032654105,1463444000.0,4600,0.002716411814768078
IAUM,iShares Gold Trust Micro - US ETP,46436F103,1458581000.0,31233,0.0027073852236206087
QBTS,D-Wave Quantum Inc - US,26740W109,1457430000.0,101000,0.0027052487633264
CP,Canadian Pacific Kansas City Ltd - US,13646K108,1455210000.0,18500,0.002701128049292392
COHR,Coherent Corp - US,19247G107,1453081000.0,6100,0.0026971762474102276
DHT,Dht Holdings Inc - US,Y2065G121,1452465000.0,79500,0.0026960328420746653
NEXA,Nexa Resources Sa - US,L67359106,1447515000.0,136687,0.0026868447634853226
EGO,Eldorado Gold Corp - US,284902509,1438873000.0,41913,0.002670803677592575
BUWA,Bio-Rad Laboratories Inc - US,090572207,1438629000.0,5161,0.0026703507702843326
CNNE,Cannae Holdings Inc - US,13765N107,1438225000.0,126493,0.002669600874577243
PSA,Public Storage - US REIT,74460D109,1435664000.0,5300,0.0026648472040181914
VRE,Veris Residential Inc - US REIT,554489104,1434026000.0,75995,0.0026618067852849907
HPK,Highpeak Energy Inc - US,43114Q105,1433337000.0,207730,0.0026605278789924537
DXPE,Dxp Enterprises Inc/Tx - US,233377407,1428460000.0,10223,0.0026514753013600852
CLPT,Clearpoint Neuro Inc - US,18507C103,1428436000.0,156971,0.002651430753100258
GEO,Geo Group Inc/The - US REIT,36162J106,1427169000.0,84900,0.0026490789762168847
DCOM,Dime Community Bancshares Inc - US,25432X102,1426697000.0,42185,0.002648202860440285
IDYA,Ideaya Biosciences Inc - US,45166A102,1422931000.0,42705,0.002641212496002413
NXT,Nextpower Inc - US,65290E101,1422490000.0,11800,0.00264039392172809
STLD,Steel Dynamics Inc - US,858119100,1422000000.0,7900,0.00263948439475662
LIVN,Livanova Plc - US,G5509L101,1421583000.0,22366,0.002638710368742124
PLNT,Planet Fitness Inc - US,72703H101,1420658000.0,19100,0.002636993404561287
EVTC,Evertec Inc - US,30040P103,1420030000.0,50320,0.0026358277250958105
EBA,Ebay Inc - US,278642103,1419912000.0,15600,0.002635608696151661
SLNO,Soleno Therapeutics Inc - US,834203309,1419552000.0,42400,0.002634940472254254
INGM,Ingram Micro Holding Corp - US,457152106,1413215000.0,60627,0.0026231778754824027
CELH,Celsius Holdings Inc - US,15118V207,1410259000.0,39748,0.0026176910148136964
DE,Deere & Co - US,244199105,1408250000.0,2500,0.002613961954230668
FND,Floor & Decor Holdings Inc - US,339750101,1407160000.0,27700,0.00261193872076352
NTNX,Nutanix Inc - US,67059N108,1406370000.0,37000,0.0026104723405442104
EOSE,Eos Energy Enterprises Inc - US,29415C101,1401696000.0,282600,0.0026017965669428798
CTKB,Cytek Biosciences Inc - US,23285D109,1401525000.0,320715,0.002601479160591612
IEX,Idex Corp - US,45167R104,1399258000.0,7382,0.002597271206215442
DYN,Dyne Therapeutics Inc - US,26818M108,1396572000.0,77031,0.0025922855134697907
CEG,Constellation Energy Corp - US,21037T109,1396250000.0,5000,0.00259168782431711
H,Hyatt Hotels Corp - US,448579102,1391887000.0,9680,0.002583589321916039
QC10,Flagstar Financial Inc - US,649445400,1390752000.0,105600,0.0025814825604617148
ACMR,Acm Research Inc - US,00108J109,1389055000.0,35300,0.0025783326272564395
QLYS,Qualys Inc - US,74758T303,1388030000.0,15800,0.0025764300453263228
PANL,Pangaea Logistics Solutions Ltd - US,G6891L105,1380232000.0,194948,0.0025619555732374955
LVS,Las Vegas Sands Corp - US,517834107,1379328000.0,25600,0.002560277588784008
AI,C3.Ai Inc - US,12468P104,1368957000.0,162584,0.002541027172006215
MCHI,Ishares Msci China Etf - US ETP,46429B671,1365286000.0,24302,0.0025342131444301592
N/A,Aura Minerals Inc - US,G06973112,1364678000.0,16724,0.002533084588514539
SHAK,Shake Shack Inc - US,819047101,1362438000.0,15400,0.0025289267509306748
BANC,Banc Of California Inc - US,05990K106,1358934000.0,77300,0.002522422704995916
NDAQ,Nasdaq Inc - US,631103108,1358240000.0,16000,0.002521134517815915
BIPC,Brookfield Infrastructure Corp - US,11276H106,1357789000.0,34357,0.0025202973817666638
EQX,Equinox Gold Corp - US,29446Y502,1356348000.0,93800,0.0025176226299995445
VSAT,Viasat Inc - US,92552V100,1355680000.0,29600,0.002516382703434356
ZION,Zions Bancorp Na - US,989701107,1354070000.0,23500,0.0025133942576709535
DINO,HF Sinclair Corp - US,403949100,1353863000.0,21700,0.002513010028929945
IBRX,Immunitybio Inc - US,45256X103,1349920000.0,176000,0.0025056911210758486
EE,Excelerate Energy Inc - US,30069T101,1348129000.0,40339,0.00250236670718625
AIG,American International Group Inc - US,026874784,1346975000.0,17900,0.0025002246783595626
XPO,"XPO, Inc - US",983793100,1342395000.0,6900,0.0024917233854425546
IP,International Paper Co - US,460146103,1342320000.0,37600,0.0024915841721305947
PRDO,Perdoceo Education Corp - US,71363P106,1340639000.0,36029,0.0024884639377652043
VTEB,Vanguard Tax-Exempt Bond Index ETF - US ETP,922907746,1339746000.0,26854,0.002486806371264137
ELME,Elme Communities - US REIT,939653101,1339575000.0,666455,0.0024864889649128686
PSNL,Personalis Inc - US,71535D106,1336592000.0,209826,0.0024809519874518567
VNT,Vontier Corp - US,928881101,1335729000.0,37658,0.002479350106275573
JBHT,Jb Hunt Transport Services Inc - US,445658107,1334970000.0,6300,0.0024779412675585404
AVAH,Aveanna Healthcare Holdings Inc - US,05356F105,1332893000.0,206971,0.0024740859869060022
AGG,Ishares Core U.S. Aggregate Bond Etf - US ETP,464287226,1331111000.0,13409,0.002470778278613839
FDUS,Fidus Investment Corp - US,316500107,1329407000.0,76315,0.002467615352166114
GEV,GE Vernova LLC - US,36828A101,1328554000.0,1522,0.0024660320327647583
SM,Sm Energy Co - US,78454L100,1328268000.0,42600,0.0024655011660018188
N/A,Carnival Corp Ltd - US,G2004J103,1327644000.0,51300,0.0024643429112463132
STRA,Strategic Education Inc - US,86272C103,1327360000.0,16000,0.002463815756838359
AVUS,Avantis US Equity ETF - US ETP,025072885,1323598000.0,11905,0.002456832817110459
RICK,Rci Hospitality Holdings Inc - US,74934Q108,1323162000.0,58008,0.0024560235237235995
DAVE,Dave Inc - US,23834J201,1323084000.0,7600,0.0024558787418791617
CORZ,Core Scientific Inc - US,21874A106,1317976000.0,88100,0.002446397387245957
ERIE,Erie Indemnity Co - US,29530P102,1316864000.0,5240,0.0024443333178739675
NRIM,Northrim Bancorp Inc - US,666762109,1315897000.0,57513,0.0024425383942384333
PAGS,Pagseguro Digital Ltd - US,G68707101,1314624000.0,131200,0.002440175480290103
HRTG,Heritage Insurance Holdings Inc - US,42727J102,1314311000.0,50069,0.002439594496734858
DEC,Diversified Energy Co - US,25520W107,1313825000.0,75334,0.0024386923944733586
GNW,Genworth Financial Inc - US,37247D106,1308441000.0,161138,0.002428698734852142
APD,Air Products And Chemicals Inc - US,009158106,1307205000.0,4500,0.0024264044994710457
NLY,Annaly Capital Management Inc - US REIT,035710839,1304955000.0,61700,0.002422228100112254
KRC,Kilroy Realty Corp - US REIT,49427F108,1301327000.0,46130,0.002415493888168388
HUM,Humana Inc - US,444859102,1300425000.0,7500,0.002413819616069886
ADP,Automatic Data Processing Inc - US,053015103,1300352000.0,6400,0.0024136841151129115
CBRL,Cracker Barrel Old Country Store Inc - US,22410J106,1298682000.0,46200,0.0024105842986999414
SFM,Sprouts Farmers Market Inc - US,85208M102,1297249000.0,16819,0.002407924396352764
MUX,McEwen Inc - US,58039P305,1295751000.0,63455,0.0024051438424685548
AG,First Majestic Silver Corp - US,32076V103,1290948000.0,60100,0.0023962286219706536
BLFY,Blue Foundry Bancorp - US,09549B104,1287630000.0,97253,0.0023900698250495546
VNOM,Viper Energy Inc - US,64361Q101,1287526000.0,27400,0.0023898767825903033
AGYS,Agilysys Inc - US,00847J105,1286282000.0,18081,0.0023875676977892645
BN,Brookfield Corp - US,11271J107,1284154000.0,31731,0.0023836177520845936
AFRM,Affirm Holdings Inc - US,00827B106,1282960000.0,28000,0.002381401476158195
VEEV,Veeva Systems Inc - US,922475108,1282318000.0,7300,0.0023802098102078196
GEHC,GE HealthCare Technologies Inc - US,36266G107,1281240000.0,18000,0.0023782088508705846
ARE,Alexandria Real Estate Equities Inc - US REIT,015271109,1281192000.0,27600,0.0023781197543509304
USAR,USA Rare Earth Inc - US,91733P107,1279664000.0,84550,0.0023752835151419375
CBC,Central Bancompany Inc - US,152413100,1276008000.0,53278,0.0023684973302282733
AKAM,Akamai Technologies Inc - US,00971T101,1274835000.0,11100,0.0023663200340292233
ESLT,Elbit Systems Ltd - US,M3760D101,1273635000.0,1500,0.0023640926210378673
N/A,Qiagen Nv - US,N72482156,1273272000.0,31800,0.0023634188286079825
SLDP,Solid Power Inc - US,83422N105,1272282000.0,424094,0.002361581212890114
WMB,Williams Cos Inc/The - US,969457100,1266372000.0,17400,0.002350611203907686
QC10,Flagstar Financial Inc - US,649445400,1260369000.0,95700,0.002339468570418429
TM,Toyota Motor Corp - US ADR,892331307,1257149000.0,6100,0.0023334916788916244
WING,Wingstop Inc - US,974155103,1255257000.0,8100,0.0023299797910752533
NNN,Nnn Reit Inc - US REIT,637417106,1253166000.0,29816,0.002326098523937816
ODFL,Old Dominion Freight Line Inc - US,679580100,1250560000.0,6400,0.0023212613253915885
CARG,Cargurus Inc - US,141788109,1248375000.0,36663,0.002317205577569828
AGNC,Agnc Investment Corp - US REIT,00123Q104,1246729000.0,124300,0.002314150309416685
FDX,Fedex Corp - US,31428X106,1246630000.0,3500,0.002313966547844898
VELO,Velo3D Inc - US,92259N302,1246588000.0,132757,0.0023138885883902008
TROW,T Rowe Price Group Inc - US,74144T108,1243932000.0,13800,0.0023089585809693332
ZIM,Zim Integrated Shipping Services Ltd - US,M9T951109,1238450000.0,47000,0.002298783015953823
MT,Arcelormittal Sa - US NY Reg Shrs,03938L203,1237124000.0,23800,0.0022963217245983744
ZVRA,Zevra Therapeutics Inc - US,488445206,1236764000.0,132700,0.0022956535007009676
SEA,Seabridge Gold Inc - US,811916105,1235624000.0,43600,0.00229353745835918
DLB,Dolby Laboratories Inc - US,25659T107,1234834000.0,20560,0.0022920710781398706
HPP,Hudson Pacific Properties Inc - US REIT,444097406,1231916000.0,208446,0.00228665475221589
N/A,WEBULL CORP - US,G9572D103,1231200000.0,256500,0.002285325729131048
USNA,Usana Health Sciences Inc - US,90328M107,1230709000.0,70447,0.002284414345982085
HUBB,Hubbell Inc - US,443510607,1229304000.0,2505,0.002281806416604706
RBRK,Rubrik Inc - US,781154109,1229147000.0,25100,0.002281514996738337
DRS,Leonardo Drs Inc - US,52661A108,1228752000.0,27600,0.002280781806628682
TCOM,Trip.Com Group Ltd - US ADR,89677Q107,1224834000.0,24600,0.0022735093032119056
INGN,Inogen Inc - US,45780L104,1221965000.0,197729,0.0022681839299850725
VALE,Vale Sa - US ADR,91912E105,1221888000.0,76800,0.002268041004318127
BRCB,Black Rock Coffee Bar Inc - US,092244102,1219467000.0,94386,0.002263547198608067
AIRO,AIRO Group Holdings Inc - US,009422106,1218580000.0,160234,0.0022619007691719564
DXCM,Dexcom Inc - US,252131107,1218320000.0,19400,0.002261418163023829
TEM,Tempus AI Inc - US,88023B103,1218001000.0,26935,0.002260826042403627
SWK,Stanley Black & Decker Inc - US,854502101,1215126000.0,17100,0.002255489532111837
ILPT,Industrial Logistics Properties Trust - US REIT,456237106,1214662000.0,213849,0.00225462826575518
IOT,Samsara Inc - US,79589L106,1213727000.0,38300,0.0022528927397994147
LOGI,Logitech International Sa - US,H50430232,1211896000.0,13300,0.0022494940788101046
KVUE,Kenvue Inc - US,49177J102,1210248000.0,70200,0.0022464350983019757
CROX,Crocs Inc - US,227046109,1203790000.0,14500,0.002234447904053496
IM8N,Insmed Inc - US,457669307,1193696000.0,7300,0.0022157116484412083
NBTB,Nbt Bancorp Inc - US,628778102,1193390000.0,28027,0.002215143658128412
CPF,Central Pacific Financial Corp - US,154760409,1189168000.0,37208,0.002207306876753826
TTAN,ServiceTitan Inc - US,81764X103,1186702000.0,18700,0.0022027295430565898
BWXT,Bwx Technologies Inc - US,05605H100,1186042000.0,5800,0.0022015044659113438
BXSL,Blackstone Secured Lending Fund - US,09261X102,1184500000.0,50000,0.0021986422402174516
QTUM,Defiance Quantum ETF - US ETP,26922A420,1182553000.0,11021,0.002195028262638977
EXPO,Exponent Inc - US,30214U102,1181808000.0,18112,0.0021936454104068436
SBSW,Sibanye Stillwater Ltd - US ADR,82575P107,1180256000.0,95800,0.0021907646229380236
CNC,Centene Corp - US,15135B101,1178640000.0,36000,0.0021877650401096642
VEL,Velocity Financial Inc - US,92262D101,1177659000.0,65100,0.0021859441299892307
DIS,Walt Disney Co/The - US,254687106,1175836000.0,12200,0.002182560318419863
CBRL,Cracker Barrel Old Country Store Inc - US,22410J106,1174998000.0,41800,0.0021810048416808993
PCOR,Procore Technologies Inc - US,74275K108,1174200000.0,20600,0.0021795236120416474
GDDY,Godaddy Inc - US,380237107,1173914000.0,14200,0.002178992745278708
MA,Mastercard Inc - US,57636Q104,1173202000.0,2348,0.0021776711469038367
TPR,Tapestry Inc - US,876030107,1171213000.0,8300,0.0021739792098706646
ALGM,Allegro Microsystems Inc - US,01749D105,1170646000.0,37128,0.0021729267572322486
ANF,Abercrombie & Fitch Co - US,002896207,1169536000.0,12800,0.002170866400215245
GEO,Geo Group Inc/The - US REIT,36162J106,1167925000.0,69478,0.0021678760982743496
BMO,Bank Of Montreal - US,063671101,1163924000.0,8600,0.002160449532125671
AS,Amer Sports Inc - US,G0260P102,1162603000.0,35316,0.0021579975216576867
PCVX,Vaxcyte Inc - US,92243G108,1162200000.0,20000,0.0021572494821280896
PAY,Paymentus Holdings Inc - US,70439P108,1162075000.0,45751,0.00215701745994149
PAX,Patria Investments Ltd - US,G69451105,1161531000.0,92185,0.002156007699385409
RYAAY,Ryanair Holdings Plc - US ADR,783513203,1157734000.0,20030,0.0021489597934452606
EDU,New Oriental Education & Technology Group Inc - US,647581206,1155252000.0,20400,0.00214435276090814
FMBH,First Mid Bancshares Inc - US,320866106,1154844000.0,28037,0.002143595440491079
CTBI,Community Trust Bancorp Inc - US,204149108,1153801000.0,19002,0.002141659447366092
USM,Array Digital Infrastructure Inc - US,911684108,1153500000.0,25000,0.0021411007379407605
PWR,Quanta Services Inc - US,74762E102,1152942000.0,2100,0.00214006499089978
CRVL,Corvel Corp - US,221006109,1149781000.0,21039,0.00213419761384505
AWR,American States Water Co - US,029899101,1148290000.0,15185,0.0021314300532032904
MLTX,MoonLake Immunotherapeutics - US,61559X104,1147795000.0,61577,0.0021305112453443562
RIOT,Riot Platforms Inc - US,767292105,1147008000.0,92800,0.002129050433657525
FRO,Frontline PLC - US,M46528101,1146894000.0,32900,0.002128838829423347
NTLA,Intellia Therapeutics Inc - US,45826J105,1143839000.0,89223,0.0021231682071828533
EQX,Equinox Gold Corp - US,29446Y502,1143786000.0,79100,0.002123069829775735
VIRT,Virtu Financial Inc - US,928254101,1137939000.0,25874,0.002112216759975354
N/A,Klarna Group PLC - US,G5279N105,1137521000.0,86900,0.002111440877783365
POWL,Powell Industries Inc - US,739128106,1136268000.0,2100,0.002109115087384891
CHCT,Community Healthcare Trust Inc - US REIT,20369C106,1135309000.0,71448,0.002107335013169299
CVE,Cenovus Energy Inc - US,15135U109,1130178000.0,42600,0.0020978109664537606
AEIS,Advanced Energy Industries Inc - US,007973100,1129485000.0,3500,0.0020965246354512526
OPY,Oppenheimer Holdings Inc - US,683797104,1127629000.0,12643,0.002093079570024622
BEAM,Beam Therapeutics Inc - US,07373V105,1127397000.0,47310,0.0020926489368462936
MUB,Ishares National Muni Bond Etf - US ETP,464288414,1126676000.0,10614,0.002091310632873987
TPG,TPG Partners LLC - US,872657101,1126178000.0,27800,0.0020903862564825744
AFG,American Financial Group Inc/Oh - US,025932104,1124359000.0,8804,0.0020870098696231776
MRVI,Maravai Lifesciences Holdings Inc - US,56600D107,1123269000.0,396915,0.002084986636156029
CLDX,Celldex Therapeutics Inc - US,15117B202,1122666000.0,35393,0.0020838673611278734
OVV,Ovintiv Inc - US,69047Q102,1121904000.0,18900,0.002082452953878362
RARE,Ultragenyx Pharmaceutical Inc - US,90400D108,1121181000.0,53517,0.00208111093755107
MUX,McEwen Inc - US,58039P305,1121058000.0,54900,0.0020808826277194563
GROY,Gold Royalty Corp - US,38071H106,1118345000.0,312387,0.0020758468181814992
BK,Bank Of New York Mellon Corp/The - US,064058100,1115122000.0,9400,0.002069864358122216
SGOV,iShares 0-3 Month Treasury Bond ETF - US ETP,46436E718,1114105000.0,11068,0.0020679766256120422
DB,Deutsche Bank Ag - US,D18190898,1113772000.0,37400,0.002067358518506941
GRMN,Garmin Ltd - US,H2906T109,1113648000.0,4800,0.0020671283524978344
CRSP,Crispr Therapeutics Ag - US,H17182108,1113138000.0,23400,0.002066181701976508
IHRT,Iheartmedia Inc - Class A,45174J509,1112768000.0,381085,0.0020654949163041733
SXC,Suncoke Energy Inc - US,86722A103,1112494000.0,170890,0.002064986323671147
QTRX,Quanterix Corp - US,74766Q101,1112324000.0,316001,0.002064670773497372
OGE,Oge Energy Corp - US,670837103,1109315000.0,23130,0.002059085535421547
NEXT,Nextdecade Corp - US,65342K105,1106870000.0,144500,0.0020545471814516596
BG,Bunge Global SA - US,H11356104,1106640000.0,8700,0.0020541202606283162
CCO,Clear Channel Outdoor Holdings Inc - US,18453H106,1104569000.0,466063,0.002050276117040735
ESLT,Elbit Systems Ltd - US,M3760D101,1103817000.0,1300,0.002048880271566152
GDDY,Godaddy Inc - US,380237107,1099511000.0,13300,0.00204088757128217
GEHC,GE HealthCare Technologies Inc - US,36266G107,1097240000.0,15415,0.0020366721921960293
DEO,Diageo Plc - US ADR,25243Q205,1094415000.0,14700,0.002031428490778879
UAA,Under Armour Inc - US,904311107,1093350000.0,185000,0.0020294516617490508
PL,Planet Labs PBC - US,72703X106,1092845000.0,39100,0.0020285142921151887
VICI,Vici Properties Inc - US REIT,925652109,1092800000.0,40000,0.002028430764128013
CMPR,Cimpress Plc - US,G2143T103,1092591000.0,14967,0.0020280428230320183
USB,Us Bancorp - US,902973304,1092210000.0,21000,0.002027335619407263
UMH,Umh Properties Inc - US REIT,903002103,1090071000.0,75542,0.002023365255750171
MCS,Marcus Corp/The - US,566330106,1089746000.0,63468,0.0020227619980650122
XPO,"XPO, Inc - US",983793100,1089480000.0,5600,0.0020222682548519284
FND,Floor & Decor Holdings Inc - US,339750101,1087120000.0,21400,0.0020178876759689287
BTG,B2Gold Corp - US,11777Q209,1085841000.0,239700,0.002015513624955642
ICLR,Icon Plc - US,G4705A100,1084468000.0,9800,0.0020129650932580326
RRC,Range Resources Corp - US,75281A109,1084320000.0,24000,0.0020126903789890985
PSA,Public Storage - US REIT,74460D109,1083520000.0,4000,0.002011205436994861
NMRA,Neumora Therapeutics Inc - US,640979100,1082640000.0,555200,0.0020095720008012
PINS,Pinterest Inc - US,72352L106,1082060000.0,59000,0.0020084954178553787
HRMY,Harmony Biosciences Holdings Inc - US,413197104,1079337000.0,38534,0.0020034410465424937
NKTR,Nektar Therapeutics - US,640268306,1078099000.0,14984,0.0020011430988064113
HL,Hecla Mining Co - US,422704106,1073088000.0,57600,0.001991841793390008
IWR,Ishares Russell Mid-Cap Etf - US ETP,464287499,1072933000.0,11035,0.0019915540858786245
TRI,Thomson Reuters Corp - US,884903881,1070762000.0,11900,0.0019875243245417638
GCT,GigaCloud Technology Inc - US,G38644103,1069198000.0,23561,0.00198462126294303
PGY,Pagaya Technologies Ltd - A - US,M7S64L123,1067944000.0,91669,0.001982293616367063
TRMD,TORM PLC - US,G89479102,1067231000.0,38252,0.001980970161814699
VEL,Velocity Financial Inc - US,92262D101,1065537000.0,58902,0.001977825797141902
ORRF,Orrstown Financial Services Inc - US,687380105,1059670000.0,29370,0.001966935603791665
PSTL,Postal Realty Trust Inc - US REIT,73757R102,1058421000.0,57027,0.001964617238103162
BGS,B&G Foods Inc - US,05508R106,1058354000.0,220032,0.0019644928742111444
BLK,Blackrock Funding Inc/De - US,09290D101,1057881000.0,1100,0.001963614902257052
MTDR,Matador Resources Co - US,576485205,1055106000.0,16700,0.0019584640097145417
TOL,Toll Brothers Inc - US,889478103,1054777000.0,7729,0.0019578533273194114
ORLY,O'Reilly Automotive Inc - US,67103H107,1052334000.0,11400,0.0019533186857045096
NVAX,Novavax Inc - US,670002401,1048912000.0,128859,0.0019469668463241601
OBDC,Blue Owl Capital Corp - US,69121K104,1048411000.0,94793,0.001946036901400269
JCI,Johnson Controls International Plc - US,G51502105,1047600000.0,8000,0.001944531541453611
COGT,Cogent Biosciences Inc - US,19240Q201,1046928000.0,27200,0.001943284190178452
FRO,Frontline PLC - US,M46528101,1045800000.0,30000,0.0019411904219665775
DG,Dollar General Corp - US,256677105,1044824000.0,8800,0.001939378792733608
CORT,Corcept Therapeutics Inc - US,218352102,1044674000.0,25916,0.0019391003661096886
TPL,Texas Pacific Land Corp - US,88262P102,1044032000.0,2200,0.0019379087001593132
MUR,Murphy Oil Corp - US,626717102,1043625000.0,25300,0.001937153235919745
BHF,Brighthouse Financial Inc - US,10922N103,1043229000.0,17422,0.0019364181896325977
WY,Weyerhaeuser Co - US REIT,962166104,1043161000.0,42700,0.0019362919695630875
EQNR,Equinor Asa - US ADR,29446M102,1042340000.0,24700,0.0019347680478415017
EAT,Brinker International Inc - US,109641100,1042221000.0,7300,0.0019345471627198586
EAT,Brinker International Inc - US,109641100,1042221000.0,7300,0.0019345471627198586
OEF,Ishares S&P 100 Etf - US ETP,464287101,1038817000.0,3266,0.0019282287345343794
SBRA,Sabra Health Care Reit Inc - US REIT,78573L106,1037632000.0,53959,0.0019260291642054156
N/A,Nebius Group NV - US,N97284108,1037600000.0,10000,0.0019259697665256462
CRSP,Crispr Therapeutics Ag - US,H17182108,1037026000.0,21800,0.001924904320644781
EMR,Emerson Electric Co - US,291011104,1035058000.0,7900,0.0019212513633389574
MARA,MARA Holdings Inc - US,565788106,1034133000.0,126732,0.0019195343991581207
CZR,Caesars Entertainment Inc - US,12769G100,1030770000.0,39000,0.0019132920742498459
N/A,Ascendis Pharma A/S - US,K08588103,1029285000.0,4500,0.001910535650673043
VRTX,Vertex Pharmaceuticals Inc - US,92532F100,1027042000.0,2300,0.0019063722445567006
STWD,Starwood Property Trust Inc - US REIT,85571B105,1026949000.0,59637,0.0019061996200498707
N/A,Axiom Intelligence Acquisition Corp 1 - US,G0750N104,1025197000.0,101204,0.0019029475970824912
DIOD,Diodes Inc - US,254543101,1023900000.0,15000,0.0019005401348743342
DIOD,Diodes Inc - US,254543101,1023900000.0,15000,0.0019005401348743342
QCRH,Qcr Holdings Inc - US,74727A104,1020358000.0,11941,0.001893965554194849
FLGT,Fulgent Genetics Inc - US,359664109,1018983000.0,64087,0.0018914133101422539
EVR,Evercore Inc - US,29977A105,1014934000.0,3400,0.0018838976474739207
MFA,Mfa Financial Inc - US REIT,55272X607,1014043000.0,105850,0.001882243793327839
CALM,Cal-Maine Foods Inc - US,128030202,1013120000.0,12800,0.0018805305415019878
TIGR,Up Fintech Holding Ltd - US ADR,91531W106,1010520000.0,160400,0.0018757044800207171
DAVE,Dave Inc - US,23834J201,1009722000.0,5800,0.0018742232503814655
SHAK,Shake Shack Inc - US,819047101,1008558000.0,11400,0.0018720626597798502
SEZL,Sezzle Inc - US,78435P105,1006311000.0,15900,0.0018678918289535365
JBLU,Jetblue Airways Corp - US,477143101,1005992000.0,227600,0.0018672997083333345
STM,Stmicroelectronics Nv - US NY Reg Shrs,861012102,1005854000.0,29113,0.0018670435558393286
TREX,Trex Co Inc - US,89531P105,1005192000.0,27600,0.0018658147663390971
IR,Ingersoll Rand Inc - US,45687V106,1001500000.0,12500,0.0018589617590356925
KHC,Kraft Heinz Co/The - US,500754106,1000805000.0,44500,0.0018576717156781992
FROG,Jfrog Ltd - US,M6191J100,999609000.0,21300,0.0018554517273968144
LEGN,Legend Biotech Corp - US ADR,52490G102,996795000.0,55102,0.001850228443932085
S,Sentinelone Inc - US,81730H109,995624000.0,77300,0.0018480548600880204
UNP,Union Pacific Corp - US,907818108,994742000.0,4100,0.0018464177115393736
CAH,Cardinal Health Inc - US,14149Y108,993157000.0,4700,0.0018434756702132914
TVTX,Travere Therapeutics Inc - US,89422G107,991155000.0,33361,0.0018397596028727125
ITW,Illinois Tool Works Inc - US,452308109,989102000.0,3800,0.0018359488704800015
AVEM,Avantis Emerging Markets Equity ETF - US ETP,025072604,988958000.0,12273,0.001835681580921039
MTN,Vail Resorts Inc - US,91879Q109,988064000.0,7700,0.0018340221582424788
CWCO,Consolidated Water Co Ltd - US,G23773107,986479000.0,29785,0.0018310801169163962
CLNE,Clean Energy Fuels Corp - US,184499101,985302000.0,397299,0.0018288953960073748
INN,Summit Hotel Properties Inc - US REIT,866082100,984692000.0,222781,0.001827763127736769
TMO,Thermo Fisher Scientific Inc - US,883556102,983060000.0,2000,0.001824733846068525
TOL,Toll Brothers Inc - US,889478103,982584000.0,7200,0.001823850305581954
CUZ,Cousins Properties Inc - US REIT,222795502,980960000.0,43463,0.0018208358733336526
PEO,Exelon Corp - US,30161N101,980400000.0,20000,0.0018197964139376865
LECO,Lincoln Electric Holdings Inc - US,533900106,980379000.0,3936,0.0018197574342103376
LOPE,Grand Canyon Education Inc - US,38526M106,976992000.0,5746,0.0018134705610422359
AXON,Axon Enterprise Inc - US,05464C101,976787000.0,2300,0.0018130900446562126
STAA,Staar Surgical Co - US,852312305,974457000.0,52110,0.001808765151097997
SM,Sm Energy Co - US,78454L100,969698000.0,31100,0.0017999316024097782
URA,Global X Uranium Etf - US ETP,37954Y871,968600000.0,20000,0.001797893519522688
LC,Lendingclub Corp - US,52603A208,968032000.0,67600,0.0017968392107067794
CMG,Chipotle Mexican Grill Inc - US,169656105,966830000.0,30204,0.0017946080853604382
NEWT,NewtekOne Inc - US,652526203,966578000.0,88272,0.0017941403286322532
SPLV,Invesco S&P 500 Low Volatility Etf - US ETP,46138E354,963839000.0,13178,0.0017890562584794837
DOCS,Doximity Inc - US,26622P107,962290000.0,41300,0.001786181039543142
MGK,Vanguard Mega Cap Growth Etf - US ETP,921910816,961223000.0,2616,0.001784200498158328
BNS,Bank Of Nova Scotia/The - US,064149107,956478000.0,13800,0.0017753929359550086
TFC,Truist Financial Corp - US,89832Q109,956176000.0,20800,0.0017748323703521839
UHAL,U Haul Holding Co - US,023586100,955504000.0,19998,0.001773585019077025
RNA,Atrium Therapeutics Inc - US,04965N104,954070000.0,71359,0.0017709232605523546
JETS,Us Global Jets Etf - US ETP,26922A842,953550000.0,38715,0.0017699580482561004
DLTR,Dollar Tree Inc - US,256746108,952737000.0,8700,0.0017684489759544572
CLDT,Chatham Lodging Trust - US REIT,16208T102,951979000.0,120963,0.0017670419934149172
FOUR,Shift4 Payments Inc - US,82452J109,948941000.0,21700,0.0017614029261918014
MCX,McCormick & Company,579780206,948272000.0,18800,0.0017601611434491205
TKO,TKO Group Holdings Inc - US,87256C101,947755000.0,4700,0.0017592014996853447
NSY,Nice Ltd - US ADR,653656108,944597000.0,8567,0.0017533396911630936
EWTX,Edgewise Therapeutics Inc - US,28036F105,941504000.0,29889,0.0017475985341778738
W,Wayfair Inc - US,94419L101,940125000.0,12500,0.0017450388654153075
CTRA,Coterra Energy Inc - US,127097103,935075000.0,26610,0.0017356651690766853
EQX,Equinox Gold Corp - US,29446Y502,934463000.0,64624,0.0017345291884510936
AMT,American Tower Corp - US REIT,03027X100,931932000.0,5400,0.0017298312032168258
QS,Quantumscape Corp - US,74767V109,930842000.0,145900,0.0017278079697496777
RXST,Rxsight Inc - US,78349D107,929914000.0,150960,0.0017260854370363624
BYD,Boyd Gaming Corp - US,103304101,928634000.0,11300,0.0017237095298455831
PBF,Pbf Energy Inc - US,69318G106,928590000.0,19500,0.0017236278580358999
ODD,Oddity Tech Ltd - US,M7518J104,928572000.0,69400,0.0017235944468410296
CHKP,Check Point Software Technologies Ltd - US,M22465104,928525000.0,6500,0.0017235072064988681
LYFT,Lyft Inc - US,55087P104,927010000.0,69700,0.0017206950975972816
ZYME,Zymeworks Inc - US,98985Y108,923350000.0,36875,0.0017139014879736464
SONY,Sony Group Corp - US ADR,835699307,923220000.0,44600,0.0017136601848995827
AMKR,Amkor Technology Inc - US,031652100,923115000.0,20500,0.0017134652862628391
WRBY,Warby Parker Inc - US,93403J106,920527000.0,43689,0.0017086614989114818
CORN,Teucrium Corn Fund - US ETP,88166A102,920000000.0,50000,0.0017076832933727779
AKR,Acadia Realty Trust - US REIT,004239109,919997000.0,48117,0.0017076777248402997
NEXT,Nextdecade Corp - US,65342K105,919200000.0,120000,0.001706198351378541
ZIP,Ziprecruiter Inc - US,98980B103,916854000.0,498290,0.00170184375898044
LLYVA,Liberty Live Holdings Class A - US,530909100,916125000.0,9997,0.0017004906055881914
ITRI,Itron Inc - US,465741106,914226000.0,10200,0.0016969657245293711
SIRI,Sirius Xm Holdings Inc - US,829933100,913968000.0,39600,0.0016964868307362297
FIVE,Five Below Inc - US,33829M101,913920000.0,4000,0.0016963977342165752
COF,Capital One Financial Corp - US,14040H105,912150000.0,5000,0.0016931123000543254
BCRX,Biocryst Pharmaceuticals Inc - US,09058V103,911064000.0,95700,0.0016910964912971484
THRY,Thryv Holdings Inc - US,886029206,907904000.0,331352,0.0016852309704199115
STEL,Stellar Bancorp Inc - US,858927106,905548000.0,24735,0.001680857816246883
PACB,Pacific Biosciences Of California Inc - US,69404D108,903813000.0,684707,0.0016776373482968812
RWT,Redwood Trust Inc - US REIT,758075402,901544000.0,160703,0.0016734256815657258
CRDO,Credo Technology Group Holding Ltd - US,G25457105,901152000.0,9600,0.0016726980599885497
ONDS,Ondas Inc - US,68236H204,900384000.0,99600,0.001671272515674082
GFS,Globalfoundries Inc - US,G39387108,896672000.0,20159,0.0016643823848208213
N/A,Amrize Ltd - US,H2927K103,896320000.0,16000,0.0016637290103433569
MVST,Microvast Holdings Inc - US,59516C106,895137000.0,596758,0.0016615331523693788
EPI,Wisdomtree India Earnings Fund - US ETP,97717W422,894214000.0,21917,0.0016598199005435274
RIVN,Rivian Automotive Inc - US,76954A103,893970000.0,59400,0.001659366993235285
DKS,Dick's Sporting Goods Inc - US,253393102,892305000.0,4500,0.0016562764577097789
PGR,Progressive Corp/The - US,743315103,892080000.0,4500,0.0016558588177738997
PZZA,Papa John's International Inc - US,698813102,891275000.0,27500,0.0016543645948921986
BAH,Booz Allen Hamilton Holding Corp - US,099502106,889542000.0,11400,0.001651147839297182
AU,Anglogold Ashanti Plc - US,G0378L100,885976000.0,9100,0.0016445287103578699
CM,Canadian Imperial Bank Of Commerce - US,136069101,881175000.0,9300,0.001635617202214954
SMR,NuScale Power Corp - US,67079K100,880208000.0,81200,0.00163382227857942
RDN,Radian Group Inc - US,750236101,879200000.0,26578,0.001631951251666681
PWR,Quanta Services Inc - US,74762E102,878432000.0,1600,0.0016305257073522131
CDXS,Codexis Inc - US,192005106,876668000.0,537833,0.00162725141025492
TT,Trane Technologies Plc - US,G8994E103,875154000.0,2100,0.001624441157530826
MGNI,Magnite Inc - US,55955D100,874903000.0,73645,0.0016239752569801342
AES,Aes Corp/The - US,00130H105,873580000.0,62000,0.0016215195341571648
N/A,Pharvaris Nv - US,N69605108,872982000.0,30902,0.0016204095400164722
SPOT,Spotify Technology Sa - US,L8681T102,872353000.0,1799,0.001619242004373503
APD,Air Products And Chemicals Inc - US,009158106,871470000.0,3000,0.0016176029996473641
NU,NU Holdings Ltd/Cayman Islands - US,G6683N103,870822000.0,60600,0.0016164001966320319
IONQ,Ionq Inc - US,46222L108,867783000.0,30100,0.0016107592732314234
MCK,Mckesson Corp - US,58155Q103,865360000.0,1000,0.0016062617551663775
BX,Blackstone Inc - US,09260D107,862425000.0,7500,0.0016008138742250196
ASX,Ase Technology Holding Co Ltd - US ADR,00215W100,860696000.0,39700,0.0015976045433399747
TRL,Davita Inc - US,23918K108,860664000.0,5600,0.001597545145660205
BTU,Peabody Energy Corp - US,704551100,859995000.0,26100,0.0015963033629175242
CPRT,Copart Inc - US,217204106,859880000.0,25900,0.0015960899025058526
SPAI,Safe Pro Group Inc - US,78642D101,859140000.0,225496,0.001594716331161183
DOCS,Doximity Inc - US,26622P107,857440000.0,36800,0.0015915608294234291
F,Ford Motor Co - US,345370860,856268000.0,74200,0.0015893853894018717
TMDX,Transmedics Group Inc - US,89377M109,854926000.0,8600,0.0015868943992065384
BMO,Bank Of Montreal - US,063671101,852642000.0,6300,0.0015826548898129915
SEDG,Solaredge Technologies Inc - US,83417M104,852535000.0,16700,0.0015824562788212622
N/A,Whitefiber Inc - US,G96115103,849457000.0,71323,0.0015767429644984348
N/A,Astrazeneca Plc - US,G0593M107,848046000.0,4300,0.0015741238980560989
STT,State Street Corp - US,857477103,847952000.0,6700,0.0015739494173717759
KGC,Kinross Gold Corp - US,496902404,845404000.0,27700,0.0015692198771201302
HOG,Harley-Davidson Inc - US,412822108,845196000.0,41800,0.0015688337922016287
VV,Vanguard Large-Cap Etf - US ETP,922908637,844849000.0,2827,0.0015681896986116284
AJG,Arthur J Gallagher & Co - US,363576109,844662000.0,3900,0.0015678425934204754
AR,Antero Resources Corp - US,03674X106,844556000.0,19900,0.001567645838606239
KVUE,Kenvue Inc - US,49177J102,843036000.0,48900,0.001564824448817188
BKNG,Booking Holdings Inc - US,09857L108,842064000.0,200,0.0015630202442941902
NLR,VanEck Uranium and Nuclear ETF - US ETP,92189F601,841095000.0,6315,0.0015612216083036702
UUUU,Energy Fuels Inc/Canada - US,292671708,837675000.0,45900,0.0015548734812783063
ROST,Ross Stores Inc - US,778296103,835109000.0,3855,0.0015501105298317906
BEKE,Ke Holdings Inc - US ADR,482497104,833829000.0,55700,0.0015477346226410108
DOV,Dover Corp - US,260003108,833800000.0,4000,0.00154768079349372
FTNT,Fortinet Inc - US,34959E109,833544000.0,10200,0.0015472056120555638
TRGP,Targa Resources Corp - US,87612G101,827409000.0,3300,0.0015358179631372575
MSI,Motorola Solutions Inc - US,620076307,824543000.0,1900,0.0015304981584429028
BWMN,Bowman Consulting Group Ltd - US,103002101,822855000.0,28933,0.001527364930835062
PAYX,Paychex Inc - US,704326107,819868000.0,8900,0.001521820528664079
CIM,Chimera Investment Corp - US REIT,16934Q802,818687000.0,65234,0.0015196283830450864
CYTK,Cytokinetics Inc - US,23282W605,817284000.0,12400,0.0015170241660226928
NVT,Nvent Electric Plc - US,G6700G107,816132000.0,6900,0.0015148858495509913
NVT,Nvent Electric Plc - US,G6700G107,816132000.0,6900,0.0015148858495509913
RXRX,Recursion Pharmaceuticals Inc - US,75629V104,814459000.0,265296,0.0015117804646055427
UAL,United Airlines Holdings Inc - US,910047109,810216000.0,8800,0.0015039047035036073
FWRG,First Watch Restaurant Group Inc - US,33748L101,806205000.0,76928,0.0014964595755800004
HWC,Hancock Whitney Corp - US,410120109,805304000.0,12664,0.0014947871596589907
TAP,Molson Coors Beverage Co - US Class B,60871R209,805222000.0,18700,0.0014946349531045815
TMDX,Transmedics Group Inc - US,89377M109,805221000.0,8100,0.0014946330969270887
GDYN,Grid Dynamics Holdings Inc - US,39813G109,804430000.0,141128,0.0014931648605302867
MOD,Modine Manufacturing Co - US,607828100,801827000.0,3700,0.0014883332305165374
OTIS,Otis Worldwide Corp - US,68902V107,801632000.0,10400,0.001487971275905442
N/A,Qiagen Nv - US,N72482156,800800000.0,20000,0.0014864269362314356
STNG,Scorpio Tankers Inc - US,Y7542C130,798862000.0,10700,0.0014828296642503958
SSRM,Ssr Mining Inc - US,784730103,796740000.0,27100,0.0014788908556106818
CX,Cemex Sab De Cv - US ADR,151290889,795618000.0,69547,0.001476808224463764
CRMT,America's Car-Mart Inc/Tx - US,03062T105,792366000.0,62244,0.0014707719352571897
LI,Li Auto Inc - US ADR,50202M102,791652000.0,44400,0.0014694466245273332
ALTG,Alta Equipment Group Inc - US,02128L106,791001000.0,147300,0.0014682382529795225
KR,Kroger Co/The - US,501044101,788724000.0,10900,0.001464011736828425
AAL,American Airlines Group Inc - US,02376R102,788316000.0,73400,0.001463254416411364
FWRD,Forward Air Corp - US,34986A104,788144000.0,47166,0.0014629351538826031
VCEL,Vericel Corp - US,92346J108,786203000.0,24439,0.001459332313369085
7HP,Hp Inc - US,40434L105,785689000.0,40900,0.0014583782381377875
CBRE,Cbre Group Inc - US,12504L109,785668000.0,5800,0.0014583392584104388
SN,SharkNinja Inc,G8068L108,783660000.0,7400,0.0014546120540049035
AIRS,Airsculpt Technologies Inc - US,009496100,783002000.0,276679,0.0014533906892146434
HBM,Hudbay Minerals Inc - US,443628102,781660000.0,37400,0.0014508996990193104
GLXY,Galaxy Digital Inc - US,36317J209,780435000.0,42300,0.0014486258815906347
PPG,Ppg Industries Inc - US,693506107,780224000.0,7300,0.0014482342281396548
BILI,Bilibili Inc - US ADR,090040106,777982000.0,34485,0.001444072678200805
AES,Aes Corp/The - US,00130H105,777768000.0,55200,0.0014436754562173464
RGR,Sturm Ruger & Co Inc - US,864159108,777746000.0,19400,0.001443634620312505
LNC,Lincoln National Corp - US,534187109,777450000.0,21900,0.0014430851917746372
LIFE,Ethos Technologies Inc - US,29765A101,776907000.0,69553,0.0014420772873960487
ENB,Enbridge Inc - US,29250N105,774202000.0,14300,0.0014370563272780342
ON,On Semiconductor Corp - US,682189105,774000000.0,12500,0.0014366813794244894
ACHR,Archer Aviation Inc - US,03945R102,773949000.0,149700,0.0014365867143723567
MDLZ,Mondelez International Inc - US,609207105,772376000.0,13400,0.0014336669471761878
TRVI,Trevi Therapeutics Inc - US,89532M101,769771000.0,64524,0.001428831604807453
AIRR,First Trust RBA American Industrial Renaissance ET,33738R704,769589000.0,6947,0.001428493780503764
N/A,Oculis Holding AG - US,H5870P102,768291000.0,28894,0.001426084462118114
RE,Everest Group Ltd - US,G3223R108,767117000.0,2347,0.001423905309741571
CSL,Carlisle Cos Inc - US,142339100,764657000.0,2292,0.0014193391131092916
AUPH,Aurinia Pharmaceuticals Inc - US,05156V102,764238000.0,51568,0.00141856137473981
BLZE,Backblaze Inc - US,05637B105,763758000.0,221379,0.0014176704095432676
SSP,Ew Scripps Co/The - US,811054402,763061000.0,205124,0.0014163766538307886
BN,Brookfield Corp - US,11271J107,762860000.0,18850,0.0014160035621547363
VMC,Vulcan Materials Co - US,929160109,762440000.0,2800,0.0014152239676077617
SOLS,Solstice Advanced Materials Inc - US,83443Q103,761600000.0,10000,0.0014136647785138127
NUVB,Nuvation Bio Inc - US,67080N101,760445000.0,177260,0.0014115208935096327
DD,Dupont De Nemours Inc - US,26614N102,760280000.0,16600,0.0014112146242233215
HELE,Helen Of Troy Ltd - US,G4388N106,759833000.0,52693,0.0014103849128840411
PPTA,Perpetua Resources Corp - US,714266103,759240000.0,27000,0.001409284199630813
TREE,Lendingtree Inc - US,52603B107,758976000.0,17700,0.0014087941687727147
BHM,Bluerock Homes Trust Inc,09631H100,758405000.0,66761,0.001407734291424328
IOVA,Iovance Biotherapeutics Inc - US,462260100,758174000.0,216004,0.0014073055144234918
BTDR,Bitdeer Technologies Group - US,G11448100,757740000.0,87600,0.0014064999333916182
QXO,QXO Inc - US,82846H405,757380000.0,39000,0.0014058317094942114
PCG,Pg&E Corp - US,69331C108,753753000.0,42900,0.0013990993537278387
TEL,Te Connectivity Ltd - US,G87052109,752472000.0,3600,0.0013967215903595662
IQV,Iqvia Holdings Inc - US,46266C105,750376000.0,4400,0.0013928310423346648
NXPI,Nxp Semiconductors Nv - US,N6596X109,748068000.0,3800,0.0013885469846812905
8CW,Crown Castle Inc - US REIT,22822V101,748052000.0,9200,0.0013885172858414058
REMX,VanEck Rare Earth and Strategic Metals ETF - US ET,92189H805,748000000.0,8500,0.0013884207646117804
MPLT,MapLight Therapeutics Inc - US,56565P103,746924000.0,36740,0.0013864235176295314
LEU,Centrus Energy Corp - US,15643U104,746437000.0,4300,0.0013855195591905393
YUM,Yum! Brands Inc - US,988498101,746304000.0,4800,0.0013852726875839974
PSTG,Everpure Inc - US,74624M102,743904000.0,12600,0.0013808178616012859
AMBC,Octave Specialty Group Inc - US,023139884,743828000.0,159963,0.0013806767921118335
HPP,Hudson Pacific Properties Inc - US REIT,444097406,743478000.0,125800,0.0013800271299893546
AEIS,Advanced Energy Industries Inc - US,007973100,742233000.0,2300,0.001377716189010823
AMSC,American Superconductor Corp - US,030111207,741315000.0,21900,0.0013760122180724358
PPLT,abrdn Platinum ETF Trust - US ETP,003260106,738585000.0,4144,0.0013709448535171012
MOD,Modine Manufacturing Co - US,607828100,736814000.0,3400,0.0013676575631773587
IGM,Ishares Expanded Tech Sector Etf - US ETP,464287549,734406000.0,6197,0.0013631878877747047
COMP,Compass Inc - US,20464U100,733924000.0,100400,0.0013622932102231769
GLOB,Globant Sa - US,L44385109,733149000.0,15900,0.0013608546726662596
PAAS,Pan American Silver Corp - US,697900108,732042000.0,13400,0.0013587998841817338
RBLX,Roblox Corp - US,771049103,730133000.0,12909,0.0013552564413479853
PAGP,Plains Gp Holdings Lp - US,72651A207,728400000.0,30000,0.0013520396857529691
WY,Weyerhaeuser Co - US REIT,962166104,728014000.0,29800,0.0013513232012407495
QURE,Uniqure Nv - US,N90064101,727575000.0,44500,0.001350508339321412
CNS,Cohen & Steers Inc - US,19247A100,725643000.0,11601,0.001346922204405329
DFH,Dream Finders Homes Inc - US,26154D100,725260000.0,52102,0.001346211288425588
BHF,Brighthouse Financial Inc - US,10922N103,724548000.0,12100,0.0013448896900507168
MFG,Mizuho Financial Group Inc - US ADR,60687Y109,723167000.0,91079,0.001342326308933165
SDY,State Street SPDR S&P Dividend ETF - US ETP,78464A763,722987000.0,4954,0.0013419921969844617
LECO,Lincoln Electric Holdings Inc - US,533900106,722332000.0,2900,0.0013407764007266798
N/A,Gorilla Technology Group Inc - US,G4000K175,719199000.0,68300,0.0013349609966417483
APOG,Apogee Enterprises Inc - US,037598109,717186000.0,21383,0.0013312245113487491
VRT,Vertiv Holdings Co - US,92537N108,716909000.0,2861,0.0013307103501832443
PH,Parker-Hannifin Corp - US,701094104,716192000.0,800,0.0013293794709209094
IESC,Ies Holdings Inc - US,44951W106,714705000.0,1500,0.001326619334989121
VRTX,Vertex Pharmaceuticals Inc - US,92532F100,714464000.0,1600,0.001326171996213357
VSCO,Victoria's Secret & Co - US,926400102,713944000.0,15400,0.0013252067839171027
ASPI,ASP Isotopes Inc - US,00218A105,711753000.0,161030,0.0013211398990303858
WVE,Wave Life Sciences Ltd - US,Y95308105,709775000.0,97900,0.001317468379949634
CARR,Carrier Global Corp - US,14448C104,709506000.0,12600,0.001316969068204072
CRL,Charles River Laboratories International Inc - US,159864107,707250000.0,4100,0.001312781531780323
VNDA,Vanda Pharmaceuticals Inc - US,921659108,706582000.0,102255,0.001311541605215135
GO,Grocery Outlet Holding Corp - US,39874R101,706093000.0,100155,0.0013106339344211575
HAL,Halliburton Co - US,406216101,705719000.0,18100,0.0013099397240388516
BHVN,Biohaven Ltd,G1110E107,705023000.0,83336,0.0013086478245038654
NRG,Nrg Energy Inc - US,629377508,701472000.0,4800,0.0013020565382269448
CIFR,Cipher Digital Inc - US,17253J106,700128000.0,54400,0.0012995618356766265
GRID,First Trust NASDAQ Clean Edge Smart Grid Infrastru,33737A108,696687000.0,4259,0.0012931747289239136
TLS,Telos Corp - US,87969B101,695414000.0,165970,0.0012908118149755838
ITGR,Integer Holdings Corp - US,45826H109,695200000.0,7900,0.0012904145929921252
EGHT,8X8 Inc - US,282914100,694982000.0,418664,0.0012900099462986956
FIS,Fidelity National Information Services Inc - US,31620M106,694268000.0,14800,0.001288684635568839
USAR,USA Rare Earth Inc - US,91733P107,693190000.0,45800,0.0012866836762316042
BNTX,Biontech Se - US ADR,09075V102,689531000.0,7758,0.001279891922785462
WGS,GeneDx Holdings Corp - US,81663L200,687154000.0,10700,0.0012754797888850846
BNS,Bank Of Nova Scotia/The - US,064149107,684783000.0,9880,0.001271078792049664
NOC,Northrop Grumman Corp - US,666807102,682240000.0,1000,0.0012663585326854825
CME,Cme Group Inc - US,12572Q105,679305000.0,2300,0.0012609106517441249
KK0,Nextnav Inc - US,65345N106,677646000.0,42300,0.0012578312532835756
BE,Bloom Energy Corp - US,093712107,677450000.0,5000,0.0012574674424949874
SLG,Sl Green Realty Corp - US REIT,78440X887,676002000.0,18300,0.001254779697485418
ING,Ing Groep Nv - US ADR,456837103,673966000.0,25872,0.0012510005201100843
NPWR,NET Power Inc - US,64107A105,672599000.0,431153,0.0012484631254774316
SLS,Sellas Life Sciences Group Inc - US,81642T209,671724000.0,158800,0.0012468389701712347
CHKP,Check Point Software Technologies Ltd - US,M22465104,671395000.0,4700,0.0012462282877761046
ADSK,Autodesk Inc - US,052769106,670320000.0,2800,0.0012442328969713484
GXO,Gxo Logistics Inc - US,36262G101,668865000.0,12900,0.0012415321587193296
FAST,Fastenal Co - US,311900104,668160000.0,14400,0.0012402235535869078
JELD,Jeld-Wen Holding Inc - US,47580P103,668096000.0,538787,0.001240104758227369
WPC,Wp Carey Inc - US REIT,92936U109,667979000.0,9829,0.0012398875854607119
ED,Consolidated Edison Inc - US,209115104,667762000.0,5900,0.0012394847949447748
FFIV,F5 Inc - US,315616102,665459000.0,2300,0.0012352100181788645
MGNI,Magnite Inc - US,55955D100,664092000.0,55900,0.0012326726235462118
BF/B,Brown-Forman Corp - US Class B,115637209,663644000.0,25100,0.001231841056029439
IMCR,Immunocore Holdings Plc - US ADR,45258D105,663300000.0,22000,0.0012312025309719169
IRDM,Iridium Communications Inc - US,46269C102,663180000.0,23907,0.0012309797896727813
ANET,Arista Networks Inc - US,040413205,663012000.0,5400,0.0012306679518539916
ASHR,Xtrackers Harvest Csi 300 China A-Shares Etf - US,233051879,662755000.0,20305,0.001230190914238343
XP,Xp Inc - US,G98239109,662592000.0,34800,0.001229888357307017
HCA,Hca Healthcare Inc - US,40412C101,662536000.0,1400,0.0012297844113674204
AMKR,Amkor Technology Inc - US,031652100,661941000.0,14700,0.0012286799857592066
RGLD,Royal Gold Inc - US,780287108,661674000.0,2600,0.0012281843863686298
MP,Mp Materials Corp - US,553368101,661162000.0,13700,0.0012272340234923181
N/A,Immatics Nv - US,N44445109,659752000.0,67048,0.0012246168132274751
HALO,Halozyme Therapeutics Inc - US,40637H109,659226000.0,10200,0.001223640463866264
VIR,Vir Biotechnology Inc - US,92764N102,658596000.0,73504,0.0012224710720458022
NCLH,Norwegian Cruise Line Holdings Ltd - US,G66721104,658240000.0,35200,0.0012218102728583666
SLS,Sellas Life Sciences Group Inc - US,81642T209,658188000.0,155600,0.0012217137516287414
VFC,Vf Corp - US,918204108,655814000.0,38600,0.0012173071862608424
MCO,Moody's Corp - US,615369105,654375000.0,1500,0.0012146361468487082
PTGX,Protagonist Therapeutics Inc - US,74366E102,653480000.0,6200,0.0012129748679926553
SPHD,Invesco S&P 500 High Dividend Low Volatility ETF -,46138E362,647113000.0,13044,0.0012011565858960202
BTDR,Bitdeer Technologies Group - US,G11448100,647020000.0,74800,0.0012009839613891901
ELV,Elevance Health Inc - US,036752103,644050000.0,2200,0.0011954711142355844
MTZ,Mastec Inc - US,576323109,643480000.0,2000,0.0011944130930646904
TSHA,Taysha Gene Therapies Inc - US,877619106,641780000.0,143575,0.0011912575913269365
GFI,Gold Fields Ltd - US ADR,38059T106,640140000.0,14100,0.0011882134602387501
SCHW,Charles Schwab Corp/The - US,808513105,639064000.0,6800,0.0011862162132565011
PATK,Patrick Industries Inc - US,703343103,638097000.0,5745,0.0011844212896209667
IAG,Iamgold Corp - US,450913108,637998000.0,33900,0.00118423752804918
IOT,Samsara Inc - US,79589L106,636969000.0,20100,0.0011823275214090925
N/A,Kestra Medical Technologies Inc - US,G52441105,635767000.0,31900,0.001180096396062751
GSK,GSK PLC - US ADR,37733W204,634685000.0,11500,0.0011780880120155451
EGY,Vaalco Energy Inc - US,91851C201,634000000.0,100000,0.0011768165304329797
MGM,Mgm Resorts International - US,552953101,632871000.0,17100,0.0011747209060436123
DEI,Douglas Emmett Inc - US REIT,25960P109,631498000.0,67038,0.0011721723743460027
UUUU,Energy Fuels Inc/Canada - US,292671708,631450000.0,34600,0.0011720832778263485
TIPT,Tiptree Inc - US,88822Q103,630591000.0,37269,0.0011704888213600363
KD,Kyndryl Holdings Inc - US,50155Q100,629760000.0,48000,0.0011689463378635224
VICR,Vicor Corp - US,925815102,627900000.0,3900,0.0011654938477269209
BRBR,BellRing Brands Inc - US,07831C103,627510000.0,39000,0.0011647699385047303
QBTS,D-Wave Quantum Inc - US,26740W109,626262000.0,43400,0.0011624534289937202
CORT,Corcept Therapeutics Inc - US,218352102,624805000.0,15500,0.0011597489783867158
TYRA,Tyra Biosciences Inc - US,90240B106,623677000.0,16284,0.0011576552101748413
SGML,Sigma Lithium Corp - US,826599102,623170000.0,50500,0.0011567141281859936
XERS,Xeris Biopharma Holdings Inc - US,98422E103,623001000.0,107414,0.001156400434189711
HRB,H&R Block Inc - US,093671105,622104000.0,19600,0.0011547354429786725
AVB,Avalonbay Communities Inc - US REIT,053484101,620730000.0,3800,0.00115218505510357
KHC,Kraft Heinz Co/The - US,500754106,620724000.0,27600,0.0011521739180386133
BJ,Bj's Wholesale Club Holdings Inc - US,05550J101,620046000.0,6300,0.0011509154296984972
SRI,Stoneridge Inc - US,86183P102,618684000.0,128092,0.0011483873159533085
CAKE,Cheesecake Factory Inc/The - US,163072101,618675000.0,11300,0.0011483706103558732
HBAN,Huntington Bancshares Inc/Oh - US,446150104,618175000.0,39500,0.001147442521609475
SLQT,Selectquote Inc - US,816307300,617715000.0,981279,0.0011465886799627886
GEN,Gen Digital Inc - US,668771108,617624000.0,32800,0.0011464197678109442
IT,Gartner Inc - US,366651107,617526000.0,3900,0.00114623786241665
ECPG,Encore Capital Group Inc - US,292554102,612919000.0,8741,0.0011376864527073366
TTWO,Take-Two Interactive Software Inc - US,874054109,612250000.0,3100,0.0011364446699646557
SO,Southern Co/The - US,842587107,608076000.0,6300,0.0011286969851097232
MLAB,Mesa Laboratories Inc - US,59064R109,607799000.0,6874,0.0011281828239442186
ARDX,Ardelyx Inc - US,039697107,607254000.0,101378,0.0011271712072106444
TTMI,Ttm Technologies Inc - US,87305R109,604004000.0,6200,0.0011211386303590558
DHI,Dr Horton Inc - US,23331A109,603768000.0,4400,0.001120700572470756
IWD,Ishares Russell 1000 Value Etf - US ETP,464287598,603404000.0,2824,0.001120024923863378
DRI,Darden Restaurants Inc - US,237194105,601843000.0,3070,0.0011171274307971227
CHYM,Chime Financial Inc - US,16935C109,601233000.0,32100,0.0011159951625265168
ARKO,Arko Corp - US,041242108,600046000.0,107922,0.0011137918798425673
LAD,Lithia Motors Inc - US,536797103,599328000.0,2400,0.0011124591444027394
VRNS,Varonis Systems Inc - US,922280102,597789000.0,27843,0.0011096024872413257
TSN,Tyson Foods Inc - US,902494103,595851000.0,9300,0.001106005215260286
ALNY,Alnylam Pharmaceuticals Inc - US,02043Q107,595566000.0,1800,0.001105476204674839
POWL,Powell Industries Inc - US,739128106,595188000.0,1100,0.0011047745695825619
SNAP,Snap Inc - US,83304A106,594320000.0,129200,0.0011031634075188146
AOS,A O Smith Corp - US,831865209,593460000.0,9000,0.0011015670948750097
RBCAA,Republic Bancorp Inc/Ky - US,760281204,592832000.0,8403,0.0011004014154095334
FOUR,Shift4 Payments Inc - US,82452J109,590355000.0,13500,0.0010958036637598765
BHP,Bhp Group Ltd - US ADR,088606108,589194000.0,8100,0.0010936486416907396
ICHR,Ichor Holdings Ltd - US,G4740B105,588451000.0,12625,0.001092269501813592
EQIX,Equinix Inc - US REIT,29444U700,588144000.0,600,0.0010916996553233034
FCG,First Trust Natural Gas Etf - US ETP,33733E807,587533000.0,18540,0.0010905655308752046
ICLR,Icon Plc - US,G4705A100,586498000.0,5300,0.0010886443871701602
ENTG,Entegris Inc - US,29362U104,586200000.0,5000,0.001088091246277307
APLD,Applied Digital Corp - US,038169207,584004000.0,24600,0.0010840150805031259
AWM,Skyworks Solutions Inc - US,83088M102,583695000.0,10900,0.0010834415216578518
TRV,Travelers Cos Inc/The - US,89417E109,583360000.0,2000,0.001082819702197765
N/A,Klarna Group PLC - US,G5279N105,582204000.0,44477,0.001080673961016092
BDX,Becton Dickinson And Co - US,075887109,581751000.0,3700,0.0010798331126118553
SJM,J M Smucker Co/The - US,832696405,580858000.0,6023,0.0010781755461107881
NVGS,Navigator Holdings Ltd - US,Y62132108,580306000.0,30021,0.0010771509361347646
FFIV,F5 Inc - US,315616102,578660000.0,2000,0.0010740956679816216
UNF,Unifirst Corp/Ma - US,904708104,578657000.0,2300,0.001074090099449143
SGHC,Super Group Sghc Ltd - US,G8588X103,577973000.0,53516,0.0010728204740440702
BRKR 6.375 09/01/28,Bruker Corp - US,116794207,575360000.0,2000,0.001067970282255393
STNG,Scorpio Tankers Inc - US,Y7542C130,574882000.0,7700,0.0010670830294138363
ARCC,Ares Capital Corp - US,04010L103,574838000.0,31900,0.0010670013576041533
CHWY,Chewy Inc - US,16679L109,572400000.0,21200,0.0010624759968767153
MCFT,Mastercraft Boat Holdings Inc - US,57637H103,569686000.0,27776,0.0010574383311612657
N/A,Kyivstar Group Ltd - US,G5331N101,569027000.0,56228,0.0010562151101935128
CDE,Coeur Mining Inc - US,192108504,568731000.0,30300,0.0010556656816556448
IVZ,Invesco Ltd - US,G491BT108,568386000.0,23400,0.0010550253004206302
GWRE,Guidewire Software Inc - US,40171V100,568328000.0,3800,0.001054917642126048
FITB,Fifth Third Bancorp - US,316773100,566812000.0,12200,0.0010521036770469684
HNRG,Hallador Energy Co - US,40609P105,564916000.0,34700,0.0010485843645206263
GEO,Geo Group Inc/The - US REIT,36162J106,564816000.0,33600,0.0010483987467713467
PRMB,Primo Brands Corp-A - US,741623102,564749000.0,29992,0.0010482743828793295
BG,Bunge Global SA - US,H11356104,561970000.0,4418,0.0010431160656268479
ESTC,Elastic Nv - US,N14506104,559888000.0,11200,0.0010392515040868455
GGAL,Grupo Financiero Galicia Sa - US ADR,399909100,559539000.0,11979,0.0010386036981418596
IE,Ivanhoe Electric Inc / US - US,46578C108,559086000.0,47300,0.0010377628497376227
PCT,Purecycle Technologies Inc - US,74623V103,559010000.0,107709,0.0010376217802481702
CAKE,Cheesecake Factory Inc/The - US,163072101,558450000.0,10200,0.0010365823208522043
DAR,Darling Ingredients Inc - US,237266101,556650000.0,9000,0.0010332412013651705
MCHP,Microchip Technology Inc - US,595017104,555646000.0,8600,0.0010313775991624028
TWLO,Twilio Inc - US,90138F102,553608000.0,4400,0.0010275947094320836
VITL,Vital Farms Inc - US,92847W103,553419000.0,39194,0.001027243891885945
MARA,MARA Holdings Inc - US,565788106,552432000.0,67700,0.0010254118447005549
HAS,Hasbro Inc - US,418056107,552240000.0,5900,0.001025055458621938
BKKT,Bakkt Inc - US,05759B305,552140000.0,75019,0.0010248698408726583
RKT,Rocket Cos Inc - US,77311W101,551475000.0,38700,0.0010236354828399485
HRL,Hormel Foods Corp - US,440452100,550395000.0,24300,0.0010216308111477283
GPC,Genuine Parts Co - US,372460105,549900000.0,5200,0.0010207120032887942
DHR,Danaher Corp - US,235851102,549840000.0,2900,0.0010206006326392264
GRAB,GRAB HOLDINGS LTD - CL A - US,G4124C109,549000000.0,150000,0.0010190414435452774
KDP,Keurig Dr Pepper Inc - US,49271V100,547664000.0,20800,0.0010165615904149012
VICR,Vicor Corp - US,925815102,547400000.0,3400,0.001016071559556803
ERO,ERO Copper Corp - US,296006109,546735000.0,20500,0.0010148372015240932
SITE,Siteone Landscape Supply Inc - US,82982L103,545751000.0,4100,0.0010130107228711815
ELF,Elf Beauty Inc - US,26856L103,545490000.0,9000,0.0010125262605455616
VEEV,Veeva Systems Inc - US,922475108,544546000.0,3100,0.0010107740289923618
FOLD,Amicus Therapeutics Inc - US,03152W109,542250000.0,37500,0.0010065122454689008
DY,Dycom Industries Inc - US,267475101,542112000.0,1600,0.001006256092974895
REGN,Regeneron Pharmaceuticals Inc - US,75886F107,540848000.0,700,0.0010039098846240002
XME,State Street SPDR S&P Metals & Mining ETF - US ETP,78464A755,540050000.0,5000,0.0010024286549847488
IT,Gartner Inc - US,366651107,538356000.0,3400,0.0009992842903119514
ROK,Rockwell Automation Inc - US,773903109,538320000.0,1500,0.0009992174679222107
ANF,Abercrombie & Fitch Co - US,002896207,537712000.0,5885,0.0009980889120065905
TWFG,TWFG Inc - US,87318A101,536344000.0,29165,0.000995549661196445
LUMN,Lumen Technologies Inc - US,550241103,534455000.0,76900,0.0009920433419125523
PFSI,Pennymac Financial Services Inc - US,70932M107,533140000.0,6100,0.0009896024685095248
TENB,Tenable Holdings Inc - US,88025T102,532825000.0,31500,0.000989017772599294
CDW,Cdw Corp/De - US,12514G108,532488000.0,4400,0.0009883922407842216
BILL,Bill Holdings Inc - US,090043100,532370000.0,13900,0.0009881732118400715
EQR,Equity Residential - US REIT,29476L107,532350000.0,9000,0.0009881360882902156
BMRN,Biomarin Pharmaceutical Inc - US,09061G101,531006000.0,9400,0.0009856413857398973
ROP,Roper Technologies Inc - US,776696106,530790000.0,1500,0.0009852404514014532
CALM,Cal-Maine Foods Inc - US,128030202,530305000.0,6700,0.0009843402053174466
BAX,Baxter International Inc - US,071813109,529200000.0,31500,0.0009822891291879068
MUX,McEwen Inc - US,58039P305,528878000.0,25900,0.0009816914400352262
MKSI,MKS Inc - US,55306N104,528563000.0,2300,0.0009811067441249954
XNCR,Xencor Inc - US,98401F105,528445000.0,43818,0.0009808877151808453
BLD,Topbuild Corp - US,89055F103,526950000.0,1500,0.0009781127298291146
ANGO,Angiodynamics Inc - US,03475V101,526590000.0,46314,0.0009774445059317078
CORT,Corcept Therapeutics Inc - US,218352102,524030000.0,13000,0.0009726926915501488
ERO,ERO Copper Corp - US,296006109,523772000.0,19639,0.0009722137977570074
SBSW,Sibanye Stillwater Ltd - US ADR,82575P107,523748000.0,42512,0.00097216924949718
HYLN,Hyliion Holdings Corp - US,449109107,523720000.0,297568,0.0009721172765273818
CBLL,Ceribell Inc - US,15678C102,522148000.0,28486,0.0009691993655087058
LPTH,Lightpath Technologies Inc - US,532257805,521560000.0,52000,0.0009681079331429413
VALE,Vale Sa - US ADR,91912E105,521228000.0,32761,0.000967491682215333
HCSG,Healthcare Services Group Inc - US,421906108,519419000.0,28001,0.0009641338571308642
LASR,Nlight Inc - US,65487K100,518882000.0,9100,0.0009631370898172324
OLN,Olin Corp - US,680665205,517302000.0,17400,0.0009602043293786139
EME,Emcor Group Inc - US,29084Q100,516817000.0,700,0.0009593040832946077
ASPN,Aspen Aerogels Inc - US,04523Y105,516738000.0,151093,0.0009591574452726766
AON,Aon Plc - US,G0403H108,516448000.0,1600,0.0009586191537997657
AME,Ametek Inc - US,031100100,514464000.0,2400,0.0009549364976540575
SII,Sprott Inc - US,852066208,514440000.0,3600,0.0009548919493942303
IWV,Ishares Russell 3000 Etf - US ETP,464287689,513021000.0,1384,0.0009522580335319522
MAA,Mid-America Apartment Communities Inc - US REIT,59522J103,512904000.0,4200,0.0009520408607652949
ONTO,Onto Innovation Inc - US,683344105,512675000.0,2500,0.0009516157961194445
AMPX,Amprius Technologies Inc - US,03214Q108,512544000.0,30400,0.0009513726368678882
URI,United Rentals Inc - US,911363109,509992000.0,700,0.0009466356719062714
AVBP,ArriVent Biopharma Inc - US,04272N102,509870000.0,22101,0.0009464092182521503
SEI,Solaris Energy Infrastructure Inc - US,83418M103,508590000.0,9000,0.0009440333110613707
XEL,Xcel Energy Inc - US,98389B100,508416000.0,6400,0.0009437103361776242
XAR,State Street SPDR S&P Aerospace & Defense ETF - US,78464A631,507960000.0,2000,0.000942863919240909
TRL,Davita Inc - US,23918K108,507177000.0,3300,0.0009414105322640493
LBTYA,Liberty Global Ltd - A,G61188101,506571000.0,41900,0.0009402856887034146
AWN,Advance Auto Parts Inc - US,00751Y106,506400000.0,9600,0.0009399682823521466
DV,Doubleverify Holdings Inc - US,25862V105,506350000.0,53300,0.0009398754734775067
DB,Deutsche Bank Ag - US,D18190898,506260000.0,17000,0.000939708417503155
CPRX,Catalyst Pharmaceuticals Inc - US,14888U101,504980000.0,20395,0.0009373325103123755
LDI,Loandepot Inc - US,53946R106,504452000.0,355248,0.0009363524485961789
N/A,Arqit Quantum Inc - US,G0567U127,504414000.0,38069,0.0009362819138514527
MMC,Marsh & Mclennan Cos Inc - US,571748102,503005000.0,2900,0.0009336665597641024
FSK,Fs Kkr Capital Corp - US,302635206,501874000.0,49300,0.0009315672230197495
FE,Firstenergy Corp - US,337932107,501534000.0,9900,0.0009309361226721988
ZETA,Zeta Global Holdings Corp - US,98956A105,501480000.0,31500,0.0009308358890875876
AVD,American Vanguard Corp - US,030371108,501384000.0,201359,0.0009306576960482793
VNOM,Viper Energy Inc - US,64361Q101,498094000.0,10600,0.0009245508720969787
SEA,Seabridge Gold Inc - US,811916105,497140000.0,17542,0.0009227800787688509
INBX,Inhibrx Biosciences Inc - US,45720N103,495687000.0,7373,0.0009200830528718176
PBI,Pitney Bowes Inc - US,724479100,495029000.0,44799,0.0009188616880815574
VITL,Vital Farms Inc - US,92847W103,494200000.0,35000,0.0009173229169400293
FNV,Franco-Nevada Corp - US,351858105,494100000.0,2000,0.0009171372991907496
CHYM,Chime Financial Inc - US,16935C109,492599000.0,26300,0.0009143511767740621
OMI,Accendra Health Inc - US,690732102,491459000.0,215552,0.0009122351344322741
RDNT,Radnet Inc - US,750491102,490770000.0,8781,0.0009109562281397372
IRM,Iron Mountain Inc - US REIT,46284V101,490272000.0,4800,0.0009100318517483245
AGX,Argan Inc - US,04010E109,490185000.0,900,0.0009098703643064513
EOSE,Eos Energy Enterprises Inc - US,29415C101,490048000.0,98800,0.0009096160679899381
AWC,American Water Works Co Inc - US,030420103,489924000.0,3600,0.0009093859019808314
VOE,Vanguard Mid-Cap Value Etf - US ETP,922908512,489816000.0,2658,0.0009091854348116093
ETSY,Etsy Inc - US,29786A106,489804000.0,9800,0.0009091631606816958
TTAN,ServiceTitan Inc - US,81764X103,488642000.0,7700,0.0009070062824350662
EW,Edwards Lifesciences Corp - US,28176E108,488488000.0,6100,0.0009067204311011757
KRMN,Karman Holdings Inc - US,485924104,488305000.0,6100,0.0009063807506199939
HMN,Horace Mann Educators Corp - US,440327104,487747000.0,11428,0.0009053450035790134
OC,Owens Corning - US,690742101,486990000.0,4500,0.0009039398772169665
LYFT,Lyft Inc - US,55087P104,486780000.0,36600,0.0009035500799434792
CAAP,Corp America Airports Sa - US,L1995B107,486453000.0,19235,0.0009029431099033347
JBGS,Jbg Smith Properties - US REIT,46590V100,485929000.0,33260,0.0009019704728971094
BALL,Ball Corp - US,058498106,484702000.0,8200,0.0008996929431134481
VOD,Vodafone Group Plc - US ADR,92857W308,483644000.0,32200,0.0008977291073260695
PRAX,Praxis Precision Medicines Inc - US,74006W207,483285000.0,1500,0.0008970627396061555
WOLF,Wolfspeed Inc/DE - US,97785W106,483072000.0,29600,0.0008966673738001899
MHK,Mohawk Industries Inc - US,608190104,482454000.0,4900,0.0008955202561096415
METC,Ramaco Resources Inc - US,75134P600,482352000.0,31200,0.0008953309260053763
OMC,Omnicom Group Inc - US,681919106,481984000.0,6400,0.0008946478526880271
GRAL,GRAIL Inc - US,384747101,480624000.0,9300,0.000892123451297824
GWRE,Guidewire Software Inc - US,40171V100,478592000.0,3200,0.0008883516986324615
THFF,First Financial Corp - US,320218100,478487000.0,7571,0.0008881567999957178
CXW,Corecivic Inc - US,21871N101,476532000.0,25200,0.0008845279729973006
TRP,Tc Energy Corp - US,87807B107,475760000.0,7600,0.0008830950039728617
WGS,GeneDx Holdings Corp - US,81663L200,475228000.0,7400,0.000882107517546694
CYTK,Cytokinetics Inc - US,23282W605,474552000.0,7200,0.0008808527415615636
CNI,Canadian National Railway Co - US,136375102,472742000.0,4600,0.0008774930602996019
TWI,Titan International Inc - US,88830M102,472644000.0,68400,0.000877311154905308
CNR,Core Natural Resources Inc - US,218937100,471285000.0,4500,0.0008747886096925974
CMPX,Compass Therapeutics Inc - US,20454B104,470445000.0,88931,0.0008732294205986485
CENX,Century Aluminum Co - US,156431108,469520000.0,8000,0.0008715124564178117
CE,Celanese Corp - US,150870103,466967000.0,7100,0.0008667736352787022
SSO,Proshares Ultra S&P500 - US ETP,74347R107,466609000.0,8994,0.0008661091237362811
WWD,Woodward Inc - US,980745103,465296000.0,1300,0.0008636719626882393
NOK,Nokia Oyj - US ADR,654902204,463586000.0,57660,0.0008604978991755571
CIEN,Ciena Corp - US,171779309,463547000.0,1194,0.0008604255082533381
AGIO,Agios Pharmaceuticals Inc - US,00847X104,463471000.0,13700,0.0008602844387638857
MHK,Mohawk Industries Inc - US,608190104,462762000.0,4700,0.0008589684089214929
N/A,Crh Plc - US,G25508105,462528000.0,4400,0.0008585340633881785
OLPX,Olaplex Holdings Inc - US,679369108,462042000.0,227607,0.0008576319611266795
FET,Forum Energy Technologies Inc - US,34984V209,461889000.0,7874,0.0008573479659702817
NOG,Northern Oil And Gas Inc - US,665531307,461834000.0,15800,0.0008572458762081778
COLL,Collegium Pharmaceutical Inc - US,19459J104,461525000.0,13956,0.0008566723173629037
MNTN,MNTN Inc - US,55318A108,459976000.0,52270,0.0008537970984265618
INOD,Innodata Inc - US,457642205,459578000.0,11900,0.0008530583397844289
JEF,Jefferies Financial Group Inc - US,47233W109,458097000.0,11100,0.0008503093409175973
SDRL,Seadrill Ltd - US,G7997W102,457321000.0,10051,0.0008488689471831872
PR,Permian Resources Corp - US,71424F105,456248000.0,21400,0.0008468772687334165
BURL,Burlington Stores Inc - US,122017106,455532000.0,1400,0.0008455482456485742
MTDR,Matador Resources Co - US,576485205,454896000.0,7200,0.0008443677167631556
GTES,Gates Industrial Corp Plc - US,G39108108,454710000.0,20111,0.0008440224677494955
OC,Owens Corning - US,690742101,454524000.0,4200,0.0008436772187358354
LNC,Lincoln National Corp - US,534187109,454400000.0,12800,0.0008434470527267286
TPR,Tapestry Inc - US,876030107,451552000.0,3200,0.0008381606592272441
LPLA,Lpl Financial Holdings Inc - US,50212V100,451245000.0,1500,0.0008375908127369557
HUT,Hut 8 Corp - US,44812J104,450336000.0,9600,0.0008359035473960037
SYK,Stryker Corp - US,863667101,450168000.0,1370,0.0008355917095772139
SYY,Sysco Corp - US,871829107,449379000.0,6300,0.0008341271855353973
PH,Parker-Hannifin Corp - US,701094104,447620000.0,500,0.0008308621693255684
FHB,First Hawaiian Inc - US,32051X108,447462000.0,18160,0.0008305688932817066
LNT,Alliant Energy Corp - US,018802108,443405000.0,6179,0.0008230383811934311
MSA,Msa Safety Inc - US,553498106,441189000.0,2691,0.000818925091869394
OR,OR Royalties Inc - US,68390D106,441032000.0,11600,0.000818633672003025
GRMN,Garmin Ltd - US,H2906T109,440819000.0,1900,0.0008182383061970593
CNHI,Cnh Industrial Nv - US,N20944109,440000000.0,40000,0.0008167180968304589
ITGR,Integer Holdings Corp - US,45826H109,440000000.0,5000,0.0008167180968304589
RSG,Republic Services Inc - US,760759100,438040000.0,2000,0.0008130799889445778
CPRI,Capri Holdings Ltd - US,G1890L107,436976000.0,24800,0.0008111050160922423
CRK,Comstock Resources Inc - US,205768302,436356000.0,20700,0.0008099541860467086
CC,Chemours Co/The - US,163851108,436194000.0,19800,0.0008096534852928755
N/A,Bullish - US,G16910120,435906000.0,12200,0.0008091189061749501
VO,Vanguard Mid-Cap Etf - US ETP,922908629,435652000.0,1517,0.0008086474370917798
AMLX,Amylyx Pharmaceuticals Inc - US,03237H101,435543000.0,31334,0.000808445113745065
EVTL,Vertical Aerospace Ltd - US,G9471C206,435273000.0,196956,0.0008079439458220101
AMPX,Amprius Technologies Inc - US,03214Q108,434988000.0,25800,0.000807414935236563
FDS,Factset Research Systems Inc - US,303075105,433980000.0,2000,0.0008055439083238242
MCK,Mckesson Corp - US,58155Q103,432680000.0,500,0.0008031308775831887
AMR,Alpha Metallurgical Resources Inc - US,020764106,430862000.0,2099,0.0007997563469012846
SBET,SharpLink Inc - US,820014405,430860000.0,66800,0.0007997526345462991
HMY,Harmony Gold Mining Co Ltd - US ADR,413216300,430360000.0,28000,0.0007988245457999008
GEMI,Gemini Space Station Inc - US,36866J105,430181000.0,97326,0.0007984922900286902
FEIM,Frequency Electronics Inc - US,358010106,429853000.0,9712,0.0007978834638110529
KRUS,Kura Sushi Usa Inc - US,501270102,429627000.0,6156,0.0007974639676976809
DHT,Dht Holdings Inc - US,Y2065G121,429345000.0,23500,0.0007969405256447123
IESC,Ies Holdings Inc - US,44951W106,428823000.0,900,0.0007959716009934726
LUNR,Intuitive Machines Inc - US,46125A100,428736000.0,23100,0.0007958101135515993
SYK,Stryker Corp - US,863667101,427167000.0,1300,0.0007928977710654016
PTON,Peloton Interactive Inc - US,70614W100,426855000.0,99500,0.0007923186436876492
ORIC,Oric Pharmaceuticals Inc - US,68622P109,426827000.0,33688,0.0007922666707178507
VANI,Vivani Medical Inc - US,92854B109,426302000.0,426302,0.0007912921775341327
NUVL,Nuvalent Inc - US,670703107,425168000.0,4150,0.0007891872722573015
JBL,Jabil Inc - US,466313103,425008000.0,1600,0.000788890283858454
PHAT,Phathom Pharmaceuticals Inc - US,71722W107,424680000.0,38225,0.0007882814576408167
SFIX,Stitch Fix Inc - US,860897107,424385000.0,128213,0.0007877338852804417
AEO,American Eagle Outfitters Inc - US,02553E106,424180000.0,25400,0.0007873533688944183
VICI,Vici Properties Inc - US REIT,925652109,423460000.0,15500,0.000786016921099605
SYRE,Spyre Therapeutics Inc - US,00773J202,421880000.0,8364,0.0007830841606609865
UTL,Unitil Corp - US,913259107,421263000.0,8064,0.0007819388991479311
BBWI,Bath & Body Works Inc - US,070830104,420075000.0,22500,0.0007797337602864889
PVH,Pvh Corp - US,693656100,419746000.0,6017,0.0007791230778913588
WSM,Williams-Sonoma Inc - US,969904101,419359000.0,2300,0.0007784047372016464
EVR,Evercore Inc - US,29977A105,417914000.0,1400,0.0007757225607245556
N/A,Aptiv Holdings Ltd - US,G3265R107,416918000.0,6004,0.0007738738079417302
RMAX,Re/Max Holdings Inc - US,75524W108,415826000.0,72192,0.0007718468621195966
BXP,BXP Inc - US REIT,101121101,415200000.0,8000,0.0007706848950091058
BKR,Baker Hughes Co - US,05722G100,415140000.0,6800,0.0007705735243595382
VITL,Vital Farms Inc - US,92847W103,415128000.0,29400,0.0007705512502296245
BBSI,Barrett Business Services Inc - US,068463108,414852000.0,14217,0.0007700389452416126
WPC,Wp Carey Inc - US REIT,92936U109,414556000.0,6100,0.0007694895167037449
DLR,Digital Realty Trust Inc - US REIT,253868103,414483000.0,2300,0.0007693540157467708
WD,Walker & Dunlop Inc - US,93148P102,414465000.0,9339,0.0007693206045519004
UAA,Under Armour Inc - US,904311107,413700000.0,70000,0.0007679006287699111
MHK,Mohawk Industries Inc - US,608190104,413532000.0,4200,0.0007675887909511214
MTB,M&T Bank Corp - US,55261F104,413440000.0,2000,0.000767418022621784
SPXL,Direxion Daily S&P 500 Bull 3X ETF - US ETP,25459W862,413229000.0,2235,0.000767026369170804
TXRH,Texas Roadhouse Inc - US,882681109,412850000.0,2500,0.0007663228779010341
JANX,Janux Therapeutics Inc - US,47103J105,412677000.0,29689,0.0007660017591947804
CGEM,Cullinan Therapeutics Inc - US,230031106,411919000.0,28988,0.0007645947766552406
PAR,Par Technology Corp - US,698884103,411897000.0,30900,0.000764553940750399
UEC,Uranium Energy Corp - US,916896103,411750000.0,30500,0.000764281082658958
VIK,Viking Holdings Ltd - US,G93A5A101,411488000.0,5600,0.0007637947641558453
NKTR,Nektar Therapeutics - US,640268306,410115000.0,5700,0.0007612462324582356
PLD,Prologis Inc - US REIT,74340W103,409758000.0,3100,0.0007605835770933074
SYM,Symbotic Inc - US,87151X101,409640000.0,7700,0.0007603645481491574
TPG,TPG Partners LLC - US,872657101,409151000.0,10100,0.0007594568773551799
NDSN,Nordson Corp - US,655663102,408934000.0,1537,0.000759054086839243
VMC,Vulcan Materials Co - US,929160109,408450000.0,1500,0.0007581556969327295
ARWR,Arrowhead Pharmaceuticals Inc - US,04280A100,407550000.0,6500,0.0007564851371892127
RNR,Renaissancere Holdings Ltd - US,G7496G103,407205000.0,1370,0.0007558447559541979
KEY,Keycorp - US,493267108,407015000.0,20300,0.0007554920822305665
BOKF,Bok Financial Corp - US,05561Q201,406975000.0,3178,0.0007554178351308546
CIT,Cintas Corp - US,172908105,405936000.0,2400,0.0007534892667158391
LH,Labcorp Holdings Inc - US,504922105,405551000.0,1520,0.0007527746383811125
PMT,Pennymac Mortgage Investment Trust - US REIT,70931T103,404392000.0,34682,0.0007506233286669613
VGIT,Vanguard Intermediate-Term Treasury ETF - US ETP,92206C706,404344000.0,6790,0.0007505342321473071
CABA,Cabaletta Bio Inc - US,12674W109,403500000.0,150000,0.0007489676183433868
RMD,Resmed Inc - US,761152107,403166000.0,1796,0.0007483476550607928
CRVS,Corvus Pharmaceuticals Inc - US,221015100,402237000.0,27494,0.0007466232661699849
PTGX,Protagonist Therapeutics Inc - US,74366E102,400520000.0,3800,0.0007434362094148533
NBR,Nabors Industries Ltd - US,G6359F137,400265000.0,4651,0.0007429628841541902
SRAD,Sportradar Holding Ag - US,H8088L103,399333000.0,23855,0.0007412329267309039
TEAM,Atlassian Corp - US,049468101,398785000.0,5843,0.0007402157414648513
TSCO,Tractor Supply Co - US,892356106,398640000.0,8800,0.0007399465957283959
MDT,Medtronic Plc - US,G5960L103,397810000.0,4591,0.0007384059684093747
FUN,Six Flags Entertainment Corporation - US MLP,83001C108,397600000.0,22400,0.0007380161711358874
BTI,British American Tobacco Plc - US ADR,110448107,397596000.0,6800,0.0007380087464259164
MRAM,Everspin Technologies Inc - US,30041T104,395550000.0,45000,0.0007342110072756547
PPG,Ppg Industries Inc - US,693506107,395456000.0,3700,0.0007340365265913318
BRZE,Braze Inc - US,10576N102,394287000.0,16700,0.0007318666551022527
BRBR,BellRing Brands Inc - US,07831C103,394205000.0,24500,0.0007317144485478434
BDX,Becton Dickinson And Co - US,075887109,393075000.0,2500,0.0007296169679809833
VTR,Ventas Inc - US REIT,92276F100,392544000.0,4800,0.0007286313377323085
WHR 8.5 02/15/29 A,Whirlpool Corp - US,963320205,391258000.0,9500,0.0007262442934765722
HBM,Hudbay Minerals Inc - US,443628102,390830000.0,18700,0.0007254498495096552
VZLA,Vizsla Silver Corp - US,92859G608,390720000.0,118400,0.0007252456699854476
CPS,Cooper-Standard Holdings Inc - US,21676P103,389065000.0,13960,0.0007221736962348695
CDNS,Cadence Design Systems Inc - US,127387108,389018000.0,1400,0.000722086455892708
OBDC,Blue Owl Capital Corp - US,69121K104,387100000.0,35000,0.0007185263074615244
MNKD,Mannkind Corp - US,56400P706,384229000.0,156828,0.0007131972218797056
HEI,Heico Corp.-NEW,422806109,383880000.0,1400,0.0007125494159347195
SANA,Sana Biotechnology Inc - US,799566104,383567000.0,133183,0.0007119684323794742
CM,Canadian Imperial Bank Of Commerce - US,136069101,383453000.0,4047,0.0007117568281452955
ODD,Oddity Tech Ltd - US,M7518J104,382668000.0,28600,0.0007102997288134502
ALC,Alcon Inc - US,H01301128,382627000.0,5078,0.0007102236255362456
REPL,Replimune Group Inc - US,76029N106,382500000.0,50000,0.0007099878909946605
ETR,Entergy Corp - US,29364G103,382024000.0,3400,0.0007091043505080892
PBR,Petroleo Brasileiro S.A. - ADR (NYSE),71654V408,381800000.0,18400,0.0007086885667497028
LYV,Live Nation Entertainment Inc - US,538034109,381275000.0,2500,0.0007077140735659847
SKYT,Skywater Technology Inc - US,83089J108,380999000.0,13900,0.0007072017685779728
KSS,Kohl's Corp - US,500255104,380550000.0,29500,0.0007063683448837073
AZTA,Azenta Inc - US,114340102,380319000.0,17999,0.0007059395678828713
UPWK,Upwork Inc - US,91688F104,380312000.0,34700,0.0007059265746404217
PTEN,Patterson-Uti Energy Inc - US,703481101,379050000.0,35000,0.0007035840786445125
SRE,Sempra - US,816851109,378963000.0,3900,0.0007034225912026392
OLN,Olin Corp - US,680665205,377571000.0,12700,0.0007008387921326664
AFW,Align Technology Inc - US,016255101,377146000.0,2200,0.000700049916698228
FCNCA,First Citizens Bancshares Inc/Nc - US,31946M103,376932000.0,200,0.0006996526947147695
OLED,Universal Display Corp - US,91347P105,375806000.0,4100,0.0006975626388578806
CPA,Copa Holdings Sa - US,P31076105,374913000.0,3300,0.0006959050723568134
BAH,Booz Allen Hamilton Holding Corp - US,099502106,374544000.0,4800,0.0006952201428619715
EGO,Eldorado Gold Corp - US,284902509,374197000.0,10900,0.0006945760492719711
FVRR,Fiverr International Ltd - US,M4R82T106,373746000.0,37300,0.0006937389132227198
MOH,Molina Healthcare Inc - US,60855R100,373240000.0,2800,0.0006927996874113648
ANGX,Angel Studios Inc - US,034948109,373235000.0,122372,0.0006927904065239008
OHI,Omega Healthcare Investors Inc - US REIT,681936100,372470000.0,8500,0.0006913704307419115
ECL,Ecolab Inc - US,278865100,372428000.0,1400,0.000691292471287214
SIRI,Sirius Xm Holdings Inc - US,829933100,371588000.0,16100,0.0006897332821932651
LRN,Stride Inc - US,86333M108,370314000.0,4200,0.0006873685120674423
GFI,Gold Fields Ltd - US ADR,38059T106,370282000.0,8156,0.0006873091143876728
NXE,NexGen Energy Ltd - US,65340P106,368880000.0,31800,0.0006847067535427721
WASH,Washington Trust Bancorp Inc - US,940610108,368863000.0,11024,0.0006846751985253945
GXO,Gxo Logistics Inc - US,36262G101,368135000.0,7100,0.0006833239013106388
KOD,Kodiak Sciences Inc - US,50015M109,367896000.0,9651,0.0006828802748898604
CG,Carlyle Group Inc/The - US,14316J108,367764000.0,7600,0.0006826352594608112
CGNX,Cognex Corp - US,192422103,367425000.0,7500,0.0006820060152907532
CLS,Celestica Inc - US,15101Q207,366184000.0,1300,0.0006797024990221927
JPX,Aerovironment Inc - US,008073108,366100000.0,2000,0.0006795465801127978
UNFI,United Natural Foods Inc - US,911163103,364986000.0,8100,0.0006774787983858225
FNDA,Schwab Fundamental U.S. Small Company Index ETF -,808524763,364708000.0,11246,0.0006769627810428251
CASY,Casey's General Stores Inc - US,147528103,363930000.0,500,0.0006755186749534295
ARVN,Arvinas Inc - US,04335A105,363559000.0,34298,0.000674830033103602
TAP,Molson Coors Beverage Co - US Class B,60871R209,361704000.0,8400,0.0006713868238544644
CP,Canadian Pacific Kansas City Ltd - US,13646K108,361364000.0,4594,0.0006707557235069137
PSKY,Paramount Skydance Corp - US Class B,69932A204,359898000.0,39900,0.000668034567302474
SMG,Scotts Miracle-Gro Co/The - US,810186106,358779000.0,5900,0.0006659575046880346
FVRR,Fiverr International Ltd - US,M4R82T106,357714000.0,35700,0.0006639806756582064
FIS,Fidelity National Information Services Inc - US,31620M106,356516000.0,7600,0.0006617569750218363
BK,Bank Of New York Mellon Corp/The - US,064058100,355890000.0,3000,0.0006605950079113456
AS,Amer Sports Inc - US,G0260P102,355536000.0,10800,0.0006599379210788956
CHRD,Chord Energy Corp - US,674215207,355450000.0,2500,0.0006597782898145151
ZBRA,Zebra Technologies Corp - US,989207105,355436000.0,1700,0.000659752303329616
MTZ,Mastec Inc - US,576323109,353914000.0,1100,0.0006569272011855798
KURA,Kura Oncology Inc - US,50127T109,353818000.0,43520,0.0006567490081462712
TIGR,Up Fintech Holding Ltd - US ADR,91531W106,353430000.0,56100,0.0006560288112790662
BCS,Barclays Plc - US ADR,06738E204,353372000.0,16700,0.0006559211529844841
GAP,Gap Inc/The - US,364760108,353320000.0,14600,0.0006558246317548587
FLS,Flowserve Corp - US,34354P105,352848000.0,4800,0.0006549485159782586
MLI,Mueller Industries Inc - US,624756102,352012000.0,3177,0.0006533967515942807
DOLE,Dole Plc - US,G27907107,351377000.0,24589,0.000652218078886355
AUPH,Aurinia Pharmaceuticals Inc - US,05156V102,351234000.0,23700,0.0006519526455048851
SU,Suncor Energy Inc - US,867224107,350383000.0,5300,0.0006503730384585152
S,Sentinelone Inc - US,81730H109,350336000.0,27200,0.0006502857981163538
NE,Noble Corp Plc - US,G65431127,348397000.0,7100,0.0006466866699578215
ALC,Alcon Inc - US,H01301128,346610000.0,4600,0.0006433696807781941
UPST,Upstart Holdings Inc - US,91680M107,346455000.0,13507,0.0006430819732668106
SITE,Siteone Landscape Supply Inc - US,82982L103,346086000.0,2600,0.0006423970437719688
AUPH,Aurinia Pharmaceuticals Inc - US,05156V102,345306000.0,23300,0.0006409492253275875
VWO,Vanguard Ftse Emerging Markets Etf - US ETP,922042858,344731000.0,6378,0.0006398819232692295
QRVO,Qorvo Inc - US,74736K101,343192000.0,4434,0.0006370252661078156
BOC,Boston Omaha Corp - US,101044105,342294000.0,29306,0.0006353584187192844
GT,Goodyear Tire & Rubber Co/The - US,382550101,341445000.0,51500,0.0006337825240279002
BTU,Peabody Energy Corp - US,704551100,339385000.0,10300,0.0006299587983927394
DY,Dycom Industries Inc - US,267475101,338820000.0,1000,0.0006289100581093094
OSUR,Orasure Technologies Inc - US,68554V108,338268000.0,112756,0.0006278854481332857
ACOG,Alpha Cognition Inc - US,02074J501,338162000.0,61596,0.0006276886933190493
CLOV,Clover Health Investments Corp - US,18914F103,336795000.0,191361,0.0006251512986863965
T,At&T Inc - US,00206R102,336284000.0,11600,0.0006242027919875774
FRPT,Freshpet Inc - US,358039105,336072000.0,5700,0.0006238092823591046
SPG,Simon Property Group Inc - US REIT,828806109,335754000.0,1800,0.0006232190179163953
WOLF,Wolfspeed Inc/DE - US,97785W106,334560000.0,20500,0.0006210027419899963
DOMO,Domo Inc - US,257554105,334492000.0,109311,0.0006208765219204861
WEA,Western Alliance Bancorp - US,957638109,332995000.0,4700,0.0006180978242137698
CPT,Camden Property Trust - US REIT,133131102,332532000.0,3405,0.000617238414034605
PPL,Ppl Corp - US,69351T106,332340000.0,8700,0.0006168820279559881
PARR,Par Pacific Holdings Inc - US,69888T207,331992000.0,5300,0.0006162360781884949
OMF,Onemain Holdings Inc - US,68268W103,331638000.0,6200,0.0006155789913560449
CLSK,Cleanspark Inc - US,18452B209,331039000.0,38900,0.0006144671410378598
LEGN,Legend Biotech Corp - US ADR,52490G102,329238000.0,18200,0.0006111241653733333
WSM,Williams-Sonoma Inc - US,969904101,328194000.0,1800,0.0006091863160708538
THO,Thor Industries Inc - US,885160101,327549000.0,4100,0.0006079890815880001
FMC,Fmc Corp - US,302491303,327180000.0,19000,0.0006073041520931581
NYMT,Adamas Trust Inc - US REIT,649604840,326379000.0,44345,0.0006058173539214281
WAB,Westinghouse Air Brake Technologies Corp - US,929740108,324883000.0,1300,0.0006030405123922046
IXC,Ishares Global Energy Etf - US ETP,464287341,324863000.0,5639,0.0006030033888423487
BETR,Better Home & Finance Holding Co - US,08774B508,324605000.0,9113,0.0006025244950492073
HNM,Ormat Technologies Inc - US,686688102,324568000.0,2900,0.0006024558164819736
CMI,Cummins Inc - US,231021106,322812000.0,600,0.000599196368804623
SYNA,Synaptics Inc - US,87157D109,322184000.0,4600,0.0005980306893391469
INDI,Indie Semiconductor Inc - US,45569U101,322000000.0,100000,0.0005976891526804723
TAN,Invesco Solar Etf - US ETP,46138G706,321837000.0,5777,0.0005973865957491464
XLK,State Street Technology Select Sector SPDR ETF - U,81369Y803,321751000.0,2421,0.000597226964484766
PNTG,Pennant Group Inc/The - US,70805E109,321564000.0,10550,0.000596879859293613
PVH,Pvh Corp - US,693656100,320896000.0,4600,0.000595639932728425
BIZD,VanEck BDC Income ETF - US ETP,92189F411,320000000.0,25000,0.0005939767976948793
XP,Xp Inc - US,G98239109,319701000.0,16791,0.0005934218006245332
SYF,Synchrony Financial - US,87165B103,319694000.0,4700,0.0005934088073820836
HRL,Hormel Foods Corp - US,440452100,319365000.0,14100,0.0005927981249869535
BBWI,Bath & Body Works Inc - US,070830104,319257000.0,17100,0.0005925976578177315
ECL,Ecolab Inc - US,278865100,319224000.0,1200,0.0005925364039604692
BTE,Baytex Energy Corp - US,07317Q105,318800000.0,71320,0.0005917493847035235
CPA,Copa Holdings Sa - US,P31076105,318108000.0,2800,0.0005904649098785083
JBHT,Jb Hunt Transport Services Inc - US,445658107,317850000.0,1500,0.0005899860160853668
YSS,York Space Systems Inc - US,987084100,316499000.0,14276,0.0005874783202925988
FLS,Flowserve Corp - US,34354P105,316093000.0,4300,0.0005867247122305234
BAI,iShares AI Innovation and Tech Active ETF - US ETP,09290C780,316023000.0,9591,0.0005865947798060277
BIRK,Birkenstock Holding Ltd - US,M2029K104,315304000.0,8800,0.000585260188188707
BJ,Bj's Wholesale Club Holdings Inc - US,05550J101,314944000.0,3200,0.0005845919642913002
CNC,Centene Corp - US,15135B101,314304000.0,9600,0.0005834040106959105
RMD,Resmed Inc - US,761152107,314272000.0,1400,0.000583344613016141
USPH,Us Physical Therapy Inc - US,90337L108,313633000.0,4184,0.0005821585155982439
IR,Ingersoll Rand Inc - US,45687V106,312468000.0,3900,0.0005799960688191361
HSIC,Henry Schein Inc - US,806407102,310277000.0,4210,0.000575929183932419
SID,Cia Siderurgica Nacional Sa - US ADR,20440W105,310000000.0,250000,0.0005754150227669143
NOG,Northern Oil And Gas Inc - US,665531307,309838000.0,10600,0.0005751143220130813
NXRT,Nexpoint Residential Trust Inc - US REIT,65341D102,309550000.0,12382,0.000574579742895156
FOXA,Fox Corp - Class A,35137L105,309520000.0,5300,0.000574524057570372
SSRM,Ssr Mining Inc - US,784730103,309317000.0,10521,0.0005741472535393344
KROS,Keros Therapeutics Inc - US,492327101,309197000.0,28007,0.0005739245122401988
AMTM,Amentum Holdings Inc - US,023939101,307744000.0,11800,0.0005712274863431654
NAK,Northern Dynasty Minerals Ltd - US,66510M204,307300000.0,219500,0.0005704033435363638
BILL,Bill Holdings Inc - US,090043100,306400000.0,8000,0.0005687327837928469
VFF,Village Farms International Inc - US,92707Y108,306348000.0,107869,0.0005686362625632215
GDS,Gds Holdings Ltd - US ADR,36165L108,306204000.0,7600,0.0005683689730042588
SPTL,State Street SPDR Portfolio Long Term Treasury ETF,78464A664,305922000.0,11632,0.0005678455309512902
KVYO,Klaviyo Inc - US Series A,49845K101,305522000.0,15700,0.0005671030599541716
BMRN,Biomarin Pharmaceutical Inc - US,09061G101,305046000.0,5400,0.0005662195194676005
MSI,Motorola Solutions Inc - US,620076307,303779000.0,700,0.0005638677425842273
VRSK,Verisk Analytics Inc - US,92345Y106,303600000.0,1600,0.0005635354868130168
BRZE,Braze Inc - US,10576N102,302208000.0,12800,0.000560951687743044
LEGN,Legend Biotech Corp - US ADR,52490G102,302103000.0,16700,0.0005607567891063004
THC,Tenet Healthcare Corp - US,88033G407,301936000.0,1600,0.0005604468074650034
UNFI,United Natural Foods Inc - US,911163103,301902000.0,6700,0.0005603836974302483
ORI,Old Republic International Corp - US,680223104,301804000.0,7564,0.0005602017920359543
WEC,Wec Energy Group Inc - US,92939U106,301002000.0,2600,0.0005587131376867314
AM,Antero Midstream Corp - US,03676B102,300960000.0,13200,0.000558635178232034
OTIS,Otis Worldwide Corp - US,68902V107,300612000.0,3900,0.0005579892284645407
EBA,Ebay Inc - US,278642103,300366000.0,3300,0.0005575326088013129
EXEL,Exelixis Inc - US,30161Q104,300230000.0,7000,0.0005572801686622925
CROX,Crocs Inc - US,227046109,298872000.0,3600,0.000554759479627075
ACLX,Arcellx Inc - US,03940C100,298532000.0,2600,0.0005541283792795241
GENB,Generate Biomedicines Inc - US,370920100,297913000.0,23833,0.000552979405411483
ALNY,Alnylam Pharmaceuticals Inc - US,02043Q107,297783000.0,900,0.0005527381023374195
EWG,Ishares Msci Germany Etf - US ETP,464286806,297525000.0,7500,0.000552259208544278
AOS,A O Smith Corp - US,831865209,296730000.0,4500,0.0005507835474375048
ORLY,O'Reilly Automotive Inc - US,67103H107,295392000.0,3200,0.0005482999819521431
BBY,Best Buy Co Inc - US,086516101,295320000.0,4600,0.0005481663371726617
NKTR,Nektar Therapeutics - US,640268306,294995000.0,4100,0.0005475630794875029
NVST,Envista Holdings Corp - US,29415F104,294774000.0,11619,0.0005471528642615949
BROS,Dutch Bros Inc - US,26701L100,293828000.0,5800,0.0005453969203534093
BOX,Box Inc - US,10316T104,293136000.0,12400,0.0005441124455283943
ABEV,Ambev Sa - US ADR,02319V103,293086000.0,100372,0.0005440196366537544
CEVA,Ceva Inc - US,157210105,292716000.0,15670,0.0005433328509814197
IAG,Iamgold Corp - US,450913108,291710000.0,15500,0.0005414655364236664
RC,Ready Capital Corp - US REIT,75574U101,290952000.0,179600,0.0005400585538841267
HALO,Halozyme Therapeutics Inc - US,40637H109,290835000.0,4500,0.0005398413811174695
ALL,Allstate Corp/The - US,020002101,290276000.0,1400,0.0005388037778989961
MNST,Monster Beverage Corp - US,61174X109,289840000.0,4000,0.000537994484512137
MSGS,Madison Square Garden Sports Corp - US,55825T103,289260000.0,900,0.000536917901566315
RRC,Range Resources Corp - US,75281A109,289152000.0,6400,0.0005367174343970929
SOC,Sable Offshore Corp - US,78574H104,289100000.0,17500,0.0005366209131674676
LZB,La-Z-Boy Inc - US,505336107,289003000.0,8992,0.0005364408639506662
INSP,Inspire Medical Systems Inc - US,457730109,288848000.0,5600,0.0005361531564392828
PCAR,Paccar Inc - US,693718108,288750000.0,2500,0.0005359712510449887
EXR,Extra Space Storage Inc - US REIT,30225T102,288486000.0,2200,0.0005354812201868905
DK,Delek Us Holdings Inc - US,24665A103,288448000.0,6400,0.0005354106854421641
TNA,Direxion Daily Small Cap Bull 3X ETF - US ETP,25459W847,287330000.0,6511,0.0005333354790052178
MLTX,MoonLake Immunotherapeutics - US,61559X104,287056000.0,15400,0.0005328268863721915
STRL,Sterling Infrastructure Inc - US,859241101,285089000.0,700,0.0005291757852438608
RSG,Republic Services Inc - US,760759100,284726000.0,1300,0.0005285019928139757
CTVA,Corteva Inc - US,22052L104,284614000.0,3400,0.0005282941009347825
CCOI,Cogent Communications Holdings Inc - US,19239V302,284484000.0,15100,0.0005280527978607189
HIG,Hartford Insurance Group Inc/The - US,416515104,283983000.0,2100,0.0005271228529368278
BBW,Build-A-Bear Workshop Inc - US,120076104,283122000.0,7560,0.00052552468411553
SEDG,Solaredge Technologies Inc - US,83417M104,280775000.0,5500,0.0005211682355399366
BRO,Brown & Brown Inc - US,115236101,280403000.0,4300,0.0005204777375126163
AGI,Alamos Gold Inc - US,011532108,279909000.0,6300,0.0005195607858311749
OSK,Oshkosh Corp - US,688239201,279699000.0,1900,0.0005191709885576876
LBRT,Liberty Energy Inc - US,53115L104,279360000.0,9700,0.0005185417443876296
XCY,Opko Health Inc - US,68375N103,279096000.0,244821,0.0005180517135295313
VTR,Ventas Inc - US REIT,92276F100,278052000.0,3400,0.0005161138642270518
ENS,Enersys - US,29275Y102,277952000.0,1600,0.0005159282464777721
PLAY,Dave & Buster's Entertainment Inc - US,238337109,277248000.0,25600,0.0005146214975228434
ES,Eversource Energy - US,30040W108,277120000.0,4000,0.0005143839068037654
BEN,Franklin Resources Inc - US,354613101,276354000.0,11700,0.0005129620748442834
IOSP,Innospec Inc - US,45768S105,276308000.0,3784,0.0005128766906796147
LHX,L3Harris Technologies Inc - US,502431109,276120000.0,800,0.000512527729310969
CRS,Carpenter Technology Corp - US,144285103,275905000.0,700,0.0005121286511500177
CRS,Carpenter Technology Corp - US,144285103,275905000.0,700,0.0005121286511500177
WM,Waste Management Inc - US,94106L109,275748000.0,1200,0.0005118372312836487
PLNT,Planet Fitness Inc - US,72703H101,275206000.0,3700,0.000510831183082553
ANAB,Anaptysbio Inc - US,032724106,275193000.0,4962,0.0005108070527751466
RL,Ralph Lauren Corp - US,751212101,275192000.0,800,0.0005108051965976538
RLJ,Rlj Lodging Trust - US REIT,74965L101,275104000.0,37076,0.0005106418529782878
MTW,Manitowoc Co Inc/The - US,563571405,274917000.0,23598,0.0005102947477871348
ALLY,Ally Financial Inc - US,02005N100,274610000.0,7000,0.0005097249012968462
VLTO,Veralto Corp - US,92338C103,274456000.0,3104,0.0005094390499629556
KVYO,Klaviyo Inc - US Series A,49845K101,274386000.0,14100,0.0005093091175384598
AXS,Axis Capital Holdings Ltd - US,G0692U109,273807000.0,2700,0.0005082343907701306
GFI,Gold Fields Ltd - US ADR,38059T106,272400000.0,6000,0.000505622749037766
LQDA,Liquidia Corp - US,53635D202,271728000.0,7200,0.0005043753977626068
VIST,Vista Energy SAB de CV - US ADR Series A,92837L109,271692000.0,3600,0.0005043085753728661
FRPT,Freshpet Inc - US,358039105,271216000.0,4600,0.000503425034886295
ESGE,iShares Inc iShares ESG Aware MSCI EM ETF - US ETP,46434G863,271092000.0,5962,0.0005031948688771882
PFSI,Pennymac Financial Services Inc - US,70932M107,270940000.0,3100,0.0005029127298982831
PSN,Parsons Corp - US,70202L102,270850000.0,5000,0.0005027456739239314
TW,Tradeweb Markets Inc - US,892672106,270618000.0,2300,0.0005023150407456027
NUE,Nucor Corp - US,670346105,270560000.0,1600,0.0005022073824510205
IQ,Iqiyi Inc - US ADR,46267X108,270000000.0,200000,0.0005011679230550544
SSB,SouthState Bank Corp - US,84472E102,269788000.0,2916,0.0005007744134265815
BRCC,BRC INC-A - US,05601U105,268583000.0,346023,0.0004985377195477617
SKIN,SkinHealth Systems Inc - US,88331L108,268137000.0,301277,0.0004977098643859745
CNP,Centerpoint Energy Inc - US,15189T107,267592000.0,6200,0.0004966982476524005
IWS,Ishares Russell Mid-Cap Value Etf - US ETP,464287473,267141000.0,1833,0.0004958611116031492
NEO,Neogenomics Inc - US,64049M209,267120000.0,36000,0.0004958221318758005
WRN,Western Copper & Gold Corp - US,95805V108,266288000.0,105252,0.0004942777922017939
FROG,Jfrog Ltd - US,M6191J100,266281000.0,5674,0.0004942647989593442
FIX,Comfort Systems Usa Inc - US,199908104,266145000.0,193,0.0004940123588203239
CVLT,Commvault Systems Inc - US,204166102,264826000.0,3400,0.0004915640607073253
SLM,Slm Corp - US,78442P106,263343000.0,12300,0.0004888113494855082
NDAQ,Nasdaq Inc - US,631103108,263159000.0,3100,0.0004884698128268336
AMBA,Ambarella Inc - US,G037AX101,262527000.0,5100,0.0004872967086513862
AG8,Agilent Technologies Inc - US,00846U101,262154000.0,2300,0.0004866043544465731
OBE,Obsidian Energy Ltd - US,674482203,261580000.0,27622,0.00048553890856570795
GHRS,Gh Research Plc - US,G3855L106,260954000.0,18560,0.0004843769414552173
ROIV,Roivant Sciences Ltd - US,G76279101,260380000.0,9400,0.0004833114955743521
PPTA,Perpetua Resources Corp - US,714266103,258901000.0,9207,0.0004805662090625061
FTS,Fortis Inc/Canada - US,349553107,257917000.0,4623,0.0004787397304095943
VRRM,Verra Mobility Corp - US,92511U102,257220000.0,18000,0.0004774459746971151
EXK,Endeavour Silver Corp - US,29258Y103,256956000.0,27600,0.0004769559438390169
BBY,Best Buy Co Inc - US,086516101,256800000.0,4000,0.00047666638015014063
SCZ,Ishares Msci Eafe Small-Cap Etf - US ETP,464288273,256401000.0,3270,0.00047592576533051487
HAIN,Hain Celestial Group Inc/The - US,405217100,256056000.0,366948,0.0004752853840955
AIG,American International Group Inc - US,026874784,255850000.0,3400,0.00047490301153198396
TLN,Talen Energy Corp - US,87422Q109,255384000.0,800,0.0004740380328203408
AGL,Agilon Health Inc - US,00857U206,254939000.0,32230,0.0004732120338360463
HNGE,Hinge Health Inc - US,433313103,254496000.0,6600,0.0004723897472067375
BLTE,Belite Bio Inc - US ADR,07782B104,254466000.0,1596,0.00047233406188195364
CACC,Credit Acceptance Corp - US,225310101,254076000.0,600,0.00047161015265976294
SBSW,Sibanye Stillwater Ltd - US ADR,82575P107,253792000.0,20600,0.0004710829982518088
MDXG,Mimedx Group Inc - US,602496101,253728000.0,64235,0.00047096420289226976
GRAL,GRAIL Inc - US,384747101,253232000.0,4900,0.00047004353885584277
MDA,MDA Space Ltd - US,55293N109,253200000.0,10000,0.0004699841411760733
N/A,Qiagen Nv - US,N72482156,252252000.0,6300,0.0004682244849129022
CP,Canadian Pacific Kansas City Ltd - US,13646K108,251712000.0,3200,0.0004672221490667921
IMO,Imperial Oil Ltd - US,453038408,249474000.0,1907,0.00046306802383791343
ASLE,Aersale Corp - US,00810F106,249385000.0,40094,0.0004629028240410546
N/A,Arbe Robotics Ltd - US,M1R95N100,249185000.0,408500,0.00046253158854249536
RHI,Robert Half Inc - US,770323103,248920000.0,9800,0.00046203970150690424
OMC,Omnicom Group Inc - US,681919106,248523000.0,3300,0.000461302799042264
THO,Thor Industries Inc - US,885160101,247659000.0,3100,0.00045969906168848786
FIVN,Five9 Inc - US,338307101,247271000.0,16300,0.0004589788648212828
IP,International Paper Co - US,460146103,246330000.0,6900,0.00045723220180056125
BAR,Graniteshares Gold Trust - US ETP,38748G101,245089000.0,5313,0.0004549286855320008
WOR,Worthington Enterprises Inc - US,981811102,245058000.0,4700,0.00045487114402972416
AVB,Avalonbay Communities Inc - US REIT,053484101,245025000.0,1500,0.00045480989017246187
HOG,Harley-Davidson Inc - US,412822108,244662000.0,12100,0.00045413609774257673
YB4P,Savara Inc - US,805111101,244559000.0,44791,0.0004539449114608187
HRB,H&R Block Inc - US,093671105,244398000.0,7700,0.00045364606688447847
TRP,Tc Energy Corp - US,87807B107,244140000.0,3900,0.000453167173091337
ZBH,Zimmer Biomet Holdings Inc - US,98956P102,244134000.0,2700,0.0004531560360263802
DT,Dynatrace Inc - US,268150109,244068000.0,6600,0.00045303352831185567
EPAM,Epam Systems Inc - US,29414B104,243720000.0,1800,0.0004523875785443625
HLT,Hilton Worldwide Holdings Inc - US,43300A203,243264000.0,800,0.00045154116160764726
M,Macy's Inc - US,55616P104,242406000.0,13400,0.0004499485613188279
CLW,Clearwater Paper Corp - US,18538R103,241958000.0,16826,0.00044911699380205503
CRL,Charles River Laboratories International Inc - US,159864107,241500000.0,1400,0.0004482668645103542
PRMB,Primo Brands Corp-A - US,741623102,241024000.0,12800,0.00044738332402378305
IIPR,Innovative Industrial Properties Inc - US REIT,45781V101,240768000.0,4800,0.00044690814258562715
MGA,Magna International Inc - US,559222401,239983000.0,4300,0.00044545104325378193
KNSL,Kinsale Capital Group Inc - US,49714P108,239162000.0,700,0.00044392712153219603
NRGV,Energy Vault Holdings Inc - US,29280W109,238465000.0,72262,0.0004426333658197168
PSN,Parsons Corp - US,70202L102,238348000.0,4400,0.00044241619305305965
ROST,Ross Stores Inc - US,778296103,238293000.0,1100,0.00044231410329095583
KBH,Kb Home - US,48666K109,238050000.0,4600,0.0004418630521602063
PRTA,Prothena Corp Plc - US,G72800108,237858000.0,24471,0.00044150666608158934
OPEN,Opendoor Technologies Inc - US,683712103,237744000.0,50800,0.00044129506184741057
UPB,Upstream Bio Inc - US,91678A107,237708000.0,26412,0.00044122823945766994
SGHC,Super Group Sghc Ltd - US,G8588X103,237600000.0,22000,0.0004410277722884479
MMED,MiniMed Group Inc - US,60365F109,237228000.0,15900,0.0004403372742611276
NGG,National Grid Plc - US ADR,636274409,236880000.0,2800,0.00043969132449363436
DOC,Healthpeak Properties Inc - US REIT,42250P103,236592000.0,14400,0.00043915674537570897
QSR,Restaurant Brands International Inc - US,76131D103,236480000.0,3200,0.0004389488534965158
SOUN,SoundHound AI Inc - US,836100107,236328000.0,34400,0.0004386667145176107
CWEN,Clearway Energy Inc - US Class C,18539C204,236133000.0,6010,0.00043830475990651546
EVH,Evolent Health Inc - US,30050B101,234537000.0,102867,0.0004353423006280122
EFX,Equifax Inc - US,294429105,234091000.0,1300,0.000434514445466225
APPN,Appian Corp - US,03782L101,233867000.0,9700,0.0004340986617078386
ETN,Eaton Corp Plc - US,G29183103,233201000.0,652,0.00043286244749763606
LEVI,Levi Strauss & Co - US,52736R102,232974000.0,12600,0.00043244109520677133
SUZ,Suzano Sa - US ADR,86959K105,232873000.0,23264,0.0004322536212799988
LINE,Lineage Inc - US REIT,53566V106,232596000.0,7100,0.00043173946011449424
USMV,Ishares Msci Usa Min Vol Factor Etf - US ETP,46429B697,232406000.0,2506,0.0004313867863908629
IFF,International Flavors & Fragrances Inc - US,459506101,232160000.0,3200,0.00043093016672763495
COMP,Compass Inc - US,20464U100,231727000.0,31700,0.00043012644187325405
VFC,Vf Corp - US,918204108,231064000.0,13600,0.00042889579619553
VKTX,Viking Therapeutics Inc - US,92686J106,231034000.0,7100,0.0004288401108707461
ZBRA,Zebra Technologies Corp - US,989207105,229988000.0,1100,0.0004268985492132809
ROIV,Roivant Sciences Ltd - US,G76279101,229910000.0,8300,0.00042675376736884277
ACLX,Arcellx Inc - US,03940C100,229640000.0,2000,0.0004262525994457878
FMC,Fmc Corp - US,302491303,229026000.0,13300,0.00042511290646521073
FNKO,Funko Inc - US,361008105,227443000.0,72204,0.0004221745774941138
XYL,Xylem Inc/Ny - US,98419M100,227050000.0,1900,0.0004214450997394448
IUSV,Ishares Core S&P U.S. Value Etf - US ETP,464287663,226995000.0,2220,0.00042134300997734097
AGM,Federal Agricultural Mortgage Corp - US Class C,313148306,226975000.0,1530,0.00042130588642748504
NOK,Nokia Oyj - US ADR,654902204,226728000.0,28200,0.00042084741058676437
MMC,Marsh & Mclennan Cos Inc - US,571748102,225485000.0,1300,0.00041854018196321827
OGN,Organon & Co - US,68622V106,224805000.0,37530,0.0004172779812681167
IDXX,Idexx Laboratories Inc - US,45168D104,224756000.0,400,0.0004171870285709696
N/A,Amrize Ltd - US,H2927K103,224080000.0,4000,0.0004159322525858392
TPC,Tutor Perini Corp - US,901109108,223851000.0,2900,0.0004155071879399888
PHM,Pultegroup Inc - US,745867101,223459000.0,1900,0.0004147795663628126
SN,SharkNinja Inc,G8068L108,222390000.0,2100,0.0004127953126230132
BUD,Anheuser-Busch Inbev Sa/Nv - US ADR,03524A108,221984000.0,3200,0.0004120417045609378
IRDM,Iridium Communications Inc - US,46269C102,221920000.0,8000,0.00041192290920139885
ILMN,Illumina Inc - US,452327109,221868000.0,1800,0.0004118263879717733
MLI,Mueller Industries Inc - US,624756102,221600000.0,2000,0.0004113289324037039
FLNC,Fluence Energy Inc - US,34379V103,221536000.0,16100,0.00041121013704416493
TMV,DIREXION SHARES ETF TRUST,25460G849,221507000.0,5929,0.0004111563078968739
RCAT,Red Cat Holdings Inc - US,75644T100,221221000.0,16900,0.0004106254411339341
CGNX,Cognex Corp - US,192422103,220455000.0,4500,0.00040920360917445195
AMRK,Gold.com Inc - US,00181T107,220440000.0,5500,0.00040917576651206
NTRA,Natera Inc - US,632307104,219989000.0,1100,0.00040833863046280876
EUFN,Ishares Msci Europe Financials Etf - US ETP,464289180,219555000.0,6300,0.00040753304943093506
CDE,Coeur Mining Inc - US,192108504,219496000.0,11694,0.00040742353495886005
LINE,Lineage Inc - US REIT,53566V106,219492000.0,6700,0.0004074161102488889
MET,Metlife Inc - US,59156R108,219232000.0,3100,0.0004069335041007618
CAPR,Capricor Therapeutics Inc - US,14070B309,218880000.0,7200,0.00040628012962329747
MPWR,Monolithic Power Systems Inc - US,609839105,218670000.0,200,0.00040589033234981017
AGX,Argan Inc - US,04010E109,217860000.0,400,0.00040438682858064503
KR,Kroger Co/The - US,501044101,217080000.0,3000,0.00040293901013626373
LAZ,Lazard Inc - US,52110M109,216648000.0,5100,0.0004021371414593757
AMSC,American Superconductor Corp - US,030111207,216640000.0,6400,0.00040212229203943325
INCY,Incyte Corp - US,45337C102,216382000.0,2299,0.00040164339824629177
ODD,Oddity Tech Ltd - US,M7518J104,215900000.0,16136,0.0004007487206947639
OCFC,Oceanfirst Financial Corp - US,675234108,215524000.0,11947,0.0004000507979574724
MTCH,Match Group Inc - US,57667L107,214970000.0,7000,0.00039902247562646314
WWD,Woodward Inc - US,980745103,214752000.0,600,0.00039861782893303347
PRME,Prime Medicine Inc - US,74168J101,214180000.0,61546,0.0003975560954071539
HMC,Honda Motor Co Ltd - US ADR,438128308,213928000.0,8800,0.0003970883386789691
CODI,Compass Diversified Holdings - US,20451Q104,213792000.0,27200,0.00039683589853994883
FBND,Fidelity Total Bond ETF - US ETP,316188309,212452000.0,4657,0.00039434862069960157
SKYT,Skywater Technology Inc - US,83089J108,211057000.0,7700,0.0003917592530971505
PLAB,Photronics Inc - US,719405102,210132000.0,5200,0.00039004228891631373
SKYW,Skywest Inc - US,830879102,209556000.0,2282,0.0003889731306804629
MBLY,Mobileye Global Inc - US,60741F104,209535000.0,30500,0.0003889341509531142
CPK,Chesapeake Utilities Corp - US,165303108,209269000.0,1656,0.00038844040774003026
CVI,Cvr Energy Inc - US,12662P108,208630000.0,6200,0.0003872543103221333
FN,Fabrinet - US,G3323L100,208608000.0,400,0.00038721347441729177
FN,Fabrinet - US,G3323L100,208608000.0,400,0.00038721347441729177
HBM,Hudbay Minerals Inc - US,443628102,208603000.0,9981,0.00038720419352982784
TFPM,Triple Flag Precious Metals Corp - US,89679M104,208260000.0,6000,0.00038656752464979864
DFSV,Dimensional US Small Cap Value ETF - US ETP,25434V815,208103000.0,5939,0.00038627610478342956
INCY,Incyte Corp - US,45337C102,207064000.0,2200,0.00038434753636841404
SHO,Sunstone Hotel Investors Inc - US REIT,867892101,206906000.0,22964,0.00038405426032455216
EVER,Everquote Inc - US,30041R108,206628000.0,13400,0.00038353824298155474
PGY,Pagaya Technologies Ltd - A - US,M7S64L123,206205000.0,17700,0.0003827530799021018
GD,General Dynamics Corp - US,369550108,205932000.0,600,0.00038224634344656837
IIPR,Innovative Industrial Properties Inc - US REIT,45781V101,205656000.0,4100,0.00038173403845855654
KNSL,Kinsale Capital Group Inc - US,49714P108,204996000.0,600,0.0003805089613133109
MYGN,Myriad Genetics Inc - US,62855J104,204840000.0,45520,0.0003802193976244346
HMY,Harmony Gold Mining Co Ltd - US ADR,413216300,204421000.0,13300,0.0003794416592549529
DCTH,Delcath Systems Inc - US,24661P807,204327000.0,22018,0.00037926717857063
CE,Celanese Corp - US,150870103,203887000.0,3100,0.0003784504604737995
RF,Regions Financial Corp - US,7591EP100,203736000.0,7800,0.00037817017767238727
RGNX,Regenxbio Inc - US,75901B107,203718000.0,24310,0.0003781367664775169
GEN,Gen Digital Inc - US,668771108,203364000.0,10800,0.000377479679645067
XYL,Xylem Inc/Ny - US,98419M100,203150000.0,1700,0.0003770824576616085
SIG,Signet Jewelers Ltd - US,G81276100,203136000.0,2400,0.0003770564711767094
LDOS,Leidos Holdings Inc - US,525327102,202176000.0,1300,0.00037527454078362473
BIIB,Biogen Inc - US,09062X103,201663000.0,1100,0.0003743223217298201
STNE,Stoneco Ltd - US,G85158106,201168000.0,14247,0.00037340351387088586
ARWR,Arrowhead Pharmaceuticals Inc - US,04280A100,200640000.0,3200,0.0003724234521546893
M,Macy's Inc - US,55616P104,197181000.0,10900,0.00036600293420710624
BIGC,Commerce.com Inc - US,08975P108,196507000.0,73598,0.0003647518705769614
ONDS,Ondas Inc - US,68236H204,196168000.0,21700,0.0003641226264069034
PLAY,Dave & Buster's Entertainment Inc - US,238337109,193857000.0,17900,0.0003598330002210507
UAMY,United States Antimony Corp - US,911549103,192933000.0,22100,0.00035811789221770675
RELY,Remitly Global Inc - US,75960P104,192741000.0,12300,0.0003577615061390898
IE,Ivanhoe Electric Inc / US - US,46578C108,192666000.0,16300,0.00035762229282713004
SMMT,Summit Therapeutics Inc - US,86627T108,191496000.0,10100,0.00035545056516055816
NMAX,Newsmax Inc - US Class B,65250K105,191162000.0,36621,0.0003548306018779641
STWD,Starwood Property Trust Inc - US REIT,85571B105,191142000.0,11100,0.0003547934783281082
NOV,Nov Inc - US,62955J103,189981000.0,10100,0.0003526384562589714
NFBK,Northfield Bancorp Inc - US,66611T108,189018000.0,13960,0.0003508509573334084
QS,Quantumscape Corp - US,74767V109,188210000.0,29500,0.00034935116591922885
QFIN,Qfin Holdings Inc - US ADR,88557W101,187195000.0,14500,0.0003474671457640404
VATE,Innovate Corp - US,45784J303,186230000.0,32787,0.00034567593448349177
EAF,Graftech International Ltd - US,384313607,185074000.0,27297,0.00034353019330181904
SOUN,SoundHound AI Inc - US,836100107,184803000.0,26900,0.00034302716920127114
MBLY,Mobileye Global Inc - US,60741F104,183999000.0,26783,0.0003415348024970628
SAN,Banco Santander Sa - US ADR,05964H105,183864000.0,16300,0.00034128421853553523
KSS,Kohl's Corp - US,500255104,183180000.0,14200,0.00034001459313046247
UROY,Uranium Royalty Corp - US,91702V101,182500000.0,50000,0.00033875239243536084
RCKT,Rocket Pharmaceuticals Inc - US,77313F106,180765000.0,50493,0.0003355319244853589
DLO,Dlocal Ltd/Uruguay - US,G29018101,178986000.0,13800,0.00033222978472567395
SRAD,Sportradar Holding Ag - US,H8088L103,177444000.0,10600,0.00032936755903178176
SRG,Seritage Growth Properties - US REIT,81752R100,177067000.0,63013,0.00032866778011699747
NOMD,Nomad Foods Ltd - US,G6564A105,176401000.0,18356,0.000327431565906795
ALLO,Allogene Therapeutics Inc - US,019770106,175936000.0,72105,0.00032656844337264465
CORZ,Core Scientific Inc - US,21874A106,175032000.0,11700,0.0003248904589191566
VTRS,Viatris Inc - US,92556V106,174279000.0,12900,0.00032349275726708084
EURN,CMB Tech NV - US,B38564108,172040000.0,13600,0.0003193367758607095
N/A,Schmid Group NV - US,N68722102,171651000.0,32387,0.00031861472281601163
GDOT,Green Dot Corp - US,39304D102,169343000.0,15093,0.00031433066516263735
UAA,Under Armour Inc - US,904311107,165344000.0,27977,0.0003069078113689441
HUN,Huntsman Corp - US,447011107,162382000.0,12200,0.00030140981363528094
ARCO,Arcos Dorados Holdings Inc - US,G0457F107,161816000.0,19614,0.0003003592171743581
EIKN,Eikon Therapeutics Inc - US,282564103,158700000.0,15000,0.0002945753681068042
UMC,United Microelectronics Corp - US ADR,910873405,157752000.0,17567,0.0002928157118436331
HELE,Helen Of Troy Ltd - US,G4388N106,157178000.0,10900,0.00029175026596276794
PBI,Pitney Bowes Inc - US,724479100,156910000.0,14200,0.00029125281039469843
N/A,WEBULL CORP - US,G9572D103,156480000.0,32600,0.000290454654072796
SAIL,SailPoint Inc - US,78781J109,153584000.0,11600,0.0002850791640536573
STNE,Stoneco Ltd - US,G85158106,151084000.0,10700,0.00028043872032166607
ORGO,Organogenesis Holdings Inc - US,68621F102,150685000.0,63580,0.00027969810550204025
RIOT,Riot Platforms Inc - US,767292105,149556000.0,12100,0.00027760248111267303
PRCH,Porch Group Inc - US,733245104,149079000.0,20792,0.00027671708444860913
SBET,SharpLink Inc - US,820014405,148995000.0,23100,0.00027656116553921416
SPXU,Proshares Ultrapro Short S&P 500 - US ETP,74350P659,148943000.0,10500,0.0002764646443095888
HTGC,Hercules Capital Inc - US,427096508,147700000.0,10000,0.0002741574156860427
VTRS,Viatris Inc - US,92556V106,147259000.0,10900,0.00027333884141171946
WRD,WeRide Inc - US ADR,950915108,145620000.0,18000,0.000270296566501026
SGML,Sigma Lithium Corp - US,826599102,145612000.0,11800,0.0002702817170810836
CLW,Clearwater Paper Corp - US,18538R103,145238000.0,10100,0.0002695875066987777
VLY,Valley National Bancorp - US,919794107,144904000.0,11800,0.0002689675434161837
IQ,Iqiyi Inc - US ADR,46267X108,144450000.0,107000,0.0002681248388344541
HUN,Huntsman Corp - US,447011107,142417000.0,10700,0.0002643512299915988
NUAI,New Era Energy & Digital Inc - US,64428N109,142100000.0,35000,0.0002637628217263823
CATX,Perspective Therapeutics Inc - US,46489V302,141555000.0,33946,0.00026275120499280824
MBLY,Mobileye Global Inc - US,60741F104,140148000.0,20400,0.00026013956326044355
YEXT,Yext Inc - US,98585N106,140037000.0,36468,0.00025993352755874317
RUN,Sunrun Inc - US,86771W105,138312000.0,10200,0.00025673162138366924
N/A,SuperX AI Technology Ltd - US,G5294K110,138304000.0,17288,0.0002567167719637268
EBR,Axia Energia Sa - ADR,15234Q207,136950000.0,12141,0.0002542035076384804
KRNY,Kearny Financial Corp/Md - US,48716P108,136632000.0,18097,0.00025361324319577106
FLYW,Flywire Corp - US,302492103,133860000.0,11500,0.0002484679191857392
NEO,Neogenomics Inc - US,64049M209,132224000.0,17820,0.00024543121280752415
AVXL,Anavex Life Sciences Corp - US,032797300,131114000.0,42708,0.00024337085579052001
ENTA,Enanta Pharmaceuticals Inc - US,29251M106,131112000.0,10381,0.00024336714343553442
SZ7,Americas Gold & Silver Corp - US,03062D803,130500000.0,25000,0.00024223116280994297
GENVR,Gen Digital Inc - CVR,668771116,130211000.0,276456,0.00024169472751452476
TIGR,Up Fintech Holding Ltd - US ADR,91531W106,127499000.0,20238,0.00023666077415406068
IHS,Ihs Holding Ltd - US,G4701H109,126742000.0,15400,0.0002352556477920137
BHVN,Biohaven Ltd,G1110E107,125208000.0,14800,0.00023240827151806392
QUBT,Quantum Computing Inc - US,74766W108,118505000.0,17300,0.00021996631378384896
F,Ford Motor Co - US,345370860,117708000.0,10200,0.00021848694032209015
PONY,Pony AI Inc - US ADR,732908108,116112000.0,12300,0.00021552448104358694
JOBY,Joby Aviation Inc - US,G65163100,113162000.0,13700,0.00021004875743983728
ASM,Avino Silver & Gold Mines Ltd - US,053906103,113040000.0,17886,0.00020982230378571612
ADMA,Adma Biologics Inc - US,000899104,107219000.0,11900,0.00019901749460014769
NAVI,Navient Corp - US,63938C108,102250000.0,12500,0.00018979414863844188
POWW,Outdoor Holding Co - US,00175J107,101097000.0,50297,0.00018765397598924754
CLF,Cleveland-Cliffs Inc - US,185899101,100555000.0,11900,0.00018664792778815182
PONY,Pony AI Inc - US ADR,732908108,100064000.0,10600,0.00018573654463918877
PRPL,Purple Innovation Inc - US,74640Y106,99609000.0,150649,0.00018489198387996634
GOTU,Gaotu Techedu Inc - US ADR,36257Y109,99176000.0,50600,0.00018408825902558546
AZ,A2Z Cust2Mate Solutions Corp - US,002205102,98716000.0,14800,0.00018323441737889908
TME,Tencent Music Entertainment Group - US ADR,88034P109,98368000.0,10600,0.0001825884676114059
UFI,Unifi Inc - US,904677200,98050000.0,27465,0.0001819982031686966
DJT,Trump Media & Technology Group Corp - US,25400Q105,92800000.0,10000,0.00017225327133151501
ESRT,Empire State Realty Trust Inc - US REIT,292104106,87526000.0,16832,0.00016246379123450628
HDSN,Hudson Technologies Inc - US,444144109,86965000.0,14790,0.00016142247566104743
TDOC,Teladoc Health Inc - US,87918A105,85565000.0,15700,0.00015882382717113234
WTI,W&T Offshore Inc - US,92922P106,85250000.0,25000,0.00015823913126090141
RES,Rpc Inc - US,749660106,83983000.0,11862,0.00015588735437752828
ACVA,Acv Auctions Inc - US,00091G104,83528000.0,19700,0.00015504279361830588
ARDX,Ardelyx Inc - US,039697107,82662000.0,13800,0.0001534353439095441
NAK,Northern Dynasty Minerals Ltd - US,66510M204,82460000.0,58900,0.0001530603960559992
ARAY,Accuray Inc - US,004397105,82121000.0,211597,0.00015243115188594118
ZNTL,Zentalis Pharmaceuticals Inc - US,98943L107,81547000.0,34849,0.000151365706005076
ASAN,Asana Inc - US,04342Y104,81280000.0,12700,0.00015087010661449934
NUAI,New Era Energy & Digital Inc - US,64428N109,81200000.0,20000,0.0001507216124150756
MERC,Mercer International Inc - US,588056101,80209000.0,56485,0.0001488821405197143
VERI,Veritone Inc - US,92347M100,78800000.0,40000,0.00014626678643236404
EU,Encore Energy Corp - US,29259W700,76990000.0,42772,0.00014290710517040237
PAYO,Payoneer Global Inc - US,70451X104,74155000.0,15353,0.0001376448419783243
PACK,Ranpak Holdings Corp - US,75321W103,73099000.0,20476,0.00013568471854593118
ENVX,Enovix Corp - US,293594107,72520000.0,14000,0.00013460999177760202
GME/WS,Gamestop Corp - US,36467W117,72334000.0,18739,0.00013426474276394186
GAU,Galiano Gold Inc - US,36352H100,67795000.0,27010,0.00012583955312413857
TMC,Tmc The Metals Co Inc - US,87261Y106,67715000.0,14500,0.00012569105892471484
IMSR,Terrestrial Energy Inc - US,881454102,67580000.0,11254,0.00012544047496318732
NWL,Newell Brands Inc - US,651229106,65074000.0,18972,0.0001207888941662393
NB,NioCorp Developments Ltd,654484609,64135000.0,14380,0.00011904594350050339
AUTL,Autolus Therapeutics Plc - US ADR,05280R100,63774000.0,46213,0.00011837586342560385
BHC,Bausch Health Cos Inc - US,071734107,63720000.0,11800,0.00011827562984099284
SG,Sweetgreen Inc - US,87043Q108,61761000.0,11900,0.00011463937813260449
DNUT,Krispy Kreme Inc - US,50101L106,61359000.0,18100,0.00011389319478050031
VTGN,Vistagen Therapeutics Inc - US,92840H400,60677000.0,106172,0.00011262728173041309
MGNX,Macrogenics Inc - US,556099109,47480000.0,16429,8.813130735797772e-05
PNNT,Pennantpark Investment Corp - US,708062104,46754000.0,10413,8.678372249820746e-05
CMTG,Claros Mortgage Trust Inc - US,18270D106,43511000.0,18282,8.076413888906842e-05
EQ,Equillium Inc - US,29446K106,40200000.0,20100,7.461833521041922e-05
SID,Cia Siderurgica Nacional Sa - US ADR,20440W105,38750000.0,31250,7.19268778458643e-05
GOSS,Gossamer Bio Inc - US,38341P102,37855000.0,115237,7.026559898981142e-05
PLRX,Pliant Therapeutics Inc - US,729139105,37459000.0,29729,6.953055270266401e-05
CRON,Cronos Group Inc - US,22717L101,35878000.0,14294,6.659593608655275e-05
OPENW,Opendoor Technologies Inc - US,683712129,35144000.0,58128,6.523350180684012e-05
VZLA,Vizsla Silver Corp - US,92859G608,34327000.0,10402,6.371700479522539e-05
MYPS,Playstudios Inc - US,72815G108,33253000.0,70871,6.172347016796194e-05
ETHZ,Forum Markets Inc - US,68236V401,28900000.0,10000,5.364352954181879e-05
GDRX,Goodrx Holdings Inc - US,38246G108,25284000.0,12900,4.693159172786665e-05
CNDT,Conduent Inc - US,206787103,23124000.0,18066,4.2922248343426214e-05
QNCX,Quince Therapeutics Inc - US,22053A206,22308000.0,220000,4.1407607509304274e-05
BBBY/WS,Bed Bath & Beyond Inc - US,075896159,19514000.0,34753,3.622144759443086e-05
AKBA,Akebia Therapeutics Inc - US,00972D105,15151000.0,10900,2.812294519335974e-05
NFE,New Fortress Energy Inc - US,644393100,14345000.0,24313,2.662686613416576e-05
OPENL,Opendoor Technologies Inc - US,683712137,14299000.0,58128,2.654148196949712e-05
LUNG,Pulmonx Corp - US,745848101,14226000.0,11028,2.6405981012522978e-05
DCGO,Docgo Inc - US,256086109,14047000.0,22329,2.6073725241312405e-05
OPENZ,Opendoor Technologies Inc - US,683712145,13683000.0,58128,2.539807663393448e-05
HUMA,Humacyte Inc - US,44486Q103,7462000.0,12300,1.3850796451247467e-05
N/A,Scage Future-ADR - US,G7840J118,5456000.0,112499,1.0127304400697692e-05
SLND/WS,Southland Holdings Inc - US,84445C118,2625000.0,75000,4.872465918590807e-06
