ticker,nameOfIssuer,cusip,value,shares,allocation_percent
USMC,PRINCIPAL EXCHANGE TRADED FD,74255Y870,304643314000.0,4736954,4.468433249398783
IVV,ISHARES TR,464287200,202231141000.0,309596,2.966276668419689
PSC,PRINCIPAL EXCHANGE TRADED FD,74255Y607,145392994000.0,2536322,2.1325886988586187
PIEQ,PRINCIPAL EXCHANGE TRADED FD,74255Y698,140655519000.0,4141800,2.0631005800148374
LCAP,PRINCIPAL EXCHANGE TRADED FD,74255Y680,139707716000.0,4819169,2.049198438577786
BCHP,PRINCIPAL EXCHANGE TRADED FD,74255Y714,139219022000.0,4254860,2.04203039510521
AGG,ISHARES TR,464287226,134765773000.0,1357568,1.9767112333675854
GSUS,GOLDMAN SACHS ETF TR,381430123,103710436000.0,1157612,1.5211991835541954
IG,PRINCIPAL EXCHANGE TRADED FD,74255Y821,100160448000.0,4852973,1.4691288321459033
NVDA,NVIDIA CORPORATION,67066G104,83774765000.0,480360,1.228787661450431
MSFT,MICROSOFT CORP,594918104,82893262000.0,223933,1.215857992117052
AAPL,APPLE INC,037833100,79933718000.0,314960,1.1724481281715111
PY,PRINCIPAL EXCHANGE TRADED FD,74255Y300,73548635000.0,1428413,1.0787933001605117
IUSV,ISHARES TR,464287663,71787960000.0,702083,1.0529681520288012
AMZN,AMAZON COM INC,023135106,70574151000.0,338859,1.035164299967175
SPLG,SPDR SERIES TRUST,78464A854,66330357000.0,866610,0.972917372686181
IWB,ISHARES TR,464287622,65037641000.0,182403,0.9539561321436433
YLD,PRINCIPAL EXCHANGE TRADED FD,74255Y102,63257368000.0,3336359,0.9278435253650587
GCOR,GOLDMAN SACHS ETF TR,38149W101,59733031000.0,1445620,0.8761494165198327
IEFA,ISHARES TR,46432F842,57788620000.0,638337,0.8476292739018441
IEMG,ISHARES INC,46434G103,56043802000.0,803495,0.8220367123485334
GOOGL,ALPHABET INC,02079K305,56008968000.0,194773,0.8215257757986193
APUE,TRUST FOR PROFESSIONAL MANAG,89834G729,54868514000.0,1368975,0.8047978768465688
VTI,VANGUARD INDEX FDS,922908769,54636057000.0,170307,0.8013882547077565
SCHP,SCHWAB STRATEGIC TR,808524870,51864745000.0,1949070,0.7607393314713916
IJR,ISHARES TR,464287804,49316809000.0,396724,0.7233668324979194
IVW,ISHARES TR,464287309,47745213000.0,422113,0.7003150486631948
FTEC,FIDELITY COVINGTON TRUST,316092808,44299988000.0,212930,0.6497813351884921
GSIE,GOLDMAN SACHS ETF TR,381430107,43427111000.0,1006889,0.6369781899028698
SCHG,SCHWAB STRATEGIC TR,808524300,42957429000.0,1474680,0.6300890097732047
IDEV,ISHARES TR,46435G326,41483221000.0,496389,0.6084656891848209
META,META PLATFORMS INC,30303M102,41163050000.0,71947,0.6037694996538296
IUSG,ISHARES TR,464287671,39429406000.0,254203,0.5783408355859857
AVGO,BROADCOM INC,11135F101,39054294000.0,126181,0.5728387849713168
GOOG,ALPHABET INC,02079K107,37428663000.0,130477,0.5489944290382226
IXUS,ISHARES TR,46432F834,36873864000.0,425599,0.5408567736740442
MBB,ISHARES TR,464288588,35222275000.0,370956,0.5166316721773434
GSLC,GOLDMAN SACHS ETF TR,381430503,34865087000.0,278631,0.5113925263890126
VEA,VANGUARD TAX-MANAGED FDS,921943858,31970583000.0,498917,0.4689366531768475
JPM,JPMORGAN CHASE &CO,46625H100,30178866000.0,102594,0.44265618861916145
BND,VANGUARD BD INDEX FDS,921937835,30036407000.0,407882,0.4405666350231285
GOVT,ISHARES TR,46429B267,29855072000.0,1303146,0.4379068578146921
VTV,VANGUARD INDEX FDS,922908744,28951204000.0,147560,0.4246491441585586
IUSB,ISHARES TR,46434V613,28374369000.0,614297,0.41618827016275856
IVE,ISHARES TR,464287408,27013175000.0,127933,0.3962226111478946
QQQ,INVESCO QQQ TR,46090E103,26995682000.0,46772,0.39596602812361803
BRK/B,BERKSHIRE HATHAWAY INC DEL,084670702,25664391000.0,53557,0.3764389789626923
DYNF,BLACKROCK ETF TRUST,09290C103,24892396000.0,427852,0.3651155460565967
APIE,TRUST FOR PROFESSIONAL MANAG,89834G737,24495088000.0,694896,0.35928792996963366
V,VISA INC,92826C839,24280680000.0,80335,0.356143046126435
TSM,TAIWAN SEMICONDUCTOR MANUFAC,874039100,23987844000.0,70981,0.35184779965658813
JEPI,J P MORGAN EXCHANGE TRADED F,46641Q332,23316516000.0,411371,0.3420009255628656
EWU,ISHARES TR,46435G334,22873967000.0,502063,0.3355097256079958
PREF,PRINCIPAL EXCHANGE TRADED FD,74255Y888,22820456000.0,1212564,0.33472483941282866
ITOT,ISHARES TR,464287150,22458402000.0,157681,0.32941432033254503
SBAR,SIMPLIFY EXCHANGE TRADED FUN,82889N335,22339555000.0,910332,0.32767110174875796
VGLT,VANGUARD SCOTTSDALE FDS,92206C847,21881052000.0,395286,0.3209458924433303
LLY,ELI LILLY &CO,532457108,21297979000.0,23156,0.3123935209968108
QUAL,ISHARES TR,46432F339,21220460000.0,110632,0.3112564913587333
VCSH,VANGUARD SCOTTSDALE FDS,92206C409,20856303000.0,263105,0.3059151259913604
LVHI,LEGG MASON ETF INVT,52468L505,19995747000.0,493235,0.29329270210527564
FNDE,SCHWAB STRATEGIC TR,808524730,19662071000.0,513907,0.2883984245537703
APCB,TRUST FOR PROFESSIONAL MANAG,89834G752,19422054000.0,659492,0.28487791419318204
HYG,ISHARES TR,464288513,18894894000.0,237492,0.2771456608874257
XMMO,INVESCO EXCHANGE TRADED FD T,46137V464,18521466000.0,127717,0.271668310770835
XOM,EXXON MOBIL CORP,30231G102,18518543000.0,109151,0.27162543692529906
SPY,STATE STR SPDR S&P 500 ETF T,78462F103,18401397000.0,28295,0.26990716819141153
COWZ,PACER FDS TR,69374H881,17654565000.0,282202,0.25895281998433095
QYLD,GLOBAL X FDS,37954Y483,17637664000.0,1028435,0.25870492027054276
XYLD,GLOBAL X FDS,37954Y475,17520984000.0,447763,0.25699348671011396
TSLA,TESLA INC,88160R101,17504705000.0,47087,0.25675471033944014
CMDY,ISHARES U S ETF TR,46431W598,17000454000.0,286107,0.2493584806147248
IWX,ISHARES TR,464289420,16976515000.0,183193,0.24900734924685453
FNDX,SCHWAB STRATEGIC TR,808524771,16820078000.0,603952,0.2467127697825693
GIGB,GOLDMAN SACHS ETF TR,381430479,16723905000.0,365151,0.2453021278575854
JNJ,JOHNSON &JOHNSON,478160104,16234692000.0,66416,0.23812647182057772
WMT,WALMART INC,931142103,16195861000.0,130318,0.23755690825711345
MA,MASTERCARD INCORPORATED,57636Q104,16182901000.0,32388,0.23736681416264005
BYRE,PRINCIPAL EXCHANGE TRADED FD,74255Y722,16040059000.0,639174,0.23527164281674728
GSY,INVESCO ACTIVELY MANAGED EXC,46090A887,15890667000.0,317052,0.23308039768082353
VHT,VANGUARD WORLD FD,92204A504,15708303000.0,57682,0.23040552735331207
VXF,VANGUARD INDEX FDS,922908652,15528910000.0,75457,0.2277742349235383
PQDI,PRINCIPAL EXCHANGE TRADED FD,74255Y763,15528011000.0,805985,0.22776104861250962
IWY,ISHARES TR,464289438,15522648000.0,62380,0.22768238544671787
XETYX,EATON VANCE TAX-MANAGED DIVE,27828N102,15451305000.0,1120472,0.22663594385859934
LQD,ISHARES TR,464287242,15229816000.0,139735,0.22338719764788784
CGDV,CAPITAL GROUP DIVIDEND VALUE,14020W106,15195921000.0,357215,0.22289003411917058
CVX,CHEVRON CORPORATION,166764100,15182169000.0,73379,0.2226883231633682
SHV,ISHARES TR,464288679,15159717000.0,137329,0.2223590027459981
VCIT,VANGUARD SCOTTSDALE FDS,92206C870,15059170000.0,181984,0.2208842040641294
GEM,GOLDMAN SACHS ETF TR,381430206,15004696000.0,347331,0.22008519282166455
VO,VANGUARD INDEX FDS,922908629,14915948000.0,51940,0.21878345897163942
SCHH,SCHWAB STRATEGIC TR,808524847,14634050000.0,680970,0.21464864839726713
AMAT,APPLIED MATLS INC,038222105,13987825000.0,40925,0.2051699789373074
VWO,VANGUARD INTL EQUITY INDEX F,922042858,13846999000.0,256189,0.20310437778388823
CAT,CATERPILLAR INC,149123101,13773766000.0,19442,0.20203021414032565
GGUS,GOLDMAN SACHS ETF TR,38149W598,13661808000.0,235630,0.20038804171524432
PM,PHILIP MORRIS INTL INC,718172109,13588255000.0,82184,0.1993091843903367
CGMU,CAPITAL GRP FIXED INCM ETF T,14020Y201,13536584000.0,498585,0.1985512868629034
VOE,VANGUARD INDEX FDS,922908512,13195542000.0,71606,0.19354896663393736
GSID,GOLDMAN SACHS ETF TR,381430180,13057022000.0,186822,0.19151718932171077
VOO,VANGUARD INDEX FDS,922908363,12965079000.0,21697,0.19016859199700642
SPIB,SPDR SERIES TRUST,78464A375,12918184000.0,385158,0.1894807476636476
SCHW,SCHWAB CHARLES CORP,808513105,12888651000.0,137142,0.18904756487876462
CGUS,CAPITAL GROUP CORE EQUITY ET,14020V108,12883308000.0,335328,0.18896919506805693
EQWL,INVESCO EXCHANGE TRADED FD T,46137V449,12868885000.0,111670,0.18875764204918427
ABBV,ABBVIE INC,00287Y109,12726923000.0,58517,0.18667537832699027
HIGH,SIMPLIFY EXCHANGE TRADED FUN,82889N632,12548195000.0,588013,0.18405383995376165
RTX,RTX CORPORATION,75513E101,12317511000.0,63855,0.18067022374315178
SPTL,SPDR SERIES TRUST,78464A664,12213874000.0,464406,0.17915010170079523
SCHE,SCHWAB STRATEGIC TR,808524706,12012575000.0,364570,0.17619749744744628
HD,HOME DEPOT INC,437076102,11952227000.0,36341,0.17531232781679185
FELG,FIDELITY COVINGTON TRUST,31609A305,11644186000.0,310594,0.17079405814428544
BLCV,BLACKROCK ETF TRUST,09290C616,11353388000.0,314366,0.1665287045575047
VYMI,VANGUARD WHITEHALL FDS,921946794,11348428000.0,120420,0.16645595249665687
COST,COSTCO WHOLESALE CORPORATION,22160K105,11238380000.0,11278,0.16484179548210365
FNDF,SCHWAB STRATEGIC TR,808524755,11213681000.0,229178,0.16447951662103893
CGHM,CAPITAL GRP FIXED INCM ETF T,14020Y805,11209860000.0,442727,0.16442347113222852
SMH,VANECK ETF TRUST,92189F676,11193145000.0,29194,0.1641782996207221
IJH,ISHARES TR,464287507,11056673000.0,163729,0.16217656186910367
SPLB,SPDR SERIES TRUST,78464A367,11035297000.0,496638,0.16186302395525617
CGGO,CAPITAL GROUP GBL GROWTH EQT,14020X104,10968489000.0,328693,0.16088310063244912
WFC,WELLS FARGO &CO,949746101,10608352000.0,133254,0.15560069963697307
KO,COCA COLA CO,191216100,10574050000.0,139040,0.15509756633229507
EFAV,ISHARES TR,46429B689,10561921000.0,115595,0.1549196611415645
TJX,TJX COS INC NEW,872540109,10518771000.0,65866,0.1542867475476966
VCRB,VANGUARD MALVERN FDS,922020748,10445783000.0,134993,0.15321617750391384
BKNG,BOOKING HOLDINGS INC,09857L108,10340061000.0,2456,0.15166547319404364
APMU,TRUST FOR PROFESSIONAL MANAG,89834G745,10250881000.0,411841,0.15035740287420268
FLJP,FRANKLIN TEMPLETON ETF TR,35473P744,10237927000.0,282972,0.15016739678625451
IGF,ISHARES TR,464288372,10175423000.0,151872,0.14925060347753802
NFLX,NETFLIX INC.,64110L106,10150017000.0,105564,0.14887795451425165
VTIP,VANGUARD MALVERN FDS,922020805,10133694000.0,202877,0.1486385327623929
LRCX,LAM RESEARCH CORP,512807306,10060477000.0,47086,0.14756460380289754
RDVY,FIRST TR EXCHANGE TRADED FD,33738R506,9711853000.0,142235,0.14245107266156284
BUCK,SIMPLIFY EXCHANGE TRADED FUN,82889N640,9673146000.0,411536,0.1418833278996198
USMV,ISHARES TR,46429B697,9596940000.0,103483,0.1407655570228111
VB,VANGUARD INDEX FDS,922908751,9583690000.0,36590,0.14057120927961875
PFG,PRINCIPAL FINANCIAL GROUP IN,74251V102,9462522000.0,105011,0.13879394683832602
BNDX,VANGUARD CHARLOTTE FDS,92203J407,9342745000.0,194438,0.1370370872431299
CORO,BLACKROCK ETF TRUST,09290C764,9297713000.0,289171,0.13637656893585165
PLTR,PALANTIR TECHNOLOGIES INC,69608A108,9244071000.0,63194,0.13558976126488387
MUB,ISHARES TR,464288414,9089584000.0,85630,0.13332378392129487
VYM,VANGUARD WHITEHALL FDS,921946406,8884914000.0,59993,0.13032173466852692
BAI,BLACKROCK ETF TRUST,09290C780,8827356000.0,267902,0.1294774880720994
BAC,VERIZON COMMUNICATIONS INC,92343V104,8810042000.0,175499,0.12922353057582528
PSET,PRINCIPAL EXCHANGE TRADED FD,74255Y201,8748618000.0,125745,0.12832257844164824
MRK,MERCK &CO INC,58933Y105,8741521000.0,72670,0.12821848139006817
GS,GOLDMAN SACHS GROUP INC,38141G104,8727570000.0,10316,0.12801385155117936
CSCO,CISCO SYS INC,17275R102,8717219000.0,112350,0.1278620256274221
GLD,SPDR GOLD TR,78463V107,8687297000.0,20189,0.1274231370861541
ETV,EATON VANCE TAX-MANAGED BUY-,27828Y108,8417167000.0,615740,0.12346093664324502
AIQ,GLOBAL X FDS,37954Y632,8342159000.0,178748,0.12236073773597175
SDIV,GLOBAL X FDS,37960A669,8337871000.0,330082,0.12229784240594846
KLAC,KLA CORP,482480100,8293476000.0,5633,0.12164666745809762
AGGH,SIMPLIFY EXCHANGE TRADED FUN,82889N723,8245764000.0,405197,0.12094683956955478
AXP,AMERICAN EXPRESS CO,025816109,8210351000.0,27143,0.12042741038995701
BUFR,FIRST TR EXCHNG TRADED FD VI,33740F755,8093960000.0,239679,0.11872021581049294
CDX,SIMPLIFY EXCHANGE TRADED FUN,82889N830,8074884000.0,378392,0.11844041373131278
SHY,ISHARES TR,464287457,8028226000.0,97229,0.11775604565570012
GSSC,GOLDMAN SACHS ETF TR,381430602,7917640000.0,106209,0.1161339973893856
JNK,SPDR SERIES TRUST,78468R622,7885511000.0,82381,0.11566273711459113
SDVY,FIRST TR EXCHANGE TRADED FD,33741X102,7845916000.0,198983,0.11508196738691562
CAFX,PROFESIONALLY MANAGED PORTFO,74316P587,7807225000.0,314744,0.1145144573090398
IAU,ISHARES GOLD TR,464285204,7801779000.0,88496,0.11443457671964921
DWD,MORGAN STANLEY,617446448,7727242000.0,46954,0.11334128632460566
BSV,VANGUARD BD INDEX FDS,921937827,7655295000.0,97631,0.11228598541294836
TIP,ISHARES TR,464287176,7621833000.0,69063,0.11179517302180104
CGGE,CAPITAL GROUP GLOBAL EQUITY,14020R107,7579843000.0,248519,0.1111792740228089
KNG,FIRST TR EXCHANGE-TRADED FD,33739Q705,7534245000.0,154675,0.11051045376665161
CGGR,CAPITAL GROUP GROWTH ETF,14020G101,7511189000.0,186892,0.11017227402574273
XLE,SELECT SECTOR SPDR TR,81369Y506,7497000000.0,122380,0.10996415326135359
CRM,SALESFORCE INC,79466L302,7449358000.0,39907,0.10926535211560498
DUK,DUKE ENERGY CORP NEW,26441C204,7393018000.0,56461,0.10843897084379696
PH,PARKER-HANNIFIN CORP,701094104,7316112000.0,8172,0.10731093253904606
T,AT&T INC,00206R102,7225666000.0,249247,0.10598429284238385
QCOM,QUALCOMM INC,747525103,7225252000.0,56105,0.10597822039214375
RDVI,FIRST TR EXCHANGE-TRADED FD,33738D879,7197041000.0,281685,0.1055644283783174
LIN,LINDE PLC,G54950103,7114628000.0,14351,0.10435561475116949
SPSM,SPDR SERIES TRUST,78468R853,7089753000.0,146725,0.10399075436536502
VTEB,VANGUARD MUN BD FDS,922907746,6981427000.0,139937,0.10240185522354969
BAC,BANK AMERICA CORP,060505104,6956003000.0,142687,0.10202894224068766
MDT,MEDTRONIC PLC,G5960L103,6890057000.0,79516,0.10106166252200376
UNH,UNITEDHEALTH GROUP INC,91324P102,6886098000.0,25449,0.10100359288311332
FDVV,FIDELITY COVINGTON TRUST,316092840,6843823000.0,123893,0.10038351357417323
EFV,ISHARES TR,464288877,6784202000.0,91247,0.09950900740082454
MCD,MCDONALDS CORP,580135101,6756072000.0,21739,0.09909640347508866
GTIP,GOLDMAN SACHS ETF TR,381430362,6753134000.0,136786,0.09905330961323967
IYW,ISHARES TR,464287721,6747187000.0,37191,0.09896608047899329
FBCG,FIDELITY COVINGTON TRUST,316092352,6747106000.0,134619,0.09896489239090281
CB,CHUBB LTD SWITZ,H1467J104,6742447000.0,20687,0.09889655532407014
AMD,ADVANCED MICRO DEVICES INC,007903107,6708436000.0,32976,0.09839769033586528
AMGN,AMGEN INC,031162100,6671910000.0,18963,0.09786193594583936
GARP,ISHARES TR,46436E403,6587055000.0,102971,0.09661730366292724
C,CITIGROUP INC,172967424,6577350000.0,57996,0.09647495310838523
TLH,ISHARES TR,464288653,6576043000.0,65290,0.09645578235364166
RYLD,GLOBAL X FDS,37954Y459,6550806000.0,438181,0.09608561224081563
SBUX,STARBUCKS CORP,855244109,6541823000.0,73020,0.09595385180480832
ISTB,ISHARES TR,46432F859,6541259000.0,134983,0.09594557919143772
IBM,INTERNATIONAL BUSINESS MACHS,459200101,6536518000.0,26967,0.09587603936876037
HDV,ISHARES TR,46429B663,6438182000.0,47438,0.09443367109143498
VSS,VANGUARD INTL EQUITY INDEX F,922042718,6432248000.0,44120,0.09434663263799323
BLCR,BLACKROCK ETF TRUST,09290C855,6392139000.0,155678,0.09375832368465727
PG,PROCTER &GAMBLE CO,742718109,6390058000.0,44240,0.09372780008816042
MTUM,ISHARES TR,46432F396,6383186000.0,26597,0.09362700328127607
ORCL,ORACLE CORP,68389X105,6348601000.0,43156,0.09311971900215857
IDEF,BLACKROCK ETF TRUST,09290C699,6257896000.0,191256,0.09178928035715775
MU,MICRON TECHNOLOGY INC,595112103,6244601000.0,18484,0.09159427256502628
TMO,THERMO FISHER SCIENTIFIC INC,883556102,6213758000.0,12642,0.09114187502213712
ELV,ELEVANCE HEALTH INC FORMERLY,036752103,6135636000.0,20959,0.08999600072827513
UBER,UBER TECHNOLOGIES INC,90353T100,6116449000.0,85033,0.0897145705283784
SHLD,GLOBAL X FDS,37960A529,6090185000.0,85971,0.0893293366319857
SCHO,SCHWAB STRATEGIC TR,808524862,6043572000.0,249015,0.08864562860531217
EVTR,MORGAN STANLEY ETF TRUST,61774R841,6032145000.0,118860,0.08847802017803226
UNP,UNION PAC CORP,907818108,6027018000.0,24842,0.08840281860223248
N/A,ASTRAZENECA PLC,G0593M107,6015493000.0,30501,0.08823377273504066
XMHQ,INVESCO EXCHANGE TRADED FD T,46137V472,6006312000.0,58105,0.08809910808370111
GE,GE AEROSPACE,369604301,5985727000.0,21094,0.08779717236342834
VIOG,VANGUARD ADMIRAL FDS INC,921932794,5947018000.0,47783,0.08722939826597687
JMUB,J P MORGAN EXCHANGE TRADED F,46641Q647,5934521000.0,118715,0.08704609534169953
JCPB,J P MORGAN EXCHANGE TRADED F,46641Q670,5917721000.0,125695,0.08679967707108587
FQAL,FIDELITY COVINGTON TRUST,316092790,5910470000.0,81411,0.08669332118535848
DIS,DISNEY WALT CO,254687106,5863988000.0,60843,0.08601153463448558
ABG,CENCORA INC,03073E105,5831815000.0,18564,0.08553962897850619
NEE,NEXTERA ENERGY INC,65339F101,5795668000.0,62399,0.08500943366732329
ANET,ARISTA NETWORKS INC,040413205,5795667000.0,47204,0.08500941899956908
PCN,PIMCO CORPORATE &INCM STRG,72200U100,5759304000.0,483975,0.0844760554534783
PJUL,INNOVATOR ETFS TRUST,45782C813,5749293000.0,125073,0.08432921656615011
FENI,FIDELITY COVINGTON TRUST,31609A404,5734092000.0,154142,0.08410625203450735
CMCSA,COMCAST CORP NEW,20030N101,5703521000.0,198660,0.08365784412076148
DGRO,ISHARES TR,46434V621,5696102000.0,81165,0.08354902405232797
BLK,BLACKROCK INC,09290D101,5656658000.0,5881,0.08297046915553713
KOCT,INNOVATOR ETFS TRUST,45782C599,5655613000.0,166700,0.0829551413523948
CII,BLACKROCK ENHANCED LARGE CAP,09256A109,5625290000.0,267616,0.08251037104169132
FBND,FIDELITY MERRIMACK STR TR,316188309,5579585000.0,122306,0.08183998133583428
BN,BROOKFIELD CORP,11271J107,5554574000.0,137252,0.08147312613545817
SCHD,SCHWAB STRATEGIC TR,808524797,5515745000.0,179784,0.0809035919075023
VGIT,VANGUARD SCOTTSDALE FDS,92206C706,5485386000.0,92114,0.08045829355764751
SLQD,ISHARES TR,46434V100,5427992000.0,107506,0.07961645247290933
ADBE,ADOBE INC,00724F101,5422869000.0,22309,0.07954130956812636
XV,SIMPLIFY EXCHANGE TRADED FUN,82889N350,5407350000.0,229514,0.07931368069064698
ASML,ASML HLDG NV,N07059210,5404168000.0,4092,0.0792670078967724
NJUL,INNOVATOR ETFS TRUST,45782C276,5387310000.0,75437,0.07901973889641495
ABT,ABBOTT LABORATORIES,002824100,5382486000.0,52425,0.07894898165013874
PLD,PROLOGIS INC.,74340W103,5376791000.0,40678,0.07886544878995154
TDG,TRANSDIGM GROUP INC,893641100,5363975000.0,4628,0.07867746685208339
COP,CONOCOPHILLIPS,20825C104,5355718000.0,40573,0.0785563552056276
PJAN,INNOVATOR ETFS TRUST,45782C508,5336503000.0,115684,0.07827451430861322
AIRR,FIRST TR EXCHANGE TRADED FD,33738R704,5312569000.0,47956,0.07792345627951394
BIL,SPDR SERIES TRUST,78468R663,5302499000.0,57862,0.07777575199468777
EME,EMCOR GROUP INC,29084Q100,5296709000.0,7174,0.07769082569785127
IEF,ISHARES TR,464287440,5295144000.0,55482,0.07766787066252327
MO,ALTRIA GROUP INC,02209S103,5283955000.0,80072,0.07750375316074372
JEPQ,J P MORGAN EXCHANGE TRADED F,46654Q203,5234871000.0,94288,0.0767838011134341
MCK,MCKESSON CORP,58155Q103,5232113000.0,6046,0.07674334744734168
VGT,VANGUARD WORLD FD,92204A702,5132833000.0,7357,0.07528713281004848
IFRA,ISHARES TR,46435U713,5089368000.0,88975,0.07464959887360659
IQV,IQVIA HLDGS INC,46266C105,5067255000.0,29713,0.07432525082491134
VMBS,VANGUARD SCOTTSDALE FDS,92206C771,5013627000.0,106787,0.0735386485025024
HLT,HILTON WORLDWIDE HLDGS INC,43300A203,4996339000.0,16431,0.07328507236783756
PEP,PEPSICO INC,713448108,4959006000.0,31934,0.07273748110016968
CGSM,CAPITAL GRP FIXED INCM ETF T,14020Y607,4958895000.0,188695,0.07273585297945313
ROBO,EXCHANGE TRADED CONCEPTS TRU,301505707,4955399000.0,72416,0.07268457451075876
ORLY,OREILLY AUTOMOTIVE INC,67103H107,4955385000.0,53682,0.0726843691621999
XLI,SELECT SECTOR SPDR TR,81369Y704,4945236000.0,30577,0.07253550612479168
KJAN,INNOVATOR ETFS TRUST,45782C474,4941970000.0,118450,0.07248760123956405
ENB,ENBRIDGE INC,29250N105,4927720000.0,91018,0.07227858574216851
CGDG,CAPITAL GROUP DIVIDEND GROWE,14021L109,4846492000.0,135000,0.07108715340375138
DCRE,DOUBLELINE ETF TRUST,25861R303,4826357000.0,92886,0.07079181817287006
NVS,NOVARTIS AG,66987V109,4806221000.0,31464,0.07049646827423452
COF,CAPITAL ONE FINL CORP,14040H105,4786762000.0,26239,0.07021104844519455
XAR,SPDR SERIES TRUST,78464A631,4777963000.0,18812,0.07008198687596062
PDI,PIMCO DYNAMIC INCOME FD,72201Y101,4764075000.0,278438,0.06987828110558665
TXN,TEXAS INSTRS INC,882508104,4758414000.0,24510,0.06979524694904236
ISRG,INTUITIVE SURGICAL INC,46120E602,4721386000.0,10242,0.06925212934640645
USB,US BANCORP,902973304,4661142000.0,89620,0.06836848516218917
CIBR,FIRST TR EXCHANGE-TRADED FD,33734X846,4654385000.0,74256,0.06826937514703818
IWR,ISHARES TR,464287499,4594678000.0,47256,0.06739360754682802
ETN,EATON CORP PLC,G29183103,4563740000.0,12759,0.06693981656728956
ABNB,AIRBNB INC,009066101,4563380000.0,36137,0.06693453617577641
BENJ,HORIZON FDS,44053A622,4552727000.0,86992,0.06677828059024978
CI,THE CIGNA GROUP,125523100,4550066000.0,17057,0.06673924969631508
COWG,PACER FDS TR,69374H360,4489985000.0,133080,0.06585799635603291
SYK,STRYKER CORPORATION,863667101,4481855000.0,13640,0.06573874751436094
LMT,LOCKHEED MARTIN CORP,539830109,4455141000.0,7371,0.06534691312857678
JPST,J P MORGAN EXCHANGE TRADED F,46641Q837,4427149000.0,87475,0.06493633335292096
NVT,NVENT ELEC PLC,G6700G107,4414584000.0,37323,0.0647520330213578
APD,AIR PRODUCTS AND CHEMICALS I,009158106,4396301000.0,15134,0.06448386247126078
XLK,SELECT SECTOR SPDR TR,81369Y803,4344032000.0,32686,0.06371719362681398
XLC,SELECT SECTOR SPDR TR,81369Y852,4341610000.0,39163,0.06368166832613384
ITM,VANECK ETF TRUST,92189H201,4333371000.0,93331,0.06356082069925371
GEV,GE VERNOVA INC,36828A101,4333358000.0,4964,0.06356063001844907
SPHQ,INVESCO EXCHANGE TRADED FD T,46137V241,4306139000.0,57270,0.06316138841679231
XLSR,SSGA ACTIVE TR,78470P408,4274492000.0,74030,0.0626971979995238
FOXY,SIMPLIFY EXCHANGE TRADED FUN,82889N368,4272608000.0,146122,0.06266956395060497
IAGG,ISHARES TR,46435G672,4270512000.0,85342,0.06263882033779507
MGK,VANGUARD WORLD FD,921910816,4219853000.0,11485,0.06189576657761542
NOCT,INNOVATOR ETFS TRUST,45782C615,4209394000.0,74681,0.061742356536404204
IYC,ISHARES TR,464287580,4199931000.0,43334,0.06160355557837937
CME,CME GROUP INC,12572Q105,4199045000.0,14217,0.06159055994815533
ANGL,VANECK ETF TRUST,92189F437,4181639000.0,145600,0.06133525301849452
MOAT,VANECK ETF TRUST,92189F643,4175932000.0,43185,0.06125154414525688
EFA,ISHARES TR,464287465,4153521000.0,42762,0.060922825105809084
APH,AMPHENOL CORP,032095101,4146525000.0,32818,0.06082020949740352
IYJ,ISHARES TR,464287754,4141019000.0,28067,0.06073944884276073
WEC,WEC ENERGY GROUP INC,92939U106,4095196000.0,35373,0.06006732834190773
GILD,GILEAD SCIENCES INC,375558103,4081554000.0,29286,0.059867230839067746
XLF,SELECT SECTOR SPDR TR,81369Y605,4080049000.0,82643,0.059845155868991924
QQQM,INVESCO EXCH TRADED FD TR II,46138G649,4056187000.0,17070,0.05949515391819529
RCL,ROYAL CARIBBEAN GROUP,V7780T103,4043159000.0,14692,0.05930406241643606
SPDW,SPDR INDEX SHS FDS,78463X889,4033448000.0,88356,0.05916162385536883
BUFB,INNOVATOR ETFS TRUST,45783Y756,4027593000.0,112158,0.059075744154509134
IDHQ,INVESCO EXCH TRADED FD TR II,46138E214,4026167000.0,113830,0.05905482793701537
INTC,INTEL CORP,458140100,3977363000.0,90128,0.05833898286088264
THRO,BLACKROCK ETF TRUST,09290C806,3974542000.0,109733,0.05829760512627542
CHKP,CHECK POINT SOFTWARE TECH LT,M22465104,3879378000.0,27157,0.056901762965282564
BDX,BECTON DICKINSON &CO,075887109,3805044000.0,24200,0.05581145012434226
CL,COLGATE PALMOLIVE CO,194162103,3796070000.0,44539,0.055679821698122786
BMY,BRISTOL-MYERS SQUIBB CO,110122108,3791367000.0,62512,0.05561083925010517
OMC,OMNICOM GROUP INC,681919106,3756099000.0,49875,0.05509353689486688
PANW,PALO ALTO NETWORKS INC,697435105,3645105000.0,22736,0.05346550418483745
FDX,FEDEX CORP,31428X106,3627931000.0,10186,0.053213600174151776
IHDG,WISDOMTREE TR,97717X594,3613759000.0,75052,0.05300572876158409
IQLT,ISHARES TR,46434V456,3612474000.0,78141,0.052986880697432986
AVDV,AMERICAN CENTY ETF TR,025072802,3603788000.0,36088,0.05285947658442403
CDNS,CADENCE DESIGN SYSTEM INC,127387108,3594388000.0,12936,0.052721599694913995
VLO,VALERO ENERGY CORP,91913Y100,3558473000.0,14402,0.052194807302706245
IHI,ISHARES TR,464288810,3551315000.0,66566,0.052089815518119774
HON,HONEYWELL INTL INC,438516106,3551139000.0,15711,0.05208723399338001
INTU,INTUIT,461202103,3548270000.0,8206,0.05204515220657104
GD,GENERAL DYNAMICS CORP,369550108,3516542000.0,10246,0.05157977370121207
FDL,FIRST TR EXCHANGE-TRADED FD,336917109,3511886000.0,69131,0.05151148063764199
GRID,FIRST TR EXCHANGE-TRADED FD,33737A108,3497889000.0,21383,0.05130617608205988
XLU,SELECT SECTOR SPDR TR,81369Y886,3462585000.0,75454,0.05078834568767028
VXUS,VANGUARD STAR FDS,921909768,3462072000.0,44898,0.050780821129764044
PFE,PFIZER INC,717081103,3453334000.0,122982,0.05065265429353651
ITA*,ISHARES TR,464288760,3444870000.0,15748,0.05052850642196067
WDC,WESTERN DIGITAL CORP,958102105,3429758000.0,12680,0.050306847320441994
DHR,DANAHER CORP DEL,235851102,3396722000.0,17915,0.04982228339258524
XLG,INVESCO EXCHANGE TRADED FD T,46137V233,3380268000.0,61967,0.04958094016492586
BK,BANK NEW YORK MELLON CORP,064058100,3371440000.0,28420,0.04945145323082006
VUG,VANGUARD INDEX FDS,922908736,3364671000.0,7703,0.04935216720261863
SIVR,ABRDN SILVER ETF TRUST,003264108,3348581000.0,46761,0.04911616303748922
SNA,SNAP ON INC,833034101,3348136000.0,9218,0.0491096358868688
VDE,VANGUARD WORLD FD,92204A306,3344725000.0,19329,0.0490596041772817
ACN,ACCENTURE PLC IRELAND,G1151C101,3326885000.0,16778,0.0487979314422967
ADI,ANALOG DEVICES INC,032654105,3322492000.0,10443,0.04873349599808206
CMI,CUMMINS INC,231021106,3296251000.0,6127,0.04834859946003602
WELL,WELLTOWER INC,95040Q104,3263352000.0,16506,0.04786604501450511
TCAL,T ROWE PRICE ETF INC,87283Q784,3249712000.0,145401,0.04766597684717353
ONEQ,FIDELITY COMWLTH TR,315912808,3241923000.0,38181,0.04755172970968484
TM,TOYOTA MOTOR CORP,892331307,3232914000.0,15687,0.04741958791206825
TUA,SIMPLIFY EXCHANGE TRADED FUN,82889N657,3215872000.0,152411,0.0471696200449374
WMB,WILLIAMS COS INC,969457100,3189681000.0,43826,0.04678545689460152
VV,VANGUARD INDEX FDS,922908637,3189149000.0,10671,0.046777653649365425
BINC,BLACKROCK ETF TRUST II,092528603,3165874000.0,60964,0.046436261670286055
CRWD,CROWDSTRIKE HLDGS INC,22788C105,3155294000.0,8083,0.04628107683081625
FCX,FREEPORT MCMORAN INC,35671D857,3069900000.0,52227,0.04502853862838861
WM,WASTE MGMT INC DEL,94106L109,3069404000.0,13357,0.04502126342230382
GSK,GSK PLC,37733W204,3067126000.0,55574,0.04498785027822894
CGMM,CAPITAL GROUP EQUITY ETF TR,14022A102,3026695000.0,103089,0.04439481830803957
SRLN,SSGA ACTIVE ETF TR,78467V608,3009029000.0,74963,0.04413569776228592
SPEM,SPDR INDEX SHS FDS,78463X509,3002428000.0,64004,0.044038875916790635
ADSK,AUTODESK INC,052769106,3000069000.0,12532,0.0440042746846253
SLV,ISHARES SILVER TR,46428Q109,2981466000.0,43755,0.04373141045318326
TMUS,T-MOBILE US INC,872590104,2967552000.0,14129,0.043527323321200004
CVS,CVS HEALTH CORP,126650100,2955082000.0,41146,0.043344416426286156
EFG,ISHARES TR,464288885,2949564000.0,26484,0.043263479758592925
PRN,INVESCO EXCHANGE TRADED FD T,46137V845,2940343000.0,15115,0.043128228397085265
SHOP,SHOPIFY INC,82509L107,2938639000.0,24774,0.04310323454392302
VRTX,VERTEX PHARMACEUTICALS INC,92532F100,2937488000.0,6578,0.043086351958835145
CEG,CONSTELLATION ENERGY CORP,21037T109,2934323000.0,10508,0.043039928516782025
KJUL,INNOVATOR ETFS TRUST,45782C284,2896550000.0,90433,0.04248588343726474
IETC,ISHARES U S ETF TR,46431W648,2893861000.0,32743,0.04244644184621235
FDEM,FIDELITY COVINGTON TRUST,316092543,2878040000.0,91135,0.0422143833069636
KKR,KKR &CO INC,48251W104,2875073000.0,31082,0.04217086408024272
APP,APPLOVIN CORP,03831W108,2851559000.0,7165,0.04182596650790879
NOW,SERVICENOW INC,81762P102,2843656000.0,27199,0.04171004724644094
FHLC,FIDELITY COVINGTON TRUST,316092600,2843093000.0,40408,0.04170178930082454
JBL,JABIL INC,466313103,2840139000.0,10692,0.041658460754908304
CBOE,CBOE GLOBAL MKTS INC,12503M108,2830704000.0,10071,0.04152007049400116
JCI,JOHNSON CONTROLS INTERNATION,G51502105,2816627000.0,21509,0.04131359251808278
CIT,CINTAS CORP,172908105,2811608000.0,16623,0.04123997505973694
PZA,INVESCO EXCH TRADED FD TR II,46138E537,2787180000.0,121287,0.0408816711600613
JUST,GOLDMAN SACHS ETF TR,381430396,2786823000.0,30129,0.04087643477181076
ICE,INTERCONTINENTAL EXCHANGE IN,45866F104,2748779000.0,17477,0.040318414730904396
TT,TRANE TECHNOLOGIES PLC,G8994E103,2744285000.0,6585,0.04025249784351524
EOG,EOG RES INC,26875P101,2735292000.0,18920,0.04012059072996591
G,GENPACT LIMITED,G3922B107,2728995000.0,73262,0.04002822788174839
POCT,INNOVATOR ETFS TRUST,45782C797,2721837000.0,63137,0.03992323609716192
TEL,TE CONNECTIVITY PLC,G87052109,2718257000.0,13005,0.03987072553711448
BA,BOEING CO,097023105,2715356000.0,13643,0.03982817438217101
DE,DEERE &CO,244199105,2703424000.0,4799,0.039653158739018486
VBR,VANGUARD INDEX FDS,922908611,2687400000.0,12370,0.03941812264566649
UPS,UNITED PARCEL SVCS INC,911312106,2683082000.0,27273,0.03935478728301709
CLS,CELESTICA INC,15101Q207,2678213000.0,9508,0.039283369987801735
VWOB,VANGUARD WHITEHALL FDS,921946885,2672961000.0,40690,0.03920633494272656
USHY,ISHARES TR,46435U853,2668325000.0,72431,0.03913833523424055
NEM,NEWMONT CORP,651639106,2664970000.0,24619,0.03908912491888882
LOW,LOWES COS INC,548661107,2654108000.0,11233,0.038929803772733716
UL,UNILEVER PLC,904767803,2652010000.0,46551,0.03889903082441541
REGL,PROSHARES TR,74347B680,2641467000.0,30569,0.03874438869185113
GDX,VANECK ETF TRUST,92189F106,2640203000.0,28770,0.03872584865053829
TFLR,T ROWE PRICE ETF INC,87283Q883,2639398000.0,52411,0.03871404110840472
SCZ,ISHARES TR,464288273,2631204000.0,33557,0.03859385353046374
FTNT,FORTINET INC,34959E109,2629627000.0,32179,0.0385707224820853
QTUM,ETF SER SOLUTIONS,26922A420,2607778000.0,24304,0.03825024672049969
VIG,VANGUARD SPECIALIZED FUNDS,921908844,2601992000.0,12099,0.03816537909468
HSY,HERSHEY CO,427866108,2593342000.0,12475,0.038038503020822366
FANG,DIAMONDBACK ENERGY INC,25278X109,2588062000.0,13085,0.037961057278629494
XLB,SELECT SECTOR SPDR TR,81369Y100,2569412000.0,51419,0.03768750366273991
RTO,RENTOKIL INITIAL PLC,760125104,2556831000.0,81221,0.03750296864710951
VOT,VANGUARD INDEX FDS,922908538,2551533000.0,9915,0.037425258885340984
NOC,NORTHROP GRUMMAN CORP,666807102,2548246000.0,3735,0.03737704597727508
BTI,BRITISH AMERN TOB PLC,110448107,2543405000.0,43500,0.03730603937917741
SCHR,SCHWAB STRATEGIC TR,808524854,2538979000.0,101926,0.037241119899074075
FDMO,FIDELITY COVINGTON TRUST,316092816,2531003000.0,31598,0.03712412989154939
RECS,COLUMBIA ETF TR I,19761L706,2487158000.0,63806,0.0364810222085103
SPHY,SPDR SERIES TRUST,78468R606,2465283000.0,105715,0.03616016508531541
MPC,MARATHON PETE CORP,56585A102,2449285000.0,10031,0.035925510353572686
FISR,SSGA ACTIVE TR,78470P507,2435170000.0,94680,0.03571847500299459
SLB,SLB LIMITED,806857108,2432479000.0,47334,0.03567900407643379
IWF,ISHARES TR,464287614,2412618000.0,5659,0.035387687810204134
STRL,STERLING INFRASTRUCTURE INC,859241101,2410631000.0,5919,0.03535854298260239
DHI,D R HORTON INC,23331A109,2392102000.0,17433,0.03508676416497139
RONB,BARON ETF TR,06829D107,2389641000.0,104488,0.035050666821877324
GLW,CORNING INC,219350105,2386736000.0,17553,0.03500805699591704
SUB,ISHARES TR,464288158,2382044000.0,22367,0.03493923589319565
ITW,ILLINOIS TOOL WKS INC,452308109,2372470000.0,9115,0.03479880681445426
HII,HUNTINGTON INGALLS INDS INC,446413106,2372027000.0,6244,0.03479230899934224
SPTS,SPDR SERIES TRUST,78468R101,2369621000.0,81207,0.034757018382729356
YUMC,YUM CHINA HLDGS INC,98850P109,2357341000.0,48326,0.03457689836111412
VONG,VANGUARD SCOTTSDALE FDS,92206C680,2347586000.0,21402,0.03443381441886195
NLR,VANECK ETF TRUST,92189F601,2342586000.0,17588,0.03436047564784597
IOCT,INNOVATOR ETFS TRUST,45782C631,2340849000.0,66786,0.034334997758795026
CASY,CASEYS GEN STORES INC,147528103,2324384000.0,3193,0.03409349318583942
KMB,KIMBERLY-CLARK CORP,494368103,2323045000.0,24081,0.034073853062961346
AVUV,AMERICAN CENTY ETF TR,025072877,2317650000.0,20980,0.0339947205290351
MAS,MASCO CORP,574599106,2304924000.0,38180,0.03380805868904524
SO,SOUTHERN CO,842587107,2299975000.0,23829,0.03373546797349363
ECL,ECOLAB INC,278865100,2295064000.0,8627,0.03366343463260174
IMCG,ISHARES TR,464288307,2295043000.0,29136,0.03366312660976347
TFC,TRUIST FINL CORP,89832Q109,2288672000.0,49787,0.033569678347734916
PTY,PIMCO CORPORATE &INCOME OPP,72201B101,2277353000.0,188836,0.03340365403790895
STEW,SRH TOTAL RETURN FUND INC,101507101,2277104000.0,133164,0.03340000176711236
ICF,ISHARES TR,464287564,2275656000.0,36769,0.03337876285902613
WH,WYNDHAM HOTELS &RESORTS INC,98311A105,2274249000.0,27998,0.03335812532886223
SMLF,ISHARES TR,46434V290,2272723000.0,30106,0.03333574233594816
ADP,AUTOMATIC DATA PROCESSING IN,053015103,2263010000.0,11138,0.03319327443937252
DON,WISDOMTREE TR,97717W505,2258523000.0,42987,0.03312746022626279
BBHY,J P MORGAN EXCHANGE TRADED F,46641Q878,2247732000.0,49045,0.03296918049065611
SNOW,SNOWFLAKE INC,833445109,2244956000.0,14885,0.03292846280498804
IDMO,INVESCO EXCH TRADED FD TR II,46138E222,2238791000.0,40824,0.03283803610032534
HAL,HALLIBURTON CO,406216101,2233026000.0,57272,0.03275347649734393
PGR,PROGRESSIVE CORP,743315103,2223144000.0,11214,0.032608529750307945
IYK,ISHARES TR,464287812,2208466000.0,31536,0.03239323645411345
CW,CURTISS WRIGHT CORP,231561101,2205506000.0,3238,0.032349819901671996
PSX,PHILLIPS 66,718546104,2200170000.0,12077,0.032271552765243745
CWB,SPDR SERIES TRUST,78464A359,2191504000.0,23946,0.032144442007318856
TD,TORONTO DOMINION BK ONT,891160509,2188238000.0,23451,0.03209653712209122
FTHI,FIRST TR EXCHANGE TRADED FD,33738R308,2184700000.0,95194,0.03204464260772032
VEEV,VEEVA SYS INC,922475108,2178008000.0,12399,0.031946485996592534
BUFF,INNOVATOR ETFS TRUST,45783Y814,2175177000.0,44023,0.031904961584443295
URI,UNITED RENTALS INC,911363109,2172049000.0,2981,0.031859080849295694
FTCS,FIRST TR EXCHANGE-TRADED FD,33733E104,2163675000.0,23325,0.03173625307559814
BX,BLACKSTONE INC,09260D107,2157037000.0,18759,0.03163888852319733
SPYG,SPDR SERIES TRUST,78464A409,2156994000.0,22030,0.03163825780976659
SHEL,SHELL PLC,780259305,2153233000.0,23153,0.03158309238620838
ALLE,ALLEGION PLC,G0176J109,2150276000.0,14800,0.03153971983702952
SPSB,SPDR SERIES TRUST,78464A474,2134919000.0,70998,0.031314467135731064
ROST,ROSS STORES INC,778296103,2134816000.0,9855,0.03131295635704814
QTEC,FIRST TR EXCHANGE-TRADED FD,337345102,2132106000.0,9872,0.03127320674315747
HWM,HOWMET AEROSPACE INC,443201108,2114720000.0,9176,0.031018193168580725
BUFD,FIRST TR EXCHNG TRADED FD VI,33740U703,2091012000.0,74679,0.030670450051931374
FEM,FIRST TR EXCH TRD ALPHDX FD,33737J182,2085391000.0,69621,0.030588002605555217
N/A,CRH PLC,G25508105,2083969000.0,19825,0.03056714505907827
GOF,GUGGENHEIM STRATEGIC OPPORTU,40167F101,2082713000.0,188994,0.030548722359799056
ETR,ENTERGY CORP NEW,29364G103,2082451000.0,18534,0.030544879408197823
SGOV,ISHARES TR,46436E718,2064582000.0,20510,0.030282781308340927
YYY*,AMPLIFY ETF TR,032108847,2061231000.0,186875,0.030233629664006022
SAP,SAP SE,803054204,2056660000.0,12013,0.030166583359543215
VOX,VANGUARD WORLD FD,92204A884,2056041000.0,11433,0.030157504019691438
FTGC,FIRST TR EXCHANGE TRAD FD VI,33739H101,2054857000.0,71573,0.030140137398714857
VVR,INVESCO SR INCOME TR,46131H107,2052431000.0,637401,0.030104553427017903
BBVA,BANCO BILBAO VIZCAYA ARGENTA,05946K101,2048721000.0,94585,0.030050136058924048
AMT,AMERICAN TOWER CORP,03027X100,2040800000.0,11825,0.029933952777880544
VRP,INVESCO EXCH TRADED FD TR II,46138G870,2034703000.0,84850,0.029844523480503662
XRMI,GLOBAL X FDS,37960A206,2026178000.0,119883,0.029719480875921425
CTVA,CORTEVA INC,22052L104,2026129000.0,24204,0.02971876215596547
TCAF,T ROWE PRICE ETF INC,87283Q867,2025961000.0,56925,0.02971629797325933
VRT,VERTIV HOLDINGS CO,92537N108,2022279000.0,8070,0.029662291302283168
SCHX,SCHWAB STRATEGIC TR,808524201,2013609000.0,78534,0.029535121873341463
SGOL,ETFS GOLD TR,00326A104,2002995000.0,44890,0.029379438330228755
ZTS,ZOETIS INC,98978V103,1998036000.0,16902,0.029306700937135107
FN,FABRINET,G3323L100,1995857000.0,3827,0.02927473990072635
GM,GENERAL MTRS CO,37045V100,1992196000.0,26741,0.02922104125258845
BLW,BLACKROCK LTD DURATION INCOM,09249W101,1985191000.0,157680,0.029118293634395068
PAYX,PAYCHEX INC,704326107,1983221000.0,21529,0.029089398158614773
AJG,GALLAGHER ARTHUR J &CO,363576109,1981507000.0,9149,0.029064257627910497
DVY,ISHARES TR,464287168,1977061000.0,13058,0.02899904479272309
DIVO,AMPLIFY ETF TR,032108409,1967536000.0,43869,0.028859334433937657
SAN,BANCO SANTANDER SA,05964H105,1960733000.0,173824,0.028759549702093323
CGO,CALAMOS GLOBAL TOTAL RETURN,128118106,1958203000.0,175624,0.02872244028395924
DEO,DIAGEO PLC,25243Q205,1957900000.0,26298,0.028717995954435672
HEI/A,HEICO CORP NEW,422806208,1955785000.0,9265,0.028686973654295914
IWM,ISHARES TR,464287655,1953731000.0,7878,0.028656846087162548
XSMO,INVESCO EXCHANGE TRADED FD T,46137V498,1953612000.0,25699,0.02865510062441237
RSP,INVESCO EXCHANGE TRADED FD T,46137V357,1937744000.0,10096,0.028422352700716066
COO,COOPER COS INC,216648501,1933790000.0,27046,0.028364356400596636
FMB,FIRST TR EXCH TRADED FD III,33739N108,1927158000.0,38041,0.028267079854721044
SHW,SHERWIN WILLIAMS CO,824348106,1925521000.0,6007,0.028243068741090414
LAMR,LAMAR ADVERTISING CO,512816109,1917652000.0,15140,0.028127648183265474
FLRG,FIDELITY COVINGTON TRUST,316092378,1913081000.0,52000,0.028060601878802667
EXPE,EXPEDIA GROUP INC,30212P303,1897823000.0,8220,0.02783680128517032
CBRE,CBRE GROUP INC,12504L109,1894819000.0,13988,0.027792739351543923
ICSH,ISHARES TR,46434V878,1887010000.0,37278,0.02767819885897117
SNY,SANOFI SA,80105N105,1886343000.0,39152,0.027668415466917635
INTF,ISHARES TR,46434V274,1884066000.0,48359,0.027635016990596964
TPR,TAPESTRY INC,876030107,1882217000.0,13339,0.027607896313075253
GWW,WW GRAINGER INC,384802104,1881951000.0,1725,0.027603994690457205
IWS,ISHARES TR,464287473,1876006000.0,12872,0.02751679489171921
UTES,ETFIS SER TR I,26923G806,1869261000.0,23395,0.02741786088961866
GRNY,TIDAL TRUST I,886364231,1866324000.0,78187,0.02737478169552388
EJAN,INNOVATOR ETFS TRUST,45782C516,1854105000.0,54645,0.027195556406915032
CAH,CARDINAL HEALTH INC,14149Y108,1842023000.0,8717,0.027018340600632032
FFSM,FIDELITY COVINGTON TRUST,316092295,1841132000.0,57625,0.027005271631636983
JSMD,JANUS DETROIT STR TR,47103U209,1825855000.0,23010,0.026781192350674776
RIV,RIVERNORTH OPPORTUNITIES FD,76881Y109,1821543000.0,164103,0.026717944994550595
LH,LABCORP HOLDINGS INC,504922105,1820129000.0,6822,0.02669720479010728
FAST,FASTENAL CO,311900104,1817961000.0,39180,0.026665405098994753
XEL,XCEL ENERGY INC,98389B100,1815738000.0,22857,0.026632798681401053
STZ,CONSTELLATION BRANDS INC,21036P108,1808100000.0,12054,0.026520766374797042
EOCT,INNOVATOR ETFS TRUST,45782C623,1803783000.0,56457,0.026457445679901853
SKYY,FIRST TR EXCHANGE-TRADED FD,33734X192,1790770000.0,16375,0.02626657419445567
FIS,FIDELITY NATL INFORMATION SV,31620M106,1783039000.0,38010,0.026153177786710773
LNG,CHENIERE ENERGY INC,16411R208,1779224000.0,6270,0.026097220304425583
PPA,INVESCO EXCHANGE TRADED FD T,46137V100,1773708000.0,10704,0.02601631297224076
PWR,QUANTA SVCS INC,74762E102,1769496000.0,3223,0.0259545323915369
IMCV,ISHARES TR,464288406,1769217000.0,20867,0.025950440088114212
SDY,SPDR SERIES TRUST,78464A763,1768569000.0,12118,0.025940935383390543
SPG,SIMON PPTY GROUP INC NEW,828806109,1767488000.0,9475,0.025925079541096886
ENSG,ENSIGN GROUP INC,29358P101,1764162000.0,8755,0.02587629459061706
NTAP,NETAPP INC,64110D104,1759668000.0,17186,0.0258103777032279
FVD,FIRST TR EXCHANGE-TRADED FD,33734H106,1753812000.0,37292,0.02572448333461399
SMFG,SUMITOMO MITSUI FIN GRP INC,86562M209,1742788000.0,88242,0.025562786012277967
NGG,NATIONAL GRID PLC,636274409,1742556000.0,20598,0.025559383093302825
DXCM,DEXCOM INC,252131107,1736483000.0,27651,0.025470305822026824
LYG,LLOYDS BANKING GROUP PLC,539439109,1736195000.0,345168,0.0254660815088163
MMM,3M CO,88579Y101,1733222000.0,11934,0.025422474275570206
BABA,ALIBABA GROUP HLDG LTD,01609W102,1725899000.0,13757,0.025315062311540206
ACGL,ARCH CAP GROUP LTD,G0450A105,1703833000.0,17750,0.0249914036472925
FSTA,FIDELITY COVINGTON TRUST,316092303,1699110000.0,32469,0.024922127844190813
CGCP,CAPITAL GRP FIXED INCM ETF T,14020Y102,1698734000.0,76040,0.02491661276861041
EUAD,SPINNAKER ETF SERIES,84858T772,1691158000.0,41511,0.024805489862767004
BSX,BOSTON SCIENTIFIC CORP,101137107,1690547000.0,26941,0.02479652786494885
SOXX,ISHARES TR,464287523,1683255000.0,5122,0.02468957060129915
WCN,WASTE CONNECTIONS INC,94106B101,1678952000.0,10336,0.024626455254962806
FTSM,FIRST TR EXCHANGE-TRADED FD,33739Q408,1675011000.0,28020,0.02456864963564801
VPU,VANGUARD WORLD FD,92204A876,1673466000.0,8446,0.024545987955404077
RPRX,ROYALTY PHARMA PLC,G7709Q104,1672456000.0,34865,0.02453117352365885
VMC,VULCAN MATLS CO,929160109,1667420000.0,6123,0.024457306713491563
MAGS,LISTED FDS TR,53656G498,1664848000.0,28734,0.024419581249680942
PSI,INVESCO EXCHANGE TRADED FD T,46137V647,1664773000.0,17639,0.0244184811681157
FLXR,TCW ETF TRUST,29287L700,1664643000.0,42390,0.024416574360069287
HBTA,HORIZON FDS,44053A630,1655323000.0,61811,0.02427987089089551
BBY,BEST BUY INC,086516101,1654280000.0,25768,0.024264572423261577
OEF,ISHARES TR,464287101,1651142000.0,5191,0.02421854501057195
DGX,QUEST DIAGNOSTICS INC,74834L100,1642122000.0,8379,0.02408624186765913
D,DOMINION ENERGY INC,25746U109,1641472000.0,26553,0.024076707827427053
CERY,SPDR SERIES TRUST,78468R440,1630801000.0,46277,0.023920188222324758
EEM,ISHARES TR,464287234,1628525000.0,28676,0.02388680441375829
PHK,PIMCO HIGH INCOME FD,722014107,1619866000.0,349863,0.02375979633011282
LII,LENNOX INTL INC,526107107,1610373000.0,3470,0.023620555339461887
RY,ROYAL BK CDA,780087102,1610043000.0,9952,0.023615714980574833
ATO,ATMOS ENERGY CORP,049560105,1608736000.0,8709,0.023596544225831257
HEQ,JOHN HANCOCK DIVERSIFIED INC,47804L102,1599418000.0,147277,0.023459870092165887
FLGB,FRANKLIN TEMPLETON ETF TR,35473P678,1597760000.0,45965,0.02343555095569699
SNPS,SYNOPSYS INC,871607107,1596229000.0,4026,0.0234130946240119
LHX,L3HARRIS TECHNOLOGIES INC,502431109,1588809000.0,4603,0.02330425988782419
PFF,ISHARES TR,464288687,1578057000.0,52047,0.023146552194631437
PEO,EXELON CORP,30161N101,1568897000.0,32005,0.02301219556613017
SCHF,SCHWAB STRATEGIC TR,808524805,1568620000.0,63379,0.023008132598215884
WMG,WARNER MUSIC GROUP CORP,934550203,1565574000.0,61299,0.022963454618912953
TRGP,TARGA RES CORP,87612G101,1564589000.0,6240,0.022949006881022804
MINT,PIMCO ETF TR,72201R833,1562420000.0,15536,0.022917192522156075
IAUM,ISHARES GOLD TR,46436F103,1559640000.0,33397,0.022876416165471192
ILF,ISHARES TR,464287390,1549272000.0,43617,0.022724340889892468
DAL,DELTA AIR LINES INC,247361702,1543606000.0,23219,0.022641233394577163
NLY,ANNALY CAPITAL MANAGEMENT IN,035710839,1542976000.0,72954,0.02263199270942915
VRSN,VERISIGN INC,92343E102,1541095000.0,6205,0.02260440266377294
EMXC,ISHARES INC,46434G764,1539476000.0,19571,0.02258065556971797
XLV,SELECT SECTOR SPDR TR,81369Y209,1536503000.0,10480,0.022537048336471868
FOXA,FOX CORP,35137L105,1534974000.0,26284,0.022514621340295183
LITL,SIMPLIFY EXCHANGE TRADED FUN,82889N327,1523047000.0,53320,0.022339679035913676
CGNG,CAPITAL GROUP NEW GEOGRAPHY,14021N105,1519118000.0,48119,0.02228204942964932
AEE,AMEREN CORP,023608102,1517878000.0,13809,0.02226386141443736
OSIS,OSI SYSTEMS INC,671044105,1517655000.0,5716,0.022260590505250047
ICVT,ISHARES TR,46435G102,1516089000.0,14894,0.022237620802167842
GHY,PGIM GLOBAL HIGH YIELD FD FO,69346J106,1496722000.0,128474,0.021953550406514564
HLN,HALEON PLC,405552100,1488247000.0,148676,0.021829241189642485
WF2,WINTRUST FINL CORP,97650W108,1484352000.0,10683,0.02177211028702104
PFFD,GLOBAL X FDS,37954Y657,1484023000.0,80653,0.021767284595888187
SJNK,SPDR SERIES TRUST,78468R408,1478764000.0,59198,0.021690146876533586
EBA,EBAY INC.,278642103,1470355000.0,16154,0.021566805731438918
SYY,SYSCO CORP,871829107,1467014000.0,20567,0.021517800764646045
VDC,VANGUARD WORLD FD,92204A207,1460037000.0,6501,0.02141546384357035
GIS,GENERAL MILLS INC,370334104,1459824000.0,39222,0.021412339611925072
FLEX,FLEXTRONICS INTL LTD,Y2573F102,1437338000.0,21958,0.021082520490912027
EDIV,SPDR INDEX SHS FDS,78463X533,1431993000.0,36272,0.02100412134469595
EJUL,INNOVATOR ETFS TRUST,45782C714,1424700000.0,47671,0.020897149413292047
NSC,NORFOLK SOUTHN CORP,655844108,1423215000.0,4959,0.020875367798300303
MCO,MOODYS CORP,615369105,1414446000.0,3242,0.020746746261692487
INGR,INGREDION INC,457187102,1413642000.0,12548,0.020734953387313116
IDXX,IDEXX LABS INC,45168D104,1407535000.0,2505,0.0206453774123942
BR,BROADRIDGE FINL SOLUTIONS IN,11133T103,1402599000.0,8632,0.020572977377647232
NET,CLOUDFLARE INC,18915M107,1401668000.0,6793,0.020559321698484057
LMUB,ISHARES TR,46438G448,1398989000.0,28019,0.020520026784973697
PGX,INVESCO EXCH TRADED FD TR II,46138E511,1392461000.0,127983,0.020424275685535242
AFL,AFLAC INC,001055102,1392134000.0,12689,0.020419479329910794
UAL,UNITED AIRLS HLDGS INC,910047109,1389645000.0,15094,0.020382971289699042
IJUL,INNOVATOR ETFS TRUST,45782C722,1385171000.0,41042,0.02031734775739395
MMC,MARSH &MCLENNAN COS INC,571748102,1382782000.0,7973,0.020282306492602514
TER,TERADYNE INC,880770102,1380656000.0,4658,0.02025112284716652
BOND,PIMCO ETF TR,72201R775,1379228000.0,14946,0.02023017729416436
MSI,MOTOROLA SOLUTIONS INC,620076307,1373831000.0,3166,0.020151015424729714
CTA,SIMPLIFY EXCHANGE TRADED FUN,82889N699,1353741000.0,44796,0.019856340242787526
IRM,IRON MTN INC DEL,46284V101,1346091000.0,13179,0.019744131923133085
RGLO,RUSSELL INVTS EXCHANGE TRADE,78249U308,1344753000.0,46421,0.01972450646800921
EIX,EDISON INTL,281020107,1341621000.0,18333,0.0196785670618448
MNST,MONSTER BEVERAGE CORP NEW,61174X109,1341208000.0,18510,0.01967250927935888
SPGI,S&P GLOBAL INC,78409V104,1331420000.0,3130,0.01952894130121801
EYLD,CAMBRIA ETF TR,132061706,1326487000.0,32033,0.019456585269733647
GIL,GILDAN ACTIVEWEAR INC,375916103,1322055000.0,23757,0.019391577783105084
A4S,AMERIPRISE FINL INC,03076C106,1321548000.0,2974,0.019384141231724068
AGNC,AGNC INVT CORP,00123Q104,1320582000.0,131663,0.01936997218116378
SCI,SERVICE CORP INTL,817565104,1312605000.0,15908,0.019252967505884892
CSGP,COSTAR GROUP INC,22160N109,1308832000.0,32445,0.01919762606927624
EZU,ISHARES INC,464286608,1298402000.0,20728,0.019044641392936913
AEP,AMERICAN ELEC PWR CO INC,025537101,1296300000.0,9889,0.019013809773601797
SIL,GLOBAL X FDS,37954Y848,1293188000.0,14356,0.018968163722521456
FMAY,FIRST TR EXCHNG TRADED FD VI,33740F748,1292071000.0,24471,0.018951779841076485
EIC,EAGLE POINT INCOME COMPANY I,269817102,1290316000.0,136686,0.018926037932449877
DDOG,DATADOG INC,23804L103,1289106000.0,10920,0.018908289949864012
SU,SUNCOR ENERGY INC NEW,867224107,1288167000.0,19485,0.018894516928667213
IJK,ISHARES TR,464287606,1276896000.0,12690,0.018729196671043
AEM,AGNICO EAGLE MINES LTD,008474108,1273903000.0,6276,0.018685296082712837
MLPX,GLOBAL X FDS,37954Y293,1269742000.0,17173,0.018624263557473344
CARR,CARRIER GLOBAL CORPORATION,14448C104,1265353000.0,22471,0.018559886784275517
PBJ,INVESCO EXCHANGE TRADED FD T,46137V753,1261847000.0,25773,0.018508461638039115
HCA,HCA HEALTHCARE INC,40412C101,1257751000.0,2658,0.01844838251682283
TIGO,MILLICOM INTL CELLULAR S A,L6388F110,1255684000.0,16756,0.018418064268884825
YUM,YUM BRANDS INC,988498101,1253328000.0,8062,0.018383507039982098
BJUL,INNOVATOR ETFS TRUST,45782C789,1247359000.0,25105,0.018295955215143225
BBIN,J P MORGAN EXCHANGE TRADED F,46641Q373,1243140000.0,17001,0.018234071960159946
FPF,FIRST TR INTER DURATN PFD &,33718W103,1239969000.0,70333,0.018187560511581616
BUWA,BIO RAD LABS INC,090572207,1222319000.0,4385,0.017928674649895223
EMR,EMERSON ELEC CO,291011104,1219128000.0,9305,0.017881869846232825
BPOP,POPULAR INC,733174700,1212360000.0,9036,0.017782598485785603
FLRN,SPDR SERIES TRUST,78468R200,1211632000.0,39364,0.017771920360725675
RWL,INVESCO EXCH TRADED FD TR II,46138G698,1210400000.0,10533,0.01775384968754734
IWL,ISHARES TR,464289446,1209748000.0,7538,0.017744286311806856
FPE,FIRST TR EXCH TRADED FD III,33739E108,1209718000.0,68153,0.01774384627918076
OMFL,INVESCO EXCH TRD SLF IDX FD,46138J619,1202821000.0,20007,0.017642682778441325
SHYG,ISHARES TR,46434V407,1202662000.0,28425,0.017640350605523016
WSM,WILLIAMS SONOMA INC,969904101,1200942000.0,6587,0.017615122068293517
NVO,NOVO-NORDISK A S,670100205,1199406000.0,32637,0.017592592397837413
XXV,SIMPLIFY EXCHANGE TRADED FUN,82889N343,1198169000.0,52876,0.01757444838588806
SRE,SEMPRA,816851109,1193776000.0,12285,0.017510012941673425
XEXGX,EATON VANCE TAX-MANAGED GLOB,27829F108,1190145000.0,137430,0.017456754326161623
LYV,LIVE NATION ENTERTAINMENT IN,538034109,1188205000.0,7791,0.017428298883007426
MRVL,MARVELL TECHNOLOGY INC,573874104,1187085000.0,11985,0.017411870998299845
MLM,MARTIN MARIETTA MATLS INC,573284106,1186015000.0,2015,0.017396176501302426
SPMD,SPDR SERIES TRUST,78464A847,1175687000.0,19853,0.017244687935891827
PRU,PRUDENTIAL FINL INC,744320102,1175671000.0,12035,0.017244453251824575
H,HYATT HOTELS CORP,448579102,1174658000.0,8169,0.01722959481681674
BCS,BARCLAYS PLC,06738E204,1173949000.0,55480,0.017219195379086675
SONY,SONY GROUP CORP,835699307,1167886000.0,56420,0.017130264785352702
GRMN,GARMIN LTD,H2906T109,1154963000.0,4978,0.01694071339778481
ZBRA,ZEBRA TECHNOLOGIES CORPORATI,989207105,1153702000.0,5518,0.016922217359734582
CAIE,CALAMOS ETF TR,12811T571,1145328000.0,45558,0.01679938958603703
STX,SEAGATE TECHNOLOGY HLDNGS PL,G7997R103,1140822000.0,2912,0.01673329668559743
XOP,SPDR SERIES TRUST,78468R556,1139165000.0,6265,0.016708992216882736
SEIC,SEI INVTS CO,784117103,1136261000.0,14480,0.016666397058676657
MCHP,MICROCHIP TECHNOLOGY INC.,595017104,1136019000.0,17583,0.016662847462159482
CGCV,CAPITAL GROUP CONSERVATIVE E,14020U100,1135948000.0,38106,0.016661806051611057
BJUN,INNOVATOR ETFS TRUST,45782C755,1134355000.0,24525,0.01663844031916537
SCHB,SCHWAB STRATEGIC TR,808524102,1133761000.0,45170,0.01662972767316867
EMLC,VANECK ETF TRUST,92189H300,1130303000.0,45014,0.016579006579134022
FELV,FIDELITY COVINGTON TRUST,31609A107,1127776000.0,32305,0.01654194116426255
DES,WISDOMTREE TR,97717W604,1126649000.0,31348,0.016525410605275546
XEADX,ALLSPRING INCOME OPPORTUNIT,94987B105,1124550000.0,173542,0.01649462298920304
GRNJ,TIDAL TRUST III,45259A258,1124049000.0,44944,0.01648727444434724
GFI,GOLD FIELDS LTD,38059T106,1121920000.0,24712,0.016456046795648636
CRL,CHARLES RIV LABS INTL INC,159864107,1121248000.0,6500,0.01644619006482409
AYI,ACUITY INC,00508Y102,1115617000.0,3981,0.016363595940905896
IWD,ISHARES TR,464287598,1113826000.0,5213,0.016337325993127975
ALL,ALLSTATE CORP,020002101,1112100000.0,5364,0.01631200944937326
NRG,NRG ENERGY INC,629377508,1110671000.0,7600,0.016291049228616898
HYMB,SPDR SERIES TRUST,78464A284,1107728000.0,44666,0.01624788202799689
BIDUN,BAIDU INC,056752108,1105175000.0,9919,0.016210435251516133
IT,GARTNER INC,366651107,1103313000.0,6968,0.016183123893189787
TRV,TRAVELERS COMPANIES INC,89417E109,1102093000.0,3778,0.01616522923306189
HEFA,ISHARES TR,46434V803,1092814000.0,25716,0.01602912714181044
CALF,PACER FDS TR,69374H857,1086726000.0,24219,0.01593982985422139
AVEM,AMERICAN CENTY ETF TR,025072604,1085734000.0,13474,0.01592527944205182
CCL,CARNIVAL CORP,143658300,1081895000.0,41805,0.015868969933665752
PPLT,ABRDN PLATINUM ETF TRUST,003260106,1080787000.0,6064,0.015852718062008612
GPC,GENUINE PARTS CO,372460105,1080278000.0,10215,0.015845252175119187
RL,RALPH LAUREN CORP,751212101,1080229000.0,3140,0.01584453345516323
PHM,PULTE GROUP INC,745867101,1074819000.0,9139,0.015765180904923945
AON,AON PLC,G0403H108,1074535000.0,3329,0.015761015262730237
VT,VANGUARD INTL EQUITY INDEX F,922042742,1066032000.0,7707,0.015636295348740472
PEO,ADAM NAT RES FD INC,00548F105,1062238000.0,38210,0.015580645889293549
CA8A,CACI INTL INC,127190304,1050213000.0,1931,0.015404266145000126
JBHT,HUNT J B TRANS SVCS INC,445658107,1047512000.0,4943,0.015364648540897296
ILCG,ISHARES TR,464287119,1045318000.0,10948,0.015332467488175487
VICI,VICI PPTYS INC,925652109,1041374000.0,38118,0.015274617865598084
IWP,ISHARES TR,464287481,1040669000.0,8123,0.015264277098884832
ULTA,ULTA BEAUTY INC,90384S303,1039670000.0,1989,0.01524962401243584
XP,XP INC,G98239109,1037747000.0,54504,0.015221417921103096
PYPL,PAYPAL HLDGS INC,70450Y103,1036216000.0,22910,0.015198961589418006
NVR,NVR INC,62944T105,1034603000.0,157,0.015175302501888253
ENTG,ENTEGRIS INC,29362U104,1020837000.0,8707,0.01497338619752707
AM,ANTERO MIDSTREAM CORP,03676B102,1020228000.0,44747,0.014964453535217323
BUFQ,FIRST TR EXCHNG TRADED FD VI,33740U752,1018028000.0,28823,0.014932184475970292
XLP,SELECT SECTOR SPDR TR,81369Y308,1010932000.0,12331,0.014828102092144422
O,REALTY INCOME CORP,756109104,1006549000.0,16452,0.014763813325471817
FJUN,FIRST TR EXCHNG TRADED FD VI,33740F722,1005809000.0,17801,0.014752959187361452
FITB,FIFTH THIRD BANCORP,316773100,998344000.0,21488,0.0146434644022346
IXG,ISHARES TR,464287333,997500000.0,8750,0.014631084817687103
IGV,ISHARES TR,464287515,987657000.0,12338,0.014486710113065054
SPAB,SPDR SERIES TRUST,78464A649,985909000.0,38482,0.01446107087871787
DECK,DECKERS OUTDOOR CORP,243537107,985386000.0,9845,0.014453399643269598
VNQ,VANGUARD INDEX FDS,922908553,984089000.0,11095,0.014434375566068055
MKL,MARKEL GROUP INC,570535104,981918000.0,513,0.014402531871692917
FESM,FIDELITY COVINGTON TRUST,31609A206,970445000.0,25538,0.014234248727719659
OTIS,OTIS WORLDWIDE CORP,68902V107,969374000.0,12576,0.014218539562968037
PAVE,GLOBAL X FDS,37954Y673,950263000.0,18702,0.013938224112390778
SNDK,SANDISK CORP,80004C200,949833000.0,1495,0.013931916978083403
CPRT,COPART INC,217204106,948743000.0,28577,0.01391592912600192
NTRS,NORTHERN TR CORP,665859104,947610000.0,6790,0.0138993105604897
BIV,VANGUARD BD INDEX FDS,921937819,942123000.0,12207,0.013818828593176768
FENY,FIDELITY COVINGTON TRUST,316092402,941707000.0,27681,0.01381272680742824
DOC,HEALTHPEAK PROPERTIES INC,42250P103,937848000.0,57081,0.013756123943958112
GOAU,ETF SER SOLUTIONS,26922A719,937282000.0,21129,0.013747821995079103
BHP,BHP BILLITON LIMITED,088606108,926628000.0,12739,0.01359155174179826
USIG,ISHARES TR,464288620,919783000.0,17954,0.013491150964277391
ARGX,ARGENX SE,04016X101,919385000.0,1259,0.01348531319810452
TBIL,RBB FD INC,74933W452,918670000.0,18425,0.013474825753849234
DBP,INVESCO DB MULTI-SECTOR COMM,46140H502,918064000.0,8343,0.013465937094802097
MDLZ,MONDELEZ INTL INC,609207105,913657000.0,15852,0.01340129630202862
PBR,PETROLEO BRASILEIRO S A,71654V408,910697000.0,43889,0.013357879749587161
FERG,FERGUSON ENTERPRISES INC,31488V107,908332000.0,3894,0.013323190510896603
XBI,SPDR SERIES TRUST,78464A870,908245000.0,7111,0.013321914416280925
ALNY,ALNYLAM PHARMACEUTICALS INC,02043Q107,908238000.0,2745,0.013321811742001503
DJD,INVESCO EXCHANGE TRADED FD T,46137V605,908048000.0,15200,0.013319024868702897
SLYV,SPDR SERIES TRUST,78464A300,895984000.0,9473,0.013142073081995552
SDCI,USCF ETF TR,90290T809,895842000.0,32887,0.013139990260898696
ES,EVERSOURCE ENERGY,30040W108,894186000.0,12907,0.013115700459938207
GSST,GOLDMAN SACHS ETF TR,381430230,888935000.0,17585,0.01303868008261723
DELL,DELL TECHNOLOGIES INC,24703L202,885646000.0,5396,0.01299043783904292
BSCU,INVESCO EXCH TRD SLF IDX FD,46138J460,877769000.0,52501,0.01287489993918435
AXON,AXON ENTERPRISE INC,05464C101,872314000.0,2054,0.012794887340005924
VBK,VANGUARD INDEX FDS,922908595,868086000.0,2872,0.012732872075234814
FALN,ISHARES TR,46435G474,867036000.0,32449,0.012717470933321458
DT,DYNATRACE INC,268150109,865517000.0,23405,0.012695190614686805
ED,CONSOLIDATED EDISON INC,209115104,865181000.0,7644,0.01269026224927453
NEMD,NEUBERGER BERMAN ETF TRUST,64135A788,864235000.0,16827,0.012676386553798309
TCHP,T ROWE PRICE ETF INC,87283Q107,861819000.0,19507,0.01264094925964339
IM8N,INSMED INC,457669307,860933000.0,5265,0.01262795362941936
BSCQ,INVESCO EXCH TRD SLF IDX FD,46138J791,860355000.0,44053,0.012619475667489914
VOOV,VANGUARD ADMIRAL FDS INC,921932703,852295000.0,4182,0.01250125356861216
MPWR,MONOLITHIC PWR SYS INC,609839105,852183000.0,779,0.012499610780141402
MLI,MUELLER INDS INC,624756102,850430000.0,7675,0.012473898207023201
LYB,LYONDELLBASELL INDUSTRIES NV,N53745100,848860000.0,10537,0.012450869832924186
SWK,STANLEY BLACK &DECKER INC,854502101,847883000.0,11932,0.012436539437067663
VONV,VANGUARD SCOTTSDALE FDS,92206C714,847503000.0,9041,0.01243096569047045
IJS,ISHARES TR,464287879,845084000.0,7134,0.01239548439305292
CTSH,COGNIZANT TECHNOLOGY SOLUTIO,192446102,844327000.0,13762,0.012384380903121103
DLN,WISDOMTREE TR,97717W307,842917000.0,9436,0.012363699369694595
PPG,PPG INDS INC,693506107,842534000.0,7883,0.012358081619834774
VEU,VANGUARD INTL EQUITY INDEX F,922042775,841766000.0,11208,0.012346816784606718
IJT,ISHARES TR,464287887,841342000.0,5814,0.012340597656824564
LPLA,LPL FINL HLDGS INC,50212V100,836616000.0,2781,0.012271277850460264
GWX,SPDR INDEX SHS FDS,78463X871,832438000.0,19712,0.012209995973399316
DLR,DIGITAL RLTY TR INC,253868103,831833000.0,4616,0.012201121982106383
PYLD,PIMCO ETF TR,72201R585,827920000.0,31600,0.01214372705990928
DFP,FLAHERTY &CRUMRINE DYNAMIC,33848W106,826723000.0,41192,0.012126169758128056
EWJ,ISHARES INC,46434G822,826076000.0,9783,0.01211667972115859
F,FORD MTR CO,345370860,824714000.0,71466,0.012096702239933836
NATO,THEMES ETF TR,882927767,823241000.0,21358,0.01207509663799253
CEFS,EXCHANGE LISTED FDS TR,30151E806,822241000.0,36463,0.012060428883789335
SPYD,SPDR SERIES TRUST,78468R788,818996000.0,17992,0.012012832021399966
IGSB,ISHARES TR,464288646,817538000.0,15554,0.01199144643577171
XYZ,BLOCK INC,852234103,816552000.0,13569,0.011976984030127358
CNQ,CANADIAN NAT RES LTD MED TER,136385101,812844000.0,16681,0.011922595997541911
HACK,AMPLIFY ETF TR,032108664,805835000.0,10732,0.011819789708331717
BRX,BRIXMOR PPTY GROUP INC,11120U105,805619000.0,27973,0.011816621473423827
MTBA,SIMPLIFY EXCHANGE TRADED FUN,82889N525,801028000.0,16195,0.011749281813876957
PFEB,INNOVATOR ETFS TRUST,45782C417,800235000.0,19956,0.011737650284793824
DASH,DOORDASH INC,25809K105,799000000.0,5321,0.011719535608352878
PNC,PNC FINL SVCS GROUP INC,693475105,798989000.0,3840,0.011719374263056644
CSX,CSX CORP,126408103,798552000.0,19453,0.011712964454469846
VGSH,VANGUARD SCOTTSDALE FDS,92206C102,788785000.0,13474,0.01156970449916724
CGW,INVESCO EXCH TRADED FD TR II,46138E263,788784000.0,12336,0.011569689831413037
AIZ,ASSURANT INC,04621X108,787887000.0,3617,0.011556532855892771
VRSK,VERISK ANALYTICS INC,92345Y106,784769000.0,4136,0.01151079879828721
JAAA,JANUS DETROIT STR TR,47103U845,776942000.0,15425,0.0113959942861388
N/A,AMRIZE LTD,H2927K103,776493000.0,13861,0.011389408464501566
SCHV,SCHWAB STRATEGIC TR,808524409,774553000.0,25395,0.011360953021347367
HOOD,ROBINHOOD MKTS INC,770700102,772049000.0,11141,0.011324224964822568
FI,FISERV INC,337738108,766953000.0,13745,0.011249478089403084
EVRG,EVERGY INC,30034W106,765252000.0,9341,0.01122452823950345
BSCV,INVESCO EXCH TRD SLF IDX FD,46138J429,765110000.0,46483,0.011222445418406597
SYF,SYNCHRONY FINANCIAL,87165B103,761205000.0,11191,0.01116516783824312
FIX,COMFORT SYS USA INC,199908104,759823000.0,551,0.011144897001934304
JPIE,J P MORGAN EXCHANGE TRADED F,46641Q159,757459000.0,16441,0.01111022243099795
BKR,BAKER HUGHES COMPANY,05722G100,755821000.0,12380,0.011086196649613116
MUFG,MITSUBISHI UFJ FINANCIAL GRO,606822104,749947000.0,44193,0.01100003826142355
CPA,COPA HOLDINGS SA,P31076105,749480000.0,6597,0.010993188420210657
FIVA,FIDELITY COVINGTON TRUST,316092717,745441000.0,21415,0.010933945360983953
LOGI,LOGITECH INTL S A,H50430232,744924000.0,8175,0.0109263621320609
CGMS,CAPITAL GRP FIXED INCM ETF T,14020Y300,736000000.0,27029,0.010795467093551588
HYGV,FLEXSHARES TR,33939L662,735221000.0,18353,0.010784040913027298
REGN,REGENERON PHARMACEUTICALS,75886F107,734060000.0,950,0.010767011650397389
VFMO,VANGUARD WELLINGTON FD,921935508,729232000.0,3700,0.010696195733104362
NMB,SIMPLIFY EXCHANGE TRADED FUN,82889N442,721235000.0,29852,0.010578897702741412
ACWV,ISHARES INC,464286525,720428000.0,6028,0.010567060825099433
BNS,BANK NOVA SCOTIA B C,064149107,719939000.0,10387,0.010559888293294071
YETI,YETI HLDGS INC,98585X104,718408000.0,19634,0.01053743196160898
KMX,CARMAX INC,143130102,717504000.0,17256,0.01052417231180929
ACWX,ISHARES TR,464288240,717018000.0,10472,0.010517043783266539
DOV,DOVER CORP,260003108,716986000.0,3440,0.010516574415132035
IEI,ISHARES TR,464288661,715870000.0,6036,0.01050020520144127
DLTR,DOLLAR TREE INC,256746108,715653000.0,6535,0.010497022298779177
FLRT,PACER FDS TR,69374H428,714888000.0,15437,0.010485801466813733
SIG,SIGNET JEWELERS LIMITED,G81276100,712541000.0,8418,0.010451376247698834
AFW,ALIGN TECHNOLOGY INC,016255101,712463000.0,4156,0.010450232162870984
KBIA,KB FINL GROUP INC,48241A105,711673000.0,7136,0.01043864463705046
EQIX,EQUINIX INC,29444U700,711654000.0,726,0.0104383659497206
GVI,ISHARES TR,464288612,711124000.0,6666,0.010430592039992907
BFEB,INNOVATOR ETFS TRUST,45782C433,710907000.0,14903,0.010427409137330812
APO,APOLLO GLOBAL MGMT INC,03769M106,710875000.0,6380,0.01042693976919631
CGXU,CAPITAL GROUP INTL FOCUS EQT,14019W109,708232000.0,24016,0.010388172894837266
AG8,AGILENT TECHNOLOGIES INC,00846U101,708210000.0,6213,0.010387850204244797
BGRN,ISHARES TR,46435U440,707611000.0,14906,0.010379064219477081
UCON,FIRST TR EXCHNG TRADED FD VI,33740F888,707531000.0,28564,0.010377890799140827
DFAE,DIMENSIONAL ETF TRUST,25434V302,707098000.0,20883,0.010371539661570842
TFLO,ISHARES TR,46434V860,706658000.0,13957,0.010365085849721437
WTV,WISDOMTREE TR,97717W547,706307000.0,7456,0.010359937467996115
EXE,EXPAND ENERGY CORPORATION,165167735,704685000.0,6419,0.010336146370678534
FAB,FIRST TR EXCHANGE-TRADED ALP,33733C108,704229000.0,7448,0.010329457874761876
LUV,SOUTHWEST AIRLS CO,844741108,701555000.0,18673,0.010290236300022532
PKW,INVESCO EXCHANGE TRADED FD T,46137V308,701265000.0,5343,0.010285982651303606
EEMV,ISHARES INC,464286533,700989000.0,10829,0.010281934351143525
KT,KT CORP,48268K101,700675000.0,32666,0.010277328676323721
FLDR,FIDELITY MERRIMACK STR TR,316188408,699099000.0,13968,0.010254212295699486
BTZ,BLACKROCK CR ALLOCATION,092508100,696261000.0,68937,0.010212585209270817
SEIV,SEI EXCHANGE TRADED FUNDS,81589A304,694343000.0,16707,0.010184452456709089
MLPA,GLOBAL X FDS,37954Y343,693522000.0,12874,0.010172410230508267
HSCZ,ISHARES TR,46435G839,692611000.0,17457,0.010159047906429155
PEY,INVESCO EXCHANGE TRADED FD T,46137V563,684563000.0,31961,0.01004100182060184
AVLV,AMERICAN CENTY ETF TR,025072349,679756000.0,8433,0.009970493926147083
DFAC,DIMENSIONAL ETF TRUST,25434V708,679536000.0,17487,0.00996726702022238
LMBS,FIRST TR EXCHANGE-TRADED FD,33739Q200,676220000.0,13576,0.009918628747284584
GTO,INVESCO ACTIVELY MANAGED EXC,46090A804,673369000.0,14379,0.009876810980051276
WAB,WABTEC,929740108,672523000.0,2691,0.009864402059995373
AER,AERCAP HOLDINGS NV,N00985106,672456000.0,4902,0.009863419320463758
TGT,TARGET CORP,87612E106,669967000.0,5528,0.009826911280252006
SEIM,SEI EXCHANGE TRADED FUNDS,81589A205,667353000.0,14651,0.009788569770764853
DVN,DEVON ENERGY CORP NEW,25179M103,657443000.0,13065,0.009643212326611191
STT,STATE STR CORP,857477103,656820000.0,5190,0.0096340743157426
USRT,ISHARES TR,464288521,656719000.0,11095,0.009632592872568077
TLT,ISHARES TR,464287432,655111000.0,7557,0.00960900712380934
RINT,RUSSELL INVTS EXCHANGE TRADE,78249U209,655057000.0,22496,0.009608215065082366
FTSL,FIRST TR EXCHANGE-TRADED FD,33738D309,654506000.0,14609,0.009600133132516406
BAUG,INNOVATOR ETFS TRUST,45782C698,654316000.0,13395,0.0095973462592178
FRDM,EA SERIES TRUST,02072L607,651318000.0,11918,0.009553372332116622
BP,BP PLC,055622104,646471000.0,13755,0.009482277727493733
PAAA,PGIM ETF TR,69344A834,643947000.0,12582,0.00944525631588487
N/A,TOTALENERGIES SE,F92124100,642281000.0,7060,0.009420819837382346
QLYS,QUALYS INC,74758T303,637879000.0,7261,0.009356252383379882
MSCI,MSCI INC,55354G100,636816000.0,1181,0.009340660560661886
IGRO,ISHARES TR,46435G524,636653000.0,7600,0.009338269716726764
BIPC,BROOKFIELD INFRASTRUCTURE CO,11276H106,636255000.0,16100,0.009332431950553893
JMST,J P MORGAN EXCHANGE TRADED F,46641Q654,632743000.0,12412,0.009280918797792272
BAPR,INNOVATOR ETFS TRUST,45782C888,632675000.0,12917,0.009279921390506455
BSCR,INVESCO EXCH TRD SLF IDX FD,46138J783,627411000.0,31970,0.009202710332380836
AWC,AMERICAN WTR WKS CO INC NEW,030420103,625568000.0,4597,0.009175677661384347
FLOT,ISHARES TR,46429B655,624749000.0,12262,0.009163664770691929
HIG,HARTFORD INSURANCE GROUP INC,416515104,623477000.0,4611,0.009145007387345467
SPHD,INVESCO EXCH TRADED FD TR II,46138E362,622184000.0,12541,0.009126041981160734
SPOT,SPOTIFY TECHNOLOGY S A,L8681T102,621654000.0,1282,0.00911826807143304
UHS,UNIVERSAL HLTH SVCS INC,913903100,621351000.0,3472,0.009113823741909473
BRO,BROWN &BROWN INC,115236101,620095000.0,9509,0.00909540104263026
JSML,JANUS DETROIT STR TR,47103U100,615751000.0,8793,0.00903168431837158
HYDB,ISHARES TR,46435G250,614669000.0,13213,0.009015813808323725
EMHC,SPDR SERIES TRUST,78468R515,612907000.0,24714,0.008989969225417694
FELC,FIDELITY COVINGTON TRUST,316092113,609334000.0,16800,0.008937561339649678
TTWO,TAKE-TWO INTERACTIVE SOFTWAR,874054109,609091000.0,3084,0.008933997075378302
HBAN,HUNTINGTON BANCSHARES INC,446150104,607786000.0,38836,0.008914855656143132
BLDR,BUILDERS FIRSTSOURCE INC,12008R107,607431000.0,7378,0.008909648603400997
EMB,ISHARES TR,464288281,604491000.0,6436,0.008866525406043603
MFC,MANULIFE FINL CORP,56501R106,602530000.0,17496,0.008837761940051139
CRDO,CREDO TECHNOLOGY GROUP HOLDI,G25457105,600110000.0,6393,0.008802265974879406
SCHA,SCHWAB STRATEGIC TR,808524607,598667000.0,20587,0.008781100405564197
HSMV,FIRST TR EXCH TRADED FD III,33741Y100,598611000.0,16550,0.008780279011328818
PSA,PUBLIC STORAGE OPER CO,74460D109,598128000.0,2208,0.008773194486048673
BWX,SPDR SERIES TRUST,78464A516,593177000.0,27024,0.008700574434988655
NTRA,NATERA INC,632307104,590970000.0,2955,0.008668202701462204
RSG,REPUBLIC SVCS INC,760759100,587777000.0,2684,0.008621368562291402
FDRR,FIDELITY COVINGTON TRUST,316092832,586093000.0,9967,0.008596668064213222
TW,TRADEWEB MKTS INC,892672106,585124000.0,4973,0.008582455010390325
BNOV,INNOVATOR ETFS TRUST,45782C581,584510000.0,13586,0.008573449009309562
CFG,CITIZENS FINL GROUP INC,174610105,583628000.0,9732,0.008560512050102345
PULS,PGIM ETF TR,69344A107,580041000.0,11718,0.008507898815775483
CUBE,CUBESMART,229663109,579972000.0,15825,0.008506886740735464
FLMI,FRANKLIN TEMPLETON ETF TR,35473P868,579813000.0,23389,0.008504554567817155
PDBA,INVESCO ACTVELY MNGD ETC FD,46090F308,579581000.0,15892,0.008501151648842013
N/A,ADECOAGRO S A,L00849106,576460000.0,38380,0.008455373587973842
SCHM,SCHWAB STRATEGIC TR,808524508,573785000.0,18533,0.008416137345480296
PAGP,PLAINS GP HLDGS L P,72651A207,571176000.0,23525,0.00837786917476416
IDA,IDACORP INC,451107106,570651000.0,3991,0.008370168603807482
HYHG,PROSHARES TR,74348A541,570549000.0,8954,0.008368672492878756
HTUS,CAPITOL SER TR,14064D519,568275000.0,14888,0.00833531801982069
MAR,MARRIOTT INTL INC NEW,571903202,568231000.0,1737,0.00833467263863575
IR,INGERSOLL RAND INC,45687V106,568202000.0,7092,0.008334247273763858
RPG,INVESCO EXCHANGE TRADED FD T,46137V266,567704000.0,12146,0.008326942732170666
KR,KROGER CO,501044101,567506000.0,7843,0.008324038516838434
ET,ENERGY TRANSFER L P,29273V100,567007000.0,29379,0.008316719307491038
BAM,BROOKFIELD ASSET MANAGMT LTD,113004105,566299000.0,12740,0.008306334537515177
CPT,CAMDEN PPTY TR,133131102,562094000.0,5756,0.008244656631090742
IBTG,ISHARES TR,46436E858,561715000.0,24513,0.008239097552247731
GLDM,WORLD GOLD TR,98149E303,561609000.0,6059,0.008237542770302192
ISCG,ISHARES TR,464288604,559672000.0,10213,0.008209131330410603
OZEM,ROUNDHILL ETF TRUST,77926X882,557606000.0,17872,0.008178827750226802
PCAR,PACCAR INC,693718108,556454000.0,4818,0.008161930497384721
TMSL,T ROWE PRICE ETF INC,87283Q826,556101000.0,15165,0.008156752780150994
DVYE,ISHARES INC,464286319,555374000.0,16154,0.00814608932284527
DRI,DARDEN RESTAURANTS INC,237194105,555186000.0,2832,0.00814333178505507
SLYG,SPDR SERIES TRUST,78464A201,553843000.0,5732,0.008123632991160179
PAUG,INNOVATOR ETFS TRUST,45782C680,553608000.0,12959,0.008120186068922428
IGM,ISHARES TR,464287549,552527000.0,4662,0.008104330226628775
NOBL,PROSHARES TR,74348A467,552462000.0,5211,0.008103376822605566
CRWV,COREWEAVE INC,21873S108,552361000.0,7130,0.008101895379431043
COHR,COHERENT CORP,19247G107,551933000.0,2317,0.008095617580632077
MELI,MERCADOLIBRE  INC,58733R102,551557000.0,319,0.008090102505051674
MCHI,ISHARES TR,46429B671,550901000.0,9806,0.00808048045829438
LEN,LENNAR CORP,526057104,548786000.0,6320,0.008049458158154622
FMDE,FIDELITY COVINGTON TRUST,31609A503,545176000.0,15161,0.007996507565481087
IMAR,INNOVATOR ETFS TRUST,45783Y343,543898000.0,18736,0.007977762175609405
IHF,ISHARES TR,464288828,542282000.0,12957,0.007954059084817042
GII,SPDR INDEX SHS FDS,78463X855,541047000.0,7117,0.007935944408376094
IBKR,INTERACTIVE BROKERS GROUP IN,45841N107,540248000.0,8055,0.007924224872767742
TYL,TYLER TECHNOLOGIES INC,902252105,537536000.0,1570,0.007884445923368677
HSBC,HSBC HLDGS PLC,404280406,537530000.0,6516,0.007884357916843457
CRDT,SIMPLIFY EXCHANGE TRADED FUN,82889N558,537524000.0,23859,0.007884269910318238
NKE,NIKE INC,654106103,535965000.0,10147,0.007861402881515458
FIW,FIRST TR EXCHANGE-TRADED FD,33733B100,533526000.0,5173,0.007825628229013865
FMAT,FIDELITY COVINGTON TRUST,316092881,531729000.0,9225,0.007799270274710723
RSPH,INVESCO EXCHANGE TRADED FD T,46137V332,531321000.0,17597,0.0077932858309958195
FTCB,FIRST TR EXCHANGE-TRADED FD,33738D788,530552000.0,25313,0.007782006328013562
TSA,ACI WORLDWIDE INC,004498101,527840000.0,12871,0.0077422273786144965
ROK,ROCKWELL AUTOMATION INC,773903109,527211000.0,1469,0.007733001361220687
OIH,VANECK ETF TRUST,92189H607,526941000.0,1304,0.007729041067585824
BSCT,INVESCO EXCH TRD SLF IDX FD,46138J577,525887000.0,28182,0.0077135812546556565
LNT,ALLIANT ENERGY CORP,018802108,525580000.0,7325,0.007709078254115276
CEMB,ISHARES INC,464286251,522395000.0,11537,0.0076623614569781
BKLC,BNY MELLON ETF TRUST,09661T107,522330000.0,4185,0.007661408052954893
RKT,ROCKET COS INC,77311W101,522034000.0,36634,0.007657066397710746
VRIG,INVESCO ACTIVELY MANAGED EXC,46090A879,518549000.0,20713,0.0076059492743126116
ROP,ROPER TECHNOLOGIES INC,776696106,518486000.0,1465,0.007605025205797811
MDY,STATE STR SPDR S&P MIDCAP 40,78467Y107,518023000.0,840,0.007598234035601731
BKIE,BNY MELLON ETF TRUST,09661T404,516481000.0,5528,0.0075756163586204045
IJJ,ISHARES TR,464287705,514339000.0,3882,0.00754419802911716
SSNC,SS&C TECH HLDGS,78467J100,513692000.0,7602,0.007534707992147693
ESI,ELEMENT SOLUTIONS INC,28618M106,513261000.0,15034,0.007528386190086115
WAT,WATERS CORP,941848103,513259000.0,1724,0.00752835685457771
DON,STATE STR SPDR DOW JONES IND,78467X109,512449000.0,1106,0.007516475973673121
JPC,NUVEEN PFD &INCOME OPPORTUN,67073B106,510643000.0,67725,0.007489986009582152
MFIC,MIDCAP FINANCIAL INVSTMNT CO,03761U502,510498000.0,45418,0.007487859185222688
VIRT,VIRTU FINL INC,928254101,510174000.0,11600,0.007483106832860852
KMI,KINDER MORGAN INC DEL,49456B101,509537000.0,15197,0.007473763473433417
IBB,ISHARES TR,464287556,509086000.0,3015,0.007467148316287777
BSCS,INVESCO EXCH TRD SLF IDX FD,46138J643,503712000.0,24664,0.007388323805199806
SCHI,SCHWAB STRATEGIC TR,808524698,502203000.0,22143,0.007366190164107184
OKE,ONEOK INC NEW,682680103,495510000.0,5482,0.0072680188852252
SPMO,INVESCO EXCH TRADED FD TR II,46138E339,492783000.0,4396,0.007228019919513087
FLQM,FRANKLIN TEMPLETON ETF TR,35473P884,490635000.0,8932,0.007196513583484624
CMG,CHIPOTLE MEXICAN GRILL INC,169656105,487960000.0,15244,0.007157277340991077
GBCI,GLACIER BANCORP INC NEW,37637Q105,483731000.0,10829,0.0070952474084657645
TDIV,FIRST TR EXCHANGE TRADED FD,33738R118,482119000.0,5148,0.0070716029886902145
LBRT,LIBERTY ENERGY INC,53115L104,481536000.0,16720,0.007063051687989752
ARKK,ARK ETF TR,00214Q104,481412000.0,7123,0.007061232886468556
COPX,GLOBAL X FDS,37954Y830,481081000.0,6301,0.007056377859827298
EW,EDWARDS LIFESCIENCES CORP,28176E108,480639000.0,6002,0.007049894712469485
FID,FIRST TR EXCHANGE TRADED FD,33738R688,478677000.0,22854,0.007021116578722817
QSR,RESTAURANT BRANDS INTL INC,76131D103,476819000.0,6452,0.00699386389141328
KRE,SPDR SERIES TRUST,78464A698,474454000.0,7282,0.006959174652722723
BSEP,INNOVATOR ETFS TRUST,45782C664,472613000.0,9829,0.006932171317234642
WTM,WHITE MTNS INS GROUP LTD,G9618E107,472346000.0,215,0.0069282550268623885
LEA,LEAR CORP,521865204,470880000.0,3889,0.006906752099200505
FBP,FIRST BANCORP CORPORATION,318672706,469856000.0,21997,0.006891732318896432
FUL,FULLER H B CO,359694106,465803000.0,7552,0.006832283911110883
7HP,HP INC,40434L105,463979000.0,24153,0.0068055299274442545
VTR,VENTAS INC,92276F100,462621000.0,5657,0.0067856111172363166
JPME,J P MORGAN EXCHANGE TRADED F,46641Q886,461296000.0,4028,0.006766176342917083
PPL,PPL CORP,69351T106,460708000.0,12061,0.0067575517034456035
QWLD,SPDR INDEX SHS FDS,78463X418,460477000.0,3217,0.006754163452224666
FCNCA,FIRST CTZNS BANCSHARES INC D,31946M103,459857000.0,244,0.006745069444618685
MGV,VANGUARD WORLD FD,921910840,457116000.0,3154,0.0067048651303477265
IWN,ISHARES TR,464287630,456722000.0,2409,0.006699086035191668
IBTI,ISHARES TR,46436E833,455598000.0,20446,0.006682599479467277
EWC,ISHARES INC,464286509,454155000.0,8289,0.006661433910152066
EQT,EQT CORP,26884L109,453817000.0,7131,0.006656476209231386
JBND,J P MORGAN EXCHANGE TRADED F,46654Q716,453585000.0,8435,0.006653073290256245
TLTW,ISHARES TR,46436E338,453260000.0,20038,0.006648306270140208
FFLG,FIDELITY COVINGTON TRUST,316092337,452496000.0,16271,0.006637100105928967
BRLN,BLACKROCK ETF TRUST II,092528405,452189000.0,8911,0.006632597105388585
REMG,RUSSELL INVTS EXCHANGE TRADE,78249U407,452095000.0,14677,0.0066312183364934845
UTHR,UNITED THERAPEUTICS CORP DEL,91307C102,451851000.0,762,0.006627639404467905
VUSB,VANGUARD BD INDEX FDS,92203C303,450754000.0,9054,0.006611548878107
XPO,XPO INC,983793100,450578000.0,2316,0.0066089673533672386
FFEB,FIRST TR EXCHNG TRADED FD VI,33740F763,449928000.0,8056,0.006599433313135161
FTI,TECHNIPFMC PLC,G87110105,449760000.0,6506,0.006596969130429024
BSTP,INNOVATOR ETFS TRUST,45783Y731,449098000.0,12472,0.0065872590771465095
CSL,CARLISLE COS INC,142339100,448895000.0,1346,0.006584281523043261
HYGH,ISHARES U S ETF TR,46431W606,447678000.0,5229,0.006566430866177971
AFLG,FIRST TR EXCHNG TRADED FD VI,33740F821,447663000.0,11605,0.006566210849864924
FFLC,FIDELITY COVINGTON TRUST,316092360,446026000.0,8697,0.006542199736234293
SCCO,SOUTHERN COPPER CORP,84265V105,446016000.0,2592,0.006542053058692262
VLUE,ISHARES TR,46432F388,445481000.0,3133,0.006534205810193552
RSPT,INVESCO EXCHANGE TRADED FD T,46137V282,445359000.0,9840,0.006532416344180763
WRB,BERKLEY W R CORP,084423102,444100000.0,6700,0.00651394964163894
RIO,RIO TINTO PLC,767204100,443084000.0,4750,0.006499047203368494
NEU,NEWMARKET CORP,651587107,442256000.0,690,0.006486902302888249
IBDR,ISHARES TR,46435GAA0,440053000.0,18154,0.0064545892403786095
FIXD,FIRST TR EXCHNG TRADED FD VI,33740F805,439897000.0,10092,0.006452301070722911
AME,AMETEK INC,031100100,439142000.0,2049,0.0064412269162994985
KEYS,KEYSIGHT TECHNOLOGIES INC,49338L103,438520000.0,1553,0.006432103573185111
CORP,PIMCO ETF TR,72201R817,437077000.0,4515,0.0064109380038699015
N/A,APTIV PLC,G3265R107,436470000.0,6286,0.006402034677068561
DFIV,DIMENSIONAL ETF TRUST,25434V807,435488000.0,8251,0.006387630942441025
DFIC,DIMENSIONAL ETF TRUST,25434V799,435484000.0,12257,0.0063875722714242114
BALT,INNOVATOR ETFS TRUST,45783Y855,434944000.0,12997,0.006379651684154486
HAS,HASBRO INC,418056107,433602000.0,4633,0.006359967558013798
BRBR,BELLRING BRANDS INC,07831C103,433239000.0,26926,0.006354643163238038
IBDT,ISHARES TR,46435U515,430737000.0,17005,0.006317944442221644
RFIX,SIMPLIFY EXCHANGE TRADED FUN,82889N376,430049000.0,10629,0.006307853027329846
GOCT,FIRST TR EXCHNG TRADED FD VI,33740U695,429840000.0,11128,0.006304787466701378
RNRG,GLOBAL X FDS,37960A180,428110000.0,11600,0.006279412251929851
TKO,TKO GROUP HOLDINGS INC,87256C101,427377000.0,2119,0.00626866078809891
NE,NOBLE CORP PLC,G65431127,424308000.0,8647,0.006223645450449304
DTCR,GLOBAL X FDS,37954Y236,424188000.0,17704,0.006221885319944919
MET,METLIFE INC,59156R108,422885000.0,5980,0.006202773236218157
XMAG,TIDAL TRUST II,88636R743,420079000.0,18908,0.00616161551792399
BOCT,INNOVATOR ETFS TRUST,45782C771,419884000.0,8750,0.006158755305854368
XMVM,INVESCO EXCHANGE TRADED FD T,46137V456,418461000.0,6426,0.006137883091623221
TROW,PRICE T ROWE GROUP INC,74144T108,418459000.0,4642,0.006137853756114815
FTA,FIRST TR EXCHANGE-TRADED ALP,33735J101,417145000.0,4517,0.006118580327091817
PKG,PACKAGING CORP AMER,695156109,416872000.0,1964,0.0061145760301943445
KDP,KEURIG DR PEPPER INC,49271V100,416728000.0,15827,0.006112463873589084
MGM,MGM RESORTS INTERNATIONAL,552953101,415073000.0,11216,0.006088188740382796
EPD,ENTERPRISE PRODS PARTNERS L,293792107,414127000.0,10944,0.006074313044906574
SLAB,SILICON LABORATORIES INC,826919102,410472000.0,1972,0.006020702403293896
MSTR,STRATEGY INC,594972408,408345000.0,3272,0.005989504090103699
DFAS,DIMENSIONAL ETF TRUST,25434V500,408143000.0,5738,0.005986541203754654
DGRW,WISDOMTREE TR,97717X669,407138000.0,4635,0.005971800110780443
FIBR,ISHARES TR,46435U796,405395000.0,4555,0.0059462342152042744
STLD,STEEL DYNAMICS INC,858119100,405090000.0,2251,0.0059417605501723
PBDC,PUTNAM ETF TRUST,746729508,403606000.0,14634,0.005919993602934758
IWO,ISHARES TR,464287648,402186000.0,1282,0.005899165391966221
STIP,ISHARES TR,46429B747,401826000.0,3885,0.0058938850004530705
ARES,ARES MANAGEMENT CORPORATION,03990B101,400839000.0,3674,0.005879407927054517
LGOV,FIRST TR EXCHANGE-TRADED FD,33738D606,400484000.0,18566,0.0058742008743123825
EHC,ENCOMPASS HEALTH CORP,29261A100,398528000.0,4120,0.005845510747090933
SMTC,SEMTECH CORP,816850101,398431000.0,5182,0.005844087974933224
MGC,VANGUARD WORLD FD,921910873,398250000.0,1685,0.005841433111422445
FLBL,FRANKLIN TEMPLETON ETF TR,35473P595,398043000.0,17306,0.005838396886302384
OXY,OCCIDENTAL PETE CORP,674599105,396260000.0,6096,0.005812244280558087
ESGU,ISHARES TR,46435G425,394279000.0,2788,0.005783187459481557
TRFM,ETF SER SOLUTIONS,26922B683,392392000.0,8447,0.005755509407300128
ARTY,ISHARES TR,46435U556,391643000.0,8417,0.005744523259401935
AEIS,ADVANCED ENERGY INDS,007973100,391447000.0,1213,0.005741648379578109
CIEN,CIENA CORP,171779309,390172000.0,1005,0.005722946992969036
EPP,ISHARES INC,464286665,389888000.0,7337,0.005718781350775328
GLTR,ABRDN PRECIOUS METALS BASKET,003263100,388447000.0,1776,0.005697645116968524
FTGS,FIRST TR EXCHANGE-TRADED FD,33733E823,388222000.0,11403,0.005694344872272805
GEHC,GE HEALTHCARE TECHNOLOGIES I,36266G107,386937000.0,5436,0.005675496808121699
PVAL,PUTNAM ETF TRUST,746729300,386471000.0,8329,0.005668661634663011
ITB,ISHARES TR,464288752,386309000.0,4266,0.005666285458482093
BKMC,BNY MELLON ETF TRUST,09661T206,385850000.0,3498,0.005659552959302826
MUSA,MURPHY USA INC,626755102,385297000.0,780,0.005651441691228459
RFV,INVESCO EXCHANGE TRADED FD T,46137V191,384717000.0,2960,0.005642934393790606
FHI,FEDERATED HERMES INC,314211103,383370000.0,6760,0.005623176928878902
FICO,FAIR ISAAC CORP,303250104,383247000.0,359,0.00562137279511191
VST,VISTRA CORP,92840M102,383116000.0,2549,0.005619451319311291
FDT,FIRST TR EXCH TRD ALPHDX FD,33737J174,382751000.0,4403,0.005614097589027124
WT,WISDOMTREE INC,97717P104,382448000.0,26267,0.005609653259503557
IBHF,ISHARES TR,46436E528,382415000.0,16663,0.005609169223614851
6RJ0,ROCKET LAB CORP,773121108,380568000.0,5926,0.005582077881601549
VLTO,VERALTO CORP,92338C103,380116000.0,4299,0.005575448056701706
FWONK,LIBERTY MEDIA CORP DEL,531229755,379359000.0,4462,0.005564344566769887
POR,PORTLAND GEN ELEC CO,736508847,379023000.0,7183,0.005559416201357613
AA,ALCOA CORP,013872106,378082000.0,5700,0.005545613844652407
BJ,BJS WHSL CLUB HLDGS INC,05550J101,377342000.0,3834,0.005534759706542042
RGA,REINSURANCE GROUP AMER INC,759351604,374327000.0,1834,0.005490536427619409
URNM,SPROTT FDS TR,85208P303,370248000.0,5863,0.005430706658224576
WBD,WARNER BROS DISCOVERY INC,934423104,369227000.0,13446,0.005415730881183114
PIPR,PIPER SANDLER COMPANIES,724078209,368741000.0,4817,0.0054086023526403616
LTH,LIFE TIME GROUP HOLDINGS INC,53190C102,367542000.0,13643,0.00539101571535073
SXI,STANDEX INTL CORP,854231107,367253000.0,1441,0.005386776734386007
JBTM,JBT MAREL CORPORATION,477839104,367243000.0,2872,0.005386630056843975
CCJ,CAMECO CORP,13321L108,366668000.0,3376,0.0053781960981771374
FMAR,FIRST TR EXCHNG TRADED FD VI,33740F599,365760000.0,7543,0.0053648777773606365
DG,DOLLAR GEN CORP,256677105,365570000.0,3079,0.00536209090406203
PWB,INVESCO EXCHANGE TRADED FD T,46137V746,365449000.0,2902,0.005360316105803443
MWA,MUELLER WTR PRODS INC,624758108,364602000.0,13263,0.0053478925179933365
BIZD,VANECK ETF TRUST,92189F411,364344000.0,28464,0.005344108237408912
BIBL,NORTHERN LTS FD TR IV,66538H534,364093000.0,7722,0.00534042663110391
PRM,PERIMETER SOLUTIONS INC,71385M107,363418000.0,14882,0.005330525897016753
QQH,NORTHERN LTS FD TR III,66538R748,362744000.0,5195,0.005320639830683801
RBC,RBC BEARINGS INC,75524B104,361718000.0,666,0.0053055907148713225
CHDN,CHURCHILL DOWNS INC,171484108,360937000.0,4018,0.005294135198838626
CTRE,CARETRUST REIT INC,14174T107,360039000.0,9824,0.005280963555564158
DEM,WISDOMTREE TR,97717W315,357917000.0,7203,0.005249838581144977
PR,PERMIAN RESOURCES CORP,71424F105,357823000.0,16783,0.005248459812249877
AAAU,GOLDMAN SACHS PHYSICAL GOLD,38150K103,357557000.0,7741,0.0052445581896318275
ZM,ZOOM COMMUNICATIONS INC,98980L101,353234000.0,4394,0.005181149488211415
VIGI,VANGUARD WHITEHALL FDS,921946810,351628000.0,3975,0.005157593074961084
AMSC,AMERICAN SUPERCONDUCTOR CORP,030111207,350957000.0,10368,0.00514775101189074
L,LOEWS CORP,540424108,348509000.0,3265,0.005111844349601318
DDFD,INNOVATOR ETFS TRUST,45784N437,344835000.0,18214,0.00505795502065878
USA,LIBERTY ALL STAR EQUITY FD,530158104,343928000.0,61969,0.005044651367596481
HPE,HEWLETT PACKARD ENTERPRISE C,42824C109,342840000.0,14399,0.005028692851023405
DFUV,DIMENSIONAL ETF TRUST,25434V724,342709000.0,7072,0.005026771375222786
PSCM,INVESCO EXCH TRADED FD TR II,46138G201,341711000.0,3450,0.005012132956527997
SPYV,SPDR SERIES TRUST,78464A508,341348000.0,6033,0.005006808561752238
MDB,MONGODB INC,60937P106,341209000.0,1394,0.005004769743917994
WAFD,WAFD INC,938824109,340438000.0,10842,0.00499346090542733
DNL,WISDOMTREE TR,97717W844,340359000.0,8431,0.004992302152845279
BBJP,J P MORGAN EXCHANGE TRADED F,46641Q217,339933000.0,4933,0.004986053689554717
COKE,COCA COLA CONS INC,191098102,338421000.0,1765,0.004963876045199486
UFPT,UFP TECHNOLOGIES INC,902673102,337638000.0,1744,0.004952391193658384
CLIP,GLOBAL X FDS,37960A438,337310000.0,3361,0.0049475801702797365
N/A,NEBIUS GROUP N.V.,N97284108,337012000.0,3248,0.004943209179527184
HST,HOST HOTELS &RESORTS INC,44107P104,336069000.0,17540,0.004929377487313571
LDSF,FIRST TR EXCHNG TRADED FD VI,33740F870,334879000.0,17700,0.0049119228598117695
ICLN,ISHARES TR,464288224,334293000.0,18277,0.004903327555848697
BKSE,BNY MELLON ETF TRUST,09661T305,334216000.0,2934,0.0049021981387750505
CHRW,C H ROBINSON WORLDWIDE IN,12541W209,333303000.0,2007,0.004888806479187533
CP,CANADIAN PACIFIC KANSAS CITY,13646K108,333105000.0,4235,0.004885902263855301
JLL,JONES LANG LASALLE INC,48020Q107,332926000.0,1094,0.004883276735852929
AGX,ARGAN INC,04010E109,332858000.0,611,0.004882279328567112
MCX,MCCORMICK &CO INC,579780206,332595000.0,6594,0.004878421709211672
EOD,ALLSPRING GLOBAL DIVIDEND OP,94987C103,332296000.0,56998,0.004874036050704916
TIPX,SPDR SERIES TRUST,78468R861,332121000.0,17307,0.004871469193719357
IBDS,ISHARES TR,46435UAA9,331191000.0,13663,0.004857828182310385
XPH,SPDR SERIES TRUST,78464A722,331096000.0,6121,0.004856434745661082
TSN,TYSON FOODS INC,902494103,330665000.0,5161,0.004850112943599504
GPIX,GOLDMAN SACHS ETF TR,38149W622,330414000.0,6603,0.004846431337294503
AWI,ARMSTRONG WORLD INDS INC NEW,04247X102,328117000.0,1991,0.004812739505889764
PSP,INVESCO EXCHANGE TRADED FD T,46137V118,327611000.0,5796,0.004805317622262947
BOTZ,GLOBAL X FDS,37954Y715,325853000.0,9809,0.00477953171037373
BCX,BLACKROCK RES &COMMODITIES,09257A108,325314000.0,26997,0.004771625790858208
NWG,NATWEST GROUP PLC,639057207,325178000.0,21824,0.004769630976286574
ILMN,ILLUMINA INC,452327109,324420000.0,2632,0.004758512818600551
PAPR,INNOVATOR ETFS TRUST,45782C870,323057000.0,8117,0.004738520669621596
RJF,RAYMOND JAMES FINL INC,754730109,322450000.0,2227,0.004729617342820258
AVA,AVISTA CORP,05379B107,321361000.0,8006,0.004713644158492978
CHRD,CHORD ENERGY CORPORATION,674215207,321042000.0,2258,0.004708965144902159
RF,REGIONS FINANCIAL CORP NEW,7591EP100,318419000.0,12191,0.004670491625627178
CCCS,CCC INTELLIGENT SOLUTIONS HL,12510Q100,317442000.0,52907,0.004656161229770656
SEIQ,SEI EXCHANGE TRADED FUNDS,81589A106,317386000.0,8717,0.004655339835535277
NULG,NUSHARES ETF TR,67092P201,315107000.0,3465,0.004621912023706196
LDOS,LEIDOS HOLDINGS INC,525327102,315086000.0,2026,0.004621604000867929
EBND,SPDR SERIES TRUST,78464A391,314265000.0,15226,0.0046095617746671055
TRFK,PACER FDS TR,69374H386,314125000.0,5047,0.004607508289078658
EWX,SPDR INDEX SHS FDS,78463X756,313068000.0,4735,0.004592004472885881
IYH,ISHARES TR,464287762,312613000.0,5072,0.004585330644723427
PRIM,PRIMORIS SVCS CORP,74164F103,311979000.0,2181,0.004576031288558601
BYD,BOYD GAMING CORP,103304101,311450000.0,3790,0.004568272046585111
SE,SEA LTD,81141R100,309709000.0,3740,0.004542735486517348
MUNI,PIMCO ETF TR,72201R866,307711000.0,5896,0.004513429313619365
GTES,GATES INDL CORP PLC,G39108108,307225000.0,13588,0.004506300785076612
FSMD,FIDELITY COVINGTON TRUST,316092527,306869000.0,6862,0.004501079064580275
EELV,INVESCO EXCH TRADED FD TR II,46138E297,306766000.0,10925,0.0044995682858973455
NUE,NUCOR CORP,670346105,306242000.0,1811,0.004491882382694871
DFAI,DIMENSIONAL ETF TRUST,25434V203,305680000.0,7846,0.004483639104832676
QGRO,AMERICAN CENTY ETF TR,025072307,305112000.0,2905,0.004475307820445261
BCI,ABRDN ETFS,003261104,304815000.0,12549,0.004470951497446912
PCG,PG&E CORP,69331C108,303860000.0,17294,0.004456943792182861
RWJ,INVESCO EXCH TRADED FD TR II,46138G664,303365000.0,6010,0.004449683253852279
BDEC,INNOVATOR ETFS TRUST,45782C557,303173000.0,6316,0.0044468670450452654
IGBH,ISHARES U S ETF TR,46431W812,302419000.0,12507,0.004435807558376056
JGRO,J P MORGAN EXCHANGE TRADED F,46654Q609,302113000.0,3574,0.004431319225589878
OKTA,OKTA INC,679295105,302089000.0,3838,0.004430967199489002
EXEL,EXELIXIS INC,30161Q104,300959000.0,7017,0.004414392637239392
ING,ING GROEP N.V.,456837103,300673000.0,11542,0.0044101976595372775
SITM,SITIME CORP,82982T106,299764000.0,868,0.004396864670966573
IYY*,ISHARES TR,464287846,299121000.0,1888,0.004387433305013919
COMT,ISHARES U S ETF TR,46431W853,297841000.0,8809,0.004368658579633829
SOFI,SOFI TECHNOLOGIES INC,83406F102,297099000.0,18709,0.004357775106015058
8CW,CROWN CASTLE INC,22822V101,296218000.0,3643,0.004344852814562043
HIMU,BLACKROCK ETF TRUST II,092528843,295622000.0,6161,0.004336110833056939
FLTR,VANECK ETF TRUST,92189F486,294421000.0,11555,0.004318494860258902
SILJ,AMPLIFY ETF TR,032108649,294347000.0,9904,0.004317409446447866
TTC,TORO CO,891092108,294243000.0,3149,0.004315884000010733
NDAQ,NASDAQ INC,631103108,293738000.0,3460,0.00430847678413812
BEPC,BROOKFIELD RENEWABLE CORP,11285B108,293653000.0,7373,0.004307230025030848
IBDU,ISHARES TR,46436E205,293565000.0,12621,0.004305939262660968
MDYG,SPDR SERIES TRUST,78464A821,293460000.0,3058,0.004304399148469631
UUP,INVESCO DB US DLR INDEX TR,46141D203,293385000.0,10561,0.004303299066904392
WCC,WESCO INTL INC,95082P105,293321000.0,1072,0.004302360330635387
IGIB,ISHARES TR,464288638,292939000.0,5504,0.004296757248529767
EXPD,EXPEDITORS INTL WASH INC,302130109,291473000.0,2035,0.004275254320867883
ODFL,OLD DOMINION FREIGHT LINE IN,679580100,290772000.0,1488,0.004264972225171444
BUFY,FIRST TR EXCHNG TRADED FD VI,33740F169,288814000.0,12905,0.004236252762441587
JKHY,HENRY JACK &ASSOC INC,426281101,288581000.0,1826,0.004232835175712242
VFH,VANGUARD WORLD FD,92204A405,287661000.0,2381,0.004219340841845303
SHM,SPDR SERIES TRUST,78468R739,287602000.0,6013,0.004218475444347315
RSPR,INVESCO EXCHANGE TRADED FD T,46137V290,287525000.0,8665,0.004217346027273668
BAX,BAXTER INTL INC,071813109,287002000.0,17083,0.004209674791825398
IBP,INSTALLED BLDG PRODS INC,45780R101,286892000.0,1082,0.004208061338863046
ALHC,ALIGNMENT HEALTHCARE INC,01625V104,286519000.0,16261,0.004202590266545255
XLY,SELECT SECTOR SPDR TR,81369Y407,285514000.0,2620,0.004187849173571043
RS,RELIANCE INC,759509102,285092000.0,938,0.004181659381297295
IBTJ,ISHARES TR,46436E825,284833000.0,13040,0.0041778604329586674
GFEB,FIRST TR EXCHNG TRADED FD VI,33740U737,284261000.0,6918,0.00416947047755444
UBS,UBS GROUP AG,H42097107,284137000.0,7273,0.004167651676033244
PEG,PUBLIC SVC ENTERPRISE GROUP,744573106,283892000.0,3507,0.004164058076253461
IBTK,ISHARES TR,46436E593,283869000.0,14395,0.004163720717906788
URBN,URBAN OUTFITTERS INC,917047102,283365000.0,4473,0.004156328169788377
CHTR,CHARTER COMMUNICATIONS INC,16119P108,282803000.0,1310,0.004148084891926181
SAIA,SAIA INC,78709Y105,282780000.0,805,0.004147747533579508
PTL,NORTHERN LTS FD TR IV,66537J796,282375000.0,1127,0.004141807093127213
QQEW,FIRST TR EXCHANGE-TRADED FD,337344105,281524000.0,2217,0.004129324834300295
EAGG,ISHARES TR,46435U549,278881000.0,5865,0.00409055795994125
CDE,COEUR MNG INC,192108504,278791000.0,14853,0.004089237862062963
YOU,CLEAR SECURE INC,18467V109,278696000.0,5757,0.004087844425413659
PRI,PRIMERICA INC,74164M108,277592000.0,1108,0.004071651224773332
EMGF,ISHARES INC,46434G889,277349000.0,4590,0.004068086960501955
IBTH,ISHARES TR,46436E841,276696000.0,12336,0.004058508917007269
THG,HANOVER INS GROUP INC,410867105,276493000.0,1595,0.0040555313629040204
MSGS,MADISON SQUARE GRDN SPRT COR,55825T103,276404000.0,860,0.004054225932779936
WCMI,FIRST TR EXCHANGE-TRADED FD,33733E732,275779000.0,16445,0.004045058586402939
VIS,VANGUARD WORLD FD,92204A603,275395000.0,882,0.004039426168788912
ICLO,INVESCO ACTIVELY MANAGED EXC,46090A721,275329000.0,10793,0.004038458097011501
LW,LAMB WESTON HLDGS INC,513272104,275324000.0,6515,0.004038384758240485
BLES,NORTHERN LTS FD TR IV,66538H658,275305000.0,6207,0.004038106070910624
TPD,SOMNIGROUP INTERNATIONAL INC,88023U101,275056000.0,3721,0.004034453800114029
CTRA,COTERRA ENERGY INC,127097103,273460000.0,7782,0.004011044064405729
FDN,FIRST TR EXCHANGE-TRADED FD,33733E302,272411000.0,1164,0.003995657590246578
CINF,CINCINNATI FINL CORP,172062101,272396000.0,1731,0.00399543757393353
UTG,REAVES UTIL INCOME FD,756158101,272102000.0,6927,0.003991125254197791
SHYM,BLACKROCK ETF TRUST II,092528108,272039000.0,12354,0.0039902011856829895
INDS,PACER FDS TR,69374H766,270587000.0,7364,0.0039689036065799505
SELV,SEI EXCHANGE TRADED FUNDS,81589A403,269474000.0,8333,0.0039525783961517945
ON,ON SEMICONDUCTOR CORP,682189105,268504000.0,4336,0.003938350674574695
MORN,MORNINGSTAR INC,617700109,268113000.0,1586,0.003932615582681246
INMU,BLACKROCK ETF TRUST II,092528207,268103000.0,11213,0.003932468905139213
IMTB,ISHARES TR,46435G417,267609000.0,6107,0.0039252230345628355
FCOM,FIDELITY COVINGTON TRUST,316092873,265396000.0,3896,0.003892763294511164
CXT,CRANE NXT CO,224441105,265255000.0,6535,0.0038906951411685144
FXO,FIRST TR EXCHANGE-TRADED FD,33734X135,264711000.0,4711,0.003882715882881976
PSEP,INNOVATOR ETFS TRUST,45782C656,264561000.0,6144,0.0038805157197514964
THC,TENET HEALTHCARE CORP,88033G407,264005000.0,1399,0.0038723604484145204
RMD,RESMED INC,761152107,263103000.0,1172,0.003859130134123238
DDFJ,INNOVATOR ETFS TRUST,45784N544,261590000.0,13944,0.003836937822013804
GEF,GREIF INC,397624107,261506000.0,3899,0.0038357057306607355
BIIB,BIOGEN INC,09062X103,260329000.0,1420,0.0038184417839635747
COIN,COINBASE GLOBAL INC,19260Q107,259995000.0,1489,0.0038135427540597075
SPBO,SPDR SERIES TRUST,78464A144,259325000.0,8933,0.003803715358743567
ZMAR,INNOVATOR ETFS TRUST,45784N742,258782000.0,9381,0.003795750768211232
MMIT,NEW YORK LIFE INVTS ACTIVE E,45409F827,258020000.0,10704,0.003784573939508397
SNSR,GLOBAL X FDS,37954Y780,257615000.0,6912,0.0037786334990561033
AIG,AMERICAN INTL GROUP INC,026874784,257581000.0,3423,0.0037781347954131948
J,JACOBS SOLUTIONS INC,46982L108,255450000.0,2007,0.003746877811206186
CCK,CROWN HLDGS INC,228368106,255240000.0,2546,0.0037437975828235152
ITRI,ITRON INC,465741106,255177000.0,2847,0.003742873514308714
FIDU,FIDELITY COVINGTON TRUST,316092709,255147000.0,2949,0.003742433481682618
IMTM,ISHARES TR,46434V449,254882000.0,5308,0.0037385465268187715
MOG/A,MOOG INC,615394202,254597000.0,870,0.003734366216870861
BMAY,INNOVATOR ETFS TRUST,45782C326,254296000.0,5667,0.003729951222855699
KRMN,KARMAN HLDGS INC,485924104,253919000.0,3172,0.0037244214795210946
CRS,CARPENTER TECHNOLOGY CORP,144285103,253833000.0,644,0.0037231600526596194
NAPR,INNOVATOR ETFS TRUST,45782C334,252836000.0,4629,0.003708536301719034
TTMI,TTM TECHNOLOGIES INC,87305R109,252805000.0,2595,0.003708081601338735
DFAT,DIMENSIONAL ETF TRUST,25434V609,251856000.0,4033,0.003694161902599903
HALO,HALOZYME THERAPEUTICS INC,40637H109,250635000.0,3878,0.0036762525747178016
DTE,DTE ENERGY CO,233331107,250475000.0,1713,0.0036739057340452906
XCEM,COLUMBIA ETF TR II,19762B202,249023000.0,6102,0.003652608154942251
INDA,ISHARES TR,46429B598,248954000.0,5315,0.0036515960799022307
NXT,NEXTPOWER INC,65290E101,248936000.0,2065,0.003651332060326573
GLPI,GAMING &LEISURE P,36467J108,248448000.0,5599,0.003644174196275414
QDPL,PACER FDS TR,69374H436,247938000.0,6177,0.0036366936416317845
STWD,STARWOOD PPTY TR INC,85571B105,246473000.0,14313,0.0036152053817241035
TRP,TC ENERGY CORP,87807B107,246099000.0,3931,0.0036097196416521086
TOST,TOAST INC,888787108,244555000.0,9225,0.003587072629162375
RODM,LATTICE STRATEGIES TR,518416102,243616000.0,6180,0.0035732996079655753
FEMS,FIRST TR EXCH TRD ALPHDX FD,33737J307,243214000.0,5339,0.0035674031707758906
INTA,INTAPP INC,45827U109,242925000.0,9456,0.0035631641898111674
XYL,XYLEM INC,98419M100,242466000.0,2029,0.003556431690631901
EQR,EQUITY RESIDENTIAL,29476L107,242321000.0,4097,0.0035543048662724378
SF,STIFEL FINL CORP,860630102,242033000.0,3274,0.003550080553061917
DDFM,INNOVATOR ETFS TRUST,45784N379,241097000.0,12843,0.003536351535127727
OZK,BANK OZK LITTLE ROCK ARK,06417N103,240234000.0,5235,0.0035236932632503695
FTRI,FIRST TR EXCHANGE-TRADED FD,33734X838,240233000.0,13458,0.003523678595496166
TSCO,TRACTOR SUPPLY CO,892356106,240011000.0,5298,0.003520422354063057
RNR,RENAISSANCERE HLDGS LTD,G7496G103,239567000.0,806,0.0035139098711968386
LULU,LULULEMON ATHLETICA INC,550021109,239296000.0,1563,0.0035099349098077727
VCR,VANGUARD WORLD FD,92204A108,238788000.0,665,0.0035024836906725498
MMSI,MERIT MED SYS INC,589889104,238084000.0,3454,0.0034921575917135
MINO,PIMCO ETF TR,72201R635,236346000.0,5232,0.003466665034908347
XBIL,RBB FD INC,74933W460,236192000.0,4721,0.003464406200761055
IXN,ISHARES TR,464287291,235870000.0,2359,0.0034596831839076264
FNCL,FIDELITY COVINGTON TRUST,316092501,234793000.0,3345,0.003443886012630785
FDD,FIRST TR EXCHANGE-TRADED FD,33735T109,234792000.0,13183,0.0034438713448765815
FTAI,FTAI AVIATION LTD,G3730V105,234722000.0,958,0.0034428446020823584
PEGA,PEGASYSTEMS INC,705573103,234633000.0,5513,0.0034415391719582735
CF,CF INDUSTRIES HOLD,125269100,231908000.0,1786,0.003401569541754567
IUS,INVESCO EXCH TRD SLF IDX FD,46138J742,230903000.0,3987,0.0033868284487803563
VSEC,VSE CORP,918284100,230500000.0,1250,0.0033809173438364686
VOOG,VANGUARD ADMIRAL FDS INC,921932505,230434000.0,565,0.0033799492720590577
CACC,CREDIT ACCEP CORP MICH,225310101,229515000.0,542,0.0033664696059463217
EVMO,MORGAN STANLEY ETF TRUST,61774R767,228302000.0,4537,0.0033486776200978455
CNO,CNO FINL GROUP INC,12621E103,228101000.0,5555,0.0033457294015030036
TWLO,TWILIO INC,90138F102,227230000.0,1806,0.0033329537875920207
BKMI,BNY MELLON ETF TRUST II,05613H704,226710000.0,8686,0.003325326555406359
FDLS,NORTHERN LTS FD TR IV,66538H187,226664000.0,6136,0.0033246518387130123
HUBB,HUBBELL INC,443510607,226244000.0,461,0.0033184913819476708
STE,STERIS PLC,G8473T100,224921000.0,1017,0.003299085943136843
IVOO,VANGUARD ADMIRAL FDS INC,921932885,224525000.0,1964,0.003293277512472378
NXPI,NXP SEMICONDUCTORS N V,N6596X109,224083000.0,1138,0.0032867943651145658
PJUN,INNOVATOR ETFS TRUST,45782C748,223773000.0,5350,0.003282247361311575
SN,SHARKNINJA INC,G8068L108,223767000.0,2113,0.003282159354786356
AGOX,STARBOARD INVT TR,85521B742,223741000.0,8405,0.003281777993177073
IBN,ICICI BANK LIMITED,45104G104,223698000.0,8637,0.003281147279746336
POST,POST HLDGS INC,737446104,222732000.0,2253,0.003266978229186049
NFG,NATIONAL FUEL GAS CO,636180101,221799000.0,2361,0.0032532932145144682
CPAY,CORPAY INC,219948106,220570000.0,758,0.0032352665445987416
RUSC,RUSSELL INVTS EXCHANGE TRADE,78249U100,220007000.0,6878,0.0032270085989823424
IP,INTERNATIONAL PAPER CO,460146103,219948000.0,6161,0.003226143201484354
VNT,VONTIER CORPORATION,928881101,219666000.0,6193,0.0032220068947990533
BUFS,FIRST TR EXCHNG TRADED FD VI,33740F243,219554000.0,9521,0.0032203641063282954
MZTI,MARZETTI COMPANY,513847103,219253000.0,1585,0.0032159491123131333
SUNB,SUNBELT RENTALS HOLDINGS INC,866966104,217596000.0,3343,0.003191644643598439
PNOV,INNOVATOR ETFS TRUST,45782C573,217089000.0,5313,0.003184208092217419
LRGF,ISHARES TR,46434V282,217074000.0,3289,0.0031839880759043713
PLMR,PALOMAR HLDGS INC,69753M105,217012000.0,1816,0.003183078675143773
FRI,FIRST TR EXCHANGE-TRADED FD,33734G108,216934000.0,7622,0.0031819345903159237
RSPN,INVESCO EXCHANGE TRADED FD T,46137V324,216226000.0,3755,0.0031715498203400616
WPC,WP CAREY INC,92936U109,215774000.0,3175,0.0031649199954402176
FND,FLOOR &DECOR HLDGS INC,339750101,215443000.0,4241,0.00316006496879896
GPIQ,GOLDMAN SACHS ETF TR,38149W630,215182000.0,4348,0.003156236684951926
NI,NISOURCE INC,65473P105,215105000.0,4610,0.00315510726787828
EVTC,EVERTEC INC,30040P103,214867000.0,7614,0.0031516163423779197
VCLT,VANGUARD SCOTTSDALE FDS,92206C813,214745000.0,2874,0.00314982687636513
FGD,FIRST TR EXCHANGE-TRADED FD,33734X200,214620000.0,6722,0.0031479934070897304
KWEB,KRANESHARES TRUST,500767306,214305000.0,7538,0.003143373064515724
EA,ELECTRONIC ARTS INC,285512109,214236000.0,1051,0.0031423609894757035
BE,BLOOM ENERGY CORP,093712107,213804000.0,1578,0.0031360245196599234
FV,FIRST TR EXCHANGE TRADED FD,33738R605,213385000.0,3531,0.0031298787306487845
EWY,ISHARES INC,464286772,212980000.0,1731,0.0031239382901964907
URTH,ISHARES INC,464286392,212063000.0,1178,0.0031104879595921604
EFX,EQUIFAX INC,294429105,212063000.0,1178,0.0031104879595921604
BMAR,INNOVATOR ETFS TRUST,45782C391,211843000.0,4036,0.0031072610536674577
SLNZ,TCW ETF TRUST,29287L809,211826000.0,4678,0.003107011701846003
MPLX,MPLX LP,55336V100,211466000.0,3705,0.0031017313103328535
FGSM,ADVISORS INNER CIRCLE FD II,00764Q595,210619000.0,6760,0.0030893077225227473
RGLD,ROYAL GOLD INC,780287108,209954000.0,825,0.003079553665977622
XLRE,SELECT SECTOR SPDR TR,81369Y860,209589000.0,5133,0.0030741999356934564
CRUS,CIRRUS LOGIC INC,172755100,209410000.0,1448,0.0030715744076910845
FPI,FARMLAND PARTNERS INC,31154R109,208810000.0,18594,0.0030627737551691668
BKLN,INVESCO EXCH TRADED FD TR II,46138G508,208354000.0,10208,0.00305608525925251
IVOG,VANGUARD ADMIRAL FDS INC,921932869,207425000.0,1659,0.0030424589155977418
TFX,TELEFLEX INCORPORATED,879369106,205347000.0,1717,0.0030119793223635023
BMI,BADGER METER INC,056525108,204911000.0,1345,0.003005584181530909
WLDN,WILLDAN GROUP INC,96924N100,204185000.0,2667,0.0029949353919793897
XAGG,MORGAN STANLEY ETF TRUST,61774R817,202116000.0,4070,0.002964587808532979
NBIX,NEUROCRINE BIOSCIENCES INC,64125C109,202089000.0,1534,0.002964191779169493
TILE,INTERFACE INC,458665304,201752000.0,8096,0.002959248746003016
LGND,LIGAND PHARMACEUTICALS INC,53220K504,201647000.0,1010,0.0029577086318116805
FR,FIRST INDL RLTY TR INC,32054K103,200913000.0,3473,0.0029469425002265352
TSME,THRIVENT ETF TRUST,88588G109,200374000.0,4819,0.0029390365807110135
FBT,FIRST TR EXCHANGE-TRADED FD,33733E203,200217000.0,997,0.0029367337433011116
PATH,UIPATH INC,90364P105,194472000.0,17520,0.002852467495403756
OWL,BLUE OWL CAPITAL INC,09581B103,192890000.0,21127,0.002829263108254301
DDTJ,INNOVATOR ETFS TRUST,45784N429,190812000.0,10277,0.0027987835150200618
XFOFX,COHEN &STEERS CLOSED-END,19248P106,173841000.0,13550,0.002549857058437638
N/A,CUSHMAN AND WAKEFIELD LTD,G2717C106,173553000.0,14156,0.002545632745227118
FIVN,FIVE9 INC,338307101,172043000.0,11341,0.0025234844363802933
BDJ,BLACKROCK ENHANCED EQUITY DI,09251A104,164442000.0,19077,0.002411994836681807
HYT,BLACKROCK CORPOR HI YLD FD I,09255P107,163963000.0,19245,0.002404968982418477
TK,TEEKAY CORPORATION LTD,G8726T105,163834000.0,13418,0.0024030768421262646
SMR,NUSCALE PWR CORP,67079K100,156508000.0,14438,0.0022956208748336573
HTGC,HERCULES CAPITAL INC,427096508,155779000.0,10547,0.002284928082019528
MFG,MIZUHO FINANCIAL GROUP INC,60687Y109,142809000.0,17986,0.0020946873100040875
GNL,GLOBAL NET LEASE INC,379378201,142339000.0,15207,0.0020877934655285863
DJT,TRUMP MEDIA &TECHNOLOGY GRO,25400Q105,137428000.0,14809,0.002015760124636695
AMRX,AMNEAL PHARMACEUTICALS INC,03168L105,131049000.0,10543,0.0019221945205745135
ERIC,TELEFONAKTIEBOLAGET LM ERICS,294821608,128816000.0,11430,0.001889441425438779
WU,WESTERN UN CO,959802109,127964000.0,14658,0.0018769444988576568
PK,PARK HOTELS &RESORTS INC,700517105,111702000.0,10608,0.001638417480005298
ETJ,EATON VANCE RISK-MANAGED DIV,27829G106,110083000.0,13474,0.0016146703859503252
ARRY,ARRAY TECHNOLOGIES INC,04271T100,100468000.0,13896,0.0014736399292866046
BHC,BAUSCH HEALTH COS INC,071734107,91962000.0,17030,0.001348876012034227
ABEV,AMBEV SA,02319V103,78390000.0,26846,0.0011498052519884631
SLI,STANDARD LITHIUM LTD,853606101,68200000.0,20000,0.0010003408366579052
CSWC 5.125 11/15/29,CAPITAL SOUTHWEST CORP,140501AE7,61140000.0,60000,0.0008967864919833478
RUM,RUMBLE INC,78137L105,52239000.0,10243,0.0007662288118207083
