ticker,nameOfIssuer,cusip,value,shares,allocation_percent
NVDA,NVIDIA CORP,67066G104,263779000.0,1413757,2.00581107983277
MSFT,MICROSOFT,594918104,222224000.0,429046,1.6898212572068187
AAPL,APPLE INC,037833100,218391000.0,857680,1.6606746084250772
NVDA,NVIDIA CORP,67066G104,170856000.0,915727,1.2992120595495007
MSFT,MICROSOFT,594918104,147216000.0,284228,1.1194503123018171
AMZN,AMAZON.COM INC,023135106,120903000.0,550636,0.9193627126686408
AAPL,APPLE INC,037833100,109563000.0,430283,0.8331318237604879
NVDA,NVIDIA CORP,67066G104,94032000.0,503979,0.7150320058034757
META,META PLATFORMS INC,30303M102,92641000.0,126149,0.704454654262802
AVGO,BROADCOM INC,11135F101,89909000.0,272525,0.683680157922672
NVDA,NVIDIA CORP,67066G104,87639000.0,469711,0.6664187718713928
GOOGL,ALPHABET INC/CA,02079K305,82360000.0,338792,0.6262765441336382
MSFT,MICROSOFT,594918104,79284000.0,153073,0.6028862254139311
AAPL,APPLE INC,037833100,77909000.0,305968,0.5924305400304469
MSFT,MICROSOFT,594918104,77477000.0,149583,0.5891455537863268
AAPL,APPLE INC,037833100,72311000.0,283986,0.549862593283724
GOOGL,ALPHABET INC/CA,02079K305,71609000.0,294567,0.5445244906370288
TSLA,TESLA INC,88160R101,71600000.0,161000,0.5444560534236097
AMZN,AMAZON.COM INC,023135106,68483000.0,311894,0.5207539651761042
GOOG,ALPHABET INC/CA,02079K107,66427000.0,272745,0.5051198639772363
META,META PLATFORMS INC,30303M102,64392000.0,87682,0.4896454496096798
AMZN,AMAZON.COM INC,023135106,54678000.0,249023,0.4157788839259236
GOOGL,ALPHABET INC/CA,02079K305,53673000.0,220785,0.4081367284274497
BRK/B,BERKSHIRE HATHAWAY CL B,084670702,53290000.0,105999,0.40522434478972286
JPM,JP MORGAN CHASE & CO,46625H100,50155000.0,159006,0.3813853821153791
MSFT,MICROSOFT,594918104,50092000.0,96712,0.3809063216214449
JPM,JP MORGAN CHASE & CO,46625H100,49712000.0,157600,0.37801675038819105
AMZN,AMAZON.COM INC,023135106,47148000.0,214727,0.3585197486985523
SAN,BANCO SANTANDER CENTRAL ADR,05964H105,44403000.0,4236960,0.33764639860570583
AMZN,AMAZON.COM INC,023135106,43112000.0,196349,0.32782946054746726
AVGO,BROADCOM INC,11135F101,41216000.0,124932,0.31341202092049575
CMI,CUMMINS INC,231021106,39069000.0,92500,0.2970859434526118
BCS,BARCLAYS PLC,06738E204,39006000.0,1887100,0.2966068829586776
ING,ING GROUP N V ADR,456837103,38976000.0,1494470,0.29637875891394705
DWD,MORGAN STANLEY,617446448,38745000.0,243740,0.29462220376952175
GOOG,ALPHABET INC/CA,02079K107,37980000.0,155943,0.28880504062889234
GOOGL,ALPHABET INC/CA,02079K305,37790000.0,155449,0.2873602550122655
URI,UNITED RENTALS INC,911363109,37499000.0,39280,0.28514745177837897
MUFG,MITSUBISHI UFJ FINANCIAL  JA,606822104,37487000.0,2351740,0.28505620216048677
DELL,DELL TECHNOLOGIES CL C,24703L202,37441000.0,264100,0.2847064119585666
AER,AERCAP HOLDINGS NV,N00985106,37203000.0,307460,0.2828966278703708
SPY,SPIDER UNIT TRUST,78462F103,37080000.0,55661,0.2819613192869755
KLAC,KLA-TENCOR CORP,482480100,36241000.0,33600,0.2755814501693441
LLY,LILLY (ELI) & CO,532457108,36239000.0,47495,0.27556624189969536
BABA,ALIBABA GROUP HLDG LTD,01609W102,34976000.0,195690,0.2659622196165387
HCA,HCA HOLDINGS INC,40412C101,34863000.0,81800,0.2651029523813869
QCOM,QUALCOMM INC,747525103,34836000.0,209400,0.26489764074112937
LLY,LILLY (ELI) & CO,532457108,34788000.0,45594,0.2645326422695605
AVGO,BROADCOM INC,11135F101,34740000.0,105300,0.2641676437979916
MO,ALTRIA GROUP INC,02209S103,34629000.0,524200,0.2633235848324885
NVDA,NVIDIA CORP,67066G104,34568000.0,185272,0.262859732608203
V,VISA INC,92826C839,34098000.0,99882,0.2592857892407575
TSM,TAIWAN SEMICONDUCTOR    ADR,874039100,34015000.0,121790,0.25865464605033633
META,META PLATFORMS INC,30303M102,33789000.0,46010,0.25693611158003277
AVGO,BROADCOM INC,11135F101,33743000.0,102279,0.25658632137811255
AMZN,AMAZON.COM INC,023135106,33393000.0,152083,0.2539248741895893
NVS,NOVARTIS AG,66987V109,33073000.0,257900,0.2514915510457967
META,META PLATFORMS INC,30303M102,33070000.0,45031,0.2514687386413236
NWG,NATWEST GROUP PLC,639057207,33063000.0,2336600,0.25141550969755316
N/A,CRH PLC,G25508105,32830000.0,273810,0.2496437462834791
SHOP,SHOPIFY INC,82509L107,32614000.0,219458,0.24800125316141902
ABBV,ABBVIE INC,00287Y109,32429000.0,140060,0.24659448821891394
CSCO,CISCO SYSTEM INC,17275R102,32294000.0,472000,0.24556793001762636
JBL,JABIL CIRCUIT INC,466313103,32076000.0,147700,0.24391022862591763
AVGO,BROADCOM INC,11135F101,32004000.0,97009,0.24336273091856425
PH,PARKER HANNIFIN,701094104,31766000.0,41900,0.2415529468303685
AVGO,BROADCOM INC,11135F101,31661000.0,95968,0.24075451267381154
NVDA,NVIDIA CORP,67066G104,31430000.0,168451,0.2389979575293862
FITB,FIFTH THIRD BANCORP,316773100,31230000.0,701000,0.23747713056451575
TPR,TAPESTRY INC,876030107,30841000.0,272400,0.2345191221178428
BAC,BANK OF AMERICA CORP,060505104,30823000.0,597470,0.23438224769100446
KR,KROGER CO,501044101,30806000.0,457000,0.23425297739899045
NFLX,NETFLIX INC,64110L106,30742000.0,25641,0.23376631277023194
A4S,AMERIPRISE FINANCIAL INC,03076C106,30738000.0,62570,0.23373589623093455
META,META PLATFORMS INC,30303M102,30510000.0,41545,0.23200215349098224
J,JACOBS SOLUTIONS INC,46982L108,30377000.0,202700,0.23099080355934343
NTES,NETEASE INC,64110W102,30079000.0,197900,0.2287247713816865
NET,CLOUDFLARE INC,18915M107,30020000.0,139894,0.22827612742704972
CFG,CITIZENS FINL GROUP INC,174610105,29619000.0,557170,0.22522686936248454
NFLX,NETFLIX INC,64110L106,29586000.0,24677,0.2249759329132809
BTI,BRITISH AMERICAN TOBACCO   A,110448107,29365000.0,553220,0.2232954191170991
EXPE,EXPEDIA INC,30212P303,29271000.0,136940,0.22258063044361004
GOOGL,ALPHABET INC CA,02079K305,29194000.0,120090,0.22199511206213493
DASH,DOORDASH INC,25809K105,29157000.0,107197,0.2217137590736339
INCY,INCYTE CORP,45337C102,29115000.0,343300,0.2213943854110111
MCK,MCKESSON CORP,58155Q103,28893000.0,37400,0.21970626748000494
GM,GENERAL MTRS CO,37045V100,28705000.0,470800,0.21827669013302675
BWA,BORGWARNER INC,099724106,28675000.0,652300,0.21804856608829618
DKS,DICKS SPORTING GOODS INC,253393102,28355000.0,127600,0.21561524294450352
AXP,AMERICAN EXPRESS CO,025816109,28323000.0,85270,0.21537191063012423
UAL,UNITED CONTL HLDGS INC,910047109,28311000.0,293380,0.215280661012232
XOM,EXXON MOBIL CORP,30231G102,28199000.0,250105,0.21442899791190456
IX,ORIX CORP,686330101,28113000.0,1076300,0.2137750423170103
BKNG,BOOKING HLDGS INC,09857L108,28076000.0,5200,0.21349368932850926
FSLR,FIRST SOLAR INC,336433107,27787000.0,126000,0.21129609436427152
MA,MASTERCARD INC,57636Q104,27020000.0,47502,0.20546372295399346
KBIA,KB FINANCIAL GROUP INC,48241A105,27006000.0,325730,0.20535726506645252
VIPS,VIPSHOP HLDGS LTD,92763W103,26932000.0,1371290,0.2047945590894505
GOOGL,ALPHABET INC/CA,02079K305,26814000.0,110300,0.20389727118017695
GILD,GILEAD SCIENCES INC,375558103,26640000.0,240000,0.2025741517207397
SHEL,ROYAL DUTCH SHELL PLC ADR,780259305,26636000.0,372380,0.20254373518144228
V,VISA INC,92826C839,26623000.0,77985,0.2024448814287257
PSX,PHILLIPS 66,718546104,26513000.0,194920,0.20160842659804695
RL,RALPH LAUREN CORP,751212101,26508000.0,84540,0.2015704059239252
CBRE,CBRE GROUP INC,12504L109,26350000.0,167240,0.2003689526216776
LEN,LENNAR CORP CL A,526057104,26317000.0,208800,0.20011801617247393
IPG,INTERPUBLIC GROUP COS INC,460690100,26315000.0,942840,0.20010280790282525
TEVA,TEVA PHARMACEUTICAL,881624209,26292000.0,1301600,0.19992791280186514
FOXA,FOX CORP,35137L105,26148000.0,414650,0.19883291738715841
ORCL,ORACLE CORP,68389X105,26097000.0,92793,0.19844510651111646
IBM,INTERNATIONAL BUSINESS MACHI,459200101,26043000.0,92300,0.19803448323060147
NTAP,NETAPP INC,64110D104,25918000.0,218790,0.19708396637755748
WMT,WAL-MART STORES INC,931142103,25847000.0,250793,0.19654407280502847
BBY,BEST BUY CO INC,086516101,25826000.0,341530,0.19638438597371707
JNJ,JOHNSON & JOHNSON,478160104,25824000.0,139272,0.19636917770406837
ORCL,ORACLE CORP,68389X105,25705000.0,91400,0.19546428565997048
PM,PHILIP MORRIS INTL INC,718172109,25672000.0,158273,0.19521334921076683
ITUB,ITAU UNIBANCO HLDG SA,465562106,25659000.0,3495714,0.19511449545805026
STT,STATE STREET CORP,857477103,25533000.0,220090,0.19415637447018189
TSLA,TESLA INC,88160R101,25469000.0,57270,0.19366970984142337
MAS,MASCO CORP,574599106,25294000.0,359340,0.19233898624716175
HII,HUNTINGTON INGALLS INDS INC,446413106,24760000.0,86000,0.18827837825095775
JPM,JP MORGAN CHASE & CO,46625H100,24739000.0,78428,0.18811869141964635
TEVA,TEVA PHARMACEUTICAL,881624209,24725000.0,1224000,0.18801223353210542
CTSH,COGNIZANT TECH SOLUTIONS,192446102,24682000.0,368000,0.18768525573465827
QCOM,QUALCOMM INC,747525103,24520000.0,147390,0.18645338589311325
SYF,SYNCHRONY FINL,87165B103,24515000.0,345040,0.1864153652189915
WFC,WELLS FARGO & CO,949746101,24316000.0,290100,0.18490214238894542
PGR,PROGRESSIVE CORP OHIO,743315103,24201000.0,98000,0.18402766688414493
LLY,LILLY (ELI) & CO,532457108,23973000.0,31419,0.18229392414419265
RCL,ROYAL CARIBBEAN CRUISES LTD,V7780T103,23867000.0,73760,0.1814878858528113
GEHC,GE HEALTHCARE INC,36266G107,23747000.0,316200,0.1805753896738891
COST,COSTCO WHOLESALE CORP,22160K105,23731000.0,25638,0.18045372351669944
AMGN,AMGEN INC,031162100,23713000.0,84030,0.1803168490898611
NRG,NRG ENERGY INC,629377508,23684000.0,146240,0.18009632917995488
ABBV,ABBVIE INC,00287Y109,23666000.0,102212,0.17995945475311656
GOOG,ALPHABET INC CA,02079K107,23645000.0,97083,0.17979976792180516
DOX,AMDOCS LTD,G02602103,23503000.0,286450,0.17871998077674717
PBR,PETROLEO BRASILEIRO S A   BR,71654V408,23391000.0,1847660,0.17786831767641972
RIO,RIO TINTO       ADR,767204100,23365000.0,353960,0.17767061017098656
AZO,AUTOZONE INC,053332102,23339000.0,5440,0.1774729026655534
HD,HOME DEPOT INC,437076102,23279000.0,57452,0.17701665457609228
TMUS,T MOBILE US INC,872590104,23273000.0,97220,0.17697102976714618
GILD,GILEAD SCIENCES INC,375558103,23227000.0,209250,0.176621239565226
JBL,JABIL CIRCUIT INC,466313103,23174000.0,106710,0.17621822041953533
T,A T & T INC,00206R102,22836000.0,808650,0.17364802284890432
SLF,SUN LIFE FINL INC,866796105,22743000.0,378860,0.17294083831023957
MGM,MGM RESORTS INTERNATIONAL,552953101,22411000.0,646590,0.17041626554855469
HD,HOME DEPOT INC,437076102,22340000.0,55134,0.16987637197602568
PLTR,PALANTIR TECHNOLOGIES INC,69608A108,22174000.0,121555,0.16861408559518323
MAS,MASCO CORP,574599106,22145000.0,314600,0.16839356568527702
GEN,NORTONLIFELOCK INC,668771108,22144000.0,780000,0.16838596155045266
AAPL,APPLE INC,037833100,22115000.0,86852,0.16816544164054648
MFC,MANULIFE FINL CORP,56501R106,22020000.0,706900,0.16744304883223302
TTE,TOTAL SA,89151E109,21959000.0,367890,0.16697919660794755
BKNG,BOOKING HLDGS INC,09857L108,21867000.0,4050,0.16627961620410717
KR,KROGER CO,501044101,21864000.0,324340,0.1662568037996341
APO,APOLLO GLOBAL MANAGEMENT INC,03769M106,21830000.0,163800,0.16599826321560612
TRL,DAVITA INC,23918K108,21605000.0,162600,0.1642873328801269
PDD,PDD HOLDINGS INC.,722304102,21557000.0,163100,0.163922334408558
RBLX,ROBLOX CORPORATION CL A,771049103,21524000.0,155382,0.16367139795935437
ADBE,ADOBE SYSTEMS INC,00724F101,21511000.0,60980,0.1635725442066378
SRE,SEMPRA ENERGY,816851109,21431000.0,238180,0.16296421342068965
AIG,AMERICAN INTERNATIONAL GROUP,026874784,21394000.0,272400,0.1626828604321886
RIO,RIO TINTO       ADR,767204100,21296000.0,322620,0.1619376552194021
YUMC,YUM CHINA HLDGS INC,98850P109,21271000.0,495600,0.1617475518487933
AMAT,APPLIED MATERIALS INC,038222105,21229000.0,103690,0.1614281781861705
PAYC,PAYCOM SOFTWARE INC,70432V102,21176000.0,101740,0.16102515904047984
COF,CAPITAL ONE FINANCIAL CORP,14040H105,21116000.0,99330,0.16056891095101875
MDT,MEDTRONIC INC,G5960L103,20962000.0,220100,0.1593978741880685
PG,PROCTER & GAMBLE,742718109,20914000.0,136112,0.1590328757164996
OKE,ONEOK INC,682680103,20738000.0,284200,0.1576945479874136
CB,CHUBB LIMITED,H1467J104,20661000.0,73200,0.1571090296059385
FHN,FIRST HORIZON NATIONAL CORP,320517105,20276000.0,896767,0.15418143769856296
JD,JD COM INC,47215P106,20197000.0,577400,0.15358071104743914
T,A T & T INC,00206R102,20163000.0,714000,0.15332217046341118
FMS,FRESENIUS MEDICAL CARE,358029106,20161000.0,765700,0.1533069621937625
SONY,SONY CORP JA ADR,835699307,20084000.0,697600,0.15272144381228736
MA,MASTERCARD INC,57636Q104,20011000.0,35180,0.15216634197010967
MDT,MEDTRONIC INC,G5960L103,20000000.0,210000,0.1520826964870418
BAC,VERIZON COMMUNICATIONS,92343V104,19970000.0,454390,0.15185457244231124
V,VISA INC,92826C839,19895000.0,58277,0.1512842623304848
BAC,BANK OF AMERICA CORP,060505104,19882000.0,385389,0.15118540857776824
BK,BANK NEW YORK MELLON CORP,064058100,19831000.0,182000,0.1507975977017263
ORCL,ORACLE CORP,68389X105,19767000.0,70285,0.15031093307296778
SNY,SANOFI AVENTIS,80105N105,19638000.0,416060,0.14932999968062635
FI,FISERVE INC,337738108,19572000.0,151800,0.1488281267822191
EXE,EXPAND ENERGY CORP,165167735,19566000.0,184168,0.148782501973273
WMT,WAL-MART STORES INC,931142103,19225000.0,186546,0.1461894919981689
TTWO,TAKE-TWO INTERACTIVE SOFTWAR,874054109,19143000.0,74096,0.14556595294257205
BRK/B,BERKSHIRE HATHAWAY CL B,084670702,18987000.0,37767,0.14437970790997312
GE,GENERAL ELECTRIC CO,369604301,18799000.0,62493,0.14295013056299494
LLY,LILLY (ELI) & CO,532457108,18658000.0,24453,0.14187794755276129
UNH,UNITEDHEALTH GROUP INC,91324P102,18371000.0,53203,0.13969556085817225
UBER,UBER TECHNOLOGIES INC,90353T100,18367000.0,187478,0.13966514431887483
SNPS,SYNOPSYS INC,871607107,18297000.0,37085,0.1391328548811702
JPM,JP MORGAN CHASE & CO,46625H100,17893000.0,56726,0.13606078441213196
UNH,UNITEDHEALTH GROUP INC,91324P102,17335000.0,50203,0.13181767718014348
MMC,MARSH & MCLENNAN,571748102,17224000.0,85465,0.1309736182146404
CVX,CHEVRON CORP,166764100,17188000.0,110684,0.13069986936096373
AMD,ADVANCED MICRO DEVICES,007903107,16875000.0,104300,0.1283197751609415
NOW,SERVICENOW INC,81762P102,16815000.0,18272,0.12786352707148038
NXPI,NXP SEMICONDUCTORS NV,N6596X109,16738000.0,73500,0.12727800869000527
NXPI,NXP SEMICONDUCTORS NV,N6596X109,16624000.0,73000,0.12641113732002915
SHEL,ROYAL DUTCH SHELL PLC ADR,780259305,16609000.0,232190,0.12629707529766385
MU,MICRON TECHNOLOGY,595112103,16526000.0,98771,0.12566593210724264
HDB,HDFC BANK LTD,40415F101,16405000.0,480240,0.12474583179349603
META,META PLATFORMS INC,30303M102,16303000.0,22200,0.12397021004141211
TXT,TEXTRON INC,883203101,16256000.0,192400,0.12361281570466758
NFLX,NETFLIX INC,64110L106,16248000.0,13552,0.12355198262607277
TTE,TOTAL SA,89151E109,16157000.0,270680,0.12286000635705671
ZTO,ZTO EXPRESS CAYMAN INC,98980A105,16135000.0,840370,0.12269271539092097
AMD,ADVANCED MICRO DEVICES,007903107,15870000.0,98090,0.12067761966246768
WFC,WELLS FARGO & CO,949746101,15851000.0,189107,0.12053314110080497
VALE,VALE SA,91912E105,15820000.0,1456700,0.12029741292125005
CSCO,CISCO SYSTEM INC,17275R102,15790000.0,230782,0.1200692888765195
TXN,TEXAS INSTRUMENTS INC,882508104,15654000.0,85199,0.11903512654040761
SNN,SMITH & NEPHEW PLC UK ADR,83175M205,15492000.0,426900,0.11780325669886259
CDW,CDW CORP,12514G108,15482000.0,97200,0.11772721535061904
EMN,EASTMAN CHEMICAL CO,277432100,15322000.0,243020,0.11651055377872271
DIS,DISNEY WALT CO (HOLDING CO),254687106,15201000.0,132759,0.11559045346497612
AMD,ADVANCED MICRO DEVICES,007903107,15181000.0,93830,0.11543837076848906
IBM,INTERNATIONAL BUSINESS MACHI,459200101,15074000.0,53425,0.1146247283422834
URI,UNITED RENTALS INC,911363109,14984000.0,15696,0.11394035620809172
RRX,REGAL BELOIT CORP,758750103,14927000.0,104063,0.11350692052310364
KO,COCA COLA CO,191216100,14883000.0,224412,0.11317233859083214
MA,MASTERCARD INC,57636Q104,14864000.0,26131,0.11302786002916945
ADBE,ADOBE SYSTEMS INC,00724F101,14831000.0,42044,0.11277692357996585
WFC,WELLS FARGO & CO,949746101,14796000.0,176521,0.11251077886111352
BMY,BRISTOL MYERS SQUIBB CO,110122108,14672000.0,325320,0.11156786614289387
PM,PHILIP MORRIS INTL INC,718172109,14569000.0,89824,0.11078464025598558
NOW,SERVICENOW INC,81762P102,14531000.0,15790,0.11049568313266023
GS,GOLDMAN SACHS GROUP INC,38141G104,14489000.0,18194,0.11017630947003743
NEE,NEXTERA ENERGY INC,65339F101,14335000.0,189888,0.10900527270708721
ETN,EATON CORP PLC,G29183103,14200000.0,37943,0.10797871450579967
INTC,INTEL CORP,458140100,14155000.0,421893,0.10763652843870383
RGEN,REPLIGEN CORP,759916109,14142000.0,105800,0.10753767468598727
ORCL,ORACLE CORP,68389X105,13947000.0,49592,0.1060548683952386
NOC,NORTHROP GRUMMAN CORP,666807102,13905000.0,22820,0.1057354947326158
FCNCA,FIRST CITIZENS BANKSHARES CL,31946M103,13850000.0,7741,0.10531726731727645
EQIX,EQUINIX INC,29444U700,13841000.0,17672,0.10524883010385729
GS,GOLDMAN SACHS GROUP INC,38141G104,13756000.0,17274,0.10460247864378734
TSLA,TESLA INC,88160R101,13696000.0,30796,0.10414623055432623
XOM,EXXON MOBIL CORP,30231G102,13665000.0,121199,0.1039105023747713
ANET,ARISTA NETWORKS INC,040413205,13662000.0,93763,0.10388768997029825
DUOL,DUOLINGO INC CL A COM,26603R106,13544000.0,42084,0.10299040206102471
ABT,ABBOTT LABS,002824100,13447000.0,100399,0.10225280098306254
AKAM,AKAMAI TECHNOLOGIES INC,00971T101,13402000.0,176900,0.10191061491596672
MNST,MONSTER BEVERAGE CORP,61174X109,13393000.0,198969,0.10184217770254755
CAT,CATERPILLAR INC,149123101,13317000.0,27909,0.10126426345589679
MDB,MONGODB INC,60937P106,13232000.0,42632,0.10061791199582684
LIN,NEW LINDE PLC,G54950103,13082000.0,27541,0.09947729177217403
CRM,SALESFORCE.COM,79466L302,13076000.0,55171,0.09943166696322792
WELL,WELLTOWER INC,95040Q104,13048000.0,73244,0.09921875118814606
KHC,KRAFT HEINZ CO,500754106,12913000.0,495900,0.09819219298685854
RTX,RAYTHEON TECHNOLOGIES CORP,75513E101,12875000.0,76941,0.09790323586353317
CRM,SALESFORCE.COM,79466L302,12837000.0,54165,0.09761427874020777
JBTM,JOHN BEAN TECHNOLOGIES CORP,477839104,12808000.0,91194,0.09739375883030157
GE,GENERAL ELEC CO,369604301,12767000.0,42441,0.09708198930250313
TMUS,T MOBILE US INC,872590104,12634000.0,52777,0.0960706393708643
FTI,TECHNIPFMC LTD,G87110105,12624000.0,320000,0.09599459802262078
MCD,MCDONALD'S CORP,580135101,12619000.0,41525,0.09595657734849901
AXP,AMERICAN EXPRESS CO,025816109,12608000.0,37957,0.09587293186543114
PGR,PROGRESSIVE CORP OHIO,743315103,12516000.0,50682,0.09517335146159075
VALE,VALE SA,91912E105,12472000.0,1148390,0.09483876952931927
ALNY,ALNYLAM PHARMACEUTICALS INC,02043Q107,12466000.0,27337,0.09479314472037315
LLY,LILLY (ELI) & CO,532457108,12364000.0,16204,0.09401752296828925
MRK,MERCK & CO INC NEW,58933Y105,12268000.0,146165,0.09328752602515143
GS,GOLDMAN SACHS GROUP INC,38141G104,12159000.0,15268,0.09245867532929705
V,VISA INC,92826C839,12111000.0,35476,0.09209367685772817
VOYA,VOYA FINL INC,929089100,12088000.0,161600,0.09191878175676806
ABT,ABBOTT LABS,002824100,12014000.0,89695,0.091356075779766
DIS,DISNEY WALT CO (HOLDING CO),254687106,11995000.0,104760,0.09121159721810332
UBER,UBER TECHNOLOGIES INC COMMON,90353T100,11899000.0,121457,0.09048160027496552
CDNS,CADENCE DESIGN SYSTEM INC,127387108,11865000.0,33778,0.09022305969093754
WLK,WESTLAKE CHEMICALS,960413102,11836000.0,153600,0.09000253978103134
T,AT&T INC,00206R102,11714000.0,414819,0.08907483533246037
CB,CHUBB LIMITED,H1467J104,11629000.0,41200,0.08842848387239045
MLM,MARTIN MARIETTA MATERIALS,573284106,11496000.0,18239,0.08741713394075162
IR,INGERSOLL-RAND INC,45687V106,11484000.0,139000,0.0873258843228594
CSGP,COSTAR GROUP INC,22160N109,11451000.0,135718,0.08707494787365577
DWD,MORGAN STANLEY,617446448,11416000.0,71817,0.08680880315480345
ABT,ABBOTT LABS,002824100,11406000.0,85155,0.08673276180655994
PH,PARKER HANNIFIN,701094104,11339000.0,14956,0.08622328477332834
AZN,ASTRAZENECA PLC  ADR,046353108,11296000.0,147240,0.0858963069758812
ACM,AECOM,00766T100,11141000.0,85394,0.08471766607810663
PEP,PEPSICO INC,713448108,11140000.0,79323,0.08471006194328227
INTU,INTUIT INC,461202103,11088000.0,16237,0.08431464693241597
C,CITIGROUP INC,172967424,11086000.0,109222,0.08429943866276728
COST,COSTCO WHOLESALE CORP,22160K105,11085000.0,11976,0.08429183452794292
DT,DYNATRACE HOLDINGS LLC,268150109,11076000.0,228600,0.08422339731452375
NOW,SERVICENOW INC,81762P102,10999000.0,11952,0.08363787893304864
KLAC,KLA-TENCOR CORP,482480100,10983000.0,10183,0.08351621277585901
BURL,BURLINGTON STORES INC,122017106,10970000.0,43103,0.08341735902314243
TMO,THERMO ELECTRON CORP,883556102,10739000.0,22142,0.08166080387871709
MU,MICRON TECHNOLOGY,595112103,10722000.0,64079,0.0815315335867031
QCOM,QUALCOMM INC,747525103,10713000.0,64394,0.08146309637328394
AXP,AMERICAN EXPRESS CO,025816109,10706000.0,32231,0.08140986742951346
BAC,VERIZON COMMUNICATIONS,92343V104,10673000.0,242839,0.08115893098030985
W,WAYFAIR INC,94419L101,10562000.0,118239,0.08031487201480678
NFLX,NETFLIX INC,64110L106,10536000.0,8788,0.08011716450937362
INTU,INTUIT INC,461202103,10502000.0,15378,0.07985862392534565
IFF,INTERNATIONAL FLAVORS/FRAG,459506101,10434000.0,169552,0.0793415427572897
WFC,WELLS FARGO & CO,949746101,10371000.0,123729,0.07886248226335553
CAT,CATERPILLAR INC,149123101,10369000.0,21732,0.0788472739937068
MDLZ,MONDELEZ INTERNATIONAL INC,609207105,10240000.0,163925,0.0778663406013654
WEC,WEC ENERGY GROUP INC,92939U106,10218000.0,89169,0.07769904963522965
ICE,"INTERCONTINENTAL EXCHANGE, I",45866F104,10191000.0,60488,0.07749373799497215
DLR,DIGITAL RLTY TR INC,253868103,10131000.0,58600,0.07703748990551101
RTX,RAYTHEON TECHNOLOGIES CORP,75513E101,10075000.0,60213,0.0766116583553473
BKNG,BOOKING HLDGS INC,09857L108,10070000.0,1865,0.07657363768122555
XOM,EXXON MOBIL CORP,30231G102,10050000.0,89131,0.0764215549847385
TSLA,TESLA INC,88160R101,9989000.0,22461,0.07595770276045302
WMT,WAL-MART STORES INC,931142103,9981000.0,96851,0.0758968696818582
LRCX,LAM RESEARCH CORP,512807306,9956000.0,74353,0.0757067663112494
MAR,MARRIOTT INTERNATIONAL CL A,571903202,9812000.0,37675,0.07461177089654271
BLK,BLACKROCK FUNDING INC,09290D101,9807000.0,8412,0.07457375022242094
WDAY,WORKDAY INC,98138H101,9806000.0,40735,0.07456614608759658
APA,APA CORP,03743Q108,9799000.0,403588,0.07451291714382613
SPGI,S&P GLOBAL INC,78409V104,9790000.0,20115,0.07444447993040695
GEV,GE VERNOVA INC,36828A101,9783000.0,15910,0.0743912509866365
AMAT,APPLIED MATERIALS INC,038222105,9741000.0,47576,0.07407187732401371
NDAQ,NASDAQ INC,631103108,9717000.0,109862,0.07388937808822925
BA,BOEING CO,097023105,9716000.0,45018,0.07388177395340491
CRWD,CROWDSTRIKE HOLDINGS INC,22788C105,9710000.0,19800,0.0738361491444588
TXN,TEXAS INSTRUMENTS INC,882508104,9686000.0,52721,0.07365364990867433
EMR,EMERSON ELECTRIC CO,291011104,9650000.0,73561,0.07337990105499766
LOW,LOWE'S COS,548661107,9635000.0,38338,0.07326583903263238
SHW,SHERWIN WILLIAMS,824348106,9606000.0,27742,0.07304531912272617
MA,MASTERCARD INC,57636Q104,9532000.0,16758,0.07248261314572411
AZO,AUTOZONE INC,053332102,9524000.0,2220,0.07242178006712931
SNOW,SNOWFLAKE INC,833445109,9468000.0,41978,0.07199594851696559
TJX,TJX COS INC,872540109,9428000.0,65227,0.07169178312399149
DDOG,DATADOG INC,23804L103,9426000.0,66195,0.0716765748543428
SCHW,SCHWAB (CHARLES) CORP,808513105,9394000.0,98401,0.07143324253996353
ORCL,ORACLE CORP,68389X105,9382000.0,33358,0.0713419929220713
KKR,KKR & CO INC. COMMON STOCK,48251W104,9345000.0,71912,0.07106063993357027
BA,BOEING CO,097023105,9317000.0,43166,0.07084772415848842
JNJ,JOHNSON & JOHNSON,478160104,9225000.0,49752,0.07014814375464803
ISRG,INTUITIVE SURGICAL INC,46120E602,9207000.0,20587,0.07001126932780968
WMT,WAL-MART STORES INC,931142103,9197000.0,89241,0.06993522797956617
BJ,BJ'S WHOLESALE CLUB HLDGS IN,05550J101,9158000.0,98204,0.06963866672141644
LIN,NEW LINDE PLC,G54950103,9058000.0,19070,0.06887825323898124
SBUX,STARBUCKS CORP,855244109,9027000.0,106698,0.06864252505942632
ADBE,ADOBE SYSTEMS INC,00724F101,8970000.0,25428,0.06820908937443824
NEE,NEXTERA ENERGY INC,65339F101,8961000.0,118710,0.06814065216101908
SPGI,S&P GLOBAL INC,78409V104,8935000.0,18357,0.06794294465558592
TMUS,T MOBILE US INC,872590104,8921000.0,37269,0.06783648676804499
ACN,ACCENTURE PLC,G1151C101,8897000.0,36080,0.06765398753226054
GILD,GILEAD SCIENCES INC,375558103,8894000.0,80125,0.06763117512778749
TEM,TEMPUS AI INC. CL A,88023B103,8881000.0,110036,0.06753232137507091
VRTX,VERTEX PHARMACEUTICALS INC,92532F100,8801000.0,22473,0.06692399058912274
AMGN,AMGEN INC,031162100,8787000.0,31136,0.0668175327015818
GEV,GE VERNOVA INC. COMMON STOCK,36828A101,8774000.0,14269,0.06671867894886524
ANET,ARISTA NETWORKS INC,040413205,8707000.0,59758,0.06620920191563365
PH,PARKER HANNIFIN,701094104,8654000.0,11415,0.06580618276994299
POOL,POOL CORP,73278L105,8640000.0,27865,0.06569972488240206
APH,AMPHENOL CORP CL A,032095101,8629000.0,69728,0.06561607939933418
BUWA,BIO RAD LABS INC,090572207,8569000.0,30560,0.06515983130987305
ATO,ATMOS ENERGY CORP,049560105,8560000.0,50130,0.06509139409645388
ETN,EATON CORP PLC,G29183103,8546000.0,22834,0.06498493620891296
AFRM,AFFIRM HLDGS INC,00827B106,8515000.0,116518,0.06474920802935805
N/A,APTIV PLC,G3265R107,8501000.0,98599,0.06464275014181711
FIX,COMFORT SYSTEMS USA INC,199908104,8491000.0,10290,0.0645667087935736
COST,COSTCO WHOLESALE CORP,22160K105,8452000.0,9131,0.06427014753542386
ABBV,ABBVIE INC,00287Y109,8409000.0,36319,0.06394316973797672
TTD,THE TRADE DESK,88339J105,8368000.0,170750,0.06363140021017828
PGR,PROGRESSIVE CORP OHIO,743315103,8365000.0,33872,0.06360858780570523
PFE,PFIZER INC,717081103,8355000.0,327895,0.06353254645746172
INTC,INTEL CORP,458140100,8347000.0,248792,0.0634717133788669
KLAC,KLA-TENCOR CORP,482480100,8339000.0,7731,0.06341088030027207
BSX,BOSTON SCIENTIFIC CORP,101137107,8321000.0,85226,0.06327400587343374
HD,HOME DEPOT INC,437076102,8281000.0,20437,0.06296984048045966
UNP,UNION PACIFIC CORP,907818108,8281000.0,35034,0.06296984048045966
LOW,LOWE'S COS,548661107,8240000.0,32789,0.06265807095266122
CB,CHUBB LIMITED,H1467J104,8203000.0,29064,0.062376717964160194
APP,APPLOVIN CORP,03831W108,8135000.0,11321,0.06185963679610425
GILD,GILEAD SCIENCES INC,375558103,8000000.0,72074,0.060833078594816715
HON,HONEYWELL INTERNATIONAL INC,438516106,7914000.0,37597,0.06017912299992244
DKNG,DRAFTKINGS INC. COMMON STOCK,26142V105,7914000.0,211599,0.06017912299992244
PLTR,PALANTIR TECHNOLOGIES INC,69608A108,7896000.0,43287,0.06004224857308411
GH,GUARDANT HEALTH INC,40131M109,7865000.0,125880,0.05980652039352919
COF,CAPITAL ONE FINANCIAL CORP,14040H105,7836000.0,36863,0.059586000483622975
AJG,ARTHUR J GALLAGHER & CO,363576109,7768000.0,25080,0.05906891931556703
PANW,PALO ALTO NETWORKS INC,697435105,7695000.0,37789,0.05851381747338933
EW,EDWARDS LIFESCIENCES CORP,28176E108,7630000.0,98111,0.05801954870980644
IAG,IAMGOLD CORP,450913108,7602000.0,587920,0.057806632934724586
WSO,WATSCO INC,942622200,7573000.0,18732,0.05758611302481838
PTC,PTC INC,69370C100,7560000.0,37240,0.057487259272101805
PG,PROCTER & GAMBLE,742718109,7432000.0,48371,0.056513930014584726
FTAI,FTAI AVIATION LTD,G3730V105,7416000.0,44442,0.0563922638573951
VEEV,VEEVA SYSTEMS INC,922475108,7414000.0,24886,0.056377055587746396
EMR,EMERSON ELECTRIC CO,291011104,7378000.0,56246,0.05610330673406972
DHR,DANAHER CORP,235851102,7377000.0,37208,0.056095702599245366
SYK,STRYKER CORP,863667101,7331000.0,19830,0.05574591239732517
IR,INGERSOLL-RAND INC,45687V106,7324000.0,88648,0.0556926834535547
PSTG,PURE STORAGE INC CL A,74624M102,7244000.0,86430,0.055084352667606536
DXCM,DEXCOM INC,252131107,7184000.0,106768,0.05462810457814542
BX,BLACKSTONE INC,09260D107,7174000.0,41990,0.05455206322990189
PODD,INSULET CORP,45784P101,7151000.0,23163,0.0543771681289418
DOCS,DOXIMITY INC,26622P107,7090000.0,96919,0.05391331590465632
IOT,SAMSARA INC COMMON STOCK,79589L106,7086000.0,190229,0.05388289936535891
COP,CONOCOPHILLIPS,20825C104,7068000.0,74724,0.05374602493852056
TSLA,TESLA INC,88160R101,7067000.0,15892,0.053738420803696216
MDT,MEDTRONIC INC,G5960L103,7062000.0,74147,0.05370040012957446
ADI,ANALOG DEVICES,032654105,7055000.0,28715,0.05364717118580399
BAC,BANK OF AMERICA CORP,060505104,7035000.0,136360,0.05349508848931696
PINS,PINTEREST INC CL A,72352L106,6936000.0,215597,0.052742279141706094
CMCSA,COMCAST CORP CL A,20030N101,6936000.0,220740,0.052742279141706094
ADP,AUTOMATIC DATA PROCESSING IN,053015103,6916000.0,23565,0.05259019644521905
FWONK,LIBERTY MEDIA CORP DEL,531229755,6905000.0,66107,0.05250655096215118
TMUS,T MOBILE US INC,872590104,6751000.0,28203,0.05133551419920096
DE,DEERE & CO,244199105,6737000.0,14734,0.05122905631166003
KGC,KINROSS GOLD CORP. COMMON ST,496902404,6720000.0,270440,0.05109978601964604
ENSG,THE ENSIGN GROUP INC,29358P101,6684000.0,38688,0.05082603716596937
PH,PARKER HANNIFIN,701094104,6672000.0,8800,0.05073478754807714
GE,GENERAL ELECTRIC CO,369604301,6630000.0,22039,0.050415413885454355
CRWD,CROWDSTRIKE HOLDINGS INC,22788C105,6604000.0,13468,0.050217706380021196
FIS,FIDELITY NATIONAL INFORMATIO,31620M106,6574000.0,99694,0.04998958233529063
UNH,UNITEDHEALTH GROUP INC,91324P102,6545000.0,18954,0.04976906242538443
META,META PLATFORMS INC,30303M102,6499000.0,8850,0.049419272223464226
PNR,PENTAIR PLC,G7S00T104,6479000.0,58500,0.049267189526977194
TYL,TYLER TECHNOLOGIES INC,902252105,6471000.0,12370,0.04920635644838238
HYG,ISHARES TR,464288513,6467000.0,79650,0.04917593990908496
MO,ALTRIA GROUP INC,02209S103,6462000.0,97826,0.049137919234963204
AMZN,AMAZON.COM INC,023135106,6424000.0,29257,0.04884896211163782
MCX,MCCORMICK & CO,579780206,6411000.0,95819,0.04875010835892125
NKE,NIKE INC CL B,654106103,6405000.0,91854,0.048704483549975135
ITT,ITT INC,45073V108,6283000.0,35150,0.04777677910140418
SHOP,SHOPIFY INC,82509L107,6274000.0,42218,0.04770834188798501
WMB,WILLIAMS COS,969457100,6254000.0,98717,0.047556259191497974
HUBS,HUBSPOT INC,443573100,6222000.0,13300,0.0473129268771187
FLEX,FLEXTRONICS INTERNATIONAL SN,Y2573F102,6169000.0,106411,0.046909907731428044
PLD,PROLOGIS INC,74340W103,6128000.0,53511,0.046598138203629604
MNST,MONSTER BEVERAGE CORP,61174X109,6128000.0,91040,0.046598138203629604
CVX,CHEVRON CORP,166764100,6125000.0,39440,0.046575325799156554
CB,CHUBB LIMITED,H1467J104,6115000.0,21666,0.04649928445091303
LMT,LOCKHEED MARTIN,539830109,6090000.0,12200,0.046309181080304226
WELL,WELLTOWER INC,95040Q104,6081000.0,34135,0.04624074386688506
CHWY,CHEWY INC,16679L109,6064000.0,149904,0.04611147357487107
NVDA,NVIDIA CORP,67066G104,6046000.0,32403,0.04597459914803273
SO,SOUTHERN CO,842587107,6003000.0,63345,0.045647621350585595
CEG,CONSTELLATION ENERGY CORP,21037T109,5998000.0,18226,0.045609600676463836
PEN,PENUMBRA INC,70975L107,5986000.0,23629,0.045518351058571604
CIEN,CIENA CORP,171779309,5946000.0,40815,0.045214185665597525
TRMB,TRIMBLE NAVIGATION LIMITED,896239100,5927000.0,72595,0.045069707103934833
NFLX,NETFLIX INC,64110L106,5914000.0,4933,0.044970853351218254
LEN,LENNAR CORP CL A,526057104,5905000.0,46848,0.04490241613779909
SN,SHARKNINJA INC,G8068L108,5858000.0,56791,0.04454502180105454
VRTX,VERTEX PHARMACEUTICALS INC,92532F100,5833000.0,14894,0.04435491843044574
CW,CURTISS WRIGHT CORP,231561101,5826000.0,10730,0.044301689486675275
NET,CLOUDFLARE INC,18915M107,5775000.0,26911,0.04391387861063332
RIVN,RIVIAN AUTOMOTIVE INC,76954A103,5769000.0,393000,0.043868253801687206
CASY,CASEY'S GENERAL STORES INC,147528103,5753000.0,10176,0.04374658764449757
MMC,MARSH & MCLENNAN,571748102,5724000.0,28403,0.04352606773459136
XYZ,BLOCK INC CL A,852234103,5698000.0,78837,0.04332836022915821
MCK,MCKESSON CORP,58155Q103,5676000.0,7347,0.04316106926302246
WFC,WELLS FARGO & CO,949746101,5649000.0,67393,0.042955757622764955
CME,CME GROUP INC,12572Q105,5634000.0,20851,0.042841695600399674
PH,PARKER HANNIFIN,701094104,5633000.0,7430,0.04283409146557532
MDY,SPDR S&P MIDCAP 400 ETF TR,78467Y107,5629000.0,9444,0.042803674926277915
CSCO,CISCO SYSTEM INC,17275R102,5619000.0,82124,0.04272763357803439
DASH,DOORDASH INC,25809K105,5609000.0,20623,0.04265159222979087
ICE,"INTERCONTINENTAL EXCHANGE, I",45866F104,5592000.0,33192,0.042522321937776886
NTNX,NUTANIX INC,67059N108,5574000.0,74925,0.04238544751093855
SBUX,STARBUCKS CORP,855244109,5568000.0,65815,0.042339822701992436
CDNS,CADENCE DESIGN SYSTEM INC,127387108,5568000.0,15851,0.042339822701992436
QSR,RESTAURANT BRANDS INTL INC,76131D103,5561000.0,86700,0.042286593758221976
NEM,NEWMONT MINING,651639106,5558000.0,65927,0.04226378135374891
RBA,RB GLOBAL INC,74935Q107,5543000.0,51150,0.04214971933138364
DUK,DUKE ENERGY CORP NEW COM,26441C204,5524000.0,44641,0.042005240769720946
TT,TRANE TECHNOLOGIES PLC,G8994E103,5486000.0,13002,0.04171628364639557
CVS,CVS HEALTH CORPORATION,126650100,5477000.0,72654,0.04164784643297639
GWRE,GUIDEWIRE SOFTWARE INC,40171V100,5471000.0,23800,0.04160222162403028
BSX,BOSTON SCIENTIFIC CORP,101137107,5446000.0,55779,0.041412118253421476
ORLY,O'REILLY AUTOMOTIVE INC,67103H107,5398000.0,50070,0.04104711978185258
AMD,ADVANCED MICRO DEVICES,007903107,5381000.0,33257,0.04091784948983859
IBM,INTERNATIONAL BUSINESS MACHI,459200101,5361000.0,19001,0.04076576679335155
VIPS,VIPSHOP HLDGS LTD,92763W103,5349000.0,272350,0.04067451717545933
AUR,AURORA INNOVATION INC,051774107,5347000.0,992023,0.040659308905810626
UTHR,UNITED THERAPEUTICS CORP,91307C102,5321000.0,12693,0.04046160140037747
BMY,BRISTOL MYERS SQUIBB CO,110122108,5307000.0,117677,0.04035514351283654
KO,COCA COLA CO,191216100,5306000.0,80010,0.040347539378012186
PDD,PDD HOLDINGS INC,722304102,5296000.0,40070,0.04027149802976866
DASH,DOORDASH INC,25809K105,5291000.0,19452,0.040233477355646904
SNPS,SYNOPSYS INC,871607107,5231000.0,10603,0.03977722926618578
THC,TENET HEALTHCARE CORP,88033G407,5211000.0,25666,0.03962514656969874
AMT,AMERICAN TOWER CORPORATION,03027X100,5201000.0,27044,0.039549105221455216
PM,PHILIP MORRIS INTL INC,718172109,5193000.0,32016,0.0394882721428604
SLB,SCHLUMBERGER LTD,806857108,5187000.0,150903,0.03944264733391429
GS,GOLDMAN SACHS GROUP INC,38141G104,5101000.0,6405,0.03878869173902001
GD,GENERAL DYNAMICS CORP,369550108,5088000.0,14921,0.03868983798630343
USFD,US FOODS HOLDING CORP COMMON,912008109,5071000.0,66190,0.03856056769428944
KKR,KKR & CO INC,48251W104,5071000.0,39023,0.03856056769428944
ACM,AECOM,00766T100,5050000.0,38707,0.03840088086297805
DB,DEUTSCHE BANK AG,D18190898,5011000.0,141500,0.03810431960482832
APO,APOLLO GLOBAL MGMT INC,03769M106,4957000.0,37192,0.037693696324313304
MDB,MONGODB INC,60937P106,4926000.0,15872,0.037457968144758394
TPD,"TEMPUR SEALY INTERNATIONAL,",88023U101,4922000.0,58368,0.03742755160546098
MMM,3M CO,88579Y101,4899000.0,31569,0.03725265650450089
ING,ING GROUP N V ADR,456837103,4842000.0,185660,0.03681922081951282
BLDR,BUILDERS FIRSTSOURCE INC,12008R107,4832000.0,39850,0.0367431794712693
MDLZ,MONDELEZ INTERNATIONAL INC,609207105,4830000.0,77311,0.03672797120162059
NOC,NORTHROP GRUMMAN CORP,666807102,4829000.0,7925,0.036720367066796246
NKE,NIKE INC CL B,654106103,4800000.0,68843,0.03649984715689003
ABT,ABBOTT LABS,002824100,4790000.0,35762,0.03642380580864651
AME,AMETEK INC,031100100,4775000.0,25399,0.03630974378628123
RSG,REPUBLIC SERVICES INC,760759100,4769000.0,20782,0.036264118977335114
COHR,COHERENT CORP,19247G107,4743000.0,44027,0.03606641147190196
AEG,AEGON NV AMERICAN REG SHR NL,0076CA104,4730000.0,592050,0.03596755771918538
BCS,BARCLAYS PLC,06738E204,4695000.0,227120,0.03570141300033306
CAT,CATERPILLAR INC,149123101,4693000.0,9835,0.03568620473068435
TLN,TALEN ENERGY CORP,87422Q109,4677000.0,10996,0.035564538573494724
LIN,NEW LINDE PLC,G54950103,4668000.0,9827,0.035496101360075555
CRM,SALESFORCE.COM,79466L302,4661000.0,19665,0.035442872416305095
WM,WASTE MANAGEMENT INC,94106L109,4660000.0,21104,0.03543526828148074
SHW,SHERWIN WILLIAMS,824348106,4633000.0,13379,0.035229956641223234
CI,CIGNA CORP NEW,125523100,4632000.0,16070,0.03522235250639888
RCL,ROYAL CARIBBEAN CRUISES LTD,V7780T103,4620000.0,14278,0.035131102888506655
HWM,HOWMET AEROSPACE INC,443201108,4618000.0,23532,0.035115894618857946
BWXT,BWX TECHNOLOGIES INC,05605H100,4613000.0,25023,0.03507787394473619
JD,JD COM INC,47215P106,4612000.0,131860,0.03507026980991184
PNC,PNC FINANCIAL SERVICES GROUP,693475105,4609000.0,22936,0.035047457405438784
EXE,EXPAND ENERGY CORP,165167735,4608000.0,43372,0.03503985327061443
EQH,EQUITABLE HOLDINGS INC COMMO,29452E101,4587000.0,90330,0.034880166439303036
RTX,RAYTHEON TECHNOLOGIES CORP,75513E101,4580000.0,27374,0.03482693749553257
BK,BANK NEW YORK MELLON CORP,064058100,4575000.0,41987,0.03478891682141081
TRU,TRANSUNION,89400J107,4565000.0,54491,0.03471287547316729
CG,CARLYLE GROUP INC COMMON STO,14316J108,4560000.0,72727,0.03467485479904553
BP,BP PLC     ADR,055622104,4508000.0,130830,0.03427943978817922
BURL,BURLINGTON STORES INC,122017106,4507000.0,17710,0.034271835653354864
FNF,FIDELITY NATIONAL FINANCIAL,31620R303,4503000.0,74450,0.03424141911405746
HCA,HCA HOLDINGS INC,40412C101,4501000.0,10560,0.03422621084440876
KNF,KNIFE RIVER CORP,498894104,4495000.0,58480,0.034180586035462646
NWG,NATWEST GROUP PLC,639057207,4493000.0,317511,0.034165377765813944
FTI,TECHNIPFMC LTD,G87110105,4477000.0,113485,0.03404371160862431
AJG,ARTHUR J GALLAGHER & CO,363576109,4476000.0,14450,0.034036107473799954
MCD,MCDONALD'S CORP,580135101,4468000.0,14702,0.03397527439520513
AON,AON PLC,G0403H108,4457000.0,12498,0.03389162891213727
WMB,WILLIAMS COS,969457100,4454000.0,70315,0.03386881650766421
NVT,NVENT ELECTRIC PLC,G6700G107,4425000.0,44858,0.033648296597758
MSI,MOTOROLA SOLUTIONS INC,620076307,4420000.0,9666,0.03361027592363624
ALV,AUTOLIV INC,052800109,4398000.0,35610,0.03344298495750049
MRK,MERCK & CO INC NEW,58933Y105,4374000.0,52109,0.03326048572171604
CSL,CARLISLE COS INC,142339100,4372000.0,13291,0.03324527745206734
EQIX,EQUINIX INC,29444U700,4363000.0,5571,0.03317684023864817
USB,US BANCORP,902973304,4359000.0,90202,0.03314642369935076
ELV,ELEVANCE HEALTH INC,036752103,4330000.0,13401,0.03292590378944455
EMR,EMERSON ELECTRIC CO,291011104,4316000.0,32903,0.03281944590190362
KTOS,KRATOS DEFENSE & SECURITY,50077B207,4314000.0,47212,0.032804237632254915
DOCU,DOCUSIGN INC,256163106,4302000.0,59680,0.03271298801436269
MFC,MANULIFE FINANCIAL CORPORATI,56501R106,4297000.0,137950,0.03267496734024093
PFGC,PERFORMANCE FOOD GROUP CO,71377A103,4294000.0,41273,0.032652154935767876
MCO,MOODY'S CORP,615369105,4291000.0,9005,0.03262934253129482
TDG,TRANSDIGM GROUP INC,893641100,4286000.0,3252,0.03259132185717306
OKTA,OKTA INC,679295105,4282000.0,46700,0.032560905317875644
DIS,DISNEY WALT CO (HOLDING CO),254687106,4262000.0,37224,0.032408822621388604
RS,RELIANCE STEEL & ALUMINUM,759509102,4250000.0,15132,0.032317573003496386
JCI,JOHNSON CTLS INTL PLC,G51502105,4242000.0,38584,0.032256739924901565
FI,FISERVE INC,337738108,4241000.0,32892,0.03224913579007721
TWLO,TWILIO INC,90138F102,4230000.0,42262,0.03216549030700934
UBER,UBER TECHNOLOGIES INC COMMON,90353T100,4203000.0,42901,0.03196017866675183
WPC,W. P. CAREY INC COMMON STOCK,92936U109,4186000.0,61950,0.03183090837473784
T,A T & T INC,00206R102,4181000.0,148041,0.031792887700616085
LMND,LEMONADE INC,52567D107,4164000.0,77788,0.0316636174086021
RPM,RPM INTERNATIONAL INC,749685103,4155000.0,35250,0.03159518019518293
EWBC,EAST WEST BANCORP INC,27579R104,4151000.0,38997,0.03156476365588552
ILMN,ILLUMINA INC,452327109,4147000.0,43670,0.03153434711658812
RBLX,ROBLOX CORPORATION CL A,771049103,4141000.0,29891,0.031488722307642006
WWD,WOODWARD INC,980745103,4133000.0,16354,0.031427889229047185
N/A,KLARNA GROUP PLC,G5279N105,4115000.0,112267,0.03129101480220885
COIN,COINBASE GLOBAL INC,19260Q107,4105000.0,12163,0.031214973453965327
XPO,XPO LOGISTICS INC,983793100,4087000.0,31616,0.03107809902712699
AZO,AUTOZONE INC,053332102,4080000.0,951,0.03102487008335653
ITT,ITT INC,45073V108,4075000.0,22794,0.030986849409234764
CIT,CINTAS CORP,172908105,4070000.0,19829,0.030948828735113006
DT,DYNATRACE HOLDINGS LLC,268150109,4058000.0,83748,0.030857579117220778
DWD,MORGAN STANLEY,617446448,4049000.0,25472,0.030789141903801612
ITW,ILLINOIS TOOL WORKS,452308109,4047000.0,15521,0.030773933634152907
SKM,SK TELECOM CO LTD    ADR,78440P306,4044000.0,187200,0.03075112122967985
TTE,TOTAL SA,89151E109,4025000.0,67430,0.030606642668017162
TOL,TOLL BROTHERS INC,889478103,4018000.0,29088,0.030553413724246695
FANG,DIAMONDBACK ENERGY INC,25278X109,4018000.0,28080,0.030553413724246695
ECL,ECOLAB INC,278865100,3992000.0,14576,0.030355706218813543
PEP,PEPSICO INC,713448108,3970000.0,28269,0.0301884152526778
CSX,CSX CORP,126408103,3968000.0,111747,0.030173206983029093
ADSK,AUTODESK INC,052769106,3949000.0,12430,0.030028728421366405
INTU,INTUIT INC,461202103,3935000.0,5762,0.029922270533825474
JLL,JONES LANG LASALLE INC,48020Q107,3930000.0,13175,0.029884249859703716
NSC,NORFOLK SOUTHERN CORP,655844108,3928000.0,13077,0.029869041590055007
C,CITIGROUP INC,172967424,3919000.0,38612,0.02980060437663584
GGG,GRACO INC,384109104,3916000.0,46093,0.029777791972162786
NOW,SERVICENOW INC,81762P102,3895000.0,4232,0.029618105140851392
PYPL,PAYPAL HLDGS INC,70450Y103,3886000.0,57948,0.02954966792743222
VST,VISTRA CORP,92840M102,3836000.0,19578,0.029169461186214617
KT,KT CORP,48268K101,3835000.0,196650,0.029161857051390266
TMO,THERMO ELECTRON CORP,883556102,3830000.0,7897,0.0291238363772685
BAC,VERIZON COMMUNICATIONS,92343V104,3817000.0,86857,0.02902498262455193
ZTS,ZOETIS INC,98978V103,3816000.0,26081,0.02901737848972757
MU,MICRON TECHNOLOGY,595112103,3815000.0,22803,0.02900977435490322
ENTG,ENTEGRIS INC,29362U104,3800000.0,41100,0.028895712332537942
WSO,WATSCO INC,942622200,3794000.0,9383,0.028850087523591826
TEL,TE CONNECTIVITY PLC,G87052109,3792000.0,17272,0.028834879253943124
AXP,AMERICAN EXPRESS CO,025816109,3792000.0,11416,0.028834879253943124
QCOM,QUALCOMM INC,747525103,3780000.0,22719,0.028743629636050903
CL,COLGATE PALMOLIVE CO,194162103,3776000.0,47235,0.02871321309675349
FN,FABRINET,G3323L100,3768000.0,10335,0.028652380018158674
SNDK,SANDISK CORP,80004C200,3736000.0,33300,0.028409047703779406
DUOL,DUOLINGO INC,26603R106,3727000.0,11579,0.02834061049036024
CADE,CADENCE BANK,12740C103,3726000.0,99254,0.028333006355535886
LECO,LINCOLN ELECTRIC HOLDINGS IN,533900106,3720000.0,15773,0.02828738154658977
BKNG,BOOKING HLDGS INC,09857L108,3677000.0,681,0.02796040374914263
NBIX,NEUROCRINE BIOSCIENCES INC,64125C109,3673000.0,26168,0.027929987209845228
TRV,TRAVELERS COS INC/THE,89417E109,3666000.0,13131,0.027876758266074757
HLT,HILTON WORLDWIDE HLDGS INC,43300A203,3662000.0,14116,0.02784634172677735
GLW,CORNING INC,219350105,3650000.0,44502,0.02775509210888513
EOG,EOG RESOURCES INC,26875P101,3637000.0,32439,0.02765623835616855
MTZ,MASTEC INC,576323109,3634000.0,17074,0.027633425951695496
RGLD,ROYAL GOLD INC,780287108,3619000.0,18044,0.02751936392933021
OC,OWENS CORNING NEW,690742101,3618000.0,25574,0.02751175979450586
URI,UNITED RENTALS INC,911363109,3611000.0,3782,0.027458530850735397
SUX,SYNNEX CORP,87162W100,3600000.0,21983,0.027374885367667523
DKS,DICKS SPORTING GOODS INC,253393102,3595000.0,16178,0.027336864693545765
MPC,MARATHON PETROLEUM CORP,56585A102,3594000.0,18649,0.02732926055872141
UNM,UNUM GROUP,91529Y106,3590000.0,46155,0.027298844019424
APG,API GROUP CORP,00187Y100,3589000.0,104436,0.02729123988459965
SCI,SERVICE CORP INTL,817565104,3578000.0,42998,0.027207594401531778
MEDP,MEDPACE HOLDINGS INC,58506Q109,3577000.0,6957,0.027199990266707427
GM,GENERAL MTRS CO,37045V100,3572000.0,58583,0.027161969592585662
MANH,MANHATTAN ASSOCIATES INC,562750109,3555000.0,17344,0.027032699300571682
PWR,QUANTA SERVICES INC,74762E102,3539000.0,8539,0.026911033143382047
UPS,UNITED PARCEL SERVICE CL B,911312106,3532000.0,42279,0.02685780419961158
LRCX,LAM RESEARCH CORP,512807306,3531000.0,26368,0.02685020006478723
CRS,CARPENTER TECHNOLOGY,144285103,3511000.0,14300,0.026698117368300186
ODD,ODDITY TECH LTD,M7518J104,3506000.0,56277,0.026660096694178428
TFC,TRUIST FINANCIAL CORP,89832Q109,3506000.0,76680,0.026660096694178428
APD,AIR PRODUCTS AND CHEMICALS,009158106,3502000.0,12840,0.02662968015488102
BLK,BLACKROCK FUNDING INC,09290D101,3496000.0,2999,0.026584055345934905
GEV,GE VERNOVA INC,36828A101,3475000.0,5651,0.02642436851462351
MAR,MARRIOTT INTERNATIONAL CL A,571903202,3474000.0,13339,0.02641676437979916
RNR,RENAISSANCERE HOLDINGS LTD,G7496G103,3471000.0,13669,0.026393951975326103
RGA,REINSURANCE GROUP OF AMERICA,759351604,3469000.0,18054,0.026378743705677398
AEP,AMERICAN ELECTRIC POWER,025537101,3462000.0,30770,0.026325514761906938
APO,APOLLO GLOBAL MGMT INC,03769M106,3456000.0,25929,0.026279889952960822
BJ,BJ'S WHOLESALE CLUB HLDGS IN,05550J101,3442000.0,36914,0.026173432065419895
TXN,TEXAS INSTRUMENTS INC,882508104,3438000.0,18713,0.02614301552612248
FTAI,FTAI AVIATION LTD,G3730V105,3435000.0,20588,0.026120203121649428
REGN,REGENERON PHARMACEUTICALS IN,75886F107,3422000.0,6086,0.02602134936893285
AMAT,APPLIED MATERIALS INC,038222105,3416000.0,16684,0.025975724559986736
BLD,TOPBUILD CORP,89055F103,3406000.0,8713,0.02589968321174322
EHC,ENCOMPASS HEALTH CORP,29261A100,3391000.0,26695,0.02578562118937794
OHI,OMEGA HEALTHCARE INVESTORS,681936100,3384000.0,80162,0.025732392245607468
NVO,NOVO NORDISK,670100205,3382000.0,60940,0.025717183975958766
APP,APPLOVIN CORP,03831W108,3381000.0,4706,0.025709579841134415
GLPI,GAMING & LEISURE PPTYS INC,36467J108,3362000.0,72130,0.025565101279471723
TJX,TJX COS INC,872540109,3349000.0,23172,0.02546624752675515
CMI,CUMMINS INC,231021106,3349000.0,7929,0.02546624752675515
LHX,L3HARRIS TECHNOLOGIES INC,502431109,3348000.0,10963,0.0254586433919308
SCHW,SCHWAB (CHARLES) CORP,808513105,3347000.0,35060,0.025451039257106442
NXPI,NXP SEMICONDUCTORS NV,N6596X109,3346000.0,14695,0.02544343512228209
COOP,MR. COOPER GROUP INC,62482R107,3337000.0,15831,0.025374997908862922
BA,BOEING CO,097023105,3327000.0,15416,0.0252989565606194
SPG,SIMON PROPERTY CROUP INC,828806109,3322000.0,17700,0.02526093588649764
LITE,LUMENTUM HLDGS INC,55024U109,3314000.0,20369,0.025200102807902827
MLI,MUELLER INDUSTRIES INC,624756102,3313000.0,32770,0.025192498673078476
ENSG,ENSIGN GROUP INC/THE,29358P101,3302000.0,19113,0.025108853190010598
SF,STIFEL FINANCIAL CORP,860630102,3301000.0,29095,0.025101249055186247
SRE,SEMPRA ENERGY,816851109,3292000.0,36585,0.02503281184176708
FHN,FIRST HORIZON NATIONAL CORP,320517105,3289000.0,145467,0.025009999437294022
ALL,ALLSTATE CORP,020002101,3287000.0,15312,0.024994791167645317
ISRG,INTUITIVE SURGICAL INC,46120E602,3286000.0,7347,0.024987187032820966
EVR,EVERCORE PARTNERS INC,29977A105,3277000.0,9714,0.0249187498194018
RMBS,RAMBUS INC,750917106,3268000.0,31360,0.024850312605982628
FCX,FREEPORT-MCMORAN INC.,35671D857,3253000.0,82951,0.024736250583617347
FAST,FASTENAL CO,311900104,3249000.0,66262,0.02470583404431994
PSX,PHILLIPS 66,718546104,3241000.0,23827,0.024645000965725125
EXEL,EXELIXIS INC,30161Q104,3238000.0,78391,0.02462218856125207
MRNA,MODERNA INC,60770K107,3235000.0,125254,0.024599376156779013
AFL,AFLAC INC,001055102,3227000.0,28894,0.02453854307818419
RBC,RBC BEARINGS INC COMMON STOC,75524B104,3224000.0,8261,0.02451573067371114
ELS,EQUITY LIFESTYLE PROPERTIES,29472R108,3204000.0,52782,0.024363647977224095
NEE,NEXTERA ENERGY INC,65339F101,3198000.0,42364,0.024318023168277983
ABCB,AMERIS BANCORP,03076K108,3190000.0,43519,0.024257190089683165
CLH,CLEAN HARBORS INC,184496107,3189000.0,13732,0.024249585954858814
ORI,OLD REPUBLIC INTERNATIONAL C,680223104,3186000.0,75026,0.024226773550385758
ACN,ACCENTURE PLC,G1151C101,3177000.0,12884,0.02415833633696659
CCK,CROWN HOLDINGS INC,228368106,3174000.0,32865,0.024135523932493533
ABG,AMERISOURCEBERGEN CORP,03073E105,3170000.0,10143,0.024105107393196126
NLY,ANNALY CAPITAL MANAGEMENT IN,035710839,3170000.0,156843,0.024105107393196126
HOOD,ROBINHOOD MKTS INC,770700102,3166000.0,22112,0.02407469085389872
ADBE,ADOBE SYSTEMS INC,00724F101,3166000.0,8975,0.02407469085389872
VRRM,VERRA MOBILITY CORP,92511U102,3164000.0,128115,0.02405948258425001
KMI,KINDER MORGAN INC,49456B101,3157000.0,111511,0.02400625364047955
SPGI,S&P GLOBAL INC,78409V104,3154000.0,6481,0.02398344123600649
BDX,BECTON DICKINSON,075887109,3134000.0,16743,0.023831358539519447
CA8A,CACI INTERNATIONAL INC,127190304,3130000.0,6275,0.02380094200022204
AMGN,AMGEN INC,031162100,3127000.0,11082,0.023778129595748987
HLI,HOULIHAN LOKEY INC. CL A,441593100,3119000.0,15190,0.02371729651715417
DLR,DIGITAL RLTY TR INC,253868103,3114000.0,18013,0.023679275843032407
VLO,VALERO ENERGY CORP,91913Y100,3109000.0,18262,0.02364125516891065
FTNT,FORTINET INC,34959E109,3097000.0,36833,0.02355000555101842
ROP,ROPER TECHNOLOGIES INC,776696106,3090000.0,6197,0.023496776607247957
SFM,SPROUTS FARMERS MARKET INC,85208M102,3089000.0,28387,0.023489172472423603
ANET,ARISTA NETWORKS INC,040413205,3087000.0,21188,0.0234739642027749
CMG,CHIPOTLE MEXICAN GRILL CL A,169656105,3087000.0,78768,0.0234739642027749
APH,AMPHENOL CORP CL A,032095101,3079000.0,24883,0.023413131124180083
O,REALTY INCOME CORP,756109104,3070000.0,50500,0.023344693910760914
CTRE,CARETRUST REIT INC,14174T107,3064000.0,88338,0.023299069101814802
FDX,FEDEX CORP,31428X106,3061000.0,12979,0.023276256697341745
ATI,ALLEGHENY TECHNOLOGIES INC,01741R102,3050000.0,37501,0.02319261121427387
ABNB,AIRBNB INC,009066101,3040000.0,25035,0.02311656986603035
ETN,EATON CORP PLC,G29183103,3037000.0,8114,0.023093757461557295
TXRH,TEXAS ROADHOUSE INC,882681109,3036000.0,18275,0.023086153326732944
AMH,AMERICAN HOMES 4 RENT CL A,02665T306,3035000.0,91280,0.023078549191908593
AYI,ACUITY BRANDS INC,00508Y102,3033000.0,8806,0.023063340922259888
GME,GAMESTOP CORP CL A,36467W109,3033000.0,111171,0.023063340922259888
IDXX,IDEXX LABORATORIES INC,45168D104,3027000.0,4738,0.023017716113313776
JPX,AEROVIRONMENT INC,008073108,3018000.0,9583,0.022949278899894607
AXON,AXON ENTERPRISE INC,05464C101,3002000.0,4183,0.02282761274270497
JEF,JEFFERIES FINL GROUP INC,47233W109,3001000.0,45880,0.02282000860788062
DTM,DT MIDSTREAM INC COMMON STOC,23345M107,2999000.0,26530,0.022804800338231918
PGR,PROGRESSIVE CORP OHIO,743315103,2987000.0,12096,0.022713550720339693
INTC,INTEL CORP,458140100,2983000.0,88903,0.022683134181042282
PCAR,PACCAR INC,693718108,2982000.0,30328,0.02267553004621793
PFE,PFIZER INC,717081103,2975000.0,116771,0.022622301102447465
BSX,BOSTON SCIENTIFIC CORP,101137107,2972000.0,30443,0.022599488697974412
D,DOMINION RESOURCES INC,25746U109,2967000.0,48510,0.02256146802385265
WDAY,WORKDAY INC,98138H101,2966000.0,12321,0.022553863889028296
KLAC,KLA-TENCOR CORP,482480100,2953000.0,2738,0.02245501013631172
UNP,UNION PACIFIC CORP,907818108,2937000.0,12426,0.022333343979122088
ROST,ROSS STORES INC,778296103,2928000.0,19215,0.02226490676570292
LOW,LOWE'S COS,548661107,2922000.0,11629,0.022219281956756806
LAMR,LAMAR ADVERTISING CO A,512816109,2919000.0,23844,0.02219646955228375
CNM,CORE & MAIN INC CL A,21874C102,2914000.0,54141,0.02215844887816199
CMA,COMERICA INC,200340107,2905000.0,42400,0.02209001166474282
SAN,BANCO SANTANDER CENTRAL ADR,05964H105,2886000.0,275400,0.02194553310308013
STX,SEAGATE TECHNOLOGY HOLDINGS,G7997R103,2881000.0,12204,0.02190751242895837
CARR,CARRIER GLOBAL CORP,14448C104,2880000.0,48244,0.02189990829413402
SLB,SCHLUMBERGER LTD,806857108,2864000.0,83326,0.021778242136944383
WBS,WEBSTER FINANCIAL CORP,947890109,2861000.0,48130,0.02175542973247133
DHI,D R HORTON INC,23331A109,2857000.0,16859,0.021725013193173923
SATS,ECHOSTAR CORP,278768106,2850000.0,37329,0.021671784249403456
GILD,GILEAD SCIENCES INC,375558103,2847000.0,25653,0.0216489718449304
AIG,AMERICAN INTERNATIONAL GROUP,026874784,2834000.0,36082,0.02155011809221382
HON,HONEYWELL INTERNATIONAL INC,438516106,2831000.0,13448,0.021527305687740767
EFSC,ENTERPRISE FINANCIAL SERVICE,293712105,2814000.0,48541,0.02139803539572678
PRI,PRIMERICA INC,74164M108,2813000.0,10135,0.02139043126090243
ALLY,ALLY FINANCIAL INC. COMMON S,02005N100,2807000.0,71600,0.021344806451956314
BMRN,BIOMARIN PHARMACEUTICAL INC,09061G101,2797000.0,51640,0.021268765103712794
COF,CAPITAL ONE FINANCIAL CORP,14040H105,2791000.0,13128,0.021223140294766685
WCC,WESCO INTERNATIONAL INC,95082P105,2789000.0,13188,0.021207932025117976
HIMS,HIMS & HERS HEALTH INC,433000106,2785000.0,49100,0.02117751548582057
EA,ELECTRONIC ARTS INC,285512109,2784000.0,13801,0.021169911350996218
BKR,BAKER HUGHES A GE CO,05722G100,2782000.0,57109,0.021154703081347516
AFG,AMERICAN FINANCIAL GROUP INC,025932104,2779000.0,19073,0.021131890676874456
MET,METLIFE INC,59156R108,2769000.0,33619,0.021055849328630936
PANW,PALO ALTO NETWORKS INC,697435105,2765000.0,13579,0.02102543278933353
MOD,MODINE MFG CO,607828100,2757000.0,19393,0.02096459971073871
A4S,AMERIPRISE FINANCIAL INC,03076C106,2755000.0,5609,0.020949391441090006
LSCC,LATTICE SEMICONDUCTOR CORP,518415104,2754000.0,37561,0.020941787306265655
ARMK,ARAMARK,03852U106,2738000.0,71297,0.020820121149076023
CBRE,CBRE GROUP INC,12504L109,2736000.0,17363,0.020804912879427317
TSA,ACI WORLDWIDE INC,004498101,2729000.0,51714,0.020751683935656854
NXT,NEXTRACKER INC,65290E101,2724000.0,36810,0.020713663261535092
MNST,MONSTER BEVERAGE CORP,61174X109,2724000.0,40467,0.020713663261535092
AHR,AMER HLTHCARE REIT,398182303,2719000.0,64715,0.02067564258741333
HALO,HALOZYME THERAPEUTICS INC,40637H109,2711000.0,36967,0.020614809508818516
DCI,DONALDSON CO INC,257651109,2710000.0,33105,0.020607205373994162
RSG,REPUBLIC SERVICES INC,760759100,2702000.0,11775,0.020546372295399344
WT,WISDOMTREE INC,97717P104,2696000.0,193985,0.020500747486453235
OVV,OVINTIV INC,69047Q102,2695000.0,66729,0.02049314335162888
AIT,APPLIED INDUSTRIAL TECHNOLOG,03820C105,2694000.0,10318,0.02048553921680453
F,FORD MOTOR,345370860,2694000.0,225256,0.02048553921680453
SSB,SOUTHSTATE BANK CORP,84472E102,2682000.0,27125,0.020394289598912305
WMS,ADVANCED DRAINAGE SYSTEM INC,00790R104,2681000.0,19328,0.020386685464087954
CTVA,CORTEVA INC,22052L104,2681000.0,39647,0.020386685464087954
ENSG,THE ENSIGN GROUP INC,29358P101,2677000.0,15496,0.020356268924790547
XEL,XCEL ENERGY INC,98389B100,2675000.0,33168,0.020341060655141838
FCFS,FIRSTCASH HLDGS INC,33768G107,2651000.0,16736,0.02015856141935739
EW,EDWARDS LIFESCIENCES CORP,28176E108,2651000.0,34094,0.02015856141935739
APP,APPLOVIN CORP,03831W108,2648000.0,3685,0.02013574901488433
PEN,PENUMBRA INC,70975L107,2645000.0,10441,0.02011293661041128
ALV,AUTOLIV INC,052800109,2644000.0,21410,0.020105332475586924
PRIM,PRIMORIS SRVCS CORP,74164F103,2643000.0,19246,0.020097728340762573
LINE,LINEAGE INC,53566V106,2643000.0,68396,0.020097728340762573
TSLA,TESLA INC,88160R101,2636000.0,5927,0.02004449939699211
PSA,PUBLIC STORAGE INC,74460D109,2633000.0,9115,0.020021686992519053
DDOG,DATADOG INC,23804L103,2625000.0,18431,0.019960853913924236
SYK,STRYKER CORP,863667101,2624000.0,7099,0.019953249779099885
PEO,EXELON CORP,30161N101,2620000.0,58205,0.019922833239802474
DHR,DANAHER CORP,235851102,2613000.0,13181,0.01986960429603201
OKE,ONEOK INC,682680103,2609000.0,35757,0.0198391877567346
BKD,BROOKDALE SR LIVING,112463104,2609000.0,308032,0.0198391877567346
DUOL,DUOLINGO INC CL A COM,26603R106,2605000.0,8095,0.019808771217437193
WTRG,ESSENTIAL UTILITIES INC,29670G102,2599000.0,65139,0.01976314640849108
MPWR,MONOLITHIC POWER SYSTEMS INC,609839105,2599000.0,2823,0.01976314640849108
KR,KROGER CO,501044101,2592000.0,38450,0.019709917464720617
RRX,REGAL BELOIT CORP,758750103,2591000.0,18061,0.019702313329896262
NYT,NEW YORK TIMES CL A,650111107,2581000.0,44968,0.019626271981652742
BCS,BARCLAYS PLC,06738E204,2580000.0,124820,0.01961866784682839
BX,BLACKSTONE INC,09260D107,2575000.0,15073,0.019580647172706633
GTLS,CHART INDUSTRIES INC,16115Q308,2568000.0,12829,0.019527418228936166
AR,ANTERO RESOURCES CORPORATION,03674X106,2568000.0,76531,0.019527418228936166
MSCI,MSCI INC,55354G100,2568000.0,4526,0.019527418228936166
ING,ING GROUP N V ADR,456837103,2567000.0,98420,0.019519814094111815
CHWY,CHEWY INC,16679L109,2548000.0,63000,0.019375335532449127
MP,MP MATERIALS CORP,553368101,2548000.0,37983,0.019375335532449127
R,RYDER SYSTEM,783549108,2547000.0,13501,0.019367731397624773
STRL,STERLING INFRASTRUCTURE INC,859241101,2547000.0,7499,0.019367731397624773
EGP,EASTGROUP PROPERTIES INC,277276101,2538000.0,14992,0.019299294184205604
IDA,IDACORP INC,451107106,2535000.0,19186,0.019276481779732547
OGE,OGE ENERGY CORP,670837103,2529000.0,54668,0.019230856970786435
EBA,EBAY INC,278642103,2517000.0,27674,0.01913960735289421
MDT,MEDTRONIC INC,G5960L103,2515000.0,26412,0.019124399083245504
DELL,DELL TECHNOLOGIES INC,24703L202,2513000.0,17726,0.019109190813596803
WBD,WARNER BROS DISCOVERY INC,934423104,2513000.0,128699,0.019109190813596803
AME,AMETEK INC,031100100,2512000.0,13364,0.019101586678772448
ADI,ANALOG DEVICES,032654105,2509000.0,10210,0.019078774274299395
RRC,RANGE RESOURCES CORP,75281A109,2509000.0,66663,0.019078774274299395
SPXC,SPX TECHNOLOGIES INC,78473E103,2496000.0,13361,0.018979920521582816
WEA,WESTERN ALLIANCE BANCORP,957638109,2487000.0,28680,0.018911483308163647
COP,CONOCOPHILLIPS,20825C104,2483000.0,26245,0.01888106676886624
CRWD,CROWDSTRIKE HOLDINGS INC,22788C105,2481000.0,5059,0.018865858499217535
DOCS,DOXIMITY INC,26622P107,2477000.0,33857,0.018835441959920124
CUBE,CUBESMART L.P. COMMON STOCK,229663109,2471000.0,60765,0.018789817150974015
KNSL,KINSALE CAPITAL GROUP INC,49714P108,2471000.0,5810,0.018789817150974015
CNHI,CNH INDUSTRIVAL NV,N20944109,2468000.0,227495,0.018767004746500955
MUFG,MITSUBISHI UFJ FINANCIAL  JA,606822104,2464000.0,154570,0.018736588207203548
JPX,AEROVIRONMENT INC,008073108,2464000.0,7825,0.018736588207203548
AVTR,AVANTOR INC,05352A100,2463000.0,197390,0.018728984072379197
AAON,AAON INC,000360206,2455000.0,26272,0.01866815099378438
ADP,AUTOMATIC DATA PROCESSING IN,053015103,2455000.0,8366,0.01866815099378438
YUM,YUM BRANDS INC,988498101,2453000.0,16140,0.018652942724135677
CARG,CARGURUS INC,141788109,2447000.0,65718,0.018607317915189565
AER,AERCAP HOLDINGS NV,N00985106,2445000.0,20210,0.01859210964554086
CVLT,COMMVAULT SYSTEMS INC,204166102,2444000.0,12945,0.01858450551071651
SG,SWEETGREEN INC,87043Q108,2444000.0,306304,0.01858450551071651
CMCSA,COMCAST CORP CL A,20030N101,2442000.0,77715,0.018569297241067803
GWW,GRAINGER (W W) INC,384802104,2441000.0,2562,0.01856169310624345
TTWO,TAKE-TWO INTERACTIVE SOFTWAR,874054109,2440000.0,9445,0.018554088971419098
REXR,REXFORD INDUSTRIAL REALTY IN,76169C100,2439000.0,59328,0.018546484836594747
MKSI,MKS INSTRUMENTS INC,55306N104,2430000.0,19632,0.018478047623175578
PLNT,PLANET FITNESS INC,72703H101,2424000.0,23349,0.018432422814229465
8CW,CROWN CASTLE INTL CORP,22822V101,2419000.0,25071,0.018394402140107704
ATI,ATI INC,01741R102,2411000.0,29637,0.01833356906151289
SNV,SYNOVUS FINANCIAL CORP,87161C501,2411000.0,49120,0.01833356906151289
PEG,PUBLIC SERVICE ENTERPRISE IN,744573106,2404000.0,28802,0.018280340117742423
KMB,KIMBERLY CLARK CORP,494368103,2399000.0,19290,0.018242319443620664
TTEK,TETRA TECHNOLOGIES INC,88162G103,2399000.0,71865,0.018242319443620664
ALNY,ALNYLAM PHARMACEUTICALS INC,02043Q107,2399000.0,5260,0.018242319443620664
LAD,LITHIA MOTORS INC,536797103,2396000.0,7581,0.018219507039147608
BWA,BORGWARNER INC,099724106,2396000.0,54507,0.018219507039147608
WDC,WESTERN DIGITAL CORP,958102105,2395000.0,19950,0.018211902904323254
ATR,APTARGROUP INC,038336103,2392000.0,17896,0.018189090499850197
NFG,NATIONAL FUEL GAS CO,636180101,2388000.0,25849,0.01815867396055279
TGT,TARGET CORP,87612E106,2387000.0,26611,0.01815106982572844
DE,DEERE & CO,244199105,2385000.0,5215,0.018135861556079734
SEIC,SEI INVESTMENTS CO,784117103,2384000.0,28100,0.01812825742125538
VMI,VALMONT INDUSTRIES INC,920253101,2381000.0,6140,0.018105445016782327
DORM,DORMAN PRODUCTS INC,258278100,2377000.0,15246,0.01807502847748492
CR,CRANE CO,224408104,2374000.0,12895,0.01805221607301186
STEP,STEPSTONE GROUP INC,85914M107,2373000.0,36340,0.01804461193818751
KTB,KONTOOR BRANDS INC,50050N103,2373000.0,29745,0.01804461193818751
TMUS,T MOBILE US INC,872590104,2367000.0,9890,0.017998987129241396
VIAV,VIAVI SOLUTIONS INC,925550105,2360000.0,186006,0.017945758185470933
EXP,EAGLE MATERIALS INC,26969P108,2353000.0,10095,0.017892529241700466
DINO,HF SINCLAIR CORP,403949100,2349000.0,44889,0.01786211270240306
BUSE,FIRST BUSEY CORP,319383204,2347000.0,101391,0.017846904432754353
VMC,VULCAN MATERIALS CO,929160109,2347000.0,7628,0.017846904432754353
PAYX,PAYCHEX INC,704326107,2344000.0,18491,0.017824092028281297
EPRT,ESSENTIAL PROPERTIES REALTY,29670E107,2343000.0,78720,0.017816487893456946
INSP,INSPIRE MED SYS INC,457730109,2342000.0,31558,0.017808883758632595
SYY,SYSCO CORP,871829107,2338000.0,28400,0.017778467219335185
CBZ,CBIZ INC,124805102,2336000.0,44116,0.017763258949686483
OSK,OSHKOSH CORP,688239201,2330000.0,17964,0.01771763414074037
RMD,RESMED INC,761152107,2323000.0,8487,0.017664405196969907
CELH,CELSIUS HLDGS INC,15118V207,2314000.0,40251,0.017595967983550734
MO,ALTRIA GROUP INC,02209S103,2313000.0,35009,0.017588363848726384
FIVE,FIVE BELOW INC,33829M101,2312000.0,14942,0.017580759713902033
ETR,ENTERGY CORP,29364G103,2308000.0,24770,0.017550343174604622
BABA,ALIBABA GROUP HLDG LTD,01609W102,2304000.0,12890,0.017519926635307215
MTG,MGIC INVESTMENT CORP,552848103,2301000.0,81109,0.01749711423083416
AA,ALCOA CORP      ORP,013872106,2299000.0,69891,0.017481905961185453
JAZZ,JAZZ PHARMACEUTICALS PLC,G50871105,2293000.0,17400,0.017436281152239344
CPRT,COPART INC,217204106,2282000.0,50735,0.017352635669171466
FYBR,FRONTIER COMMUNICATIONS PARE,35909D109,2279000.0,61009,0.017329823264698414
UMBF,UMB FINANCIAL CORP,902788108,2277000.0,19236,0.01731461499504971
ROK,ROCKWELL AUTOMATION INC,773903109,2277000.0,6514,0.01731461499504971
MYRG,MYR GROUP INC,55405W104,2271000.0,10919,0.017268990186103596
HLMN,HILLMAN SOLUTIONS,431636109,2270000.0,247269,0.017261386051279245
ZION,ZIONS BANCORPORATION,989701107,2262000.0,39970,0.017200552972684427
CPK,CHESAPEAKE UTIL CORP,165303108,2255000.0,16742,0.017147324028913963
CRUS,CIRRUS LOGIC INC,172755100,2238000.0,17862,0.017018053736899977
HIG,HARTFORD FINL SERVICES GROUP,416515104,2235000.0,16759,0.01699524133242692
CSGP,COSTAR GROUP INC,22160N109,2233000.0,26469,0.016980033062778215
TSM,TAIWAN SEMICONDUCTOR    ADR,874039100,2232000.0,7990,0.016972428927953864
WCC,WESCO INTL INC,95082P105,2231000.0,10550,0.016964824793129513
TPB,TURNING POINT BRANDS,90041L105,2230000.0,22561,0.01695722065830516
MLM,MARTIN MARIETTA MATERIALS,573284106,2229000.0,3537,0.016949616523480808
CFR,CULLEN FROST BANKERS INC,229899109,2226000.0,17557,0.01692680411900775
WELL,WELLTOWER INC,95040Q104,2223000.0,12481,0.016903991714534695
IDCC,INTERDIGITAL INC,45867G101,2222000.0,6436,0.016896387579710345
FND,FLOOR & DECOR HOLDINGS,339750101,2215000.0,30060,0.016843158635939878
HG,HAMILTON INS GRP LTD,G42706104,2214000.0,89280,0.016835554501115527
MUSA,MURPHY USA INC,626755102,2208000.0,5688,0.016789929692169414
INGR,INGREDION INC,457187102,2208000.0,18086,0.016789929692169414
BRX,BRIXMOR PROPERTY GROUP INC,11120U105,2207000.0,79744,0.01678232555734506
MKSI,MKS INSTRUMENTS INC,55306N104,2201000.0,17785,0.01673670074839895
WF2,WINTRUST FINANCIAL CORP,97650W108,2201000.0,16620,0.01673670074839895
CAH,CARDINAL HEALTH INC,14149Y108,2195000.0,13985,0.016691075939452838
GRMN,GARMIN LTD,H2906T109,2191000.0,8900,0.01666065940015543
HQY,HEALTHEQUITY INV,42226A107,2189000.0,23101,0.016645451130506722
TCBI,TEXAS CAPTL,88224Q107,2188000.0,25887,0.01663784699568237
PLD,PROLOGIS INC,74340W103,2188000.0,19103,0.01663784699568237
NVS,NOVARTIS AG,66987V109,2186000.0,17050,0.01662263872603367
SITM,SITIME CORP,82982T106,2184000.0,7247,0.016607430456384964
SPXC,SPX TECHNOLOGIES INC,78473E103,2180000.0,11673,0.016577013917087557
HRB,BLOCK H & R,093671105,2173000.0,42964,0.016523784973317093
NWG,NATWEST GROUP PLC,639057207,2172000.0,153480,0.01651618083849274
SF,STIFEL FINANCIAL CORP,860630102,2170000.0,19126,0.016500972568844034
ADC,AGREE REALTY CORP,008492100,2169000.0,30532,0.016493368434019683
PR,PERMIAN RESOURCES CORP,71424F105,2167000.0,169310,0.016478160164370977
CB,CHUBB LIMITED,H1467J104,2164000.0,7668,0.01645534775989792
N/A,CRH PLC,G25508105,2162000.0,18030,0.01644013949024922
LMT,LOCKHEED MARTIN,539830109,2158000.0,4322,0.01640972295095181
RNST,RENASANT CORP,75970E107,2156000.0,58448,0.016394514681303107
TTC,TORO CO,891092108,2156000.0,28289,0.016394514681303107
ELF,E.L.F BEAUTY INC,26856L103,2138000.0,16140,0.01625764025446477
PRU,PRUDENTIAL FINANCIAL GROUP,744320102,2137000.0,20604,0.016250036119640415
EYE,NATL VISION HLDGS,63845R107,2135000.0,73128,0.016234827849991713
AG8,AGILENT TECHNOLOGIES INC A,00846U101,2135000.0,16632,0.016234827849991713
SO,SOUTHERN CO,842587107,2133000.0,22511,0.016219619580343007
YETI,YETI HOLDINGS INC,98585X104,2132000.0,64254,0.016212015445518653
XYZ,BLOCK INC,852234103,2131000.0,29488,0.016204411310694302
COLB,COLUMBIA BANKING SYSTEM INC,197236102,2129000.0,82713,0.0161892030410456
MMSI,MERIT MD SYS INC,589889104,2122000.0,25499,0.016135974097275133
LNW,SCIENTIFIC GAMES CORP A,80874P109,2122000.0,25275,0.016135974097275133
FIBK,FIRST INTERSTATE,32055Y201,2115000.0,66359,0.01608274515350467
NDAQ,NASDAQ INC,631103108,2113000.0,23888,0.016067536883855964
OTIS,OTIS WORLDWIDE CORP,68902V107,2112000.0,23097,0.016059932749031613
CEG,CONSTELLATION ENERGY CORP,21037T109,2106000.0,6400,0.0160143079400855
AWI,ARMSTRONG WORLD INDS NEW,04247X102,2105000.0,10740,0.01600670380526115
MTSI,MACOM TECHNOLOGY SOLUTIONS,55405Y100,2104000.0,16900,0.015999099670436796
LOPE,GRAND CANYON EDUCATION INC,38526M106,2103000.0,9578,0.015991495535612445
SAIA,SAIA INC,78709Y105,2103000.0,7026,0.015991495535612445
TRGP,TARGA RES CORP,87612G101,2103000.0,12552,0.015991495535612445
CGNX,COGNEX CORP,192422103,2100000.0,46367,0.01596868313113939
WING,WINGSTOP INC,974155103,2099000.0,8338,0.015961078996315037
DAL,DELTA AIR LINES INC,247361702,2098000.0,36973,0.015953474861490687
WEC,WEC ENERGY GROUP INC,92939U106,2094000.0,18276,0.015923058322193276
PECO,PHILLIPS EDISON & CO,71844V201,2088000.0,60836,0.015877433513247163
NNN,NATIONAL RETAIL PROPERTIES I,637417106,2087000.0,49028,0.015869829378422812
WTS,WATTS WATER TECHNOLOGIES INC,942749102,2081000.0,7450,0.0158242045694767
DY,DYCOM INDUSTRIES INC,267475101,2081000.0,7131,0.0158242045694767
DNLI,DENALI THERAPEUTICS INC,24823R105,2078000.0,143110,0.015801392165003644
CRUS,CIRRUS LOGIC INC,172755100,2077000.0,16576,0.015793788030179293
OLLI,OLLIE'S BARGAIN OUTLET HOLDI,681116109,2075000.0,16159,0.015778579760530584
XYL,XYLEM INC,98419M100,2070000.0,14037,0.015740559086408826
AAL,AMERICAN AIRLS GROUP INC,02376R102,2068000.0,184000,0.015725350816760124
MZTI,LANCASTER COLONY,513847103,2066000.0,11956,0.015710142547111415
CSGP,COSTAR GROUP INC,22160N109,2058000.0,24388,0.0156493094685166
VRSK,VERISK ANALYTICS INC,92345Y106,2056000.0,8175,0.015634101198867895
CBSH,COMMERCE BANCSHARES INC,200525103,2055000.0,34384,0.015626497064043544
FIS,FIDELITY NATIONAL INFORMATIO,31620M106,2051000.0,31097,0.015596080524746137
AMTB,AMERANT BANCORP INC,023576101,2047000.0,106224,0.015565663985448727
FICO,FAIR ISAAC CORP,303250104,2047000.0,1368,0.015565663985448727
ACI,ALBERTSONS COS INC,013091103,2047000.0,116900,0.015565663985448727
VRTX,VERTEX PHARMACEUTICALS INC,92532F100,2042000.0,5214,0.015527643311326968
FIG,FIGMA INC,316841105,2031000.0,39150,0.015443997828259096
FLR,FLUOR CORP,343412102,2031000.0,48275,0.015443997828259096
W,WAYFAIR INC,94419L101,2019000.0,22602,0.015352748210366867
TMHC,TAYLOR MORRISON HOME CORP,87724P106,2018000.0,30576,0.015345144075542516
UGI,UGI CORP,902681105,2014000.0,60557,0.01531472753624511
ED,CONSOLIDATED EDISON INC,209115104,2013000.0,20024,0.015307123401420757
ELAN,ELANCO ANIMAL HEALTH INC,28414H103,2013000.0,99972,0.015307123401420757
ARW,ARROW ELECTRONICS INC,042735100,2012000.0,16625,0.015299519266596406
CRDO,CREDO TECH GRP HLDG,G25457105,2011000.0,13809,0.015291915131772051
WTW,WILLIS TOWERS,G96629103,2011000.0,5822,0.015291915131772051
SGHC,SUPER GROUP SGHC LTD,G8588X103,2007000.0,152017,0.015261498592474644
EXLS,EXLSERVICE HOLDINGS,302081104,2006000.0,45558,0.015253894457650291
CME,CME GROUP INC,12572Q105,2006000.0,7424,0.015253894457650291
MOG/A,MOOG INC,615394202,2005000.0,9657,0.01524629032282594
PH,PARKER HANNIFIN,701094104,2004000.0,2643,0.015238686188001588
RIVN,RIVIAN AUTOMOTIVE INC COMMON,76954A103,1997000.0,136027,0.015185457244231123
VOYA,VOYA FINL INC,929089100,1997000.0,26697,0.015185457244231123
MCK,MCKESSON CORP,58155Q103,1995000.0,2582,0.015170248974582419
ICE,"INTERCONTINENTAL EXCHANGE, I",45866F104,1993000.0,11829,0.015155040704933715
WAB,WABTEC CORP,929740108,1992000.0,9935,0.015147436570109361
MCHP,MICROCHIP TECHNOLOGY INC,595017104,1990000.0,30992,0.015132228300460657
GEHC,GE HEALTHCARE INC,36266G107,1986000.0,26444,0.01510181176116325
CADE,CADENCE BANK,12740C103,1986000.0,52904,0.01510181176116325
VICI,VICI PROPERTIES INC COMMON S,925652109,1985000.0,60862,0.0150942076263389
BE,BLOOM ENERGY CORP,093712107,1985000.0,23471,0.0150942076263389
CDNS,CADENCE DESIGN SYSTEM INC,127387108,1982000.0,5642,0.015071395221865841
UTL,UNITIL CORP,913259107,1979000.0,41354,0.015048582817392785
DUK,DUKE ENERGY CORP NEW COM,26441C204,1979000.0,15992,0.015048582817392785
SBUX,STARBUCKS CORP,855244109,1976000.0,23362,0.01502577041291973
NTES,NETEASE INC,64110W102,1976000.0,13000,0.01502577041291973
MASI,MASIMO CORP,574795100,1973000.0,13370,0.015002958008446672
NEM,NEWMONT MINING,651639106,1970000.0,23370,0.014980145603973616
MIDD,MIDDLEBY CORP,596278101,1969000.0,14810,0.014972541469149265
STT,STATE STREET CORP,857477103,1965000.0,16935,0.014942124929851858
ACGL,ARCH CAPITAL GROUP,G0450A105,1965000.0,21659,0.014942124929851858
MMC,MARSH & MCLENNAN,571748102,1962000.0,9734,0.0149193125253788
AMG,AFFILIATED MANAGERS GROUP,008252108,1960000.0,8221,0.014904104255730096
NXT,NEXTRACKER INC,65290E101,1958000.0,26465,0.014888895986081393
CVS,CVS HEALTH CORPORATION,126650100,1955000.0,25927,0.014866083581608337
SNV,SYNOVUS FINANCIAL CORP,87161C501,1955000.0,39833,0.014866083581608337
CORT,CONCEPT THERAPEUTICS INC,218352102,1955000.0,23527,0.014866083581608337
G,GENPACT LTD,G3922B107,1954000.0,46647,0.014858479446783982
TT,TRANE TECHNOLOGIES PLC,G8994E103,1948000.0,4617,0.014812854637837871
THG,HANOVER INSURANCE GROUP INC,410867105,1947000.0,10722,0.014805250503013519
WHD,CACTUS INC,127203107,1940000.0,49163,0.014752021559243053
BTI,BRITISH AMERICAN TOBACCO   A,110448107,1938000.0,36510,0.01473681328959435
RDNT,RADNET INC,750491102,1932000.0,25351,0.014691188480648237
CTSH,COGNIZANT TECH SOLUTIONS,192446102,1922000.0,28655,0.014615147132404716
H,HYATT HOTELS CORP,448579102,1922000.0,13544,0.014615147132404716
IR,INGERSOLL-RAND INC,45687V106,1922000.0,23258,0.014615147132404716
PNFP,PINNACLE FINANCIAL PARTNERS,72346Q104,1920000.0,20468,0.014599938862756012
ORLY,O'REILLY AUTOMOTIVE INC,67103H107,1915000.0,17760,0.01456191818863425
SSD,SIMPSON MANUFACTURING CO INC,829073105,1913000.0,11425,0.014546709918985547
QRVO,QORVO INC,74736K101,1910000.0,20976,0.014523897514512493
GMED,GLOBUS MEDICAL INC,379577208,1909000.0,33329,0.01451629337968814
PCG,P G & E CORP,69331C108,1902000.0,126145,0.014463064435917675
MTB,M & T BANK CORP,55261F104,1894000.0,9582,0.014402231357322859
IQV,IQVIA HOLDINGS INC,46266C105,1893000.0,9966,0.014394627222498506
DASH,DOORDASH INC,25809K105,1891000.0,6951,0.014379418952849802
RGEN,REPLIGEN CORP,759916109,1891000.0,14147,0.014379418952849802
BMY,BRISTOL MYERS SQUIBB CO,110122108,1890000.0,41915,0.014371814818025451
NRG,NRG ENERGY INC,629377508,1890000.0,11669,0.014371814818025451
AM,ANTERO MIDSTREAM CORP,03676B102,1888000.0,97094,0.014356606548376744
LPX,LOUISIANA PACIFIC,546347105,1887000.0,21241,0.014349002413552393
HAYW,HAYWARD HOLDINGS INC,421298100,1883000.0,124532,0.014318585874254986
WDAY,WORKDAY INC,98138H101,1883000.0,7822,0.014318585874254986
DD,DUPONT DE NEMOURS INC,26614N102,1880000.0,24129,0.01429577346978193
HR,HEALTHCARE REALTY TRUST INC,42226K105,1877000.0,104119,0.014272961065308872
EQT,EQT CORP,26884L109,1877000.0,34493,0.014272961065308872
WH,WYNDHAM HOTELS & RESORTS INC,98311A105,1876000.0,23475,0.01426535693048452
FBIN,FORTUNE BRANDS INNOVATIONS I,34964C106,1869000.0,35009,0.014212127986714054
SNPS,SYNOPSYS INC,871607107,1868000.0,3787,0.014204523851889703
ESNT,ESSENT GROUP LTD,G3198U102,1867000.0,29369,0.01419691971706535
R,RYDER SYSTEM INC,783549108,1862000.0,9871,0.014158899042943592
CMC,COMMERCIAL METALS CO,201723103,1859000.0,32452,0.014136086638470534
FR,FIRST INDUSTRIAL REALTY TRUS,32054K103,1855000.0,36038,0.014105670099173127
NSSC,NAPCO SEC TECH INC,630402105,1852000.0,43112,0.01408285769470007
AMT,AMERICAN TOWER CORPORATION,03027X100,1851000.0,9626,0.014075253559875716
IX,ORIX CORP,686330101,1847000.0,70700,0.01404483702057831
CHE,CHEMED CORP,16359R103,1843000.0,4117,0.014014420481280902
HPE,HEWLETT PACKARD ENTERPRISE C,42824C109,1842000.0,75015,0.014006816346456548
OXY,OCCIDENTAL PETROLEUM,674599105,1841000.0,38971,0.013999212211632197
EFX,EQUIFAX INC,294429105,1838000.0,7163,0.01397639980715914
VNO,VORNADO REALTY TRUST,929042109,1836000.0,45296,0.013961191537510437
FLS,FLOWSERVE CORP,34354P105,1834000.0,34521,0.013945983267861733
UAL,UNITED CONTL HLDGS INC,910047109,1832000.0,18987,0.013930774998213028
NUE,NUCOR CORP,670346105,1832000.0,13530,0.013930774998213028
CHDN,CHURCHILL DOWNS INC,171484108,1831000.0,18872,0.013923170863388675
VNT,VONTIER CORP,928881101,1829000.0,43572,0.013907962593739972
IDA,IDACORP INC,451107106,1828000.0,13833,0.01390035845891562
AN,AUTONATION INC,05329W102,1827000.0,8353,0.013892754324091268
SNOW,SNOWFLAKE INC,833445109,1822000.0,8076,0.013854733649969506
RJF,RAYMOND JAMES FINANCIAL INC,754730109,1822000.0,10556,0.013854733649969506
FAF,FIRST AMERICAN FINANCIAL COR,31847R102,1821000.0,28350,0.013847129515145155
FCFS,FIRSTCASH HOLDINGS INC,33768G107,1818000.0,11476,0.013824317110672099
DDOG,DATADOG INC,23804L103,1814000.0,12741,0.01379390057137469
GNTX,GENTEX CORP,371901109,1813000.0,64063,0.013786296436550338
HUM,HUMANA INC,444859102,1812000.0,6965,0.013778692301725987
CTRE,CARETRUST REIT INC,14174T107,1804000.0,52006,0.013717859223131169
CMC,COMMERCIAL METALS CO,201723103,1804000.0,31486,0.013717859223131169
KKR,KKR & CO INC,48251W104,1802000.0,13868,0.013702650953482465
NEU,NEWMARKET CORP,651587107,1800000.0,2173,0.013687442683833762
FSS,FEDERAL SIGNAL CORP,313855108,1800000.0,15129,0.013687442683833762
PWP,PERELLA WEINBERG PTR,71367G102,1799000.0,84403,0.01367983854900941
KVUE,KENVUE INC,49177J102,1798000.0,110799,0.013672234414185058
JXN,JACKSON FINANCIAL INC COMMON,46817M107,1797000.0,17749,0.013664630279360705
CYTK,CYTOKINETICS INC,23282W605,1786000.0,32504,0.013580984796292831
AGCO,AGCO CORP,001084102,1786000.0,16677,0.013580984796292831
CLF,CLEVELAND-CLIFFS INC,185899101,1780000.0,145886,0.01353535998734672
KBIA,KB FINANCIAL GROUP INC,48241A105,1780000.0,21470,0.01353535998734672
PCTY,PAYLOCITY HOLDING CORP,70438V106,1779000.0,11172,0.013527755852522368
GD,GENERAL DYNAMICS CORP,369550108,1779000.0,5216,0.013527755852522368
KBR,KBR INC,48242W106,1762000.0,37261,0.013398485560508383
JHG,JANUS HENDERSON GROUP PLC,G4474Y214,1762000.0,39591,0.013398485560508383
KDP,KEURIG DR PEPPER INC,49271V100,1761000.0,69050,0.01339088142568403
AAON,AAON INC,000360206,1760000.0,18840,0.013383277290859679
KD,KYNDRYL HOLDINGS,50155Q100,1759000.0,58575,0.013375673156035326
GATX,GATX CORP,361448103,1757000.0,10052,0.013360464886386621
TSCO,TRACTOR SUPPLY CO,892356106,1755000.0,30865,0.013345256616737917
KEYS,KEYSIGHT TECHNOLOGIES INC,49338L103,1754000.0,10030,0.013337652481913565
VIPS,VIPSHOP HLDGS LTD,92763W103,1753000.0,89280,0.013330048347089214
AXTA,AXALTA COATING SYSTEMS LIMIT,G0750C108,1751000.0,61197,0.01331484007744051
ATMU,ATMUS FILTRATION,04956D107,1749000.0,38786,0.013299631807791807
CART,MAPLEBEAR INC,565394103,1746000.0,47500,0.013276819403318749
ALK,ALASKA AIR GROUP INC,011659109,1746000.0,35076,0.013276819403318749
ON1,OLD NATIONAL BANCORP,680033107,1743000.0,79389,0.013254006998845692
IBKR,INTERACTIVE BROKERS GROUP IN,45841N107,1740000.0,25292,0.013231194594372638
LEN,LENNAR CORP CL A,526057104,1739000.0,13794,0.013223590459548283
CHRD,CHORD ENERGY CORPORATION,674215207,1738000.0,17492,0.01321598632472393
TEVA,TEVA PHARMACEUTICAL,881624209,1737000.0,86000,0.01320838218989958
LITE,LUMENTUM HLDGS INC,55024U109,1737000.0,10673,0.01320838218989958
KNX,KNIGHT-SWIFT TRANSPORTATION,499049104,1736000.0,43943,0.013200778055075227
MMM,3M CO,88579Y101,1734000.0,11175,0.013185569785426524
CCL,CARNIVAL CORP,143658300,1734000.0,59986,0.013185569785426524
FITB,FIFTH THIRD BANCORP,316773100,1726000.0,38754,0.013124736706831706
EXR,EXTRA SPACE STORAGE INC,30225T102,1726000.0,12245,0.013124736706831706
IRM,IRON MOUNTAIN INC,46284V101,1724000.0,16915,0.013109528437183004
AXTA,AXALTA COATING SYSTEMS LTD,G0750C108,1716000.0,59969,0.013048695358588186
YETI,YETI HOLDINGS INC,98585X104,1715000.0,51675,0.013041091223763833
STAG,"STAG INDUSTRIAL, INC. COMMON",85254J102,1714000.0,48573,0.013033487088939482
GXO,GXO LOGISTICS INC,36262G101,1713000.0,32379,0.01302588295411513
LNC,LINCOLN NATIONAL,534187109,1710000.0,42409,0.013003070549642072
TEM,TEMPUS AI INC. CL A,88023B103,1709000.0,21170,0.01299546641481772
NOC,NORTHROP GRUMMAN CORP,666807102,1704000.0,2796,0.012957445740695961
MTDR,MATADOR RESOURCES CO,576485205,1700000.0,37830,0.012927029201398552
DBX,DROPBOX INC,26210C104,1700000.0,56276,0.012927029201398552
VTR,VENTAS INC,92276F100,1696000.0,24225,0.012896612662101145
NKE,NIKE INC CL B,654106103,1696000.0,24322,0.012896612662101145
DTE,DTE ENERGY CO,233331107,1693000.0,11971,0.012873800257628088
LFUS,LITTELFUSE INC,537008104,1691000.0,6530,0.012858591987979383
PB,PROSPERITY BANCSHARES INC,743606105,1689000.0,25456,0.01284338371833068
EME,EMCOR GROUP INC,29084Q100,1689000.0,2600,0.01284338371833068
POST,POST HOLDINGS INC,737446104,1686000.0,15684,0.012820571313857623
ITUB,ITAU UNIBANCO HLDG SA,465562106,1685000.0,229625,0.012812967179033272
WEX,WEX INC,96208T104,1685000.0,10695,0.012812967179033272
MSA,MSA SAFETY INC,553498106,1675000.0,9736,0.01273692583078975
CHEF,CHEFS' WAREHOUSE,163086101,1670000.0,28622,0.01269890515666799
OLED,UNIVERSAL DISPLAY CORP,91347P105,1670000.0,11627,0.01269890515666799
SLM,SLM CORP,78442P106,1668000.0,60246,0.012683696887019286
BCO,BRINK'S CO (THE),109696104,1665000.0,14251,0.012660884482546231
MDLZ,MONDELEZ INTERNATIONAL INC,609207105,1664000.0,26632,0.012653280347721877
ZETA,ZETA GLBL HLDGS CORP,98956A105,1661000.0,83593,0.01263046794324882
COKE,COCA-COLA BOTTLING CO,191098102,1661000.0,14180,0.01263046794324882
FNB,F.N.B. CORP,302520101,1659000.0,102978,0.012615259673600117
WM,WASTE MANAGEMENT INC,94106L109,1659000.0,7513,0.012615259673600117
SANM,SANMINA CORP,801056102,1657000.0,14397,0.012600051403951413
SLM,SLM CORP,78442P106,1653000.0,59722,0.012569634864654004
CAVA,CAVA GROUP INC,148929102,1649000.0,27300,0.012539218325356597
ADM,ARCHER-DANIELS MIDLAND,039483102,1649000.0,27606,0.012539218325356597
AL,AIR LEASE CORPORATION CL A,00912X302,1648000.0,25893,0.012531614190532244
ZWS,ZURN WATER SOLUTIONS CORP,98983L108,1646000.0,34989,0.01251640592088354
RCL,ROYAL CARIBBEAN CRUISES LTD,V7780T103,1645000.0,5084,0.012508801786059186
CBT,CABOT CORP,127055101,1644000.0,21617,0.012501197651234834
GPK,GRAPHIC PACKAGING HOLDING CO,388689101,1643000.0,83933,0.012493593516410483
AFRM,AFFIRM HLDGS INC,00827B106,1638000.0,22415,0.012455572842288723
KMPR,KEMPER CORP,488401100,1637000.0,31748,0.012447968707464372
PNC,PNC FINANCIAL SERVICES GROUP,693475105,1635000.0,8139,0.012432760437815665
HWM,HOWMET AEROSPACE INC,443201108,1634000.0,8325,0.012425156302991314
MORN,MORNINGSTAR INC,617700109,1633000.0,7040,0.012417552168166961
MAT,MATTEL INC,577081102,1630000.0,96825,0.012394739763693907
SHW,SHERWIN WILLIAMS,824348106,1629000.0,4706,0.012387135628869554
AJG,ARTHUR J GALLAGHER & CO,363576109,1625000.0,5247,0.012356719089572145
CVLT,COMMVAULT SYS INC,204166102,1624000.0,8600,0.012349114954747793
ONTO,ONTO INNOVATION INC,683344105,1622000.0,12550,0.012333906685099089
OZK,BANK OZK,06417N103,1622000.0,31812,0.012333906685099089
H,HYATT HOTELS CORP,448579102,1621000.0,11420,0.012326302550274738
ETSY,ETSY INC,29786A106,1620000.0,24399,0.012318698415450385
GIS,GENERAL MILLS INC,370334104,1618000.0,32099,0.012303490145801682
STWD,"STARWOOD PROPERTY TRUST, INC",85571B105,1618000.0,83524,0.012303490145801682
CI,CIGNA CORP NEW,125523100,1617000.0,5610,0.012295886010977327
BR,BROADRIDGE FINANCIAL SOLUTIO,11133T103,1611000.0,6764,0.012250261202031217
AEE,AMEREN CORP,023608102,1611000.0,15430,0.012250261202031217
BK,BANK NEW YORK MELLON CORP,064058100,1611000.0,14787,0.012250261202031217
TTD,THE TRADE DESK,88339J105,1610000.0,32853,0.012242657067206866
GBCI,GLACIER BANCORP INC,37637Q105,1608000.0,33042,0.012227448797558162
JBTM,JOHN BEAN TECHNOLOGIES CORP,477839104,1607000.0,11442,0.012219844662733808
FOUR,SHIFT4 PMTS INC,82452J109,1606000.0,20750,0.012212240527909455
LEA,LEAR CORP,521865204,1606000.0,15959,0.012212240527909455
SYF,SYNCHRONY FINL,87165B103,1600000.0,22525,0.012166615718963342
HOMB,HOME BANCSHARES INC,436893200,1599000.0,56509,0.012159011584138991
HCI,HCI GROUP INC,40416E103,1599000.0,8332,0.012159011584138991
POOL,POOL CORP,73278L105,1599000.0,5156,0.012159011584138991
NXST,NEXSTAR MEDIA GROUP INC COMM,65336K103,1598000.0,8082,0.012151407449314639
HSY,HERSHEY CO,427866108,1598000.0,8542,0.012151407449314639
REZI,RESIDEO TECHNOLOGIES INC,76118Y104,1593000.0,36891,0.012113386775192879
LRN,STRIDE INC COMMON STOCK,86333M108,1590000.0,10677,0.012090574370719823
UFPI,UFP INDUSTRIES INC,90278Q108,1589000.0,17000,0.01208297023589547
WMB,WILLIAMS COS,969457100,1587000.0,25056,0.012067761966246766
AON,AON PLC,G0403H108,1586000.0,4449,0.012060157831422414
MARA,MARATHON DIGITAL HOLDINGS IN,565788106,1586000.0,86833,0.012060157831422414
AVB,AVALONBAY COMMUNITIES INC,053484101,1585000.0,8206,0.012052553696598063
PPL,PPL CORP,69351T106,1584000.0,42631,0.01204494956177371
AEIS,ADVANCED ENERGY INDUSTRIES I,007973100,1584000.0,9309,0.01204494956177371
TDY,TELEDYNE TECHNOLOGIES,879360105,1581000.0,2697,0.012022137157300654
GPOR,GULFPORT ENERGY CORP,402635502,1581000.0,8737,0.012022137157300654
MMS,MAXIMUS INC,577933104,1578000.0,17265,0.011999324752827598
UE,URBAN EDGE PROP,91704F104,1578000.0,77066,0.011999324752827598
HWC,HANCOCK HOLDING CO,410120109,1577000.0,25194,0.011991720618003245
IONS,IONIS PHARM INC,462222100,1576000.0,24083,0.011984116483178892
MSI,MOTOROLA SOLUTIONS INC,620076307,1574000.0,3442,0.01196890821353019
RXO,RXO INC,74982T103,1574000.0,102337,0.01196890821353019
PATK,PATRICK INDUSTRIES INC,703343103,1573000.0,15205,0.011961304078705838
EQIX,EQUINIX INC,29444U700,1568000.0,2002,0.011923283404584076
AWC,AMERICAN WATER WORKS CO,030420103,1568000.0,11262,0.011923283404584076
PHM,PULTE GROUP,745867101,1566000.0,11852,0.011908075134935373
HCA,HCA HOLDINGS INC,40412C101,1566000.0,3675,0.011908075134935373
HL,HECLA MNG CO,422704106,1564000.0,129269,0.011892866865286669
DOX,AMDOCS LTD,G02602103,1556000.0,18960,0.011832033786691851
TREX,TREX CO INC,89531P105,1554000.0,30077,0.011816825517043147
APPF,APPFOLIO INC. COMMON STOCK,03783C100,1552000.0,5630,0.011801617247394444
NVR,NVR INC,62944T105,1551000.0,193,0.011794013112570091
USB,US BANCORP,902973304,1550000.0,32074,0.01178640897774574
FANG,DIAMONDBACK ENERGY INC,25278X109,1548000.0,10820,0.011771200708097035
AZZ,AZZ INC,002474104,1547000.0,14174,0.011763596573272682
RMBS,RAMBUS INC,750917106,1543000.0,14812,0.011733180033975275
NTRS,NORTHERN TRUST CORP,665859104,1541000.0,11451,0.011717971764326571
CHTR,CCH I LLC,16119P108,1539000.0,5595,0.011702763494677866
THO,THOR INDUSTRIES INC,885160101,1538000.0,14828,0.011695159359853513
PBR,PETROLEO BRASILEIRO S A   BR,71654V408,1537000.0,121370,0.011687555225029162
ELV,ELEVANCE HEALTH INC,036752103,1537000.0,4758,0.011687555225029162
DKNG,DRAFTKINGS INC. COMMON STOCK,26142V105,1535000.0,41050,0.011672346955380457
RUSHA,RUSH ENTERPRISES INC,781846209,1533000.0,28673,0.011657138685731754
HLNE,HAMILTON LANE INC,407497106,1531000.0,11360,0.01164193041608305
SWX,SOUTHWEST GAS CORP,844895102,1531000.0,19538,0.01164193041608305
ATO,ATMOS ENERGY CORP,049560105,1531000.0,8966,0.01164193041608305
SANM,SANMINA CORP,801056102,1530000.0,13291,0.011634326281258697
APP,APPLOVIN CORP,03831W108,1528000.0,2127,0.011619118011609994
KBH,KB HOME,48666K109,1528000.0,24012,0.011619118011609994
ODFL,OLD DOMINION FREIGHT LINE,679580100,1527000.0,10850,0.011611513876785641
TPR,TAPESTRY INC,876030107,1525000.0,13469,0.011596305607136936
EMR,EMERSON ELECTRIC CO,291011104,1524000.0,11615,0.011588701472312585
VLTO,VERALTO CORP,92338C103,1523000.0,14284,0.011581097337488232
DXCM,DEXCOM INC,252131107,1521000.0,22597,0.011565889067839528
TDG,TRANSDIGM GROUP INC,893641100,1518000.0,1152,0.011543076663366472
FCN,FTI CONSUTLTING INC,302941109,1518000.0,9393,0.011543076663366472
MTN,VAIL RESORTS INC,91879Q109,1518000.0,10150,0.011543076663366472
EXPE,EXPEDIA INC,30212P303,1517000.0,7099,0.011535472528542121
HLNE,HAMILTON LANE INC,407497106,1516000.0,11247,0.011527868393717767
MCO,MOODY'S CORP,615369105,1516000.0,3182,0.011527868393717767
7HP,HP INC,40434L105,1515000.0,55620,0.011520264258893416
GH,GUARDANT HEALTH INC,40131M109,1513000.0,24217,0.011505055989244712
ESAB,ESAB CORP,29605J106,1509000.0,13503,0.011474639449947303
FI,FISERVE INC,337738108,1508000.0,11696,0.011467035315122952
NOV,NOV INC,62955J103,1508000.0,113836,0.011467035315122952
ES,EVERSOURCE ENERGY,30040W108,1505000.0,21162,0.011444222910649894
BYD,BOYD GAMING CORP,103304101,1503000.0,17386,0.01142901464100119
ROIV,ROIVANT SCIENCES LTD COMMON,G76279101,1501000.0,99200,0.011413806371352486
BUWA,BIO RAD LABS INC,090572207,1497000.0,5340,0.011383389832055078
SAIC,SCIENCE APPLICATIONS INTL,808625107,1495000.0,15049,0.011368181562406375
SLF,SUN LIFE FINL INC,866796105,1494000.0,24890,0.011360577427582022
JCI,JOHNSON CTLS INTL PLC,G51502105,1493000.0,13580,0.01135297329275767
BDC,BELDEN INC,077454106,1492000.0,12403,0.011345369157933317
LUMN,LUMEN TECHNOLOGIES INC,550241103,1491000.0,243623,0.011337765023108966
WEA,WESTERN ALLIANCE,957638109,1486000.0,17130,0.011299744348987206
CBOE,CBOE HOLDINGS INC,12503M108,1486000.0,6059,0.011299744348987206
TXNM,PNM RESOURCES INC,69349H107,1486000.0,26283,0.011299744348987206
RYAN,RYAN SPECIALTY HOLDINGS INC,78351F107,1485000.0,26350,0.011292140214162853
BBWI,BATH & BODY WORKS INC,070830104,1484000.0,57600,0.011284536079338502
AZO,AUTOZONE INC,053332102,1480000.0,345,0.011254119540041093
LYV,LIVE NATION INC,538034109,1478000.0,9045,0.011238911270392388
ENS,ENERSYS,29275Y102,1475000.0,13057,0.011216098865919333
FMC,FMC CORP,302491303,1475000.0,43851,0.011216098865919333
WSO,WATSCO INC,942622200,1472000.0,3641,0.011193286461446275
ITT,ITT INC,45073V108,1472000.0,8232,0.011193286461446275
LTH,LIFE TIME GRP HLDGS,53190C102,1471000.0,53308,0.011185682326621925
CNO,CNO FINANCIAL GROUP,12621E103,1467000.0,37083,0.011155265787324516
JAMF,JAMF HOLDING CORP,47074L105,1465000.0,136946,0.01114005751767581
MOG/A,MOOG INC CL A,615394202,1463000.0,7045,0.011124849248027107
CNP,CENTERPOINT ENERGY INC,15189T107,1461000.0,37660,0.011109640978378403
COIN,COINBASE GLOBAL INC,19260Q107,1460000.0,4325,0.01110203684355405
TRNO,TERRENO REALTY CORPORATION C,88146M101,1457000.0,25673,0.011079224439080994
MTD,METTLER-TOLEDO INTERNATIONAL,592688105,1457000.0,1187,0.011079224439080994
LDOS,LEIDOS HLDGS INC,525327102,1456000.0,7707,0.011071620304256643
TTMI,TTM TECHNOLOGIES INC,87305R109,1453000.0,25221,0.011048807899783587
MFC,MANULIFE FINL CORP,56501R106,1453000.0,46660,0.011048807899783587
ULTA,ULTA BEAUTY INC,90384S303,1452000.0,2656,0.011041203764959234
CLH,CLEAN HARBORS INC,184496107,1449000.0,6240,0.011018391360486178
PEGA,PEGASYSTEMS INC,705573103,1449000.0,25200,0.011018391360486178
CIT,CINTAS CORP,172908105,1448000.0,7055,0.011010787225661825
RLI,RLI CORP,749607107,1448000.0,22196,0.011010787225661825
AVT,AVNET INC,053807103,1447000.0,27677,0.011003183090837474
HBAN,HUNTINGTON BANCSHARES,446150104,1447000.0,83795,0.011003183090837474
CROX,CROCS INC,227046109,1446000.0,17310,0.010995578956013122
KEX,KIRBY CORP,497266106,1446000.0,17333,0.010995578956013122
HNM,ORMAT TECHNOLOGIES INC. COMM,686688102,1442000.0,14987,0.010965162416715715
UTI,UNIVRSL TECH INST,913915104,1436000.0,44132,0.0109195376077696
ITW,ILLINOIS TOOL WORKS,452308109,1436000.0,5508,0.0109195376077696
BILL,BILL.COM HOLDINGS INC,090043100,1435000.0,27100,0.01091193347294525
WD5A,TRAVEL LEISURE CO,894164102,1434000.0,24100,0.010904329338120897
HQY,HEALTHEQUITY INC,42226A107,1434000.0,15136,0.010904329338120897
CINF,CINCINNATI FINANCIAL CORP,172062101,1429000.0,9038,0.010866308663999137
NJR,NEW JERSEY RESOURCES CORP,646025106,1427000.0,29643,0.010851100394350431
HXL,HEXCEL CORP,428291108,1423000.0,22701,0.010820683855053024
WGS,GENEDX HOLDINGS CORP,81663L200,1423000.0,13212,0.010820683855053024
ECL,ECOLAB INC,278865100,1422000.0,5192,0.010813079720228672
JBL,JABIL CIRCUIT INC,466313103,1417000.0,6524,0.01077505904610691
CYTK,CYTOKINETICS INC,23282W605,1415000.0,25751,0.010759850776458206
UBSI,UNITED BANKSHARES INC,909907107,1414000.0,38004,0.010752246641633855
PTC,PTC INC,69370C100,1413000.0,6960,0.010744642506809503
PDD,PDD HOLDINGS INC,722304102,1413000.0,10690,0.010744642506809503
CCCS,CCC INTELLIGENT,12510Q100,1412000.0,154961,0.01073703837198515
PPG,PPG INDUSTRIES INC,693506107,1410000.0,13415,0.010721830102336447
STE,STERIS PLC,G8473T100,1410000.0,5697,0.010721830102336447
CNR,CORE NATURAL RESOURCES INC,218937100,1410000.0,16889,0.010721830102336447
CSX,CSX CORP,126408103,1410000.0,39707,0.010721830102336447
ITRI,ITRON INC,465741106,1408000.0,11305,0.010706621832687741
GTES,GATES INDUSTRIAL CORP PLC OR,G39108108,1407000.0,56683,0.01069901769786339
ADSK,AUTODESK INC,052769106,1405000.0,4422,0.010683809428214687
EPRT,ESSENTIAL PROPERTIES REALTY,29670E107,1405000.0,47205,0.010683809428214687
IP,INTERNATIONAL PAPER,460146103,1405000.0,30274,0.010683809428214687
YUMC,YUM CHINA HLDGS INC,98850P109,1403000.0,32700,0.010668601158565981
NSC,NORFOLK SOUTHERN CORP,655844108,1401000.0,4665,0.010653392888917278
EAT,BRINKER INTERNATIONAL INC,109641100,1401000.0,11056,0.010653392888917278
NTAP,NETAPP INC,64110D104,1400000.0,11821,0.010645788754092927
RIO,RIO TINTO       ADR,767204100,1399000.0,21190,0.010638184619268572
SMCI,SUPER MICRO COMPUTER INC,86800U302,1395000.0,29099,0.010607768079971165
ESI,ELEMENT SOLUTIONS INC,28618M106,1393000.0,55339,0.010592559810322462
MTDR,MATADOR RESOURCES CO,576485205,1391000.0,30967,0.010577351540673758
VFC,VF CORP,918204108,1391000.0,96400,0.010577351540673758
N/A,JAMES HARDIE INDUSTRIES PLC,G4253H101,1390000.0,72384,0.010569747405849405
FLR,FLUOR CORP,343412102,1390000.0,33047,0.010569747405849405
IBP,INSTALLED BUILDING PRODUCTS,45780R101,1389000.0,5632,0.010562143271025053
LH,LABCORP HOLDINGS INC,504922105,1387000.0,4833,0.010546935001376349
IOT,SAMSARA INC COMMON STOCK,79589L106,1387000.0,37246,0.010546935001376349
RF,REGIONS FINANCIAL CORP,7591EP100,1384000.0,52479,0.010524122596903291
LOAR,LOAR HOLDINGS INC,53947R105,1382000.0,17279,0.010508914327254587
VVV,VALVOLINE INC,92047W101,1381000.0,38454,0.010501310192430236
GPI,GROUP 1 AUTOMOTIVE INC,398905109,1380000.0,3155,0.010493706057605884
CNX,CNX RESOURCES CORPORATION,12653C108,1378000.0,42908,0.01047849778795718
ATGE,ADTALEM GLOBAL ED INC,00737L103,1378000.0,8922,0.01047849778795718
TSA,ACI WORLDWIDE INC,004498101,1375000.0,26062,0.010455685383484122
PODD,INSULET CORP,45784P101,1374000.0,4449,0.010448081248659771
M,MACY'S INC,55616P104,1373000.0,76588,0.010440477113835419
IJR,ISHARES TR,464287804,1373000.0,11553,0.010440477113835419
TKR,TIMKEN CO,887389104,1373000.0,18257,0.010440477113835419
WFRD,WEATHERFORD INTERNATIONAL PL,G48833118,1369000.0,20000,0.010410060574538011
PYPL,PAYPAL HLDGS INC,70450Y103,1365000.0,20359,0.010379644035240602
DOCS,DOXIMITY INC,26622P107,1364000.0,18648,0.01037203990041625
VST,VISTRA CORP,92840M102,1363000.0,6955,0.010364435765591899
MDT,MEDTRONIC INC,G5960L103,1362000.0,14300,0.010356831630767546
FSLR,FIRST SOLAR INC,336433107,1362000.0,6178,0.010356831630767546
FE,FIRSTENERGY CORP,337932107,1360000.0,29671,0.010341623361118843
CFG,CITIZENS FINL GROUP INC,174610105,1354000.0,25472,0.01029599855217273
DAR,DARLING INGREDIENTS INC.,237266101,1352000.0,43795,0.010280790282524025
ZTS,ZOETIS INC,98978V103,1350000.0,9223,0.010265582012875321
RIOT,RIOT PLATFORMS INC,767292105,1350000.0,70961,0.010265582012875321
FHI,FEDERATED INVESTORS INC CL B,314211103,1349000.0,25976,0.01025797787805097
WSM,WILLIAMS SONOMA INC,969904101,1349000.0,6900,0.01025797787805097
SMTC,SEMTECH CORP,816850101,1346000.0,18844,0.010235165473577912
TFX,TELEFLEX INC,879369106,1346000.0,11004,0.010235165473577912
VLY,VALLEY NATIONAL BANCORP,919794107,1346000.0,126997,0.010235165473577912
TEL,TE CONNECTIVITY PLC,G87052109,1345000.0,6127,0.010227561338753561
ESE,ESCO TECHNOLOGIES INC,296315104,1345000.0,6370,0.010227561338753561
CB,CHUBB LIMITED,H1467J104,1344000.0,4760,0.010219957203929209
GAP,GAP (THE),364760108,1343000.0,62763,0.010212353069104856
CUZ,COUSINS PROPERTIES INC,222795502,1342000.0,46370,0.010204748934280503
PTCT,PTC THERAPEUTICS INC,69366J200,1341000.0,21858,0.010197144799456152
CL,COLGATE PALMOLIVE CO,194162103,1339000.0,16755,0.010181936529807449
EPR,EPR PPTYS COM SH BEN INT,26884U109,1337000.0,23048,0.010166728260158743
BRBR,BELLRING DISTRIBUTION,07831C103,1337000.0,36781,0.010166728260158743
HUBB,HUBBELL INC,443510607,1336000.0,3104,0.010159124125334392
KRG,KITE REALTY GROUP TRUST,49803T300,1336000.0,59904,0.010159124125334392
VRSN,VERISIGN INC,92343E102,1335000.0,4776,0.01015151999051004
WRB,BERKLEY WR CORP,084423102,1335000.0,17418,0.01015151999051004
PINS,PINTEREST INC CL A,72352L106,1334000.0,41479,0.010143915855685689
SIGI,SELECTIVE INSURANCE GROUP,816300107,1333000.0,16446,0.010136311720861334
JD,JD COM INC,47215P106,1333000.0,38100,0.010136311720861334
KHC,KRAFT HEINZ CO,500754106,1332000.0,51139,0.010128707586036984
KRC,KILROY REALTY CORP,49427F108,1332000.0,31515,0.010128707586036984
MSM,MSC INDUSTRIAL DIRECT CO A,553530106,1331000.0,14450,0.01012110345121263
FMS,FRESENIUS MEDICAL CARE,358029106,1330000.0,50500,0.01011349931638828
GHC,GRAHAM HOLDINGS CO,384637104,1330000.0,1130,0.01011349931638828
DVN,DEVON ENERGY CORP,25179M103,1329000.0,37919,0.010105895181563927
SLAB,SILICON LABORATORIES INC,826919102,1329000.0,10135,0.010105895181563927
SONY,SONY CORP JA ADR,835699307,1327000.0,46100,0.010090686911915224
SITM,SITIME CORP,82982T106,1327000.0,4405,0.010090686911915224
OGS,ONE GAS INC,68235P108,1322000.0,16337,0.010052666237793462
DOV,DOVER CORP,260003108,1321000.0,7921,0.010045062102969111
MRX,MAREX GROUP PLC,G5S37H101,1319000.0,39234,0.010029853833320406
TROW,PRICE T ROWE GROUP INC,74144T108,1318000.0,12838,0.010022249698496055
RHP,RYMAN HOSPITALITY PPTYS INC,78377T107,1318000.0,14712,0.010022249698496055
MDGL,MADRIGAL PHARM INC,558868105,1317000.0,2872,0.010014645563671702
EXE,CHESAPEAKE ENERGY CORP,165167735,1314000.0,12364,0.009991833159198646
DG,DOLLAR GEN CORP NEW,256677105,1314000.0,12715,0.009991833159198646
BMI,BADGER METER INC,056525108,1311000.0,7340,0.00996902075472559
RNA,AVIDITY BIOSCIENCES,05370A108,1311000.0,30079,0.00996902075472559
KFY,KORN FERRY,500643200,1306000.0,18659,0.00993100008060383
TRV,TRAVELERS COS INC,89417E109,1303000.0,4665,0.009908187676130773
VNOM,VIPER ENERGY INC,64361Q101,1302000.0,34074,0.00990058354130642
GLW,CORNING INC,219350105,1302000.0,15867,0.00990058354130642
FFIN,FIRST FINANCIAL BANKSHARES I,32020R109,1301000.0,38672,0.00989297940648207
WMG,WARNER MUSIC GROUP,934550203,1301000.0,38200,0.00989297940648207
EOG,EOG RESOURCES INC,26875P101,1298000.0,11581,0.009870167002009012
TYL,TYLER TECHNOLOGIES INC,902252105,1296000.0,2477,0.009854958732360308
MTH,MERITAGE HOMES CORP,59001A102,1294000.0,17866,0.009839750462711605
TER,TERADYNE INC,880770102,1293000.0,9395,0.009832146327887252
DRI,DARDEN RESTAURANTS INC,237194105,1293000.0,6791,0.009832146327887252
SEE,SEALED AIR CORP,81211K100,1291000.0,36510,0.009816938058238547
SNY,SANOFI AVENTIS,80105N105,1290000.0,27330,0.009809333923414196
BOOT,BOOT BARN HOLDINGS INC,099406100,1288000.0,7771,0.009794125653765492
BRO,BROWN & BROWN INC,115236101,1288000.0,13733,0.009794125653765492
TCBI,TEXAS CAPITAL BANCSHARES INC,88224Q107,1287000.0,15221,0.00978652151894114
HLT,HILTON WORLDWIDE HLDGS INC,43300A203,1286000.0,4956,0.009778917384116787
URI,UNITED RENTALS INC,911363109,1285000.0,1346,0.009771313249292436
WTM,WHITE MOUNTAINS INS,G9618E107,1282000.0,767,0.009748500844819378
POR,PORTLAND GENERAL ELECTRIC CO,736508847,1282000.0,29145,0.009748500844819378
N/A,APTIV PLC,G3265R107,1278000.0,14817,0.00971808430552197
MC,MOELIS & CO. CL A,60786M105,1277000.0,17909,0.009710480170697618
K,KELLOGG CO,487836108,1276000.0,15560,0.009702876035873265
PIPR,PIPER JAFFRAY COS,724078100,1276000.0,3678,0.009702876035873265
EQR,EQUITY RESIDENTIAL,29476L107,1276000.0,19714,0.009702876035873265
SR,SPIRE INC,84857L101,1276000.0,15652,0.009702876035873265
RDNT,RADNET INC,750491102,1275000.0,16735,0.009695271901048914
ATRC,ATRICURE INC,04963C209,1273000.0,36102,0.00968006363140021
GM,GENERAL MTRS CO,37045V100,1272000.0,20861,0.009672459496575858
ST,SENSATA TECHNOLOGIES HLDNG P,G8060N102,1270000.0,41580,0.009657251226927155
EEFT,"EURONET WORLDWIDE, INC. COMM",298736109,1270000.0,14458,0.009657251226927155
SBRA,SABRA HEALTH CARE REIT,78573L106,1266000.0,67936,0.009626834687629746
CMS,CMS ENERGY CORP,125896100,1264000.0,17259,0.009611626417981042
ECG,EVERUS CONSTRUCTION GROUP IN,300426103,1262000.0,14712,0.009596418148332337
PWR,QUANTA SERVICES INC,74762E102,1262000.0,3046,0.009596418148332337
CGON,CG ONCOLOGY INC,156944100,1262000.0,31324,0.009596418148332337
UPS,UNITED PARCEL SERVICE CL B,911312106,1261000.0,15094,0.009588814013507986
BC,BRUNSWICK CORP,117043109,1260000.0,19924,0.009581209878683633
GLOB,GLOBANT S.A.,L44385109,1256000.0,21893,0.009550793339386224
CHRD,CHORD ENERGY CORP,674215207,1255000.0,12630,0.009543189204561873
MPC,MARATHON PET PETE CORP,56585A102,1252000.0,6495,0.009520376800088817
RYN,RAYONIER INC,754907103,1252000.0,47156,0.009520376800088817
PODD,INSULET CORP,45784P101,1251000.0,4052,0.009512772665264464
APD,AIR PRODUCTS AND CHEMICALS,009158106,1250000.0,4583,0.009505168530440113
BOOT,BOOT BARN HOLDINGS INC,099406100,1249000.0,7539,0.009497564395615759
ENSG,THE ENSIGN GROUP INC,29358P101,1248000.0,7225,0.009489960260791408
HAL,HALLIBURTON CO,406216101,1246000.0,50639,0.009474751991142704
AVPT,AVEPOINT INC,053604104,1243000.0,82781,0.009451939586669648
CHD,CHURCH & DWIGHT CO INC,171340102,1242000.0,14171,0.009444335451845295
AEP,AMERICAN ELECTRIC POWER,025537101,1238000.0,11002,0.009413918912547887
AUB,ATLANTIC UNION BANKSHARES CO,04911A107,1237000.0,35064,0.009406314777723536
TFC,TRUIST FINANCIAL CORP,89832Q109,1237000.0,27053,0.009406314777723536
CBT,CABOT CORP,127055101,1237000.0,16269,0.009406314777723536
EIX,EDISON INTERNATIONAL,281020107,1235000.0,22339,0.00939110650807483
DGX,QUEST DIAGNOSTICS INC,74834L100,1229000.0,6449,0.009345481699128718
RAL,RALLIANT CORP,750940108,1227000.0,28067,0.009330273429480014
FTDR,FRONTDOOR INC COMMON STOCK,35905A109,1226000.0,18224,0.009322669294655663
MAR,MARRIOTT INTERNATIONAL CL A,571903202,1226000.0,4709,0.009322669294655663
CDW,CDW CORP,12514G108,1226000.0,7695,0.009322669294655663
ALKS,ALKERMES PLC,G01767105,1225000.0,40844,0.009315065159831309
APO,APOLLO GLOBAL MGMT INC,03769M106,1224000.0,9186,0.009307461025006958
MMSI,MERIT MEDICAL SYSTEMS INC,589889104,1224000.0,14702,0.009307461025006958
OPCH,OPTION CARE HEALTH INC COMMO,68404L201,1223000.0,44059,0.009299856890182605
GPN,GLOBAL PAYMENTS INC,37940X102,1222000.0,14706,0.009292252755358254
TGTX,TG THERAPEUTICS INC,88322Q108,1220000.0,33773,0.009277044485709549
DLB,DOLBY LABORATORIES INC CL A,25659T107,1216000.0,16799,0.00924662794641214
STZ,CONSTELLATION BRANDS INC A,21036P108,1215000.0,9025,0.009239023811587789
REGN,REGENERON PHARMACEUTICALS IN,75886F107,1213000.0,2158,0.009223815541939085
ANF,ABERCROMBIE & FITCH CO CL A,002896207,1212000.0,14162,0.009216211407114733
ON,ON SEMICONDUCTOR,682189105,1212000.0,24586,0.009216211407114733
KGS,KODIAK GAS SRVCS INC,50012A108,1211000.0,32749,0.00920860727229038
LSTR,LANDSTAR SYSTEM INC,515098101,1210000.0,9872,0.00920100313746603
RDN,RADIAN GROUP INC,750236101,1209000.0,33368,0.009193399002641676
BCPC,BALCHEM CORP,057665200,1208000.0,8051,0.009185794867817326
SBAC,SBA COMMUNICATIONS CORP NEW,78410G104,1203000.0,6222,0.009147774193695564
ACHC,ACADIA HLTHCARE CO,00404A109,1203000.0,48576,0.009147774193695564
BKH,BLACK HILLS CORP,092113109,1200000.0,19486,0.009124961789222508
CMI,CUMMINS INC,231021106,1194000.0,2826,0.009079336980276395
GVA,GRANITE CONSTRUCTION INC,387328107,1193000.0,10876,0.009071732845452042
AWG,ASBURY AUTOMOTIVE GROUP INC,043436104,1193000.0,4881,0.009071732845452042
QLYS,QUALYS INC,74758T303,1193000.0,9015,0.009071732845452042
NPO,ENPRO INDUSTRIES INC,29355X107,1193000.0,5277,0.009071732845452042
NXPI,NXP SEMICONDUCTORS NV,N6596X109,1190000.0,5225,0.009048920440978986
IBP,INSTALLED BUILDING PRODUCTS,45780R101,1189000.0,4820,0.009041316306154635
EL,ESTEE LAUDER COMPANIES CL A,518439104,1188000.0,13476,0.009033712171330283
ASB,ASSOCIATED BANC CORP,045487105,1188000.0,46198,0.009033712171330283
SPG,SIMON PROPERTY CROUP INC,828806109,1184000.0,6310,0.009003295632032875
ESE,ESCO TECH INC,296315104,1182000.0,5600,0.00898808736238417
BIIB,BIOGEN INC,09062X103,1180000.0,8421,0.008972879092735466
LHX,L3HARRIS TECHNOLOGIES INC,502431109,1178000.0,3857,0.008957670823086761
ABCB,AMERIS BANCORP,03076K108,1178000.0,16071,0.008957670823086761
IT,GARTNER INC CL A,366651107,1172000.0,4459,0.008912046014140649
ALL,ALLSTATE CORP,020002101,1172000.0,5459,0.008912046014140649
MNTN,MNTN INC,55318A108,1170000.0,63084,0.008896837744491945
MUR,MURPHY OIL CORP,626717102,1170000.0,41177,0.008896837744491945
SRE,SEMPRA,816851109,1169000.0,12992,0.008889233609667592
WHR,WHIRLPOOL CORP,963320106,1168000.0,14860,0.008881629474843241
NI,NISOURCE INC,65473P105,1168000.0,26974,0.008881629474843241
ALE,ALLETE INC,018522300,1167000.0,17579,0.008874025340018889
CHWY,CHEWY INC,16679L109,1166000.0,28821,0.008866421205194538
AROC,ARCHROCK INC,03957W106,1166000.0,44311,0.008866421205194538
INOD,INNODATA INC,457642205,1165000.0,15117,0.008858817070370185
PAG,PENSKE AUTOMOTIVE GROUP INC,70959W103,1162000.0,6681,0.008836004665897129
PSN,PARSONS CORPORATION COMMON S,70202L102,1161000.0,14000,0.008828400531072776
LULU,LULULEMON ATHLETICA,550021109,1160000.0,6518,0.008820796396248424
FAST,FASTENAL CO,311900104,1160000.0,23652,0.008820796396248424
CPAY,CORPAY INC,219948106,1160000.0,4028,0.008820796396248424
VCYT,VERACYTE INC,92337F107,1160000.0,33799,0.008820796396248424
CVCO,COASTAL BANKING CO INC,149568107,1160000.0,1998,0.008820796396248424
CZR,CAESARS ENTERTAINMENT INC,12769G100,1160000.0,42935,0.008820796396248424
BOX,BOX INC. CL A,10316T104,1159000.0,35904,0.00881319226142407
FCX,FREEPORT-MCMORAN INC.,35671D857,1157000.0,29508,0.008797983991775367
PVH,PVH CORP,693656100,1155000.0,13793,0.008782775722126664
AMCR,AMCOR PLC,G0250X107,1153000.0,140903,0.00876756745247796
PSX,PHILLIPS 66,718546104,1153000.0,8474,0.00876756745247796
TRMB,TRIMBLE NAVIGATION LIMITED,896239100,1152000.0,14114,0.008759963317653607
GKOS,GLAUKOS CORP,377322102,1151000.0,14109,0.008752359182829256
PEN,PENUMBRA INC,70975L107,1150000.0,4539,0.008744755048004902
SRRK,SCHOLAR ROCK HLDG,80706P103,1144000.0,30722,0.008699130239058791
IRT,INDEPENDENCE REALTY TRUST,45378A106,1143000.0,69734,0.008691526104234439
CE,CELANESE CORP DEL,150870103,1141000.0,27109,0.008676317834585733
CRNX,CRINETICS PHARM INC,22663K107,1140000.0,27377,0.008668713699761382
SLB,SCHLUMBERGER LTD,806857108,1138000.0,33113,0.008653505430112679
WULF,TERAWULF INC,88080T104,1138000.0,99651,0.008653505430112679
PRCH,PORCH GROUP INC,733245104,1138000.0,67827,0.008653505430112679
STLD,STEEL DYNAMICS INC,858119100,1138000.0,8160,0.008653505430112679
AFL,AFLAC INC,001055102,1136000.0,10170,0.008638297160463973
ZBH,ZIMMER BIOMET HOLDINGS INC,98956P102,1133000.0,11507,0.008615484755990919
ACA,ARCOSA INC,039653100,1132000.0,12079,0.008607880621166564
SON,SONOCO PRODUCTS CO,835495102,1132000.0,26262,0.008607880621166564
MKTX,MARKETAXESS HOLDINGS INC,57060D108,1131000.0,6488,0.008600276486342213
HOOD,ROBINHOOD MKTS INC,770700102,1129000.0,7888,0.00858506821669351
KNF,KNIFE RIVER CORP,498894104,1129000.0,14693,0.00858506821669351
BHF,BRIGHTHOUSE FINL INC,10922N103,1127000.0,21236,0.008569859947044805
KMI,KINDER MORGAN INC,49456B101,1127000.0,39794,0.008569859947044805
CWAN,CLEARWATER ANALYTICS,185123106,1126000.0,62472,0.008562255812220452
HOG,HARLEY DAVIDSON INC,412822108,1125000.0,40334,0.008554651677396101
DLR,DIGITAL RLTY TR INC,253868103,1124000.0,6500,0.00854704754257175
SN,SHARKNINJA INC,G8068L108,1124000.0,10893,0.00854704754257175
GENI,GENIUS SPORTS LTD,G3934V109,1121000.0,90554,0.008524235138098692
PKG,PACKAGING CORP OF AMERICA,695156109,1121000.0,5146,0.008524235138098692
BB4,AXOS FINANCIAL INC,05465C100,1120000.0,13233,0.008516631003274341
GPC,GENUINE PARTS,372460105,1115000.0,8046,0.00847861032915258
PBF,PBF ENERGY INC,69318G106,1114000.0,36915,0.008471006194328229
KRYS,KRYSTAL BIOTECH,501147102,1114000.0,6310,0.008471006194328229
MGY,MAGNOLIA OIL & GAS CORP,559663109,1112000.0,46588,0.008455797924679523
ABG,AMERISOURCEBERGEN CORP,03073E105,1111000.0,3556,0.008448193789855172
GDDY,GODADDY INC,380237107,1109000.0,8108,0.008432985520206469
IBOC,INTERNATIONAL BANCSHARES COR,459044103,1109000.0,16130,0.008432985520206469
VLO,VALERO ENERGY CORP,91913Y100,1106000.0,6495,0.00841017311573341
LUV,SOUTHWEST AIRLINES,844741108,1105000.0,34621,0.00840256898090906
BDX,BECTON DICKINSON,075887109,1105000.0,5904,0.00840256898090906
NXPI,NXP SEMICONDUCTORS NV,N6596X109,1104000.0,4850,0.008394964846084707
DLTR,DOLLAR TREE INC,256746108,1104000.0,11695,0.008394964846084707
VERX,VERTEX INC,92538J106,1103000.0,44484,0.008387360711260354
SLGN,SILGAN HOLDINGS INC,827048109,1103000.0,25644,0.008387360711260354
FTNT,FORTINET INC,34959E109,1101000.0,13091,0.00837215244161165
INTA,INTAPP INC,45827U109,1101000.0,26908,0.00837215244161165
GKOS,GLAUKOS CORP,377322102,1101000.0,13495,0.00837215244161165
ROP,ROPER TECHNOLOGIES INC,776696106,1101000.0,2208,0.00837215244161165
WST,WEST PHARMACEUTICAL SERVICES,955306105,1099000.0,4191,0.008356944171962945
XYZ,BLOCK INC CL A,852234103,1099000.0,15207,0.008356944171962945
O,REALTY INCOME CORP,756109104,1097000.0,18045,0.008341735902314242
CMG,CHIPOTLE MEXICAN GRILL CL A,169656105,1093000.0,27878,0.008311319363016835
AGYS,AGILYSYS INC,00847J105,1092000.0,10379,0.008303715228192482
ALGM,ALLEGRO MICROSYSTEMS INC COM,01749D105,1086000.0,37200,0.00825809041924637
FFIV,F5 NETWORKS INC,315616102,1085000.0,3356,0.008250486284422017
TTD,THE TRADE DESK,88339J105,1084000.0,22116,0.008242882149597664
SHEL,ROYAL DUTCH SHELL PLC ADR,780259305,1082000.0,15120,0.00822767387994896
LVS,LAS VEGAS SANDS CORP,517834107,1082000.0,20119,0.00822767387994896
ABNB,AIRBNB INC,009066101,1081000.0,8903,0.00822006974512461
EXPO,EXPONENT INC,30214U102,1081000.0,15553,0.00822006974512461
MIRM,MIRUM PHARM INC,604749101,1079000.0,14724,0.008204861475475904
PJT,PJT PARTNERS INC. COMMON STO,69343T107,1079000.0,6069,0.008204861475475904
HDB,HDFC BANK LTD,40415F101,1077000.0,31520,0.0081896532058272
J,JACOBS SOLUTIONS INC,46982L108,1076000.0,7181,0.00818204907100285
IDXX,IDEXX LABORATORIES INC,45168D104,1075000.0,1683,0.008174444936178495
FDX,FEDEX CORP,31428X106,1075000.0,4559,0.008174444936178495
PECO,PHILLIPS EDISON & CO INC,71844V201,1072000.0,31218,0.00815163253170544
MIR,MIRION TECHNOLOGIES INC,60471A101,1070000.0,45997,0.008136424262056735
KEY,KEYCORP,493267108,1069000.0,57185,0.008128820127232384
STEP,STEPSTONE GROUP INC,85914M107,1068000.0,16351,0.008121215992408032
AXON,AXON ENTERPRISE INC,05464C101,1067000.0,1487,0.008113611857583681
VC,VISTEON CORP,92839U206,1064000.0,8873,0.008090799453110623
TEX,TEREX CORP,880779103,1064000.0,20747,0.008090799453110623
WDAY,WORKDAY INC,98138H101,1063000.0,4414,0.008083195318286272
SLG,SL GREEN REALTY CORP,78440X887,1061000.0,17738,0.008067987048637567
ZTO,ZTO EXPRESS CAYMAN INC,98980A105,1061000.0,55280,0.008067987048637567
MAC,MACERICH CO,554382101,1060000.0,58266,0.008060382913813216
PCAR,PACCAR INC,693718108,1060000.0,10780,0.008060382913813216
AUR,AURORA INNOVATION INC,051774107,1058000.0,196364,0.008045174644164512
PNR,PENTAIR PLC,G7S00T104,1057000.0,9539,0.008037570509340158
D,DOMINION RESOURCES INC,25746U109,1057000.0,17287,0.008037570509340158
PI,IMPINJ INC COMMON STOCK,453204109,1055000.0,5837,0.008022362239691454
DORM,DORMAN PRODUCTS INC,258278100,1054000.0,6764,0.008014758104867103
MZTI,LANCASTER COLONY CORP,513847103,1053000.0,6093,0.00800715397004275
SNEX,STONEX GROUP INC,861896108,1050000.0,10407,0.007984341565569694
SNA,SNAP ON INC,833034101,1050000.0,3030,0.007984341565569694
TTE,TOTAL SA,89151E109,1049000.0,17580,0.007976737430745343
L,LOEW'S CORP,540424108,1049000.0,10446,0.007976737430745343
CNC,CENTENE CORP,15135B101,1045000.0,29275,0.007946320891447934
FMC,FMC CORP,302491303,1041000.0,30961,0.007915904352150525
PNFP,PINN FINCL PTR INC,72346Q104,1040000.0,11092,0.007908300217326173
WY,WEYERHAEUSER CORP,962166104,1039000.0,41901,0.007900696082501822
ROST,ROSS STORES INC,778296103,1036000.0,6800,0.007877883678028766
WAT,WATERS CORP,941848103,1030000.0,3436,0.007832258869082653
U,UNITY SOFTWARE INC,91332U101,1028000.0,25668,0.007817050599433948
STX,SEAGATE TECHNOLOGY HOLDINGS,G7997R103,1024000.0,4336,0.00778663406013654
SIG,SIGNET JEWELERS INC,G81276100,1022000.0,10652,0.007771425790487836
CCS,CENTURY COMNTY INC,156504300,1021000.0,16104,0.007763821655663484
NWE,NORTHWESTERN CORP,668074305,1018000.0,17364,0.007741009251190427
PTGX,PROTAGONIST THERAPEUTICS INC,74366E102,1016000.0,15296,0.0077258009815417234
QTWO,Q2 HOLDINGS INC,74736L109,1015000.0,14017,0.007718196846717372
CSW,CSW INDUSTRIALS INC. COMMON,126402106,1014000.0,4179,0.007710592711893019
KYMR,KYMERA THERA INC,501575104,1014000.0,17907,0.007710592711893019
EVRG,EVERGY INC,30034W106,1012000.0,13310,0.007695384442244315
AXSM,AXSOME THERA INC,05464T104,1011000.0,8328,0.007687780307419963
URBN,URBAN OUTFITTERS INC,917047102,1010000.0,14139,0.00768017617259561
SNN,SMITH & NEPHEW PLC UK ADR,83175M205,1009000.0,27800,0.007672572037771258
SKYW,SKYWEST INC,830879102,1009000.0,10032,0.007672572037771258
PFG,PRINCIPAL FINANCIAL GROUP,74251V102,1007000.0,12148,0.007657363768122555
SFBS,SERVISFIRST BANCSHARES INC,81768T108,1007000.0,12503,0.007657363768122555
ARWR,ARROWHEAD PHARMACEUTICALS IN,04280A100,1007000.0,29208,0.007657363768122555
CTRA,COTERRA ENERGY INC,127097103,1006000.0,42531,0.007649759633298203
PCH,POTLATCHDELTIC CORP,737630103,1003000.0,24616,0.007626947228825146
SKY,CHAMPION HOMES INC,830830105,1002000.0,13125,0.007619343094000794
NVST,ENVISTA HOLDINGS CORPORATION,29415F104,1000000.0,49085,0.0076041348243520894
CDP,CORPORATE OFFICE PROPERTIES,22002T108,999000.0,34385,0.007596530689527738
LNT,ALLIANT ENERGY CORP,018802108,999000.0,14818,0.007596530689527738
CLSK,CLEANSPARK INC,18452B209,998000.0,68819,0.007588926554703386
KMPR,KEMPER CORPORATION,488401100,998000.0,19365,0.007588926554703386
BKR,BAKER HUGHES A GE CO,05722G100,996000.0,20436,0.0075737182850546805
TPL,TEXAS PACIFIC LAND CORPORATI,88262P102,996000.0,1067,0.0075737182850546805
APLD,APPLIED DIGITAL CORP,038169207,994000.0,43342,0.007558510015405977
ESS,ESSEX PROPERTY TRUST INC,297178105,994000.0,3712,0.007558510015405977
CARR,CARRIER GLOBAL CORP,14448C104,993000.0,16630,0.007550905880581625
PII,POLARIS INDUSTRIES INC,731068102,993000.0,17077,0.007550905880581625
MWA,MUELLER WATER PRODUCTS INC,624758108,992000.0,38861,0.007543301745757273
EXPD,EXPEDITORS INTL WASH INC,302130109,990000.0,8073,0.007528093476108569
KTB,KONTOOR BRANDS INC,50050N103,990000.0,12412,0.007528093476108569
EA,ELECTRONIC ARTS INC,285512109,986000.0,4890,0.00749767693681116
SXT,SENSIENT TECHNOLOGIES CORP,81725T100,986000.0,10511,0.00749767693681116
RUN,SUNRUN INC,86771W105,985000.0,56946,0.007490072801986808
LII,LENNOX INTERNATIONAL INC,526107107,984000.0,1859,0.007482468667162456
FTV,FORTIVE CORP,34959J108,982000.0,20039,0.007467260397513752
SPSC,SPS COMMERCE,78463M107,982000.0,9434,0.007467260397513752
NOVT,NOVANTA INC COMMON STOCK,67000B104,981000.0,9794,0.0074596562626894
MRCY,MERCURY COMPUTER SYSTEMS,589378108,978000.0,12631,0.007436843858216345
MET,METLIFE INC,59156R108,978000.0,11877,0.007436843858216345
MCX,MCCORMICK & CO,579780206,977000.0,14603,0.007429239723391991
DHI,D R HORTON INC,23331A109,975000.0,5751,0.0074140314537432875
CXT,CRANE HOLDINGS CO,224441105,975000.0,14539,0.0074140314537432875
MNST,MONSTER BEVERAGE CORP,61174X109,973000.0,14453,0.007398823184094584
RELY,REMITLY GLOBAL INC,75960P104,972000.0,59643,0.00739121904927023
PLXS,PLEXUS CORP,729132100,972000.0,6716,0.00739121904927023
COCO,VITA COCO CO INC/THE,92846Q107,969000.0,22822,0.007368406644797175
A4S,AMERIPRISE FINANCIAL INC,03076C106,969000.0,1972,0.007368406644797175
VRRM,VERRA MOBILITY CORP,92511U102,969000.0,39232,0.007368406644797175
INVH,INVITATION HOMES INC. COMMON,46187W107,965000.0,32904,0.007337990105499767
TDS,TELEPHONE & DATA SYS INC,879433829,965000.0,24600,0.007337990105499767
BCC,BOISE CASCADE CO,09739D100,964000.0,12473,0.007330385970675415
OSIS,OSI SYSTEMS INC,671044105,962000.0,3861,0.00731517770102671
SFGYY,SONY FINANCIAL GROUP INC,83571B100,962000.0,139520,0.00731517770102671
MTSI,MACOM TECH SOLN,55405Y100,961000.0,7723,0.007307573566202358
MHO,M/I HOMES INC,55305B101,961000.0,6651,0.007307573566202358
F,FORD MOTOR,345370860,960000.0,80295,0.007299969431378006
RSG,REPUBLIC SERVICES INC,760759100,959000.0,4177,0.007292365296553654
CTVA,CORTEVA INC,22052L104,959000.0,14179,0.007292365296553654
AIG,AMERICAN INTERNATIONAL GROUP,026874784,959000.0,12210,0.007292365296553654
CBRE,CBRE GROUP INC,12504L109,957000.0,6071,0.00727715702690495
XEL,XCEL ENERGY INC,98389B100,955000.0,11844,0.007261948757256246
ROL,ROLLINS INC,775711104,955000.0,16254,0.007261948757256246
WSC,WILLSCOT MOBILE MINI HOLDING,971378104,954000.0,45194,0.007254344622431893
SKT,TANGER FACTORY OUTLET CENTER,875465106,949000.0,28043,0.007216323948310133
EW,EDWARDS LIFESCIENCES CORP,28176E108,948000.0,12190,0.007208719813485781
LNTH,LANTHEUS HOLDINGS INC,516544103,948000.0,18486,0.007208719813485781
MSGS,MADISON SQUARE GARDEN CO NEW,55825T103,946000.0,4169,0.0071935115438370775
APP,APPLOVIN CORP,03831W108,945000.0,1315,0.007185907409012726
MAA,MID AMERICA APT COMMUNITIES,59522J103,945000.0,6764,0.007185907409012726
HGV,HILTON GRAND VACATIONS INC,43283X105,944000.0,22574,0.007178303274188372
SLNO,SOLENO THERA INC,834203309,940000.0,13901,0.007147886734890965
NUVL,NUVALENT INC,670703107,938000.0,10846,0.00713267846524226
RH,RH,74967X103,938000.0,4616,0.00713267846524226
TMDX,TRANSMEDICS GROUP INC,89377M109,937000.0,8350,0.007125074330417909
AGO,ASSURED GUARANTY LTD,G0585R106,937000.0,11064,0.007125074330417909
DDOG,DATADOG INC,23804L103,935000.0,6569,0.007109866060769203
PEO,EXELON CORP,30161N101,934000.0,20742,0.0071022619259448515
CALM,CAL-MAINE FOODS INC,128030202,934000.0,9922,0.0071022619259448515
SHAK,SHAKE SHACK INC,819047101,933000.0,9972,0.0070946577911205
FELE,FRANKLIN ELECTRIC CO INC,353514102,930000.0,9764,0.007071845386647443
OKE,ONEOK INC,682680103,930000.0,12750,0.007071845386647443
PCVX,VAXCYTE INC,92243G108,928000.0,25760,0.007056637116998739
DOW,DOW INC,260557103,926000.0,40402,0.007041428847350035
CRC,CALIFORNIA RESOURCES CORPORA,13057Q305,924000.0,17381,0.007026220577701331
KR,KROGER CO,501044101,923000.0,13699,0.007018616442876979
PRGO,PERRIGO CO PLC,G97822103,921000.0,41354,0.007003408173228274
OMC,OMNICOM GROUP,681919106,919000.0,11276,0.00698819990357957
AWN,ADVANCE AUTO PARTS,00751Y106,918000.0,14947,0.006980595768755218
GNW,GENWORTH FINANCIAL INC CL A,37247D106,916000.0,102900,0.006965387499106514
WU,WESTERN UNION CO,959802109,914000.0,114407,0.00695017922945781
PSA,PUBLIC STORAGE INC,74460D109,912000.0,3158,0.006934970959809107
MSCI,MSCI INC,55354G100,910000.0,1603,0.006919762690160401
DELL,DELL TECHNOLOGIES INC,24703L202,908000.0,6404,0.006904554420511698
IFF,INTERNATIONAL FLAVORS/FRAG,459506101,908000.0,14762,0.006904554420511698
HOLX,HOLOGIC INC,436440101,907000.0,13443,0.006896950285687345
CHRW,C H ROBINSON WORLDWIDE INC,12541W209,906000.0,6842,0.006889346150862993
CHH,CHOICE HOTELS INTL INC,169905106,906000.0,8474,0.006889346150862993
TXT,TEXTRON INC,883203101,906000.0,10719,0.006889346150862993
MDU,MDU RESOURCES GROUP INC,552690109,905000.0,50802,0.0068817420160386415
MPWR,MONOLITHIC POWER SYSTEMS INC,609839105,905000.0,983,0.0068817420160386415
KFY,KORN/FERRY INTERNATIONAL,500643200,904000.0,12911,0.00687413788121429
CF,CF INDUSTRIES HOLDINGS,125269100,901000.0,10050,0.0068513254767412326
AMTM,AMENTUM HOLDINGS INC,023939101,900000.0,37572,0.006843721341916881
EBA,EBAY INC,278642103,899000.0,9889,0.006836117207092529
WBD,WARNER BROS DISCOVERY INC,934423104,899000.0,46053,0.006836117207092529
TSN,TYSON FOODS INC CL A,902494103,897000.0,16524,0.006820908937443824
OLN,OLIN CORP,680665205,896000.0,35855,0.006813304802619472
VAL,VALARIS LIMITED,G9460G101,894000.0,18340,0.006798096532970768
ITGR,INTEGER HLDGS CORP,45826H109,894000.0,8651,0.006798096532970768
AME,AMETEK INC,031100100,893000.0,4751,0.0067904923981464155
ALLE,ALLEGION PUB LTD CO,G0176J109,892000.0,5031,0.006782888263322064
DECK,DECKERS OUTDOOR CORP,243537107,890000.0,8775,0.00676767999367336
GEN,NORTONLIFELOCK INC,668771108,889000.0,31320,0.006760075858849008
BGC,BGC GROUP INC CL A,088929104,887000.0,93733,0.006744867589200303
ZBRA,ZEBRA TECHNOLOGIES CORP CL A,989207105,886000.0,2981,0.006737263454375951
FOLD,AMICUS THERA INC,03152W109,886000.0,112499,0.006737263454375951
CLX,CLOROX CO,189054109,882000.0,7156,0.006706846915078543
MRP,MILLROSE PROPERTIES INC,601137102,881000.0,26212,0.006699242780254191
UCB,UNITED COMMUNITY BANKS,90984P303,880000.0,28056,0.0066916386454298395
UPWK,UPWORK INC,91688F104,880000.0,47399,0.0066916386454298395
BRKR,BRUKER CORP,116794108,880000.0,27086,0.0066916386454298395
IONQ,IONQ INC,46222L108,879000.0,14288,0.006684034510605486
YETI,YETI HOLDINGS INC,98585X104,879000.0,26501,0.006684034510605486
FBP,FIRST BANCORP,318672706,879000.0,39873,0.006684034510605486
MAS,MASCO CORP,574599106,877000.0,12460,0.006668826240956782
TTWO,TAKE-TWO INTERACTIVE SOFTWAR,874054109,875000.0,3386,0.006653617971308079
CALX,CALIX INC,13100M509,875000.0,14263,0.006653617971308079
YUM,YUM BRANDS INC,988498101,873000.0,5746,0.006638409701659374
KAI,KADANT INC,48282T104,873000.0,2933,0.006638409701659374
AMKR,AMKOR TECHNOLOGY INC,031652100,873000.0,30755,0.006638409701659374
AVNT,AVIENT CORP,05368V106,872000.0,26472,0.0066308055668350225
ADMA,ADMA BIOLOGICS INC COMMON ST,000899104,870000.0,59376,0.006615597297186319
GWW,GRAINGER (W W) INC,384802104,870000.0,913,0.006615597297186319
TBBK,BANCORP INC DEL,05969A105,869000.0,11608,0.006607993162361965
BALL,BALL CORP,058498106,869000.0,17228,0.006607993162361965
MNKD,MANNKIND CORP,56400P706,866000.0,161300,0.00658518075788891
KNF,KNIFE RIVER CORP,498894104,865000.0,11250,0.006577576623064558
8CW,CROWN CASTLE INTL CORP,22822V101,864000.0,8956,0.0065699724882402055
BRBR,BELLRING BRANDS INC,07831C103,863000.0,23734,0.006562368353415853
LIVN,LIVANOVA PLC,G5509L101,863000.0,16476,0.006562368353415853
HASI,HANNON ARMSTRONG SUSTAINABLE,41068X100,861000.0,28045,0.006547160083767149
PATK,PATRICK INDUSTRIES INC,703343103,859000.0,8302,0.006531951814118445
HWKN,HAWKINS INC,420261109,859000.0,4700,0.006531951814118445
GTM,ZOOMINFO TECHNOLOGIES INC,98980F104,859000.0,78697,0.006531951814118445
WDC,WESTERN DIGITAL CORP,958102105,858000.0,7150,0.006524347679294093
DAVE,DAVE INC,23834J201,858000.0,4302,0.006524347679294093
OTTR,OTTER TAIL CORPORATION COMMO,689648103,857000.0,10453,0.006516743544469741
BLKB,BLACKBAUD INC,09227Q100,856000.0,13304,0.006509139409645389
CLDX,CELLDEX THERAPEUTICS,15117B202,856000.0,33098,0.006509139409645389
BBY,BEST BUY CO INC,086516101,854000.0,11299,0.006493931139996684
PEG,PUBLIC SERVICE ENTERPRISE IN,744573106,854000.0,10227,0.006493931139996684
HIW,HIGHWOODS PROPERTIES INC,431284108,852000.0,26786,0.0064787228703479804
KMB,KIMBERLY CLARK CORP,494368103,852000.0,6853,0.0064787228703479804
KIM,KIMCO REALTY CORP,49446R109,850000.0,38900,0.006463514600699276
IRON,DISC MEDICINE INC,254604101,849000.0,12851,0.006455910465874924
BRC,BRADY CORP,104674106,849000.0,10885,0.006455910465874924
RE,EVEREST RE GROUP LTD,G3223R108,845000.0,2414,0.006425493926577515
FIX,COMFORT SYSTEMS USA INC,199908104,845000.0,1024,0.006425493926577515
TGT,TARGET CORP,87612E106,845000.0,9423,0.006425493926577515
RNST,RENASANT CORP,75970E107,844000.0,22873,0.0064178897917531634
DPZ,DOMINO'S PIZZA INC,25754A201,842000.0,1951,0.00640268152210446
CATY,CATHAY GENERAL BANCORP,149150104,837000.0,17428,0.0063646608479827
NATL,NCR ATLEOS CORP,63001N106,836000.0,21255,0.006357056713158346
PAYX,PAYCHEX INC,704326107,836000.0,6597,0.006357056713158346
INDB,INDEPENDENT BANK CORP,453836108,836000.0,12080,0.006357056713158346
VMC,VULCAN MATERIALS CO,929160109,836000.0,2719,0.006357056713158346
HCC,WARRIOR MET COAL INC,93627C101,833000.0,13087,0.006334244308685291
FN,FABRINET,G3323L100,833000.0,2284,0.006334244308685291
AKRO,AKERO THERA INC,00973Y108,831000.0,17497,0.0063190360390365866
WAY,WAYSTAR HLDG CORP,946784105,831000.0,21902,0.0063190360390365866
SYNA,SYNAPTICS INC,87157D109,830000.0,12144,0.006311431904212235
NE,NOBLE CORP PLC,G65431127,830000.0,29348,0.006311431904212235
ASO,ACADEMY SPORTS AND OUTDOORS,00402L107,829000.0,16572,0.006303827769387883
SYY,SYSCO CORP,871829107,829000.0,10063,0.006303827769387883
RMD,RESMED INC,761152107,829000.0,3029,0.006303827769387883
WLK,WESTLAKE CHEMICALS,960413102,824000.0,10691,0.006265807095266122
ETR,ENTERGY CORP,29364G103,823000.0,8829,0.00625820296044177
CIVI,CIVITAS RESOURCES INC,17888H103,822000.0,25300,0.006250598825617417
ATGE,ADTALEM GLBL EDU INC,00737L103,822000.0,5320,0.006250598825617417
FTI,TECHNIPFMC LTD,G87110105,821000.0,20800,0.006242994690793065
FULT,FULTON FINANCIAL CORP,360271100,818000.0,43929,0.006220182286320009
ACHR,ARCHER AVIATION INC,03945R102,816000.0,85229,0.006204974016671305
CWK,CUSHMAN & WAKEFIELD PLC COMM,G2717B108,814000.0,51131,0.006189765747022602
TGNA,TEGNA INC,87901J105,813000.0,39983,0.006182161612198248
IEI,INSIGHT ENTERPRISES INC,45765U103,813000.0,7169,0.006182161612198248
RUSHA,RUSH ENTERPRISES CL A,781846209,813000.0,15209,0.006182161612198248
CPRT,COPART INC,217204106,813000.0,18082,0.006182161612198248
VALE,VALE SA,91912E105,812000.0,74810,0.006174557477373896
ROK,ROCKWELL AUTOMATION INC,773903109,810000.0,2318,0.006159349207725193
BLDR,BUILDERS FIRSTSOURCE INC,12008R107,810000.0,6683,0.006159349207725193
TKO,TKO GROUP HOLDINGS INC,87256C101,807000.0,3998,0.006136536803252136
FOXA,FOX CORP,35137L105,805000.0,12772,0.006121328533603433
BTU,PEABODY ENERGY CORP. COMMON,704551100,804000.0,30315,0.006113724398779081
ALHC,ALIGNMENT HLTHCARE,01625V104,804000.0,46065,0.006113724398779081
LMND,LEMONADE INC,52567D107,801000.0,14969,0.006090911994306024
MATX,MATSON INC,57686G105,799000.0,8106,0.006075703724657319
MYRG,MYR GROUP INC,55405W104,798000.0,3838,0.006068099589832968
FUL,H B FULLER CO,359694106,796000.0,13436,0.006052891320184264
MLM,MARTIN MARIETTA MATERIALS,573284106,792000.0,1257,0.006022474780886855
QC10,NEW YORK COMMUNITY BANCORP I,649445400,791000.0,68462,0.006014870646062502
CUCA,AVIS BUDGET GROUP INC,053774105,790000.0,4920,0.006007266511238151
COO,"THE COOPER COMPANIES, INC. C",216648501,789000.0,11513,0.005999662376413799
HIG,HARTFORD FINL SERVICES GROUP,416515104,789000.0,5913,0.005999662376413799
WFRD,WEATHERFORD INTL PLC,G48833118,788000.0,11518,0.005992058241589446
AIR,AAR CORP,000361105,787000.0,8773,0.005984454106765095
CPK,CHESAPEAKE UTILITIES CORP,165303108,786000.0,5832,0.0059768499719407425
INCY,INCYTE CORP,45337C102,783000.0,9238,0.005954037567467686
FLO,FLOWERS FOODS INC,343498101,783000.0,60009,0.005954037567467686
CARG,CARGURUS INC,141788109,780000.0,20959,0.00593122516299463
CAH,CARDINAL HEALTH INC,14149Y108,780000.0,4970,0.00593122516299463
XRAY,DENTSPLY SIRONA INC,24906P109,779000.0,61390,0.005923621028170277
ACLS,AXCELIS TECHNOLOGIES INC,054540208,779000.0,7974,0.005923621028170277
VAC,MARRIOTT VACATIONS WORLDWIDE,57164Y107,778000.0,11682,0.0059160168933459255
GRMN,GARMIN LTD,H2906T109,778000.0,3161,0.0059160168933459255
BXMT,"BLACKSTONE MORTGAGE TRUST, I",09257W100,777000.0,42192,0.005908412758521574
NSA,NATIONAL STORAGE AFFILIATES,637870106,776000.0,25664,0.005900808623697222
IPGP,IPH PHOTONICS CORP,44980X109,776000.0,9802,0.005900808623697222
FHB,FIRST HAWAIIAN INC,32051X108,774000.0,31190,0.0058856003540485174
DOC,HEALTHPEAK PROPERTIES INC,42250P103,773000.0,40362,0.005877996219224166
CRCL,CIRCLE INTERNET GROUP INC,172573107,773000.0,5831,0.005877996219224166
PLMR,PALOMAR HOLDINGSINC,69753M105,773000.0,6618,0.005877996219224166
RXRX,RECURSION PHARMACEUTICALS IN,75629V104,772000.0,158107,0.005870392084399813
ENPH,ENPHASE ENERGY INC,29355A107,772000.0,21800,0.005870392084399813
CBU,COMMUNITY BANK SYSTEM INC,203607106,771000.0,13154,0.005862787949575461
TPH,"TRI POINTE HOMES, INC.",87265H109,769000.0,22651,0.005847579679926757
IEI,INSIGHT ENTERPRISES INC,45765U103,769000.0,6777,0.005847579679926757
PBH,PRESTIGE BRANDS HOLDINGS INC,74112D101,768000.0,12310,0.005839975545102405
LGND,LIGAND PHARMACEUTICALS INC,53220K504,767000.0,4332,0.005832371410278052
MGEE,MGE ENERGY INC. COMMON STOCK,55277P104,766000.0,9099,0.0058247672754537004
CPRI,CAPRI HOLDINGS LTD,G1890L107,766000.0,38436,0.0058247672754537004
KAR,KAR AUCTION SERVICES INC,48238T109,766000.0,26619,0.0058247672754537004
YOU,CLEAR SECURE INC COMMON STOC,18467V109,763000.0,22845,0.005801954870980645
APAM,ARTISAN PARTNERS ASSET MANAG,04316A108,760000.0,17518,0.005779142466507588
XYZ,BLOCK INC,852234103,760000.0,10512,0.005779142466507588
WSFS,WSFS FINANCIAL CORP,929328102,760000.0,14095,0.005779142466507588
MPW,MEDICAL PROPERTIES TRUST INC,58463J304,758000.0,149428,0.005763934196858883
VCTR,VICTORY CAP HLDGS INC,92645B103,757000.0,11694,0.005756330062034532
AG8,AGILENT TECHNOLOGIES INC A,00846U101,756000.0,5887,0.00574872592721018
PSMT,PRICESMART INC,741511109,755000.0,6231,0.005741121792385828
PRU,PRUDENTIAL FINANCIAL GROUP,744320102,755000.0,7275,0.005741121792385828
FICO,FAIR ISAAC CORP,303250104,753000.0,503,0.0057259135227371236
NDAQ,NASDAQ INC,631103108,753000.0,8515,0.0057259135227371236
AVY,AVERY DENNISON CORP,053611109,752000.0,4639,0.005718309387912772
HAE,HAEMONETICS CORP/MASS,405024100,751000.0,15418,0.005710705253088419
TRGP,TARGA RES CORP,87612G101,751000.0,4485,0.005710705253088419
WEC,WEC ENERGY GROUP INC,92939U106,750000.0,6549,0.005703101118264067
ARE,ALEXANDRIA REAL ESTATE EQUIT,015271109,749000.0,8985,0.0056954969834397155
DAL,DELTA AIR LINES INC,247361702,748000.0,13188,0.005687892848615363
OTIS,OTIS WORLDWIDE CORP,68902V107,745000.0,8149,0.0056650804441423066
NMIH,NMI HOLDINGS INC,629209305,743000.0,19392,0.005649872174493603
AVA,AVISTA CORP,05379B107,742000.0,19627,0.005642268039669251
WING,WINGSTOP INC,974155103,740000.0,2939,0.005627059770020547
GFF,GRIFFON CORP,398433102,738000.0,9697,0.005611851500371842
LYB,LYONDELLBASELL INDUSTRIES NV,N53745100,738000.0,15045,0.005611851500371842
XYL,XYLEM INC,98419M100,737000.0,4996,0.0056042473655474895
SPNT,SIRIUSPOINT LTD,G8192H106,732000.0,40447,0.00556622669142573
AZZ,AZZ INC,002474104,732000.0,6706,0.00556622669142573
TVTX,TRAVERE THERA INC,89422G107,732000.0,30635,0.00556622669142573
CSGP,COSTAR GROUP INC,22160N109,732000.0,8672,0.00556622669142573
VRSK,VERISK ANALYTICS INC,92345Y106,730000.0,2904,0.005551018421777025
RL,RALPH LAUREN CORP,751212101,729000.0,2325,0.005543414286952673
BCC,BOISE CASCADE CO,09739D100,726000.0,9385,0.005520601882479617
ASGN,ASGN INC,00191U102,720000.0,15214,0.005474977073533505
FIS,FIDELITY NATIONAL INFORMATIO,31620M106,719000.0,10907,0.005467372938709153
ED,CONSOLIDATED EDISON INC,209115104,716000.0,7120,0.005444560534236096
CWST,CASELLA WASTE SYS A,147448104,714000.0,7525,0.005429352264587392
ABM,ABM INDUSTRIES INC,000957100,714000.0,15476,0.005429352264587392
VIRT,VIRTU FINANCIAL INC CL A,928254101,713000.0,20073,0.005421748129763039
SM,SM ENERGY CO,78454L100,713000.0,28546,0.005421748129763039
GEHC,GE HEALTHCARE INC,36266G107,712000.0,9480,0.0054141439949386885
BKU,BANKUNITED INC,06652K103,711000.0,18633,0.005406539860114336
NDSN,NORDSON CORP,655663102,711000.0,3134,0.005406539860114336
ENVA,ENOVA INTL INC,29357K103,711000.0,6174,0.005406539860114336
MCHP,MICROCHIP TECHNOLOGY INC,595017104,711000.0,11066,0.005406539860114336
IEX,IDEX CORP,45167R104,711000.0,4370,0.005406539860114336
GL,GLOBE LIFE INC,37959E102,711000.0,4976,0.005406539860114336
WTW,WILLIS TOWERS,G96629103,710000.0,2056,0.005398935725289984
AWM,SKYWORKS SOLUTIONS INC,83088M102,709000.0,9212,0.005391331590465631
VICI,VICI PPTYS INC,925652109,709000.0,21728,0.005391331590465631
WAB,WABTEC CORP,929740108,707000.0,3529,0.005376123320816928
CNK,CINEMARK HOLDING INC,17243V102,705000.0,25176,0.005360915051168223
VIAV,VIAVI SOLUTIONS INC,925550105,703000.0,55364,0.005345706781519519
AWR,AMERICAN STATES WATER CO,029899101,701000.0,9559,0.005330498511870815
PK,PARK HOTELS RESORTS INC,700517105,700000.0,63154,0.005322894377046463
ACGL,ARCH CAPITAL GROUP,G0450A105,699000.0,7702,0.005315290242222111
FMF,FORMFACTOR INC,346375108,697000.0,19127,0.005300081972573406
PENN,PENN NATIONAL GAMING INC,707569109,696000.0,36113,0.0052924778377490544
SMG,SCOTTS MIRACLE GRO CO CL A,810186106,694000.0,12183,0.00527726956810035
UHS,UNIVERSAL HEALTH SERVICES-B,913903100,694000.0,3394,0.00527726956810035
OGN,ORGANON & CO,68622V106,691000.0,64662,0.005254457163627294
REG,REGENCY CENTERS CORP,758849103,689000.0,9446,0.00523924889397859
STT,STATE STREET CORP,857477103,688000.0,5930,0.005231644759154238
ASH,ASHLAND GLOBAL HLDGS INC,044186104,687000.0,14330,0.005224040624329886
HST,HOST HOTELS & RESORTS INC,44107P104,686000.0,40322,0.005216436489505534
WYNN,WYNN RESORTS LTD,983134107,686000.0,5345,0.005216436489505534
IR,INGERSOLL-RAND INC,45687V106,685000.0,8290,0.005208832354681181
CTSH,COGNIZANT TECH SOLUTIONS,192446102,684000.0,10196,0.005201228219856829
BL,BLACKLINE INC COMMON STOCK,09239B109,684000.0,12890,0.005201228219856829
VTRS,VIATRIS INC,92556V106,683000.0,69007,0.005193624085032477
PCG,P G & E CORP,69331C108,682000.0,45224,0.005186019950208125
PSTG,PURE STORAGE INC,74624M102,681000.0,8130,0.005178415815383773
EXTR,EXTREME NETWORKS INC,30226D106,681000.0,32964,0.005178415815383773
ODD,ODDITY TECH LTD,M7518J104,675000.0,10827,0.0051327910064376606
ICUI,ICU MEDIAL INC,44930G107,674000.0,5619,0.005125186871613309
WHD,CACTUS INC,127203107,674000.0,17084,0.005125186871613309
MTB,M & T BANK CORP,55261F104,673000.0,3406,0.005117582736788956
NRG,NRG ENERGY INC,629377508,673000.0,4154,0.005117582736788956
BAX,BAXTER INTERNATIONAL INC,071813109,673000.0,29569,0.005117582736788956
NWSA,NEWS CORP NEW,65249B109,672000.0,21885,0.005109978601964604
CWT,CALIFORNIA WATER SERVICE GRO,130788102,671000.0,14615,0.005102374467140252
POWI,POWER INTEGRATIONS INC,739276103,670000.0,16662,0.0050947703323159
EQT,EQT CORP,26884L109,670000.0,12306,0.0050947703323159
DD,DUPONT DE NEMOURS INC,26614N102,670000.0,8605,0.0050947703323159
WD,WALKER & DUNLOP INC,93148P102,670000.0,8012,0.0050947703323159
VCYT,VERACYTE INC,92337F107,670000.0,19514,0.0050947703323159
FRPT,FRESHPET INC,358039105,669000.0,12144,0.005087166197491548
SJM,SMUCKER J M CO,832696405,668000.0,6148,0.005079562062667196
AEO,AMERICAN EAGLE OUTFITTERS IN,02553E106,668000.0,39029,0.005079562062667196
WDFC,WD-40 CO,929236107,667000.0,3373,0.005071957927842844
SUPN,SUPERNUS PHARMACEUTICALS INC,868459108,665000.0,13916,0.00505674965819414
HPE,HEWLETT PACKARD ENTERPRISE C,42824C109,663000.0,26999,0.0050415413885454355
SWK,STANLEY BLACK & DECKER,854502101,662000.0,8904,0.005033937253721083
GEO,GEO GROUP INC,36162J106,661000.0,32282,0.005026333118896731
SW,SMURFIT WESTROCK PLC,G8267P108,661000.0,15528,0.005026333118896731
VCEL,VERICEL CORP,92346J108,661000.0,21009,0.005026333118896731
POOL,POOL CORP,73278L105,660000.0,2127,0.005018728984072379
ACAD,ACADIA PHARMACEUTICALS INC,004225108,658000.0,30856,0.005003520714423676
OXY,OCCIDENTAL PETROLEUM,674599105,658000.0,13920,0.005003520714423676
AKAM,AKAMAI TECHNOLOGIES INC,00971T101,658000.0,8680,0.005003520714423676
EFX,EQUIFAX INC,294429105,658000.0,2564,0.005003520714423676
CPT,CAMDEN PROPERTY TRUST,133131102,657000.0,6154,0.004995916579599323
SFNC,SIMMONS FIRST NATIONAL CORP,828730200,655000.0,34150,0.0049807083099506185
BG,BUNGE GLOBAL SA,H11356104,655000.0,8060,0.0049807083099506185
ALRM,ALARM.COM HLDS INC,011642105,655000.0,12345,0.0049807083099506185
RJF,RAYMOND JAMES FINANCIAL INC,754730109,654000.0,3787,0.004973104175126267
NUE,NUCOR CORP,670346105,653000.0,4825,0.004965500040301915
LXP,LEXINGTON CORP PROPERTIES TR,529043101,651000.0,72628,0.00495029177065321
IQV,IQVIA HOLDINGS INC,46266C105,651000.0,3425,0.00495029177065321
DEI,DOUGLAS EMMETT INC,25960P109,649000.0,41708,0.004935083501004506
BOH,BANK OF HAWAII CORP,062540109,649000.0,9887,0.004935083501004506
UAL,UNITED CONTL HLDGS INC,910047109,649000.0,6726,0.004935083501004506
PSKY,PARAMOUNT SKYDANCE CORP,69932A204,648000.0,34267,0.004927479366180154
GT,GOODYEAR TIRE & RUBBER,382550101,647000.0,86548,0.004919875231355802
UDR,UDR INC,902653104,647000.0,17354,0.004919875231355802
DAN,DANA INCORPORATED,235825205,644000.0,32139,0.004897062826882746
HUM,HUMANA INC,444859102,643000.0,2472,0.004889458692058393
SBCF,SEACOAST BANKING CORP OF FLO,811707801,643000.0,21145,0.004889458692058393
APLE,APPLE HOSPITALITY REIT INC C,03784Y200,643000.0,53568,0.004889458692058393
KVUE,KENVUE INC,49177J102,642000.0,39556,0.004881854557234042
POWL,POWELL INDUSTRIES INC,739128106,640000.0,2100,0.004866646287585337
IRDM,IRIDIUM COMMUNICATIONS INC,46269C102,640000.0,36652,0.004866646287585337
UE,URAN EDGE PROPERTIES,91704F104,640000.0,31289,0.004866646287585337
MOS,MOSIAC CO,61945C103,635000.0,18322,0.004828625613463577
SXI,STANDEX INTERNATIONAL CORP,854231107,634000.0,2994,0.004821021478639225
OUT,OUTFRONT MEDIA INC,69007J304,633000.0,34530,0.004813417343814873
SOLV,SOLVENTUM CORP,83444M101,632000.0,8657,0.004805813208990521
VTR,VENTAS INC,92276F100,631000.0,9009,0.004798209074166168
JKHY,JACK HENRY & ASSOCIATES INC,426281101,629000.0,4224,0.004783000804517464
HII,HUNTINGTON INGALLS INDS INC,446413106,628000.0,2180,0.004775396669693112
KDP,KEURIG DR PEPPER INC,49271V100,628000.0,24619,0.004775396669693112
DAY,CERIDIAN HCM HLDG INC,15677J108,627000.0,9104,0.00476779253486876
PFS,PROVIDENT FINANCIAL SERVICES,74386T105,626000.0,32445,0.0047601884000444085
MTRN,MATERION CORP,576690101,626000.0,5184,0.0047601884000444085
UNF,UNIFIRST CORP/MA,904708104,625000.0,3737,0.004752584265220057
TSCO,TRACTOR SUPPLY CO,892356106,625000.0,10994,0.004752584265220057
NCLH,NORWEGIAN CRUISE LINE HLDGS,G66721104,625000.0,25374,0.004752584265220057
CIEN,CIENA CORP,171779309,625000.0,4289,0.004752584265220057
RHI,ROBERT HALF INTL INC,770323103,625000.0,18386,0.004752584265220057
MOH,MOLINA HEALTHCARE INC,60855R100,625000.0,3268,0.004752584265220057
MRNA,MODERNA INC,60770K107,624000.0,24142,0.004744980130395704
AIZ,ASSURANT INC,04621X108,624000.0,2883,0.004744980130395704
BXP,BOSTON PROPERTIES INC,101121101,624000.0,8394,0.004744980130395704
FLEX,FLEXTRONICS INTERNATIONAL SN,Y2573F102,624000.0,10759,0.004744980130395704
PRVA,PRIVIA HEALTH GROUP INC. COM,74276R102,624000.0,25078,0.004744980130395704
CCL,CARNIVAL CORP,143658300,624000.0,21580,0.004744980130395704
SAM,BOSTON BEER INC,100557107,623000.0,2949,0.004737375995571352
SPY,SPIDER UNIT TRUST,78462F103,622000.0,933,0.0047297718607469995
VSAT,VIASAT INC,92552V100,622000.0,21214,0.0047297718607469995
IBKR,INTERACTIVE BROKERS GROUP IN,45841N107,620000.0,9009,0.004714563591098296
JBHT,HUNT (JB) TRANSPORT SERVICES,445658107,619000.0,4615,0.004706959456273943
PKN,PERKINELMER INC,714046109,617000.0,7034,0.004691751186625239
CAKE,CHEESECAKE FACTORY,163072101,617000.0,11297,0.004691751186625239
EME,EMCOR GROUP INC,29084Q100,617000.0,950,0.004691751186625239
DXC,DXC TECHNOLOGY CO,23355L106,616000.0,45182,0.004684147051800887
KEYS,KEYSIGHT TECHNOLOGIES INC,49338L103,616000.0,3519,0.004684147051800887
IRM,IRON MOUNTAIN INC,46284V101,616000.0,6039,0.004684147051800887
FITB,FIFTH THIRD BANCORP,316773100,615000.0,13798,0.004676542916976535
EXR,EXTRA SPACE STORAGE INC,30225T102,614000.0,4354,0.004668938782152183
DIOD,DIODES INC,254543101,612000.0,11507,0.004653730512503479
OII,OCEANEERING INTERNATIONAL IN,675232102,610000.0,24618,0.0046385222428547744
CVBF,CVB FINANCIAL CORP,126600105,609000.0,32223,0.004630918108030423
SHOO,STEVEN MADDEN,556269108,608000.0,18171,0.00462331397320607
TDW,TIDEWATER INC NEW,88642R109,607000.0,11383,0.004615709838381718
DTE,DTE ENERGY CO,233331107,605000.0,4278,0.004600501568733015
NOG,"NORTHERN OIL AND GAS, INC. C",665531307,605000.0,24406,0.004600501568733015
FDS,FACTSET RESEARCH SYSTEMS INC,303075105,605000.0,2112,0.004600501568733015
CNXC,CONCENTRIX CORP,20602D101,604000.0,13093,0.004592897433908663
BANF,BANCFIRST CORP,05945F103,602000.0,4760,0.004577689164259958
IPG,INTERPUBLIC GROUP COS INC,460690100,602000.0,21556,0.004577689164259958
FFBC,FIRST FINANCIAL BANCORP,320209109,600000.0,23754,0.004562480894611254
CASY,CASEY'S GENERAL STORES INC,147528103,598000.0,1057,0.004547272624962549
LEN,LENNAR CORP CL A,526057104,596000.0,4731,0.004532064355313845
TRMK,TRUSTMARK CORP,898402102,595000.0,15017,0.004524460220489493
IVZ,INVESCO LTD,G491BT108,595000.0,25935,0.004524460220489493
PAYC,PAYCOM SOFTWARE INC,70432V102,594000.0,2855,0.004516856085665141
CW,CURTISS WRIGHT CORP,231561101,590000.0,1087,0.004486439546367733
PRK,PARK NATIONAL CORPORATION,700658107,590000.0,3629,0.004486439546367733
ADM,ARCHER-DANIELS MIDLAND,039483102,589000.0,9862,0.0044788354115433806
PNW,PINNACLE WEST CAPITAL,723484101,588000.0,6559,0.004471231276719029
SDHC,SMITH DOUGLAS HOMES,83207R107,587000.0,33251,0.004463627141894676
CC,CHEMOURS COMPANY,163851108,586000.0,37026,0.004456023007070324
LCII,LCI INDS,50189K103,586000.0,6289,0.004456023007070324
CWEN,CLEARWAY ENERGY INC CL C,18539C204,584000.0,20690,0.004440814737421621
AEE,AMEREN CORP,023608102,580000.0,5554,0.004410398198124212
PRDO,PERDOCEO EDUCATION CORP,71363P106,579000.0,15379,0.00440279406329986
GNRC,GENERAC HOLDINGS INC,368736104,578000.0,3451,0.004395189928475508
HBI,HANESBRANDS INC,410345102,578000.0,87710,0.004395189928475508
ABR,ARBOR REALTY TRUST INC,038923108,578000.0,47371,0.004395189928475508
HAS,HASBRO INC,418056107,576000.0,7590,0.004379981658826804
WAFD,WASHINGTON FEDERAL INC,938824109,576000.0,19002,0.004379981658826804
BR,BROADRIDGE FINANCIAL SOLUTIO,11133T103,574000.0,2408,0.004364773389178099
EYE,NATIONAL VISION HOLDINGS INC,63845R107,573000.0,19629,0.004357169254353747
PINC,PREMIER INC CL A,74051N102,572000.0,20582,0.004349565119529396
RBA,RB GLOBAL INC,74935Q107,570000.0,5256,0.004334356849880691
HSY,HERSHEY CO,427866108,570000.0,3046,0.004334356849880691
AGYS,AGILYSYS INC,00847J105,570000.0,5412,0.004334356849880691
SYF,SYNCHRONY FINL,87165B103,568000.0,7999,0.004319148580231987
TRN,TRINITY INDUSTRIES,896522109,567000.0,20237,0.004311544445407635
UNFI,UNITED NATURAL FOOD INC,911163103,566000.0,15044,0.004303940310583282
COLM,COLUMBIA SPORTSWEAR CO,198516106,566000.0,10824,0.004303940310583282
RVMD,REVOLUTION MEDICINES INC,76155X100,565000.0,12096,0.00429633617575893
TDY,TELEDYNE TECHNOLOGIES,879360105,565000.0,964,0.00429633617575893
PHIN,PHINIA INC,71880K101,565000.0,9824,0.00429633617575893
PPL,PPL CORP,69351T106,565000.0,15217,0.00429633617575893
NTNX,NUTANIX INC,67059N108,564000.0,7575,0.004288732040934579
BBIO,BRIDGEBIO PHARMA INC,10806X102,564000.0,10868,0.004288732040934579
AVB,AVALONBAY COMMUNITIES INC,053484101,563000.0,2914,0.004281127906110226
FW2N,BANNER CORP,06652V208,562000.0,8580,0.004273523771285875
PPC,PILGRIMS PRIDE CORP NEW,72147K108,562000.0,13811,0.004273523771285875
ATO,ATMOS ENERGY CORP,049560105,558000.0,3270,0.004243107231988466
MCY,MERCURY GENERAL CORP,589400100,558000.0,6587,0.004243107231988466
ACHC,ACADIA HEALTHCARE CO INC,00404A109,557000.0,22500,0.004235503097164114
GRBK,GREEN BRICK PARTNERS INC. CO,392709101,556000.0,7531,0.004227898962339762
CXW,CORECIVIC INC,21871N101,555000.0,27249,0.00422029482751541
AWC,AMERICAN WATER WORKS CO,030420103,554000.0,3979,0.004212690692691057
GIS,GENERAL MILLS INC,370334104,554000.0,10996,0.004212690692691057
0J7Q,IAC INC,44891N208,552000.0,16216,0.0041974824230423535
AKR,ACADIA REALTY TRUST,004239109,551000.0,27348,0.004189878288218002
PHM,PULTE HOMES INC,745867101,551000.0,4170,0.004189878288218002
ALB,ALBERMARLE CORP,012653101,551000.0,6800,0.004189878288218002
WWW,WOLVERINE WORLD WIDE INC,978097103,551000.0,20087,0.004189878288218002
EPAC,ENERPAC TOOL GROUP CORP,292765104,551000.0,13446,0.004189878288218002
INSP,INSPIRE MED SYS INC,457730109,551000.0,7429,0.004189878288218002
SMPL,THE SIMPLY GOOD FOODS CO,82900L102,551000.0,22190,0.004189878288218002
FANG,DIAMONDBACK ENERGY INC,25278X109,550000.0,3841,0.00418227415339365
RGTI,RIGETTI COMPTR INC,76655K103,549000.0,18442,0.004174670018569297
MGNI,MAGNITE INC,55955D100,549000.0,25201,0.004174670018569297
ODFL,OLD DOMINION FREIGHT LINE,679580100,546000.0,3877,0.004151857614096241
HP,HELMERICH & PAYNE,423452101,546000.0,24732,0.004151857614096241
GWRE,GUIDEWIRE SOFTWARE INC,40171V100,545000.0,2370,0.004144253479271889
UTHR,UNITED THERAPEUTICS CORP,91307C102,545000.0,1299,0.004144253479271889
FBNC,FIRST BANCORP,318910106,545000.0,10309,0.004144253479271889
CHTR,CCH I LLC,16119P108,544000.0,1978,0.0041366493444475365
VLTO,VERALTO CORP,92338C103,542000.0,5087,0.004121441074798832
NTRS,NORTHERN TRUST CORP,665859104,542000.0,4030,0.004121441074798832
FCPT,FOUR CORNERS PROPERTY TRUST,35086T109,541000.0,22187,0.00411383693997448
DXCM,DEXCOM INC,252131107,541000.0,8040,0.00411383693997448
NWL,NEWELL BRANDS INC,651229106,541000.0,103317,0.00411383693997448
AES,AES CORP,00130H105,541000.0,41085,0.00411383693997448
EXPE,EXPEDIA INC,30212P303,541000.0,2533,0.00411383693997448
ULTA,ULTA BEAUTY INC,90384S303,539000.0,986,0.004098628670325777
ES,EVERSOURCE ENERGY,30040W108,538000.0,7566,0.004091024535501425
NSP,INSPERITY INC,45778Q107,538000.0,10933,0.004091024535501425
SEDG,SOLAREDGE TECHNOLOGIES INC,83417M104,538000.0,14535,0.004091024535501425
VSCO,VICTORIAS SECRET AND CO,926400102,535000.0,19718,0.004068212131028368
EVTC,EVERTEC INC,30040P103,533000.0,15779,0.004053003861379663
DOCN,DIGITALOCEAN HLDGS INC,25402D102,532000.0,15575,0.0040453997265553114
KLIC,KULICKE & SOFFA INDUSTRIES,501242101,531000.0,13064,0.00403779559173096
FUN,SIX FLAGS ENTERTAINMENT CORP,83001C108,531000.0,23361,0.00403779559173096
USFD,US FOODS HLDG CORP,912008109,529000.0,6903,0.004022587322082256
SNDK,SANDISK CORP,80004C200,528000.0,4706,0.004014983187257903
LYV,LIVE NATION INC,538034109,527000.0,3223,0.004007379052433552
BANC,BANC OF CALIFORNIA INC,05990K106,526000.0,31810,0.003999774917609199
CON,CONCENTRA GROUP HOLDINGS,20603L102,525000.0,25064,0.003992170782784847
CRVL,CORVEL CORP,221006109,525000.0,6781,0.003992170782784847
CURB,CURBLINE PROPERTIES CORP,23128Q101,525000.0,23553,0.003992170782784847
7HP,HP INC,40434L105,525000.0,19268,0.003992170782784847
FBK,FB FINANCIAL CORPORATION,30257X104,523000.0,9389,0.003976962513136143
ACM,AECOM,00766T100,522000.0,4000,0.003969358378311791
THC,TENET HEALTHCARE CORP,88033G407,521000.0,2567,0.003961754243487438
CBOE,CBOE HOLDINGS INC,12503M108,521000.0,2123,0.003961754243487438
CNP,CENTERPOINT ENERGY INC,15189T107,521000.0,13421,0.003961754243487438
NBTB,NBT BANCORP INC,628778102,520000.0,12449,0.003954150108663086
APA,APA CORP,03743Q108,519000.0,21373,0.003946545973838735
LINE,LINEAGE INC,53566V106,519000.0,13440,0.003946545973838735
HUBG,HUB GROUP INC CL A,443320106,518000.0,15043,0.003938941839014383
CPRX,CATALYST PHARMACEUTICALS INC,14888U101,518000.0,26282,0.003938941839014383
MTD,METTLER-TOLEDO INTERNATIONAL,592688105,518000.0,422,0.003938941839014383
HBAN,HUNTINGTON BANCSHARES,446150104,516000.0,29883,0.003923733569365678
STRA,STRATEGIC ED INC,86272C103,516000.0,5994,0.003923733569365678
GOLF,ACUSHNET HLDGS CORP,005098108,514000.0,6552,0.003908525299716974
MTCH,MATCH GROUP INC COMMON STOCK,57667L107,513000.0,14523,0.003900921164892622
TPR,TAPESTRY INC,876030107,513000.0,4530,0.003900921164892622
ADUS,ADDUS HOMECARE CORP,006739106,512000.0,4339,0.00389331703006827
TECH,BIO-TECHNE CORP,09073M104,511000.0,9192,0.003885712895243918
CINF,CINCINNATI FINANCIAL CORP,172062101,510000.0,3226,0.003878108760419566
JNK,SPDR SER TR     T,78468R622,510000.0,5201,0.003878108760419566
TDC,TERADATA CORP,88076W103,510000.0,23727,0.003878108760419566
GEF,GREIF INC CL A,397624107,508000.0,8493,0.0038629004907708617
STC,STEWART INFORMATION SERVICES,860372101,507000.0,6919,0.0038552963559465095
AFW,ALIGN TECHNOLOGY INC,016255101,507000.0,4049,0.0038552963559465095
HAYW,HAYWARD HLDGS INC,421298100,507000.0,33559,0.0038552963559465095
AOS,A O SMITH,831865209,506000.0,6887,0.0038476922211221577
CAG,CONAGRA BRANDS INC,205887102,505000.0,27565,0.003840088086297805
LDOS,LEIDOS HLDGS INC,525327102,505000.0,2673,0.003840088086297805
MRNA,MODERNA INC,60770K107,504000.0,19505,0.0038324839514734532
IP,INTERNATIONAL PAPER,460146103,504000.0,10862,0.0038324839514734532
KN,KNOWLES CORP,49926D109,503000.0,21572,0.0038248798166491014
PTC,PTC INC,69370C100,503000.0,2477,0.0038248798166491014
PPG,PPG INDUSTRIES INC,693506107,502000.0,4774,0.0038172756818247488
ADNT,ADIENT PLC,G0084W101,501000.0,20805,0.003809671547000397
STE,STERIS PLC,G8473T100,501000.0,2024,0.003809671547000397
WSM,WILLIAMS SONOMA INC,969904101,501000.0,2562,0.003809671547000397
TPD,"TEMPUR SEALY INTERNATIONAL,",88023U101,500000.0,5924,0.0038020674121760447
CHEF,THE CHEFS'S WAREHOUSE INC,163086101,500000.0,8572,0.0038020674121760447
NGVT,INGEVITY CORP,45688C107,499000.0,9044,0.003794463277351693
HNI,HNI CORP,404251100,498000.0,10632,0.0037868591425273402
OI,O-I GLASS INC,67098H104,497000.0,38354,0.0037792550077029884
ACMR,ACM RESH INC,00108J109,497000.0,12692,0.0037792550077029884
LBRT,LIBERTY ENERGY INC.,53115L104,497000.0,40256,0.0037792550077029884
YELP,YELP INC,985817105,496000.0,15892,0.0037716508728786366
RXO,RXO INC,74982T103,495000.0,32199,0.0037640467380542844
EPAM,EPAM SYSTEMS INC,29414B104,494000.0,3275,0.0037564426032299326
RF,REGIONS FINANCIAL CORP,7591EP100,494000.0,18720,0.0037564426032299326
ALG,ALMO GROUP INC,011311107,493000.0,2581,0.00374883846840558
NTAP,NETAPP INC,64110D104,493000.0,4162,0.00374883846840558
SMCI,SUPER MICRO COMPUTER INC,86800U302,493000.0,10291,0.00374883846840558
LH,LABCORP HOLDINGS INC,504922105,491000.0,1710,0.003733630198756876
MTX,MINERALS TECHNOLOGIES INC,603158106,490000.0,7891,0.003726026063932524
NVR,NVR INC,62944T105,490000.0,61,0.003726026063932524
BHLB,BEACON FINANCIAL CORP,084680107,489000.0,20628,0.0037184219291081723
SRPT,SAREPTA THERAPEUTICS INC,803607100,487000.0,25270,0.003703213659459468
FSLR,FIRST SOLAR INC,336433107,485000.0,2201,0.0036880053898107634
OFG,OFG BANCORP,67103X102,485000.0,11152,0.0036880053898107634
QDEL,QUIDELORTHO CORP,219798105,485000.0,16485,0.0036880053898107634
FE,FIRSTENERGY CORP,337932107,484000.0,10566,0.003680401254986411
SHC,SOTERA HEALTH COMPANY COMMON,83601L102,478000.0,30386,0.003634776446040299
TRIP,TRIPADVISOR INC,896945201,478000.0,29405,0.003634776446040299
CFG,CITIZENS FINL GROUP INC,174610105,478000.0,8992,0.003634776446040299
IOSP,INNOSPEC INC,45768S105,478000.0,6201,0.003634776446040299
HSIC,HENRY SCHEIN INC,806407102,477000.0,7194,0.0036271723112159464
COHR,COHERENT CORP,19247G107,477000.0,4431,0.0036271723112159464
LW,LAMB WESTON HOLDINGS INC,513272104,477000.0,8218,0.0036271723112159464
HUBB,HUBBELL INC,443510607,476000.0,1106,0.0036195681763915946
CUBI,CUSTOMERS BANCORP INC,23204G100,476000.0,7286,0.0036195681763915946
JBL,JABIL CIRCUIT INC,466313103,476000.0,2190,0.0036195681763915946
COOP,MR. COOPER GROUP INC,62482R107,475000.0,2252,0.0036119640415672428
WRB,BERKLEY WR CORP,084423102,474000.0,6182,0.0036043599067428905
DVN,DEVON ENERGY CORP,25179M103,474000.0,13513,0.0036043599067428905
BWXT,BWX TECHNOLOGIES INC,05605H100,472000.0,2560,0.003589151637094186
SONO,SONOS INC COMMON STOCK,83570H108,472000.0,29860,0.003589151637094186
DOV,DOVER CORP,260003108,471000.0,2825,0.0035815475022698343
HI,HILLENBRAND INC,431571108,471000.0,17432,0.0035815475022698343
PRGS,PROGRESS SOFTWARE CORP,743312100,471000.0,10721,0.0035815475022698343
SG,SWEETGREEN INC,87043Q108,470000.0,58930,0.0035739433674454825
TLN,TALEN ENERGY CORP,87422Q109,470000.0,1104,0.0035739433674454825
TROW,PRICE T ROWE GROUP INC,74144T108,470000.0,4576,0.0035739433674454825
VRSN,VERISIGN INC,92343E102,469000.0,1676,0.00356633923262113
KHC,KRAFT HEINZ CO,500754106,468000.0,17989,0.003558735097796778
DG,DOLLAR GEN CORP NEW,256677105,468000.0,4529,0.003558735097796778
EXE,CHESAPEAKE ENERGY CORP,165167735,468000.0,4402,0.003558735097796778
FNF,FIDELITY NATIONAL FINANCIAL,31620R303,467000.0,7715,0.0035511309629724258
INSW,INTERNATIONAL SEAWAYS INC. C,Y41053102,466000.0,10108,0.003543526828148074
JOE,THE ST. JOE COMPANY,790148100,466000.0,9425,0.003543526828148074
NVT,NVENT ELECTRIC PLC,G6700G107,465000.0,4713,0.0035359226933237213
PLUS,EPLUS INC,294268107,464000.0,6534,0.0035283185584993695
SHO,SUNSTONE HOTEL INVESTORS INC,867892101,463000.0,49412,0.0035207144236750177
APGE,APOGEE THERA INC,03770N101,463000.0,11644,0.0035207144236750177
TER,TERADYNE INC,880770102,462000.0,3353,0.0035131102888506655
HMN,HORACE MANN EDUCATORS,440327104,462000.0,10229,0.0035131102888506655
CRL,CHARLES RIVER LABORATORIES,159864107,462000.0,2956,0.0035131102888506655
TRU,TRANSUNION,89400J107,462000.0,5509,0.0035131102888506655
TYL,TYLER TECHNOLOGIES INC,902252105,461000.0,881,0.0035055061540263137
CG,CARLYLE GROUP INC,14316J108,461000.0,7353,0.0035055061540263137
LKQ1,LKQ CORP,501889208,460000.0,15060,0.003497902019201961
ROCK,GIBRALTAR INDUSTRIES INC,374689107,460000.0,7327,0.003497902019201961
DRI,DARDEN RESTAURANTS INC,237194105,459000.0,2411,0.003490297884377609
BRO,BROWN & BROWN INC,115236101,458000.0,4885,0.003482693749553257
NSZ,NETSCOUT SYSTEMS INC,64115T104,457000.0,17705,0.003475089614728905
PFGC,PERFORMANCE FOOD GROUP CO,71377A103,457000.0,4395,0.003475089614728905
EQR,EQUITY RESIDENTIAL,29476L107,456000.0,7043,0.0034674854799045533
TAP,MOLSON COORS BREWING CO CL B,60871R209,456000.0,10082,0.0034674854799045533
EQH,EQUITABLE HLDGS INC,29452E101,455000.0,8960,0.0034598813450802007
K,KELLOGG CO,487836108,454000.0,5540,0.003452277210255849
FTI,TECHNIPFMC LTD,G87110105,454000.0,11515,0.003452277210255849
MGM,MGM RESORTS INTERNATIONAL,552953101,453000.0,13067,0.0034446730754314966
VBTX,VERITEX HOLDINGS INC,923451108,452000.0,13487,0.003437068940607145
ADEA,ADEIA INC,00676P107,451000.0,26825,0.003429464805782792
INSP,INSPIRE MED SYS INC,457730109,451000.0,6072,0.003429464805782792
CMS,CMS ENERGY CORP,125896100,451000.0,6159,0.003429464805782792
NWN,NORTHWEST NATURAL HOLDING CO,66765N105,451000.0,10046,0.003429464805782792
PTEN,PATTERSON-UTI ENERGY INC,703481101,451000.0,87085,0.003429464805782792
PARR,PAR PACIFIC HOLDINGS INC,69888T207,449000.0,12682,0.0034142565361340886
CRK,"COMSTOCK RESOURCES, INC. COM",205768302,449000.0,22653,0.0034142565361340886
LMAT,LEMAITRE VASCULAR INC,525558201,448000.0,5120,0.003406652401309736
PBI,PITNEY BOWES INC,724479100,448000.0,39286,0.003406652401309736
BURL,BURLINGTON STORES INC,122017106,448000.0,1760,0.003406652401309736
KTOS,KRATOS DEFENSE & SECURITY,50077B207,448000.0,4900,0.003406652401309736
KWR,QUAKER CHEMICAL CORP,747316107,447000.0,3395,0.003399048266485384
CHCO,CITY HOLDING CO,177835105,447000.0,3606,0.003399048266485384
FRT,FEDERAL REALTY INVESTMENT TR,313745101,447000.0,4409,0.003399048266485384
PODD,INSULET CORP,45784P101,446000.0,1445,0.003391444131661032
ERIE,ERIE INDEMNITY CO,29530P102,445000.0,1400,0.00338383999683668
AMR,ALPHA METALLURGICAL RESOURCE,020764106,445000.0,2714,0.00338383999683668
RAMP,LIVERAMP HOLDINGS INC,53815P108,444000.0,16369,0.0033762358620123274
FCF,FIRST COMMONWEALTH FINL GROU,319829107,443000.0,25980,0.0033686317271879756
CSGS,CSG SYSTEMS INTERNATIONAL IN,126349109,442000.0,6873,0.003361027592363624
EIX,EDISON INTERNATIONAL,281020107,441000.0,7970,0.0033534234575392716
CNS,COHEEN & STEERS INC,19247A100,441000.0,6722,0.0033534234575392716
HAL,HALLIBURTON CO,406216101,440000.0,17883,0.0033458193227149198
BKE,BUCKLE INC,118440106,440000.0,7507,0.0033458193227149198
CSL,CARLISLE COS INC,142339100,439000.0,1335,0.003338215187890567
IPAR,INTER PARFUMS INC,458334109,439000.0,4461,0.003338215187890567
ILMN,ILLUMINA INC,452327109,438000.0,4614,0.0033306110530662153
FOX,FOX CORP,35137L204,437000.0,7624,0.003323006918241863
CDW,CDW CORP,12514G108,437000.0,2745,0.003323006918241863
DGX,QUEST DIAGNOSTICS INC,74834L100,436000.0,2287,0.0033154027834175113
CASH,META FINANCIAL GROUP INC,59100U108,434000.0,5867,0.003300194513768807
CHD,CHURCH & DWIGHT CO INC,171340102,434000.0,4957,0.003300194513768807
RS,RELIANCE STEEL & ALUMINUM,759509102,433000.0,1542,0.003292590378944455
WWD,WOODWARD INC,980745103,432000.0,1708,0.0032849862441201028
SYRE,SPYRE THERA INC,00773J202,432000.0,25799,0.0032849862441201028
STZ,CONSTELLATION BRANDS INC A,21036P108,431000.0,3200,0.003277382109295751
RPM,RPM INTERNATIONAL INC,749685103,431000.0,3656,0.003277382109295751
COTY,COTY INC,222070203,428000.0,105843,0.0032545697048226947
MAN,MANPOWER INC,56418H100,428000.0,11300,0.0032545697048226947
VYX,NCR CORP,62886E108,428000.0,34099,0.0032545697048226947
SBAC,SBA COMMUNICATIONS CORP NEW,78410G104,428000.0,2215,0.0032545697048226947
EWBC,EAST WEST BANCORP INC,27579R104,427000.0,4015,0.003246965569998342
ON,ON SEMICONDUCTOR,682189105,427000.0,8665,0.003246965569998342
WOR,WORTHINGTON INDUSTRIES,981811102,427000.0,7689,0.003246965569998342
VSH,VISHAY INTERTECHNOLOGY INC,928298108,426000.0,27867,0.0032393614351739902
EL,ESTEE LAUDER COMPANIES CL A,518439104,425000.0,4822,0.003231757300349638
VECO,VEECO INSTRUMENTS INC,922417100,425000.0,13954,0.003231757300349638
KSS,KOHLS CORP,500255104,425000.0,27631,0.003231757300349638
TWLO,TWILIO INC,90138F102,424000.0,4238,0.003224153165525286
GPN,GLOBAL PAYMENTS INC,37940X102,424000.0,5099,0.003224153165525286
CCS,CENTURY COMMUNITIES INC,156504300,424000.0,6683,0.003224153165525286
TOL,TOLL BROTHERS INC,889478103,423000.0,3059,0.0032165490307009335
TILE,INTERFACE INC,458665304,422000.0,14565,0.0032089448958765817
EMN,EASTMAN CHEMICAL CO,277432100,422000.0,6688,0.0032089448958765817
BIIB,BIOGEN INC,09062X103,422000.0,3016,0.0032089448958765817
OKTA,OKTA INC,679295105,422000.0,4600,0.0032089448958765817
N/A,APTIV PLC,G3265R107,420000.0,4872,0.0031937366262278777
BFH,BREAD FINANCIAL HOLDINGS INC,018581108,420000.0,7528,0.0031937366262278777
ITT,ITT INC,45073V108,420000.0,2352,0.0031937366262278777
XPO,XPO LOGISTICS INC,983793100,419000.0,3244,0.003186132491403526
NI,NISOURCE INC,65473P105,418000.0,9664,0.003178528356579173
WPC,WP CAREY INC,92936U109,417000.0,6170,0.0031709242217548214
ENTG,ENTEGRIS INC,29362U104,416000.0,4500,0.003163320086930469
HRL,HORMEL FOODS CORP,440452100,416000.0,16798,0.003163320086930469
IT,GARTNER INC CL A,366651107,415000.0,1577,0.0031557159521061174
LTC,LTC PROPERTIES INC,502175102,414000.0,11237,0.0031481118172817656
CPAY,CORPAY INC,219948106,414000.0,1436,0.0031481118172817656
WLY,WILEY (JOHN) & SONS CL A,968223206,413000.0,10211,0.003140507682457413
SPNT,SIRIUSPOINT LTD,G8192H106,413000.0,22837,0.003140507682457413
MBC,MASTERBRAND INC,57638P104,413000.0,31349,0.003140507682457413
TRMB,TRIMBLE NAVIGATION LIMITED,896239100,412000.0,5045,0.003132903547633061
NWBI,NORTHWEST BANCSHARES INC,667340103,412000.0,33280,0.003132903547633061
BEN,FRANKLIN RESOURCES INC,354613101,412000.0,17831,0.003132903547633061
LULU,LULULEMON ATHLETICA,550021109,411000.0,2312,0.0031252994128087084
AMCR,AMCOR PLC,G0250X107,410000.0,50092,0.0031176952779843566
SBH,SALLY BEAUTY HLDG,79546E104,410000.0,25160,0.0031176952779843566
HYG,ISHARES TR,464288513,409000.0,5035,0.0031100911431600044
ENR,ENERGIZER HLDGS INC NEW,29272W109,409000.0,16451,0.0031100911431600044
DRH,DIAMONDROCK HOSPITALITY CO,252784301,409000.0,51342,0.0031100911431600044
LKFN,LAKELAND FINANCIAL CORP,511656100,408000.0,6349,0.0031024870083356526
YETI,YETI HOLDINGS INC,98585X104,408000.0,12285,0.0031024870083356526
GGG,GRACO INC,384109104,408000.0,4801,0.0031024870083356526
DOCU,DOCUSIGN INC,256163106,407000.0,5640,0.003094882873511301
JLL,JONES LANG LASALLE INC,48020Q107,407000.0,1364,0.003094882873511301
STLD,STEEL DYNAMICS INC,858119100,407000.0,2917,0.003094882873511301
CRGY,CRESCENT ENERGY CO. CL A COM,44952J104,407000.0,45619,0.003094882873511301
GSHD,GOOSEHEAD INSURANCE INC COMM,38267D109,406000.0,5452,0.003087278738686948
DT,DYNATRACE HOLDINGS LLC,268150109,406000.0,8375,0.003087278738686948
JBGS,JBG SMITH PROPERTIES,46590V100,405000.0,18212,0.0030796746038625963
CCOI,COGENT COMMUNICATIONS HOLDIN,19239V302,404000.0,10544,0.003072070469038244
PGNY,PROGYNY INC,74340E103,403000.0,18733,0.0030644663342138923
WERN,WERNER ENTERPRISES INC,950755108,402000.0,15258,0.0030568621993895405
ZBH,ZIMMER BIOMET HOLDINGS INC,98956P102,402000.0,4078,0.0030568621993895405
KMX,CARMAX INC,143130102,402000.0,8957,0.0030568621993895405
DV,DOUBLEVERIFY HOLDINGS INC CO,25862V105,401000.0,33472,0.003049258064565188
AIN,ALBANY INTERNATIONAL CORP CL,012348108,401000.0,7523,0.003049258064565188
WT,WISDOMTREE INVESTMENTS INC,97717P104,400000.0,28792,0.0030416539297408356
PKG,PACKAGING CORP OF AMERICA,695156109,400000.0,1837,0.0030416539297408356
DNOW,NOW INC,67011P100,400000.0,26222,0.0030416539297408356
JXC1,ZIFF DAVIS INC,48123V102,398000.0,10443,0.003026445660092132
ARCB,ARCBEST CORP,03937C105,397000.0,5680,0.0030188415252677798
GDDY,GODADDY INC,380237107,397000.0,2902,0.0030188415252677798
DNLI,DENALI THERAPEUTICS INC,24823R105,396000.0,27300,0.0030112373904434275
GPC,GENUINE PARTS,372460105,396000.0,2860,0.0030112373904434275
ENOV,ENOVIS CORP,194014502,395000.0,13018,0.0030036332556190753
KMT,KENNAMETAL INC,489170100,395000.0,18895,0.0030036332556190753
PZZA,PAPA JOHNS INTERNATIONAL INC,698813102,394000.0,8181,0.002996029120794723
GO,GROCERY OUTLET HOLDING CORP,39874R101,393000.0,24464,0.0029884249859703713
WST,WEST PHARMACEUTICAL SERVICES,955306105,391000.0,1490,0.0029732167163216672
FIG,FIGMA INC,316841105,391000.0,7534,0.0029732167163216672
MHK,MOHAWK INDUSTRIES INC,608190104,391000.0,3033,0.0029732167163216672
DLTR,DOLLAR TREE INC,256746108,390000.0,4128,0.002965612581497315
LUV,SOUTHWEST AIRLINES,844741108,389000.0,12198,0.0029580084466729628
LECO,LINCOLN ELECTRIC HOLDINGS IN,533900106,389000.0,1649,0.0029580084466729628
GNL,GLOBAL NET LEASE INC,379378201,388000.0,47729,0.002950404311848611
FN,FABRINET,G3323L100,386000.0,1059,0.0029351960421999065
TTD,THE TRADE DESK,88339J105,386000.0,7884,0.0029351960421999065
FFIV,F5 NETWORKS INC,315616102,384000.0,1187,0.0029199877725512025
CENX,CENTURY ALUMINUM CO,156431108,382000.0,13005,0.0029047795029024984
LVS,LAS VEGAS SANDS CORP,517834107,382000.0,7098,0.0029047795029024984
KEY,KEYCORP,493267108,382000.0,20447,0.0029047795029024984
VCEL,VERICEL CORP,92346J108,381000.0,12105,0.002897175368078146
LNN,LINDSEY CORP,535555106,380000.0,2706,0.002889571233253794
SCI,SERVICE CORP INTL,817565104,379000.0,4558,0.0028819670984294417
HTH,HILLTOP HOLDINGS INC,432748101,378000.0,11306,0.00287436296360509
J,JACOBS SOLUTIONS INC,46982L108,378000.0,2525,0.00287436296360509
TNC,TENNANT CO,880345103,377000.0,4645,0.002866758828780738
PNR,PENTAIR PLC,G7S00T104,377000.0,3401,0.002866758828780738
WSO,WATSCO INC,942622200,377000.0,933,0.002866758828780738
HTO,SJW GROUP COMMON STOCK,784305104,376000.0,7722,0.002859154693956386
SLVM,SYLVAMO CORPORATION COMMON S,871332102,375000.0,8476,0.0028515505591320336
NBIX,NEUROCRINE BIOSCIENCES INC,64125C109,375000.0,2672,0.0028515505591320336
DUOL,DUOLINGO INC,26603R106,374000.0,1161,0.0028439464243076814
DXPE,DXP ENTERPRISES INC,233377407,374000.0,3145,0.0028439464243076814
SNA,SNAP ON INC,833034101,374000.0,1079,0.0028439464243076814
NHC,NATIONAL HEALTHCARE CORPORAT,635906100,374000.0,3082,0.0028439464243076814
JJSF,J & J SNACK FOODS CORP,466032109,373000.0,3880,0.002836342289483329
RGLD,ROYAL GOLD INC,780287108,373000.0,1861,0.002836342289483329
IIPR,INNOVATIVE INDUSTRIAL PROPER,45781V101,373000.0,6954,0.002836342289483329
JBLU,JETBLUE AIRWAYS CORP,477143101,373000.0,75717,0.002836342289483329
AORT,CRYOLIFE INC,228903100,371000.0,8773,0.0028211340198346256
ELME,WASHINGTON REIT,939653101,371000.0,21978,0.0028211340198346256
WY,WEYERHAEUSER CORP,962166104,370000.0,14923,0.0028135298850102733
SUX,SYNNEX CORP,87162W100,370000.0,2261,0.0028135298850102733
UNM,UNUM GROUP,91529Y106,369000.0,4745,0.002805925750185921
STRL,STERLING INFRASTRUCTURE INC,859241101,369000.0,1085,0.002805925750185921
MANH,MANHATTAN ASSOCIATES INC,562750109,367000.0,1788,0.002790717480537217
RNR,RENAISSANCERE HOLDINGS LTD,G7496G103,367000.0,1446,0.002790717480537217
RGA,REINSURANCE GROUP OF AMERICA,759351604,367000.0,1911,0.002790717480537217
WKC,WORLD FUEL SERVICES CORP,981475106,366000.0,14093,0.002783113345712865
BLD,TOPBUILD CORP,89055F103,365000.0,933,0.0027755092108885126
WAT,WATERS CORP,941848103,365000.0,1218,0.0027755092108885126
PLAB,PHOTRONICS INC,719405102,364000.0,15848,0.002767905076064161
MEDP,MEDPACE HOLDINGS INC,58506Q109,364000.0,707,0.002767905076064161
L,LOEW'S CORP,540424108,364000.0,3626,0.002767905076064161
TRUP,TRUPANION INC,898202106,363000.0,8390,0.0027603009412398086
CNC,CENTENE CORP,15135B101,363000.0,10183,0.0027603009412398086
CNMD,CONMED CORP,207410101,362000.0,7706,0.0027526968064154563
TPL,TEXAS PACIFIC LAND CORPORATI,88262P102,362000.0,388,0.0027526968064154563
PRKS,UNITED PARKS & RESORTS INC,81282V100,362000.0,7008,0.0027526968064154563
UFPT,UFP TECHNOLOGIES INC. COMMON,902673102,362000.0,1812,0.0027526968064154563
RIVN,RIVIAN AUTOMOTIVE INC COMMON,76954A103,361000.0,24621,0.0027450926715911045
EVRG,EVERGY INC,30034W106,360000.0,4733,0.0027374885367667523
PFG,PRINCIPAL FINANCIAL GROUP,74251V102,359000.0,4324,0.0027298844019424
GBX,THE GREENBRIER COS INC,393657101,359000.0,7775,0.0027298844019424
CTRA,COTERRA ENERGY INC,127097103,359000.0,15168,0.0027298844019424
BJ,BJ'S WHOLESALE CLUB HLDGS IN,05550J101,359000.0,3852,0.0027298844019424
CPB,CAMPBELL SOUP,134429109,358000.0,11342,0.002722280267118048
EHC,ENCOMPASS HEALTH CORP,29261A100,358000.0,2816,0.002722280267118048
STBA,S&T BANCORP INC,783859101,357000.0,9487,0.002714676132293696
KNTK,KINETIK HOLDINGS INC,02215L209,356000.0,8323,0.0027070719974693442
LNT,ALLIANT ENERGY CORP,018802108,356000.0,5288,0.0027070719974693442
DKS,DICKS SPORTING GOODS INC,253393102,356000.0,1604,0.0027070719974693442
OMCL,OMNICELL INC,68213N109,354000.0,11635,0.0026918637278206398
ESS,ESSEX PROPERTY TRUST INC,297178105,354000.0,1324,0.0026918637278206398
APG,API GROUP CORP,00187Y100,354000.0,10301,0.0026918637278206398
WEN,WENDY'S CO,95058W100,353000.0,38500,0.0026842595929962875
EXPD,EXPEDITORS INTL WASH INC,302130109,353000.0,2881,0.0026842595929962875
LZB,LA-Z-BOY INC,505336107,352000.0,10262,0.0026766554581719353
MD,MEDNAX INC,58502B106,352000.0,21008,0.0026766554581719353
OC,OWENS CORNING NEW,690742101,352000.0,2491,0.0026766554581719353
CRS,CARPENTER TECHNOLOGY,144285103,351000.0,1429,0.0026690513233475835
LII,LENNOX INTERNATIONAL INC,526107107,350000.0,661,0.0026614471885232317
FHN,FIRST HORIZON NATIONAL CORP,320517105,349000.0,15432,0.0026538430536988795
MCX,MCCORMICK & CO,579780206,348000.0,5207,0.0026462389188745272
BHE,BENCHMARK ELECTRONIC INC,08160H101,347000.0,8993,0.002638634784050175
STEL,STELLAR BANCORP INC,858927106,346000.0,11391,0.0026310306492258228
PAYO,PAYONEER GLOBAL INC. COMMON,70451X104,346000.0,57184,0.0026310306492258228
HCI,HCI GROUP INC,40416E103,345000.0,1800,0.002623426514401471
PENG,PENGUIN SOLUTIONS INC,706915105,345000.0,13145,0.002623426514401471
EVR,EVERCORE PARTNERS INC,29977A105,345000.0,1022,0.002623426514401471
NBHC,NATIONAL BANK HOLDININGS COR,633707104,344000.0,8912,0.002615822379577119
SF,STIFEL FINANCIAL CORP,860630102,344000.0,3035,0.002615822379577119
INVH,INVITATION HOMES INC,46187W107,344000.0,11728,0.002615822379577119
UVV,UNIVERSAL CORP VA,913456109,344000.0,6151,0.002615822379577119
FTV,FORTIVE CORP,34959J108,344000.0,7013,0.002615822379577119
ARLO,ARLO TECHNOLOGIES INC,04206A101,343000.0,20222,0.002608218244752767
TRL,DAVITA INC,23918K108,342000.0,2571,0.0026006141099284147
ROL,ROLLINS INC,775711104,340000.0,5788,0.0025854058402797107
HOPE,HOPE BANCORP INC,43940T109,339000.0,31469,0.0025778017054553584
ROG,ROGERS CORP,775133101,338000.0,4199,0.002570197570631006
MTZ,MASTEC INC,576323109,338000.0,1588,0.002570197570631006
NLY,ANNALY CAPITAL MANAGEMENT IN,035710839,338000.0,16710,0.002570197570631006
SFM,SPROUTS FARMERS MARKET INC,85208M102,337000.0,3098,0.0025625934358066544
MCRI,MONARCH CASINO & RESORT INC,609027107,337000.0,3185,0.0025625934358066544
XHR,XENIA HOTELS & RESORTS INC,984017103,337000.0,24560,0.0025625934358066544
MAA,MID AMERICA APT COMMUNITIES,59522J103,336000.0,2408,0.002554989300982302
PEB,PEBBLEBROOK HOTEL TRUST,70509V100,336000.0,29462,0.002554989300982302
DGII,DIGI INTERNATIONAL CORP,253798102,336000.0,9208,0.002554989300982302
GLPI,GAMING & LEISURE PPTYS INC,36467J108,335000.0,7180,0.00254738516615795
BWA,BORGWARNER INC,099724106,335000.0,7619,0.00254738516615795
JNK,SPDR SER TR     T,78468R622,335000.0,3420,0.00254738516615795
CERT,CERTARA INC,15687V109,334000.0,27295,0.002539781031333598
EXEL,EXELIXIS INC,30161Q104,334000.0,8085,0.002539781031333598
CA8A,CACI INTERNATIONAL INC,127190304,333000.0,667,0.002532176896509246
SEM,SELECT MEDICAL HLDGS CORP,81619Q105,332000.0,25876,0.0025245727616848936
MODG,CALLAWAY GOLF CO,131193104,332000.0,34959,0.0025245727616848936
DOW,DOW INC,260557103,332000.0,14490,0.0025245727616848936
ATI,ALLEGHENY TECHNOLOGIES INC,01741R102,332000.0,4079,0.0025245727616848936
RMBS,RAMBUS INC,750917106,332000.0,3188,0.0025245727616848936
STAA,STAAR SURGICAL CO,852312305,332000.0,12374,0.0025245727616848936
MLI,MUELLER INDUSTRIES INC,624756102,331000.0,3278,0.0025169686268605414
OMC,OMNICOM GROUP,681919106,330000.0,4049,0.0025093644920361896
CLH,CLEAN HARBORS INC,184496107,330000.0,1420,0.0025093644920361896
GTY,GETTY REALTY CORP,374297109,330000.0,12304,0.0025093644920361896
ALEX,ALEXANDER & BALDWIN INC,014491104,329000.0,18064,0.002501760357211838
AZTA,AZENTA INC,114340102,327000.0,11403,0.0024865520875631333
ATEN,A10 NETWORKS INC COMMON STOC,002121101,327000.0,17990,0.0024865520875631333
WABC,WESTAMERICA BANCORPORATION,957090103,325000.0,6493,0.002471343817914429
PRG,PROG HOLDINGS INC,74319R101,325000.0,10039,0.002471343817914429
DFIN,DONNELLEY FINL SOLUTIONS INC,25787G100,325000.0,6320,0.002471343817914429
CHRW,C H ROBINSON WORLDWIDE INC,12541W209,325000.0,2451,0.002471343817914429
IFF,INTERNATIONAL FLAVORS,459506101,324000.0,5267,0.002463739683090077
ARI,APOLLO COMMERCIAL REAL ESTAT,03762U105,323000.0,31891,0.0024561355482657253
AYI,ACUITY BRANDS INC,00508Y102,322000.0,936,0.002448531413441373
DY,DYCOM INDUSTRIES INC,267475101,321000.0,1100,0.002440927278617021
CF,CF INDUSTRIES HOLDINGS,125269100,321000.0,3578,0.002440927278617021
LITE,LUMENTUM HLDGS INC,55024U109,321000.0,1971,0.002440927278617021
ANDE,ANDERSONS INC,034164103,321000.0,8060,0.002440927278617021
AAMI,BRIGHTSPHERE INVESTMENT GROU,10948W103,321000.0,6658,0.002440927278617021
TSN,TYSON FOODS INC CL A,902494103,319000.0,5881,0.0024257190089683163
ALLE,ALLEGION PUB LTD CO,G0176J109,317000.0,1787,0.0024105107393196123
TXT,TEXTRON INC,883203101,317000.0,3750,0.0024105107393196123
ANIP,ANI PHARMACEUTICALS INC,00182C103,317000.0,3463,0.0024105107393196123
DECK,DECKERS OUTDOOR CORP,243537107,316000.0,3117,0.0024029066044952605
GEN,NORTONLIFELOCK INC,668771108,316000.0,11137,0.0024029066044952605
CCK,CROWN HOLDINGS INC,228368106,316000.0,3270,0.0024029066044952605
ZBRA,ZEBRA TECHNOLOGIES CORP CL A,989207105,314000.0,1058,0.002387698334846556
TXRH,TEXAS ROADHOUSE INC,882681109,314000.0,1892,0.002387698334846556
MXL,MAXLINEAR INC,57776J100,312000.0,19422,0.002372490065197852
HOLX,HOLOGIC INC,436440101,312000.0,4617,0.002372490065197852
SANA,SANA BIOTECHNOLOGY INC,799566104,312000.0,87870,0.002372490065197852
ALLY,ALLY FINL INC,02005N100,311000.0,7930,0.0023648859303734998
UCTT,ULTRA CLEAN HLDS INC,90385V107,310000.0,11373,0.002357281795549148
DTM,DT MIDSTREAM INC,23345M107,310000.0,2740,0.002357281795549148
RE,EVEREST RE GROUP LTD,G3223R108,310000.0,884,0.002357281795549148
AWI,ARMSTRONG WORLD INDS NEW,04247X102,309000.0,1575,0.0023496776607247957
IDCC,INTERDIGITAL INC,45867G101,309000.0,895,0.0023496776607247957
GME,GAMESTOP CORP CL A,36467W109,309000.0,11313,0.0023496776607247957
CVI,CVR ENERGY INC,12662P108,309000.0,8469,0.0023496776607247957
BALL,BALL CORP,058498106,309000.0,6131,0.0023496776607247957
VRE,VERIS RESIDENTIAL INC,554489104,307000.0,20214,0.0023344693910760917
VRTS,VIRTUS INVESTMENT PARTNERS I,92828Q109,307000.0,1614,0.0023344693910760917
PRA,PROASSURANCE CORP,74267C106,307000.0,12780,0.0023344693910760917
KALU,KAISER ALUMINUM CORP,483007704,307000.0,3985,0.0023344693910760917
MAS,MASCO CORP,574599106,307000.0,4357,0.0023344693910760917
DPZ,DOMINO'S PIZZA INC,25754A201,307000.0,712,0.0023344693910760917
RBC,RBC BEARINGS INC,75524B104,306000.0,785,0.0023268652562517395
KIM,KIMCO REALTY CORP,49446R109,306000.0,13990,0.0023268652562517395
HCSG,HEALTHCARE SERVICES GROUP,421906108,305000.0,18146,0.0023192611214273872
JEF,JEFFERIES FINL GROUP INC,47233W109,305000.0,4655,0.0023192611214273872
BBY,BEST BUY CO INC,086516101,303000.0,4007,0.002304052851778683
LAMR,LAMAR ADVERTISING CO A,512816109,303000.0,2473,0.002304052851778683
UPBD,RENT A CENTER INC,76009N100,302000.0,12761,0.0022964487169543314
CLX,CLOROX CO,189054109,301000.0,2443,0.002288844582129979
GPCR,STRUCTURE THERA INC,86366E106,301000.0,10751,0.002288844582129979
AMH,AMERICAN HOMES 4 RENT,02665T306,301000.0,9050,0.002288844582129979
PRI,PRIMERICA INC,74164M108,301000.0,1085,0.002288844582129979
USPH,US PHYSICAL THERAPY INC,90337L108,300000.0,3526,0.002281240447305627
WBS,WEBSTER FINANCIAL CORP,947890109,298000.0,5016,0.0022660321776569224
LEG,LEGGETT AND PLATT INC,524660107,297000.0,33462,0.0022584280428325706
UAA,UNDER ARMOUR INC CL A,904311107,297000.0,59567,0.0022584280428325706
PCRX,PACIRA BIOSCIENCES INC,695127100,297000.0,11526,0.0022584280428325706
ELS,EQUITY LIFESTYLE PPTYS INC,29472R108,297000.0,4890,0.0022584280428325706
BMRN,BIOMARIN PHARMACEUTICAL INC,09061G101,296000.0,5470,0.002250823908008219
CTS,CTS CORP,126501105,296000.0,7420,0.002250823908008219
PRLB,PROTO LABS INC,743713109,295000.0,5899,0.0022432197731838666
SPXC,SPX TECHNOLOGIES INC,78473E103,295000.0,1577,0.0022432197731838666
HLI,HOULIHAN LOKEY INC,441593100,294000.0,1430,0.0022356156383595144
ASTH,APOLLO MEDICAL COMMON STOCK,03763A207,294000.0,10367,0.0022356156383595144
CNM,CORE & MAIN INC,21874C102,294000.0,5459,0.0022356156383595144
HALO,HALOZYME THERAPEUTICS INC,40637H109,292000.0,3984,0.0022204073687108103
TALO,TALOS ENERGY INC,87484T108,292000.0,30445,0.0022204073687108103
FDP,FRESH DEL MONTE PRODUCE INC,G36738105,290000.0,8363,0.002205199099062106
DCI,DONALDSON CO INC,257651109,289000.0,3533,0.002197594964237754
BLDR,BUILDERS FIRSTSOURCE INC,12008R107,287000.0,2369,0.0021823866945890496
AIT,APPLIED INDUSTRIAL TECHNOLOG,03820C105,287000.0,1098,0.0021823866945890496
VICR,VICOR CORP,925815102,287000.0,5764,0.0021823866945890496
TKO,TKO GROUP HOLDINGS INC,87256C101,287000.0,1421,0.0021823866945890496
AFG,AMERICAN FINANCIAL GROUP INC,025932104,286000.0,1961,0.002174782559764698
BF/B,BROWN FORMAN INC,115637209,286000.0,10563,0.002174782559764698
SATS,ECHOSTAR CORP,278768106,286000.0,3745,0.002174782559764698
LSCC,LATTICE SEMICONDUCTOR CORP,518415104,286000.0,3896,0.002174782559764698
HLIT,HARMONIC INC,413160102,285000.0,28016,0.0021671784249403456
ALV,AUTOLIV INC,052800109,284000.0,2298,0.0021595742901159933
ORI,OLD REPUBLIC INTERNATIONAL C,680223104,284000.0,6693,0.0021595742901159933
FOXA,FOX CORP,35137L105,283000.0,4483,0.002151970155291641
COO,"THE COOPER COMPANIES, INC. C",216648501,282000.0,4117,0.0021443660204672893
ARMK,ARAMARK,03852U106,282000.0,7332,0.0021443660204672893
NEOG,NEOGEN CORP,640491106,282000.0,49348,0.0021443660204672893
CORT,CONCEPT THERAPEUTICS INC,218352102,282000.0,3396,0.0021443660204672893
SSB,SOUTHSTATE BANK CORP,84472E102,281000.0,2846,0.0021367618856429375
WS,WORTHINGTON STEEL INC,982104101,281000.0,9254,0.0021367618856429375
INCY,INCYTE CORP,45337C102,280000.0,3302,0.0021291577508185853
JPX,AEROVIRONMENT INC,008073108,280000.0,889,0.0021291577508185853
DCOM,DIME COMMUNITY BANCSHARES IN,25432X102,280000.0,9371,0.0021291577508185853
HIMS,HIMS & HERS HEALTH INC,433000106,280000.0,4934,0.0021291577508185853
SDGR,SCHRODINGER INC. COMMON STOC,80810D103,279000.0,13904,0.002121553615994233
COLL,COLLEGIUM PHARMACEUTICAL INC,19459J104,279000.0,7965,0.002121553615994233
OVV,OVINTIV INC,69047Q102,277000.0,6850,0.0021063453463455286
UA,UNDER ARMOUR INC,904311206,276000.0,57100,0.0020987412115211768
DOC,HEALTHPEAK PROPERTIES INC,42250P103,276000.0,14395,0.0020987412115211768
TFIN,TRIUMPH BANCORP INC,89679E300,276000.0,5514,0.0020987412115211768
DVAX,DYNAVAX TECHNOLOGIES CORP. C,268158201,275000.0,27726,0.002091137076696825
META,META PLATFORMS INC,30303M102,274000.0,373,0.0020835329418724727
OHI,OMEGA HEALTHCARE INVESTORS,681936100,274000.0,6487,0.0020835329418724727
RL,RALPH LAUREN CORP,751212101,273000.0,870,0.0020759288070481205
WMS,ADVANCED DRAIN SYS INC DEL,00790R104,273000.0,1969,0.0020759288070481205
SAH,SONIC AUTOMOTIVE INC,83545G102,273000.0,3583,0.0020759288070481205
ASTE,ASTEC INDUSTRIES INC,046224101,272000.0,5647,0.0020683246722237683
ACT,ENACT HLDGS INC,29249E109,272000.0,7100,0.0020683246722237683
CNHI,CNH INDUSTRIVAL NV,N20944109,272000.0,25105,0.0020683246722237683
GLOB,GLOBANT S.A.,L44385109,272000.0,4740,0.0020683246722237683
LPG,DORIAN LPG LTD,Y2106R110,271000.0,9081,0.002060720537399416
PEN,PENUMBRA INC,70975L107,271000.0,1070,0.002060720537399416
AMZN,AMAZON.COM INC,023135106,271000.0,1232,0.002060720537399416
ENSG,THE ENSIGN GROUP INC,29358P101,271000.0,1570,0.002060720537399416
QRVO,QORVO INC,74736K101,270000.0,2967,0.0020531164025750642
RRX,REGAL BELOIT CORP,758750103,270000.0,1881,0.0020531164025750642
NYT,NEW YORK TIMES CL A,650111107,270000.0,4706,0.0020531164025750642
AVY,AVERY DENNISON CORP,053611109,268000.0,1651,0.00203790813292636
WTRG,ESSENTIAL UTILITIES INC,29670G102,267000.0,6680,0.002030303998102008
PMT,PENNYMAC MORTGAGE INVESTMENT,70931T103,266000.0,21666,0.0020226998632776557
RRC,RANGE RESOURCES CORP,75281A109,266000.0,7064,0.0020226998632776557
ARE,ALEXANDRIA REAL ESTATE EQUIT,015271109,265000.0,3174,0.002015095728453304
LGIH,LGI HOMES INC,50187T106,265000.0,5127,0.002015095728453304
SHOP,SHOPIFY INC,82509L107,264000.0,1778,0.0020074915936289517
DNA,GINKGO BIOWORKS HOLDINGS INC,37611X209,263000.0,18055,0.0019998874588045995
OGE,OGE ENERGY CORP,670837103,263000.0,5675,0.0019998874588045995
MP,MP MATERIALS CORP,553368101,262000.0,3900,0.0019922833239802477
THRM,GENTHERM INC,37253A103,262000.0,7694,0.0019922833239802477
SAFT,SAFETY INSURANCE GROUP INC,78648T100,262000.0,3705,0.0019922833239802477
LYB,LYONDELLBASELL INDUSTRIES NV,N53745100,261000.0,5326,0.0019846791891558954
AR,ANTERO RESOURCES CORP,03674X106,260000.0,7750,0.001977075054331543
KNSL,KINSALE CAPITAL GROUP INC,49714P108,260000.0,611,0.001977075054331543
PFBC,PREFERRED BANK,740367404,260000.0,2878,0.001977075054331543
WEA,WESTERN ALLIANCE BANCORP,957638109,259000.0,2990,0.0019694709195071914
GTLS,CHART INDUSTRIES INC,16115Q308,259000.0,1294,0.0019694709195071914
CMA,COMERICA INC,200340107,259000.0,3784,0.0019694709195071914
FSS,FEDERAL SIGNAL CORP,313855108,257000.0,2159,0.001954262649858487
NXT,NEXTRACKER INC,65290E101,257000.0,3480,0.001954262649858487
CRI,CARTERS INC,146229109,256000.0,9060,0.001946658515034135
CTRE,CARETRUST REIT INC,14174T107,255000.0,7350,0.001939054380209783
HSII,HEIDRICK & STRUGGLES INTL,422819102,255000.0,5117,0.001939054380209783
NVDA,NVIDIA CORP,67066G104,255000.0,1365,0.001939054380209783
IEX,IDEX CORP,45167R104,254000.0,1560,0.0019314502453854309
NVRI,HARSCO CORP,415864107,254000.0,19989,0.0019314502453854309
EXP,EAGLE MATERIALS INC,26969P108,254000.0,1091,0.0019314502453854309
EIG,EMPLOYERS HOLDINGS INC,292218104,254000.0,5981,0.0019314502453854309
AWM,SKYWORKS SOLUTIONS INC,83088M102,254000.0,3303,0.0019314502453854309
INVA,INNOVIVA INC,45781M101,253000.0,13839,0.0019238461105610788
GIII,G-III APPAREL GROUP LTD,36237H101,252000.0,9456,0.0019162419757367266
SCL,STEPAN CO,858586100,252000.0,5281,0.0019162419757367266
FOXF,FOX FACTORY HOLDING CORP,35138V102,252000.0,10383,0.0019162419757367266
NDSN,NORDSON CORP,655663102,252000.0,1112,0.0019162419757367266
WCC,WESCO INTERNATIONAL INC,95082P105,252000.0,1190,0.0019162419757367266
TTEK,TETRA TECHNOLOGIES INC,88162G103,252000.0,7560,0.0019162419757367266
SEIC,SEI INVESTMENTS CO,784117103,251000.0,2954,0.0019086378409123744
LNC,LINCOLN NATIONAL,534187109,249000.0,6173,0.0018934295712636701
NFLX,NETFLIX INC,64110L106,249000.0,208,0.0018934295712636701
CUBE,CUBESMART,229663109,248000.0,6095,0.0018858254364393183
GL,GLOBE LIFE INC,37959E102,247000.0,1729,0.0018782213016149663
LAD,LITHIA MOTORS INC,536797103,247000.0,781,0.0018782213016149663
EZPW,EZCORP INC,302301106,247000.0,12957,0.0018782213016149663
KW,KENNEDY-WILSON HOLDINGS,489398107,246000.0,29581,0.001870617166790614
AMWD,AMERICAN WOODMARK CORP,030506109,246000.0,3679,0.001870617166790614
UHS,UNIVERSAL HEALTH SERVICES-B,913903100,246000.0,1203,0.001870617166790614
ATR,APTARGROUP INC,038336103,246000.0,1840,0.001870617166790614
SNDR,SCHNEIDER NATIONAL INC,80689H102,246000.0,11611,0.001870617166790614
HST,HOST HOTELS & RESORTS INC,44107P104,245000.0,14415,0.001863013031966262
REG,REGENCY CENTERS CORP,758849103,245000.0,3362,0.001863013031966262
CR,CRANE CO,224408104,245000.0,1332,0.001863013031966262
CSR,CENTERSPACE,15202L107,245000.0,4153,0.001863013031966262
TWO,TWO HARBORS INVESTMENT CORP,90187B804,245000.0,24829,0.001863013031966262
MKTX,MARKETAXESS HOLDINGS INC,57060D108,244000.0,1400,0.0018554088971419098
AMPH,AMPHASTAR PHARMACEUTICALS IN,03209R103,244000.0,9163,0.0018554088971419098
JXN,JACKSON FINANCIAL INC,46817M107,244000.0,2415,0.0018554088971419098
POOL,POOL CORP,73278L105,243000.0,784,0.0018478047623175576
VTRS,VIATRIS INC,92556V106,243000.0,24531,0.0018478047623175576
NEO,NEOGENOMICS INC,64049M209,243000.0,31532,0.0018478047623175576
NET,CLOUDFLARE INC,18915M107,243000.0,1134,0.0018478047623175576
DOCS,DOXIMITY INC,26622P107,243000.0,3320,0.0018478047623175576
FIVE,FIVE BELOW INC,33829M101,243000.0,1571,0.0018478047623175576
CBRL,CRACKER BARREL OLD COUNTRY S,22410J106,243000.0,5515,0.0018478047623175576
ECPG,ENCORE CAPITAL GROUP INC,292554102,242000.0,5803,0.0018402006274932056
AVTR,AVANTOR INC,05352A100,241000.0,19340,0.0018325964926688538
DEA,EASTERLY GOVERNMENT PROPERTI,27616P301,241000.0,10520,0.0018325964926688538
MSEX,MIDDLESEX WATER COMPANY COMM,596680108,240000.0,4430,0.0018249923578445015
CVLT,COMMVAULT SYSTEMS INC,204166102,240000.0,1273,0.0018249923578445015
OSK,OSHKOSH TRUCK CORP,688239201,240000.0,1851,0.0018249923578445015
PLNT,PLANET FITNESS INC,72703H101,240000.0,2310,0.0018249923578445015
NFG,NATIONAL FUEL GAS CO,636180101,239000.0,2592,0.0018173882230201495
AAT,AMERICAN ASSETS TRUST,024013104,239000.0,11741,0.0018173882230201495
BAX,BAXTER INTERNATIONAL INC,071813109,239000.0,10510,0.0018173882230201495
NWSA,NEWS CORP NEW,65249B109,239000.0,7777,0.0018173882230201495
EPC,EDGEWELL PERS CARE CO,28035Q102,238000.0,11701,0.0018097840881957973
NAVI,NAVIENT CORP,63938C108,238000.0,18128,0.0018097840881957973
VMI,VALMONT INDUSTRIES INC,920253101,238000.0,614,0.0018097840881957973
ZION,ZIONS BANCORPORATION,989701107,238000.0,4201,0.0018097840881957973
SJM,SMUCKER J M CO,832696405,238000.0,2194,0.0018097840881957973
SANM,SANMINA CORP,801056102,237000.0,2059,0.0018021799533714453
IART,INTEGRA LIFESCIENCES HLDGS C,457985208,237000.0,16565,0.0018021799533714453
WYNN,WYNN RESORTS LTD,983134107,237000.0,1846,0.0018021799533714453
DASH,DOORDASH INC,25809K105,236000.0,869,0.001794575818547093
HRB,BLOCK H & R,093671105,236000.0,4664,0.001794575818547093
SWK,STANLEY BLACK & DECKER,854502101,236000.0,3170,0.001794575818547093
AL,AIR LEASE CORP,00912X302,236000.0,3700,0.001794575818547093
HRMY,HARMONY BIOSCIENCES HOLDINGS,413197104,236000.0,8556,0.001794575818547093
JAZZ,JAZZ PHARMACEUTICALS PLC,G50871105,236000.0,1788,0.001794575818547093
CZR,CAESARS ENTERTAINMENT INC,12769G100,235000.0,8705,0.0017869716837227412
BRX,BRIXMOR PROPERTY GROUP INC,11120U105,235000.0,8489,0.0017869716837227412
CENTA,CENTRAL GARDEN & PET CO CL A,153527205,235000.0,7971,0.0017869716837227412
AKAM,AKAMAI TECHNOLOGIES INC,00971T101,234000.0,3093,0.001779367548898389
COHU,COHU INC,192576106,234000.0,11499,0.001779367548898389
CPT,CAMDEN PROPERTY TRUST,133131102,234000.0,2193,0.001779367548898389
APOG,APOGEE ENTERPRISES INC,037598109,233000.0,5352,0.001771763414074037
UMBF,UMB FINANCIAL CORP,902788108,232000.0,1961,0.0017641592792496847
PSKY,PARAMOUNT SKYDANCE CORP,69932A204,232000.0,12253,0.0017641592792496847
HLX,HELIX ENERGY SOLUTIONS GROUP,42330P107,232000.0,35308,0.0017641592792496847
HII,HUNTINGTON INGALLS INDS INC,446413106,231000.0,802,0.0017565551444253327
WGO,WINNEBAGO INDUSTRIES INC,974637100,231000.0,6908,0.0017565551444253327
UDR,UDR INC,902653104,231000.0,6196,0.0017565551444253327
CFR,CULLEN FROST BANKERS INC,229899109,230000.0,1817,0.0017489510096009805
R,RYDER SYSTEM,783549108,230000.0,1218,0.0017489510096009805
ZWS,ZURN WATER SOLUTIONS CORP,98983L108,230000.0,4900,0.0017489510096009805
LNW,SCIENTIFIC GAMES CORP A,80874P109,229000.0,2723,0.0017413468747766285
AA,ALCOA CORP      ORP,013872106,229000.0,6960,0.0017413468747766285
FYBR,FRONTIER COMMUNICATIONS PARE,35909D109,229000.0,6125,0.0017413468747766285
ETSY,ETSY INC,29786A106,229000.0,3452,0.0017413468747766285
THS,TREEHOUSE FOODS INC,89469A104,229000.0,11327,0.0017413468747766285
COLB,COLUMBIA BANKING SYSTEM INC,197236102,228000.0,8857,0.0017337427399522767
JBTM,JOHN BEAN TECHNOLOGIES CORP,477839104,228000.0,1624,0.0017337427399522767
REXR,REXFORD INDUSTRIAL REALTY IN,76169C100,228000.0,5535,0.0017337427399522767
EXPI,EXP WORLD HOLDINGS INC COMMO,30212W100,227000.0,21300,0.0017261386051279244
INGR,INGREDION INC,457187102,227000.0,1857,0.0017261386051279244
CELH,CELSIUS HLDGS INC,15118V207,227000.0,3946,0.0017261386051279244
SCSC,SCANSOURCE INC,806037107,227000.0,5157,0.0017261386051279244
CHWY,CHEWY INC,16679L109,226000.0,5580,0.0017185344703035724
AEIS,ADVANCED ENERGY INDUSTRIES I,007973100,226000.0,1331,0.0017185344703035724
TTC,TORO CO,891092108,226000.0,2970,0.0017185344703035724
MOS,MOSIAC CO,61945C103,226000.0,6523,0.0017185344703035724
HQY,HEALTHEQUITY INV,42226A107,225000.0,2375,0.0017109303354792202
MARA,MARATHON DIGITAL HOLDINGS IN,565788106,225000.0,12307,0.0017109303354792202
DAY,CERIDIAN HCM HLDG INC,15677J108,224000.0,3258,0.001703326200654868
JKHY,JACK HENRY & ASSOCIATES INC,426281101,224000.0,1502,0.001703326200654868
UNIT,UNITI GROUP INC,912932100,224000.0,36566,0.001703326200654868
REZI,RESIDEO TECHNOLOGIES INC,76118Y104,224000.0,5191,0.001703326200654868
NWS,NEWS CORP,65249B208,223000.0,6463,0.001695722065830516
CGNX,COGNEX CORP,192422103,223000.0,4932,0.001695722065830516
FBRT,FRANKLIN BSP REALTY TRUST IN,35243J101,223000.0,20562,0.001695722065830516
FDS,FACTSET RESEARCH SYSTEMS INC,303075105,223000.0,780,0.001695722065830516
SAIA,SAIA INC,78709Y105,223000.0,744,0.001695722065830516
NCLH,NORWEGIAN CRUISE LINE HLDGS,G66721104,222000.0,9027,0.0016881179310061637
BLFS,BIOLIFE SOLUTIONS COMMON STO,09062W204,222000.0,8719,0.0016881179310061637
VTOL,BRISTOW GROUP INC,11040G103,222000.0,6148,0.0016881179310061637
BXP,BOSTON PROPERTIES INC,101121101,222000.0,2985,0.0016881179310061637
WF2,WINTRUST FINANCIAL CORP,97650W108,222000.0,1675,0.0016881179310061637
AIZ,ASSURANT INC,04621X108,222000.0,1024,0.0016881179310061637
BFH,BREAD FINANCIAL HOLDINGS INC,018581108,222000.0,3979,0.0016881179310061637
RHI,ROBERT HALF INTL INC,770323103,221000.0,6515,0.001680513796181812
BG,BUNGE GLOBAL SA,H11356104,221000.0,2714,0.001680513796181812
HL,HECLA MNG CO,422704106,221000.0,18286,0.001680513796181812
ALGT,ALLEGIANT TRAVEL CO,01748X102,220000.0,3618,0.0016729096613574599
MOH,MOLINA HEALTHCARE INC,60855R100,219000.0,1143,0.0016653055265331076
CXM,SPRINKLR INC,85208T107,219000.0,28421,0.0016653055265331076
QNST,QUINSTREET INC,74874Q100,219000.0,14145,0.0016653055265331076
REX,REX AMERICAN RESOURCES CORP,761624105,219000.0,7152,0.0016653055265331076
PKN,PERKINELMER INC,714046109,218000.0,2491,0.0016577013917087556
TMHC,TAYLOR MORRISON HOME CORP,87724P106,217000.0,3287,0.0016500972568844034
FND,FLOOR & DECOR HOLDINGS,339750101,217000.0,2950,0.0016500972568844034
WTS,WATTS WATER TECHNOLOGIES INC,942749102,216000.0,775,0.0016424931220600514
FIZZ,NATIONAL BEVERAGE CORP,635017106,216000.0,5848,0.0016424931220600514
DLX,DELUXE CORP,248019101,216000.0,11138,0.0016424931220600514
LRN,STRIDE INC,86333M108,216000.0,1447,0.0016424931220600514
CBSH,COMMERCE BANCSHARES INC,200525103,215000.0,3596,0.0016348889872356991
MOG/A,MOOG INC CL A,615394202,214000.0,1031,0.0016272848524113473
IPG,INTERPUBLIC GROUP COS INC,460690100,214000.0,7677,0.0016272848524113473
LUMN,LUMEN TECHNOLOGIES INC,550241103,214000.0,34959,0.0016272848524113473
EFC,ELLINGTON FINANCIAL INC,28852N109,213000.0,16433,0.0016196807175869951
ADC,AGREE REALTY CORP,008492100,213000.0,2999,0.0016196807175869951
TSA,ACI WORLDWIDE INC,004498101,213000.0,4034,0.0016196807175869951
JBHT,HUNT (JB) TRANSPORT SERVICES,445658107,213000.0,1588,0.0016196807175869951
WING,WINGSTOP INC,974155103,213000.0,845,0.0016196807175869951
MTSI,MACOM TECHNOLOGY SOLUTIONS,55405Y100,212000.0,1704,0.001612076582762643
CWEN/A,CLEARWAY ENERGY INC,18539C105,212000.0,7886,0.001612076582762643
NNN,NATIONAL RETAIL PROPERTIES I,637417106,212000.0,4977,0.001612076582762643
AAL,AMERICAN AIRLS GROUP INC,02376R102,212000.0,18872,0.001612076582762643
IVZ,INVESCO LTD,G491BT108,211000.0,9206,0.0016044724479382909
WH,WYNDHAM HOTELS & RESORTS INC,98311A105,211000.0,2643,0.0016044724479382909
PNW,PINNACLE WEST CAPITAL,723484101,210000.0,2342,0.0015968683131139388
TTMI,TTM TECHNOLOGIES INC,87305R109,210000.0,3640,0.0015968683131139388
HTZ,HERTZ GLOBAL HLDGS INC,42806J700,209000.0,30763,0.0015892641782895866
DINO,HF SINCLAIR CORP,403949100,209000.0,3989,0.0015892641782895866
OLLI,OLLIE'S BARGAIN OUTLET HOLDI,681116109,208000.0,1623,0.0015816600434652346
AMSF,AMERISAFE INC,03071H100,208000.0,4741,0.0015816600434652346
VOYA,VOYA FINL INC,929089100,208000.0,2775,0.0015816600434652346
MASI,MASIMO CORP,574795100,207000.0,1401,0.0015740559086408828
TMP,TOMPKINS FINANCIAL CORP,890110109,207000.0,3127,0.0015740559086408828
GPI,GROUP 1 AUTOMOTIVE INC,398905109,207000.0,472,0.0015740559086408828
IBP,INSTALLED BUILDING PRODUCTS,45780R101,207000.0,838,0.0015740559086408828
SW,SMURFIT WESTROCK PLC,G8267P108,207000.0,4854,0.0015740559086408828
AESI,ATLAS ENERGY SOLUTIONS INC.,642045108,206000.0,18115,0.0015664517738165306
SMP,STANDARD MOTOR PRODUCTS INC,853666105,206000.0,5054,0.0015664517738165306
EMBC,EMBECTA CORP. COMMON STOCK,29082K105,206000.0,14583,0.0015664517738165306
N/A,GOLDEN MOUNTAIN,99VVCMFS2,206000.0,5300,0.0015664517738165306
MTG,MGIC INVESTMENT CORP,552848103,205000.0,7220,0.0015588476389921783
HAS,HASBRO INC,418056107,205000.0,2703,0.0015588476389921783
MUSA,MURPHY USA INC,626755102,205000.0,528,0.0015588476389921783
HFWA,HERITAGE FINANCIAL CORP,42722X106,205000.0,8462,0.0015588476389921783
SLM,SLM CORP,78442P106,204000.0,7363,0.0015512435041678263
SSD,SIMPSON MANUFACTURING CO INC,829073105,204000.0,1221,0.0015512435041678263
CPF,CENTRAL PACIFIC FINANCIAL CO,154760409,204000.0,6718,0.0015512435041678263
CABO,CABLE ONE INC,12685J105,204000.0,1152,0.0015512435041678263
GNRC,GENERAC HOLDINGS INC,368736104,204000.0,1216,0.0015512435041678263
LOPE,GRAND CANYON EDUCATION INC,38526M106,204000.0,928,0.0015512435041678263
PNFP,PINNACLE FINANCIAL PARTNERS,72346Q104,203000.0,2163,0.001543639369343474
SNV,SYNOVUS FINANCIAL CORP,87161C501,203000.0,4126,0.001543639369343474
EGP,EASTGROUP PROPERTIES INC,277276101,203000.0,1202,0.001543639369343474
ATGE,ADTALEM GLOBAL ED INC,00737L103,202000.0,1309,0.001536035234519122
FBIN,FORTUNE BRANDS INNOVATIONS I,34964C106,202000.0,3780,0.001536035234519122
ELAN,ELANCO ANIMAL HEALTH INC,28414H103,202000.0,10028,0.001536035234519122
XNCR,XENCOR INC,98401F105,202000.0,17208,0.001536035234519122
MIDD,MIDDLEBY CORP,596278101,202000.0,1523,0.001536035234519122
TNDM,TANDEM DIABETES CARE INC,875372203,202000.0,16613,0.001536035234519122
G,GENPACT LTD,G3922B107,202000.0,4823,0.001536035234519122
CRUS,CIRRUS LOGIC INC,172755100,201000.0,1608,0.0015284310996947703
TRNO,TERRENO RLTY CORP,88146M101,201000.0,3550,0.0015284310996947703
AMG,AFFILIATED MANAGERS GROUP,008252108,201000.0,841,0.0015284310996947703
PAYC,PAYCOM SOFTWARE INC,70432V102,201000.0,967,0.0015284310996947703
PAHC,PHIBRO ANIMAL HEALTH CORP,71742Q106,201000.0,4972,0.0015284310996947703
ACI,ALBERTSONS COS INC,013091103,200000.0,11400,0.0015208269648704178
PDFS,PDF SOLUTIONS INC,693282105,200000.0,7750,0.0015208269648704178
ITRI,ITRON INC,465741106,200000.0,1607,0.0015208269648704178
SBSI,SOUTHSIDE BANCSHARES INC,84470P109,200000.0,7076,0.0015208269648704178
ESI,ELEMENT SOLUTIONS INC,28618M106,199000.0,7900,0.001513222830046066
CMC,COMMERCIAL METALS CO,201723103,198000.0,3448,0.0015056186952217138
AHCO,ADAPTHEALTH CORP,00653Q102,198000.0,22103,0.0015056186952217138
ARW,ARROW ELECTRONICS INC,042735100,198000.0,1638,0.0015056186952217138
EAT,BRINKER INTERNATIONAL INC,109641100,198000.0,1562,0.0015056186952217138
FLS,FLOWSERVE CORP,34354P105,197000.0,3700,0.0014980145603973615
TFX,TELEFLEX INC,879369106,197000.0,1613,0.0014980145603973615
EXLS,EXLSERVICE HOLDINGS,302081104,196000.0,4455,0.0014904104255730095
UGI,UGI CORP,902681105,196000.0,5893,0.0014904104255730095
ALB,ALBERMARLE CORP,012653101,196000.0,2422,0.0014904104255730095
COKE,COCA-COLA BOTTLING CO,191098102,196000.0,1670,0.0014904104255730095
FTDR,FRONTDOOR INC,35905A109,195000.0,2903,0.0014828062907486575
UTL,UNITIL CORP,913259107,195000.0,4075,0.0014828062907486575
ESE,ESCO TECHNOLOGIES INC,296315104,194000.0,921,0.0014752021559243055
GMED,GLOBUS MEDICAL INC,379577208,194000.0,3386,0.0014752021559243055
VNOM,VIPER ENERGY INC,64361Q101,194000.0,5076,0.0014752021559243055
RGEN,REPLIGEN CORP,759916109,194000.0,1451,0.0014752021559243055
ESNT,ESSENT GROUP LIMITED COMMON,G3198U102,194000.0,3059,0.0014752021559243055
FR,FIRST INDUSTRIAL REALTY TRUS,32054K103,193000.0,3748,0.0014675980210999532
CFFN,CCFNB BANCORP INC,14057J101,193000.0,30352,0.0014675980210999532
ANGI,ANGI INC,00183L201,193000.0,11866,0.0014675980210999532
LPX,LOUISIANA PACIFIC,546347105,193000.0,2171,0.0014675980210999532
PRSU,VIAD CORP,92552R406,193000.0,5331,0.0014675980210999532
EPRT,ESSENTIAL PROPERTIES REALTY,29670E107,193000.0,6481,0.0014675980210999532
AWG,ASBURY AUTOMOTIVE GROUP INC,043436104,192000.0,786,0.0014599938862756012
CADE,CADEENCE BANK,12740C103,192000.0,5120,0.0014599938862756012
RCUS,ARCUS BIOSCIENCES INC. COMMO,03969F109,192000.0,14100,0.0014599938862756012
SOLV,SOLVENTUM CORP,83444M101,192000.0,2635,0.0014599938862756012
AES,AES CORP,00130H105,192000.0,14617,0.0014599938862756012
MKSI,MKS INSTRUMENTS INC,55306N104,191000.0,1546,0.0014523897514512492
GNTX,GENTEX CORP,371901109,190000.0,6697,0.001444785616626897
FAF,FIRST AMERICAN FINANCIAL COR,31847R102,190000.0,2965,0.001444785616626897
FTRE,FORTREA HOLDINGS INC,34965K107,190000.0,22558,0.001444785616626897
H,HYATT HOTELS CORP,448579102,190000.0,1340,0.001444785616626897
KBR,KBR INC,48242W106,189000.0,3987,0.001437181481802545
VNT,VONTIER CORP,928881101,189000.0,4498,0.001437181481802545
MTH,MERITAGE HOMES CORP,59001A102,188000.0,2602,0.001429577346978193
AGCO,AGCO CORP,001084102,188000.0,1758,0.001429577346978193
MATW,MATTHEWS INTERNATIONAL CORP,577128101,188000.0,7739,0.001429577346978193
XPEL,XPEL INCORPORATION COMMON ST,98379L100,187000.0,5655,0.0014219732121538407
IDA,IDACORP INC,451107106,187000.0,1414,0.0014219732121538407
MLKN,MILLERKNOLL INC,600544100,187000.0,10528,0.0014219732121538407
CNXN,PC CONNECTION INC,69318J100,186000.0,3000,0.0014143690773294887
BMI,BADGER METER INC,056525108,186000.0,1041,0.0014143690773294887
CHE,CHEMED CORP,16359R103,186000.0,416,0.0014143690773294887
IIIN,INSTEEL INDUSTRIES INC,45774W108,185000.0,4834,0.0014067649425051367
APA,APA CORP,03743Q108,185000.0,7607,0.0014067649425051367
AMN,AMN HEALTHCARE SERVICES INC,001744101,185000.0,9580,0.0014067649425051367
RHP,RYMAN HOSPITALITY PPTYS INC,78377T107,184000.0,2050,0.0013991608076807844
HAFC,HANMI FINANCIAL CORP,410495204,184000.0,7443,0.0013991608076807844
AM,ANTERO MIDSTREAM CORP,03676B102,184000.0,9490,0.0013991608076807844
DFH,DREAM FINDERS HOMES INC COMM,26154D100,184000.0,7112,0.0013991608076807844
SEE,SEALED AIR CORP,81211K100,183000.0,5179,0.0013915566728564324
ELF,E.L.F BEAUTY INC,26856L103,183000.0,1383,0.0013915566728564324
ONTO,ONTO INNOVATION INC,683344105,183000.0,1419,0.0013915566728564324
PCTY,PAYLOCITY HOLDING CORP,70438V106,183000.0,1147,0.0013915566728564324
THG,HANOVER INSURANCE GROUP INC,410867105,183000.0,1009,0.0013915566728564324
LFUS,LITTELFUSE INC,537008104,183000.0,706,0.0013915566728564324
VNO,VORNADO REALTY TRUST,929042109,182000.0,4497,0.0013839525380320804
MTCH,MATCH GROUP INC NEW,57667L107,182000.0,5154,0.0013839525380320804
RWT,REDWOOD TRUST INC,758075402,182000.0,31500,0.0013839525380320804
CLF,CLEVELAND-CLIFFS INC,185899101,182000.0,14931,0.0013839525380320804
VSTS,VESTIS CORP,29430C102,181000.0,39953,0.0013763484032077282
CNX,CNX RESOURCES CORPORATION,12653C108,181000.0,5643,0.0013763484032077282
STAG,STAG INDL INC,85254J102,181000.0,5120,0.0013763484032077282
AFW,ALIGN TECHNOLOGY INC,016255101,181000.0,1446,0.0013763484032077282
TECH,BIO-TECHNE CORP,09073M104,181000.0,3257,0.0013763484032077282
BDN,BRANDYWINE REALTY TRUST,105368203,180000.0,43116,0.0013687442683833762
KNX,KNIGHT-SWIFT TRANSPORTATION,499049104,180000.0,4555,0.0013687442683833762
RGR,STURM RUGER & CO INC,864159108,180000.0,4146,0.0013687442683833762
MMI,MARCUS & MILLICHAP INC,566324109,179000.0,6100,0.001361140133559024
AOS,A O SMITH,831865209,179000.0,2433,0.001361140133559024
MRNA,MODERNA INC,60770K107,179000.0,6948,0.001361140133559024
CHDN,CHURCHILL DOWNS INC,171484108,178000.0,1836,0.0013535359987346721
NXRT,NEXPOINT RESIDENTIAL TRUST I,65341D102,178000.0,5529,0.0013535359987346721
ON1,OLD NATIONAL BANCORP,680033107,178000.0,8125,0.0013535359987346721
ALKS,ALKERMES PLC,G01767105,177000.0,5900,0.0013459318639103199
GXO,GXO LOGISTICS INC,36262G101,177000.0,3347,0.0013459318639103199
CARS,CARS.COM INC,14575E105,176000.0,14374,0.0013383277290859676
BOOT,BOOT BARN HOLDINGS INC,099406100,176000.0,1061,0.0013383277290859676
EPAM,EPAM SYSTEMS INC,29414B104,176000.0,1166,0.0013383277290859676
CART,MAPLEBEAR INC,565394103,176000.0,4800,0.0013383277290859676
AXTA,AXALTA COATING SYSTEMS LIMIT,G0750C108,176000.0,6135,0.0013383277290859676
MSA,MSA SAFETY INC,553498106,176000.0,1021,0.0013383277290859676
OLED,UNIVERSAL DISPLAY CORP,91347P105,176000.0,1226,0.0013383277290859676
AXL,AMERICAN AXLE & MANUFACTURE,024061103,176000.0,29316,0.0013383277290859676
PR,PERMIAN RESOURCES CORP,71424F105,175000.0,13660,0.0013307235942616158
VFC,VF CORP,918204108,175000.0,12147,0.0013307235942616158
ALK,ALASKA AIR GROUP INC,011659109,175000.0,3519,0.0013307235942616158
TR,TOOTSIE ROLL INDUSTRIES,890516107,175000.0,4164,0.0013307235942616158
GTES,GATES INDL CORP PLC,G39108108,174000.0,7000,0.0013231194594372636
RDN,RADIAN GROUP INC,750236101,174000.0,4807,0.0013231194594372636
GATX,GATX CORP,361448103,174000.0,994,0.0013231194594372636
RBLX,ROBLOX CORPORATION CL A,771049103,174000.0,1259,0.0013231194594372636
WEX,WEX INC,96208T104,174000.0,1106,0.0013231194594372636
CAG,CONAGRA BRANDS INC,205887102,174000.0,9487,0.0013231194594372636
DBX,DROPBOX INC,26210C104,173000.0,5740,0.0013155153246129114
BCPC,BALCHEM CORP,057665200,172000.0,1143,0.0013079111897885596
GVA,GRANITE CONSTRUCTION INC,387328107,172000.0,1569,0.0013079111897885596
LEA,LEAR CORP,521865204,172000.0,1708,0.0013079111897885596
GPK,GRAPHIC PACKAGING HOLDING CO,388689101,172000.0,8800,0.0013079111897885596
TRST,TRUSTCO BANK CORP,898349204,172000.0,4736,0.0013079111897885596
POST,POST HOLDINGS INC,737446104,172000.0,1596,0.0013079111897885596
SXC,SUNCOKE ENERGY INC,86722A103,172000.0,21120,0.0013079111897885596
ARR,ARMOUR RESIDENTIAL REIT INC,042315705,171000.0,11417,0.0013003070549642073
LW,LAMB WESTON HOLDINGS INC,513272104,171000.0,2939,0.0013003070549642073
WFRD,WEATHERFORD INTL PLC,G48833118,171000.0,2500,0.0013003070549642073
KD,KYNDRYL HOLDINGS INC,50155Q100,171000.0,5680,0.0013003070549642073
SITM,SITIME CORP,82982T106,170000.0,563,0.0012927029201398553
FCFS,FIRSTCASH HOLDINGS INC,33768G107,170000.0,1075,0.0012927029201398553
CHRD,CHORD ENERGY CORPORATION,674215207,170000.0,1711,0.0012927029201398553
CVCO,COASTAL BANKING CO INC,149568107,170000.0,293,0.0012927029201398553
ABCB,AMERIS BANCORP,03076K108,170000.0,2323,0.0012927029201398553
PB,PROSPERITY BANCSHARES INC,743606105,170000.0,2557,0.0012927029201398553
MAT,MATTEL INC,577081102,170000.0,10115,0.0012927029201398553
SMTC,SEMTECH CORP,816850101,169000.0,2364,0.001285098785315503
BJRI,BJ'S RESTAURANTS INC,09180C106,169000.0,5529,0.001285098785315503
HSIC,HENRY SCHEIN INC,806407102,169000.0,2546,0.001285098785315503
MORN,MORNINGSTAR INC,617700109,169000.0,730,0.001285098785315503
JHG,JANUS HENDERSON GROUP PLC,G4474Y214,169000.0,3795,0.001285098785315503
AOSL,ALPHA & OMEGA SEMICONDUCTOR,G6331P104,169000.0,6036,0.001285098785315503
MMSI,MERIT MEDICAL SYSTEMS INC,589889104,168000.0,2021,0.001277494650491151
ENPH,ENPHASE ENERGY INC,29355A107,167000.0,4711,0.001269890515666799
NPO,ENPRO INDUSTRIES INC,29355X107,167000.0,739,0.001269890515666799
STWD,STARWOOD PPTY TR INC,85571B105,167000.0,8596,0.001269890515666799
AAON,AAON INC,000360206,166000.0,1772,0.0012622863808424468
ETD,ETHAN ALLEN INTERIORS INC,297602104,166000.0,5632,0.0012622863808424468
RC,READY CAPITAL CORP,75574U101,165000.0,42557,0.0012546822460180948
BOX,BOX INC,10316T104,165000.0,5100,0.0012546822460180948
LKQ1,LKQ CORP,501889208,164000.0,5365,0.0012470781111937428
CRL,CHARLES RIVER LABORATORIES,159864107,164000.0,1050,0.0012470781111937428
MYGN,MYRIAD GENETICS INC,62855J104,164000.0,22684,0.0012470781111937428
TGTX,TG THERAPEUTICS INC,88322Q108,164000.0,4550,0.0012470781111937428
CE,CELANESE CORP DEL,150870103,163000.0,3862,0.0012394739763693906
ERIE,ERIE INDEMNITY CO,29530P102,163000.0,513,0.0012394739763693906
MTN,VAIL RESORTS INC,91879Q109,163000.0,1090,0.0012394739763693906
OZK,BANK OZK,06417N103,163000.0,3196,0.0012394739763693906
THO,THOR INDUSTRIES INC,885160101,162000.0,1558,0.0012318698415450385
NXST,NEXSTAR MEDIA GROUP INC COMM,65336K103,162000.0,820,0.0012318698415450385
UFCS,UNITED FIRE GROUP INC,910340108,162000.0,5325,0.0012318698415450385
TREX,TREX CO INC,89531P105,162000.0,3131,0.0012318698415450385
SCHL,SCHOLASTIC CORP,807066105,161000.0,5881,0.0012242657067206865
ACA,ARCOSA INC,039653100,161000.0,1721,0.0012242657067206865
KRYS,KRYSTAL BIOTECH INC,501147102,161000.0,910,0.0012242657067206865
AUB,ATLANTIC UNION BANKSHARES CO,04911A107,161000.0,4564,0.0012242657067206865
FRT,FEDERAL REALTY INVESTMENT TR,313745101,161000.0,1589,0.0012242657067206865
TAP,MOLSON COORS BREWING CO CL B,60871R209,161000.0,3552,0.0012242657067206865
BBWI,BATH & BODY WORKS INC,070830104,161000.0,6246,0.0012242657067206865
FLR,FLUOR CORP,343412102,161000.0,3828,0.0012242657067206865
AN,AUTONATION INC,05329W102,161000.0,736,0.0012242657067206865
SAIC,SCIENCE APPLICATIONS INTL,808625107,160000.0,1609,0.0012166615718963343
MGY,MAGNOLIA OIL & GAS CORP,559663109,160000.0,6685,0.0012166615718963343
BB4,AXOS FINANCIAL INC,05465C100,160000.0,1895,0.0012166615718963343
NEU,NEWMARKET CORP,651587107,160000.0,193,0.0012166615718963343
BCO,BRINK'S CO (THE),109696104,159000.0,1361,0.0012090574370719823
RYAN,RYAN SPECIALTY HOLDINGS INC,78351F107,159000.0,2830,0.0012090574370719823
HR,HEALTHCARE REALTY TRUST INC,42226K105,159000.0,8830,0.0012090574370719823
SIG,SIGNET JEWELERS LIMITED COMM,G81276100,159000.0,1656,0.0012090574370719823
MGM,MGM RESORTS INTERNATIONAL,552953101,159000.0,4587,0.0012090574370719823
FNB,F.N.B. CORP,302520101,159000.0,9887,0.0012090574370719823
HLNE,HAMILTON LANE INC,407497106,158000.0,1170,0.0012014533022476302
KBH,KB HOME,48666K109,158000.0,2477,0.0012014533022476302
FCN,FTI CONSUTLTING INC,302941109,158000.0,976,0.0012014533022476302
MRCY,MERCURY COMPUTER SYSTEMS,589378108,158000.0,2040,0.0012014533022476302
APPF,APPFOLIO INC,03783C100,157000.0,570,0.001193849167423278
MMS,MAXIMUS INC,577933104,157000.0,1721,0.001193849167423278
MC,MOELIS  CO,60786M105,157000.0,2200,0.001193849167423278
DORM,DORMAN PRODUCTS INC,258278100,157000.0,1007,0.001193849167423278
SABR,SABR CORP,78573M104,157000.0,85780,0.001193849167423278
NYMT,NEW YORK MORTGAGE TRUST INC,649604840,157000.0,22578,0.001193849167423278
LQDT,LIQUIDITY SERVICES INC,53635B107,156000.0,5672,0.001186245032598926
PIPR,PIPER JAFFRAY COS,724078100,155000.0,447,0.001178640897774574
UFPI,UFP INDUSTRIES INC,90278Q108,155000.0,1653,0.001178640897774574
FOX,FOX CORP,35137L204,155000.0,2710,0.001178640897774574
AL21,ALLSCRIPTS HEALTHCARE SOLUTI,01988P108,154000.0,32030,0.0011710367629502217
INVX,INNOVEX INTERNATIONAL INC,457651107,154000.0,8302,0.0011710367629502217
ECG,EVERUS CONSTRUCTION GROUP IN,300426103,154000.0,1797,0.0011710367629502217
HSTM,HEALTHSTREAM INC,42222N103,154000.0,5441,0.0011710367629502217
SHEN,SHENANDOAH TELECOMMUNICATION,82312B106,154000.0,11440,0.0011710367629502217
HOMB,HOME BANCSHARES INC,436893200,154000.0,5446,0.0011710367629502217
EGBN,EAGLE BANCORP INC,268948106,153000.0,7580,0.0011634326281258697
BUWA,BIO RAD LABS INC,090572207,153000.0,544,0.0011634326281258697
MRTN,MARTEN TRANSPORT LTD,573075108,153000.0,14396,0.0011634326281258697
URBN,URBAN OUTFITTERS INC,917047102,153000.0,2145,0.0011634326281258697
BILL,BILL.COM HOLDINGS INC,090043100,153000.0,2890,0.0011634326281258697
HWC,HANCOCK HOLDING CO,410120109,152000.0,2430,0.0011558284933015175
GBCI,GLACIER BANCORP INC,37637Q105,152000.0,3119,0.0011558284933015175
MTUS,TIMKENSTEEL CORP,887399103,152000.0,9206,0.0011558284933015175
BYD,BOYD GAMING CORP,103304101,152000.0,1764,0.0011558284933015175
PRAA,PRA GROUP INC COM,69354N106,152000.0,9847,0.0011558284933015175
ACHC,ACADIA HLTHCARE CO,00404A109,151000.0,6100,0.0011482243584771657
HXL,HEXCEL CORP,428291108,151000.0,2402,0.0011482243584771657
CAVA,CAVA GROUP INC,148929102,151000.0,2500,0.0011482243584771657
CLSK,CLEANSPARK INC,18452B209,151000.0,10400,0.0011482243584771657
MIR,MIRION TECHNOLOGIES INC,60471A101,151000.0,6503,0.0011482243584771657
TBBK,BANCORP INC DEL,05969A105,151000.0,2013,0.0011482243584771657
MLI,MUELLER INDUSTRIES INC,624756102,150000.0,1480,0.0011406202236528135
BDC,BELDEN INC,077454106,150000.0,1248,0.0011406202236528135
PEGA,PEGASYSTEMS INC,705573103,150000.0,2600,0.0011406202236528135
RAL,RALLIANT CORP,750940108,150000.0,3437,0.0011406202236528135
CRCL,CIRCLE INTERNET GROUP INC,172573107,149000.0,1122,0.0011330160888284612
INN,SUMMIT HOTEL PROPERTIES INC,866082100,149000.0,27212,0.0011330160888284612
EMN,EASTMAN CHEMICAL CO,277432100,149000.0,2369,0.0011330160888284612
CNR,CORE NATURAL RESOURCES INC,218937100,149000.0,1783,0.0011330160888284612
HRL,HORMEL FOODS CORP,440452100,148000.0,5994,0.0011254119540041094
FMC,FMC CORP,302491303,148000.0,4395,0.0011254119540041094
FBP,FIRST BANCORP,318672706,148000.0,6698,0.0011254119540041094
RLI,RLI CORP,749607107,148000.0,2276,0.0011254119540041094
SKYW,SKYWEST INC,830879102,148000.0,1472,0.0011254119540041094
MSGS,MADISON SQUARE GARDEN CO NEW,55825T103,148000.0,650,0.0011254119540041094
NOV,NOV INC,62955J103,148000.0,11137,0.0011254119540041094
JBSS,JOHN B SANFILIPPO & SON INC,800422107,147000.0,2291,0.0011178078191797572
BEN,FRANKLIN RESOURCES INC,354613101,147000.0,6376,0.0011178078191797572
WD5A,TRAVEL LEISURE CO,894164102,147000.0,2475,0.0011178078191797572
CROX,CROCS INC,227046109,147000.0,1762,0.0011178078191797572
PI,IMPINJ INC,453204109,145000.0,800,0.001102599549531053
HELE,HELEN OF TROY LTD,G4388N106,145000.0,5747,0.001102599549531053
QTWO,Q2 HOLDINGS INC,74736L109,144000.0,1983,0.001094995414706701
CLB,CORE LABORATORIES LUXEMBOURG,21867A105,144000.0,11687,0.001094995414706701
TKR,TIMKEN CO,887389104,144000.0,1914,0.001094995414706701
FOUR,SHIFT4 PMTS INC,82452J109,144000.0,1860,0.001094995414706701
NPK,NATIONAL PRESTO INDUSTRIES,637215104,144000.0,1280,0.001094995414706701
ESAB,ESAB CORP,29605J106,143000.0,1284,0.001087391279882349
CEVA,CEVA INC,157210105,143000.0,5419,0.001087391279882349
KEX,KIRBY CORP,497266106,143000.0,1710,0.001087391279882349
MWA,MUELLER WATER PRODUCTS INC,624758108,143000.0,5600,0.001087391279882349
AVT,AVNET INC,053807103,143000.0,2727,0.001087391279882349
MHO,M/I HOMES INC,55305B101,143000.0,988,0.001087391279882349
PLXS,PLEXUS CORP,729132100,143000.0,986,0.001087391279882349
SLG,SL GREEN REALTY CORP,78440X887,143000.0,2398,0.001087391279882349
GNW,GENWORTH FINANCIAL INC CL A,37247D106,142000.0,15998,0.0010797871450579967
MTDR,MATADOR RESOURCES CO,576485205,142000.0,3153,0.0010797871450579967
UBSI,UNITED BANKSHARES INC,909907107,142000.0,3810,0.0010797871450579967
KMX,CARMAX INC,143130102,142000.0,3173,0.0010797871450579967
PJT,PJT PARTNERS INC,69343T107,142000.0,800,0.0010797871450579967
MRP,MILLROSE PROPERTIES INC,601137102,142000.0,4213,0.0010797871450579967
WSC,WILLSCOT MOBILE MINI HOLDING,971378104,141000.0,6700,0.0010721830102336447
DAR,DARLING INGREDIENTS INC.,237266101,141000.0,4556,0.0010721830102336447
OXM,OXFORD INDUSTRIES INC,691497309,141000.0,3470,0.0010721830102336447
OSIS,OSI SYSTEMS INC,671044105,141000.0,564,0.0010721830102336447
TDS,TELEPHONE & DATA SYS INC,879433829,140000.0,3567,0.0010645788754092926
ICHR,ICHOR HOLDINGS LTD,G4740B105,140000.0,8000,0.0010645788754092926
KTB,KONTOOR BRANDS INC,50050N103,140000.0,1755,0.0010645788754092926
SAFE,SAFEHOLD INC,78646V107,140000.0,9047,0.0010645788754092926
RXRX,RECURSION PHARMACEUTICALS IN,75629V104,140000.0,28618,0.0010645788754092926
SFBS,SERVISFIRST BANCSHARES INC,81768T108,140000.0,1741,0.0010645788754092926
SKY,SKYLINE CORP,830830105,140000.0,1830,0.0010645788754092926
KOP,KOPPERS HOLDINGS INC,50060P106,140000.0,4986,0.0010645788754092926
CSW,CSW INDUSTRIALS INC,126402106,140000.0,575,0.0010645788754092926
SXT,SENSIENT TECHNOLOGIES CORP,81725T100,139000.0,1484,0.0010569747405849404
SNEX,STONEX GROUP INC,861896108,139000.0,1378,0.0010569747405849404
CYTK,CYTOKINETICS INC,23282W605,139000.0,2534,0.0010569747405849404
NABL,N-ABLE INC. COMMON STOCK,62878D100,139000.0,17801,0.0010569747405849404
SIGI,SELECTIVE INSURANCE GROUP,816300107,138000.0,1700,0.0010493706057605884
GKOS,GLAUKOS CORP,377322102,138000.0,1696,0.0010493706057605884
SWX,SOUTHWEST GAS CORP,844895102,138000.0,1760,0.0010493706057605884
MHK,MOHAWK INDUSTRIES INC,608190104,138000.0,1074,0.0010493706057605884
MAC,MACERICH CO,554382101,138000.0,7600,0.0010493706057605884
KRG,KITE REALTY GROUP TRUST,49803T300,138000.0,6210,0.0010493706057605884
GHC,GRAHAM HOLDINGS CO,384637104,137000.0,116,0.0010417664709362364
PECO,PHILLIPS EDISON & CO INC,71844V201,137000.0,4000,0.0010417664709362364
WMG,WARNER MUSIC GROUP CORP,934550203,137000.0,4010,0.0010417664709362364
AHH,AMANDA HOFFLER PROPERTIES IN,04208T108,137000.0,19573,0.0010417664709362364
BC,BRUNSWICK CORP,117043109,137000.0,2172,0.0010417664709362364
WSR,WHITESTONE REIT,966084204,137000.0,11136,0.0010417664709362364
BRBR,BELLRING DISTRIBUTION,07831C103,137000.0,3770,0.0010417664709362364
BLMN,BLOOMIN BRANDS INC,094235108,136000.0,18901,0.0010341623361118841
M,MACY'S INC,55616P104,136000.0,7596,0.0010341623361118841
TXNM,PNM RESOURCES INC,69349H107,136000.0,2406,0.0010341623361118841
KFY,KORN/FERRY INTERNATIONAL,500643200,136000.0,1944,0.0010341623361118841
NX,QUANEX BLDG PRODS CORP,747619104,136000.0,9569,0.0010341623361118841
ASO,ACADEMY SPORTS & OUTDOORS IN,00402L107,135000.0,2706,0.0010265582012875321
BGC,BGC GROUP INC,088929104,135000.0,14300,0.0010265582012875321
SPSC,SPS COMMERCE,78463M107,134000.0,1282,0.00101895406646318
AVNS,AVANOS MED INC,05350V106,133000.0,11476,0.0010113499316388279
CRC,CALIFORNIA RES CORP,13057Q305,133000.0,2500,0.0010113499316388279
PTGX,PROTAGONIST THERAPEUTICS INC,74366E102,133000.0,2000,0.0010113499316388279
AWN,ADVANCE AUTO PARTS,00751Y106,133000.0,2172,0.0010113499316388279
MNRO,MONRO MUFFLER BRAKE INC,610236101,133000.0,7406,0.0010113499316388279
RDNT,RADNET INC,750491102,132000.0,1735,0.0010037457968144758
AGO,ASSURED GUARANTY LTD. COMMON,G0585R106,132000.0,1565,0.0010037457968144758
FELE,FRANKLIN ELECTRIC CO INC,353514102,132000.0,1384,0.0010037457968144758
FWRD,FORWARD AIR CORP,34986A104,132000.0,5149,0.0010037457968144758
TMDX,TRANSMEDICS GROUP INC,89377M109,131000.0,1170,0.0009961416619901238
ENS,ENERSYS,29275Y102,131000.0,1157,0.0009961416619901238
WRLD,WORLD ACCEPTANCE CORP,981419104,131000.0,777,0.0009961416619901238
CNO,CNO FINANCIAL GROUP,12621E103,131000.0,3303,0.0009961416619901238
NJR,NEW JERSEY RESOURCES CORP,646025106,130000.0,2703,0.0009885375271657716
RUN,SUNRUN INC,86771W105,130000.0,7508,0.0009885375271657716
BRC,BRADY CORP,104674106,130000.0,1662,0.0009885375271657716
QLYS,QUALYS INC,74758T303,129000.0,973,0.0009809333923414196
ARWR,ARROWHEAD PHARMACEUTICALS IN,04280A100,129000.0,3747,0.0009809333923414196
ROIV,ROIVANT SCIENCES LTD,G76279101,129000.0,8540,0.0009809333923414196
ASIX,ADVANSIX INC,00773T101,128000.0,6627,0.0009733292575170674
CPB,CAMPBELL SOUP,134429109,128000.0,4050,0.0009733292575170674
SLAB,SILICON LABORATORIES INC,826919102,128000.0,979,0.0009733292575170674
SSTK,SHUTTERSTOCK INC,825690100,128000.0,6135,0.0009733292575170674
GFF,GRIFFON CORP,398433102,128000.0,1686,0.0009733292575170674
GAP,GAP (THE),364760108,128000.0,6007,0.0009733292575170674
GOGO,GOGO INC COMMON STOCK,38046C109,128000.0,14874,0.0009733292575170674
MDU,MDU RESOURCES GROUP INC,552690109,128000.0,7190,0.0009733292575170674
KREF,KKR REAL ESTATE FINANCE TRUS,48251K100,128000.0,14190,0.0009733292575170674
LSTR,LANDSTAR SYSTEM INC,515098101,127000.0,1037,0.0009657251226927154
FHI,FEDERATED INVESTORS INC CL B,314211103,127000.0,2443,0.0009657251226927154
CALM,CAL-MAINE FOODS INC,128030202,127000.0,1351,0.0009657251226927154
SKT,TANGER FACTORY OUTLET CENTER,875465106,126000.0,3719,0.0009581209878683633
ST,SENSATA TECHNOLOGIES HOLDING,G8060N102,126000.0,4140,0.0009581209878683633
CATY,CATHAY GENERAL BANCORP,149150104,126000.0,2632,0.0009581209878683633
MSM,MSC INDUSTRIAL DIRECT CO A,553530106,126000.0,1363,0.0009581209878683633
KRC,KILROY REALTY CORP,49427F108,126000.0,2983,0.0009581209878683633
AROC,ARCHROCK INC,03957W106,125000.0,4769,0.0009505168530440112
PLAY,DAVE & BUSTERS ENTERTAINMENT,238337109,125000.0,6885,0.0009505168530440112
SHAK,SHAKE SHACK INC,819047101,124000.0,1329,0.0009429127182196592
RHI,ROBERT HALF INTL INC,770323103,124000.0,3650,0.0009429127182196592
FFIN,FIRST FINANCIAL BANKSHARES I,32020R109,124000.0,3690,0.0009429127182196592
PAG,PENSKE AUTOMOTIVE GROUP INC,70959W103,124000.0,715,0.0009429127182196592
UHT,UNIVERSAL HEALTH REALTY INCO,91359E105,124000.0,3168,0.0009429127182196592
OTTR,OTTER TAIL CORP,689648103,124000.0,1518,0.0009429127182196592
CUZ,COUSINS PROPERTY INC,222795502,124000.0,4289,0.0009429127182196592
EPR,EPR PPTYS COM SH BEN INT,26884U109,123000.0,2120,0.000935308583395307
IEI,INSIGHT ENTERPRISES INC,45765U103,123000.0,1086,0.000935308583395307
HWKN,HAWKINS INC,420261109,123000.0,672,0.000935308583395307
ANF,ABERCROMBIE & FITCH CO CL A,002896207,123000.0,1436,0.000935308583395307
VLY,VALLEY NATIONAL BANCORP,919794107,123000.0,11580,0.000935308583395307
CALX,CALIX INC,13100M509,123000.0,2008,0.000935308583395307
MYRG,MYR GROUP INC,55405W104,123000.0,591,0.000935308583395307
TPH,"TRI POINTE HOMES, INC.",87265H109,123000.0,3621,0.000935308583395307
CBT,CABOT CORP,127055101,123000.0,1611,0.000935308583395307
OGS,ONE GAS INC,68235P108,123000.0,1515,0.000935308583395307
KAI,KADANT INC,48282T104,123000.0,415,0.000935308583395307
STEP,STEPSTONE GROUP INC,85914M107,122000.0,1870,0.0009277044485709549
WSFS,WSFS FINANCIAL CORP,929328102,122000.0,2262,0.0009277044485709549
DLB,DOLBY LABORATORIES INC CL A,25659T107,122000.0,1680,0.0009277044485709549
VRRM,VERRA MOBILITY CORP,92511U102,122000.0,4930,0.0009277044485709549
WHR,WHIRLPOOL CORP,963320106,122000.0,1548,0.0009277044485709549
SBRA,SABRA HEALTH CARE REIT,78573L106,122000.0,6546,0.0009277044485709549
TCBI,TEXAS CAPITAL BANCSHARES INC,88224Q107,122000.0,1443,0.0009277044485709549
MCW,MISTER CAR WASH INC,60646V105,122000.0,22925,0.0009277044485709549
ITGR,INTEGER HLDGS CORP,45826H109,122000.0,1179,0.0009277044485709549
TRL,DAVITA INC,23918K108,120000.0,906,0.0009124961789222508
RNST,RENASANT CORP,75970E107,120000.0,3259,0.0009124961789222508
PATK,PATRICK INDUSTRIES INC,703343103,120000.0,1159,0.0009124961789222508
GDYN,GRID DYNAMICS HLDGS INC,39813G109,120000.0,15512,0.0009124961789222508
EEFT,EURONET WORLDWIDE INC,298736109,120000.0,1372,0.0009124961789222508
VIR,VIR BIOTECHNOLOGY INC COMMON,92764N102,119000.0,20900,0.0009048920440978986
SON,SONOCO PRODUCTS CO,835495102,119000.0,2754,0.0009048920440978986
VC,VISTEON CORP,92839U206,119000.0,994,0.0009048920440978986
SR,SPIRE INC,84857L101,119000.0,1457,0.0009048920440978986
KAR,KAR AUCTION SERVICES INC,48238T109,119000.0,4128,0.0009048920440978986
ADMA,ADMA BIOLOGICS INC,000899104,119000.0,8100,0.0009048920440978986
OPCH,OPTION CARE HEALTH INC,68404L201,118000.0,4266,0.0008972879092735465
HIW,HIGHWOODS PROPERTIES INC,431284108,118000.0,3719,0.0008972879092735465
UCB,UNITED COMMUNITY BANKS,90984P303,118000.0,3778,0.0008972879092735465
MUR,MURPHY OIL CORP,626717102,118000.0,4163,0.0008972879092735465
TGNA,TEGNA INC,87901J105,118000.0,5794,0.0008972879092735465
MATX,MATSON INC,57686G105,118000.0,1198,0.0008972879092735465
HZO,MARINEMAX INC,567908108,118000.0,4660,0.0008972879092735465
RUSHA,RUSH ENTERPRISES CL A,781846209,118000.0,2200,0.0008972879092735465
NE,NOBLE CORP PLC,G65431127,117000.0,4152,0.0008896837744491945
RYN,RAYONIER INC,754907103,117000.0,4423,0.0008896837744491945
PVH,PVH CORP,693656100,117000.0,1400,0.0008896837744491945
WAY,WAYSTAR HLDG CORP,946784105,117000.0,3098,0.0008896837744491945
HGV,HILTON GRAND VACATIONS INC,43283X105,117000.0,2808,0.0008896837744491945
HCC,WARRIOR MET COAL INC,93627C101,117000.0,1840,0.0008896837744491945
HASI,HANNON ARMSTRONG SUSTAINABLE,41068X100,117000.0,3800,0.0008896837744491945
GDEN,GOLDEN ENTERTAINMENT INC COM,381013101,116000.0,4926,0.0008820796396248424
NMIH,NMI HOLDINGS INC,629209305,116000.0,3017,0.0008820796396248424
AMTM,AMENTUM HOLDINGS INC,023939101,115000.0,4816,0.0008744755048004902
GES,GUESS INC,401617105,115000.0,6859,0.0008744755048004902
HNM,ORMAT TECHNOLOGIES INC,686688102,115000.0,1199,0.0008744755048004902
ACLS,AXCELIS TECHNOLOGIES INC,054540208,115000.0,1175,0.0008744755048004902
INDB,INDEPENDENT BANK CORP,453836108,113000.0,1635,0.0008592672351517862
FHB,FIRST HAWAIIAN INC,32051X108,113000.0,4550,0.0008592672351517862
CXT,CRANE HOLDINGS CO,224441105,113000.0,1688,0.0008592672351517862
BHF,BRIGHTHOUSE FINL INC,10922N103,113000.0,2120,0.0008592672351517862
BKH,BLACK HILLS CORP,092113109,112000.0,1812,0.000851663100327434
CARG,CARGURUS INC,141788109,112000.0,3000,0.000851663100327434
BXMT,BLACKSTONE MTG TR INC,09257W100,112000.0,6100,0.000851663100327434
FUL,H B FULLER CO,359694106,112000.0,1893,0.000851663100327434
CBU,COMMUNITY BANK SYSTEM INC,203607106,112000.0,1913,0.000851663100327434
MLKN,MILLERKNOLL INC,600544100,111000.0,6250,0.0008440589655030819
CAL,CALERES INC COM,129500104,111000.0,8475,0.0008440589655030819
PBH,PRESTIGE BRANDS HOLDINGS INC,74112D101,111000.0,1773,0.0008440589655030819
TSLA,TESLA INC,88160R101,111000.0,250,0.0008440589655030819
FULT,FULTON FINANCIAL CORP,360271100,110000.0,5921,0.0008364548306787299
SBCF,SEACOAST BANKING CORP OF FLO,811707801,110000.0,3617,0.0008364548306787299
DUOL,DUOLINGO INC CL A COM,26603R106,110000.0,341,0.0008364548306787299
ABM,ABM INDUSTRIES INC,000957100,110000.0,2378,0.0008364548306787299
ASB,ASSOCIATED BANC CORP,045487105,110000.0,4278,0.0008364548306787299
SM,SM ENERGY CO,78454L100,109000.0,4368,0.0008288506958543778
BCC,BOISE CASCADE CO,09739D100,109000.0,1404,0.0008288506958543778
MGEE,MGE ENERGY INC,55277P104,108000.0,1285,0.0008212465610300257
VCTR,VICTORY CAP HLDGS INC,92645B103,108000.0,1660,0.0008212465610300257
HOG,HARLEY DAVIDSON INC,412822108,108000.0,3872,0.0008212465610300257
MPW,MEDICAL PROPERTIES TRUST INC,58463J304,108000.0,21213,0.0008212465610300257
PSMT,PRICESMART INC,741511109,108000.0,891,0.0008212465610300257
ALE,ALLETE INC,018522300,108000.0,1619,0.0008212465610300257
PENN,PENN NATIONAL GAMING INC,707569109,108000.0,5610,0.0008212465610300257
AIR,AAR CORP,000361105,107000.0,1197,0.0008136424262056737
THRY,THRYV HOLDINGS INC COMMON ST,886029206,107000.0,8863,0.0008136424262056737
POR,PORTLAND GENERAL ELECTRIC CO,736508847,107000.0,2436,0.0008136424262056737
KNF,KNIFE RIVER CORP,498894104,107000.0,1397,0.0008136424262056737
ACWX,ISHARES,464288240,107000.0,1644,0.0008136424262056737
CNK,CINEMARK HOLDING INC,17243V102,107000.0,3822,0.0008136424262056737
BKU,BANKUNITED INC,06652K103,106000.0,2777,0.0008060382913813215
YOU,CLEAR SECURE INC,18467V109,106000.0,3180,0.0008060382913813215
SITC,SITE CENTERS CORP,82981J851,106000.0,11739,0.0008060382913813215
BTU,PEABODY ENERGY CORP,704551100,106000.0,4000,0.0008060382913813215
PLMR,PALOMAR HOLDINGSINC,69753M105,105000.0,899,0.0007984341565569694
PSN,PARSONS CORP DEL,70202L102,105000.0,1270,0.0007984341565569694
SNCY,SUN COUNTRY AIRLINES HOLDING,866683105,105000.0,8900,0.0007984341565569694
PBF,PBF ENERGY INC,69318G106,103000.0,3418,0.0007832258869082653
VIAV,VIAVI SOLUTIONS INC,925550105,103000.0,8118,0.0007832258869082653
SLGN,SILGAN HOLDINGS INC,827048109,103000.0,2393,0.0007832258869082653
IRT,INDEPENDENCE REALTY TRUST,45378A106,103000.0,6288,0.0007832258869082653
BFH,BREAD FINANCIAL HOLDINGS INC,018581108,103000.0,1855,0.0007832258869082653
IBOC,INTERNATIONAL BANCSHARES COR,459044103,103000.0,1502,0.0007832258869082653
BF/B,BROWN FORMAN INC,115637209,102000.0,3753,0.0007756217520839132
AMKR,AMKOR TECHNOLOGY INC,031652100,101000.0,3549,0.000768017617259561
ALNY,ALNYLAM PHARMACEUTICALS INC,02043Q107,101000.0,221,0.000768017617259561
NOVT,NOVANTA INC,67000B104,101000.0,1009,0.000768017617259561
LGND,LIGAND PHARMACEUTICALS INC,53220K504,101000.0,570,0.000768017617259561
APAM,ARTISAN PARTNERS ASSET MGMT,04316A108,100000.0,2300,0.0007604134824352089
RES,RPC INC,749660106,100000.0,21061,0.0007604134824352089
ENVA,ENOVA INTL INC,29357K103,100000.0,873,0.0007604134824352089
FMF,FORMFACTOR INC,346375108,100000.0,2747,0.0007604134824352089
DXC,DXC TECHNOLOGY CO,23355L106,100000.0,7349,0.0007604134824352089
OLN,OLIN CORP,680665205,99000.0,3953,0.0007528093476108569
TEX,TEREX CORP,880779103,99000.0,1928,0.0007528093476108569
OGN,ORGANON & CO,68622V106,99000.0,9228,0.0007528093476108569
LIVN,LIVANOVA PLC,G5509L101,99000.0,1894,0.0007528093476108569
GTM,ZOOMINFO TECHNOLOGIES INC,98980F104,99000.0,9100,0.0007528093476108569
POWL,POWELL INDUSTRIES INC,739128106,98000.0,321,0.0007452052127865048
MZTI,LANCASTER COLONY CORP,513847103,98000.0,570,0.0007452052127865048
AVA,AVISTA CORP,05379B107,98000.0,2599,0.0007452052127865048
VVV,VALVOLINE INC,92047W101,97000.0,2713,0.0007376010779621527
DEI,DOUGLAS EMMETT INC,25960P109,97000.0,6220,0.0007376010779621527
BL,BLACKLINE INC,09239B109,96000.0,1800,0.0007299969431378006
AWR,AMERICAN STATES WATER CO,029899101,96000.0,1315,0.0007299969431378006
SYNA,SYNAPTICS INC,87157D109,96000.0,1402,0.0007299969431378006
AEO,AMERICAN EAGLE OUTFITTERS IN,02553E106,96000.0,5613,0.0007299969431378006
PCH,POTLATCH CORP,737630103,96000.0,2351,0.0007299969431378006
BFS,SAUL CENTERS INC,804395101,96000.0,3015,0.0007299969431378006
AZZ,AZZ INC,002474104,96000.0,881,0.0007299969431378006
EXTR,EXTREME NETWORKS INC,30226D106,95000.0,4605,0.0007223928083134485
EXPO,EXPONENT INC,30214U102,95000.0,1367,0.0007223928083134485
OUT,OUTFRONT MEDIA INC,69007J304,95000.0,5179,0.0007223928083134485
NATL,NCR ATLEOS CORP,63001N106,95000.0,2419,0.0007223928083134485
FRPT,FRESHPET INC,358039105,95000.0,1730,0.0007223928083134485
KMPR,KEMPER CORPORATION,488401100,95000.0,1839,0.0007223928083134485
CAKE,CHEESECAKE FACTORY,163072101,94000.0,1729,0.0007147886734890965
ALRM,ALARM.COM HLDS INC,011642105,94000.0,1771,0.0007147886734890965
LNTH,LANTHEUS HOLDINGS INC,516544103,94000.0,1835,0.0007147886734890965
VCYT,VERACYTE INC,92337F107,94000.0,2741,0.0007147886734890965
CSGP,COSTAR GROUP INC,22160N109,94000.0,1115,0.0007147886734890965
CDP,CORPORATE OFFICE PROPERTIES,22002T108,93000.0,3188,0.0007071845386647443
BOH,BANK OF HAWAII CORP,062540109,93000.0,1420,0.0007071845386647443
IPGP,IPH PHOTONICS CORP,44980X109,93000.0,1170,0.0007071845386647443
PII,POLARIS INDUSTRIES INC,731068102,93000.0,1608,0.0007071845386647443
NVST,ENVISTA HOLDINGS CORPORATION,29415F104,93000.0,4573,0.0007071845386647443
CHH,CHOICE HOTELS INTL INC,169905106,92000.0,863,0.0006995804038403922
VAC,MARRIOTT VACATIONS WORLDWIDE,57164Y107,92000.0,1387,0.0006995804038403922
SCVL,SHOE CARNIVAL INC,824889109,92000.0,4415,0.0006995804038403922
VIRT,VIRTU FINL INC,928254101,92000.0,2600,0.0006995804038403922
WHD,CACTUS INC,127203107,91000.0,2300,0.0006919762690160402
WD,WALKER & DUNLOP INC,93148P102,91000.0,1094,0.0006919762690160402
APLE,APPLE HOSPITALITY REIT INC,03784Y200,91000.0,7600,0.0006919762690160402
QC10,NEW YORK COMMUNITY BANCORP I,649445400,91000.0,7911,0.0006919762690160402
SUPN,SUPERNUS PHARMACEUTICALS INC,868459108,91000.0,1905,0.0006919762690160402
TDW,TIDEWATER INC NEW,88642R109,91000.0,1700,0.0006919762690160402
RH,RH,74967X103,91000.0,450,0.0006919762690160402
PRDO,PERDOCEO EDUCATION CORP,71363P106,91000.0,2414,0.0006919762690160402
TWI,TITAN INTERNATIONAL INC,88830M102,91000.0,11981,0.0006919762690160402
NWE,NORTHWESTERN CORP,668074305,91000.0,1558,0.0006919762690160402
BRKR,BRUKER CORP,116794108,91000.0,2790,0.0006919762690160402
GEO,GEO GROUP INC,36162J106,91000.0,4421,0.0006919762690160402
DAN,DANA INCORPORATED,235825205,91000.0,4517,0.0006919762690160402
CWK,CUSHMAN WAKEFIELD PLC,G2717B108,91000.0,5719,0.0006919762690160402
UNF,UNIFIRST CORP MA,904708104,90000.0,536,0.0006843721341916881
WU,WESTERN UNION CO,959802109,90000.0,11281,0.0006843721341916881
HTLD,HEARTLAND EXPRESS INC,422347104,90000.0,10771,0.0006843721341916881
ACAD,ACADIA PHARMACEUTICALS INC,004225108,90000.0,4200,0.0006843721341916881
CWT,CALIFORNIA WATER SERVICE GRO,130788102,89000.0,1936,0.0006767679993673361
CRSR,CORSAIR GAMING INC COMMON ST,22041X102,89000.0,10000,0.0006767679993673361
CVBF,CVB FINANCIAL CORP,126600105,89000.0,4682,0.0006767679993673361
LXP,LEXINGTON CORP PROPERTIES TR,529043101,89000.0,9974,0.0006767679993673361
SHOO,STEVEN MADDEN,556269108,89000.0,2644,0.0006767679993673361
SXI,STANDEX INTERNATIONAL CORP,854231107,88000.0,416,0.0006691638645429838
SFNC,SIMMONS FIRST NATIONAL CORP,828730200,88000.0,4571,0.0006691638645429838
OII,OCEANEERING INTERNATIONAL IN,675232102,88000.0,3571,0.0006691638645429838
CUCA,AVIS BUDGET GROUP INC,053774105,88000.0,545,0.0006691638645429838
WDFC,WD-40 CO,929236107,88000.0,446,0.0006691638645429838
MTRN,MATERION CORP,576690101,88000.0,729,0.0006691638645429838
0J7Q,IAC INC,44891N208,88000.0,2575,0.0006691638645429838
CC,CHEMOURS COMPANY,163851108,87000.0,5485,0.0006615597297186318
EPAC,ENERPAC TOOL GROUP CORP,292765104,87000.0,2110,0.0006615597297186318
DIOD,DIODES INC,254543101,86000.0,1619,0.0006539555948942798
TRMK,TRUSTMARK CORP,898402102,86000.0,2179,0.0006539555948942798
UE,URAN EDGE PROPERTIES,91704F104,86000.0,4185,0.0006539555948942798
HBI,HANESBRANDS INC,410345102,86000.0,13019,0.0006539555948942798
PRGO,PERRIGO CO PLC,G97822103,85000.0,3804,0.0006463514600699277
ICUI,ICU MEDIAL INC,44930G107,85000.0,707,0.0006463514600699277
FFBC,FIRST FINANCIAL BANCORP,320209109,85000.0,3380,0.0006463514600699277
W,WAYFAIR INC,94419L101,85000.0,951,0.0006463514600699277
CPK,CHESAPEAKE UTILITIES CORP,165303108,85000.0,631,0.0006463514600699277
CXW,CORECIVIC INC,21871N101,85000.0,4191,0.0006463514600699277
PRK,PARK NATIONAL CORPORATION,700658107,84000.0,514,0.0006387473252455755
KLIC,KULICKE  SOFFA INDUSTRIES,501242101,84000.0,2068,0.0006387473252455755
LCII,LCI INDS,50189K103,84000.0,905,0.0006387473252455755
VSAT,VIASAT INC,92552V100,83000.0,2818,0.0006311431904212234
HUBG,HUB GROUP INC CL A,443320106,83000.0,2422,0.0006311431904212234
HP,HELMERICH & PAYNE,423452101,83000.0,3751,0.0006311431904212234
BLKB,BLACKBAUD INC,09227Q100,83000.0,1296,0.0006311431904212234
VTLE,LAREDO PETROLEUM INC,516806205,83000.0,4934,0.0006311431904212234
NOG,NORTHERN OIL AND GAS INC MN,665531307,83000.0,3330,0.0006311431904212234
EYE,NATIONAL VISION HOLDINGS INC,63845R107,82000.0,2810,0.0006235390555968714
YETI,YETI HOLDINGS INC,98585X104,82000.0,2457,0.0006235390555968714
MGPI,MGP INGREDIENTS INC,55303J106,82000.0,3384,0.0006235390555968714
CTKB,CYTEK BIOSCIENCES INC,23285D109,82000.0,23500,0.0006235390555968714
CPRI,CAPRI HOLDINGS LTD,G1890L107,82000.0,4121,0.0006235390555968714
TRN,TRINITY INDUSTRIES,896522109,82000.0,2921,0.0006235390555968714
PINC,PREMIER INC,74051N102,81000.0,2910,0.0006159349207725193
ADNT,ADIENT PLC,G0084W101,81000.0,3345,0.0006159349207725193
BANC,BANC OF CALIFORNIA INC,05990K106,81000.0,4865,0.0006159349207725193
FW2N,BANNER CORP,06652V208,80000.0,1216,0.0006083307859481671
VSCO,VICTORIAS SECRET AND CO,926400102,80000.0,2937,0.0006083307859481671
MCY,MERCURY GENERAL CORP,589400100,80000.0,946,0.0006083307859481671
WDAY,WORKDAY INC,98138H101,79000.0,330,0.0006007266511238151
NWS,NEWS CORP,65249B208,79000.0,2294,0.0006007266511238151
CIVI,CIVITAS RESOURCES INC,17888H103,79000.0,2418,0.0006007266511238151
EVTC,EVERTEC INC,30040P103,79000.0,2351,0.0006007266511238151
WLK,WESTLAKE CHEMICALS,960413102,79000.0,1024,0.0006007266511238151
YELP,YELP INC,985817105,78000.0,2502,0.000593122516299463
UNFI,UNITED NATURAL FOOD INC,911163103,78000.0,2076,0.000593122516299463
TDC,TERADATA CORP,88076W103,78000.0,3633,0.000593122516299463
BANF,BANCFIRST CORP,05945F103,78000.0,619,0.000593122516299463
INSP,INSPIRE MED SYS INC,457730109,78000.0,1050,0.000593122516299463
AVNT,AVIENT CORP,05368V106,78000.0,2381,0.000593122516299463
ABR,ARBOR REALTY TRUST INC,038923108,77000.0,6300,0.0005855183814751109
WWW,WOLVERINE WORLD WIDE INC,978097103,77000.0,2804,0.0005855183814751109
SNOW,SNOWFLAKE INC,833445109,77000.0,340,0.0005855183814751109
CASH,META FINANCIAL GROUP INC,59100U108,77000.0,1035,0.0005855183814751109
PRVA,PRIVIA HEALTH GROUP INC,74276R102,77000.0,3100,0.0005855183814751109
SEDG,SOLAREDGE TECHNOLOGIES INC,83417M104,76000.0,2050,0.0005779142466507587
FUN,SIX FLAGS ENTERTAINMENT CORP,83001C108,76000.0,3328,0.0005779142466507587
DDOG,DATADOG INC,23804L103,76000.0,536,0.0005779142466507587
XRAY,DENTSPLY SIRONA INC,24906P109,76000.0,5978,0.0005779142466507587
KN,KNOWLES CORP,49926D109,76000.0,3264,0.0005779142466507587
CRVL,CORVEL CORP,221006109,76000.0,981,0.0005779142466507587
NSA,NATIONAL STORAGE AFFILIATES,637870106,76000.0,2531,0.0005779142466507587
GOLF,ACUSHNET HLDGS CORP,005098108,75000.0,960,0.0005703101118264067
SMPL,THE SIMPLY GOOD FOODS CO,82900L102,75000.0,3039,0.0005703101118264067
GT,GOODYEAR TIRE & RUBBER,382550101,75000.0,10000,0.0005703101118264067
WAFD,WASHINGTON FEDERAL INC,938824109,74000.0,2435,0.0005627059770020547
OFG,OFG BANCORP,67103X102,74000.0,1694,0.0005627059770020547
AGYS,AGILYSYS INC,00847J105,74000.0,704,0.0005627059770020547
USNA,USANA HEALTH SCIENCES INC,90328M107,74000.0,2698,0.0005627059770020547
CURB,CURBLINE PROPERTIES CORP,23128Q101,74000.0,3316,0.0005627059770020547
CWEN,CLEARWAY ENERGY INC,18539C204,73000.0,2600,0.0005551018421777026
CSGS,CSG SYSTEMS INTERNATIONAL IN,126349109,73000.0,1141,0.0005551018421777026
LBRT,LIBERTY ENERGY INC.,53115L104,73000.0,5900,0.0005551018421777026
SONO,SONOS INC,83570H108,72000.0,4534,0.0005474977073533505
MTX,MINERALS TECHNOLOGIES INC,603158106,72000.0,1159,0.0005474977073533505
OI,O-I GLASS INC,67098H104,72000.0,5548,0.0005474977073533505
PK,PARK HOTELS RESORTS INC,700517105,72000.0,6503,0.0005474977073533505
TEM,TEMPUS AI INC. CL A,88023B103,72000.0,892,0.0005474977073533505
VSH,VISHAY INTERTECHNOLOGY INC,928298108,71000.0,4622,0.0005398935725289983
SHO,SUNSTONE HOTEL INVESTORS INC,867892101,71000.0,7565,0.0005398935725289983
STC,STEWART INFORMATION SERVICES,860372101,71000.0,964,0.0005398935725289983
HAE,HAEMONETICS CORP/MASS,405024100,71000.0,1453,0.0005398935725289983
GRBK,GREEN BRICK PARTNERS INC,392709101,71000.0,966,0.0005398935725289983
ACMR,ACM RESH INC,00108J109,71000.0,1808,0.0005398935725289983
NWL,NEWELL BRANDS INC,651229106,71000.0,13605,0.0005398935725289983
SAM,BOSTON BEER INC,100557107,71000.0,336,0.0005398935725289983
ALGM,ALLEGRO MICROSYSTEMS INC,01749D105,71000.0,2433,0.0005398935725289983
ROCK,GIBRALTAR INDUSTRIES INC,374689107,71000.0,1126,0.0005398935725289983
FCPT,FOUR CORNERS PROPERTY TRUST,35086T109,71000.0,2901,0.0005398935725289983
CUBI,CUSTOMERS BANCORP INC,23204G100,71000.0,1086,0.0005398935725289983
FLO,FLOWERS FOODS INC,343498101,71000.0,5459,0.0005398935725289983
CHEF,THE CHEFS'S WAREHOUSE INC,163086101,71000.0,1212,0.0005398935725289983
PARR,PAR PACIFIC HOLDINGS INC,69888T207,70000.0,1972,0.0005322894377046463
CNXC,CONCENTRIX CORP,20602D101,70000.0,1506,0.0005322894377046463
KSS,KOHLS CORP,500255104,70000.0,4543,0.0005322894377046463
FBK,FB FINANCIAL CORPORATION,30257X104,70000.0,1252,0.0005322894377046463
NGVT,INGEVITY CORP,45688C107,70000.0,1263,0.0005322894377046463
STRA,STRATEGIC ED INC,86272C103,69000.0,798,0.0005246853028802942
CENT,CENTRAL GARDEN & PET CO,153527106,69000.0,2100,0.0005246853028802942
AFRM,AFFIRM HLDGS INC,00827B106,69000.0,944,0.0005246853028802942
ASGN,ASGN INC,00191U102,69000.0,1466,0.0005246853028802942
ALG,ALMO GROUP INC,011311107,69000.0,364,0.0005246853028802942
HNI,HNI CORP,404251100,69000.0,1471,0.0005246853028802942
IOSP,INNOSPEC INC,45768S105,68000.0,881,0.0005170811680559421
AKR,ACADIA REALTY TRUST,004239109,68000.0,3382,0.0005170811680559421
HAYW,HAYWARD HLDGS INC,421298100,68000.0,4500,0.0005170811680559421
ASH,ASHLAND GLOBAL HLDGS INC,044186104,68000.0,1421,0.0005170811680559421
PLUS,EPLUS INC,294268107,68000.0,956,0.0005170811680559421
VAL,VALARIS LTD. COMMON STOCK,G9460G101,68000.0,1402,0.0005170811680559421
TTD,THE TRADE DESK,88339J105,68000.0,1384,0.0005170811680559421
PRGS,PROGRESS SOFTWARE CORP,743312100,68000.0,1548,0.0005170811680559421
ADUS,ADDUS HOMECARE CORP,006739106,67000.0,571,0.00050947703323159
HI,HILLENBRAND INC,431571108,67000.0,2475,0.00050947703323159
FBNC,FIRST BANCORP,318910106,67000.0,1270,0.00050947703323159
DXPE,DXP ENTERPRISES INC,233377407,67000.0,564,0.00050947703323159
PBI,PITNEY BOWES INC,724479100,66000.0,5763,0.0005018728984072379
AMR,ALPHA METALLURGICAL RESOUR I,020764106,66000.0,400,0.0005018728984072379
CPRX,CATALYST PHARMACEUTICALS INC,14888U101,66000.0,3370,0.0005018728984072379
RXO,RXO INC,74982T103,66000.0,4281,0.0005018728984072379
BHLB,BEACON FINANCIAL CORP,084680107,66000.0,2778,0.0005018728984072379
HMN,HORACE MANN EDUCATORS,440327104,66000.0,1457,0.0005018728984072379
KGS,KODIAK GAS SVCS INC,50012A108,65000.0,1770,0.0004942687635828858
DKNG,DRAFTKINGS INC. COMMON STOCK,26142V105,65000.0,1729,0.0004942687635828858
MBC,MASTERBRAND INC,57638P104,65000.0,4899,0.0004942687635828858
RAMP,LIVERAMP HOLDINGS INC,53815P108,65000.0,2392,0.0004942687635828858
CCS,CENTURY COMMUNITIES INC,156504300,65000.0,1023,0.0004942687635828858
PPC,PILGRIMS PRIDE CORP NEW,72147K108,65000.0,1604,0.0004942687635828858
APP,APPLOVIN CORP,03831W108,65000.0,90,0.0004942687635828858
CHCO,CITY HOLDING CO,177835105,65000.0,528,0.0004942687635828858
POWI,POWER INTEGRATIONS INC,739276103,65000.0,1621,0.0004942687635828858
COLM,COLUMBIA SPORTSWEAR CO,198516106,65000.0,1252,0.0004942687635828858
INSW,INTERNATIONAL SEAWAYS INC,Y41053102,65000.0,1400,0.0004942687635828858
VBTX,VERITEX HOLDINGS INC,923451108,64000.0,1923,0.0004866646287585337
SFGYY,SONY FINANCIAL GROUP INC,83571B100,64000.0,9220,0.0004866646287585337
JXC1,ZIFF DAVIS INC,48123V102,64000.0,1667,0.0004866646287585337
SMG,SCOTTS MIRACLE GRO CO CL A,810186106,64000.0,1128,0.0004866646287585337
NBTB,NBT BANCORP INC,628778102,64000.0,1526,0.0004866646287585337
IRDM,IRIDIUM COMMUNICATIONS INC,46269C102,64000.0,3655,0.0004866646287585337
GH,GUARDANT HEALTH INC,40131M109,64000.0,1020,0.0004866646287585337
KMT,KENNAMETAL INC,489170100,63000.0,3033,0.00047906049393418165
ACHC,ACADIA HEALTHCARE CO INC,00404A109,63000.0,2554,0.00047906049393418165
NSZ,NETSCOUT SYSTEMS INC,64115T104,63000.0,2420,0.00047906049393418165
IPAR,INTER PARFUMS INC,458334109,62000.0,635,0.0004714563591098296
GSHD,GOOSEHEAD INS INC,38267D109,62000.0,835,0.0004714563591098296
CON,CONCENTRA GROUP HOLDINGS,20603L102,62000.0,2968,0.0004714563591098296
NSP,INSPERITY INC,45778Q107,62000.0,1263,0.0004714563591098296
WSO,WATSCO INC,942622200,62000.0,153,0.0004714563591098296
SBH,SALLY BEAUTY HLDG,79546E104,62000.0,3812,0.0004714563591098296
BKE,BUCKLE INC,118440106,62000.0,1053,0.0004714563591098296
AORT,"ARTIVION, INC.",228903100,61000.0,1435,0.00046385222428547746
TILE,INTERFACE INC,458665304,61000.0,2092,0.00046385222428547746
WLY,WILEY (JOHN) & SONS CL A,968223206,61000.0,1518,0.00046385222428547746
CRK,COMSTOCK RES INC,205768302,61000.0,3076,0.00046385222428547746
MAN,MANPOWER INC,56418H100,61000.0,1600,0.00046385222428547746
ARCB,ARCBEST CORP,03937C105,61000.0,873,0.00046385222428547746
VYX,NCR CORP,62886E108,61000.0,4839,0.00046385222428547746
ADEA,ADEIA INC,00676P107,61000.0,3642,0.00046385222428547746
PTEN,PATTERSON-UTI ENERGY INC,703481101,61000.0,11805,0.00046385222428547746
DNOW,NOW INC,67011P100,60000.0,3950,0.0004562480894611254
DRH,DIAMONDROCK HOSPITALITY CO,252784301,60000.0,7516,0.0004562480894611254
JOE,THE ST. JOE COMPANY,790148100,60000.0,1216,0.0004562480894611254
DOCN,DIGITALOCEAN HLDGS INC,25402D102,60000.0,1750,0.0004562480894611254
TRIP,TRIPADVISOR INC,896945201,60000.0,3687,0.0004562480894611254
LMAT,LEMAITRE VASCULAR INC,525558201,60000.0,688,0.0004562480894611254
KWR,QUAKER CHEMICAL CORP,747316107,59000.0,446,0.00044864395463677326
WOR,WORTHINGTON INDUSTRIES,981811102,59000.0,1067,0.00044864395463677326
AIN,ALBANY INTERNATIONAL CORP CL,012348108,59000.0,1106,0.00044864395463677326
JBGS,JBG SMITH PROPERTIES,46590V100,59000.0,2635,0.00044864395463677326
PODD,INSULET CORP,45784P101,58000.0,187,0.0004410398198124212
PRG,PROG HOLDINGS INC,74319R101,58000.0,1796,0.0004410398198124212
IOT,SAMSARA INC COMMON STOCK,79589L106,58000.0,1569,0.0004410398198124212
ENR,ENERGIZER HLDGS INC NEW,29272W109,58000.0,2343,0.0004410398198124212
LKFN,LAKELAND FINANCIAL CORP,511656100,58000.0,903,0.0004410398198124212
CCOI,COGENT COMMUNICATIONS HOLDIN,19239V302,58000.0,1518,0.0004410398198124212
CNS,COHEEN & STEERS INC,19247A100,58000.0,885,0.0004410398198124212
NHC,NATIONAL HEALTHCARE CORPORAT,635906100,58000.0,480,0.0004410398198124212
WKC,WORLD FUEL SERVICES CORP,981475106,57000.0,2205,0.00043343568498806917
ENOV,ENOVIS CORP,194014502,57000.0,1872,0.00043343568498806917
PGNY,PROGYNY INC,74340E103,57000.0,2639,0.00043343568498806917
CENTA,CENTRAL GARDEN  PET CO CL A,153527205,57000.0,1930,0.00043343568498806917
GNL,GLOBAL NET LEASE INC,379378201,57000.0,6994,0.00043343568498806917
DOCS,DOXIMITY INC,26622P107,57000.0,785,0.00043343568498806917
FCF,FIRST COMMONWEALTH FINL GROU,319829107,57000.0,3327,0.00043343568498806917
PINS,PINTEREST INC CL A,72352L106,56000.0,1747,0.000425831550163717
SANA,SANA BIOTECHNOLOGY INC,799566104,56000.0,15904,0.000425831550163717
QDEL,QUIDELORTHO CORP,219798105,56000.0,1916,0.000425831550163717
GEF,GREIF INC CL A,397624107,56000.0,939,0.000425831550163717
NWBI,NORTHWEST BANCSHARES INC,667340103,56000.0,4520,0.000425831550163717
VECO,VEECO INSTRUMENTS INC,922417100,56000.0,1832,0.000425831550163717
NWN,NORTHWEST NATURAL HOLDING CO,66765N105,56000.0,1240,0.000425831550163717
PEB,PEBBLEBROOK HOTEL TRUST,70509V100,56000.0,4905,0.000425831550163717
XHR,XENIA HOTELS & RESORTS INC,984017103,56000.0,4074,0.000425831550163717
JBLU,JETBLUE AIRWAYS CORP,477143101,56000.0,11443,0.000425831550163717
WT,WISDOMTREE INVESTMENTS INC,97717P104,55000.0,3970,0.00041822741533936497
AAMI,BRIGHTSPHERE INVESTMENT GROU,10948W103,55000.0,1151,0.00041822741533936497
SHC,SOTERA HEALTH CO,83601L102,55000.0,3504,0.00041822741533936497
LNN,LINDSEY CORP,535555106,55000.0,390,0.00041822741533936497
WERN,WERNER ENTERPRISES INC,950755108,55000.0,2083,0.00041822741533936497
PZZA,PAPA JOHNS INTERNATIONAL INC,698813102,55000.0,1134,0.00041822741533936497
HTH,HILLTOP HOLDINGS INC,432748101,55000.0,1633,0.00041822741533936497
SPNT,SIRIUSPOINT LTD COMMON STOCK,G8192H106,55000.0,3027,0.00041822741533936497
DV,DOUBLEVERIFY HLDGS INC,25862V105,54000.0,4531,0.00041062328051501285
TRUP,TRUPANION INC,898202106,54000.0,1248,0.00041062328051501285
ROG,ROGERS CORP,775133101,54000.0,666,0.00041062328051501285
GBX,THE GREENBRIER COS INC,393657101,54000.0,1159,0.00041062328051501285
ELME,WASHINGTON REIT,939653101,53000.0,3114,0.0004030191456906608
ARLO,ARLO TECHNOLOGIES INC,04206A101,53000.0,3122,0.0004030191456906608
TNC,TENNANT CO,880345103,53000.0,660,0.0004030191456906608
IIPR,INNOVATIVE INDUSTRIAL PROPER,45781V101,53000.0,996,0.0004030191456906608
LZB,LA-Z-BOY INC,505336107,53000.0,1546,0.0004030191456906608
VCEL,VERICEL CORP,92346J108,53000.0,1680,0.0004030191456906608
CENX,CENTURY ALUMINUM CO,156431108,53000.0,1822,0.0004030191456906608
LTC,LTC PROPERTIES INC,502175102,53000.0,1441,0.0004030191456906608
PFS,PROVIDENT FINANCIAL SERVICES,74386T105,52000.0,2672,0.00039541501086630865
SRPT,SAREPTA THERAPEUTICS INC,803607100,52000.0,2690,0.00039541501086630865
STBA,S&T BANCORP INC,783859101,52000.0,1394,0.00039541501086630865
GRAL,GRAIL INC,384747101,52000.0,883,0.00039541501086630865
COTY,COTY INC,222070203,52000.0,12770,0.00039541501086630865
PHIN,PHINIA INC,71880K101,52000.0,911,0.00039541501086630865
NAVI,NAVIENT CORP,63938C108,52000.0,3918,0.00039541501086630865
SLVM,SYLVAMO CORP,871332102,52000.0,1179,0.00039541501086630865
ENSG,THE ENSIGN GROUP INC,29358P101,52000.0,303,0.00039541501086630865
JJSF,J & J SNACK FOODS CORP,466032109,51000.0,532,0.0003878108760419566
CNMD,CONMED CORP,207410101,51000.0,1084,0.0003878108760419566
STEL,STELLAR BANCORP INC,858927106,51000.0,1676,0.0003878108760419566
PRKS,UNITED PARKS & RESORTS INC,81282V100,51000.0,992,0.0003878108760419566
MLKN,MILLER KNOL,600544100,50000.0,2824,0.00038020674121760445
KNTK,KINETIK HOLDINGS INC,02215L209,50000.0,1177,0.00038020674121760445
GO,GROCERY OUTLET HOLDING CORP,39874R101,50000.0,3116,0.00038020674121760445
PLAB,PHOTRONICS INC,719405102,50000.0,2195,0.00038020674121760445
MD,PEDIATRIX MEDICAL GROUP INC,58502B106,50000.0,3005,0.00038020674121760445
SAH,SONIC AUTOMOTIVE INC,83545G102,50000.0,658,0.00038020674121760445
UVV,UNIVERSAL CORP VA,913456109,49000.0,875,0.0003726026063932524
PRLB,PROTO LABS INC,743713109,49000.0,978,0.0003726026063932524
HCI,HCI GROUP INC,40416E103,49000.0,254,0.0003726026063932524
CHWY,CHEWY INC,16679L109,49000.0,1214,0.0003726026063932524
PEN,PENUMBRA INC,70975L107,48000.0,191,0.0003649984715689003
WABC,WESTAMERICA BANCORPORATION,957090103,48000.0,958,0.0003649984715689003
UFPT,UFP TECHNOLOGIES INC,902673102,48000.0,240,0.0003649984715689003
OMCL,OMNICELL INC,68213N109,48000.0,1566,0.0003649984715689003
BHE,BENCHMARK ELECTRONIC INC,08160H101,48000.0,1252,0.0003649984715689003
SN,SHARKNINJA INC,G8068L108,47000.0,459,0.00035739433674454824
SEM,SELECT MEDICAL HLDGS CORP,81619Q105,47000.0,3678,0.00035739433674454824
MODG,CALLAWAY GOLF CO,131193104,47000.0,4904,0.00035739433674454824
PENG,PENGUIN SOLUTIONS INC,706915105,47000.0,1781,0.00035739433674454824
DNA,GINKGO BIOWORKS HOLDINGS INC,37611X209,47000.0,3257,0.00035739433674454824
DFIN,DONNELLEY FINL SOLUTIONS INC,25787G100,47000.0,909,0.00035739433674454824
ALEX,ALEXANDER & BALDWIN INC,014491104,47000.0,2589,0.00035739433674454824
ARI,APOLLO COMMERCIAL REAL ESTAT,03762U105,47000.0,4609,0.00035739433674454824
CRGY,CRESCENT ENERGY COMPANY,44952J104,47000.0,5300,0.00035739433674454824
HOPE,HOPE BANCORP INC,43940T109,46000.0,4256,0.0003497902019201961
MCRI,MONARCH CASINO & RESORT INC,609027107,46000.0,438,0.0003497902019201961
XYZ,BLOCK INC CL A,852234103,46000.0,640,0.0003497902019201961
HTO,SJW GROUP,784305104,46000.0,936,0.0003497902019201961
VRTS,VIRTUS INVESTMENT PARTNERS I,92828Q109,46000.0,242,0.0003497902019201961
STAA,STAAR SURGICAL CO,852312305,46000.0,1697,0.0003497902019201961
DGII,DIGI INTERNATIONAL CORP,253798102,46000.0,1248,0.0003497902019201961
PRA,PROASSURANCE CORP,74267C106,46000.0,1923,0.0003497902019201961
AZTA,AZENTA INC,114340102,46000.0,1600,0.0003497902019201961
ANDE,ANDERSONS INC,034164103,45000.0,1134,0.00034218606709584404
AUR,AURORA INNOVATION INC,051774107,45000.0,8270,0.00034218606709584404
CTS,CTS CORP,126501105,45000.0,1134,0.00034218606709584404
UPBD,RENT A CENTER INC,76009N100,45000.0,1897,0.00034218606709584404
KALU,KAISER ALUMINUM CORP,483007704,44000.0,568,0.0003345819322714919
HCSG,HEALTHCARE SERVICES GROUP,421906108,44000.0,2638,0.0003345819322714919
NEOG,NEOGEN CORP,640491106,44000.0,7637,0.0003345819322714919
UCTT,ULTRA CLEAN HLDS INC,90385V107,44000.0,1617,0.0003345819322714919
WEN,WENDY'S CO,95058W100,44000.0,4834,0.0003345819322714919
VRE,VERIS RESIDENTIAL INC,554489104,43000.0,2822,0.0003269777974471399
ATEN,A10 NETWORKS INC,002121101,43000.0,2360,0.0003269777974471399
PAYO,PAYONEER GLOBAL INC,70451X104,43000.0,7100,0.0003269777974471399
DVAX,DYNAVAX TECHNOLOGIES CORP,268158201,42000.0,4191,0.00031937366262278777
LEG,LEGGETT AND PLATT INC,524660107,42000.0,4691,0.00031937366262278777
COLL,COLLEGIUM PHARMACEUTICAL INC,19459J104,42000.0,1214,0.00031937366262278777
PCRX,PACIRA BIOSCIENCES INC,695127100,42000.0,1633,0.00031937366262278777
GTY,GETTY REALTY CORP,374297109,41000.0,1514,0.0003117695277984357
GIII,G-III APPAREL GROUP LTD,36237H101,41000.0,1546,0.0003117695277984357
MXL,MAXLINEAR INC,57776J100,41000.0,2567,0.0003117695277984357
NBHC,NATIONAL BANK HOLDININGS COR,633707104,41000.0,1070,0.0003117695277984357
INVA,INNOVIVA INC,45781M101,41000.0,2234,0.0003117695277984357
EIG,EMPLOYERS HOLDINGS INC,292218104,41000.0,972,0.0003117695277984357
TFIN,TRIUMPH BANCORP INC,89679E300,41000.0,818,0.0003117695277984357
ASTH,APOLLO MED HLDGS INC,03763A207,40000.0,1396,0.00030416539297408357
PFBC,PREFERRED BANK,740367404,40000.0,446,0.00030416539297408357
PMT,PENNYMAC MORTGAGE INVESTMENT,70931T103,40000.0,3226,0.00030416539297408357
THRM,GENTHERM INC,37253A103,40000.0,1181,0.00030416539297408357
ASTE,ASTEC INDUSTRIES INC,046224101,39000.0,814,0.0002965612581497315
AMWD,AMERICAN WOODMARK CORP,030506109,39000.0,589,0.0002965612581497315
SCSC,SCANSOURCE INC,806037107,39000.0,897,0.0002965612581497315
VICR,VICOR CORP,925815102,39000.0,782,0.0002965612581497315
CRI,CARTERS INC,146229109,39000.0,1377,0.0002965612581497315
CVI,CVR ENERGY INC,12662P108,38000.0,1035,0.0002889571233253794
HLIT,HARMONIC INC,413160102,38000.0,3743,0.0002889571233253794
ANIP,ANI PHARMACEUTICALS INC,00182C103,38000.0,418,0.0002889571233253794
HTZ,HERTZ GLOBAL HLDGS INC,42806J700,38000.0,5616,0.0002889571233253794
ACT,ENACT HLDGS INC,29249E109,38000.0,1000,0.0002889571233253794
FDP,FRESH DEL MONTE PRODUCE INC.,G36738105,38000.0,1090,0.0002889571233253794
EPC,EDGEWELL PERS CARE CO,28035Q102,38000.0,1846,0.0002889571233253794
WGO,WINNEBAGO INDUSTRIES INC,974637100,38000.0,1130,0.0002889571233253794
AAT,AMERICAN ASSETS TRUST,024013104,38000.0,1853,0.0002889571233253794
LGIH,LGI HOMES INC,50187T106,38000.0,729,0.0002889571233253794
CBRL,CRACKER BARREL OLD COUNTRY S,22410J106,37000.0,848,0.00028135298850102736
CERT,CERTARA INC,15687V109,37000.0,3057,0.00028135298850102736
SAFT,SAFETY INSURANCE GROUP INC,78648T100,37000.0,524,0.00028135298850102736
IART,INTEGRA LIFESCIENCES HLDGS C,457985208,37000.0,2570,0.00028135298850102736
USPH,US PHYSICAL THERAPY INC,90337L108,37000.0,434,0.00028135298850102736
TALO,TALOS ENERGY INC,87484T108,37000.0,3903,0.00028135298850102736
EZPW,EZCORP INC,302301106,36000.0,1913,0.00027374885367667523
ENOV,ENOVIS CORP,194014502,36000.0,1172,0.00027374885367667523
AMPH,AMPHASTAR PHARMACEUTICALS IN,03209R103,36000.0,1360,0.00027374885367667523
NVRI,HARSCO CORP,415864107,36000.0,2830,0.00027374885367667523
KNF,KNIFE RIVER CORP,498894104,36000.0,474,0.00027374885367667523
FOXF,FOX FACTORY HOLDING CORP,35138V102,36000.0,1491,0.00027374885367667523
THS,TREEHOUSE FOODS INC,89469A104,36000.0,1796,0.00027374885367667523
SCL,STEPAN CO,858586100,36000.0,753,0.00027374885367667523
ECPG,ENCORE CAPITAL GROUP INC,292554102,35000.0,850,0.00026614471885232316
COHU,COHU INC,192576106,35000.0,1717,0.00026614471885232316
HSII,HEIDRICK & STRUGGLES INTL,422819102,35000.0,702,0.00026614471885232316
NEO,NEOGENOMICS INC,64049M209,35000.0,4483,0.00026614471885232316
LBRDA 7 PERP A,LIBERTY BROADBAND CORP,530307503,35000.0,1404,0.00026614471885232316
MSEX,MIDDLESEX WTR CO,596680108,34000.0,627,0.00025854058402797103
APOG,APOGEE ENTERPRISES INC,037598109,34000.0,788,0.00025854058402797103
LPG,DORIAN LPG LTD,Y2106R110,34000.0,1128,0.00025854058402797103
UA,UNDER ARMOUR INC,904311206,34000.0,7079,0.00025854058402797103
DCOM,DIME COMMUNITY BANCSHARES IN,25432X102,34000.0,1153,0.00025854058402797103
LMND,LEMONADE INC,52567D107,34000.0,630,0.00025854058402797103
REX,REX AMERICAN RESOURCES CORP,761624105,34000.0,1110,0.00025854058402797103
KW,KENNEDY-WILSON HOLDINGS,489398107,34000.0,4100,0.00025854058402797103
SDGR,SCHRODINGER INC,80810D103,34000.0,1700,0.00025854058402797103
UAA,UNDER ARMOUR INC CL A,904311107,33000.0,6673,0.00025093644920361896
HLX,HELIX ENERGY SOLUTIONS GROUP,42330P107,33000.0,5082,0.00025093644920361896
ALGT,ALLEGIANT TRAVEL CO,01748X102,33000.0,550,0.00025093644920361896
CSR,CENTERSPACE,15202L107,32000.0,546,0.00024333231437926686
WS,WORTHINGTON STEEL INC,982104101,32000.0,1067,0.00024333231437926686
FBRT,FRANKLIN BSP REALTY TRUST IN,35243J101,32000.0,2958,0.00024333231437926686
SBSI,SOUTHSIDE BANCSHARES INC,84470P109,31000.0,1086,0.0002357281795549148
UNIT,UNITI GROUP INC,912932100,31000.0,5097,0.0002357281795549148
FIZZ,NATIONAL BEVERAGE CORP,635017106,31000.0,830,0.0002357281795549148
BLFS,BIOLIFE SOLUTIONS INC,09062W204,31000.0,1212,0.0002357281795549148
TWO,TWO HARBORS INVESTMENT CORP,90187B804,30000.0,3056,0.0002281240447305627
HFWA,HERITAGE FINANCIAL CORP,42722X106,30000.0,1250,0.0002281240447305627
AMN,AMN HEALTHCARE SERVICES INC,001744101,30000.0,1540,0.0002281240447305627
AMSF,AMERISAFE INC,03071H100,30000.0,686,0.0002281240447305627
CWEN/A,CLEARWAY ENERGY INC,18539C105,30000.0,1114,0.0002281240447305627
DLX,DELUXE CORP,248019101,30000.0,1534,0.0002281240447305627
VTOL,BRISTOW GROUP INC,11040G103,30000.0,836,0.0002281240447305627
CXM,SPRINKLR INC,85208T107,30000.0,3850,0.0002281240447305627
CABO,CABLE ONE INC,12685J105,30000.0,172,0.0002281240447305627
CPF,CENTRAL PACIFIC FINANCIAL CO,154760409,30000.0,974,0.0002281240447305627
DEA,EASTERLY GOVERNMENT PROPERTI,27616P301,30000.0,1294,0.0002281240447305627
EMBC,EMBECTA CORP,29082K105,29000.0,2059,0.0002205199099062106
SCHL,SCHOLASTIC CORP,807066105,29000.0,1076,0.0002205199099062106
HRMY,HARMONY BIOSCIENCES HLDGS IN,413197104,29000.0,1053,0.0002205199099062106
TNDM,TANDEM DIABETES CARE INC,875372203,29000.0,2390,0.0002205199099062106
TR,TOOTSIE ROLL INDUSTRIES,890516107,29000.0,689,0.0002205199099062106
CFFN,CCFNB BANCORP INC,14057J101,29000.0,4601,0.0002205199099062106
PAHC,PHIBRO ANIMAL HEALTH CORP,71742Q106,29000.0,723,0.0002205199099062106
PLAY,DAVE & BUSTERS ENTERTAINMENT,238337109,28000.0,1516,0.0002129157750818585
TMP,TOMPKINS FINANCIAL CORP,890110109,28000.0,427,0.0002129157750818585
ODD,ODDITY TECH LTD,M7518J104,28000.0,456,0.0002129157750818585
QNST,QUINSTREET INC,74874Q100,28000.0,1834,0.0002129157750818585
SNDR,SCHNEIDER NATIONAL INC,80689H102,28000.0,1300,0.0002129157750818585
UTL,UNITIL CORP,913259107,27000.0,570,0.00020531164025750642
DFH,DREAM FINDERS HOMES INC,26154D100,27000.0,1050,0.00020531164025750642
IIIN,INSTEEL INDUSTRIES INC,45774W108,27000.0,694,0.00020531164025750642
CARS,CARS.COM INC,14575E105,27000.0,2248,0.00020531164025750642
SMP,STANDARD MOTOR PRODUCTS INC,853666105,27000.0,662,0.00020531164025750642
PDFS,PDF SOLUTIONS INC,693282105,27000.0,1049,0.00020531164025750642
FTRE,FORTREA HOLDINGS INC,34965K107,27000.0,3217,0.00020531164025750642
RGR,STURM RUGER & CO INC,864159108,27000.0,629,0.00020531164025750642
HAFC,HANMI FINANCIAL CORP,410495204,27000.0,1084,0.00020531164025750642
PRSU,VIAD CORP,92552R406,27000.0,733,0.00020531164025750642
NXRT,NEXPOINT RESIDENTIAL TRUST I,65341D102,27000.0,824,0.00020531164025750642
MRNA,MODERNA INC,60770K107,26000.0,1015,0.00019770750543315432
MMI,MARCUS & MILLICHAP INC,566324109,26000.0,895,0.00019770750543315432
LQDT,LIQUIDITY SERVICES INC,53635B107,26000.0,962,0.00019770750543315432
MATW,MATTHEWS INTERNATIONAL CORP,577128101,26000.0,1090,0.00019770750543315432
EFC,ELLINGTON FINANCIAL INC,28852N109,26000.0,2029,0.00019770750543315432
EXPI,EXP WORLD HLDGS INC,30212W100,26000.0,2400,0.00019770750543315432
CNXN,PC CONNECTION INC,69318J100,25000.0,402,0.00019010337060880223
RCUS,ARCUS BIOSCIENCES INC,03969F109,25000.0,1850,0.00019010337060880223
XNCR,XENCOR INC,98401F105,25000.0,2126,0.00019010337060880223
BJRI,BJ'S RESTAURANTS INC,09180C106,25000.0,834,0.00019010337060880223
BDN,BRANDYWINE REALTY TRUST,105368203,25000.0,6114,0.00019010337060880223
FWRD,FORWARD AIR CORP,34986A104,25000.0,956,0.00019010337060880223
AXL,AMERICAN AXLE & MANUFACTURE,024061103,25000.0,4080,0.00019010337060880223
AESI,ATLAS ENERGY SOLUTIONS INC,642045108,25000.0,2240,0.00019010337060880223
TRST,TRUSTCO BANK CORP,898349204,25000.0,680,0.00019010337060880223
SHEN,SHENANDOAH TELECOMMUNICATION,82312B106,24000.0,1782,0.00018249923578445015
SXC,SUNCOKE ENERGY INC,86722A103,24000.0,2970,0.00018249923578445015
RWT,REDWOOD TRUST INC,758075402,24000.0,4159,0.00018249923578445015
ETD,ETHAN ALLEN INTERIORS INC,297602104,24000.0,810,0.00018249923578445015
MTUS,TIMKENSTEEL CORP,887399103,24000.0,1465,0.00018249923578445015
HSTM,HEALTHSTREAM INC,42222N103,24000.0,859,0.00018249923578445015
AHCO,ADAPTHEALTH CORP,00653Q102,24000.0,2731,0.00018249923578445015
INVX,INNOVEX INTERNATIONAL INC,457651107,23000.0,1224,0.00017489510096009805
BLMN,BLOOMIN BRANDS INC,094235108,23000.0,3181,0.00017489510096009805
EGBN,EAGLE BANCORP INC,268948106,23000.0,1141,0.00017489510096009805
NYMT,NEW YORK MORTGAGE TRUST INC,649604840,23000.0,3321,0.00017489510096009805
RC,READY CAPITAL CORP,75574U101,23000.0,5827,0.00017489510096009805
XPEL,XPEL INC,98379L100,23000.0,698,0.00017489510096009805
OMI,OWENS & MINOR HOLDINGS,690732102,23000.0,4784,0.00017489510096009805
UFCS,UNITED FIRE GROUP INC,910340108,23000.0,771,0.00017489510096009805
MRTN,MARTEN TRANSPORT LTD,573075108,22000.0,2049,0.00016729096613574596
ANGI,ANGI INC,00183L201,22000.0,1352,0.00016729096613574596
CEVA,CEVA INC,157210105,22000.0,826,0.00016729096613574596
LINE,LINEAGE INC,53566V106,22000.0,566,0.00016729096613574596
OXM,OXFORD INDUSTRIES INC,691497309,22000.0,532,0.00016729096613574596
WRLD,WORLD ACCEPTANCE CORP,981419104,22000.0,128,0.00016729096613574596
SABR,SABR CORP,78573M104,22000.0,12236,0.00016729096613574596
AOSL,ALPHA & OMEGA SEMICONDUCTOR,G6331P104,22000.0,788,0.00016729096613574596
KOP,KOPPERS HOLDINGS INC,50060P106,21000.0,743,0.00015968683131139388
VSTS,VESTIS CORP,29430C102,21000.0,4586,0.00015968683131139388
INN,SUMMIT HOTEL PROPERTIES INC,866082100,21000.0,3808,0.00015968683131139388
REYN,REYNOLDS CONSUMER PRODS INC,76171L106,21000.0,876,0.00015968683131139388
HELE,HELEN OF TROY LTD,G4388N106,21000.0,846,0.00015968683131139388
MYGN,MYRIAD GENETICS INC,62855J104,21000.0,2873,0.00015968683131139388
MNRO,MONRO MUFFLER BRAKE INC,610236101,21000.0,1145,0.00015968683131139388
PRAA,PRA GROUP INC COM,69354N106,21000.0,1388,0.00015968683131139388
WSR,WHITESTONE REIT,966084204,20000.0,1652,0.00015208269648704179
GES,GUESS INC,401617105,20000.0,1189,0.00015208269648704179
CLB,CORE LABORATORIES LUXEMBOURG,21867A105,20000.0,1650,0.00015208269648704179
NPK,NATIONAL PRESTO INDUSTRIES,637215104,20000.0,179,0.00015208269648704179
SG,SWEETGREEN INC,87043Q108,20000.0,2482,0.00015208269648704179
GOGO,GOGO INC,38046C109,20000.0,2337,0.00015208269648704179
JBSS,JOHN B SANFILIPPO & SON INC,800422107,20000.0,317,0.00015208269648704179
ASIX,ADVANSIX INC,00773T101,19000.0,997,0.0001444785616626897
AVNS,AVANOS MED INC,05350V106,19000.0,1656,0.0001444785616626897
KREF,KKR REAL ESTATE FINANCE TRUS,48251K100,19000.0,2072,0.0001444785616626897
HZO,MARINEMAX INC,567908108,19000.0,767,0.0001444785616626897
AL21,ALLSCRIPTS HEALTHCARE SOLUTI,01988P108,19000.0,3948,0.0001444785616626897
INSP,INSPIRE MED SYS INC,457730109,19000.0,257,0.0001444785616626897
SSTK,SHUTTERSTOCK INC,825690100,18000.0,857,0.00013687442683833762
GDEN,GOLDEN ENTMT INC,381013101,18000.0,781,0.00013687442683833762
NABL,N-ABLE INC,62878D100,18000.0,2280,0.00013687442683833762
ICHR,ICHOR HOLDINGS LTD COMMON ST,G4740B105,18000.0,1023,0.00013687442683833762
AHH,AMANDA HOFFLER PROPERTIES IN,04208T108,17000.0,2412,0.00012927029201398552
CAL,CALERES INC COM,129500104,17000.0,1307,0.00012927029201398552
YETI,YETI HOLDINGS INC,98585X104,17000.0,516,0.00012927029201398552
DNLI,DENALI THERAPEUTICS INC,24823R105,17000.0,1143,0.00012927029201398552
UHT,UNIVERSAL HEALTH REALTY INCO,91359E105,17000.0,429,0.00012927029201398552
NX,QUANEX BLDG PRODS CORP,747619104,17000.0,1187,0.00012927029201398552
GDYN,GRID DYNAMICS HLDGS INC,39813G109,17000.0,2150,0.00012927029201398552
MCW,MISTER CAR WASH INC,60646V105,16000.0,2958,0.00012166615718963343
FIG,FIGMA INC,316841105,16000.0,316,0.00012166615718963343
RIVN,RIVIAN AUTOMOTIVE INC COMMON,76954A103,15000.0,1034,0.00011406202236528135
VIR,VIR BIOTECHNOLOGY INC,92764N102,15000.0,2694,0.00011406202236528135
SITC,SITE CENTERS CORP,82981J851,15000.0,1658,0.00011406202236528135
BFS,SAUL CENTERS INC,804395101,14000.0,433,0.00010645788754092925
HTLD,HEARTLAND EXPRESS INC,422347104,14000.0,1658,0.00010645788754092925
RES,RPC INC,749660106,14000.0,2964,0.00010645788754092925
SNCY,SUN CTRY AIRLS HLDGS INC,866683105,14000.0,1159,0.00010645788754092925
TWI,TITAN INTERNATIONAL INC,88830M102,14000.0,1812,0.00010645788754092925
SCVL,SHOE CARNIVAL INC,824889109,13000.0,609,9.885375271657716e-05
MGPI,MGP INGREDIENTS INC,55303J106,13000.0,548,9.885375271657716e-05
THRY,THRYV HLDGS INC,886029206,13000.0,1090,9.885375271657716e-05
ARR,ARMOUR RESIDENTIAL REIT INC,042315705,12000.0,816,9.124961789222508e-05
CRSR,CORSAIR GAMING INC,22041X102,12000.0,1364,9.124961789222508e-05
USNA,USANA HEALTH SCIENCES INC,90328M107,11000.0,396,8.364548306787298e-05
CENT,CENTRAL GARDEN & PET CO,153527106,11000.0,345,8.364548306787298e-05
SAFE,SAFEHOLD INC,78646V107,11000.0,678,8.364548306787298e-05
GLOB,GLOBANT S.A.,L44385109,11000.0,200,8.364548306787298e-05
VTLE,LAREDO PETROLEUM INC,516806205,10000.0,609,7.604134824352089e-05
KGS,KODIAK GAS SVCS INC,50012A108,9000.0,230,6.843721341916881e-05
CRCL,CIRCLE INTERNET GROUP INC,172573107,6000.0,47,4.562480894611254e-05
RXRX,RECURSION PHARMACEUTICALS IN,75629V104,6000.0,1202,4.562480894611254e-05
XRX,XEROX HOLDINGS CORP,98421M106,5000.0,1236,3.8020674121760446e-05
N/A,VALARIS LTD,G9460G119,4000.0,1259,3.0416539297408358e-05
REYN,REYNOLDS CONSUMER PRODS INC,76171L106,3000.0,124,2.281240447305627e-05
N/A,VALARIS PLC,G9402V109,3000.0,45799,2.281240447305627e-05
OMI,OWENS & MINOR HOLDINGS,690732102,3000.0,716,2.281240447305627e-05
CTKB,CYTEK BIOSCIENCES INC,23285D109,3000.0,838,2.281240447305627e-05
SANA,SANA BIOTECHNOLOGY INC,799566104,2000.0,668,1.5208269648704179e-05
DNA,GINKGO BIOWORKS HOLDINGS INC,37611X209,2000.0,136,1.5208269648704179e-05
TQJ,SIGNATURE BANK,82669G104,1000.0,1191,7.6041348243520894e-06
XRX,XEROX HOLDINGS CORP,98421M106,1000.0,169,7.6041348243520894e-06
