ticker,nameOfIssuer,cusip,value,shares,allocation_percent
NVDA, NVIDIA CORPORATION ,67066G104,2928752000.0,15698554,3.359060748648139
AAPL, APPLE INC ,037833100,2603498000.0,9574524,2.9860185980185183
MSFT, MICROSOFT CORP ,594918104,2502801000.0,5173940,2.870526627306549
NVDA, NVIDIA CORPORATION ,67066G104,1562436000.0,8377675,1.7919979021353818
AMZN, AMAZON COM INC ,023135106,1412790000.0,6119555,1.620365068494227
MSFT, MICROSOFT CORP ,594918104,1158660000.0,2395807,1.328896856759689
TSLA, TESLA INC ,88160R101,1096150000.0,2433661,1.2572025352882925
GOOGL, ALPHABET INC ,02079K305,1092766000.0,3490896,1.2533213389379614
AAPL, APPLE INC ,037833100,1078702000.0,3967859,1.2371909768011236
META, META PLATFORMS INC ,30303M102,900074000.0,1363184,1.0323179443936272
AVGO, BROADCOM INC ,11135F101,823199000.0,2377533,0.9441480361691257
MSFT, MICROSOFT CORP ,594918104,752487000.0,1555947,0.8630466306358449
AMZN, AMAZON COM INC ,023135106,738726000.0,3200444,0.8472637869665458
GOOG, ALPHABET INC ,02079K107,716663000.0,2283366,0.8219591666718182
GOOG, ALPHABET INC ,02079K107,660900000.0,2106117,0.7580031524627401
AVGO, BROADCOM INC ,11135F101,628479000.0,1815889,0.7208186764361181
AMZN, AMAZON COM INC ,023135106,624026000.0,2703520,0.7157114165815007
NVDA, NVIDIA CORPORATION ,67066G104,562917000.0,3018322,0.6456239379253568
GOOGL, ALPHABET INC ,02079K305,553128000.0,1767183,0.6343966828800279
GOOGL, ALPHABET INC ,02079K305,543658000.0,1736926,0.6235352971124047
V, VISA INC ,92826C839,534132000.0,1522604,0.612609683509197
LLY, ELI LILLY & CO ,532457108,522884000.0,486501,0.5997090639617603
NFLX, NETFLIX INC ,64110L106,462021000.0,4927721,0.5299037290119347
ISRG, INTUITIVE SURGICAL INC ,46120E602,449332000.0,793160,0.515350389623828
AMD, ADVANCED MICRO DEVICES INC ,007903107,434219000.0,2027277,0.49801690249541314
JNJ, JOHNSON & JOHNSON ,478160104,427545000.0,2065768,0.4903623208044821
AU, ANGLOGOLD ASHANTI PLC ,G0378L100,418937000.0,292390,0.48048958493460875
BSX, BOSTON SCIENTIFIC CORP ,101137107,409966000.0,4299194,0.4702005150590705
TJX, TJX COS INC NEW ,872540109,403201000.0,2624238,0.4624415631353144
META, META PLATFORMS INC ,30303M102,397701000.0,602495,0.45613347214039063
CIEN, CIENA CORP ,171779309,379140000.0,1621158,0.43484538542097634
AMD, ADVANCED MICRO DEVICES INC ,007903107,366631000.0,1711948,0.420498492647249
AAPL, APPLE INC ,037833100,364403000.0,1340407,0.41794314233148716
META, META PLATFORMS INC ,30303M102,362653000.0,549400,0.41593602246946604
COST, COSTCO WHSL CORP NEW ,22160K105,337001000.0,390710,0.38651508606914187
C, CITIGROUP INC ,172967424,311618000.0,2669055,0.3574026726647513
UNH, UNITEDHEALTH GROUP INC ,91324P102,304171000.0,921543,0.3488615174576246
FSLR, FIRST SOLAR INC ,336433107,300516000.0,1150390,0.34466950426008897
ADBE, ADOBE INC ,00724F101,288325000.0,823611,0.33068733383843174
TSM, TAIWAN SEMICONDUCTOR MFG LTD ,874039100,286324000.0,942197,0.32839233564191495
QCOM, QUALCOMM INC ,747525103,283682000.0,1657766,0.3253621581130807
WMT, WALMART INC ,931142103,282473000.0,2535170,0.3239755250198329
BKNG, BOOKING HOLDINGS INC ,09857L108,282329000.0,52709,0.32381036772832944
PG, PROCTER AND GAMBLE CO ,742718109,276185000.0,1926738,0.316763656624182
V, VISA INC ,92826C839,271186000.0,773249,0.31103017537261407
LRCX, LAM RESEARCH CORP ,512807306,269692000.0,1574717,0.30931666847326567
PLTR, PALANTIR TECHNOLOGIES INC ,69608A108,267263000.0,1499414,0.3065307861047803
LLY, ELI LILLY & CO ,532457108,264267000.0,245903,0.30309459690100005
JPM, JPMORGAN CHASE & CO. ,46625H100,264040000.0,818529,0.302834244781755
NOW, SERVICENOW INC ,81762P102,263479000.0,1719828,0.3021908195002728
NVDA, NVIDIA CORPORATION ,67066G104,258147000.0,1384166,0.29607541201210313
PANW, PALO ALTO NETWORKS INC ,697435105,258053000.0,1400711,0.29596760100237174
IAGG, ISHARES TR ,46435G672,256520000.0,5129373,0.29420936400324116
MU, MICRON TECHNOLOGY INC ,595112103,256436000.0,898306,0.2941130222498642
ISRG, INTUITIVE SURGICAL INC ,46120E602,245310000.0,433135,0.2813523276299512
MA, MASTERCARD INCORPORATED ,57636Q104,241477000.0,422990,0.27695616166930714
XOM, EXXON MOBIL CORP ,30231G102,241441000.0,2006909,0.27691487234643125
IBM, INTERNATIONAL BUSINESS MACHS ,459200101,233347000.0,786855,0.2676316562531745
CSCO, CISCO SYS INC ,17275R102,230817000.0,2995440,0.26472993439550957
MA, MASTERCARD INCORPORATED ,57636Q104,229078000.0,401026,0.2627354307154783
NOW, SERVICENOW INC ,81762P102,222205000.0,1450520,0.2548526108230945
MRK, MERCK & CO INC ,58933Y105,219381000.0,2083670,0.25161369282861
ADSK, AUTODESK INC ,052769106,218708000.0,738853,0.2508418118759585
HD, HOME DEPOT INC ,437076102,215535000.0,626217,0.24720261683470524
GILD, GILEAD SCIENCES INC ,375558103,214325000.0,1745677,0.24581483681582203
CDNS, CADENCE DESIGN SYSTEM INC ,127387108,213260000.0,682258,0.2445933610140777
MSFT, MICROSOFT CORP ,594918104,213151000.0,440741,0.24446834611981466
INTC, INTEL CORP ,458140100,212394000.0,5756158,0.24360012341378606
AAPL, APPLE INC ,037833100,212169000.0,780433,0.24334206514581191
NEM, NEWMONT CORP ,651639106,211980000.0,2122205,0.24312529620071363
KO, COCA COLA CO ,191216100,210947000.0,3017157,0.24194052201930344
DWD, MORGAN STANLEY ,617446448,209498000.0,1179480,0.24027862677354989
CRM, SALESFORCE INC ,79466L302,205361000.0,775172,0.23553379541973182
BRK/B, BERKSHIRE HATHAWAY INC DEL ,084670702,204137000.0,406187,0.23412995844195242
ACN, ACCENTURE PLC IRELAND ,G1151C101,199685000.0,744188,0.22902384551297056
AMAT, APPLIED MATLS INC ,038222105,199056000.0,774293,0.22830242928827837
ABBV, ABBVIE INC ,00287Y109,198377000.0,867941,0.22752366678181418
TMUS, T-MOBILE US INC ,872590104,197019000.0,970492,0.22596614176888574
PEP, PEPSICO INC ,713448108,196956000.0,1372275,0.22589388545385297
AXP, AMERICAN EXPRESS CO ,025816109,195891000.0,529506,0.22467240965210866
ANET, ARISTA NETWORKS INC ,040413205,195314000.0,1490607,0.2240106335604594
INTU, INTUIT ,461202103,195102000.0,294438,0.22376748532574597
ETN, EATON CORP PLC ,G29183103,192360000.0,603829,0.22062261523336765
ADSK, AUTODESK INC ,052769106,190544000.0,643449,0.2185397982794074
PSTG, PURE STORAGE INC ,74624M102,190350000.0,2840622,0.21831729470613187
MDB, MONGODB INC ,60937P106,190342000.0,453529,0.21830811930104838
ISRG, INTUITIVE SURGICAL INC ,46120E602,189160000.0,333992,0.21695245319995748
BK, BANK NEW YORK MELLON CORP ,064058100,186881000.0,1609563,0.2143386096767882
DIS, DISNEY WALT CO ,254687106,185402000.0,1629397,0.21264230666197145
BAC, BANK AMERICA CORP ,060505104,182645000.0,3318031,0.20948023268506152
WFC, WELLS FARGO CO NEW ,949746101,180185000.0,1932117,0.20665879562187747
GOOGL, ALPHABET INC ,02079K305,180075000.0,575320,0.20653263380197898
JPM, JPMORGAN CHASE & CO. ,46625H100,179818000.0,558060,0.20623787391367074
LRCX, LAM RESEARCH CORP ,512807306,177101000.0,1034587,0.20312167696217845
ADP, AUTOMATIC DATA PROCESSING IN ,053015103,175002000.0,680302,0.20071428005338848
TMO, THERMO FISHER SCIENTIFIC INC ,883556102,173145000.0,298809,0.19858443914837512
GS, GOLDMAN SACHS GROUP INC ,38141G104,169641000.0,192742,0.19456561172179104
MANH, MANHATTAN ASSOCIATES INC ,562750109,169464000.0,977810,0.19436260588431803
TXN, TEXAS INSTRS INC ,882508104,168697000.0,972069,0.19348291392193503
SPGI, S&P GLOBAL INC ,78409V104,168168000.0,321749,0.19287619026078692
TSLA, TESLA INC ,88160R101,165994000.0,369106,0.1903827739293389
AMGN, AMGEN INC ,031162100,164148000.0,501335,0.1882655492063154
CVX, CHEVRON CORP NEW ,166764100,159691000.0,1048184,0.18315370164915634
CPRT, COPART INC ,217204106,156461000.0,3996446,0.17944913184668299
ECL, ECOLAB INC ,278865100,153972000.0,586455,0.17659443394007115
GILD, GILEAD SCIENCES INC ,375558103,153699000.0,1252233,0.17628132324159584
AMZN, AMAZON COM INC ,023135106,151133000.0,654765,0.17333831206105507
UBER, UBER TECHNOLOGIES INC ,90353T100,150354000.0,1840088,0.1724448569910468
BKNG, BOOKING HOLDINGS INC ,09857L108,150072000.0,28023,0.1721214239618525
TOST, TOAST INC ,888787108,149994000.0,4223987,0.17203196376228816
NEE, NEXTERA ENERGY INC ,65339F101,149427000.0,1861257,0.17138165692699328
PG, PROCTER AND GAMBLE CO ,742718109,146428000.0,1021754,0.16794202694630672
PLXS, PLEXUS CORP ,729132100,146286000.0,995145,0.16777916350607414
WM, WASTE MGMT INC DEL ,94106L109,145616000.0,662703,0.1670107233303289
CSGP, COSTAR GROUP INC ,22160N109,144148000.0,2143785,0.16532703649750197
ANET, ARISTA NETWORKS INC ,040413205,142612000.0,1088030,0.1635653587214651
ABBV, ABBVIE INC ,00287Y109,141830000.0,620726,0.1626684628745505
BSX, BOSTON SCIENTIFIC CORP ,101137107,141695000.0,1486056,0.162513627913766
TSM, TAIWAN SEMICONDUCTOR MFG LTD ,874039100,141010000.0,464023,0.16172798385348916
MA, MASTERCARD INCORPORATED ,57636Q104,140160000.0,245515,0.16075309706336458
PFE, PFIZER INC ,717081103,139634000.0,5607283,0.16014981417912277
XYL, XYLEM INC ,98419M100,137834000.0,1012078,0.15808534803532956
AMGN, AMGEN INC ,031162100,136994000.0,418544,0.15712193050155943
DHR, DANAHER CORPORATION ,235851102,136477000.0,596057,0.15652896994803658
BMY, BRISTOL-MYERS SQUIBB CO ,110122108,135631000.0,2514472,0.15555867086045377
NOW, SERVICENOW INC ,81762P102,135110000.0,881975,0.15496112260438918
AMAT, APPLIED MATLS INC ,038222105,134488000.0,523319,0.15424773485914509
HIG, HARTFORD INSURANCE GROUP INC ,416515104,134356000.0,974932,0.1540963406752669
CIT, CINTAS CORP ,172908105,134049000.0,712643,0.15374423450518665
CSCO, CISCO SYS INC ,17275R102,133152000.0,1728579,0.15271544221019637
DB, DEUTSCHE BANK A G ,D18190898,131632000.0,3975451,0.15097211524432655
TJX, TJX COS INC NEW ,872540109,130893000.0,852113,0.15012453719973587
AXP, AMERICAN EXPRESS CO ,025816109,130282000.0,351843,0.14942376563648163
REGN, REGENERON PHARMACEUTICALS ,75886F107,130035000.0,168443,0.1491404750045278
GE, GE AEROSPACE ,369604301,128735000.0,417448,0.1476494716784549
MCD, MCDONALDS CORP ,580135101,127000000.0,415250,0.14565955570096534
BSX, BOSTON SCIENTIFIC CORP ,101137107,126086000.0,1322348,0.14461126567017257
RACE, FERRARI N V ,N3167Y103,125859000.0,394908,0.14435091355092755
INTU, INTUIT ,461202103,124811000.0,188416,0.14314893548498572
QCOM, QUALCOMM INC ,747525103,124733000.0,729221,0.14305947528542134
MELI, MERCADOLIBRE INC ,58733R102,124192000.0,61661,0.14243898851664794
EA, ELECTRONIC ARTS INC ,285512109,122870000.0,601320,0.14092275282659536
UBS, UBS GROUP AG ,H42097107,122458000.0,3313385,0.1404502194647938
CDNS, CADENCE DESIGN SYSTEM INC ,127387108,121894000.0,389776,0.13980335340640526
ADI, ANALOG DEVICES INC ,032654105,118941000.0,438377,0.13641648200494896
ORCL, ORACLE CORP ,68389X105,118869000.0,609517,0.13633390335919723
CMI, CUMMINS INC ,231021106,118795000.0,232726,0.13624903086217463
GEV, GE VERNOVA INC ,36828A101,118760000.0,181609,0.1362088884649342
LLY, ELI LILLY & CO ,532457108,118419000.0,110190,0.13581778682324894
PGR, PROGRESSIVE CORP ,743315103,116645000.0,512226,0.13378314074597716
LIN, LINDE PLC ,G54950103,116398000.0,273252,0.13349985011402332
INTU, INTUIT ,461202103,116371000.0,175676,0.13346888312186644
PYPL, PAYPAL HLDGS INC ,70450Y103,115630000.0,1980204,0.1326190112260049
TSM, TAIWAN SEMICONDUCTOR MFG LTD ,874039100,115140000.0,378886,0.13205701766463895
AMD, ADVANCED MICRO DEVICES INC ,007903107,114973000.0,536855,0.13186548108352036
TT, TRANE TECHNOLOGIES PLC ,G8994E103,112526000.0,289121,0.12905895405359705
WELL, WELLTOWER INC ,95040Q104,111574000.0,600645,0.12796708084865754
SCHW, SCHWAB CHARLES CORP ,808513105,110893000.0,1109138,0.12718602449092242
ADP, AUTOMATIC DATA PROCESSING IN ,053015103,110871000.0,431020,0.12716079212694273
IT, GARTNER INC ,366651107,110024000.0,436119,0.1261893461137245
CTSH, COGNIZANT TECHNOLOGY SOLUTIO ,192446102,109598000.0,1320250,0.12570075579302675
MET, METLIFE INC ,59156R108,109118000.0,1382051,0.12515023148801524
AVGO, BROADCOM INC ,11135F101,108722000.0,314135,0.12469604893638074
TRV, TRAVELERS COMPANIES INC ,89417E109,107485000.0,370518,0.12327730192534063
ALL, ALLSTATE CORP ,020002101,107400000.0,515960,0.12317981324632818
KLAC, KLA CORP ,482480100,107105000.0,88032,0.12284147018387316
VRTX, VERTEX PHARMACEUTICALS INC ,92532F100,105538000.0,232672,0.12104423771313765
ENTG, ENTEGRIS INC ,29362U104,104899000.0,1245089,0.12031135223209105
COST, COSTCO WHSL CORP NEW ,22160K105,104898000.0,121644,0.1203102053064556
LRCX, LAM RESEARCH CORP ,512807306,104673000.0,611477,0.12005214703848147
CRM, SALESFORCE INC ,79466L302,104424000.0,394188,0.11976656255525674
IRTC, IRHYTHM TECHNOLOGIES INC ,450056106,103370000.0,582564,0.11855770293550225
VRTX, VERTEX PHARMACEUTICALS INC ,92532F100,103249000.0,227741,0.11841892493361394
GMED, GLOBUS MED INC ,379577208,102713000.0,1096876,0.11780417279301775
BMY, BRISTOL-MYERS SQUIBB CO ,110122108,102600000.0,1901574,0.11767457019621294
PANW, PALO ALTO NETWORKS INC ,697435105,102423000.0,556044,0.11747156435873995
NXPI, NXP SEMICONDUCTORS N V ,N6596X109,102386000.0,471694,0.11742912811022865
APP, APPLOVIN CORP ,03831W108,102308000.0,151532,0.11733966791066426
DASH, DOORDASH INC ,25809K105,101384000.0,447483,0.11627990862351709
XYL, XYLEM INC ,98419M100,100754000.0,739861,0.11555734547318945
PANW, PALO ALTO NETWORKS INC ,697435105,99032000.0,537633,0.11358233952896062
AEM, AGNICO EAGLE MINES LTD ,008474108,98875000.0,430449,0.11340227220419644
EW, EDWARDS LIFESCIENCES CORP ,28176E108,98528000.0,1155578,0.11300428900869852
WDAY, WORKDAY INC ,98138H101,98180000.0,456874,0.11260515888756517
BLK, BLACKROCK INC ,09290D101,97764000.0,91290,0.11212803782322184
EXPD, EXPEDITORS INTL WASH INC ,302130109,97193000.0,652223,0.11147314328538523
SBUX, STARBUCKS CORP ,855244109,96328000.0,1143793,0.11048105261072905
ECL, ECOLAB INC ,278865100,95627000.0,364267,0.10967705774028513
UNP, UNION PAC CORP ,907818108,95329000.0,411916,0.10933527390092383
LLY, ELI LILLY & CO ,532457108,95237000.0,88619,0.10922975674246328
FTNT, FORTINET INC ,34959E109,94994000.0,1195168,0.10895105381305119
ACN, ACCENTURE PLC IRELAND ,G1151C101,94211000.0,351141,0.10805301104050115
ACGL, ARCH CAP GROUP LTD ,G0450A105,93778000.0,977612,0.10755639224035533
ETN, EATON CORP PLC ,G29183103,92163000.0,289356,0.10570410733911864
PH, PARKER-HANNIFIN CORP ,701094104,92135000.0,104823,0.10567199342132631
NBIX, NEUROCRINE BIOSCIENCES INC ,64125C109,91959000.0,648376,0.10547013450948875
PGR, PROGRESSIVE CORP ,743315103,91822000.0,403222,0.10531300569743339
TT, TRANE TECHNOLOGIES PLC ,G8994E103,91273000.0,234472,0.10468334352357646
TMO, THERMO FISHER SCIENTIFIC INC ,883556102,91114000.0,157235,0.10450098234754139
CEG, CONSTELLATION ENERGY CORP ,21037T109,90588000.0,256270,0.10389769946329958
ELV, ELEVANCE HEALTH INC FORMERLY ,036752103,90032000.0,256901,0.10326000880999459
EQIX, EQUINIX INC ,29444U700,89766000.0,117178,0.10295492659096736
MPWR, MONOLITHIC PWR SYS INC ,609839105,89239000.0,98459,0.10235049678109012
PAYC, PAYCOM SOFTWARE INC ,70432V102,89236000.0,559964,0.10234705600418381
FSLR, FIRST SOLAR INC ,336433107,89169000.0,341284,0.10227021198660928
KR, KROGER CO ,501044101,89018000.0,1424668,0.10209702621565775
MBB, ISHARES TR ,464288588,88839000.0,932987,0.10189172652691385
NFLX, NETFLIX INC ,64110L106,88383000.0,942650,0.1013687284371529
APH, AMPHENOL CORP NEW ,032095101,88202000.0,652235,0.10116113489713814
JAZZ, JAZZ PHARMACEUTICALS PLC ,G50871105,87573000.0,515136,0.10043971867244597
ABT, ABBOTT LABS ,002824100,87559000.0,698847,0.1004236617135498
CAT, CATERPILLAR INC ,149123101,87539000.0,152661,0.10040072320084098
DXCM, DEXCOM INC ,252131107,87350000.0,1316111,0.1001839542557427
A4S, AMERIPRISE FINL INC ,03076C106,87313000.0,178067,0.1001415180072314
META, META PLATFORMS INC ,30303M102,87162000.0,132046,0.09996833223627985
MDT, MEDTRONIC PLC ,G5960L103,86929000.0,904652,0.09970109856322217
RTX, RTX CORPORATION ,75513E101,86908000.0,473869,0.09967701312487791
TSLA, TESLA INC ,88160R101,86737000.0,192868,0.09948088884121757
APP, APPLOVIN CORP ,03831W108,86607000.0,128532,0.09933178850861028
V, VISA INC ,92826C839,86587000.0,246890,0.09930884999590145
NEM, NEWMONT CORP ,651639106,84749000.0,848760,0.09720080067796151
ICE, INTERCONTINENTAL EXCHANGE IN ,45866F104,83862000.0,517792,0.09618347763932562
PH, PARKER-HANNIFIN CORP ,701094104,83683000.0,95173,0.09597817795058175
ACLS, AXCELIS TECHNOLOGIES INC ,054540208,83637000.0,1041032,0.09592541937135149
SHW, SHERWIN WILLIAMS CO ,824348106,83436000.0,257478,0.09569488731862791
ABT, ABBOTT LABS ,002824100,83217000.0,664328,0.0954437106044664
TMO, THERMO FISHER SCIENTIFIC INC ,883556102,81996000.0,141507,0.09404331440359333
RSG, REPUBLIC SVCS INC ,760759100,81974000.0,386797,0.09401808203961365
MCK, MCKESSON CORP ,58155Q103,81186000.0,98950,0.0931143046388864
ORLY, OREILLY AUTOMOTIVE INC ,67103H107,80845000.0,886181,0.09272320299720113
FSLR, FIRST SOLAR INC ,336433107,80664000.0,308784,0.09251560945718636
COP, CONOCOPHILLIPS ,20825C104,80132000.0,856370,0.09190544501913192
AWC, AMERICAN WTR WKS CO INC NEW ,030420103,79846000.0,611826,0.09157742428739589
GILD, GILEAD SCIENCES INC ,375558103,79446000.0,647274,0.09111865403321963
CL, COLGATE PALMOLIVE CO ,194162103,78934000.0,998696,0.090531428107874
SHOP, SHOPIFY INC ,82509L107,78191000.0,480876,0.08967926236074159
BAC, BANK AMERICA CORP ,060505104,77654000.0,1411891,0.08906336329450994
WELL, WELLTOWER INC ,95040Q104,76913000.0,414380,0.0882134913986484
BABA, ALIBABA GROUP HLDG LTD ,01609W102,76418000.0,473942,0.08764576320910526
EME, EMCOR GROUP INC ,29084Q100,76119000.0,124396,0.08730283244410851
PAYO, PAYONEER GLOBAL INC ,70451X104,75997000.0,13522552,0.08716290751658475
MMC, MARSH & MCLENNAN COS INC ,571748102,75930000.0,409190,0.08708606349901021
IONS, IONIS PHARMACEUTICALS INC ,462222100,75534000.0,954793,0.08663188094737571
KMB, KIMBERLY-CLARK CORP ,494368103,74528000.0,738708,0.0854780737581224
ROST, ROSS STORES INC ,778296103,74448000.0,413238,0.08538631970728715
PEO, EXELON CORP ,30161N101,74417000.0,1707226,0.08535076501258848
PLTR, PALANTIR TECHNOLOGIES INC ,69608A108,74078000.0,416753,0.08496195722217409
ARGX, ARGENX SE ,04016X101,74062000.0,88069,0.08494360641200704
TER, TERADYNE INC ,880770102,73867000.0,381623,0.08471995591309611
T, AT&T INC ,00206R102,73825000.0,2972871,0.0846717850364076
ABG, CENCORA INC ,03073E105,73601000.0,217915,0.0844148736940689
AXON, AXON ENTERPRISE INC ,05464C101,73148000.0,128744,0.08389531638121427
CME, CME GROUP INC ,12572Q105,72803000.0,266600,0.08349962703698724
ARRY, ARRAY TECHNOLOGIES INC ,04271T100,72717000.0,7886873,0.08340099143233934
LIN, LINDE PLC ,G54950103,72715000.0,170536,0.08339869758106846
SNPS, SYNOPSYS INC ,871607107,71394000.0,151897,0.08188360881665134
TROW, PRICE T ROWE GROUP INC ,74144T108,70423000.0,687786,0.08076994402463844
WSM, WILLIAMS SONOMA INC ,969904101,70385000.0,394004,0.08072636085049169
NKE, NIKE INC ,654106103,70143000.0,1102453,0.08044880484671506
HD, HOME DEPOT INC ,437076102,69845000.0,202980,0.08010702100735373
HON, HONEYWELL INTL INC ,438516106,69653000.0,357032,0.07988681128534912
A4S, AMERIPRISE FINL INC ,03076C106,69578000.0,141866,0.07980079186269108
IDXX, IDEXX LABS INC ,45168D104,69318000.0,102437,0.0795025911974765
ABG, CENCORA INC ,03073E105,69278000.0,205085,0.07945671417205888
EBA, EBAY INC. ,278642103,69094000.0,793463,0.0792456798551378
FI, FISERV INC ,337738108,68985000.0,1026920,0.07912066496087476
ON, ON SEMICONDUCTOR CORP ,682189105,68939000.0,1272822,0.07906790638164449
UBER, UBER TECHNOLOGIES INC ,90353T100,68842000.0,842784,0.07895665459500674
AXP, AMERICAN EXPRESS CO ,025816109,68831000.0,186054,0.07894403841301689
TEL, TE CONNECTIVITY PLC ,G87052109,68689000.0,301917,0.07878117497278432
LULU, LULULEMON ATHLETICA INC ,550021109,68359000.0,328929,0.0784026895130889
TRMB, TRIMBLE INC ,896239100,68155000.0,869885,0.078168716683459
AME, AMETEK INC ,031100100,68098000.0,331634,0.07810334192223888
BAC, VERIZON COMMUNICATIONS INC ,92343V104,68083000.0,1672274,0.07808613803770727
SPG, SIMON PPTY GROUP INC NEW ,828806109,67608000.0,365132,0.07754134836087295
ALLE, ALLEGION PLC ,G0176J109,67579000.0,424437,0.07750808751744517
ORCL, ORACLE CORP ,68389X105,67547000.0,346557,0.07747138589711107
AMT, AMERICAN TOWER CORP NEW ,03027X100,67519000.0,384606,0.07743927197931873
AZO, AUTOZONE INC ,053332102,67363000.0,19857,0.07726035158018998
FROG, JFROG LTD ,M6191J100,67194000.0,1075794,0.0770665211478005
CCJ, CAMECO CORP ,13321L108,67099000.0,733408,0.07695756321243365
SYF, SYNCHRONY FINANCIAL ,87165B103,66858000.0,801166,0.07668115413429244
ATEC, ALPHATEC HLDGS INC ,02081G201,66806000.0,3175171,0.07662151400124953
PLD, PROLOGIS INC. ,74340W103,66738000.0,522783,0.07654352305803956
MSCI, MSCI INC ,55354G100,65473000.0,114098,0.07509266212920711
BA, BOEING CO ,097023105,65379000.0,301064,0.07498485111947568
TMO, THERMO FISHER SCIENTIFIC INC ,883556102,65244000.0,112596,0.0748300161586912
VRSN, VERISIGN INC ,92343E102,65232000.0,268487,0.07481625305106591
APH, AMPHENOL CORP NEW ,032095101,64621000.0,478177,0.07411548148781166
RMD, RESMED INC ,761152107,64508000.0,267768,0.07398587889100687
HLT, HILTON WORLDWIDE HLDGS INC ,43300A203,64468000.0,224307,0.07394000186558923
TRI, THOMSON REUTERS CORP ,884903808,64215000.0,366871,0.07364982967982275
AGG, ISHARES TR ,464287226,64139000.0,642157,0.07356266333152925
ZTS, ZOETIS INC ,98978V103,63919000.0,508039,0.07331033969173231
N/A, TOTALENERGIES SE ,F92124100,63839000.0,1148279,0.07321858564089706
ICE, INTERCONTINENTAL EXCHANGE IN ,45866F104,63292000.0,390786,0.07259121731831102
KLAC, KLA CORP ,482480100,62876000.0,51746,0.07211409625396768
TPR, TAPESTRY INC ,876030107,62823000.0,491629,0.07205330919528934
NDAQ, NASDAQ INC ,631103108,62451000.0,642859,0.0716266528589054
ISRG, INTUITIVE SURGICAL INC ,46120E602,62420000.0,110213,0.07159109816420674
EBA, EBAY INC. ,278642103,62096000.0,712932,0.07121949425832397
NEE, NEXTERA ENERGY INC ,65339F101,61779000.0,769539,0.07085591883188927
CRNX, CRINETICS PHARMACEUTICALS IN ,22663K107,61728000.0,1326064,0.0707974256244818
PLD, PROLOGIS INC. ,74340W103,61695000.0,483051,0.07075957707851226
TJX, TJX COS INC NEW ,872540109,61695000.0,401636,0.07075957707851226
ROP, ROPER TECHNOLOGIES INC ,776696106,61464000.0,138061,0.07049463725672546
MCO, MOODYS CORP ,615369105,61302000.0,119964,0.07030883530378408
SPSC, SPS COMM INC ,78463M107,61245000.0,687141,0.07024346054256396
MSI, MOTOROLA SOLUTIONS INC ,620076307,60967000.0,159049,0.06992461521591145
GWW, WW GRAINGER INC ,384802104,60596000.0,60053,0.06949910580516296
CM, CANADIAN IMPERIAL BANK OF CO ,136069101,60415000.0,485535,0.0692915122651482
GIB/A, CGI INC ,12532H104,60394000.0,476337,0.06926742682680394
EME, EMCOR GROUP INC ,29084Q100,60370000.0,98677,0.06923990061155337
DDOG, DATADOG INC ,23804L103,60326000.0,443380,0.06918943588359398
SPGI, S&P GLOBAL INC ,78409V104,60179000.0,115155,0.0690208378151842
HXL, HEXCEL CORP NEW ,428291108,60122000.0,813558,0.06895546305396408
KO, COCA COLA CO ,191216100,60070000.0,859254,0.06889582292092117
CME, CME GROUP INC ,12572Q105,59979000.0,219552,0.06879145268809606
B, BARRICK MNG CORP ,06849F108,59914000.0,1001145,0.06871690252179241
INCY, INCYTE CORP ,45337C102,59831000.0,605726,0.06862170769405085
MCK, MCKESSON CORP ,58155Q103,59803000.0,72905,0.0685895937762585
MRK, MERCK & CO INC ,58933Y105,59658000.0,566769,0.06842328955911961
VRTX, VERTEX PHARMACEUTICALS INC ,92532F100,59590000.0,131440,0.06834529861590964
BR, BROADRIDGE FINL SOLUTIONS IN ,11133T103,59585000.0,266954,0.06833956398773243
NVR, NVR INC ,62944T105,59492000.0,8157,0.06823289990363646
LOW, LOWES COS INC ,548661107,59459000.0,246474,0.06819505135766692
DLR, DIGITAL RLTY TR INC ,253868103,59444000.0,384204,0.06817784747313531
ULTA, ULTA BEAUTY INC ,90384S303,58523000.0,96717,0.06712152896289444
PRCT, PROCEPT BIOROBOTICS CORP ,74276L105,58173000.0,1849117,0.0667201049904902
JNJ, JOHNSON & JOHNSON ,478160104,58082000.0,280657,0.06661573475766511
YUM, YUM BRANDS INC ,988498101,57767000.0,381776,0.0662544531825013
AMT, AMERICAN TOWER CORP NEW ,03027X100,57554000.0,327812,0.06601015802215243
AG8, AGILENT TECHNOLOGIES INC ,00846U101,57511000.0,422547,0.06596084021982848
ZBRA, ZEBRA TECHNOLOGIES CORPORATI ,989207105,57425000.0,236493,0.0658622046151806
HBAN, HUNTINGTON BANCSHARES INC ,446150104,57109000.0,3290978,0.06549977611438133
ADBE, ADOBE INC ,00724F101,57058000.0,163027,0.06544128290697386
VCEL, VERICEL CORP ,92346J108,56809000.0,1577584,0.06515569842374913
COST, COSTCO WHSL CORP NEW ,22160K105,56583000.0,65616,0.06489649323013955
STT, STATE STR CORP ,857477103,56506000.0,437895,0.0648081799562106
TIGO, MILLICOM INTL CELLULAR S A ,L6388F110,56029000.0,1010621,0.0642610964281054
GM, GENERAL MTRS CO ,37045V100,56009000.0,688297,0.0642381579153966
VRNS, VARONIS SYS INC ,922280102,55758000.0,1699953,0.06395027958090098
CCEP, COCA-COLA EUROPACIFIC PARTNE ,G25839104,55597000.0,612979,0.06376562455359504
NXT, NEXTPOWER INC ,65290E101,55513000.0,637270,0.06366928280021802
ABBV, ABBVIE INC ,00287Y109,55439000.0,242630,0.06358441030319542
CVS, CVS HEALTH CORP ,126650100,55220000.0,695703,0.0633332335890339
VICI, VICI PPTYS INC ,925652109,55064000.0,1958274,0.06315431318990516
RY, ROYAL BK CDA ,780087102,54327000.0,232178,0.06230902899658538
PANW, PALO ALTO NETWORKS INC ,697435105,54165000.0,294056,0.062123227043643994
MU, MICRON TECHNOLOGY INC ,595112103,54078000.0,189475,0.062023444513360663
VEEV, VEEVA SYS INC ,922475108,53870000.0,241322,0.061784883981189004
BSX, BOSTON SCIENTIFIC CORP ,101137107,53647000.0,562630,0.06152911956448573
HCA, HCA HEALTHCARE INC ,40412C101,52989000.0,113450,0.06077444249636577
RGEN, REPLIGEN CORP ,759916109,52934000.0,323047,0.060711361586416525
WPM, WHEATON PRECIOUS METALS CORP ,962879102,52878000.0,327494,0.060647133750831854
PEO, EXELON CORP ,30161N101,52731000.0,1209715,0.06047853568242207
RUN, SUNRUN INC ,86771W105,52593000.0,2858326,0.06032025994473126
CYTK, CYTOKINETICS INC ,23282W605,52496000.0,826182,0.06020900815809352
ANET, ARISTA NETWORKS INC ,040413205,52400000.0,399909,0.060098903297091215
GEV, GE VERNOVA INC ,36828A101,52274000.0,79983,0.05995439066702569
BABA, ALIBABA GROUP HLDG LTD ,01609W102,52108000.0,220363,0.05976400101154253
INTU, INTUIT ,461202103,52060000.0,78591,0.05970894858104138
ECL, ECOLAB INC ,278865100,51972000.0,197974,0.059608019125122605
EQIX, EQUINIX INC ,29444U700,51720000.0,67505,0.05931899386499155
SHOP, SHOPIFY INC ,82509L107,51535000.0,280647,0.05910681262243502
SPOT, SPOTIFY TECHNOLOGY S A ,L8681T102,51370000.0,88437,0.05891756989258732
AVY, AVERY DENNISON CORP ,053611109,51286000.0,281981,0.058821228139210306
RSG, REPUBLIC SVCS INC ,760759100,51193000.0,241506,0.05871456405511433
AMT, AMERICAN TOWER CORP NEW ,03027X100,51064000.0,290848,0.05856661064814247
BKR, BAKER HUGHES COMPANY ,05722G100,51026000.0,1120552,0.05852302747399573
AXON, AXON ENTERPRISE INC ,05464C101,50980000.0,89765,0.058470268894765455
MNST, MONSTER BEVERAGE CORP NEW ,61174X109,50872000.0,662814,0.05834640092613787
UAL, UNITED AIRLS HLDGS INC ,910047109,50740000.0,453768,0.05819500674225969
CBOE, CBOE GLOBAL MKTS INC ,12503M108,50693000.0,201924,0.05814110123739399
HOOD, ROBINHOOD MKTS INC ,770700102,50516000.0,445859,0.05793809539992098
MDLZ, MONDELEZ INTL INC ,609207105,50443000.0,936713,0.057854369828533814
SNOW, SNOWFLAKE INC ,833445109,50151000.0,228622,0.05751946754298514
SPOT, SPOTIFY TECHNOLOGY S A ,L8681T102,49976000.0,86060,0.05731875555678302
CMI, CUMMINS INC ,231021106,49498000.0,96936,0.05677052510304238
ITW, ILLINOIS TOOL WKS INC ,452308109,49173000.0,199647,0.05639777427152416
HRI, HERC HLDGS INC ,42704L104,48811000.0,328957,0.05598258719149464
HWM, HOWMET AEROSPACE INC ,443201108,48796000.0,237558,0.05596538330696303
CWST, CASELLA WASTE SYS INC ,147448104,48629000.0,496516,0.05577384672584444
EW, EDWARDS LIFESCIENCES CORP ,28176E108,48628000.0,570420,0.055772699800209
ITW, ILLINOIS TOOL WKS INC ,452308109,48536000.0,196944,0.055667182641748456
CAH, CARDINAL HEALTH INC ,14149Y108,48416000.0,235538,0.05552955156549557
ORLY, OREILLY AUTOMOTIVE INC ,67103H107,48415000.0,530803,0.05552840463986013
AVGO, BROADCOM INC ,11135F101,48305000.0,139570,0.05540224281996165
STLA, STELLANTIS N.V ,N82405106,48280000.0,5105949,0.05537356967907565
FTV, FORTIVE CORP ,34959J108,48275000.0,874362,0.05536783505089844
TYL, TYLER TECHNOLOGIES INC ,902252105,48132000.0,106018,0.05520382468503042
FDX, FEDEX CORP ,31428X106,47768000.0,165270,0.054786343753730024
HBAN, HUNTINGTON BANCSHARES INC ,446150104,47713000.0,2750055,0.054723262843780776
UAL, UNITED AIRLS HLDGS INC ,910047109,47574000.0,425424,0.05456384018045452
CTSH, COGNIZANT TECHNOLOGY SOLUTIO ,192446102,47553000.0,572927,0.054539754742110265
HOOD, ROBINHOOD MKTS INC ,770700102,47517000.0,420131,0.05449846541923441
BLK, BLACKROCK INC ,09290D101,47278000.0,44171,0.05422435019236409
MAR, MARRIOTT INTL INC NEW ,571903202,47013000.0,151484,0.053920414898972306
PEP, PEPSICO INC ,713448108,46998000.0,327466,0.0539032110144407
PNC, PNC FINL SVCS GROUP INC ,693475105,46904000.0,224557,0.053795400004709275
PTC, PTC INC ,69370C100,46612000.0,267565,0.0534604977191606
PTC, PTC INC ,69370C100,46588000.0,267404,0.05343297150391003
UHS, UNIVERSAL HLTH SVCS INC ,913903100,46551000.0,213486,0.05339053525539872
PTCT, PTC THERAPEUTICS INC ,69366J200,46462000.0,611660,0.0532884588738445
DE, DEERE & CO ,244199105,46367000.0,99568,0.053179500938477633
SHYG, ISHARES TR ,46434V407,46180000.0,1077221,0.052965025844650224
ITT, ITT INC ,45073V108,45714000.0,263465,0.052430558498534875
HOLX, HOLOGIC INC ,436440101,45627000.0,612527,0.05233077596825153
GXO, GXO LOGISTICS INCORPORATED ,36262G101,45611000.0,864394,0.052312425158084486
OTIS, OTIS WORLDWIDE CORP ,68902V107,45586000.0,521839,0.052283752017198475
BSY, BENTLEY SYS INC ,08265T208,45417000.0,1190017,0.052089921584809
RPRX, ROYALTY PHARMA PLC ,G7709Q104,45318000.0,1172733,0.051976375946900376
VRT, VERTIV HOLDINGS CO ,92537N108,45034000.0,277968,0.05165064906643522
NBIX, NEUROCRINE BIOSCIENCES INC ,64125C109,44752000.0,315530,0.051327216037240955
DWD, MORGAN STANLEY ,617446448,44724000.0,251923,0.05129510211944861
ICE, INTERCONTINENTAL EXCHANGE IN ,45866F104,44555000.0,275032,0.051101271687059135
CTVA, CORTEVA INC ,22052L104,44478000.0,663547,0.0510129584131302
TGT, TARGET CORP ,87612E106,44394000.0,454237,0.050916616659753194
HIG, HARTFORD INSURANCE GROUP INC ,416515104,44304000.0,321509,0.05081339335256353
MSA, MSA SAFETY INC ,553498106,44257000.0,276364,0.05075948784769782
PAYX, PAYCHEX INC ,704326107,44083000.0,392964,0.05055992278713114
WCN, WASTE CONNECTIONS INC ,94106B101,44059000.0,251249,0.050532396571880564
AFL, AFLAC INC ,001055102,44034000.0,399309,0.05050372343099455
LGN, LEGENCE CORP ,52476L109,43896000.0,1019883,0.05034544769330373
PLD, PROLOGIS INC. ,74340W103,43799000.0,343090,0.05023419590666599
AEIS, ADVANCED ENERGY INDS ,007973100,43787000.0,209139,0.0502204327990407
ZYME, ZYMEWORKS INC ,98985Y108,43757000.0,1661875,0.05018602502997749
MTD, METTLER TOLEDO INTERNATIONAL ,592688105,43555000.0,31209,0.04995434605161846
TTWO, TAKE-TWO INTERACTIVE SOFTWAR ,874054109,43544000.0,170176,0.049941729869628616
TFC, TRUIST FINL CORP ,89832Q109,43435000.0,881972,0.049816714975365585
JCI, JOHNSON CTLS INTL PLC ,G51502105,43308000.0,361454,0.04967105541966462
NET, CLOUDFLARE INC ,18915M107,43203000.0,219140,0.04955062822794335
DDOG, DATADOG INC ,23804L103,43193000.0,317620,0.04953915897158895
SYK, STRYKER CORPORATION ,863667101,43188000.0,122827,0.04953342434341174
SHLS, SHOALS TECHNOLOGIES GROUP IN ,82489W107,42950000.0,5052957,0.04926045604217685
CIEN, CIENA CORP ,171779309,42780000.0,182924,0.049065478684151946
SITM, SITIME CORP ,82982T106,42546000.0,120461,0.048797098085458825
DLR, DIGITAL RLTY TR INC ,253868103,42537000.0,274949,0.048786775754739865
MELI, MERCADOLIBRE INC ,58733R102,42334000.0,21017,0.048553949850745404
AXS, AXIS CAP HLDGS LTD ,G0692U109,42139000.0,393490,0.04833029935183448
PCAR, PACCAR INC ,693718108,42114000.0,384422,0.04830162621094846
WMT, WALMART INC ,931142103,42070000.0,377614,0.048251161482989066
CHKP, CHECK POINT SOFTWARE TECH LT ,M22465104,42053000.0,226608,0.04823166374718658
XYZ, BLOCK INC ,852234103,41948000.0,644466,0.04811123655546531
CMCSA, COMCAST CORP NEW ,20030N101,41838000.0,1399927,0.04798507473556683
PLNT, PLANET FITNESS INC ,72703H101,41824000.0,385584,0.04796901777667066
HON, HONEYWELL INTL INC ,438516106,41758000.0,213955,0.04789332068473158
MDB, MONGODB INC ,60937P106,41573000.0,99006,0.04768113944217505
GGG, GRACO INC ,384109104,41556000.0,506921,0.04766164170637256
ALL, ALLSTATE CORP ,020002101,41443000.0,199101,0.04753203910956776
ETN, EATON CORP PLC ,G29183103,41353000.0,129833,0.04742881580237811
RDN, RADIAN GROUP INC ,750236101,40998000.0,1139159,0.047021657201796664
URI, UNITED RENTALS INC ,911363109,40954000.0,50583,0.04697119247383728
MSI, MOTOROLA SOLUTIONS INC ,620076307,40896000.0,106744,0.04690467078698172
CRWD, CROWDSTRIKE HLDGS INC ,22788C105,40867000.0,87100,0.04687140994355394
EVR, EVERCORE INC ,29977A105,40811000.0,119945,0.04680718210796927
DLTR, DOLLAR TREE INC ,256746108,40245000.0,327194,0.04615802219830984
CRDO, CREDO TECHNOLOGY GROUP HOLDI ,G25457105,40235000.0,279621,0.04614655294195544
TSCO, TRACTOR SUPPLY CO ,892356106,39906000.0,797961,0.045769214407895456
UNH, UNITEDHEALTH GROUP INC ,91324P102,39851000.0,120719,0.045706133497946215
COF, CAPITAL ONE FINL CORP ,14040H105,39847000.0,164153,0.045701545795404454
PODD, INSULET CORP ,45784P101,39735000.0,139767,0.0455730901242351
QSR, RESTAURANT BRANDS INTL INC ,76131D103,39632000.0,575415,0.04545495678378471
XENE, XENON PHARMACEUTICALS INC ,98420N105,39522000.0,881794,0.04532879496388623
WTS, WATTS WATER TECHNOLOGIES INC ,942749102,39283000.0,142319,0.04505467973701592
EW, EDWARDS LIFESCIENCES CORP ,28176E108,39186000.0,459655,0.044943427950378166
PRCT, PROCEPT BIOROBOTICS CORP ,74276L105,39159000.0,1244734,0.044912460958221274
SHAK, SHAKE SHACK INC ,819047101,39150000.0,482315,0.04490213862750231
DGX, QUEST DIAGNOSTICS INC ,74834L100,39102000.0,225294,0.04484708619700115
CIEN, CIENA CORP ,171779309,38850000.0,166040,0.044558060936870106
NBIX, NEUROCRINE BIOSCIENCES INC ,64125C109,38815000.0,273617,0.04451791853962968
REGN, REGENERON PHARMACEUTICALS ,75886F107,38663000.0,50090,0.0443435858430427
PFG, PRINCIPAL FINANCIAL GROUP IN ,74251V102,38572000.0,437217,0.0442392156102176
MTH, MERITAGE HOMES CORP ,59001A102,38427000.0,584000,0.0440729113930787
RGLD, ROYAL GOLD INC ,780287108,38416000.0,172821,0.044060295211088854
EMR, EMERSON ELEC CO ,291011104,38342000.0,288626,0.043975422714066244
MMM, 3M CO ,88579Y101,38172000.0,238411,0.04378044535604133
FITB, FIFTH THIRD BANCORP ,316773100,38142000.0,814470,0.043746037586978107
BLD, TOPBUILD CORP ,89055F103,38076000.0,91267,0.043670340495039026
BIIB, BIOGEN INC ,09062X103,37973000.0,215764,0.043552207154588636
ATRC, ATRICURE INC ,04963C209,37918000.0,958497,0.0434891262446394
DECK, DECKERS OUTDOOR CORP ,243537107,37912000.0,365757,0.04348224469082675
PLNT, PLANET FITNESS INC ,72703H101,37848000.0,348923,0.04340884145015855
MNST, MONSTER BEVERAGE CORP NEW ,61174X109,37799000.0,493005,0.04335264209402196
AWI, ARMSTRONG WORLD INDS INC NEW ,04247X102,37717000.0,197370,0.04325859419191582
INDB, INDEPENDENT BK CORP MASS ,453836108,37685000.0,515661,0.043221892571581724
RY, ROYAL BK CDA ,780087102,37594000.0,160650,0.04311752233875662
ZM, ZOOM COMMUNICATIONS INC ,98980L101,37510000.0,434639,0.043021180585379605
RCL, ROYAL CARIBBEAN GROUP ,V7780T103,37469000.0,134335,0.04297415663432654
CGNX, COGNEX CORP ,192422103,37112000.0,1031463,0.04256470418247422
DIS, DISNEY WALT CO ,254687106,37068000.0,325818,0.04251423945451483
FTDR, FRONTDOOR INC ,35905A109,36963000.0,640712,0.04239381226279356
USB, US BANCORP DEL ,902973304,36793000.0,688737,0.04219883490476864
FANG, DIAMONDBACK ENERGY INC ,25278X109,36626000.0,243702,0.04200729832365005
SYK, STRYKER CORPORATION ,863667101,36473000.0,103773,0.04183181870142763
CMCSA, COMCAST CORP NEW ,20030N101,36436000.0,1218999,0.04178938245291632
DXCM, DEXCOM INC ,252131107,36362000.0,547780,0.04170450995589371
OKE, ONEOK INC NEW ,682680103,36280000.0,493637,0.04161046205378758
ITRI, ITRON INC ,465741106,36277000.0,390662,0.041607021276881255
UNH, UNITEDHEALTH GROUP INC ,91324P102,36008000.0,109079,0.04129849828094772
INTA, INTAPP INC ,45827U109,35915000.0,783818,0.04119183419685173
ABNB, AIRBNB INC ,009066101,35781000.0,263589,0.041038146161702684
JBTM, JBT MAREL CORPORATION ,477839104,35672000.0,213319,0.04091313126743965
CMC, COMMERCIAL METALS CO ,201723103,35593000.0,514208,0.04082252414223984
INCY, INCYTE CORP ,45337C102,35592000.0,360352,0.04082137721660439
SNDR, SCHNEIDER NATIONAL INC ,80689H102,35586000.0,1341368,0.04081449566279175
CAT, CATERPILLAR INC ,149123101,35484000.0,61940,0.040697509247976806
GE, GE AEROSPACE ,369604301,35461000.0,115122,0.04067112995836167
COST, COSTCO WHSL CORP NEW ,22160K105,35366000.0,41012,0.04056217202299481
VRTX, VERTEX PHARMACEUTICALS INC ,92532F100,35341000.0,77954,0.04053349888210879
UBSI, UNITED BANKSHARES INC WEST V ,909907107,35322000.0,919849,0.040511707295035414
IDA, IDACORP INC ,451107106,35285000.0,278802,0.04046927104652411
ASML, ASML HOLDING N V ,N07059210,35191000.0,32893,0.04036146003679269
FNV, FRANCO NEV CORP ,351858105,35138000.0,123398,0.04030067297811433
ACGL, ARCH CAP GROUP LTD ,G0450A105,34893000.0,363774,0.04001967619743137
CI, THE CIGNA GROUP ,125523100,34803000.0,126391,0.039916452890241705
AZN, ASTRAZENECA PLC ,046353108,34782000.0,378350,0.03989236745189745
RF, REGIONS FINANCIAL CORP NEW ,7591EP100,34748000.0,1281844,0.03985337198029247
EXAS, EXACT SCIENCES CORP ,30063P105,34733000.0,341996,0.039836168095760856
F, FORD MTR CO ,345370860,34613000.0,2637124,0.03969853701950798
RCUS, ARCUS BIOSCIENCES INC ,03969F109,34598000.0,1451853,0.03968133313497637
NOVT, NOVANTA INC ,67000B104,34436000.0,289400,0.03949553118203498
MKTX, MARKETAXESS HLDGS INC ,57060D108,34418000.0,189895,0.039474886520597045
ON1, OLD NATL BANCORP IND ,680033107,34294000.0,1537168,0.0393326677418024
EOG, EOG RES INC ,26875P101,34142000.0,325129,0.03915833504521542
NVDA, NVIDIA CORPORATION ,67066G104,34077000.0,182718,0.03908378487891177
RARE, ULTRAGENYX PHARMACEUTICAL IN ,90400D108,34035000.0,1479788,0.03903561400222327
PEG, PUBLIC SVC ENTERPRISE GRP IN ,744573106,34026000.0,423666,0.0390252916715043
GLW, CORNING INC ,219350105,33919000.0,387040,0.03890257062851215
VRSK, VERISK ANALYTICS INC ,92345Y106,33917000.0,151672,0.03890027677724127
ITT, ITT INC ,45073V108,33793000.0,194761,0.03875805799844663
FOX, FOX CORP ,35137L204,33713000.0,519224,0.03866630394761137
WF2, WINTRUST FINL CORP ,97650W108,33632000.0,240537,0.038573402971140675
PODD, INSULET CORP ,45784P101,33520000.0,117930,0.03844494729997132
AER, AERCAP HOLDINGS NV ,N00985106,33308000.0,231662,0.038201799065257905
YMM, FULL TRUCK ALLIANCE CO LTD ,35969L108,33300000.0,3103462,0.038192623660174375
RJF, RAYMOND JAMES FINL INC ,754730109,33215000.0,206834,0.03809513498116192
PI, IMPINJ INC ,453204109,33213000.0,148215,0.03809284112989104
TTD, THE TRADE DESK INC ,88339J105,33118000.0,872388,0.03798388319452417
AWR, AMER STATES WTR CO ,029899101,33107000.0,456774,0.03797126701253433
KNF, KNIFE RIVER CORP ,498894104,33078000.0,470189,0.037938006169106545
FTNT, FORTINET INC ,34959E109,32879000.0,414045,0.03770976796765385
SPG, SIMON PPTY GROUP INC NEW ,828806109,32867000.0,177556,0.03769600486002857
PDD, PDD HOLDINGS INC ,722304102,32815000.0,289402,0.03763636472698565
KMB, KIMBERLY-CLARK CORP ,494368103,32737000.0,324475,0.03754690452742128
XYL, XYLEM INC ,98419M100,32633000.0,239635,0.037427624261335446
SNA, SNAP ON INC ,833034101,32579000.0,94541,0.037365690277021656
WCN, WASTE CONNECTIONS INC ,94106B101,32480000.0,184211,0.03725214463911302
N/A, FERROVIAL SE ,N3168P101,32365000.0,572277,0.03712024819103735
STE, STERIS PLC ,G8473T100,32194000.0,126989,0.03692412390737699
AGIO, AGIOS PHARMACEUTICALS INC ,00847X104,32147000.0,1181000,0.03687021840251128
RBLX, ROBLOX CORP ,771049103,32094000.0,396073,0.036809431343832924
BDX, BECTON DICKINSON & CO ,075887109,31882000.0,164234,0.0365662831091195
UCB, UNITED CMNTY BKS BLAIRSVLE G ,90984P303,31673000.0,1014496,0.03632657565131241
VRNS, VARONIS SYS INC ,922280102,31666000.0,965422,0.03631854717186432
NTAP, NETAPP INC ,64110D104,31629000.0,295349,0.03627611092335301
HUBB, HUBBELL INC ,443510607,31611000.0,71156,0.03625546626191508
NTRA, NATERA INC ,632307104,31498000.0,137491,0.03612586366511029
WRB, BERKLEY W R CORP ,084423102,31495000.0,449121,0.03612242288820396
PJT, PJT PARTNERS INC ,69343T107,31225000.0,186754,0.035812752966634984
TSM, TAIWAN SEMICONDUCTOR MFG LTD ,874039100,31100000.0,102340,0.0356693872622049
IONS, IONIS PHARMACEUTICALS INC ,462222100,31025000.0,392178,0.035583367839546846
NXPI, NXP SEMICONDUCTORS N V ,N6596X109,31021000.0,142767,0.03557878013700508
GRMN, GARMIN LTD ,H2906T109,30892000.0,152257,0.03543082673003324
PNR, PENTAIR PLC ,G7S00T104,30881000.0,296481,0.03541821054804339
COLB, COLUMBIA BKG SYS INC ,197236102,30867000.0,1104376,0.03540215358914722
CUZ, COUSINS PPTYS INC ,222795502,30712000.0,1191310,0.03522438011565392
CPRT, COPART INC ,217204106,30689000.0,783474,0.03519800082603878
SRRK, SCHOLAR ROCK HLDG CORP ,80706P103,30616000.0,695037,0.03511427525465161
PAYX, PAYCHEX INC ,704326107,30616000.0,272806,0.03511427525465161
HLNE, HAMILTON LANE INC ,407497106,30416000.0,226461,0.034884890127563475
PEN, PENUMBRA INC ,70975L107,30364000.0,97661,0.034825249994520566
ITT, ITT INC ,45073V108,30334000.0,174827,0.03479084222545734
NVDA, NVIDIA CORPORATION ,67066G104,30285000.0,162386,0.03473464286932075
MASI, MASIMO CORP ,574795100,30168000.0,231951,0.03460045256997419
ZTS, ZOETIS INC ,98978V103,30165000.0,239749,0.03459701179306787
O, REALTY INCOME CORP ,756109104,30116000.0,534258,0.03454081243693127
ALLE, ALLEGION PLC ,G0176J109,30070000.0,188833,0.034488053857701005
BOKF, BOK FINL CORP ,05561Q201,30029000.0,253494,0.03444102990664794
EMN, EASTMAN CHEM CO ,277432100,30001000.0,470010,0.0344089159888556
CBOE, CBOE GLOBAL MKTS INC ,12503M108,29698000.0,118318,0.03406139752131708
CHD, CHURCH & DWIGHT CO INC ,171340102,29539000.0,352218,0.033879036345282006
AAPL, APPLE INC ,037833100,29525000.0,108603,0.03386297938638584
ES, EVERSOURCE ENERGY ,30040W108,29503000.0,438198,0.03383774702240615
EVR, EVERCORE INC ,29977A105,29470000.0,86612,0.0337998984764366
HR, HEALTHCARE RLTY TR ,42226K105,29329000.0,1730317,0.033638181961839465
RLJ, RLJ LODGING TR ,74965L101,29241000.0,3924905,0.03353725250592069
WBD, WARNER BROS DISCOVERY INC ,934423104,29149000.0,1010950,0.03343173534746015
NXST, NEXSTAR MEDIA GROUP INC ,65336K103,29088000.0,143253,0.033361772883698265
NKE, NIKE INC ,654106103,29077000.0,456398,0.03334915670170842
SXT, SENSIENT TECHNOLOGIES CORP ,81725T100,29043000.0,309130,0.033310161230103434
SNDX, SYNDAX PHARMACEUTICALS INC ,87164F105,28881000.0,1374619,0.03312435927716205
PTGX, PROTAGONIST THERAPEUTICS INC ,74366E102,28833000.0,330118,0.033069306846660894
CL, COLGATE PALMOLIVE CO ,194162103,28786000.0,364283,0.03301540134179518
AAPL, APPLE INC ,037833100,28693000.0,105545,0.032908737257699196
SLB, SLB LIMITED ,806857108,28650000.0,746826,0.03285941945537525
ALAB, ASTERA LABS INC ,04626A103,28629000.0,172088,0.032835334017030995
AVB, AVALONBAY CMNTYS INC ,053484101,28568000.0,157564,0.03276537155326912
ULTA, ULTA BEAUTY INC ,90384S303,28502000.0,47110,0.03268967446133003
WWD, WOODWARD INC ,980745103,28469000.0,94168,0.03265182591536049
SRE, SEMPRA ,816851109,28405000.0,321653,0.032578422674692284
FAST, FASTENAL CO ,311900104,28391000.0,706654,0.03256236571579612
SHW, SHERWIN WILLIAMS CO ,824348106,28347000.0,87484,0.03251190098783673
VEEV, VEEVA SYS INC ,922475108,28190000.0,126282,0.032331833663072546
ED, CONSOLIDATED EDISON INC ,209115104,28165000.0,283563,0.03230316052218652
VLTO, VERALTO CORP ,92338C103,28046000.0,280990,0.032166676371569086
CF, CF INDS HLDGS INC ,125269100,27993000.0,361935,0.03210588931289073
KGC, KINROSS GOLD CORP ,496902404,27920000.0,727217,0.03202216374150356
ZS, ZSCALER INC ,98980G102,27900000.0,124002,0.031999225228794746
IQV, IQVIA HLDGS INC ,46266C105,27722000.0,122977,0.0317950724656863
SE, SEA LTD ,81141R100,27602000.0,216369,0.031657441389433424
ENSG, ENSIGN GROUP INC ,29358P101,27557000.0,151155,0.0316058297358386
ZETA, ZETA GLOBAL HOLDINGS CORP ,98956A105,27556000.0,1354082,0.03160468281020316
MSFT, MICROSOFT CORP ,594918104,27448000.0,56756,0.03148081484157556
BR, BROADRIDGE FINL SOLUTIONS IN ,11133T103,27393000.0,122745,0.03141773393162633
BK, BANK NEW YORK MELLON CORP ,064058100,27374000.0,235802,0.03139594234455296
GIS, GENERAL MLS INC ,370334104,27203000.0,584919,0.0311998180608926
TALO, TALOS ENERGY INC ,87484T108,27138000.0,2462611,0.031125267894588957
HAS, HASBRO INC ,418056107,27136000.0,330930,0.031122974043318076
EXPE, EXPEDIA GROUP INC ,30212P303,27071000.0,95552,0.031048423877014432
PRU, PRUDENTIAL FINL INC ,744320102,27054000.0,239596,0.031028926141211936
GPC, GENUINE PARTS CO ,372460105,26854000.0,218356,0.030799541014123806
O, REALTY INCOME CORP ,756109104,26799000.0,475346,0.03073646010417457
KEYS, KEYSIGHT TECHNOLOGIES INC ,49338L103,26733000.0,131531,0.03066076301223548
MP, MP MATERIALS CORP ,553368101,26690000.0,528297,0.030611445209911534
ALC, ALCON AG ,H01301128,26645000.0,421053,0.030559833556316703
SFM, SPROUTS FMRS MKT INC ,85208M102,26615000.0,334065,0.030525425787253483
PWR, QUANTA SVCS INC ,74762E102,26444000.0,62586,0.030329301503593125
VVV, VALVOLINE INC ,92047W101,26415000.0,908985,0.03029604066016535
CHTR, CHARTER COMMUNICATIONS INC N ,16119P108,26379000.0,126370,0.030254751337289484
VTR, VENTAS INC ,92276F100,26368000.0,340766,0.030242135155299638
VEON, VEON LTD ,91822M502,26361000.0,501439,0.030234106675851552
EQIX, EQUINIX INC ,29444U700,26013000.0,33953,0.0298349765547182
CIT, CINTAS CORP ,172908105,25981000.0,138146,0.029798274934384097
REXR, REXFORD INDL RLTY INC ,76169C100,25913000.0,669251,0.029720283991174132
DHR, DANAHER CORPORATION ,235851102,25884000.0,113071,0.029687023147746353
EXPE, EXPEDIA GROUP INC ,30212P303,25849000.0,91220,0.02964688075050593
EXPD, EXPEDITORS INTL WASH INC ,302130109,25779000.0,173000,0.029566595956025083
MSFT, MICROSOFT CORP ,594918104,25758000.0,53261,0.029542510517680826
VC, VISTEON CORP ,92839U206,25607000.0,269260,0.029369324746729285
MANH, MANHATTAN ASSOCIATES INC ,562750109,25497000.0,147116,0.029243162926830817
GOOGL, ALPHABET INC ,02079K305,25351000.0,80993,0.029075711784056473
HUBS, HUBSPOT INC ,443573100,25343000.0,63158,0.029066536378972947
LECO, LINCOLN ELEC HLDGS INC ,533900106,25310000.0,105616,0.02902868783300341
KGS, KODIAK GAS SVCS INC ,50012A108,25260000.0,675395,0.02897134155123137
HLT, HILTON WORLDWIDE HLDGS INC ,43300A203,25121000.0,87452,0.028811918887905123
NWSA, NEWS CORP NEW ,65249B109,24920000.0,954002,0.028581386835181546
UBS, UBS GROUP AG ,H42097107,24796000.0,670874,0.028439168056386903
FOXA, FOX CORP ,35137L105,24696000.0,337972,0.028324475492842834
SNPS, SYNOPSYS INC ,871607107,24664000.0,52508,0.028287773872508734
HEI, HEICO CORP NEW ,422806109,24654000.0,76189,0.028276304616154328
WDC, WESTERN DIGITAL CORP ,958102105,24577000.0,142402,0.028187991342225393
HUBB, HUBBELL INC ,443510607,24526000.0,55224,0.028129498134817923
SSNC, SS&C TECHNOLOGIES HLDGS INC ,78467J100,24493000.0,280120,0.02809164958884838
N/A, NEBIUS GROUP N.V. ,N97284108,24267000.0,284925,0.027832444395238787
IM8N, INSMED INC ,457669307,24248000.0,139322,0.02781065280816541
HUBB, HUBBELL INC ,443510607,24208000.0,54510,0.027764775782747785
GDS, GDS HLDGS LTD ,36165L108,24140000.0,691698,0.027686784839537824
SJM, SMUCKER J M CO ,832696405,24105000.0,246422,0.0276466424422974
CVS, CVS HEALTH CORP ,126650100,24093000.0,303594,0.027632879334672112
PEN, PENUMBRA INC ,70975L107,24082000.0,77455,0.02762026315268226
VTR, VENTAS INC ,92276F100,24080000.0,310864,0.02761796930141138
RGLD, ROYAL GOLD INC ,780287108,24020000.0,108056,0.027549153763284942
HPE, HEWLETT PACKARD ENTERPRISE C ,42824C109,23999000.0,998737,0.027525068324940685
CB, CHUBB LIMITED ,H1467J104,23864000.0,76429,0.027370233364156192
CSGP, COSTAR GROUP INC ,22160N109,23824000.0,354384,0.02732435633873857
GRMN, GARMIN LTD ,H2906T109,23814000.0,117396,0.027312887082384163
AGCO, AGCO CORP ,001084102,23695000.0,227138,0.027176402931766725
UNP, UNION PAC CORP ,907818108,23582000.0,101946,0.027046800334961926
BKNG, BOOKING HOLDINGS INC ,09857L108,23515000.0,4391,0.0269699563173874
APD, AIR PRODS & CHEMS INC ,009158106,23512000.0,95198,0.02696651554048108
AJG, GALLAGHER ARTHUR J & CO ,363576109,23467000.0,90652,0.02691490388688625
MRVL, MARVELL TECHNOLOGY INC ,573874104,23465000.0,275870,0.02691261003561537
BAC, VERIZON COMMUNICATIONS INC ,92343V104,23432000.0,575301,0.026874761489645824
SPY, SPDR S&P 500 ETF TR ,78462F103,23363000.0,34266,0.02679562362080042
WD5A, TRAVEL PLUS LEISURE CO ,894164102,23344000.0,330986,0.026773832033727043
BEKE, KE HLDGS INC ,482497104,23321000.0,1479733,0.026747452744111912
FFIV, F5 INC ,315616102,23284000.0,91196,0.026705016495600607
MELI, MERCADOLIBRE INC ,58733R102,23261000.0,11548,0.02667863720598547
ZS, ZSCALER INC ,98980G102,23260000.0,103415,0.02667749028035003
FICO, FAIR ISAAC CORP ,303250104,23152000.0,13684,0.02655362231172244
BRK/B, BERKSHIRE HATHAWAY INC DEL ,084670702,23126000.0,46008,0.02652380224520098
PLMR, PALOMAR HLDGS INC ,69753M105,23063000.0,171138,0.02645154593016822
CMG, CHIPOTLE MEXICAN GRILL INC ,169656105,23058000.0,622723,0.02644581130199101
NTNX, NUTANIX INC ,67059N108,22904000.0,443102,0.02626918475413315
CDP, COPT DEFENSE PROPERTIES ,22002T108,22836000.0,821454,0.02619119381092318
ALB, ALBEMARLE CORP ,012653101,22786000.0,161100,0.02613384752915115
WSM, WILLIAMS SONOMA INC ,969904101,22683000.0,127010,0.026015714188700762
ARGX, ARGENX SE ,04016X101,22621000.0,26899,0.02594460479930344
DT, DYNATRACE INC ,268150109,22438000.0,517668,0.025734717408017794
ROST, ROSS STORES INC ,778296103,22431000.0,124519,0.025726688928569715
TXT, TEXTRON INC ,883203101,22355000.0,256450,0.02563952258027622
IM8N, INSMED INC ,457669307,22333000.0,128320,0.025614290216296527
CELH, CELSIUS HLDGS INC ,15118V207,22325000.0,488081,0.025605114811213
CSX, CSX CORP ,126408103,22304000.0,614877,0.025581029372868744
8CW, CROWN CASTLE INC ,22822V101,22210000.0,249987,0.025473218363137325
BRO, BROWN & BROWN INC ,115236101,22157000.0,277939,0.02541243130445897
EXR, EXTRA SPACE STORAGE INC ,30225T102,22137000.0,169998,0.02538949279175015
CFG, CITIZENS FINL GROUP INC ,174610105,22082000.0,378052,0.02532641188180092
AMBA, AMBARELLA INC ,G037AX101,21867000.0,308680,0.025079822870181172
ALNY, ALNYLAM PHARMACEUTICALS INC ,02043Q107,21811000.0,54834,0.025015595034596497
ALNY, ALNYLAM PHARMACEUTICALS INC ,02043Q107,21779000.0,54770,0.024978893414262397
GEN, GEN DIGITAL INC ,668771108,21716000.0,798676,0.024906637099229634
FIX, COMFORT SYS USA INC ,199908104,21609000.0,23154,0.02478391605623748
WMB, WILLIAMS COS INC ,969457100,21595000.0,359600,0.02476785909734131
BNS, BANK NOVA SCOTIA HALIFAX ,064149107,21580000.0,213177,0.024750655212809704
REGN, REGENERON PHARMACEUTICALS ,75886F107,21568000.0,27943,0.024736892105184413
APG, API GROUP CORP ,00187Y100,21559000.0,563486,0.024726569774465447
KGC, KINROSS GOLD CORP ,496902404,21554000.0,765403,0.024720835146288242
NBIX, NEUROCRINE BIOSCIENCES INC ,64125C109,21528000.0,151786,0.024691015079766784
WAB, WABTEC ,929740108,21464000.0,100484,0.024617611839098583
WAT, WATERS CORP ,941848103,21443000.0,56444,0.024593526400754327
LITE 1.5 12/15/29, LUMENTUM HLDGS INC ,55024UAH2,21325000.0,4000000,0.02445818917577233
BMRN, BIOMARIN PHARMACEUTICAL INC ,09061G101,21240000.0,357403,0.024360700496759872
POWI, POWER INTEGRATIONS INC ,739276103,21222000.0,597118,0.02434005583532194
TRMB, TRIMBLE INC ,896239100,21213000.0,270671,0.024329733504602977
CSGP, COSTAR GROUP INC ,22160N109,21194000.0,315194,0.0243079419175296
KDP, KEURIG DR PEPPER INC ,49271V100,21177000.0,756026,0.02428844418172711
JAZZ, JAZZ PHARMACEUTICALS PLC ,G50871105,21137000.0,124338,0.024242567156309482
NTAP, NETAPP INC ,64110D104,21086000.0,196819,0.02418407394890201
KEY, KEYCORP ,493267108,21049000.0,1019265,0.024141637700390704
CB, CHUBB LIMITED ,H1467J104,20789000.0,66607,0.023843437035176128
DOCU, DOCUSIGN INC ,256163106,20669000.0,302118,0.02370580595892325
CBRE, CBRE GROUP INC ,12504L109,20621000.0,128042,0.023650753528422094
UTHR, UNITED THERAPEUTICS CORP DEL ,91307C102,20616000.0,42310,0.023645018900244893
WTW, WILLIS TOWERS WATSON PLC LTD ,G96629103,20581000.0,62607,0.02360487650300447
APO, APOLLO GLOBAL MGMT INC ,03769M106,20566000.0,142067,0.02358767261847286
CTVA, CORTEVA INC ,22052L104,20499000.0,305739,0.023510828600898332
MIRM, MIRUM PHARMACEUTICALS INC ,604749101,20283000.0,256784,0.02326309266364315
EXEL, EXELIXIS INC ,30161Q104,20270000.0,462462,0.02324818263038242
FERG, FERGUSON ENTERPRISES INC ,31488V107,20213000.0,91783,0.0231828078691623
IBKR, INTERACTIVE BROKERS GROUP IN ,45841N107,20208000.0,313901,0.0231770732409851
GL, GLOBE LIFE INC ,37959E102,20200000.0,144432,0.023167897835901573
RCL, ROYAL CARIBBEAN GROUP ,V7780T103,20146000.0,72002,0.023105963851587776
CSL, CARLISLE COS INC ,142339100,20038000.0,62647,0.022982095882960185
APO, APOLLO GLOBAL MGMT INC ,03769M106,20015000.0,138085,0.022955716593345048
BLD, TOPBUILD CORP ,89055F103,19955000.0,47831,0.02288690105521861
CRDO, CREDO TECHNOLOGY GROUP HOLDI ,G25457105,19935000.0,138441,0.022863962542509796
KVYO, KLAVIYO INC ,49845K101,19849000.0,611290,0.022765326937861895
SYY, SYSCO CORP ,871829107,19724000.0,267659,0.02262196123343181
BWA, BORGWARNER INC ,099724106,19677000.0,436674,0.022568055728566103
LYB, LYONDELLBASELL INDUSTRIES N ,N53745100,19626000.0,453283,0.022509562521158627
FLUT, FLUTTER ENTMT PLC ,G3643J108,19508000.0,90717,0.02237422529617663
CARR, CARRIER GLOBAL CORPORATION ,14448C104,19450000.0,367950,0.022307703609321067
OTIS, OTIS WORLDWIDE CORP ,68902V107,19428000.0,222418,0.022282471245341374
KKR, KKR & CO INC ,48251W104,19405000.0,152217,0.022256091955726236
HD, HOME DEPOT INC ,437076102,19394000.0,56361,0.02224347577373639
NTRS, NORTHERN TR CORP ,665859104,19356000.0,141626,0.022199892599589648
GE, GE AEROSPACE ,369604301,19328000.0,62747,0.022167778681797305
AVB, AVALONBAY CMNTYS INC ,053484101,19322000.0,106547,0.022160897127984663
SE, SEA LTD ,81141R100,19296000.0,151247,0.022131077061463205
N/A, TOTALENERGIES SE ,F92124100,19252000.0,346315,0.022080612333503814
IR, INGERSOLL RAND INC ,45687V106,19146000.0,241509,0.021959038216147104
TCOM, TRIP COM GROUP LTD ,89677Q107,19133000.0,266070,0.021944128182886376
DOC, HEALTHPEAK PROPERTIES INC ,42250P103,19126000.0,1189470,0.02193609970343829
TME, TENCENT MUSIC ENTMT GROUP ,88034P109,19122000.0,1090791,0.02193151200089653
RL, RALPH LAUREN CORP ,751212101,19116000.0,54060,0.021924630447083884
EIX, EDISON INTL ,281020107,19030000.0,317060,0.021825994842435987
IQV, IQVIA HLDGS INC ,46266C105,18918000.0,83926,0.02169753917126663
WAB, WABTEC ,929740108,18890000.0,88498,0.021665425253474292
ADI, ANALOG DEVICES INC ,032654105,18884000.0,69631,0.021658543699661647
BE, BLOOM ENERGY CORP ,093712107,18881000.0,217293,0.021655102922755326
LII, LENNOX INTL INC ,526107107,18864000.0,38848,0.021635605186952834
ROK, ROCKWELL AUTOMATION INC ,773903109,18779000.0,48267,0.02153811650794038
AMH, AMERICAN HOMES 4 RENT ,02665T306,18649000.0,580995,0.021389016175333092
OMC, OMNICOM GROUP INC ,681919106,18635000.0,230815,0.021372959216436924
HASI, HA SUSTAINABLE INFRA CAP INC ,41068X100,18604000.0,591907,0.02133740452173826
LH, LABCORP HOLDINGS INC ,504922105,18521000.0,73805,0.021242209693996685
RTX, RTX CORPORATION ,75513E101,18520000.0,100663,0.021241062768361244
HAL, HALLIBURTON CO ,406216101,18444000.0,652767,0.021153896420067753
GWW, WW GRAINGER INC ,384802104,18294000.0,18113,0.020981857574751652
TD, TORONTO DOMINION BK ONT ,891160509,18224000.0,140881,0.020901572780270807
PPG, PPG INDS INC ,693506107,18184000.0,177437,0.02085569575485318
JBL, JABIL INC ,466313103,18061000.0,79150,0.020714623901693978
MDT, MEDTRONIC PLC ,G5960L103,17995000.0,187333,0.020638926809754893
EFX, EQUIFAX INC ,294429105,17869000.0,82325,0.020494414179689367
SGML, SIGMA LITHIUM CORPORATION ,826599102,17858000.0,1353882,0.02048179799769952
PAAS, PAN AMERN SILVER CORP ,697900108,17844000.0,250579,0.02046574103880335
SUI, SUN CMNTYS INC ,866674104,17793000.0,143600,0.020407247831395876
ELF, E L F BEAUTY INC ,26856L103,17737000.0,233265,0.020343019995811198
NET, CLOUDFLARE INC ,18915M107,17729000.0,89779,0.020333844590727672
SLAB, SILICON LABORATORIES INC ,826919102,17696000.0,135397,0.02029599604475813
VTRS, VIATRIS INC ,92556V106,17465000.0,1402799,0.020031056222971334
GDDY, GODADDY INC ,380237107,17465000.0,140706,0.020031056222971334
KVUE, KENVUE INC ,49177J102,17226000.0,998683,0.019756940996101015
TRV, TRAVELERS COMPANIES INC ,89417E109,17213000.0,59342,0.019742030962840284
KIM, KIMCO RLTY CORP ,49446R109,17193000.0,848095,0.01971909245013147
STX 3.5 06/01/28, SEAGATE HDD CAYMAN ,81180WBL4,17133000.0,5105000,0.019650276912005032
ONON, ON HLDG AG ,H5919C104,17082000.0,367516,0.019591783704597555
CLX, CLOROX CO DEL ,189054109,17034000.0,168984,0.019536731274096407
TSCO, TRACTOR SUPPLY CO ,892356106,16995000.0,339577,0.01949200117431422
MCHP, MICROCHIP TECHNOLOGY INC. ,595017104,16896000.0,264958,0.019378455536405593
AMT, AMERICAN TOWER CORP NEW ,03027X100,16847000.0,95955,0.019322256180269
ESAB, ESAB CORPORATION ,29605J106,16764000.0,150055,0.019227061352527424
ODFL, OLD DOMINION FREIGHT LINE IN ,679580100,16715000.0,106553,0.019170861996390832
WPM, WHEATON PRECIOUS METALS CORP ,962879102,16704000.0,103517,0.019158245814400985
IEX, IDEX CORP ,45167R104,16632000.0,93458,0.019075667168649255
RJF, RAYMOND JAMES FINL INC ,754730109,16532000.0,102853,0.01896097460510519
TWLO, TWILIO INC ,90138F102,16314000.0,114722,0.01871094481657912
THC, TENET HEALTHCARE CORP ,88033G407,16301000.0,82032,0.018696034783318393
BABA 0.5 06/01/31, ALIBABA GROUP HLDG LTD ,01609WBG6,16292000.0,10500000,0.018685712452599427
ZBH, ZIMMER BIOMET HOLDINGS INC ,98956P102,16179000.0,179915,0.01855610985579463
NU, NU HLDGS LTD ,G6683N103,16146000.0,964488,0.01851826130982509
ROK, ROCKWELL AUTOMATION INC ,773903109,16113000.0,41358,0.018480412763855546
MMYT, MAKEMYTRIP LIMITED MAURITIUS ,V5633W109,16112000.0,196200,0.018479265838220106
SLF, SUN LIFE FINANCIAL INC. ,866796105,16099000.0,187891,0.01846435580495938
DKS, DICKS SPORTING GOODS INC ,253393102,16073000.0,81129,0.01843453573843792
SMA, SMARTSTOP SELF STORAG REIT I ,83192D402,16048000.0,518677,0.018405862597551902
FIS, FIDELITY NATL INFORMATION SV ,31620M106,15821000.0,237970,0.01814551047830687
UBER 0.875 12/01/28 2028, UBER TECHNOLOGIES INC ,90353TAM2,15756000.0,12094000,0.01807096031200323
ZM, ZOOM COMMUNICATIONS INC ,98980L101,15710000.0,182066,0.018018201732772954
DOV, DOVER CORP ,260003108,15704000.0,80387,0.018011320178960313
WMS, ADVANCED DRAIN SYS INC DEL ,00790R104,15690000.0,108337,0.017995263220064145
NSC, NORFOLK SOUTHN CORP ,655844108,15632000.0,54098,0.017928741533208583
CAVA, CAVA GROUP INC ,148929102,15563000.0,265176,0.017849603664363178
GOOGL, ALPHABET INC ,02079K305,15559000.0,49708,0.017845015961821416
BXP, BXP INC ,101121101,15551000.0,230264,0.01783584055673789
VRSN, VERISIGN INC ,92343E102,15541000.0,63966,0.01782437130038348
KBIA, KB FINL GROUP INC ,48241A105,15526000.0,180456,0.017807167415851873
MSTR, STRATEGY INC ,594972408,15468000.0,101609,0.017740645728996314
ATO, ATMOS ENERGY CORP ,049560105,15462000.0,92213,0.01773376417518367
DVN, DEVON ENERGY CORP NEW ,25179M103,15454000.0,421896,0.017724588770100143
MPWR, MONOLITHIC PWR SYS INC ,609839105,15442000.0,16996,0.017710825662474856
PCTY, PAYLOCITY HLDG CORP ,70438V106,15427000.0,101161,0.017693621777943248
HAL, HALLIBURTON CO ,406216101,15399000.0,544922,0.017661507860150905
EXR, EXTRA SPACE STORAGE INC ,30225T102,15383000.0,118130,0.017643157049983857
ASND, ASCENDIS PHARMA A/S ,04351P101,15376000.0,72106,0.01763512857053577
ATR, APTARGROUP INC ,038336103,15302000.0,125467,0.01755025607351316
LDOS, LEIDOS HOLDINGS INC ,525327102,15301000.0,84758,0.01754910914787772
LITE, LUMENTUM HLDGS INC ,55024U109,15181000.0,41188,0.017411478071624843
VLO, VALERO ENERGY CORP ,91913Y100,15134000.0,92868,0.017357572566759127
PEO, EXELON CORP ,30161N101,15133000.0,347170,0.017356425641123687
CYBR, CYBERARK SOFTWARE LTD ,M2682V108,15133000.0,33917,0.017356425641123687
BDX, BECTON DICKINSON & CO ,075887109,15018000.0,77386,0.01722452919304801
CW, CURTISS WRIGHT CORP ,231561101,14950000.0,27119,0.017146538249838045
ELF, E L F BEAUTY INC ,26856L103,14924000.0,196266,0.017116718183316587
PNR, PENTAIR PLC ,G7S00T104,14802000.0,142133,0.016976793255792825
LXP, LXP INDUSTRIAL TRUST ,529043408,14774000.0,297975,0.01694467933800049
KRMN, KARMAN HLDGS INC ,485924104,14761000.0,201736,0.01692976930473976
ACM, AECOM ,00766T100,14725000.0,154462,0.016888479981863894
PWR, QUANTA SVCS INC ,74762E102,14644000.0,34696,0.0167955790053932
IR, INGERSOLL RAND INC ,45687V106,14597000.0,184261,0.01674167350052749
MTB, M & T BK CORP ,55261F104,14570000.0,72236,0.016710706508370587
SBUX, STARBUCKS CORP ,855244109,14565000.0,172965,0.016704971880193386
TPL, TEXAS PACIFIC LAND CORPORATI ,88262P102,14466000.0,50342,0.01659142624228476
KMI, KINDER MORGAN INC DEL ,49456B101,14309000.0,520853,0.016411358917520574
HCA, HCA HEALTHCARE INC ,40412C101,14257000.0,30539,0.016351718784477658
SCHW, SCHWAB CHARLES CORP ,808513105,14239000.0,142515,0.01633107412303973
ETR, ENTERGY CORP NEW ,29364G103,14191000.0,153493,0.016276021692538573
DOCS, DOXIMITY INC ,26622P107,14182000.0,320278,0.016265699361819607
IDYA, IDEAYA BIOSCIENCES INC ,45166A102,14093000.0,407671,0.01616362298026539
AIG, AMERICAN INTL GROUP INC ,026874784,14038000.0,163975,0.01610054207031615
KR, KROGER CO ,501044101,14033000.0,224600,0.01609480744213895
UNP, UNION PAC CORP ,907818108,14008000.0,60555,0.016066134301252935
IFF, INTERNATIONAL FLAVORS&FRAGRA ,459506101,13908000.0,206416,0.015951441737708866
UPS, UNITED PARCEL SERVICE INC ,911312106,13899000.0,139964,0.0159411194069899
PCOR, PROCORE TECHNOLOGIES INC ,74275K108,13894000.0,191009,0.015935384778812695
APG, API GROUP CORP ,00187Y100,13884000.0,362892,0.01592391552245829
COO, COOPER COS INC ,216648501,13824000.0,168650,0.01585509998433185
TSN, TYSON FOODS INC ,902494103,13821000.0,235793,0.01585165920742553
IBN, ICICI BANK LIMITED ,45104G104,13792000.0,462821,0.015818398363997746
AGI, ALAMOS GOLD INC NEW ,011532108,13747000.0,259149,0.01576678671040292
AMH, AMERICAN HOMES 4 RENT ,02665T306,13657000.0,425441,0.015663563403213256
ACM, AECOM ,00766T100,13651000.0,143153,0.01565668184940061
HLI, HOULIHAN LOKEY INC ,441593100,13632000.0,78259,0.015634890262327242
CRWD, CROWDSTRIKE HLDGS INC ,22788C105,13575000.0,28960,0.015569515501107122
CHRW, C H ROBINSON WORLDWIDE INC ,12541W209,13569000.0,84331,0.015562633947294478
OKTA, OKTA INC ,679295105,13505000.0,156117,0.015489230706626275
SMCI, SUPER MICRO COMPUTER INC ,86800U302,13498000.0,460411,0.01548120222717819
PLNT, PLANET FITNESS INC ,72703H101,13479000.0,124261,0.015459410640104816
FLNC, FLUENCE ENERGY INC ,34379V103,13448000.0,679902,0.015423855945406156
BLD, TOPBUILD CORP ,89055F103,13428000.0,11783,0.015400917432697343
FOXA, FOX CORP ,35137L105,13372000.0,182960,0.015336689597112665
JBHT, HUNT J B TRANS SVCS INC ,445658107,13254000.0,68180,0.015201352372130666
AWC, AMERICAN WTR WKS CO INC NEW ,030420103,13241000.0,101463,0.015186442338869939
COIN 0.25 04/01/30, COINBASE GLOBAL INC ,19260QAF4,13206000.0,12824000,0.015146299941629512
AME, AMETEK INC ,031100100,13199000.0,64290,0.015138271462181429
FSLR, FIRST SOLAR INC ,336433107,13159000.0,50375,0.0150923944367638
HLX, HELIX ENERGY SOLUTIONS GRP I ,42330P107,13080000.0,2086105,0.015001787311563989
PAR, PAR TECHNOLOGY CORP ,698884103,13051000.0,359734,0.01496852646813621
EOSE, EOS ENERGY ENTERPRISES INC ,29415C101,12971000.0,1131834,0.014876772417300958
AON, AON PLC ,G0403H108,12928000.0,36635,0.014827454614977007
RIVN 3.625 10/15/30, RIVIAN AUTOMOTIVE INC ,76954AAD5,12912000.0,11500000,0.014809103804809957
ZBRA, ZEBRA TECHNOLOGIES CORPORATI ,989207105,12907000.0,53145,0.014803369176632754
WST, WEST PHARMACEUTICAL SVSC INC ,955306105,12858000.0,46726,0.01474716982049616
RIVN, RIVIAN AUTOMOTIVE INC ,76954A103,12832000.0,650297,0.014717349753974701
EWBC, EAST WEST BANCORP INC ,27579R104,12825000.0,114108,0.014709321274526618
UGI 5 06/01/28, UGI CORP NEW ,902681AB1,12792000.0,9000000,0.014671472728557075
ROP, ROPER TECHNOLOGIES INC ,776696106,12771000.0,28691,0.01464738729021282
KKR, KKR & CO INC ,48251W104,12725000.0,99552,0.01459462871098255
MEDP, MEDPACE HLDGS INC ,58506Q109,12691000.0,22596,0.014555633239377566
TCOM, TRIP COM GROUP LTD ,89677Q107,12690000.0,176475,0.014554486313742126
AYI, ACUITY INC ,00508Y102,12689000.0,35243,0.014553339388106686
KHC, KRAFT HEINZ CO ,500754106,12664000.0,522350,0.01452466624722067
UPS, UNITED PARCEL SERVICE INC ,911312106,12661000.0,127639,0.014521225470314349
EOG, EOG RES INC ,26875P101,12619000.0,120256,0.014473054593625839
SHOP, SHOPIFY INC ,82509L107,12592000.0,78225,0.014442087601468942
DYNF, BLACKROCK ETF TRUST ,09290C103,12590000.0,207046,0.014439793750198061
RMD, RESMED INC ,761152107,12559000.0,52141,0.0144042390554994
TD, TORONTO DOMINION BK ONT ,891160509,12541000.0,96986,0.014383594394061467
EQR, EQUITY RESIDENTIAL ,29476L107,12522000.0,198664,0.014361802806988096
AVGO, BROADCOM INC ,11135F101,12515000.0,36159,0.014353774327540009
IBM, INTERNATIONAL BUSINESS MACHS ,459200101,12467000.0,42089,0.014298721897038858
URI, UNITED RENTALS INC ,911363109,12414000.0,15339,0.014237934838360502
DELL, DELL TECHNOLOGIES INC ,24703L202,12345000.0,98073,0.014158796969515096
BRX, BRIXMOR PPTY GROUP INC ,11120U105,12339000.0,470591,0.014151915415702453
AXS, AXIS CAP HLDGS LTD ,G0692U109,12325000.0,115089,0.01413585845680628
JCI, JOHNSON CTLS INTL PLC ,G51502105,12277000.0,102525,0.01408080602630513
OMC, OMNICOM GROUP INC ,681919106,12268000.0,24676,0.014070483695586165
ASML, ASML HOLDING N V ,N07059210,12258000.0,11458,0.014059014439231755
ARM, ARM HOLDINGS PLC ,042068205,12213000.0,54607,0.014007402785636927
OSW, ONESPAWORLD HOLDINGS LIMITED ,P73684113,12205000.0,588455,0.013998227380553402
MTG, MGIC INVT CORP WIS ,552848103,12201000.0,417544,0.01399363967801164
AIZ, ASSURANT INC ,04621X108,12159000.0,50484,0.01394546880132313
PSTG, PURE STORAGE INC ,74624M102,12095000.0,180497,0.013872065560654928
APH, AMPHENOL CORP NEW ,032095101,12092000.0,89475,0.013868624783748605
PWR, QUANTA SVCS INC ,74762E102,12068000.0,28594,0.013841098568498028
HBM, HUDBAY MINERALS INC ,443628102,12026000.0,441332,0.013792927691809521
WMT, WALMART INC ,931142103,12025000.0,107932,0.01379178076617408
SYY, SYSCO CORP ,871829107,11923000.0,161748,0.013674794351359132
AMZN, AMAZON COM INC ,023135106,11912000.0,51606,0.013662178169369285
KRC, KILROY RLTY CORP ,49427F108,11881000.0,317929,0.013626623474670625
D, DOMINION ENERGY INC ,25746U109,11813000.0,201531,0.013548632531460658
T, AT&T INC ,00206R102,11811000.0,475476,0.013546338680189774
CMS 3.375 05/01/28, CMS ENERGY CORP ,125896BX7,11788000.0,11000000,0.01351995939057464
GEHC, GE HEALTHCARE TECHNOLOGIES I ,36266G107,11782000.0,143178,0.013513077836761997
VRE, VERIS RESIDENTIAL INC ,554489104,11749000.0,789584,0.013475229290792456
MPC, MARATHON PETE CORP ,56585A102,11702000.0,71866,0.013421323785926743
DD, DUPONT DE NEMOURS INC ,26614N102,11648000.0,289756,0.013359389801612947
MGA, MAGNA INTL INC ,559222401,11624000.0,158869,0.013331863586362371
FIX, COMFORT SYS USA INC ,199908104,11600000.0,12413,0.013304337371111793
AZO, AUTOZONE INC ,053332102,11511000.0,3394,0.013202260989557575
EIX, EDISON INTL ,281020107,11503000.0,191646,0.01319308558447405
PDD, PDD HOLDINGS INC ,722304102,11405000.0,100578,0.013080686872200863
STN, STANTEC INC ,85472N109,11379000.0,87859,0.013050866805679406
ROL, ROLLINS INC ,775711104,11368000.0,189285,0.01303825062368956
TRI, THOMSON REUTERS CORP ,884903808,11361000.0,62725,0.013030222144241476
ENB, ENBRIDGE INC ,29250N105,11309000.0,172573,0.012970582011198559
SYF, SYNCHRONY FINANCIAL ,87165B103,11270000.0,135078,0.012925851911416373
TEL, TE CONNECTIVITY PLC ,G87052109,11264000.0,49374,0.012918970357603728
DELL, DELL TECHNOLOGIES INC ,24703L202,11257000.0,89318,0.012910941878155644
ADT, ADT INC DEL ,00090Q103,11180000.0,1385362,0.012822628604226713
ES, EVERSOURCE ENERGY ,30040W108,11177000.0,166006,0.012819187827320392
PCG, PG&E CORP ,69331C108,11166000.0,695304,0.012806571645330542
AWK 3.625 06/15/26, AMERICAN WTR CAP CORP ,03040WBE4,11112000.0,11142000,0.012744637661016748
PSX, PHILLIPS 66 ,718546104,11109000.0,86119,0.012741196884110425
AWM, SKYWORKS SOLUTIONS INC ,83088M102,11084000.0,174806,0.012712523743224407
WK, WORKIVA INC ,98139A105,11025000.0,127822,0.012644855130733407
GIL, GILDAN ACTIVEWEAR INC ,375916103,10948000.0,127617,0.012556541856804476
MLM, MARTIN MARIETTA MATLS INC ,573284106,10881000.0,17445,0.01247969783922995
VRSK, VERISK ANALYTICS INC ,92345Y106,10843000.0,48474,0.012436114665083205
BEPC, BROOKFIELD RENEWABLE CORP ,11285B108,10720000.0,279616,0.012295042811924005
IVZ, INVESCO LTD ,G491BT108,10710000.0,407702,0.012283573555569596
KIM, KIMCO RLTY CORP ,49446R109,10638000.0,524828,0.012200994909817868
TKR, TIMKEN CO ,887389104,10634000.0,126397,0.012196407207276105
MSCI, MSCI INC ,55354G100,10582000.0,18445,0.01213676707423319
IM8N, INSMED INC ,457669307,10576000.0,60686,0.012129885520420547
MCX, MCCORMICK & CO INC ,579780206,10548000.0,154823,0.012097771602628208
LPLA, LPL FINL HLDGS INC ,50212V100,10543000.0,29467,0.012092036974451005
STX, SEAGATE TECHNOLOGY HLDNGS PL ,G7997R103,10519000.0,38195,0.012064510759200429
TRGP, TARGA RES CORP ,87612G101,10516000.0,57017,0.012061069982294106
MCD, MCDONALDS CORP ,580135101,10495000.0,34340,0.012036984543949851
MMC, MARSH & MCLENNAN COS INC ,571748102,10494000.0,56565,0.01203583761831441
FLEX, FLEX LTD ,Y2573F102,10449000.0,172658,0.011984225964719581
CELC, CELCUITY INC ,15102K100,10360000.0,3249,0.011882149583165361
ONC, BEONE MEDICINES LTD ,07725L102,10349000.0,34065,0.011869533401175515
EGP, EASTGROUP PPTYS INC ,277276101,10256000.0,57574,0.011762869317079531
NTNX, NUTANIX INC ,67059N108,10223000.0,197761,0.01172502077110999
FAST, FASTENAL CO ,311900104,10210000.0,254421,0.01171011073784926
BFAM, BRIGHT HORIZONS FAM SOL IN D ,109194100,10207000.0,100663,0.011706669960942937
SNA, SNAP ON INC ,833034101,10204000.0,29592,0.011703229184036617
RY, ROYAL BK CDA ,780087102,10202000.0,43601,0.011700935332765736
RNR, RENAISSANCERE HLDGS LTD ,G7496G103,10202000.0,36284,0.011700935332765736
PRIM, PRIMORIS SVCS CORP ,74164F103,10178000.0,81985,0.011673409117515158
CF, CF INDS HLDGS INC ,125269100,10167000.0,131459,0.011660792935525311
BLDR, BUILDERS FIRSTSOURCE INC ,12008R107,10161000.0,98734,0.011653911381712668
VNQ, VANGUARD INDEX FDS ,922908553,10137000.0,114556,0.011626385166462092
DRI, DARDEN RESTAURANTS INC ,237194105,10129000.0,55045,0.011617209761378566
MP, MP MATERIALS CORP ,553368101,10127000.0,200448,0.011614915910107685
GFL, GFL ENVIRONMENTAL INC ,36168Q104,10085000.0,234671,0.011566745033419175
VRT, VERTIV HOLDINGS CO ,92537N108,10054000.0,61870,0.011531190338720515
IDYA, IDEAYA BIOSCIENCES INC ,45166A102,9997000.0,289180,0.011465815577500397
VICI, VICI PPTYS INC ,925652109,9993000.0,355362,0.011461227874958634
FCX, FREEPORT-MCMORAN INC ,35671D857,9971000.0,195844,0.01143599551097894
PDD, PDD HOLDINGS INC ,722304102,9961000.0,87851,0.011424526254624534
BMO, BANK MONTREAL QUE ,063671101,9904000.0,55565,0.011359151493404416
CM, CANADIAN IMPERIAL BANK OF CO ,136069101,9885000.0,79202,0.011337359906331041
ORA 2.5 07/15/27, ORMAT TECHNOLOGIES INC ,686688AB8,9866000.0,7300000,0.01131556831925767
AFL, AFLAC INC ,001055102,9828000.0,89125,0.011271985145110923
WK 1.25 08/15/28, WORKIVA INC ,98139AAD7,9805000.0,9900000,0.01124560585549579
FRT, FEDERAL RLTY INVT TR NEW ,313745101,9792000.0,97140,0.01123069582223506
WIX, WIX COM LTD ,M98068105,9791000.0,94243,0.011229548896599618
NU, NU HLDGS LTD ,G6683N103,9739000.0,581768,0.011169908763556705
CVLT, COMMVAULT SYS INC ,204166102,9704000.0,77410,0.01112976636631628
LNG, CHENIERE ENERGY INC ,16411R208,9700000.0,49968,0.011125178663774517
GSK, GSK PLC ,37733W204,9680000.0,197399,0.011102240151065704
YUM, YUM BRANDS INC ,988498101,9666000.0,63897,0.011086183192169535
RARE, ULTRAGENYX PHARMACEUTICAL IN ,90400D108,9632000.0,418787,0.011047187720564552
PSA, PUBLIC STORAGE OPER CO ,74460D109,9599000.0,36969,0.01100933917459501
WFC, WELLS FARGO CO NEW ,949746101,9594000.0,102937,0.011003604546417807
LULU, LULULEMON ATHLETICA INC ,550021109,9505000.0,45739,0.010901528164863587
CEG, CONSTELLATION ENERGY CORP ,21037T109,9487000.0,26855,0.010880883503425655
JAZZ, JAZZ PHARMACEUTICALS PLC ,G50871105,9466000.0,55680,0.010856798065081401
ARES, ARES MANAGEMENT CORPORATION ,03990B101,9452000.0,58334,0.010840741106185232
INFY, INFOSYS LTD ,456788108,9401000.0,527564,0.010782247898777757
UTHR, UNITED THERAPEUTICS CORP DEL ,91307C102,9401000.0,19251,0.010782247898777757
GDDY, GODADDY INC ,380237107,9388000.0,75664,0.010767337865517028
DHI, D R HORTON INC ,23331A109,9386000.0,65078,0.010765044014246147
CHD, CHURCH & DWIGHT CO INC ,171340102,9383000.0,111902,0.010761603237339825
SG, SWEETGREEN INC ,87043Q108,9379000.0,1387467,0.010757015534798062
ICLR, ICON PLC ,G4705A100,9377000.0,51461,0.010754721683527181
REG, REGENCY CTRS CORP ,758849103,9374000.0,135776,0.010751280906620858
PLNT, PLANET FITNESS INC ,72703H101,9365000.0,86338,0.010740958575901892
EA, ELECTRONIC ARTS INC ,285512109,9361000.0,45815,0.010736370873360131
SUX, TD SYNNEX CORPORATION ,87162W100,9357000.0,62287,0.010731783170818368
ULTA, ULTA BEAUTY INC ,90384S303,9338000.0,15435,0.010709991583744994
CRUS, CIRRUS LOGIC INC ,172755100,9336000.0,78786,0.010707697732474113
WEAV, WEAVE COMMUNICATIONS INC ,94724R108,9310000.0,1226646,0.010677877665952655
FERG, FERGUSON ENTERPRISES INC ,31488V107,9308000.0,41710,0.010675583814681774
BMRN, BIOMARIN PHARMACEUTICAL INC ,09061G101,9305000.0,156568,0.010672143037775451
AEP, AMERICAN ELEC PWR CO INC ,025537101,9304000.0,80690,0.010670996112140011
MU, MICRON TECHNOLOGY INC ,595112103,9256000.0,32432,0.01061594368163886
URI, UNITED RENTALS INC ,911363109,9207000.0,11376,0.010559744325502267
LDOS, LEIDOS HOLDINGS INC ,525327102,9131000.0,50613,0.010472577977208776
WM, WASTE MGMT INC DEL ,94106L109,9128000.0,41544,0.010469137200302453
LULU, LULULEMON ATHLETICA INC ,550021109,9077000.0,43679,0.010410643992894979
BNTX, BIONTECH SE ,09075V102,9061000.0,95178,0.010392293182727929
SNOW 0 10/01/27, SNOWFLAKE INC ,833445AB5,9050000.0,6100000,0.01037967700073808
ST, SENSATA TECHNOLOGIES HLDG PL ,G8060N102,9018000.0,270902,0.01034297538040398
AEM, AGNICO EAGLE MINES LTD ,008474108,8975000.0,52939,0.010293657578080031
MDLZ, MONDELEZ INTL INC ,609207105,8962000.0,166496,0.010278747544819302
VRT, VERTIV HOLDINGS CO ,92537N108,8862000.0,54703,0.010164054981275233
REG, REGENCY CTRS CORP ,758849103,8859000.0,128335,0.010160614204368913
WTW, WILLIS TOWERS WATSON PLC LTD ,G96629103,8858000.0,18559,0.010159467278733472
MDGL, MADRIGAL PHARMACEUTICALS INC ,558868105,8823000.0,15151,0.010119324881493048
AWI, ARMSTRONG WORLD INDS INC NEW ,04247X102,8788000.0,45984,0.010079182484252625
LOGI, LOGITECH INTL S A ,H50430232,8769000.0,107526,0.010057390897179252
AVGO, BROADCOM INC ,11135F101,8733000.0,25232,0.010016101574303387
NEE 3 03/01/27, NEXTERA ENERGY CAP HLDGS INC ,65339KCY4,8721000.0,6958000,0.0100023384666781
SNOW, SNOWFLAKE INC ,833445109,8720000.0,39677,0.01000119154104266
LVS, LAS VEGAS SANDS CORP ,517834107,8685000.0,133339,0.009961049143802235
DKS, DICKS SPORTING GOODS INC ,253393102,8670000.0,43794,0.009943845259270626
TMUS, T-MOBILE US INC ,872590104,8669000.0,42698,0.009942698333635185
APA, APA CORPORATION ,03743Q108,8659000.0,353987,0.009931229077280779
RE, EVEREST GROUP LTD ,G3223R108,8622000.0,25414,0.009888792828769474
ILMN, ILLUMINA INC ,452327109,8608000.0,65558,0.009872735869873304
ARE, ALEXANDRIA REAL ESTATE EQ IN ,015271109,8608000.0,175895,0.009872735869873304
COIN, COINBASE GLOBAL INC ,19260Q107,8569000.0,37689,0.009828005770091117
BAC, BANK AMERICA CORP ,060505104,8568000.0,155774,0.009826858844455676
FSS, FEDERAL SIGNAL CORP ,313855108,8564000.0,78863,0.009822271141913915
XEL, XCEL ENERGY INC ,98389B100,8558000.0,115836,0.00981538958810127
CFG, CITIZENS FINL GROUP INC ,174610105,8542000.0,146040,0.00979703877793422
WY, WEYERHAEUSER CO MTN BE ,962166104,8540000.0,360477,0.009794744926663337
KDP, KEURIG DR PEPPER INC ,49271V100,8538000.0,304814,0.009792451075392457
KRNT, KORNIT DIGITAL LTD ,M6372Q113,8532000.0,593291,0.009785569521579813
LII, LENNOX INTL INC ,526107107,8517000.0,17530,0.009768365637048203
HUM, HUMANA INC ,444859102,8477000.0,33073,0.009722488611630576
V, VISA INC ,92826C839,8472000.0,24156,0.009716753983453372
BMO, BANK MONTREAL QUE ,063671101,8468000.0,47475,0.00971216628091161
ASML, ASML HOLDING N V ,N07059210,8443000.0,7892,0.009683493140025593
DECK, DECKERS OUTDOOR CORP ,243537107,8384000.0,80875,0.009615824527534594
CNP 4.25 08/15/26, CENTERPOINT ENERGY INC ,15189TBD8,8364000.0,7500000,0.00959288601482578
LNC, LINCOLN NATL CORP IND ,534187109,8344000.0,187389,0.009569947502116967
SEI 0.25 10/01/31, SOLARIS ENERGY INFRAS INC ,83419XAB4,8344000.0,7700000,0.009569947502116967
SMCI 3.5 03/01/29, SUPER MICRO COMPUTER INC ,86800UAB0,8322000.0,9250000,0.009544715138137273
DDOG 0 12/01/29, DATADOG INC ,23804LAD5,8321000.0,8300000,0.009543568212501833
7HP, HP INC ,40434L105,8198000.0,367384,0.009402496359342628
LEU, CENTRUS ENERGY CORP ,15643U104,8196000.0,33761,0.009400202508071748
WDC, WESTERN DIGITAL CORP ,958102105,8184000.0,47508,0.009386439400446459
IWM, ISHARES TR ,464287655,8180000.0,33222,0.009381851697904696
STX, SEAGATE TECHNOLOGY HLDNGS PL ,G7997R103,8178000.0,29569,0.009379557846633815
IBN, ICICI BANK LIMITED ,45104G104,8135000.0,272993,0.009330240044309867
T, TELUS CORPORATION ,87971M103,8130000.0,449779,0.009324505416132663
RVMD, REVOLUTION MEDICINES INC ,76155X100,8099000.0,101680,0.009288950721434002
DOC, HEALTHPEAK PROPERTIES INC ,42250P103,8088000.0,503007,0.009276334539444155
OHI, OMEGA HEALTHCARE INVS INC ,681936100,8086000.0,182311,0.009274040688173273
ZION, ZIONS BANCORPORATION N A ,989701107,8079000.0,138016,0.009266012208725189
SLF, SUN LIFE FINANCIAL INC. ,866796105,8079000.0,94306,0.009266012208725189
TTWO, TAKE-TWO INTERACTIVE SOFTWAR ,874054109,8075000.0,31541,0.009261424506183426
NUE, NUCOR CORP ,670346105,8029000.0,49162,0.009208665926953154
TW, TRADEWEB MKTS INC ,892672106,7982000.0,74232,0.009154760422087443
MKL, MARKEL GROUP INC ,570535104,7981000.0,3710,0.009153613496452002
OTX, OPEN TEXT CORP ,683715106,7965000.0,178194,0.00913526268628495
JD, JD.COM INC ,47215P106,7963000.0,132673,0.00913296883501407
XENE, XENON PHARMACEUTICALS INC ,98420N105,7955000.0,177483,0.009123793429930546
BXP, BXP INC ,101121101,7904000.0,117136,0.009065300222523071
PEB, PEBBLEBROOK HOTEL TR ,70509V100,7884000.0,696475,0.009042361709814258
IRM, IRON MTN INC DEL ,46284V101,7864000.0,94887,0.009019423197105443
BNS, BANK NOVA SCOTIA HALIFAX ,064149107,7859000.0,77625,0.00901368856892824
GOOG, ALPHABET INC ,02079K107,7848000.0,25009,0.009001072386938393
ADC, AGREE RLTY CORP ,008492100,7818000.0,108543,0.008966664617875174
VERA, VERA THERAPEUTICS INC ,92337R101,7799000.0,154014,0.0089448730308018
SBAC, SBA COMMUNICATIONS CORP NEW ,78410G104,7799000.0,40325,0.0089448730308018
JD 0.25 06/01/29, JD.COM INC ,47215PAJ5,7797000.0,7790000,0.008942579179530919
NXT, NEXTPOWER INC ,65290E101,7784000.0,89353,0.008927669146270191
PSN 2.625 03/01/29, PARSONS CORP DEL ,70202LAD4,7763000.0,7495000,0.008903583707925936
WPC, WP CAREY INC ,92936U109,7748000.0,120385,0.008886379823394326
FHI, FEDERATED HERMES INC ,314211103,7738000.0,148617,0.008874910567039918
META, META PLATFORMS INC ,30303M102,7732000.0,11713,0.008868029013227275
RS, RELIANCE INC ,759509102,7729000.0,26738,0.008864588236320954
TME, TENCENT MUSIC ENTMT GROUP ,88034P109,7693000.0,438857,0.008823298913445089
CPRT, COPART INC ,217204106,7687000.0,196346,0.008816417359632445
ITRI, ITRON INC ,465741106,7661000.0,82496,0.008786597293110987
MA, MASTERCARD INCORPORATED ,57636Q104,7652000.0,13404,0.008776274962392023
GRND, GRINDR INC ,39854F101,7649000.0,564912,0.0087728341854857
WPC, WP CAREY INC ,92936U109,7608000.0,118195,0.008725810234432632
DE, DEERE & CO ,244199105,7593000.0,16308,0.008708606349901022
WF2, WINTRUST FINL CORP ,97650W108,7593000.0,54303,0.008708606349901022
BILI, BILIBILI INC ,090040106,7589000.0,244387,0.008704018647359259
NET 0 08/15/26, CLOUDFLARE INC ,18915MAC1,7582000.0,6465000,0.008695990167911175
WGS, GENEDX HOLDINGS CORP ,81663L200,7567000.0,58180,0.008678786283379564
ASTH, ASTRANA HEALTH INC ,03763A207,7554000.0,304492,0.008663876250118836
HALO, HALOZYME THERAPEUTICS INC ,40637H109,7539000.0,112022,0.008646672365587225
CNQ, CANADIAN NAT RES LTD ,136385101,7501000.0,162268,0.00860308919144048
IT, GARTNER INC ,366651107,7500000.0,29735,0.008601942265805039
N/A, CRH PLC ,G25508105,7480000.0,63601,0.008579003753096226
STRL, STERLING INFRASTRUCTURE INC ,859241101,7439000.0,24291,0.008531979802043158
LITE 0.5 12/15/26, LUMENTUM HLDGS INC ,55024UAD1,7426000.0,2000000,0.00851706976878243
N/A, CRH PLC ,G25508105,7413000.0,61508,0.008502159735521701
EXLS, EXLSERVICE HOLDINGS INC ,302081104,7409000.0,174569,0.008497572032979938
SHAK, SHAKE SHACK INC ,819047101,7394000.0,91095,0.008480368148448329
SRE, SEMPRA ,816851109,7383000.0,83620,0.00846775196645848
PM, PHILIP MORRIS INTL INC ,718172109,7372000.0,45642,0.008455135784468633
CLH, CLEAN HARBORS INC ,184496107,7351000.0,31349,0.008431050346124378
STN, STANTEC INC ,85472N109,7349000.0,56685,0.008428756494853498
VMC, VULCAN MATLS CO ,929160109,7344000.0,25676,0.008423021866676294
TRP, TC ENERGY CORP ,87807B107,7327000.0,96789,0.008403524130873804
MFC, MANULIFE FINL CORP ,56501R106,7320000.0,146677,0.008395495651425718
EQH, EQUITABLE HLDGS INC ,29452E101,7288000.0,152941,0.008358794031091616
PATH, UIPATH INC ,90364P105,7277000.0,444017,0.00834617784910177
CDW, CDW CORP ,12514G108,7273000.0,53360,0.008341590146560007
COST, COSTCO WHSL CORP NEW ,22160K105,7270000.0,8431,0.008338149369653686
ACI, ALBERTSONS COS INC ,013091103,7265000.0,423144,0.008332414741476482
AAON, AAON INC ,000360206,7264000.0,51425,0.008331267815841042
STLD, STEEL DYNAMICS INC ,858119100,7256000.0,42727,0.008322092410757514
CP, CANADIAN PACIFIC KANSAS CITY ,13646K108,7246000.0,71593,0.008310623154403108
MMS, MAXIMUS INC ,577933104,7228000.0,83737,0.008289978492965177
PCG, PG&E CORP ,69331C108,7222000.0,449432,0.008283096939152532
RDN, RADIAN GROUP INC ,750236101,7175000.0,199368,0.008229191434286822
CCL, CARNIVAL CORP ,143658300,7172000.0,234489,0.0082257506573805
CCL, CARNIVAL CORP ,143658300,7152000.0,234189,0.008202812144671685
BX, BLACKSTONE INC ,09260D107,7149000.0,46266,0.008199371367765364
ITT, ITT INC ,45073V108,7102000.0,40929,0.008145465862899652
IDCC, INTERDIGITAL INC ,45867G101,7081000.0,22241,0.008121380424555399
LNG, CHENIERE ENERGY INC ,16411R208,7067000.0,36357,0.00810532346565923
AG8, AGILENT TECHNOLOGIES INC ,00846U101,7048000.0,51795,0.008083531878585857
MKSI 1.25 06/01/30, MKS INC. ,55306NAB0,7046000.0,5505000,0.008081238027314974
PG, PROCTER AND GAMBLE CO ,742718109,7044000.0,49155,0.008078944176044094
TDC, TERADATA CORP DEL ,88076W103,7023000.0,230725,0.008054858737699839
NEE, NEXTERA ENERGY INC ,65339F101,7010000.0,87320,0.008039948704439111
ALNY 1 09/15/27, ALNYLAM PHARMACEUTICALS INC ,02043QAB3,7009000.0,4750000,0.008038801778803669
DRI, DARDEN RESTAURANTS INC ,237194105,6986000.0,37905,0.008012422489188533
C, CITIGROUP INC ,172967424,6974000.0,59764,0.007998659381563246
TJX, TJX COS INC NEW ,872540109,6972000.0,45388,0.007996365530292366
JOBY, JOBY AVIATION INC ,G65163100,6971000.0,528122,0.007995218604656925
KMI, KINDER MORGAN INC DEL ,49456B101,6953000.0,252934,0.007974573943218991
EQH, EQUITABLE HLDGS INC ,29452E101,6953000.0,145813,0.007974573943218991
TER, TERADYNE INC ,880770102,6923000.0,35704,0.007940166174155772
ENS, ENERSYS ,29275Y102,6892000.0,46961,0.00790461147945711
DOCU, DOCUSIGN INC ,256163106,6889000.0,100712,0.00790117070255079
CVNA, CARVANA CO ,146869102,6882000.0,16217,0.007893142223102705
CGAU, CENTERRA GOLD INC ,152006102,6873000.0,347827,0.007882819892383739
WM, WASTE MGMT INC DEL ,94106L109,6810000.0,30997,0.0078105635773509765
TSLA, TESLA INC ,88160R101,6793000.0,15104,0.007791065841548484
TROW, PRICE T ROWE GROUP INC ,74144T108,6779000.0,66214,0.007775008882652316
HDB, HDFC BANK LTD ,40415F101,6777000.0,185468,0.007772715031381434
SE, SEA LTD ,81141R100,6756000.0,52962,0.00774862959303718
NDAQ, NASDAQ INC ,631103108,6742000.0,69410,0.00773257263414101
SYM, SYMBOTIC INC ,87151X101,6733000.0,98559,0.0077222503034220435
RDN, RADIAN GROUP INC ,750236101,6724000.0,186820,0.007711927972703078
ESS, ESSEX PPTY TR INC ,297178105,6715000.0,25664,0.007701605641984113
AUTL, AUTOLUS THERAPEUTICS PLC ,05280R100,6689000.0,3361156,0.0076717855754626545
ARW, ARROW ELECTRS INC ,042735100,6683000.0,60655,0.007664904021650011
ALKS, ALKERMES PLC ,G01767105,6678000.0,238686,0.007659169393472807
OC, OWENS CORNING NEW ,690742101,6673000.0,59631,0.0076534347652956036
SPG, SIMON PPTY GROUP INC NEW ,828806109,6658000.0,35969,0.007636230880763994
PFE, PFIZER INC ,717081103,6627000.0,266140,0.007600676186065333
TFX, TELEFLEX INCORPORATED ,879369106,6625000.0,54288,0.007598382334794452
HWM, HOWMET AEROSPACE INC ,443201108,6598000.0,32184,0.007567415342637554
OXY, OCCIDENTAL PETE CORP ,674599105,6591000.0,160598,0.007559386863189469
HBAN, HUNTINGTON BANCSHARES INC ,446150104,6576000.0,378997,0.0075421829786578585
NTRA, NATERA INC ,632307104,6563000.0,28593,0.00752727294539713
GOOG, ALPHABET INC ,02079K107,6559000.0,20851,0.007522685242855367
M, MACYS INC ,55616P104,6551000.0,297111,0.007513509837771842
GIS, GENERAL MLS INC ,370334104,6526000.0,140343,0.007484836696885825
TSA, ACI WORLDWIDE INC ,004498101,6492000.0,135790,0.0074458412252808425
RDNT, RADNET INC ,750491102,6485000.0,90883,0.007437812745832757
CLS, CELESTICA INC ,15101Q207,6475000.0,21904,0.00742634348947835
AKAM 1.125 02/15/29, AKAMAI TECHNOLOGIES INC ,00971TAN1,6427000.0,6500000,0.007371291058977199
YB4P, SAVARA INC ,805111101,6399000.0,1061198,0.00733917714118486
AMG, AFFILIATED MANAGERS GROUP IN ,008252108,6375000.0,22113,0.0073116509259342835
OHI, OMEGA HEALTHCARE INVS INC ,681936100,6370000.0,143661,0.00730591629775708
DBX, DROPBOX INC ,26210C104,6315000.0,227151,0.007242835387807843
CINF, CINCINNATI FINL CORP ,172062101,6285000.0,38446,0.007208427618744623
PEG, PUBLIC SVC ENTERPRISE GRP IN ,744573106,6277000.0,78171,0.007199252213661098
IRM, IRON MTN INC DEL ,46284V101,6258000.0,75448,0.0071774606265877245
DCI, DONALDSON INC ,257651109,6217000.0,70120,0.007130436675534657
N/A, NEWAMSTERDAM PHARMA COMPANY ,N62509109,6210000.0,177016,0.0071224081960865725
PEP, PEPSICO INC ,713448108,6208000.0,43258,0.007120114344815692
TWLO, TWILIO INC ,90138F102,6202000.0,43601,0.0071132327910030475
BAP, CREDICORP LTD ,G2519Y108,6188000.0,21532,0.007097175832106877
VLO, VALERO ENERGY CORP ,91913Y100,6185000.0,37995,0.007093735055200555
QLYS, QUALYS INC ,74758T303,6141000.0,46204,0.007043270327241166
NUVL, NUVALENT INC ,670703107,6106000.0,60702,0.0070031279300007436
CYRX, CRYOPORT INC ,229050307,6097000.0,635060,0.0069928055992817765
NVDA, NVIDIA CORPORATION ,67066G104,6076000.0,32396,0.006968720160937523
JHG, JANUS HENDERSON GROUP PLC ,G4474Y214,6069000.0,127582,0.006960691681489438
DG, DOLLAR GEN CORP NEW ,256677105,6058000.0,45568,0.006948075499499591
TJX, TJX COS INC NEW ,872540109,6042000.0,39335,0.006929724689332541
SBSW, SIBANYE STILLWATER LTD ,82575P107,6021000.0,422521,0.006905639250988286
BBIO 2.5 03/15/27, BRIDGEBIO PHARMA INC ,10806XAB8,6021000.0,3180000,0.006905639250988286
EXAS 0.375 03/01/28, EXACT SCIENCES CORP ,30063PAC9,6018000.0,5850000,0.006902198474081964
PHM, PULTE GROUP INC ,745867101,6005000.0,51145,0.0068872884408212355
CROX, CROCS INC ,227046109,6004000.0,70204,0.006886141515185795
CNM, CORE & MAIN INC ,21874C102,6002000.0,115485,0.006883847663914912
HLT, HILTON WORLDWIDE HLDGS INC ,43300A203,5967000.0,20772,0.006843705266674489
SWX, SOUTHWEST GAS HLDGS INC ,844895102,5957000.0,74448,0.006832236010320083
AAPL, APPLE INC ,037833100,5956000.0,21811,0.006831089084684642
META, META PLATFORMS INC ,30303M102,5919000.0,8967,0.006788652836173337
AKAM, AKAMAI TECHNOLOGIES INC ,00971T101,5906000.0,67694,0.006773742802912609
SU, SUNCOR ENERGY INC NEW ,867224107,5898000.0,97365,0.006764567397829083
SRRK, SCHOLAR ROCK HLDG CORP ,80706P103,5884000.0,133577,0.0067485104389329136
HST, HOST HOTELS & RESORTS INC ,44107P104,5830000.0,328798,0.006686576454619117
JNJ, JOHNSON & JOHNSON ,478160104,5825000.0,28149,0.006680841826441914
APAM, ARTISAN PARTNERS ASSET MGMT ,04316A108,5812000.0,142659,0.006665931793181186
RS, RELIANCE INC ,759509102,5792000.0,20049,0.006642993280472372
VIPS, VIPSHOP HLDGS LTD ,92763W103,5783000.0,326906,0.006632670949753406
TDG, TRANSDIGM GROUP INC ,893641100,5778000.0,4355,0.006626936321576203
J, JACOBS SOLUTIONS INC ,46982L108,5765000.0,43470,0.006612026288315474
MORN, MORNINGSTAR INC ,617700109,5764000.0,26524,0.006610879362680033
WTRG, ESSENTIAL UTILS INC ,29670G102,5744000.0,149712,0.006587940849971219
F 0 03/15/26, FORD MTR CO ,345370CZ1,5709000.0,5500000,0.006547798452730795
ON 0 05/01/27, ON SEMICONDUCTOR CORP ,682189AS4,5707000.0,4800000,0.006545504601459915
INFY, INFOSYS LTD ,456788108,5701000.0,34895,0.00653862304764727
MUR, MURPHY OIL CORP ,626717102,5681000.0,181797,0.006515684534938458
NOC, NORTHROP GRUMMAN CORP ,666807102,5671000.0,9903,0.006504215278584051
ALSN, ALLISON TRANSMISSION HLDGS I ,01973R101,5651000.0,57727,0.006481276765875238
AOS, SMITH A O CORP ,831865209,5649000.0,84464,0.006478982914604356
BFH, BREAD FINANCIAL HOLDINGS INC ,018581108,5638000.0,76165,0.006466366732614508
CCJ, CAMECO CORP ,13321L108,5627000.0,46751,0.006453750550624662
Q, QNITY ELECTRONICS INC ,74743L100,5611000.0,68717,0.00643539974045761
PAYC, PAYCOM SOFTWARE INC ,70432V102,5611000.0,35207,0.00643539974045761
GPN 1.5 03/01/31, GLOBAL PMTS INC ,37940XAU6,5604000.0,6250000,0.006427371261009525
DRI, DARDEN RESTAURANTS INC ,237194105,5603000.0,30447,0.006426224335374085
RCUS, ARCUS BIOSCIENCES INC ,03969F109,5586000.0,234416,0.006406726599571594
SNOW 0 10/01/29, SNOWFLAKE INC ,833445AD1,5583000.0,3600000,0.006403285822665271
CP, CANADIAN PACIFIC KANSAS CITY ,13646K108,5573000.0,55154,0.006391816566310864
CRS, CARPENTER TECHNOLOGY CORP ,144285103,5550000.0,17628,0.006365437276695729
YUMC, YUM CHINA HLDGS INC ,98850P109,5549000.0,116235,0.006364290351060288
RGLD, ROYAL GOLD INC ,780287108,5513000.0,24801,0.006323001028184424
WMT, WALMART INC ,931142103,5508000.0,49439,0.006317266400007221
CLX, CLOROX CO DEL ,189054109,5488000.0,54430,0.006294327887298408
WDAY, WORKDAY INC ,98138H101,5485000.0,25538,0.006290887110392085
URBN, URBAN OUTFITTERS INC ,917047102,5484000.0,72869,0.006289740184756644
AZN, ASTRAZENECA PLC ,046353108,5482000.0,59634,0.006287446333485763
WMB, WILLIAMS COS INC ,969457100,5472000.0,91040,0.006275977077131357
EL, LAUDER ESTEE COS INC ,518439104,5466000.0,52105,0.006269095523318713
MCO, MOODYS CORP ,615369105,5441000.0,10651,0.0062404223824326956
LHX, L3HARRIS TECHNOLOGIES INC ,502431109,5421000.0,18420,0.006217483869723882
AMZN, AMAZON COM INC ,023135106,5394000.0,23370,0.006186516877566985
CNC, CENTENE CORP DEL ,15135B101,5382000.0,130991,0.006172753769941696
OCUL, OCULAR THERAPEUTIX INC ,67576A100,5381000.0,443207,0.006171606844306256
TME, TENCENT MUSIC ENTMT GROUP ,88034P109,5349000.0,305012,0.006134905223972154
GEV, GE VERNOVA INC ,36828A101,5336000.0,8164,0.006119995190711425
IDCC, INTERDIGITAL INC ,45867G101,5328000.0,16736,0.0061108197856279
NTNX 0.5 12/15/29, NUTANIX INC ,67059NAK4,5326000.0,5530000,0.006108525934357018
VALE, VALE S A ,91912E105,5295000.0,406405,0.006072971239658358
TCOM 0.75 06/15/29, TRIP COM GROUP LTD ,89677QAB3,5293000.0,4300000,0.006070677388387477
HURN, HURON CONSULTING GROUP INC ,447462102,5289000.0,30587,0.006066089685845714
BN, BROOKFIELD CORP ,11271J107,5289000.0,83575,0.006066089685845714
COMM, COMMSCOPE HLDG CO INC ,20337X109,5285000.0,291500,0.006061501983303951
TMUS, T-MOBILE US INC ,872590104,5280000.0,26007,0.0060557673551267475
SO, SOUTHERN CO ,842587107,5279000.0,60545,0.006054620429491307
SIRI, SIRIUSXM HOLDINGS INC ,829933100,5272000.0,263670,0.0060465919500432225
CNHI, CNH INDL N V ,N20944109,5270000.0,571561,0.006044298098772341
RIVN 4.625 03/15/29, RIVIAN AUTOMOTIVE INC ,76954AAB9,5255000.0,4140000,0.006027094214240731
STE, STERIS PLC ,G8473T100,5247000.0,20686,0.006017918809157205
MAA, MID-AMER APT CMNTYS INC ,59522J103,5245000.0,37777,0.006015624957886325
HST, HOST HOTELS & RESORTS INC ,44107P104,5235000.0,295280,0.006004155701531917
KAI, KADANT INC ,48282T104,5232000.0,18355,0.006000714924625596
SJM, SMUCKER J M CO ,832696405,5221000.0,52330,0.005988098742635748
KHC, KRAFT HEINZ CO ,500754106,5217000.0,215130,0.005983511040093986
ELS, EQUITY LIFESTYLE PPTYS INC ,29472R108,5203000.0,85792,0.0059674540811978155
CASY, CASEYS GEN STORES INC ,147528103,5178000.0,9368,0.005938780940311799
WTRG, ESSENTIAL UTILS INC ,29670G102,5160000.0,134512,0.005918136278873868
CMI, CUMMINS INC ,231021106,5149000.0,10087,0.00590552009688402
FLUT, FLUTTER ENTMT PLC ,G3643J108,5143000.0,23864,0.005898638543071376
KO, COCA COLA CO ,191216100,5135000.0,73447,0.0058894631379878505
AVAV 0 07/15/30, AEROVIRONMENT INC ,008073AA6,5129000.0,4725000,0.005882581584175207
MSA, MSA SAFETY INC ,553498106,5114000.0,31932,0.005865377699643596
SPOT 0 03/15/26, SPOTIFY USA INC ,84921RAB6,5096000.0,4500000,0.005844733038205665
MOS, MOSAIC CO NEW ,61945C103,5065000.0,210261,0.005809178343507003
ALC, ALCON AG ,H01301128,5058000.0,79931,0.005801149864058918
DOW, DOW INC ,260557103,5055000.0,216360,0.005797709087152597
ASPI, ASP ISOTOPES INC ,00218A105,5052000.0,944326,0.005794268310246275
IDXX, IDEXX LABS INC ,45168D104,5023000.0,7424,0.005761007466818495
NCLH 1.125 02/15/27, NCL CORP LTD ,62886HBD2,5003000.0,5000000,0.005738068954109682
KYMR, KYMERA THERAPEUTICS INC ,501575104,4997000.0,64224,0.005731187400297038
ARM, ARM HOLDINGS PLC ,042068205,4978000.0,45536,0.0057093958132236645
UI, UBIQUITI INC ,90353W103,4970000.0,8982,0.0057002204081401395
IONS 1.75 06/15/28, IONIS PHARMACEUTICALS INC ,462222AF7,4955000.0,3135000,0.00568301652360853
VST, VISTRA CORP ,92840M102,4952000.0,30676,0.005679575746702208
VAC 0 01/15/26, MARRIOTT VACATIONS WORLDWIDE ,57164YAD9,4948000.0,5000000,0.005674988044160444
CDTX, CIDARA THERAPEUTICS INC ,171757206,4942000.0,22372,0.005668106490347801
ABNB 0 03/15/26, AIRBNB INC ,009066AB7,4912000.0,5000000,0.00563369872128458
DNLI, DENALI THERAPEUTICS INC ,24823R105,4903000.0,296959,0.005623376390565615
SFM, SPROUTS FMRS MKT INC ,85208M102,4898000.0,61480,0.005617641762388411
NFLX, NETFLIX INC ,64110L106,4887000.0,52119,0.005605025580398564
QQQM, INVESCO EXCH TRADED FD TR II ,46138G649,4882000.0,19301,0.00559929095222136
CARR, CARRIER GLOBAL CORPORATION ,14448C104,4881000.0,92380,0.0055981440265859194
SCCO, SOUTHERN COPPER CORP ,84265V105,4879000.0,33969,0.005595850175315038
HSY, HERSHEY CO ,427866108,4874000.0,26782,0.005590115547137835
AGIO, AGIOS PHARMACEUTICALS INC ,00847X104,4873000.0,179022,0.005588968621502394
HSY, HERSHEY CO ,427866108,4872000.0,26738,0.005587821695866954
BRK/B, BERKSHIRE HATHAWAY INC DEL ,084670702,4852000.0,9653,0.00556488318315814
ASO, ACADEMY SPORTS & OUTDOORS IN ,00402L107,4844000.0,96966,0.005555707778074615
DOV, DOVER CORP ,260003108,4840000.0,24791,0.005551120075532852
ALHC, ALIGNMENT HEALTHCARE INC ,01625V104,4827000.0,244402,0.005536210042272123
RMBS, RAMBUS INC DEL ,750917106,4823000.0,52485,0.005531622339730361
NVCR, NOVOCURE LTD ,G6674U108,4807000.0,371773,0.00551327152956331
HAE, HAEMONETICS CORP MASS ,405024100,4792000.0,59791,0.0054960676450317
CM, CANADIAN IMPERIAL BANK OF CO ,136069101,4765000.0,38292,0.005465100652874802
PRU, PRUDENTIAL FINL INC ,744320102,4755000.0,42124,0.005453631396520395
UPST, UPSTART HLDGS INC ,91680M107,4743000.0,108454,0.005439868288895107
ZWS, ZURN ELKAY WATER SOLNS CORP ,98983L108,4740000.0,101964,0.005436427511988785
CLH, CLEAN HARBORS INC ,184496107,4740000.0,20216,0.005436427511988785
KFY, KORN FERRY ,500643200,4693000.0,71080,0.005382522007123074
CB, CHUBB LIMITED ,H1467J104,4671000.0,14965,0.005357289643143378
NEE, NEXTERA ENERGY INC ,65339F101,4668000.0,58141,0.0053538488662370565
STAG, STAG INDL INC ,85254J102,4666000.0,75500,0.005351555014966175
BJ, BJS WHSL CLUB HLDGS INC ,05550J101,4664000.0,51802,0.005349261163695294
UAL, UNITED AIRLS HLDGS INC ,910047109,4654000.0,41621,0.005337791907340887
TYL 0.25 03/15/26, TYLER TEX INDPT SCH DIST ,902252AB1,4650000.0,4600000,0.005333204204799125
HUBS, HUBSPOT INC ,443573100,4650000.0,11587,0.005333204204799125
TYL, TYLER TECHNOLOGIES INC ,902252105,4636000.0,10213,0.0053171472459029555
AIG, AMERICAN INTL GROUP INC ,026874784,4627000.0,54083,0.005306824915183989
W 3.5 11/15/28, WAYFAIR INC ,94419LAR2,4621000.0,2000000,0.005299943361371345
AVB, AVALONBAY CMNTYS INC ,053484101,4616000.0,25459,0.005294208733194142
DUK, DUKE ENERGY CORP NEW ,26441C204,4602000.0,39233,0.005278151774297972
DLR, DIGITAL RLTY TR INC ,253868103,4597000.0,29714,0.005272417146120769
DVN, DEVON ENERGY CORP NEW ,25179M103,4568000.0,124823,0.00523915630269299
SPSC, SPS COMM INC ,78463M107,4567000.0,51238,0.0052380093770575484
NU, NU HLDGS LTD ,G6683N103,4559000.0,272355,0.005228833971974023
BHC, BAUSCH HEALTH COS INC ,071734107,4553000.0,655055,0.005221952418161379
HUBG, HUB GROUP INC ,443320106,4551000.0,106812,0.005219658566890498
DT, DYNATRACE INC ,268150109,4531000.0,104543,0.0051967200541816845
NI, NISOURCE INC ,65473P105,4531000.0,108493,0.0051967200541816845
CAH, CARDINAL HEALTH INC ,14149Y108,4505000.0,21920,0.005166899987660227
EYPT, EYEPOINT INC ,30233G209,4500000.0,246279,0.005161165359483024
CTRA, COTERRA ENERGY INC ,127097103,4491000.0,170900,0.0051508430287640575
GTLS, CHART INDS INC ,16115Q308,4490000.0,21772,0.005149696103128617
EQT, EQT CORP ,26884L109,4474000.0,83420,0.005131345292961566
BNS, BANK NOVA SCOTIA HALIFAX ,064149107,4472000.0,44174,0.005129051441690685
CYTK 3.5 07/01/27, CYTOKINETICS INC ,23282WAC4,4465000.0,3150000,0.0051210229622426
THG, HANOVER INS GROUP INC ,410867105,4462000.0,24415,0.005117582185336278
GTM, ZOOMINFO TECHNOLOGIES INC ,98980F104,4425000.0,435124,0.005075145936824973
BSY, BENTLEY SYS INC ,08265T208,4424000.0,115884,0.005073999011189533
ZTS, ZOETIS INC ,98978V103,4414000.0,35078,0.0050625297548351255
CME, CME GROUP INC ,12572Q105,4393000.0,16088,0.005038444316490872
TMHC, TAYLOR MORRISON HOME CORP ,87724P106,4383000.0,74460,0.005026975060136465
THC, TENET HEALTHCARE CORP ,88033G407,4379000.0,22034,0.005022387357594703
MCHP 0.75 06/01/30, MICROCHIP TECHNOLOGY INC. ,595017BG8,4368000.0,4500000,0.005009771175604855
POST 2.5 08/15/27, POST HLDGS INC ,737446AT1,4326000.0,4000000,0.004961600298916347
DAL, DELTA AIR LINES INC DEL ,247361702,4302000.0,61936,0.004934074083665771
MXCT, MAXCYTE INC ,57777K106,4299000.0,2773554,0.004930633306759449
OKE, ONEOK INC NEW ,682680103,4287000.0,58328,0.00491687019913416
ESRT, EMPIRE ST RLTY TR INC ,292104106,4278000.0,656194,0.004906547868415195
CNP, CENTERPOINT ENERGY INC ,15189T107,4268000.0,111359,0.004895078612060788
AEO, AMERICAN EAGLE OUTFITTERS IN ,02553E106,4252000.0,161256,0.004876727801893737
NTES, NETEASE INC ,64110W102,4243000.0,30834,0.004866405471174771
ABT, ABBOTT LABS ,002824100,4219000.0,33672,0.004838879255924195
MOH, MOLINA HEALTHCARE INC ,60855R100,4212000.0,24271,0.00483085077647611
ARE, ALEXANDRIA REAL ESTATE EQ IN ,015271109,4208000.0,86002,0.004826263073934347
ZYME, ZYMEWORKS INC ,98985Y108,4203000.0,159615,0.004820528445757144
DEI, DOUGLAS EMMETT INC ,25960P109,4171000.0,379545,0.004783826825423042
BBY, BEST BUY INC ,086516101,4156000.0,61969,0.004766622940891432
WSFS, WSFS FINL CORP ,929328102,4145000.0,75039,0.0047540067589015855
CW, CURTISS WRIGHT CORP ,231561101,4140000.0,7500,0.004748272130724381
TRP, TC ENERGY CORP ,87807B107,4140000.0,54783,0.004748272130724381
RNR, RENAISSANCERE HLDGS LTD ,G7496G103,4117000.0,14642,0.004721892841109247
CAKE, CHEESECAKE FACTORY INC ,163072101,4104000.0,81294,0.004706982807848517
XYZ, BLOCK INC ,852234103,4089000.0,62696,0.004689778923316908
BIIB, BIOGEN INC ,09062X103,4085000.0,23211,0.004685191220775145
ACN, ACCENTURE PLC IRELAND ,G1151C101,4064000.0,15147,0.004661105782430891
MSFT, MICROSOFT CORP ,594918104,4059000.0,8326,0.004655371154253687
ED, CONSOLIDATED EDISON INC ,209115104,4037000.0,40651,0.004630138790273993
BCYC, BICYCLE THERAPEUTICS PLC ,088786108,4023000.0,568225,0.004614081831377823
JKHY, HENRY JACK & ASSOC INC ,426281101,4022000.0,22025,0.004612934905742383
USB, US BANCORP DEL ,902973304,4015000.0,75247,0.004604906426294298
HDB, HDFC BANK LTD ,40415F101,3990000.0,109200,0.004576233285408281
VIRT, VIRTU FINL INC ,928254101,3983000.0,119548,0.004568204805960196
RNA, AVIDITY BIOSCIENCES INC ,05370A108,3974000.0,55090,0.00455788247524123
MTD, METTLER TOLEDO INTERNATIONAL ,592688105,3971000.0,2848,0.004554441698334908
ITW, ILLINOIS TOOL WKS INC ,452308109,3965000.0,16100,0.004547560144522264
CEG, CONSTELLATION ENERGY CORP ,21037T109,3958000.0,11203,0.004539531665074179
WTRG, ESSENTIAL UTILS INC ,29670G102,3958000.0,103188,0.004539531665074179
STZ, CONSTELLATION BRANDS INC ,21036P108,3949000.0,28586,0.004529209334355213
ADC, AGREE RLTY CORP ,008492100,3921000.0,54432,0.004497095416562875
AON, AON PLC ,G0403H108,3908000.0,11038,0.004482185383302146
6RJ0, ROCKET LAB CORP ,773121108,3907000.0,55349,0.0044810384576667054
DD, DUPONT DE NEMOURS INC ,26614N102,3902000.0,96925,0.004475303829489501
IMNM, IMMUNOME INC ,45257U108,3897000.0,181416,0.004469569201312298
BLKB, BLACKBAUD INC ,09227Q100,3891000.0,61457,0.0044626876474996545
DB, DEUTSCHE BANK A G ,D18190898,3880000.0,117196,0.004450071465509807
EAT, BRINKER INTL INC ,109641100,3876000.0,27006,0.004445483762968045
N/A, INDIVIOR PLC ,G4766E116,3876000.0,108017,0.004445483762968045
JPM, JPMORGAN CHASE & CO. ,46625H100,3857000.0,11969,0.004423692175894672
SOFI, SOFI TECHNOLOGIES INC ,83406F102,3844000.0,145948,0.004408782142633943
CL, COLGATE PALMOLIVE CO ,194162103,3842000.0,48622,0.004406488291363061
OVV, OVINTIV INC ,69047Q102,3839000.0,97964,0.00440304751445674
BN, BROOKFIELD CORP ,11271J107,3838000.0,60906,0.004401900588821299
AXTA, AXALTA COATING SYS LTD ,G0750C108,3833000.0,118624,0.004396165960644095
RBLX, ROBLOX CORP ,771049103,3829000.0,47167,0.004391578258102333
ITRI, ITRON INC ,465741106,3811000.0,41043,0.004370933596664401
COIN, COINBASE GLOBAL INC ,19260Q107,3804000.0,16822,0.004362905117216316
USFD, US FOODS HLDG CORP ,912008109,3787000.0,50279,0.004343407381413825
GGB, GERDAU SA ,373737105,3780000.0,1024392,0.00433537890196574
BFAM, BRIGHT HORIZONS FAM SOL IN D ,109194100,3776000.0,37238,0.004330791199423978
RRX, REGAL REXNORD CORPORATION ,758750103,3771000.0,26874,0.004325056571246774
ACLS, AXCELIS TECHNOLOGIES INC ,054540208,3771000.0,46937,0.004325056571246774
DBX 0 03/01/28, DROPBOX INC ,26210CAD6,3767000.0,3750000,0.004320468868705011
D, DOMINION ENERGY INC ,25746U109,3750000.0,63996,0.0043009711329025195
PGR, PROGRESSIVE CORP ,743315103,3744000.0,16443,0.004294089579089876
DXC, DXC TECHNOLOGY CO ,23355L106,3724000.0,254171,0.004271151066381062
NTES, NETEASE INC ,64110W102,3722000.0,27044,0.004268857215110181
JAZZ 2 06/15/26, JAZZ INVESTMENTS I LTD ,472145AF8,3713000.0,3200000,0.004258534884391215
TEAM, ATLASSIAN CORPORATION ,049468101,3711000.0,22905,0.004256241033120334
BSX, BOSTON SCIENTIFIC CORP ,101137107,3703000.0,38840,0.004247065628036808
KSS, KOHLS CORP ,500255104,3682000.0,180418,0.0042229801896925545
AVGO, BROADCOM INC ,11135F101,3681000.0,10523,0.004221833264057113
GS, GOLDMAN SACHS GROUP INC ,38141G104,3677000.0,4183,0.00421724556151535
CSCO, CISCO SYS INC ,17275R102,3674000.0,47694,0.004213804784609029
HLT, HILTON WORLDWIDE HLDGS INC ,43300A203,3671000.0,12781,0.004210364007702707
PK, PARK HOTELS & RESORTS INC ,700517105,3671000.0,350953,0.004210364007702707
CAT, CATERPILLAR INC ,149123101,3666000.0,6399,0.0042046293795255036
ADM, ARCHER DANIELS MIDLAND CO ,039483102,3665000.0,63716,0.004203482453890062
MKSI, MKS INC. ,55306N104,3654000.0,22865,0.004190866271900216
LOGI, LOGITECH INTL S A ,H50430232,3632000.0,44538,0.004165633907920521
DLB, DOLBY LABORATORIES INC ,25659T107,3632000.0,56558,0.004165633907920521
TRV, TRAVELERS COMPANIES INC ,89417E109,3631000.0,12519,0.00416448698228508
CNK, CINEMARK HLDGS INC ,17243V102,3614000.0,155512,0.004144989246482589
EXE, EXPAND ENERGY CORPORATION ,165167735,3614000.0,32787,0.004144989246482589
SHC, SOTERA HEALTH CO ,83601L102,3605000.0,204388,0.0041346669157636224
GPN, GLOBAL PMTS INC ,37940X102,3605000.0,46417,0.0041346669157636224
NSZ, NETSCOUT SYS INC ,64115T104,3601000.0,133069,0.0041300792132218595
RGEN 1 12/15/28, REPLIGEN CORP ,759916AD1,3591000.0,3300000,0.004118609956867453
MGA, MAGNA INTL INC ,559222401,3583000.0,48946,0.004109434551783928
BALL, BALL CORP ,058498106,3572000.0,67493,0.00409681836979408
ADP, AUTOMATIC DATA PROCESSING IN ,053015103,3560000.0,13838,0.004083055262168792
Z, ZILLOW GROUP INC ,98954M200,3554000.0,52058,0.004076173708356148
UNP, UNION PAC CORP ,907818108,3552000.0,15356,0.004073879857085267
ELVR, ELEVRA LITHIUM LTD ,805700101,3540000.0,67336,0.004060116749459978
AMD, ADVANCED MICRO DEVICES INC ,007903107,3532000.0,16494,0.004050941344376453
FTS, FORTIS INC ,349553107,3521000.0,49413,0.004038325162386606
JD, JD.COM INC ,47215P106,3520000.0,79459,0.004037178236751165
ECL, ECOLAB INC ,278865100,3488000.0,13287,0.004000476616417064
AMT, AMERICAN TOWER CORP NEW ,03027X100,3484000.0,19846,0.003995888913875301
HSAI, HESAI GROUP ,428050108,3477000.0,155232,0.003987860434427217
TRU, TRANSUNION ,89400J107,3475000.0,40415,0.003985566583156335
IRTC 1.5 09/01/29, IRHYTHM TECHNOLOGIES INC ,450056AB2,3474000.0,2500000,0.003984419657520895
VNT, VONTIER CORPORATION ,928881101,3462000.0,93111,0.003970656549895606
VITL, VITAL FARMS INC ,92847W103,3444000.0,107837,0.003950011888457674
TYRA, TYRA BIOSCIENCES INC ,90240B106,3412000.0,129779,0.0039133102681235725
MO, ALTRIA GROUP INC ,02209S103,3394000.0,58289,0.0038926656066856405
TDY, TELEDYNE TECHNOLOGIES INC ,879360105,3393000.0,6630,0.0038915186810502
TXRH, TEXAS ROADHOUSE INC ,882681109,3386000.0,20396,0.003883490201602115
PSX, PHILLIPS 66 ,718546104,3384000.0,26221,0.0038811963503312336
EXPE 0 02/15/26, EXPEDIA GROUP INC ,30212PBE4,3377000.0,3000000,0.0038731678708831493
MTSI, MACOM TECH SOLUTIONS HLDGS I ,55405Y100,3359000.0,19609,0.0038525232094452173
TRN, TRINITY INDS INC ,896522109,3354000.0,126840,0.003846788581268013
ABVX, ABIVAX SA ,00370M103,3345000.0,24806,0.003836466250549048
AFRM, AFFIRM HLDGS INC ,00827B106,3337000.0,44833,0.003827290845465522
IMCR, IMMUNOCORE HLDGS PLC ,45258D105,3329000.0,95904,0.003818115440381997
G, GENPACT LIMITED ,G3922B107,3327000.0,71128,0.003815821589111116
LNTH 2.625 12/15/27, LANTHEUS HLDGS INC ,516544AB9,3323000.0,2900000,0.0038112338865693533
BE, BLOOM ENERGY CORP ,093712107,3323000.0,38051,0.0038112338865693533
CLDX, CELLDEX THERAPEUTICS INC NEW ,15117B202,3320000.0,122244,0.0038077931096630307
WMS, ADVANCED DRAIN SYS INC DEL ,00790R104,3263000.0,22530,0.0037424183484429125
RNG, RINGCENTRAL INC ,76680R206,3256000.0,112740,0.0037343898689948278
RXRX, RECURSION PHARMACEUTICALS IN ,75629V104,3249000.0,794287,0.003726361389546743
HON, HONEYWELL INTL INC ,438516106,3239000.0,16604,0.003714892133192336
HD, HOME DEPOT INC ,437076102,3238000.0,9411,0.0037137452075568958
L, LOEWS CORP ,540424108,3236000.0,30678,0.0037114513562860143
NRG, NRG ENERGY INC ,629377508,3219000.0,20190,0.003691953620483523
DYN, DYNE THERAPEUTICS INC ,26818M108,3217000.0,164462,0.0036896597692126416
LINE, LINEAGE INC ,53566V106,3216000.0,91873,0.003688512843577201
WAY, WAYSTAR HLDG CORP ,946784105,3216000.0,98212,0.003688512843577201
AOS, SMITH A O CORP ,831865209,3206000.0,47941,0.003677043587222794
CLS, CELESTICA INC ,15101Q207,3203000.0,9747,0.003673602810316472
NU, NU HLDGS LTD ,G6683N103,3183000.0,190166,0.003650664297607659
IRON, DISC MEDICINE INC ,254604101,3166000.0,39874,0.0036311665618051674
AQN, ALGONQUIN PWR UTILS CORP ,015857105,3165000.0,375050,0.003630019636169727
CRM, SALESFORCE INC ,79466L302,3158000.0,11920,0.003621991156721642
MMYT, MAKEMYTRIP LIMITED MAURITIUS ,V5633W109,3148000.0,38339,0.0036105219003672354
SRPT 1.25 09/15/27, SAREPTA THERAPEUTICS INC ,803607AD2,3147000.0,3500000,0.0036093749747317947
MANH, MANHATTAN ASSOCIATES INC ,562750109,3144000.0,18143,0.0036059341978254725
ITUB, ITAU UNIBANCO HLDG S A ,465562106,3142000.0,438760,0.003603640346554591
MSI, MOTOROLA SOLUTIONS INC ,620076307,3140000.0,8191,0.00360134649528371
FWONK 2.25 08/15/27, LIBERTY MEDIA CORP DEL ,531229AQ5,3132000.0,2450000,0.003592171090200185
YELP, YELP INC ,985817105,3110000.0,102352,0.0035669387262204895
N/A, APTIV PLC ,G3265R107,3105000.0,40802,0.0035612040980432863
HUT, HUT 8 CORP ,44812J104,3096000.0,67390,0.00355088176732432
ADEA, ADEIA INC ,00676P107,3089000.0,179083,0.0035428532878762358
DAL, DELTA AIR LINES INC DEL ,247361702,3087000.0,44478,0.0035405594366053543
AMD, ADVANCED MICRO DEVICES INC ,007903107,3081000.0,14385,0.00353367788279271
ALKT, ALKAMI TECHNOLOGY INC ,01644J108,3078000.0,133407,0.003530237105886388
TT, TRANE TECHNOLOGIES PLC ,G8994E103,3065000.0,7874,0.0035153270726256593
KNSL, KINSALE CAP GROUP INC ,49714P108,3060000.0,7793,0.003509592444448456
CDW, CDW CORP ,12514G108,3059000.0,22456,0.0035084455188130153
CRGY, CRESCENT ENERGY COMPANY ,44952J104,3044000.0,362765,0.003491241634281405
MTSI, MACOM TECH SOLUTIONS HLDGS I ,55405Y100,3036000.0,2127,0.00348206622919788
BNL, BROADSTONE NET LEASE INC ,11135E203,3033000.0,174583,0.0034786254522915575
WIX, WIX COM LTD ,M98068105,3030000.0,29165,0.0034751846753852357
ITRI 1.375 07/15/30, ITRON INC ,465741AQ9,3028000.0,3000000,0.0034728908241143546
QFIN, QFIN HOLDINGS INC ,88557W101,3025000.0,156955,0.0034694500472080324
ETSY 0.125 10/01/26, ETSY INC ,29786AAJ5,3024000.0,3000000,0.003468303121572592
LYV, LIVE NATION ENTERTAINMENT IN ,538034109,3022000.0,21162,0.0034660092703017106
HQY, HEALTHEQUITY INC ,42226A107,3022000.0,32984,0.0034660092703017106
WPM, WHEATON PRECIOUS METALS CORP ,962879102,3000000.0,18589,0.0034407769063220157
JXC1, ZIFF DAVIS INC ,48123V102,2986000.0,84956,0.0034247199474258467
OFG, OFG BANCORP ,67103X102,2985000.0,72839,0.0034235730217904055
APGE, APOGEE THERAPEUTICS INC ,03770N101,2975000.0,39417,0.003412103765435999
STT, STATE STR CORP ,857477103,2957000.0,22919,0.003391459103998067
HAE 0 03/01/26, HAEMONETICS CORP MASS ,405024AB6,2952000.0,3000000,0.0033857244758208633
TXN, TEXAS INSTRS INC ,882508104,2950000.0,17005,0.003383430624549982
HTHT, H WORLD GROUP LTD ,44332N106,2937000.0,62420,0.003368520591289254
W 3.25 09/15/27, WAYFAIR INC ,94419LAP6,2930000.0,1750000,0.003360492111841169
BAC, VERIZON COMMUNICATIONS INC ,92343V104,2929000.0,71913,0.003359345186205728
AFW, ALIGN TECHNOLOGY INC ,016255101,2923000.0,18717,0.0033524636323930845
H, HYATT HOTELS CORP ,448579102,2920000.0,18189,0.003349022855486762
AAON, AAON INC ,000360206,2918000.0,38264,0.0033467290042158804
GSK, GSK PLC ,37733W204,2917000.0,59481,0.00334558207858044
XEL, XCEL ENERGY INC ,98389B100,2917000.0,39487,0.00334558207858044
MELI, MERCADOLIBRE INC ,58733R102,2917000.0,1448,0.00334558207858044
FWONK, LIBERTY MEDIA CORP DEL ,531229755,2909000.0,29582,0.003336406673496915
PSTG, PURE STORAGE INC ,74624M102,2908000.0,43363,0.0033352597478614743
GE, GE AEROSPACE ,369604301,2892000.0,9389,0.0033169089376944233
CP, CANADIAN PACIFIC KANSAS CITY ,13646K108,2880000.0,28500,0.0033031458300691353
MAC, MACERICH CO ,554382101,2874000.0,155670,0.0032962642762564913
RPM, RPM INTL INC ,749685103,2872000.0,27587,0.0032939704249856094
HALO 0.25 03/01/27, HALOZYME THERAPEUTICS INC ,40637HAD1,2867000.0,2650000,0.003288235796808406
PCRX, PACIRA BIOSCIENCES INC ,695127100,2863000.0,110631,0.0032836480942666437
MU, MICRON TECHNOLOGY INC ,595112103,2850000.0,9987,0.003268738061005915
ASND 2.25 04/01/28, ASCENDIS PHARMA A/S ,04351PAD3,2840000.0,2000000,0.003257268804651508
HG, HAMILTON INSURANCE GROUP LTD ,G42706104,2829000.0,101401,0.003244652622661661
MAN, MANPOWERGROUP INC WIS ,56418H100,2827000.0,95102,0.0032423587713907797
BBIO 2.25 02/01/29, BRIDGEBIO PHARMA INC ,10806XAD4,2825000.0,2500000,0.0032400649201198986
ICE, INTERCONTINENTAL EXCHANGE IN ,45866F104,2823000.0,17428,0.0032377710688490167
CIT, CINTAS CORP ,172908105,2821000.0,14998,0.0032354772175781353
INVH, INVITATION HOMES INC ,46187W107,2819000.0,101580,0.003233183366307254
ATO, ATMOS ENERGY CORP ,049560105,2818000.0,16810,0.0032320364406718135
BKNG, BOOKING HOLDINGS INC ,09857L108,2812000.0,525,0.0032251548868591695
IP, INTERNATIONAL PAPER CO ,460146103,2812000.0,71383,0.0032251548868591695
TOST, TOAST INC ,888787108,2808000.0,78890,0.0032205671843174065
LOW, LOWES COS INC ,548661107,2799000.0,11607,0.0032102448535984407
BURL, BURLINGTON STORES INC ,122017106,2796000.0,9682,0.003206804076692119
FFIV, F5 INC ,315616102,2792000.0,10938,0.0032022163741503564
Q, QNITY ELECTRONICS INC ,74743L100,2786000.0,34055,0.003195334820337712
GLDD, GREAT LAKES DREDGE & DOCK CO ,390607109,2785000.0,212306,0.0031941878947022713
BZ, KANZHUN LIMITED ,48553T106,2781000.0,136205,0.0031896001921605088
IOT, SAMSARA INC ,79589L106,2773000.0,78065,0.003180424787076983
ACT, ENACT HLDGS INC ,29249E109,2771000.0,69896,0.003178130935806102
BMRN 1.25 05/15/27, BIOMARIN PHARMACEUTICAL INC ,09061GAK7,2768000.0,2900000,0.00317469015889978
HPE, HEWLETT PACKARD ENTERPRISE C ,42824C109,2763000.0,115043,0.0031689555307225768
SPGI, S&P GLOBAL INC ,78409V104,2762000.0,5285,0.003167808605087136
AMZN, AMAZON COM INC ,023135106,2759000.0,11867,0.0031643678281808134
UNP, UNION PAC CORP ,907818108,2750000.0,11890,0.003154045497461848
OII, OCEANEERING INTL INC ,675232102,2748000.0,114344,0.0031517516461909666
BMY, BRISTOL-MYERS SQUIBB CO ,110122108,2739000.0,50782,0.0031414293154720004
VSH 2.25 09/15/30, VISHAY INTERTECHNOLOGY INC ,928298AR9,2709000.0,3000000,0.00310702154640878
EVTC, EVERTEC INC ,30040P103,2701000.0,92835,0.003097846141325255
TAP, MOLSON COORS BEVERAGE CO ,60871R209,2691000.0,57643,0.003086376884970848
ABG, CENCORA INC ,03073E105,2684000.0,7947,0.0030783484055227637
CNI, CANADIAN NATL RY CO ,136375102,2683000.0,19813,0.003077201479887323
JAZZ 3.125 09/15/30, JAZZ INVESTMENTS I LTD ,472145AH4,2680000.0,2000000,0.003073760702981001
LFST, LIFESTANCE HEALTH GROUP INC ,53228F101,2664000.0,378386,0.00305540989281395
ETN, EATON CORP PLC ,G29183103,2657000.0,8342,0.0030473814133658655
VAC, MARRIOTT VACATIONS WORLDWIDE ,57164Y107,2657000.0,46062,0.0030473814133658655
UDR, UDR INC ,902653104,2654000.0,72375,0.0030439406364595432
FNF, FIDELITY NATIONAL FINANCIAL ,31620R303,2649000.0,48500,0.00303820600828234
LITE 0.5 06/15/28, LUMENTUM HLDGS INC ,55024UAF6,2648000.0,933000,0.0030370590826468992
ORLY, OREILLY AUTOMOTIVE INC ,67103H107,2643000.0,28979,0.0030313244544696956
DAR, DARLING INGREDIENTS INC ,237266101,2643000.0,73423,0.0030313244544696956
OUT, OUTFRONT MEDIA INC ,69007J304,2626000.0,108959,0.0030118267186672043
N/A, NEBIUS GROUP N.V. ,N97284108,2608000.0,30659,0.0029911820572292723
HRL, HORMEL FOODS CORP ,440452100,2605000.0,109775,0.0029877412803229505
MDT, MEDTRONIC PLC ,G5960L103,2600000.0,27064,0.002982006652145747
MPLT, MAPLIGHT THERAPEUTICS INC ,56565P103,2598000.0,147930,0.002979712800874866
MCK, MCKESSON CORP ,58155Q103,2595000.0,3164,0.002976272023968544
NOW, SERVICENOW INC ,81762P102,2594000.0,16933,0.002975125098333103
CPAY, CORPAY INC ,219948106,2580000.0,8539,0.002959068139436934
CVE, CENOVUS ENERGY INC ,15135U109,2576000.0,111269,0.002954480436895171
UDR, UDR INC ,902653104,2560000.0,69793,0.00293612962672812
CSCO, CISCO SYS INC ,17275R102,2557000.0,33195,0.002932688849821798
8CW, CROWN CASTLE INC ,22822V101,2547000.0,28662,0.0029212195934673916
CBOE, CBOE GLOBAL MKTS INC ,12503M108,2546000.0,10144,0.0029200726678319504
DBD, DIEBOLD NIXDORF INC ,253651202,2544000.0,37469,0.0029177788165610694
GPN, GLOBAL PMTS INC ,37940X102,2543000.0,32859,0.0029166318909256287
INVA, INNOVIVA INC ,45781M101,2541000.0,127097,0.0029143380396547476
EPAM, EPAM SYS INC ,29414B104,2539000.0,12392,0.002912044188383866
CMS, CMS ENERGY CORP ,125896100,2529000.0,36160,0.002900574932029459
JPM, JPMORGAN CHASE & CO. ,46625H100,2528000.0,7816,0.0028994280063940185
DY, DYCOM INDS INC ,267475101,2524000.0,7471,0.002894840303852256
SBH, SALLY BEAUTY HLDGS INC ,79546E104,2522000.0,176875,0.0028925464525813745
AMCR, AMCOR PLC ,G0250X107,2519000.0,302348,0.0028891056756750527
AKAM 0.375 09/01/27, AKAMAI TECHNOLOGIES INC ,00971TAL5,2501000.0,2485000,0.0028684610142371207
TOST, TOAST INC ,888787108,2501000.0,70429,0.0028684610142371207
MLM, MARTIN MARIETTA MATLS INC ,573284106,2500000.0,4015,0.00286731408860168
PCAR, PACCAR INC ,693718108,2494000.0,22774,0.002860432534789036
KMI, KINDER MORGAN INC DEL ,49456B101,2485000.0,90413,0.0028501102040700698
DLO, DLOCAL LTD ,G29018101,2470000.0,174661,0.0028329063195384595
ENPH 0 03/01/26, ENPHASE ENERGY INC ,29355AAH0,2469000.0,2500000,0.0028317593939030192
PDD, PDD HOLDINGS INC ,722304102,2459000.0,21685,0.0028202901375486123
BWA, BORGWARNER INC ,099724106,2445000.0,54262,0.002804233178652443
NVR, NVR INC ,62944T105,2436000.0,334,0.002793910847933477
UMC, UNITED MICROELECTRONICS CORP ,910873405,2434000.0,309658,0.0027916169966625956
PTCT, PTC THERAPEUTICS INC ,69366J200,2431000.0,32003,0.0027881762197562734
AFL, AFLAC INC ,001055102,2431000.0,22045,0.0027881762197562734
HLF, HERBALIFE LTD ,G4412G101,2431000.0,188576,0.0027881762197562734
SUI, SUN CMNTYS INC ,866674104,2428000.0,19587,0.0027847354428499516
AKAM, AKAMAI TECHNOLOGIES INC ,00971T101,2427000.0,27814,0.002783588517214511
RCI, ROGERS COMMUNICATIONS INC ,775109200,2425000.0,46801,0.0027812946659436294
SOLS, SOLSTICE ADVANCED MATLS INC ,83443Q103,2424000.0,49892,0.0027801477403081886
PBA, PEMBINA PIPELINE CORP ,706327103,2418000.0,46341,0.002773266186495545
TRI, THOMSON REUTERS CORP ,884903808,2416000.0,13337,0.002770972335224663
VIPS, VIPSHOP HLDGS LTD ,92763W103,2416000.0,134404,0.002770972335224663
FBIN, FORTUNE BRANDS INNOVATIONS I ,34964C106,2415000.0,48286,0.002769825409589223
ENR, ENERGIZER HLDGS INC NEW ,29272W109,2411000.0,121239,0.0027652377070474603
SLM, SLM CORP ,78442P106,2406000.0,88904,0.0027595030788702566
HRMY, HARMONY BIOSCIENCES HLDGS IN ,413197104,2405000.0,64262,0.002758356153234816
ATO, ATMOS ENERGY CORP ,049560105,2396000.0,14292,0.00274803382251585
TD, TORONTO DOMINION BK ONT ,891160509,2393000.0,18501,0.002744593045609528
RCI, ROGERS COMMUNICATIONS INC ,775109200,2391000.0,46260,0.0027422991943386464
CGON, CG ONCOLOGY INC ,156944100,2390000.0,57553,0.002741152268703206
VYX, NCR VOYIX CORPORATION ,62886E108,2386000.0,233944,0.0027365645661614436
BK, BANK NEW YORK MELLON CORP ,064058100,2380000.0,20500,0.002729683012348799
AXON 0.5 12/15/27, AXON ENTERPRISE INC ,05464CAB7,2366000.0,940000,0.0027136260534526297
HAS, HASBRO INC ,418056107,2361000.0,28798,0.0027078914252754265
PAYC, PAYCOM SOFTWARE INC ,70432V102,2358000.0,14794,0.0027044506483691042
DGII, DIGI INTL INC ,253798102,2355000.0,54402,0.0027010098714627825
HIG, HARTFORD INSURANCE GROUP INC ,416515104,2353000.0,17078,0.002698716020191901
LLY, ELI LILLY & CO ,532457108,2353000.0,2179,0.002698716020191901
AHR, AMERICAN HEALTHCARE REIT INC ,398182303,2353000.0,50000,0.002698716020191901
MLKN, MILLERKNOLL INC ,600544100,2346000.0,128318,0.0026906875407438167
VSH, VISHAY INTERTECHNOLOGY INC ,928298108,2345000.0,161828,0.0026895406151083755
AFG, AMERICAN FINL GROUP INC OHIO ,025932104,2343000.0,17137,0.0026872467638374945
AGX, ARGAN INC ,04010E109,2342000.0,7475,0.0026860998382020537
BSY 0.375 07/01/27, BENTLEY SYS INC ,08265TAD1,2338000.0,2500000,0.002681512135660291
NTR, NUTRIEN LTD ,67077M108,2335000.0,27567,0.002678071358753969
FLEX, FLEX LTD ,Y2573F102,2329000.0,38549,0.002671189804941325
MET, METLIFE INC ,59156R108,2327000.0,29483,0.0026688959536704435
BBY, BEST BUY INC ,086516101,2324000.0,34729,0.0026654551767641217
OKE, ONEOK INC NEW ,682680103,2319000.0,31554,0.002659720548586918
CRM, SALESFORCE INC ,79466L302,2318000.0,8751,0.0026585736229514777
WTS, WATTS WATER TECHNOLOGIES INC ,942749102,2316000.0,8390,0.0026562797716805963
AXS, AXIS CAP HLDGS LTD ,G0692U109,2315000.0,21596,0.0026551328460451555
OLLI, OLLIES BARGAIN OUTLET HLDGS ,681116109,2308000.0,21056,0.002647104366597071
LNG, CHENIERE ENERGY INC ,16411R208,2308000.0,11875,0.002647104366597071
DASH, DOORDASH INC ,25809K105,2303000.0,10168,0.0026413697384198675
FAST, FASTENAL CO ,311900104,2302000.0,57357,0.002640222812784427
HUM, HUMANA INC ,444859102,2300000.0,8981,0.0026379289615135453
LIN, LINDE PLC ,G54950103,2294000.0,5380,0.0026310474077009013
GFS, GLOBALFOUNDRIES INC ,G39387108,2291000.0,65621,0.0026276066307945795
PRG, PROG HOLDINGS INC ,74319R101,2288000.0,77584,0.0026241658538882573
V, VISA INC ,92826C839,2285000.0,6514,0.0026207250769819355
EA, ELECTRONIC ARTS INC ,285512109,2281000.0,11163,0.0026161373744401726
MD, PEDIATRIX MEDICAL GROUP INC ,58502B106,2277000.0,106456,0.00261154967189841
TGT, TARGET CORP ,87612E106,2277000.0,23299,0.00261154967189841
BAH, BOOZ ALLEN HAMILTON HLDG COR ,099502106,2276000.0,26956,0.0026104027462629693
VSCO, VICTORIAS SECRET AND CO ,926400102,2270000.0,41903,0.0026035211924503253
BRK/B, BERKSHIRE HATHAWAY INC DEL ,084670702,2265000.0,4506,0.002597786564273122
VLTO, VERALTO CORP ,92338C103,2256000.0,22608,0.002587464233554156
NTNX 0.25 10/01/27, NUTANIX INC ,67059NAH1,2255000.0,2000000,0.002586317307918715
AXP, AMERICAN EXPRESS CO ,025816109,2253000.0,6089,0.0025840234566478337
GFI, GOLD FIELDS LTD ,38059T106,2251000.0,51563,0.0025817296053769526
LLY, ELI LILLY & CO ,532457108,2249000.0,2093,0.0025794357541060716
CALM, CAL MAINE FOODS INC ,128030202,2249000.0,28270,0.0025794357541060716
R, RYDER SYS INC ,783549108,2248000.0,11748,0.0025782888284706304
JNJ, JOHNSON & JOHNSON ,478160104,2244000.0,10845,0.002573701125928868
CRBG, COREBRIDGE FINL INC ,21871X109,2241000.0,74222,0.002570260349022546
GWRE, GUIDEWIRE SOFTWARE INC ,40171V100,2240000.0,11142,0.002569113423387105
INTU, INTUIT ,461202103,2234000.0,3372,0.0025622318695744614
SLF, SUN LIFE FINANCIAL INC. ,866796105,2228000.0,26000,0.002555350315761817
PH, PARKER-HANNIFIN CORP ,701094104,2227000.0,2534,0.0025542033901263766
ED, CONSOLIDATED EDISON INC ,209115104,2225000.0,22400,0.002551909538855495
NGVT, INGEVITY CORP ,45688C107,2225000.0,37593,0.002551909538855495
DLX, DELUXE CORP ,248019101,2224000.0,99592,0.0025507626132200544
ON 0.5 03/01/29, ON SEMICONDUCTOR CORP ,682189AU9,2224000.0,2349000,0.0025507626132200544
ETSY 0.25 06/15/28, ETSY INC ,29786AAN6,2221000.0,2500000,0.002547321836313732
JCI, JOHNSON CTLS INTL PLC ,G51502105,2220000.0,18536,0.002546174910678292
PEO, EXELON CORP ,30161N101,2219000.0,50913,0.002545027985042851
PEG, PUBLIC SVC ENTERPRISE GRP IN ,744573106,2211000.0,27536,0.0025358525799593257
VRNS, VARONIS SYS INC ,922280102,2204000.0,67181,0.002527824100511241
ERIC, TELEFONAKTIEBOLAGET LM ERICS ,294821608,2203000.0,228333,0.0025266771748758
HEI, HEICO CORP NEW ,422806109,2201000.0,6755,0.002524383323604919
KLAC, KLA CORP ,482480100,2197000.0,1808,0.0025197956210631562
SRE, SEMPRA ,816851109,2189000.0,24798,0.0025106202159796307
OGN, ORGANON & CO ,68622V106,2171000.0,302804,0.0024899755545416988
GLW, CORNING INC ,219350105,2168000.0,24756,0.0024865347776353765
HR, HEALTHCARE RLTY TR ,42226K105,2168000.0,127886,0.0024865347776353765
WMB, WILLIAMS COS INC ,969457100,2166000.0,36037,0.0024842409263644955
SHW, SHERWIN WILLIAMS CO ,824348106,2147000.0,6625,0.0024624493392911228
OC, OWENS CORNING NEW ,690742101,2139000.0,19116,0.0024532739342075973
SOFI, SOFI TECHNOLOGIES INC ,83406F102,2139000.0,81714,0.0024532739342075973
NTRS, NORTHERN TR CORP ,665859104,2139000.0,15658,0.0024532739342075973
MMYT, MAKEMYTRIP LIMITED MAURITIUS ,V5633W109,2135000.0,26000,0.0024486862316658344
WMT, WALMART INC ,931142103,2116000.0,18989,0.0024268946445924616
CINF, CINCINNATI FINL CORP ,172062101,2105000.0,12889,0.0024142784626026144
NHI, NATIONAL HEALTH INVS INC ,63633D104,2099000.0,27479,0.0024073969087899704
CNI, CANADIAN NATL RY CO ,136375102,2095000.0,15434,0.0024028092062482074
MCD, MCDONALDS CORP ,580135101,2094000.0,6852,0.002401662280612767
OLED, UNIVERSAL DISPLAY CORP ,91347P105,2092000.0,17915,0.0023993684293418856
MU, MICRON TECHNOLOGY INC ,595112103,2084000.0,7122,0.00239019302425836
OKTA 0.375 06/15/26, OKTA INC ,679295AF2,2083000.0,2143000,0.00238904609862292
OHI, OMEGA HEALTHCARE INVS INC ,681936100,2065000.0,46579,0.002368401437184988
CNMD, CONMED CORP ,207410101,2062000.0,50790,0.0023649606602786652
CSX, CSX CORP ,126408103,2060000.0,56825,0.002362666809007784
HOLX, HOLOGIC INC ,436440101,2060000.0,27656,0.002362666809007784
EXPD, EXPEDITORS INTL WASH INC ,302130109,2056000.0,13800,0.0023580791064660217
ALAB, ASTERA LABS INC ,04626A103,2055000.0,12313,0.0023569321808305805
MTCH, MATCH GROUP INC NEW ,57667L107,2053000.0,63587,0.0023546383295596995
XP, XP INC ,G98239109,2052000.0,125290,0.0023534914039242587
LH, LABCORP HOLDINGS INC ,504922105,2052000.0,8179,0.0023534914039242587
BR, BROADRIDGE FINL SOLUTIONS IN ,11133T103,2045000.0,9163,0.002345462924476174
QCOM, QUALCOMM INC ,747525103,2042000.0,11937,0.002342022147569852
ZTS, ZOETIS INC ,98978V103,2041000.0,16225,0.0023408752219344115
THS, TREEHOUSE FOODS INC ,89469A104,2036000.0,86318,0.002335140593757208
KEY, KEYCORP ,493267108,2035000.0,98596,0.0023339936681217675
XYZ, BLOCK INC ,852234103,2034000.0,31244,0.0023328467424863267
UPWK, UPWORK INC ,91688F104,2029000.0,102357,0.0023271121143091235
NLY, ANNALY CAPITAL MANAGEMENT IN ,035710839,2025000.0,90232,0.002322524411767361
BURL, BURLINGTON STORES INC ,122017106,2016000.0,6980,0.0023122020810483947
NYXH, NYXOAH S A ,B6S7WD106,2015000.0,493222,0.002311055155412954
YUMC, YUM CHINA HLDGS INC ,98850P109,2012000.0,18506,0.002307614378506632
PANW, PALO ALTO NETWORKS INC ,697435105,2008000.0,10901,0.0023030266759648693
KTOS, KRATOS DEFENSE & SEC SOLUTIO ,50077B207,2005000.0,14778,0.002299585899058547
NIO, NIO INC ,62914V106,1991000.0,390436,0.0022835289401623776
LRN, STRIDE INC ,86333M108,1987000.0,30603,0.002278941237620615
CRS, CARPENTER TECHNOLOGY CORP ,144285103,1982000.0,6284,0.002273206609443412
LLY, ELI LILLY & CO ,532457108,1977000.0,1840,0.0022674719812662085
WPC, WP CAREY INC ,92936U109,1965000.0,30530,0.00225370887364092
SNA, SNAP ON INC ,833034101,1964000.0,5700,0.00225256194800548
TMUS, T-MOBILE US INC ,872590104,1958000.0,9645,0.0022456803941928354
YUM, YUM BRANDS INC ,988498101,1956000.0,12928,0.0022433865429219543
QSR, RESTAURANT BRANDS INTL INC ,76131D103,1947000.0,23635,0.002233064212202988
HASI, HA SUSTAINABLE INFRA CAP INC ,41068X100,1943000.0,61833,0.0022284765096612256
BX, BLACKSTONE INC ,09260D107,1934000.0,12550,0.0022181541789422594
CSL, CARLISLE COS INC ,142339100,1932000.0,6014,0.002215860327671378
FRPT 3 04/01/28, FRESHPET INC ,358039AB1,1931000.0,1640000,0.0022147134020359376
LRCX, LAM RESEARCH CORP ,512807306,1929000.0,11100,0.002212419550765056
GWRE 1.25 11/01/29, GUIDEWIRE SOFTWARE INC ,40171VAC4,1928000.0,1750000,0.002211272625129616
GILD, GILEAD SCIENCES INC ,375558103,1923000.0,15666,0.002205537996952412
ALLE, ALLEGION PLC ,G0176J109,1921000.0,12067,0.0022032441456815307
ECG, EVERUS CONSTR GROUP ,300426103,1919000.0,22428,0.0022009502944106496
XP, XP INC ,G98239109,1912000.0,116828,0.002192921814962565
PEB, PEBBLEBROOK HOTEL TR ,70509V100,1911000.0,168781,0.002191774889327124
DEA, EASTERLY GOVT PPTYS INC ,27616P301,1907000.0,89996,0.002187187186785361
ST, SENSATA TECHNOLOGIES HLDG PL ,G8060N102,1902000.0,57120,0.002181452558608158
VKTX, VIKING THERAPEUTICS INC ,92686J106,1900000.0,53994,0.0021791587073372765
KMB, KIMBERLY-CLARK CORP ,494368103,1893000.0,18764,0.0021711302278891917
PCG, PG&E CORP ,69331C108,1892000.0,117724,0.0021699833022537514
DXCM 0.375 05/15/28, DEXCOM INC ,252131AM9,1889000.0,2050000,0.0021665425253474292
GAP, GAP INC ,364760108,1880000.0,73454,0.0021562201946284634
JPX, AEROVIRONMENT INC ,008073108,1876000.0,5011,0.0021516324920867005
GS, GOLDMAN SACHS GROUP INC ,38141G104,1871000.0,2116,0.0021458978639094972
LEN, LENNAR CORP ,526057104,1869000.0,18109,0.0021436040126386158
L, LOEWS CORP ,540424108,1853000.0,17600,0.002125253202471565
RF, REGIONS FINANCIAL CORP NEW ,7591EP100,1846000.0,68114,0.00211722472302348
SYK, STRYKER CORPORATION ,863667101,1846000.0,5251,0.00211722472302348
BL 1 06/01/29, BLACKLINE INC ,09239BAF6,1843000.0,1750000,0.0021137839461171583
PLMR, PALOMAR HLDGS INC ,69753M105,1841000.0,13663,0.0021114900948462773
ENPH, ENPHASE ENERGY INC ,29355A107,1840000.0,57395,0.0021103431692108365
VRSK, VERISK ANALYTICS INC ,92345Y106,1811000.0,8096,0.002077082325783057
BE 3 06/01/29, BLOOM ENERGY CORP ,093712AM9,1809000.0,426000,0.002074788474512176
ADT, ADT INC DEL ,00090Q103,1806000.0,223807,0.0020713476976058536
KLAC, KLA CORP ,482480100,1806000.0,1452,0.0020713476976058536
ASX, ASE TECHNOLOGY HLDG CO LTD ,00215W100,1806000.0,112197,0.0020713476976058536
PBR, PETROLEO BRASILEIRO SA PETRO ,71654V408,1801000.0,151978,0.0020656130694286503
FSM, FORTUNA MNG CORP ,349942102,1796000.0,133517,0.0020598784412514466
OTIS, OTIS WORLDWIDE CORP ,68902V107,1791000.0,20499,0.0020541438130742434
FIVN 1 03/15/29, FIVE9 INC ,338307AF8,1788000.0,2000000,0.002050703036167921
YUMC, YUM CHINA HLDGS INC ,98850P109,1786000.0,37404,0.00204840918489704
HLIT, HARMONIC INC ,413160102,1784000.0,180375,0.0020461153336261586
STX, SEAGATE TECHNOLOGY HLDNGS PL ,G7997R103,1780000.0,6465,0.002041527631084396
MCX, MCCORMICK & CO INC ,579780206,1778000.0,26109,0.0020392337798135146
CI, THE CIGNA GROUP ,125523100,1776000.0,6451,0.0020369399285426336
SLNO, SOLENO THERAPEUTICS INC ,834203309,1774000.0,38325,0.0020346460772717517
ALL, ALLSTATE CORP ,020002101,1774000.0,8521,0.0020346460772717517
ES, EVERSOURCE ENERGY ,30040W108,1763000.0,26185,0.0020220298952819044
ORCL, ORACLE CORP ,68389X105,1763000.0,9046,0.0020220298952819044
AON, AON PLC ,G0403H108,1762000.0,4992,0.002020882969646464
SNAP 0.5 05/01/30, SNAP INC ,83304AAK2,1753000.0,2000000,0.002010560638927498
SPGI, S&P GLOBAL INC ,78409V104,1753000.0,3355,0.002010560638927498
WMT, WALMART INC ,931142103,1743000.0,15649,0.0019990913825730914
AFG, AMERICAN FINL GROUP INC OHIO ,025932104,1742000.0,12743,0.0019979444569376507
ROP, ROPER TECHNOLOGIES INC ,776696106,1736000.0,3900,0.0019910629031250067
HD, HOME DEPOT INC ,437076102,1736000.0,5045,0.0019910629031250067
NDSN, NORDSON CORP ,655663102,1735000.0,7205,0.001989915977489566
DAL, DELTA AIR LINES INC DEL ,247361702,1734000.0,24987,0.001988769051854125
VC, VISTEON CORP ,92839U206,1734000.0,18234,0.001988769051854125
PYPL, PAYPAL HLDGS INC ,70450Y103,1732000.0,29660,0.0019864752005832437
KRC, KILROY RLTY CORP ,49427F108,1731000.0,46310,0.001985328274947803
CX, CEMEX SAB DE CV ,151290889,1727000.0,150287,0.0019807405724060405
GD, GENERAL DYNAMICS CORP ,369550108,1725000.0,5125,0.001978446721135159
WRB, BERKLEY W R CORP ,084423102,1723000.0,24576,0.0019761528698642775
AQN, ALGONQUIN PWR UTILS CORP ,015857105,1721000.0,203860,0.0019738590185933965
DPZ, DOMINOS PIZZA INC ,25754A201,1718000.0,4111,0.0019704182416870747
GWW, WW GRAINGER INC ,384802104,1715000.0,1700,0.0019669774647807525
WELL, WELLTOWER INC ,95040Q104,1714000.0,9235,0.0019658305391453117
BVN, COMPANIA DE MINAS BUENAVENTU ,204448104,1711000.0,61365,0.00196238976223899
BKR, BAKER HUGHES COMPANY ,05722G100,1711000.0,37568,0.00196238976223899
XOM, EXXON MOBIL CORP ,30231G102,1697000.0,14105,0.0019463328033428203
AAT, AMERICAN ASSETS TR INC ,024013104,1696000.0,89617,0.0019451858777073797
SRE, SEMPRA ,816851109,1693000.0,19171,0.0019417451008010575
F, FORD MTR CO ,345370860,1690000.0,128803,0.0019383043238947355
RRX, REGAL REXNORD CORPORATION ,758750103,1690000.0,12043,0.0019383043238947355
MCHP 1.625 02/15/27, MICROCHIP TECHNOLOGY INC. ,595017AF1,1689000.0,1000000,0.001937157398259295
AMGN, AMGEN INC ,031162100,1688000.0,5156,0.0019360104726238543
FIX, COMFORT SYS USA INC ,199908104,1682000.0,1802,0.0019291289188112103
MDLZ, MONDELEZ INTL INC ,609207105,1682000.0,31241,0.0019291289188112103
NDAQ, NASDAQ INC ,631103108,1679000.0,17281,0.0019256881419048883
PNR, PENTAIR PLC ,G7S00T104,1674000.0,16078,0.0019199535137276848
NTAP, NETAPP INC ,64110D104,1668000.0,15576,0.0019130719599150406
UEC, URANIUM ENERGY CORP ,916896103,1665000.0,142528,0.0019096311830087188
NTES, NETEASE INC ,64110W102,1661000.0,12069,0.0019050434804669559
UPBD, UPBOUND GROUP INC ,76009N100,1660000.0,94547,0.0019038965548315153
BF/B, BROWN FORMAN CORP ,115637209,1652000.0,63321,0.0018947211497479899
DAVE, DAVE INC ,23834J201,1649000.0,7447,0.001891280372841668
PEG, PUBLIC SVC ENTERPRISE GRP IN ,744573106,1646000.0,20500,0.001887839595935346
TTMI, TTM TECHNOLOGIES INC ,87305R109,1644000.0,23346,0.0018855457446644646
FNV, FRANCO NEV CORP ,351858105,1638000.0,5758,0.0018786641908518208
NEM, NEWMONT CORP ,651639106,1635000.0,16377,0.0018752234139454986
RBC, RBC BEARINGS INC ,75524B104,1635000.0,3645,0.0018752234139454986
EME, EMCOR GROUP INC ,29084Q100,1618000.0,2644,0.0018557256781430072
NVMI, NOVA LTD ,M7516K103,1617000.0,3777,0.0018545787525075666
APH, AMPHENOL CORP NEW ,032095101,1601000.0,11751,0.0018362279423405157
FSM, FORTUNA MNG CORP ,349942102,1601000.0,119016,0.0018362279423405157
FLR 1.125 08/15/29, FLUOR CORP ,343412AJ1,1596000.0,1395000,0.0018304933141633122
HRTG, HERITAGE INSURANCE HLDGS INC ,42727J102,1595000.0,54504,0.0018293463885278717
LMT, LOCKHEED MARTIN CORP ,539830109,1591000.0,3276,0.0018247586859861092
BAM, BROOKFIELD ASSET MANAGMT LTD ,113004105,1590000.0,22114,0.0018236117603506684
HCA, HCA HEALTHCARE INC ,40412C101,1582000.0,3389,0.0018144363552671432
IVZ, INVESCO LTD ,G491BT108,1578000.0,60087,0.0018098486527253802
CAG, CONAGRA BRANDS INC ,205887102,1574000.0,90911,0.0018052609501836177
M, MACYS INC ,55616P104,1573000.0,71344,0.0018041140245481772
EPC, EDGEWELL PERS CARE CO ,28035Q102,1572000.0,92191,0.0018029670989127362
D, DOMINION ENERGY INC ,25746U109,1570000.0,26800,0.001800673247641855
TSM, TAIWAN SEMICONDUCTOR MFG LTD ,874039100,1567000.0,5231,0.001797232470735533
XEL, XCEL ENERGY INC ,98389B100,1566000.0,21200,0.0017960855451000925
ENB, ENBRIDGE INC ,29250N105,1561000.0,23766,0.001790350916922889
GD, GENERAL DYNAMICS CORP ,369550108,1561000.0,4548,0.001790350916922889
CBRE, CBRE GROUP INC ,12504L109,1557000.0,9681,0.0017857632143811265
CIB1N, GRUPO CIBEST SA ,40090E106,1553000.0,24410,0.0017811755118393635
KKR, KKR & CO INC ,48251W104,1553000.0,12183,0.0017811755118393635
IONQ, IONQ INC ,46222L108,1552000.0,34117,0.001780028586203923
EMBC, EMBECTA CORP ,29082K105,1548000.0,130337,0.00177544088366216
PEO, EXELON CORP ,30161N101,1547000.0,35479,0.0017742939580267193
BDX, BECTON DICKINSON & CO ,075887109,1546000.0,7965,0.0017731470323912788
PLXS, PLEXUS CORP ,729132100,1535000.0,10442,0.0017605308504014315
BIRK, BIRKENSTOCK HOLDING PLC ,M2029K104,1535000.0,37534,0.0017605308504014315
KGC, KINROSS GOLD CORP ,496902404,1530000.0,53476,0.001754796222224228
HSY, HERSHEY CO ,427866108,1529000.0,8400,0.0017536492965887873
HWM, HOWMET AEROSPACE INC ,443201108,1524000.0,7326,0.0017479146684115838
ISPO, INSPIRATO INCORPORATED ,45791E206,1520000.0,364571,0.0017433269658698213
WYNN, WYNN RESORTS LTD ,983134107,1520000.0,12628,0.0017433269658698213
HALO, HALOZYME THERAPEUTICS INC ,40637H109,1518000.0,22557,0.00174103311459894
HWM, HOWMET AEROSPACE INC ,443201108,1514000.0,7385,0.0017364454120571773
AHCO, ADAPTHEALTH CORP ,00653Q102,1513000.0,151928,0.0017352984864217366
BIRK, BIRKENSTOCK HOLDING PLC ,M2029K104,1513000.0,37000,0.0017352984864217366
BB4, AXOS FINANCIAL INC ,05465C100,1512000.0,17554,0.001734151560786296
WELL, WELLTOWER INC ,95040Q104,1506000.0,8004,0.0017272700069736518
BSY 0.125 01/15/26, BENTLEY SYS INC ,08265TAB5,1506000.0,1526000,0.0017272700069736518
RIGL, RIGEL PHARMACEUTICALS INC ,766559702,1500000.0,35029,0.0017203884531610078
RKT, ROCKET COS INC ,77311W101,1496000.0,77194,0.0017158007506192453
NOW, SERVICENOW INC ,81762P102,1493000.0,9745,0.0017123599737129233
ATO, ATMOS ENERGY CORP ,049560105,1492000.0,8847,0.0017112130480774824
BJRI, BJS RESTAURANTS INC ,09180C106,1490000.0,37805,0.0017089191968066011
IBM, INTERNATIONAL BUSINESS MACHS ,459200101,1489000.0,5027,0.0017077722711711606
EMR, EMERSON ELEC CO ,291011104,1489000.0,11219,0.0017077722711711606
NKE, NIKE INC ,654106103,1481000.0,23253,0.0016985968660876351
USFD, US FOODS HLDG CORP ,912008109,1479000.0,19639,0.0016963030148167539
BK, BANK NEW YORK MELLON CORP ,064058100,1478000.0,12645,0.0016951560891813131
UHS, UNIVERSAL HLTH SVCS INC ,913903100,1475000.0,6765,0.001691715312274991
STT, STATE STR CORP ,857477103,1474000.0,11310,0.0016905683866395504
HBAN, HUNTINGTON BANCSHARES INC ,446150104,1470000.0,84746,0.0016859806840977879
PG, PROCTER AND GAMBLE CO ,742718109,1466000.0,10227,0.001681392981556025
IR, INGERSOLL RAND INC ,45687V106,1465000.0,18489,0.0016802460559205844
GLPI, GAMING & LEISURE PPTYS INC ,36467J108,1463000.0,32741,0.0016779522046497031
L, LOEWS CORP ,540424108,1459000.0,13852,0.0016733645021079402
IMO, IMPERIAL OIL LTD ,453038408,1457000.0,12313,0.001671070650837059
STGW, STAGWELL INC ,85256A109,1457000.0,297855,0.001671070650837059
NUE, NUCOR CORP ,670346105,1454000.0,8915,0.0016676298739307371
TILE, INTERFACE INC ,458665304,1452000.0,52015,0.0016653360226598554
RSG, REPUBLIC SVCS INC ,760759100,1452000.0,6851,0.0016653360226598554
UTHR, UNITED THERAPEUTICS CORP DEL ,91307C102,1450000.0,2976,0.0016630421713889742
SPG, SIMON PPTY GROUP INC NEW ,828806109,1447000.0,7817,0.0016596013944826524
WSO, WATSCO INC ,942622200,1447000.0,4276,0.0016596013944826524
CAH, CARDINAL HEALTH INC ,14149Y108,1440000.0,6949,0.0016515729150345677
MTZ, MASTEC INC ,576323109,1429000.0,6576,0.0016389567330447204
N/A, FERROVIAL SE ,N3168P101,1428000.0,25813,0.0016378098074092795
TAL, TAL EDUCATION GROUP ,874080104,1428000.0,130861,0.0016378098074092795
AJG, GALLAGHER ARTHUR J & CO ,363576109,1426000.0,5511,0.0016355159561383982
TRP, TC ENERGY CORP ,87807B107,1424000.0,18839,0.001633222104867517
CMI, CUMMINS INC ,231021106,1421000.0,2784,0.001629781327961195
JKHY, HENRY JACK & ASSOC INC ,426281101,1419000.0,7775,0.0016274874766903135
CM, CANADIAN IMPERIAL BANK OF CO ,136069101,1418000.0,15499,0.0016263405510548727
IBEX, IBEX LTD ,G4690M101,1417000.0,37108,0.001625193625419432
FRT, FEDERAL RLTY INVT TR NEW ,313745101,1412000.0,14007,0.0016194589972422285
PAYX, PAYCHEX INC ,704326107,1412000.0,12591,0.0016194589972422285
CMCO, COLUMBUS MCKINNON CORP N Y ,199333105,1406000.0,81524,0.0016125774434295847
AGCO, AGCO CORP ,001084102,1403000.0,13450,0.0016091366665232625
TEVA, TEVA PHARMACEUTICAL INDS LTD ,881624209,1402000.0,44634,0.001607989740887822
APO, APOLLO GLOBAL MGMT INC ,03769M106,1398000.0,9657,0.0016034020383460595
PRGS, PROGRESS SOFTWARE CORP ,743312100,1392000.0,32409,0.0015965204845334153
PTEN, PATTERSON-UTI ENERGY INC ,703481101,1382000.0,226135,0.0015850512281790088
CLH, CLEAN HARBORS INC ,184496107,1382000.0,5894,0.0015850512281790088
ETR, ENTERGY CORP NEW ,29364G103,1381000.0,14940,0.001583904302543568
WDC, WESTERN DIGITAL CORP ,958102105,1376000.0,7816,0.0015781696743663645
DAY, DAYFORCE INC ,15677J108,1374000.0,19870,0.0015758758230954833
GILD, GILEAD SCIENCES INC ,375558103,1374000.0,11151,0.0015758758230954833
BILL, BILL HOLDINGS INC ,090043100,1372000.0,25160,0.001573581971824602
MLM, MARTIN MARIETTA MATLS INC ,573284106,1370000.0,2201,0.0015712881205537205
SCHW, SCHWAB CHARLES CORP ,808513105,1370000.0,13712,0.0015712881205537205
LNC, LINCOLN NATL CORP IND ,534187109,1369000.0,30747,0.0015701411949182798
8CW, CROWN CASTLE INC ,22822V101,1368000.0,15392,0.0015689942692828393
AEM, AGNICO EAGLE MINES LTD ,008474108,1362000.0,7927,0.001562112715470195
ZBH, ZIMMER BIOMET HOLDINGS INC ,98956P102,1359000.0,15115,0.0015586719385638733
TRMB, TRIMBLE INC ,896239100,1347000.0,17193,0.0015449088309385849
ISRG, INTUITIVE SURGICAL INC ,46120E602,1341000.0,2368,0.001538027277125941
BZ, KANZHUN LIMITED ,48553T106,1340000.0,65736,0.0015368803514905006
BSX, BOSTON SCIENTIFIC CORP ,101137107,1336000.0,14012,0.0015322926489487376
SNDK, SANDISK CORP ,80004C200,1336000.0,5629,0.0015322926489487376
PAYO, PAYONEER GLOBAL INC ,70451X104,1327000.0,236043,0.0015219703182297716
EIX, EDISON INTL ,281020107,1327000.0,22107,0.0015219703182297716
SCSC, SCANSOURCE INC ,806037107,1324000.0,33896,0.0015185295413234496
G, GENPACT LIMITED ,G3922B107,1323000.0,28285,0.001517382615688009
VTRS, VIATRIS INC ,92556V106,1322000.0,106176,0.0015162356900525684
STN, STANTEC INC ,85472N109,1305000.0,10078,0.001496737954250077
PKG, PACKAGING CORP AMER ,695156109,1304000.0,6311,0.0014955910286146362
KBIA, KB FINL GROUP INC ,48241A105,1292000.0,15011,0.0014818279209893482
AYI, ACUITY INC ,00508Y102,1290000.0,3575,0.001479534069718467
EWBC, EAST WEST BANCORP INC ,27579R104,1289000.0,11466,0.0014783871440830262
DHI, D R HORTON INC ,23331A109,1287000.0,8939,0.0014760932928121447
WDC, WESTERN DIGITAL CORP ,958102105,1285000.0,7459,0.0014737994415412634
PEG, PUBLIC SVC ENTERPRISE GRP IN ,744573106,1284000.0,15986,0.0014726525159058227
AMH, AMERICAN HOMES 4 RENT ,02665T306,1282000.0,39944,0.0014703586646349414
RPRX, ROYALTY PHARMA PLC ,G7709Q104,1282000.0,32876,0.0014703586646349414
FDS, FACTSET RESH SYS INC ,303075105,1277000.0,4402,0.001464624036457738
MAR, MARRIOTT INTL INC NEW ,571903202,1276000.0,4113,0.0014634771108222974
ADSK, AUTODESK INC ,052769106,1274000.0,4303,0.0014611832595514162
PRGS 3.5 03/01/30, PROGRESS SOFTWARE CORP ,743312AD2,1273000.0,1250000,0.0014600363339159752
MITK, MITEK SYS INC ,606710200,1271000.0,120509,0.001457742482645094
ABT, ABBOTT LABS ,002824100,1270000.0,10138,0.0014565955570096534
AVB, AVALONBAY CMNTYS INC ,053484101,1268000.0,6995,0.001454301705738772
HPE, HEWLETT PACKARD ENTERPRISE C ,42824C109,1266000.0,52697,0.0014520078544678907
SLB, SLB LIMITED ,806857108,1263000.0,32919,0.0014485670775615687
BMO, BANK MONTREAL QUE ,063671101,1252000.0,7025,0.0014359508955717212
FTI, TECHNIPFMC PLC ,G87110105,1251000.0,28028,0.0014348039699362805
BKR, BAKER HUGHES COMPANY ,05722G100,1249000.0,27429,0.0014325101186653992
BKNG, BOOKING HOLDINGS INC ,09857L108,1242000.0,232,0.0014244816392173145
ED, CONSOLIDATED EDISON INC ,209115104,1237000.0,12456,0.001418747011040111
TJX, TJX COS INC NEW ,872540109,1233000.0,8026,0.0014141593084983485
AFRM, AFFIRM HLDGS INC ,00827B106,1227000.0,16403,0.0014072777546857045
A4S, AMERIPRISE FINL INC ,03076C106,1226000.0,2500,0.0014061308290502638
CCSI, CONSENSUS CLOUD SOLUTIONS IN ,20848V105,1222000.0,56001,0.001401543126508501
RBC, RBC BEARINGS INC ,75524B104,1217000.0,2714,0.0013958084983312978
AA, ALCOA CORP ,013872106,1216000.0,22885,0.001394661572695857
MLI, MUELLER INDS INC ,624756102,1209000.0,10535,0.0013866330932477725
ENTG, ENTEGRIS INC ,29362U104,1206000.0,14282,0.0013831923163414503
CRL, CHARLES RIV LABS INTL INC ,159864107,1205000.0,6040,0.0013820453907060098
NTR, NUTRIEN LTD ,67077M108,1203000.0,14024,0.0013797515394351283
GEN, GEN DIGITAL INC ,668771108,1200000.0,44137,0.0013763107625288063
BIIB, BIOGEN INC ,09062X103,1180000.0,6705,0.0013533722498199929
DHR, DANAHER CORPORATION ,235851102,1177000.0,5141,0.0013499314729136709
EXAS, EXACT SCIENCES CORP ,30063P105,1177000.0,11585,0.0013499314729136709
FUTU, FUTU HLDGS LTD ,36118L106,1175000.0,7149,0.0013476376216427896
HCA, HCA HEALTHCARE INC ,40412C101,1173000.0,2478,0.0013453437703719083
CXM, SPRINKLR INC ,85208T107,1171000.0,150453,0.0013430499191010269
TWLO, TWILIO INC ,90138F102,1171000.0,8231,0.0013430499191010269
MPC, MARATHON PETE CORP ,56585A102,1168000.0,7180,0.0013396091421947049
ZLAB, ZAI LAB LTD ,98887Q104,1161000.0,65814,0.0013315806627466201
HELE, HELEN OF TROY LTD ,G4388N106,1161000.0,54617,0.0013315806627466201
LI 0.25 05/01/28, LI AUTO INC ,50202MAB8,1159000.0,1150000,0.0013292868114757389
MTD, METTLER TOLEDO INTERNATIONAL ,592688105,1159000.0,831,0.0013292868114757389
SPGI, S&P GLOBAL INC ,78409V104,1159000.0,2218,0.0013292868114757389
PEN, PENUMBRA INC ,70975L107,1157000.0,3721,0.0013269929602048574
UEC, URANIUM ENERGY CORP ,916896103,1157000.0,99034,0.0013269929602048574
LRCX, LAM RESEARCH CORP ,512807306,1156000.0,6755,0.0013258460345694167
BLMN, BLOOMIN BRANDS INC ,094235108,1154000.0,187063,0.0013235521832985354
SOLV, SOLVENTUM CORP ,83444M101,1154000.0,14534,0.0013235521832985354
AWC, AMERICAN WTR WKS CO INC NEW ,030420103,1152000.0,8828,0.001321258332027654
TRP, TC ENERGY CORP ,87807B107,1151000.0,15234,0.0013201114063922134
DVN, DEVON ENERGY CORP NEW ,25179M103,1150000.0,31397,0.0013189644807567727
RTX, RTX CORPORATION ,75513E101,1148000.0,6260,0.0013166706294858914
OKLO, OKLO INC ,02156V109,1147000.0,15769,0.0013155237038504507
MEDP, MEDPACE HLDGS INC ,58506Q109,1145000.0,2038,0.0013132298525795694
WMB, WILLIAMS COS INC ,969457100,1144000.0,19038,0.0013120829269441287
NUS, NU SKIN ENTERPRISES INC ,67018T105,1144000.0,118963,0.0013120829269441287
CARR, CARRIER GLOBAL CORPORATION ,14448C104,1142000.0,21612,0.0013097890756732474
DRI, DARDEN RESTAURANTS INC ,237194105,1141000.0,6202,0.0013086421500378067
FOUR, SHIFT4 PMTS INC ,82452J109,1137000.0,18052,0.0013040544474960441
ELV, ELEVANCE HEALTH INC FORMERLY ,036752103,1133000.0,3232,0.0012994667449542814
SNAP, SNAP INC ,83304A106,1133000.0,140812,0.0012994667449542814
MCS, MARCUS CORP DEL ,566330106,1127000.0,72635,0.0012925851911416372
MMYT 0 02/15/28, MAKEMYTRIP LIMITED MAURITIUS ,56087FAB0,1119000.0,520000,0.001283409786058112
T, AT&T INC ,00206R102,1112000.0,44748,0.0012753813066100272
KDP, KEURIG DR PEPPER INC ,49271V100,1112000.0,39688,0.0012753813066100272
UHS, UNIVERSAL HLTH SVCS INC ,913903100,1108000.0,5080,0.0012707936040682645
AMAT, APPLIED MATLS INC ,038222105,1101000.0,4284,0.00126276512462018
ZM, ZOOM COMMUNICATIONS INC ,98980L101,1101000.0,12756,0.00126276512462018
OSPN, ONESPAN INC ,68287N100,1100000.0,85636,0.001261618198984739
EC, ECOPETROL S A ,279158109,1098000.0,49554,0.0012593243477138577
CHD, CHURCH & DWIGHT CO INC ,171340102,1096000.0,13074,0.0012570304964429763
DD, DUPONT DE NEMOURS INC ,26614N102,1093000.0,27200,0.0012535897195366545
DLR, DIGITAL RLTY TR INC ,253868103,1091000.0,7051,0.001251295868265773
ABBV, ABBVIE INC ,00287Y109,1088000.0,4737,0.001247855091359451
ABG, CENCORA INC ,03073E105,1088000.0,3199,0.001247855091359451
SANM, SANMINA CORPORATION ,801056102,1084000.0,7132,0.0012432673888176883
ECL, ECOLAB INC ,278865100,1071000.0,4080,0.0012283573555569595
EXEL, EXELIXIS INC ,30161Q104,1070000.0,24405,0.001227210429921519
N/A, QIAGEN NV ,N72482206,1068000.0,27468,0.0012249165786506375
OI, O-I GLASS INC ,67098H104,1068000.0,72331,0.0012249165786506375
VRSN, VERISIGN INC ,92343E102,1068000.0,4395,0.0012249165786506375
EQR, EQUITY RESIDENTIAL ,29476L107,1067000.0,16921,0.001223769653015197
WAB, WABTEC ,929740108,1063000.0,4978,0.0012191819504734343
MCO, MOODYS CORP ,615369105,1060000.0,2075,0.001215741173567112
UEC, URANIUM ENERGY CORP ,916896103,1059000.0,90681,0.0012145942479316716
IBM, INTERNATIONAL BUSINESS MACHS ,459200101,1056000.0,3566,0.0012111534710253496
RDDT, REDDIT INC ,75734B100,1046000.0,4560,0.0011996842146709428
AIR, AAR CORP ,000361105,1043000.0,12599,0.0011962434377646208
LNG, CHENIERE ENERGY INC ,16411R208,1041000.0,5354,0.0011939495864937396
MMC, MARSH & MCLENNAN COS INC ,571748102,1039000.0,5600,0.001191655735222858
ALB, ALBEMARLE CORP ,012653101,1038000.0,7338,0.0011905088095874176
MBC, MASTERBRAND INC ,57638P104,1035000.0,93787,0.0011870680326810954
BALL, BALL CORP ,058498106,1034000.0,19526,0.0011859211070456548
KR, KROGER CO ,501044101,1033000.0,16538,0.001184774181410214
RMNI, RIMINI STR INC DEL ,76674Q107,1032000.0,265962,0.0011836272557747736
ERIE, ERIE INDTY CO ,29530P102,1032000.0,3603,0.0011836272557747736
THC, TENET HEALTHCARE CORP ,88033G407,1028000.0,5171,0.0011790395532330108
WEC, WEC ENERGY GROUP INC ,92939U106,1024000.0,9704,0.001174451850691248
TCBX, THIRD COAST BANCSHARES INC ,88422P109,1021000.0,26859,0.001171011073784926
PMT 5.5 03/15/26, PENNYMAC CORP ,70932AAF0,1016000.0,1000000,0.0011652764456077228
TPR, TAPESTRY INC ,876030107,1015000.0,7838,0.0011641295199722819
VEEV, VEEVA SYS INC ,922475108,1015000.0,4545,0.0011641295199722819
UPST 1 11/15/30, UPSTART HLDGS INC ,91680MAF4,1011000.0,1150000,0.0011595418174305194
FNV, FRANCO NEV CORP ,351858105,1011000.0,3555,0.0011595418174305194
FLEX, FLEX LTD ,Y2573F102,1010000.0,16371,0.0011583948917950786
CMI, CUMMINS INC ,231021106,1007000.0,1972,0.0011549541148887566
DTE, DTE ENERGY CO ,233331107,1001000.0,7768,0.0011480725610761126
KC, KINGSOFT CLOUD HLDGS LTD ,49639K101,1001000.0,96764,0.0011480725610761126
PD 1.5 10/15/28 *, PAGERDUTY INC ,69553PAD2,1000000.0,1050000,0.0011469256354406721
LDOS, LEIDOS HOLDINGS INC ,525327102,998000.0,5534,0.0011446317841697906
HEI/A, HEICO CORP NEW ,422806208,994000.0,3898,0.001140044081628028
TRGP, TARGA RES CORP ,87612G101,992000.0,5375,0.0011377502303571466
GMRE, GLOBAL MED REIT INC ,37954A303,990000.0,29333,0.0011354563790862652
ZBH, ZIMMER BIOMET HOLDINGS INC ,98956P102,988000.0,10983,0.001133162527815384
MNST, MONSTER BEVERAGE CORP NEW ,61174X109,985000.0,12841,0.001129721750909062
QCOM, QUALCOMM INC ,747525103,985000.0,5760,0.001129721750909062
TROW, PRICE T ROWE GROUP INC ,74144T108,983000.0,9600,0.0011274278996381804
SAIA, SAIA INC ,78709Y105,981000.0,3004,0.0011251340483672992
MTH 1.75 05/15/28, MERITAGE HOMES CORP ,59001ABF8,975000.0,1000000,0.0011182524945546552
STRL, STERLING INFRASTRUCTURE INC ,859241101,974000.0,3181,0.0011171055689192144
BKR, BAKER HUGHES COMPANY ,05722G100,971000.0,21327,0.0011136647920128924
JACK, JACK IN THE BOX INC ,466367109,970000.0,51168,0.0011125178663774517
STNE, STONECO LTD ,G85158106,969000.0,65472,0.0011113709407420112
MOD, MODINE MFG CO ,607828100,969000.0,7173,0.0011113709407420112
ES, EVERSOURCE ENERGY ,30040W108,966000.0,14341,0.001107930163835689
DELL, DELL TECHNOLOGIES INC ,24703L202,966000.0,7676,0.001107930163835689
AEE, AMEREN CORP ,023608102,964000.0,9654,0.001105636312564808
FTV, FORTIVE CORP ,34959J108,961000.0,17410,0.0011021955356584857
CCJ, CAMECO CORP ,13321L108,958000.0,10470,0.0010987547587521637
ES, EVERSOURCE ENERGY ,30040W108,951000.0,14127,0.001090726279304079
CTO, CTO RLTY GROWTH INC NEW ,22948Q101,949000.0,51566,0.0010884324280331977
BMRN, BIOMARIN PHARMACEUTICAL INC ,09061G101,949000.0,15966,0.0010884324280331977
SUX, TD SYNNEX CORPORATION ,87162W100,949000.0,6316,0.0010884324280331977
MDLZ, MONDELEZ INTL INC ,609207105,946000.0,17581,0.0010849916511268757
ED, CONSOLIDATED EDISON INC ,209115104,943000.0,9496,0.0010815508742205535
XYL, XYLEM INC ,98419M100,943000.0,6927,0.0010815508742205535
MGPI, MGP INGREDIENTS INC NEW ,55303J106,940000.0,38671,0.0010781100973142317
CDW, CDW CORP ,12514G108,939000.0,6893,0.001076963171678791
NBIX, NEUROCRINE BIOSCIENCES INC ,64125C109,935000.0,6593,0.0010723754691370282
AIG, AMERICAN INTL GROUP INC ,026874784,934000.0,10921,0.0010712285435015875
JAZZ, JAZZ PHARMACEUTICALS PLC ,G50871105,933000.0,5488,0.001070081617866147
UNP, UNION PAC CORP ,907818108,931000.0,4024,0.0010677877665952655
TECK, TECK RESOURCES LTD ,878742204,930000.0,14344,0.0010666408409598248
LMT, LOCKHEED MARTIN CORP ,539830109,921000.0,1904,0.0010563185102408588
CDNS, CADENCE DESIGN SYSTEM INC ,127387108,921000.0,2946,0.0010563185102408588
MRNA, MODERNA INC ,60770K107,921000.0,31090,0.0010563185102408588
ACN, ACCENTURE PLC IRELAND ,G1151C101,919000.0,3427,0.0010540246589699775
IVZ, INVESCO LTD ,G491BT108,919000.0,34999,0.0010540246589699775
JAZZ, JAZZ PHARMACEUTICALS PLC ,G50871105,919000.0,5405,0.0010540246589699775
GEV, GE VERNOVA INC ,36828A101,918000.0,1405,0.0010528777333345368
PPL, PPL CORP ,69351T106,917000.0,26188,0.0010517308076990963
FUTU, FUTU HLDGS LTD ,36118L106,914000.0,5568,0.001048290030792774
BCE, BCE INC ,05534B760,913000.0,27887,0.0010471431051573335
DOCU, DOCUSIGN INC ,256163106,913000.0,13346,0.0010471431051573335
BL, BLACKLINE INC ,09239B109,908000.0,16427,0.0010414084769801303
UPS, UNITED PARCEL SERVICE INC ,911312106,906000.0,9134,0.0010391146257092488
VLO, VALERO ENERGY CORP ,91913Y100,905000.0,5491,0.001037967700073808
EMA, EMERA INC ,290876101,903000.0,13390,0.0010356738488029268
QSR, RESTAURANT BRANDS INTL INC ,76131D103,902000.0,10943,0.001034526923167486
PNC, PNC FINL SVCS GROUP INC ,693475105,901000.0,4315,0.0010333799975320453
APD, AIR PRODS & CHEMS INC ,009158106,898000.0,3636,0.0010299392206257233
APLE, APPLE HOSPITALITY REIT INC ,03784Y200,897000.0,75671,0.0010287922949902828
AWM, SKYWORKS SOLUTIONS INC ,83088M102,893000.0,14084,0.00102420459244852
ETR, ENTERGY CORP NEW ,29364G103,891000.0,9639,0.0010219107411776386
SATS, ECHOSTAR CORP ,278768106,883000.0,8154,0.0010127353360941133
VTR, VENTAS INC ,92276F100,882000.0,11400,0.0010115884104586726
IT, GARTNER INC ,366651107,879000.0,3483,0.0010081476335523506
AG8, AGILENT TECHNOLOGIES INC ,00846U101,879000.0,6458,0.0010081476335523506
ZION, ZIONS BANCORPORATION N A ,989701107,878000.0,14993,0.0010070007079169099
NXT, NEXTPOWER INC ,65290E101,876000.0,10054,0.0010047068566460286
AHH, ARMADA HOFFLER PPTYS INC ,04208T108,875000.0,132211,0.0010035599310105879
CRCL, CIRCLE INTERNET GROUP INC ,172573107,873000.0,11006,0.0010012660797397066
JKHY, HENRY JACK & ASSOC INC ,426281101,869000.0,4761,0.0009966783771979439
MAS, MASCO CORP ,574599106,869000.0,13629,0.0009966783771979439
CTVA, CORTEVA INC ,22052L104,868000.0,12956,0.0009955314515625033
CLS, CELESTICA INC ,15101Q207,868000.0,2900,0.0009955314515625033
ANF, ABERCROMBIE & FITCH CO ,002896207,867000.0,6888,0.0009943845259270626
DG, DOLLAR GEN CORP NEW ,256677105,864000.0,6508,0.0009909437490207406
KLAC, KLA CORP ,482480100,859000.0,707,0.0009852091208435373
NOW, SERVICENOW INC ,81762P102,855000.0,5579,0.0009806214183017746
MANH, MANHATTAN ASSOCIATES INC ,562750109,853000.0,4919,0.0009783275670308931
DHR, DANAHER CORPORATION ,235851102,850000.0,3713,0.0009748867901245711
ESE, ESCO TECHNOLOGIES INC ,296315104,850000.0,4349,0.0009748867901245711
APA, APA CORPORATION ,03743Q108,849000.0,34722,0.0009737398644891305
TXN, TEXAS INSTRS INC ,882508104,848000.0,4887,0.0009725929388536899
MFC, MANULIFE FINL CORP ,56501R106,847000.0,17001,0.0009714460132182492
ASH, ASHLAND INC ,044186104,841000.0,14342,0.0009645644594056051
CYH, COMMUNITY HEALTH SYS INC NEW ,203668108,839000.0,268818,0.0009622706081347239
N/A, MAGNUM ICE CREAM CO NV ,N5505D105,834000.0,66437,0.0009565359799575203
HALO, HALOZYME THERAPEUTICS INC ,40637H109,834000.0,12391,0.0009565359799575203
CEG, CONSTELLATION ENERGY CORP ,21037T109,830000.0,2349,0.0009519482774157577
WTW, WILLIS TOWERS WATSON PLC LTD ,G96629103,830000.0,2527,0.0009519482774157577
RSG, REPUBLIC SVCS INC ,760759100,829000.0,3912,0.000950801351780317
VTR 3.75 06/01/26, VENTAS RLTY LTD PARTNERSHIP ,92277GAZ0,827000.0,580000,0.0009485075005094358
CABO, CABLE ONE INC ,12685J105,825000.0,7315,0.0009462136492385543
HVT, HAVERTY FURNITURE COS INC ,419596101,822000.0,35200,0.0009427728723322323
XYL, XYLEM INC ,98419M100,820000.0,6025,0.000940479021061351
CSX, CSX CORP ,126408103,820000.0,22621,0.000940479021061351
OC, OWENS CORNING NEW ,690742101,814000.0,7278,0.0009335974672487069
MTG, MGIC INVT CORP WIS ,552848103,811000.0,27761,0.000930156690342385
ADI, ANALOG DEVICES INC ,032654105,810000.0,2986,0.0009290097647069442
ROST, ROSS STORES INC ,778296103,807000.0,4478,0.0009255689878006223
MLTX, MOONLAKE IMMUNOTHERAPEUTICS ,61559X104,807000.0,61216,0.0009255689878006223
HRI, HERC HLDGS INC ,42704L104,805000.0,5426,0.000923275136529741
AMT, AMERICAN TOWER CORP NEW ,03027X100,799000.0,4549,0.000916393582717097
ASML, ASML HOLDING N V ,N07059210,796000.0,744,0.0009129528058107748
AA, ALCOA CORP ,013872106,795000.0,14966,0.0009118058801753342
ADBE, ADOBE INC ,00724F101,788000.0,2251,0.0009037774007272495
EQIX, EQUINIX INC ,29444U700,788000.0,1028,0.0009037774007272495
CUBE, CUBESMART ,229663109,788000.0,21869,0.0009037774007272495
JPX, AEROVIRONMENT INC ,008073108,787000.0,3254,0.0009026304750918089
PANW, PALO ALTO NETWORKS INC ,697435105,786000.0,4266,0.0009014835494563681
CZR, CAESARS ENTERTAINMENT INC NE ,12769G100,786000.0,33600,0.0009014835494563681
DECK, DECKERS OUTDOOR CORP ,243537107,783000.0,7554,0.0008980427725500462
SITC, SITE CTRS CORP ,82981J851,781000.0,121577,0.0008957489212791647
LOCO, EL POLLO LOCO HLDGS INC ,268603107,776000.0,74179,0.0008900142931019615
CAL, CALERES INC ,129500104,775000.0,63677,0.0008888673674665209
LOW, LOWES COS INC ,548661107,772000.0,3200,0.0008854265905601988
N/A, FERROVIAL SE ,N3168P101,769000.0,13887,0.0008819858136538766
DKNG, DRAFTKINGS INC NEW ,26142V105,765000.0,22187,0.000877398111112114
STE, STERIS PLC ,G8473T100,762000.0,3005,0.0008739573342057919
GMED, GLOBUS MED INC ,379577208,762000.0,8730,0.0008739573342057919
HOOD, ROBINHOOD MKTS INC ,770700102,762000.0,6602,0.0008739573342057919
IBKR, INTERACTIVE BROKERS GROUP IN ,45841N107,757000.0,11765,0.0008682227060285887
MAA, MID-AMER APT CMNTYS INC ,59522J103,750000.0,5400,0.0008601942265805039
TSCO, TRACTOR SUPPLY CO ,892356106,750000.0,15000,0.0008601942265805039
AER, AERCAP HOLDINGS NV ,N00985106,749000.0,5212,0.0008590473009450633
BCE, BCE INC ,05534B760,744000.0,22754,0.0008533126727678599
ETSY 0.125 09/01/27, ETSY INC ,29786AAL0,738000.0,800000,0.0008464311189552158
BLD, TOPBUILD CORP ,89055F103,736000.0,1763,0.0008441372676843346
VNO, VORNADO RLTY TR ,929042109,735000.0,22094,0.0008429903420488939
FE, FIRSTENERGY CORP ,337932107,735000.0,16393,0.0008429903420488939
FSLR, FIRST SOLAR INC ,336433107,734000.0,2808,0.0008418434164134531
ENSG, ENSIGN GROUP INC ,29358P101,732000.0,4204,0.0008395495651425718
AXS, AXIS CAP HLDGS LTD ,G0692U109,728000.0,6800,0.0008349618626008092
ANET, ARISTA NETWORKS INC ,040413205,728000.0,5554,0.0008349618626008092
PPG, PPG INDS INC ,693506107,728000.0,7106,0.0008349618626008092
IDCC, INTERDIGITAL INC ,45867G101,726000.0,2279,0.0008326680113299277
AZO, AUTOZONE INC ,053332102,726000.0,214,0.0008326680113299277
LVS, LAS VEGAS SANDS CORP ,517834107,722000.0,11092,0.0008280803087881651
ADI, ANALOG DEVICES INC ,032654105,718000.0,2646,0.0008234926062464024
CHWY, CHEWY INC ,16679L109,716000.0,21659,0.0008211987549755211
N/A, MAGNUM ICE CREAM CO NV ,N5505D105,712000.0,53965,0.0008166110524337585
NCLH, NORWEGIAN CRUISE LINE HLDG L ,G66721104,711000.0,31852,0.0008154641267983178
COMM, COMMSCOPE HLDG CO INC ,20337X109,709000.0,39089,0.0008131702755274364
CIEN, CIENA CORP ,171779309,708000.0,3028,0.0008120233498919957
PINS, PINTEREST INC ,72352L106,708000.0,27277,0.0008120233498919957
DUK, DUKE ENERGY CORP NEW ,26441C204,708000.0,6042,0.0008120233498919957
CCK, CROWN HLDGS INC ,228368106,706000.0,6858,0.0008097294986211143
RMD, RESMED INC ,761152107,705000.0,2928,0.0008085825729856736
FCNCA, FIRST CTZNS BANCSHARES INC D ,31946M103,705000.0,326,0.0008085825729856736
SYY, SYSCO CORP ,871829107,705000.0,9568,0.0008085825729856736
CNI, CANADIAN NATL RY CO ,136375102,703000.0,5180,0.0008062887217147924
GTX, GARRETT MOTION INC ,366505105,699000.0,40120,0.0008017010191730297
BKR, BAKER HUGHES COMPANY ,05722G100,698000.0,15332,0.0008005540935375891
LNC, LINCOLN NATL CORP IND ,534187109,696000.0,15628,0.0007982602422667076
FSS, FEDERAL SIGNAL CORP ,313855108,693000.0,6382,0.0007948194653603856
QBTS, D-WAVE QUANTUM INC ,26740W109,693000.0,26515,0.0007948194653603856
CTEV, CLARITEV CORPORATION ,62548M209,685000.0,16012,0.0007856440602768603
IONS 0 04/01/26, IONIS PHARMACEUTICALS INC ,462222AD2,685000.0,500000,0.0007856440602768603
N/A, APTIV PLC ,G3265R107,678000.0,8887,0.0007776155808287756
PRIM, PRIMORIS SVCS CORP ,74164F103,677000.0,5457,0.0007764686551933349
BAX, BAXTER INTL INC ,071813109,673000.0,35235,0.0007718809526515722
EBA, EBAY INC. ,278642103,670000.0,7694,0.0007684401757452503
MOS, MOSAIC CO NEW ,61945C103,669000.0,27785,0.0007672932501098094
VRT, VERTIV HOLDINGS CO ,92537N108,668000.0,4066,0.0007661463244743688
CMI, CUMMINS INC ,231021106,666000.0,1296,0.0007638524732034875
CTRE, CARETRUST REIT INC ,14174T107,662000.0,18158,0.0007592647706617248
EQR, EQUITY RESIDENTIAL ,29476L107,660000.0,10471,0.0007569709193908434
ACI, ALBERTSONS COS INC ,013091103,659000.0,38406,0.0007558239937554028
R, RYDER SYS INC ,783549108,658000.0,3437,0.0007546770681199621
HNM, ORMAT TECHNOLOGIES INC ,686688102,655000.0,5932,0.0007512362912136402
BEN, FRANKLIN RESOURCES INC ,354613101,652000.0,27294,0.0007477955143073181
CG, CARLYLE GROUP INC ,14316J108,648000.0,10955,0.0007432078117655555
ENS, ENERSYS ,29275Y102,642000.0,4372,0.0007363262579529113
INCY, INCYTE CORP ,45337C102,640000.0,6475,0.00073403240668203
TEL, TE CONNECTIVITY PLC ,G87052109,637000.0,2800,0.0007305916297757081
RDN, RADIAN GROUP INC ,750236101,636000.0,17678,0.0007294447041402674
INTC, INTEL CORP ,458140100,634000.0,17180,0.000727150852869386
CDE, COEUR MNG INC ,192108504,633000.0,35518,0.0007260039272339454
VMI, VALMONT INDS INC ,920253101,633000.0,1574,0.0007260039272339454
AMG, AFFILIATED MANAGERS GROUP IN ,008252108,632000.0,2192,0.0007248570015985046
DLTR, DOLLAR TREE INC ,256746108,631000.0,5131,0.000723710075963064
PCTY, PAYLOCITY HLDG CORP ,70438V106,630000.0,4132,0.0007225631503276234
EAT, BRINKER INTL INC ,109641100,628000.0,4379,0.000720269299056742
VTRS, VIATRIS INC ,92556V106,627000.0,50389,0.0007191223734213014
PINS, PINTEREST INC ,72352L106,626000.0,24198,0.0007179754477858606
TAP, MOLSON COORS BEVERAGE CO ,60871R209,625000.0,13390,0.00071682852215042
FLEX, FLEX LTD ,Y2573F102,622000.0,10292,0.0007133877452440979
KRC, KILROY RLTY CORP ,49427F108,621000.0,16625,0.0007122408196086573
SO, SOUTHERN CO ,842587107,619000.0,7103,0.000709946968337776
LINE, LINEAGE INC ,53566V106,616000.0,17595,0.0007065061914314539
OSW, ONESPAWORLD HOLDINGS LIMITED ,P73684113,616000.0,29721,0.0007065061914314539
MTCH, MATCH GROUP INC NEW ,57667L107,616000.0,19065,0.0007065061914314539
BWA, BORGWARNER INC ,099724106,614000.0,13631,0.0007042123401605725
EPR, EPR PPTYS ,26884U109,614000.0,12308,0.0007042123401605725
MEOH, METHANEX CORP ,59151K108,613000.0,13567,0.0007030654145251319
PATH, UIPATH INC ,90364P105,612000.0,37333,0.0007019184888896913
KAR, OPENLANE INC ,48238T109,612000.0,20545,0.0007019184888896913
PCOR, PROCORE TECHNOLOGIES INC ,74275K108,608000.0,8355,0.0006973307863479285
ENSG, ENSIGN GROUP INC ,29358P101,608000.0,3492,0.0006973307863479285
KSS, KOHLS CORP ,500255104,604000.0,29601,0.0006927430838061658
ARES, ARES MANAGEMENT CORPORATION ,03990B101,604000.0,3740,0.0006927430838061658
CBRE, CBRE GROUP INC ,12504L109,604000.0,3758,0.0006927430838061658
GIL, GILDAN ACTIVEWEAR INC ,375916103,600000.0,6976,0.0006881553812644032
RDN, RADIAN GROUP INC ,750236101,600000.0,16680,0.0006881553812644032
DINO, HF SINCLAIR CORP ,403949100,594000.0,12883,0.0006812738274517591
ARES, ARES MANAGEMENT CORPORATION ,03990B101,593000.0,3667,0.0006801269018163184
VOYA, VOYA FINANCIAL INC ,929089100,592000.0,7859,0.0006789799761808778
OSIS, OSI SYSTEMS INC ,671044105,590000.0,2312,0.0006766861249099964
RHP, RYMAN HOSPITALITY PPTYS INC ,78377T107,589000.0,6230,0.0006755391992745558
IIPR, INNOVATIVE INDL PPTYS INC ,45781V101,582000.0,12286,0.0006675107198264711
SYF, SYNCHRONY FINANCIAL ,87165B103,578000.0,6933,0.0006629230172847083
FULT, FULTON FINL CORP PA ,360271100,578000.0,29910,0.0006629230172847083
LUV, SOUTHWEST AIRLS CO ,844741108,577000.0,13953,0.0006617760916492677
ATI, ATI INC ,01741R102,577000.0,4981,0.0006617760916492677
ENPH, ENPHASE ENERGY INC ,29355A107,577000.0,18018,0.0006617760916492677
CNC, CENTENE CORP DEL ,15135B101,575000.0,13968,0.0006594822403783863
PPC, PILGRIMS PRIDE CORP ,72147K108,573000.0,14695,0.0006571883891075051
CPT, CAMDEN PPTY TR ,133131102,572000.0,5194,0.0006560414634720643
SWK, STANLEY BLACK & DECKER INC ,854502101,571000.0,7685,0.0006548945378366237
SUNC, SUNOCOCORP LLC ,86765Q106,569000.0,11549,0.0006526006865657423
TFX, TELEFLEX INCORPORATED ,879369106,566000.0,4641,0.0006491599096594203
RGTI, RIGETTI COMPUTING INC ,76655K103,566000.0,25544,0.0006491599096594203
MLKN, MILLERKNOLL INC ,600544100,561000.0,30695,0.000643425281482217
OLED, UNIVERSAL DISPLAY CORP ,91347P105,556000.0,4758,0.0006376906533050136
AAT, AMERICAN ASSETS TR INC ,024013104,554000.0,29254,0.0006353968020341322
RBA, RB GLOBAL INC ,74935Q107,551000.0,3839,0.0006319560251278102
INCY, INCYTE CORP ,45337C102,549000.0,5559,0.0006296621738569289
ATR, APTARGROUP INC ,038336103,548000.0,4493,0.0006285152482214881
WF2, WINTRUST FINL CORP ,97650W108,547000.0,3914,0.0006273683225860476
TPG, TPG INC ,872657101,546000.0,8547,0.0006262213969506069
M, MACYS INC ,55616P104,543000.0,24628,0.0006227806200442849
HWC, HANCOCK WHITNEY CORPORATION ,410120109,543000.0,8522,0.0006227806200442849
IDCC, INTERDIGITAL INC ,45867G101,541000.0,1665,0.0006204867687734035
ATGE, ADTALEM GLOBAL ED INC ,00737L103,541000.0,5227,0.0006204867687734035
ULTA, ULTA BEAUTY INC ,90384S303,540000.0,892,0.0006193398431379628
FDS, FACTSET RESH SYS INC ,303075105,537000.0,1849,0.0006158990662316409
LEGN, LEGEND BIOTECH CORP ,52490G102,532000.0,24424,0.0006101644380544374
CPB, THE CAMPBELLS COMPANY ,134429109,531000.0,19035,0.0006090175124189968
TSA, ACI WORLDWIDE INC ,004498101,530000.0,11086,0.000607870586783556
BAM, BROOKFIELD ASSET MANAGMT LTD ,113004105,528000.0,7238,0.0006055767355126748
CG, CARLYLE GROUP INC ,14316J108,525000.0,8767,0.0006021359586063528
BB4, AXOS FINANCIAL INC ,05465C100,525000.0,6089,0.0006021359586063528
FDX, FEDEX CORP ,31428X106,520000.0,1800,0.0005964013304291494
DBX, DROPBOX INC ,26210C104,520000.0,18718,0.0005964013304291494
O, REALTY INCOME CORP ,756109104,519000.0,9203,0.0005952544047937088
CRS, CARPENTER TECHNOLOGY CORP ,144285103,519000.0,1648,0.0005952544047937088
FBIN, FORTUNE BRANDS INNOVATIONS I ,34964C106,516000.0,10307,0.0005918136278873868
OKTA, OKTA INC ,679295105,516000.0,5970,0.0005918136278873868
AEO, AMERICAN EAGLE OUTFITTERS IN ,02553E106,515000.0,19532,0.000590666702251946
HTO, H2O AMERICA ,784305104,515000.0,10519,0.000590666702251946
GM, GENERAL MTRS CO ,37045V100,514000.0,6325,0.0005895197766165054
TXT, TEXTRON INC ,883203101,512000.0,5780,0.000587225925345624
NOC, NORTHROP GRUMMAN CORP ,666807102,510000.0,894,0.0005849320740747427
COF, CAPITAL ONE FINL CORP ,14040H105,509000.0,2100,0.000583785148439302
TDY, TELEDYNE TECHNOLOGIES INC ,879360105,509000.0,996,0.000583785148439302
ST, SENSATA TECHNOLOGIES HLDG PL ,G8060N102,508000.0,15245,0.0005826382228038614
BRX, BRIXMOR PPTY GROUP INC ,11120U105,507000.0,19341,0.0005814912971684207
REXR, REXFORD INDL RLTY INC ,76169C100,507000.0,13085,0.0005814912971684207
URBN, URBAN OUTFITTERS INC ,917047102,507000.0,6741,0.0005814912971684207
AWC, AMERICAN WTR WKS CO INC NEW ,030420103,506000.0,3880,0.00058034437153298
ARW, ARROW ELECTRS INC ,042735100,504000.0,4574,0.0005780505202620987
HTHT, H WORLD GROUP LTD ,44332N106,497000.0,10556,0.000570022040814014
DLB, DOLBY LABORATORIES INC ,25659T107,497000.0,7733,0.000570022040814014
TSN, TYSON FOODS INC ,902494103,496000.0,8469,0.0005688751151785733
GL, GLOBE LIFE INC ,37959E102,494000.0,3523,0.000566581263907692
HNI, HNI CORP ,404251100,494000.0,11743,0.000566581263907692
DSGX, DESCARTES SYS GROUP INC ,249906108,493000.0,4093,0.0005654343382722512
EQNR, EQUINOR ASA ,29446M102,490000.0,20716,0.0005619935613659293
CRUS, CIRRUS LOGIC INC ,172755100,490000.0,4134,0.0005619935613659293
BFAM, BRIGHT HORIZONS FAM SOL IN D ,109194100,490000.0,4832,0.0005619935613659293
PAAS, PAN AMERN SILVER CORP ,697900108,487000.0,9409,0.0005585527844596072
SWX, SOUTHWEST GAS HLDGS INC ,844895102,487000.0,6081,0.0005585527844596072
SNPS, SYNOPSYS INC ,871607107,482000.0,1027,0.000552818156282404
HLNE, HAMILTON LANE INC ,407497106,481000.0,3578,0.0005516712306469632
ZTO, ZTO EXPRESS CAYMAN INC ,98980A105,481000.0,23007,0.0005516712306469632
SU, SUNCOR ENERGY INC NEW ,867224107,480000.0,7883,0.0005505243050115226
MLCO, MELCO RESORTS AND ENTMNT LTD ,585464100,480000.0,63427,0.0005505243050115226
BCH, BANCO DE CHILE ,059520106,476000.0,12534,0.0005459366024697599
BIDUN, BAIDU INC ,056752108,475000.0,3637,0.0005447896768343191
AWI, ARMSTRONG WORLD INDS INC NEW ,04247X102,474000.0,2469,0.0005436427511988785
QLYS, QUALYS INC ,74758T303,473000.0,3557,0.0005424958255634379
GLPI, GAMING & LEISURE PPTYS INC ,36467J108,473000.0,10578,0.0005424958255634379
SBUX, STARBUCKS CORP ,855244109,470000.0,5586,0.0005390550486571159
IONS, IONIS PHARMACEUTICALS INC ,462222100,470000.0,5866,0.0005390550486571159
ONON, ON HLDG AG ,H5919C104,467000.0,10057,0.0005356142717507938
RACE, FERRARI N V ,N3167Y103,466000.0,1462,0.0005344673461153531
KEY, KEYCORP ,493267108,466000.0,22554,0.0005344673461153531
TW, TRADEWEB MKTS INC ,892672106,462000.0,4293,0.0005298796435735905
RL, RALPH LAUREN CORP ,751212101,460000.0,1300,0.0005275857923027091
MAA, MID-AMER APT CMNTYS INC ,59522J103,458000.0,3300,0.0005252919410318278
CDNS, CADENCE DESIGN SYSTEM INC ,127387108,458000.0,1464,0.0005252919410318278
DLTR, DOLLAR TREE INC ,256746108,456000.0,3711,0.0005229980897609464
RLJ, RLJ LODGING TR ,74965L101,455000.0,61140,0.0005218511641255058
CZR, CAESARS ENTERTAINMENT INC NE ,12769G100,454000.0,19417,0.0005207042384900651
HRI, HERC HLDGS INC ,42704L104,453000.0,3051,0.0005195573128546244
PKN, REVVITY INC ,714046109,453000.0,4681,0.0005195573128546244
VOD, VODAFONE GROUP PLC NEW ,92857W308,452000.0,34244,0.0005184103872191838
CX, CEMEX SAB DE CV ,151290889,451000.0,39210,0.000517263461583743
EMR, EMERSON ELEC CO ,291011104,451000.0,3400,0.000517263461583743
CWST, CASELLA WASTE SYS INC ,147448104,449000.0,4580,0.0005149696103128617
REXR, REXFORD INDL RLTY INC ,76169C100,447000.0,11544,0.0005126757590419803
ADI, ANALOG DEVICES INC ,032654105,446000.0,1644,0.0005115288334065397
ESS, ESSEX PPTY TR INC ,297178105,445000.0,1700,0.000510381907771099
CA8A, CACI INTL INC ,127190304,443000.0,820,0.0005080880565002177
CXT, CRANE NXT CO ,224441105,443000.0,9401,0.0005080880565002177
AGX, ARGAN INC ,04010E109,441000.0,1409,0.0005057942052293363
CDE, COEUR MNG INC ,192108504,440000.0,24687,0.0005046472795938957
META, META PLATFORMS INC ,30303M102,440000.0,660,0.0005046472795938957
TFC, TRUIST FINL CORP ,89832Q109,439000.0,8914,0.0005035003539584549
RGLD, ROYAL GOLD INC ,780287108,439000.0,1975,0.0005035003539584549
MAS, MASCO CORP ,574599106,438000.0,6900,0.0005023534283230143
HST, HOST HOTELS & RESORTS INC ,44107P104,437000.0,24655,0.0005012065026875737
NWSA, NEWS CORP NEW ,65249B109,437000.0,16739,0.0005012065026875737
ATMU, ATMUS FILTRATION TECHNOLOGIE ,04956D107,437000.0,8427,0.0005012065026875737
DNOW, DNOW INC ,67011P100,433000.0,32683,0.0004966188001458109
TAP, MOLSON COORS BEVERAGE CO ,60871R209,431000.0,9234,0.0004943249488749296
BAP, CREDICORP LTD ,G2519Y108,430000.0,1500,0.0004931780232394889
VSCO, VICTORIAS SECRET AND CO ,926400102,430000.0,7932,0.0004931780232394889
EPAM, EPAM SYS INC ,29414B104,428000.0,2091,0.0004908841719686076
LNT, ALLIANT ENERGY CORP ,018802108,428000.0,6563,0.0004908841719686076
EGP, EASTGROUP PPTYS INC ,277276101,428000.0,2402,0.0004908841719686076
MRK, MERCK & CO INC ,58933Y105,427000.0,4061,0.0004897372463331669
GO, GROCERY OUTLET HLDG CORP ,39874R101,426000.0,42218,0.0004885903206977263
MUR, MURPHY OIL CORP ,626717102,426000.0,13644,0.0004885903206977263
ATHM, AUTOHOME INC ,05278C107,425000.0,19105,0.00048744339506228557
ASML, ASML HOLDING N V ,N07059210,424000.0,396,0.00048629646942684494
COMM, COMMSCOPE HLDG CO INC ,20337X109,423000.0,23344,0.0004851495437914042
CROX, CROCS INC ,227046109,423000.0,4942,0.0004851495437914042
ASX, ASE TECHNOLOGY HLDG CO LTD ,00215W100,423000.0,26304,0.0004851495437914042
BAH, BOOZ ALLEN HAMILTON HLDG COR ,099502106,422000.0,5000,0.00048400261815596357
AHR, AMERICAN HEALTHCARE REIT INC ,398182303,419000.0,8899,0.0004805618412496415
GRMN, GARMIN LTD ,H2906T109,418000.0,2062,0.0004794149156142009
CRL, CHARLES RIV LABS INTL INC ,159864107,417000.0,2090,0.00047826798997876015
JOYY, JOYY INC ,46591M109,417000.0,6435,0.00047826798997876015
CHYM, CHIME FINL INC ,16935C109,415000.0,16492,0.00047597413870787884
MTZ, MASTEC INC ,576323109,410000.0,1860,0.0004702395105306755
CC, CHEMOURS CO ,163851108,408000.0,34570,0.00046794565925979416
BX, BLACKSTONE INC ,09260D107,406000.0,2635,0.00046565180798891284
AWM, SKYWORKS SOLUTIONS INC ,83088M102,403000.0,6353,0.00046221103108259074
BFH, BREAD FINANCIAL HOLDINGS INC ,018581108,403000.0,5439,0.00046221103108259074
DBRG, DIGITALBRIDGE GROUP INC ,25401T603,398000.0,25958,0.0004564764029053874
KNSL, KINSALE CAP GROUP INC ,49714P108,397000.0,1010,0.00045532947726994674
CRL, CHARLES RIV LABS INTL INC ,159864107,397000.0,1992,0.00045532947726994674
CASY, CASEYS GEN STORES INC ,147528103,397000.0,718,0.00045532947726994674
LNTH, LANTHEUS HLDGS INC ,516544103,395000.0,5937,0.00045303562599906537
EMN, EASTMAN CHEM CO ,277432100,393000.0,6155,0.00045074177472818406
DOCS, DOXIMITY INC ,26622P107,393000.0,8880,0.00045074177472818406
LOPE, GRAND CANYON ED INC ,38526M106,391000.0,2349,0.0004484479234573027
SBRA, SABRA HEALTH CARE REIT INC ,78573L106,390000.0,20639,0.00044730099782186206
CRWV, COREWEAVE INC ,21873S108,388000.0,5156,0.00044500714655098075
SGHC, SUPER GROUP SGHC LIMITED ,G8588X103,380000.0,31765,0.00043583174146745533
WRB, BERKLEY W R CORP ,084423102,379000.0,5400,0.00043468481583201464
SUPN, SUPERNUS PHARMACEUTICALS INC ,868459108,379000.0,7620,0.00043468481583201464
ACA, ARCOSA INC ,039653100,378000.0,3558,0.000433537890196574
TMO, THERMO FISHER SCIENTIFIC INC ,883556102,377000.0,651,0.0004323909645611333
ESS, ESSEX PPTY TR INC ,297178105,377000.0,1439,0.0004323909645611333
NXPI, NXP SEMICONDUCTORS N V ,N6596X109,376000.0,1734,0.00043124403892569265
ASO, ACADEMY SPORTS & OUTDOORS IN ,00402L107,375000.0,7505,0.00043009711329025196
TRNO, TERRENO RLTY CORP ,88146M101,374000.0,6373,0.00042895018765481133
MPW, MEDICAL PPTYS TRUST INC ,58463J304,373000.0,74648,0.0004278032620193706
SW, SMURFIT WESTROCK PLC ,G8267P108,372000.0,9723,0.00042665633638392996
XP, XP INC ,G98239109,371000.0,22648,0.0004255094107484893
WK, WORKIVA INC ,98139A105,371000.0,4305,0.0004255094107484893
HAE, HAEMONETICS CORP MASS ,405024100,370000.0,4616,0.00042436248511304865
KFY, KORN FERRY ,500643200,368000.0,5567,0.0004220686338421673
WCN, WASTE CONNECTIONS INC ,94106B101,367000.0,2090,0.00042092170820672654
DWD, MORGAN STANLEY ,617446448,367000.0,2048,0.00042092170820672654
ECG, EVERUS CONSTR GROUP ,300426103,365000.0,4267,0.00041862785693584523
FHI, FEDERATED HERMES INC ,314211103,365000.0,7014,0.00041862785693584523
MKSI, MKS INC. ,55306N104,359000.0,2249,0.0004117463031232012
EWBC, EAST WEST BANCORP INC ,27579R104,358000.0,3188,0.00041059937748776055
MSI, MOTOROLA SOLUTIONS INC ,620076307,355000.0,926,0.0004071586005814385
VNT, VONTIER CORPORATION ,928881101,354000.0,9531,0.00040601167494599787
CRDO, CREDO TECHNOLOGY GROUP HOLDI ,G25457105,352000.0,2449,0.0004037178236751165
EQNR, EQUINOR ASA ,29446M102,352000.0,14893,0.0004037178236751165
ADSK, AUTODESK INC ,052769106,352000.0,1190,0.0004037178236751165
FFBC, FIRST FINL BANCORP OH ,320209109,351000.0,14031,0.0004025708980396758
OLED, UNIVERSAL DISPLAY CORP ,91347P105,351000.0,3006,0.0004025708980396758
JLL, JONES LANG LASALLE INC ,48020Q107,350000.0,1036,0.0004014239724042352
SLG, SL GREEN RLTY CORP ,78440X887,349000.0,7619,0.00040027704676879456
DLX, DELUXE CORP ,248019101,345000.0,15441,0.0003956893442270319
NET, CLOUDFLARE INC ,18915M107,343000.0,1739,0.0003933954929561505
PLMR, PALOMAR HLDGS INC ,69753M105,343000.0,2544,0.0003933954929561505
O, REALTY INCOME CORP ,756109104,341000.0,6057,0.0003911016416852692
ADT, ADT INC DEL ,00090Q103,340000.0,42171,0.00038995471604982845
DG, DOLLAR GEN CORP NEW ,256677105,337000.0,2484,0.00038651393914350646
CPNG, COUPANG INC ,22266T109,337000.0,14300,0.00038651393914350646
CF, CF INDS HLDGS INC ,125269100,337000.0,4358,0.00038651393914350646
GEF, GREIF INC ,397624107,336000.0,4956,0.00038536701350806577
CUZ, COUSINS PPTYS INC ,222795502,335000.0,13006,0.00038422008787262514
KC, KINGSOFT CLOUD HLDGS LTD ,49639K101,334000.0,32331,0.0003830731622371844
WAY, WAYSTAR HLDG CORP ,946784105,334000.0,10212,0.0003830731622371844
SBAC, SBA COMMUNICATIONS CORP NEW ,78410G104,331000.0,1711,0.0003796323853308624
QCRH, QCR HOLDINGS INC ,74727A104,331000.0,3975,0.0003796323853308624
TDC, TERADATA CORP DEL ,88076W103,329000.0,10821,0.00037733853405998104
EIX, EDISON INTL ,281020107,329000.0,5486,0.00037733853405998104
MTCH, MATCH GROUP INC NEW ,57667L107,328000.0,10144,0.0003761916084245404
ARGX, ARGENX SE ,04016X101,328000.0,390,0.0003761916084245404
LRN, STRIDE INC ,86333M108,328000.0,5054,0.0003761916084245404
HURN, HURON CONSULTING GROUP INC ,447462102,325000.0,1877,0.00037275083151821836
ACA, ARCOSA INC ,039653100,324000.0,3049,0.0003716039058827777
SKT, TANGER INC ,875465106,323000.0,9665,0.00037045698024733704
SHC, SOTERA HEALTH CO ,83601L102,323000.0,18312,0.00037045698024733704
ATMU, ATMUS FILTRATION TECHNOLOGIE ,04956D107,322000.0,6208,0.00036931005461189636
ALAB, ASTERA LABS INC ,04626A103,321000.0,1928,0.0003681631289764557
CDE, COEUR MNG INC ,192108504,321000.0,18026,0.0003681631289764557
LHX, L3HARRIS TECHNOLOGIES INC ,502431109,321000.0,1095,0.0003681631289764557
GEO, GEO GROUP INC NEW ,36162J106,320000.0,19881,0.000367016203341015
KMI, KINDER MORGAN INC DEL ,49456B101,319000.0,11611,0.00036586927770557436
KMT, KENNAMETAL INC ,489170100,319000.0,11222,0.00036586927770557436
BAP, CREDICORP LTD ,G2519Y108,318000.0,1107,0.0003647223520701337
CASY, CASEYS GEN STORES INC ,147528103,317000.0,573,0.000363575426434693
CXW, CORECIVIC INC ,21871N101,317000.0,16563,0.000363575426434693
MOS, MOSAIC CO NEW ,61945C103,317000.0,13178,0.000363575426434693
BG, BUNGE GLOBAL SA ,H11356104,315000.0,3539,0.0003612815751638117
ON, ON SEMICONDUCTOR CORP ,682189105,312000.0,5771,0.0003578407982574896
PODD, INSULET CORP ,45784P101,306000.0,1078,0.00035095924444484563
WEX, WEX INC ,96208T104,305000.0,2045,0.00034981231880940495
NXPI, NXP SEMICONDUCTORS N V ,N6596X109,304000.0,1402,0.00034866539317396426
PEB, PEBBLEBROOK HOTEL TR ,70509V100,304000.0,26838,0.00034866539317396426
MGM, MGM RESORTS INTERNATIONAL ,552953101,304000.0,8328,0.00034866539317396426
CDE, COEUR MNG INC ,192108504,303000.0,16985,0.0003475184675385236
DOCS, DOXIMITY INC ,26622P107,298000.0,6722,0.0003417838393613202
RUN, SUNRUN INC ,86771W105,297000.0,16142,0.00034063691372587953
BJ, BJS WHSL CLUB HLDGS INC ,05550J101,297000.0,3302,0.00034063691372587953
WEC, WEC ENERGY GROUP INC ,92939U106,294000.0,2790,0.00033719613681955753
EPRT, ESSENTIAL PPTYS RLTY TR INC ,29670E107,294000.0,9899,0.00033719613681955753
SIRI, SIRIUSXM HOLDINGS INC ,829933100,293000.0,14638,0.00033604921118411685
SF, STIFEL FINL CORP ,860630102,292000.0,2311,0.0003349022855486762
NNN, NNN REIT INC ,637417106,289000.0,7286,0.00033146150864235416
RJF, RAYMOND JAMES FINL INC ,754730109,289000.0,1798,0.00033146150864235416
WERN, WERNER ENTERPRISES INC ,950755108,288000.0,9590,0.0003303145830069135
DRH, DIAMONDROCK HOSPITALITY CO ,252784301,284000.0,31734,0.0003257268804651508
NVR, NVR INC ,62944T105,284000.0,39,0.0003257268804651508
OHI, OMEGA HEALTHCARE INVS INC ,681936100,284000.0,6412,0.0003257268804651508
HR, HEALTHCARE RLTY TR ,42226K105,283000.0,16671,0.00032457995482971017
OSIS, OSI SYSTEMS INC ,671044105,283000.0,1110,0.00032457995482971017
KSS, KOHLS CORP ,500255104,283000.0,13877,0.00032457995482971017
VIRT, VIRTU FINL INC ,928254101,283000.0,8499,0.00032457995482971017
USFD, US FOODS HLDG CORP ,912008109,280000.0,3719,0.0003211391779233881
HUBG, HUB GROUP INC ,443320106,277000.0,6507,0.0003176984010170661
MOMO, HELLO GROUP INC ,423403104,277000.0,42278,0.0003176984010170661
RMBS, RAMBUS INC DEL ,750917106,275000.0,2991,0.00031540454974618475
AKO/B, EMBOTELLADORA ANDINA S A ,29081P303,275000.0,9860,0.00031540454974618475
PARR, PAR PAC HOLDINGS INC ,69888T207,275000.0,7817,0.00031540454974618475
HII, HUNTINGTON INGALLS INDS INC ,446413106,274000.0,806,0.00031425762411074407
APLE, APPLE HOSPITALITY REIT INC ,03784Y200,274000.0,23084,0.00031425762411074407
TYL, TYLER TECHNOLOGIES INC ,902252105,273000.0,601,0.00031311069847530344
GTM, ZOOMINFO TECHNOLOGIES INC ,98980F104,273000.0,26880,0.00031311069847530344
DXC, DXC TECHNOLOGY CO ,23355L106,271000.0,18503,0.00031081684720442207
UPWK, UPWORK INC ,91688F104,271000.0,13660,0.00031081684720442207
FTNT, FORTINET INC ,34959E109,270000.0,3400,0.0003096699215689814
RNG, RINGCENTRAL INC ,76680R206,269000.0,9312,0.00030852299593354075
PLD, PROLOGIS INC. ,74340W103,268000.0,2101,0.00030737607029810007
EXEL, EXELIXIS INC ,30161Q104,266000.0,5980,0.0003050822190272187
CNK, CINEMARK HLDGS INC ,17243V102,266000.0,11441,0.0003050822190272187
ROP, ROPER TECHNOLOGIES INC ,776696106,266000.0,598,0.0003050822190272187
LGIH, LGI HOMES INC ,50187T106,265000.0,6172,0.000303935293391778
SUPN, SUPERNUS PHARMACEUTICALS INC ,868459108,265000.0,5337,0.000303935293391778
PBI, PITNEY BOWES INC ,724479100,264000.0,24931,0.0003027883677563374
CAE, CAE INC ,124765108,264000.0,6203,0.0003027883677563374
STAG, STAG INDL INC ,85254J102,264000.0,7174,0.0003027883677563374
WWD, WOODWARD INC ,980745103,264000.0,873,0.0003027883677563374
HLMN, HILLMAN SOLUTIONS CORP ,431636109,264000.0,30444,0.0003027883677563374
GFL, GFL ENVIRONMENTAL INC ,36168Q104,263000.0,4455,0.0003016414421208967
MSCI, MSCI INC ,55354G100,263000.0,459,0.0003016414421208967
WEX, WEX INC ,96208T104,263000.0,1763,0.0003016414421208967
ITT, ITT INC ,45073V108,260000.0,1499,0.0002982006652145747
DLR, DIGITAL RLTY TR INC ,253868103,259000.0,1677,0.0002970537395791341
MRVL, MARVELL TECHNOLOGY INC ,573874104,259000.0,3049,0.0002970537395791341
CPNG, COUPANG INC ,22266T109,258000.0,10932,0.0002959068139436934
TKO, TKO GROUP HOLDINGS INC ,87256C101,258000.0,1235,0.0002959068139436934
CAKE, CHEESECAKE FACTORY INC ,163072101,258000.0,5114,0.0002959068139436934
HTGC, HERCULES CAPITAL INC ,427096508,258000.0,13718,0.0002959068139436934
WDAY, WORKDAY INC ,98138H101,258000.0,1201,0.0002959068139436934
OI, O-I GLASS INC ,67098H104,258000.0,17494,0.0002959068139436934
LINE, LINEAGE INC ,53566V106,257000.0,7353,0.0002947598883082527
TRN, TRINITY INDS INC ,896522109,257000.0,9736,0.0002947598883082527
GEN, GEN DIGITAL INC ,668771108,256000.0,9287,0.000293612962672812
PAYC, PAYCOM SOFTWARE INC ,70432V102,256000.0,1604,0.000293612962672812
LW, LAMB WESTON HLDGS INC ,513272104,255000.0,6093,0.00029246603703737134
EVRG, EVERGY INC ,30034W106,255000.0,3501,0.00029246603703737134
CCS, CENTURY CMNTYS INC ,156504300,254000.0,4282,0.0002913191114019307
JBTM 0.25 05/15/26, JBT MAREL CORPORATION ,477839AB0,253000.0,250000,0.00029017218576649
CALM, CAL MAINE FOODS INC ,128030202,252000.0,3162,0.00028902526013104934
NIC, NICOLET BANKSHARES INC ,65406E102,252000.0,2079,0.00028902526013104934
POR, PORTLAND GEN ELEC CO ,736508847,251000.0,5225,0.00028787833449560866
HCI, HCI GROUP INC ,40416E103,250000.0,1306,0.00028673140886016803
ADEA, ADEIA INC ,00676P107,249000.0,14406,0.00028558448322472734
NGVT, INGEVITY CORP ,45688C107,248000.0,4188,0.00028443755758928666
EPAM, EPAM SYS INC ,29414B104,248000.0,1212,0.00028443755758928666
HQY, HEALTHEQUITY INC ,42226A107,247000.0,2698,0.000283290631953846
WSFS, WSFS FINL CORP ,929328102,246000.0,4462,0.0002821437063184053
GWRE, GUIDEWIRE SOFTWARE INC ,40171V100,245000.0,1221,0.00028099678068296466
VRE, VERIS RESIDENTIAL INC ,554489104,245000.0,16444,0.00028099678068296466
MD, PEDIATRIX MEDICAL GROUP INC ,58502B106,243000.0,11380,0.0002787029294120833
AKAM, AKAMAI TECHNOLOGIES INC ,00971T101,243000.0,2782,0.0002787029294120833
PK, PARK HOTELS & RESORTS INC ,700517105,242000.0,23160,0.0002775560037766426
TPD, SOMNIGROUP INTERNATIONAL INC ,88023U101,241000.0,2704,0.000276409078141202
MPWR, MONOLITHIC PWR SYS INC ,609839105,241000.0,266,0.000276409078141202
PEG, PUBLIC SVC ENTERPRISE GRP IN ,744573106,240000.0,2986,0.0002752621525057613
POWL, POWELL INDS INC ,739128106,239000.0,749,0.0002741152268703206
PSTG, PURE STORAGE INC ,74624M102,238000.0,3545,0.00027296830123487993
ARRY, ARRAY TECHNOLOGIES INC ,04271T100,235000.0,25462,0.00026952752432855793
WT, WISDOMTREE INC ,97717P104,234000.0,19183,0.00026838059869311725
COLL, COLLEGIUM PHARMACEUTICAL INC ,19459J104,232000.0,5019,0.0002660867474222359
DSGX, DESCARTES SYS GROUP INC ,249906108,232000.0,1907,0.0002660867474222359
RRX, REGAL REXNORD CORPORATION ,758750103,232000.0,1650,0.0002660867474222359
POWL, POWELL INDS INC ,739128106,230000.0,721,0.00026379289615135456
KRC, KILROY RLTY CORP ,49427F108,230000.0,6153,0.00026379289615135456
TFII, TFI INTL INC ,87241L109,229000.0,1587,0.0002626459705159139
GEO, GEO GROUP INC NEW ,36162J106,229000.0,14234,0.0002626459705159139
XPO, XPO INC ,983793100,228000.0,1675,0.0002614990448804732
FN, FABRINET ,G3323L100,228000.0,501,0.0002614990448804732
PTEN, PATTERSON-UTI ENERGY INC ,703481101,228000.0,37393,0.0002614990448804732
GRAB, GRAB HOLDINGS LIMITED ,G4124C109,227000.0,44360,0.00026035211924503257
LXP, LXP INDUSTRIAL TRUST ,529043408,226000.0,4561,0.0002592051936095919
PTCT, PTC THERAPEUTICS INC ,69366J200,226000.0,2980,0.0002592051936095919
FICO, FAIR ISAAC CORP ,303250104,225000.0,133,0.0002580582679741512
CTSH, COGNIZANT TECHNOLOGY SOLUTIO ,192446102,225000.0,2715,0.0002580582679741512
MSTR, STRATEGY INC ,594972408,223000.0,1467,0.00025576441670326983
ACLS, AXCELIS TECHNOLOGIES INC ,054540208,222000.0,2759,0.0002546174910678292
DAVE, DAVE INC ,23834J201,221000.0,996,0.0002534705654323885
AAMI, ACADIAN ASSET MANAGEMENT INC ,10948W103,220000.0,4686,0.00025232363979694783
YETI, YETI HLDGS INC ,98585X104,220000.0,4975,0.00025232363979694783
APA, APA CORPORATION ,03743Q108,219000.0,8948,0.00025117671416150715
YELP, YELP INC ,985817105,219000.0,7199,0.00025117671416150715
ASTS, AST SPACEMOBILE INC ,00217D100,219000.0,3022,0.00025117671416150715
HTO, H2O AMERICA ,784305104,219000.0,4471,0.00025117671416150715
SHAK, SHAKE SHACK INC ,819047101,218000.0,2685,0.0002500297885260665
UCB, UNITED CMNTY BKS BLAIRSVLE G ,90984P303,217000.0,6947,0.00024888286289062583
SHLS, SHOALS TECHNOLOGIES GROUP IN ,82489W107,217000.0,25547,0.00024888286289062583
INOD, INNODATA INC ,457642205,217000.0,4250,0.00024888286289062583
RMBS, RAMBUS INC DEL ,750917106,215000.0,2323,0.00024658901161974447
JKHY, HENRY JACK & ASSOC INC ,426281101,214000.0,1149,0.0002454420859843038
ABNB, AIRBNB INC ,009066101,212000.0,1560,0.00024314823471342247
NSZ, NETSCOUT SYS INC ,64115T104,212000.0,7817,0.00024314823471342247
KMT, KENNAMETAL INC ,489170100,212000.0,7460,0.00024314823471342247
DTM, DT MIDSTREAM INC ,23345M107,212000.0,1774,0.00024314823471342247
BPOP, POPULAR INC ,733174700,210000.0,1684,0.00024085438344254113
DEI, DOUGLAS EMMETT INC ,25960P109,209000.0,18990,0.00023970745780710044
APAM, ARTISAN PARTNERS ASSET MGMT ,04316A108,207000.0,5079,0.0002374136065362191
WPC, WP CAREY INC ,92936U109,206000.0,3201,0.00023626668090077842
OGN, ORGANON & CO ,68622V106,206000.0,28723,0.00023626668090077842
BHLB, BEACON FINANCIAL CORP. ,084680107,206000.0,7805,0.00023626668090077842
DAR, DARLING INGREDIENTS INC ,237266101,205000.0,5699,0.00023511975526533776
AER, AERCAP HOLDINGS NV ,N00985106,204000.0,1415,0.00023397282962989708
FMX, FOMENTO ECONOMICO MEXICANO S ,344419106,204000.0,2020,0.00023397282962989708
PRGS, PROGRESS SOFTWARE CORP ,743312100,203000.0,4732,0.00023282590399445642
ALGT, ALLEGIANT TRAVEL CO ,01748X102,202000.0,2374,0.00023167897835901574
INVH, INVITATION HOMES INC ,46187W107,202000.0,7285,0.00023167897835901574
RGA, REINSURANCE GRP OF AMERICA I ,759351604,200000.0,982,0.0002293851270881344
VC, VISTEON CORP ,92839U206,199000.0,2090,0.0002282382014526937
EPR, EPR PPTYS ,26884U109,199000.0,3980,0.0002282382014526937
AA, ALCOA CORP ,013872106,199000.0,3742,0.0002282382014526937
NBR, NABORS INDUSTRIES LTD ,G6359F137,199000.0,3661,0.0002282382014526937
CX, CEMEX SAB DE CV ,151290889,198000.0,17220,0.00022709127581725305
FINV, FINVOLUTION GROUP ,31810T101,197000.0,37668,0.00022594435018181237
UNM, UNUM GROUP ,91529Y106,197000.0,2546,0.00022594435018181237
U, UNITY SOFTWARE INC ,91332U101,195000.0,4425,0.00022365049891093103
PFGC, PERFORMANCE FOOD GROUP CO ,71377A103,195000.0,2174,0.00022365049891093103
TJX, TJX COS INC NEW ,872540109,195000.0,1247,0.00022365049891093103
ESRT, EMPIRE ST RLTY TR INC ,292104106,194000.0,29714,0.00022250357327549037
GLW, CORNING INC ,219350105,194000.0,2184,0.00022250357327549037
HIMS, HIMS & HERS HEALTH INC ,433000106,193000.0,5788,0.0002213566476400497
DBD, DIEBOLD NIXDORF INC ,253651202,192000.0,2825,0.000220209722004609
VSAT, VIASAT INC ,92552V100,191000.0,5547,0.00021906279636916835
SBH, SALLY BEAUTY HLDGS INC ,79546E104,191000.0,13368,0.00021906279636916835
ROKU, ROKU INC ,77543R102,191000.0,1757,0.00021906279636916835
AN, AUTONATION INC ,05329W102,190000.0,912,0.00021791587073372766
REXR, REXFORD INDL RLTY INC ,76169C100,190000.0,4900,0.00021791587073372766
MKL, MARKEL GROUP INC ,570535104,189000.0,86,0.000216768945098287
HL, HECLA MNG CO ,422704106,189000.0,9848,0.000216768945098287
CBOE, CBOE GLOBAL MKTS INC ,12503M108,189000.0,737,0.000216768945098287
ESE, ESCO TECHNOLOGIES INC ,296315104,188000.0,949,0.00021562201946284632
FTDR, FRONTDOOR INC ,35905A109,187000.0,3214,0.00021447509382740567
PLTR, PALANTIR TECHNOLOGIES INC ,69608A108,187000.0,1015,0.00021447509382740567
LECO, LINCOLN ELEC HLDGS INC ,533900106,185000.0,770,0.00021218124255652432
HCI, HCI GROUP INC ,40416E103,185000.0,964,0.00021218124255652432
BCO, BRINKS CO ,109696104,185000.0,1582,0.00021218124255652432
PK, PARK HOTELS & RESORTS INC ,700517105,185000.0,17657,0.00021218124255652432
G, GENPACT LIMITED ,G3922B107,184000.0,3925,0.00021103431692108364
ATEN, A10 NETWORKS INC ,002121101,184000.0,10426,0.00021103431692108364
TRL, DAVITA INC ,23918K108,184000.0,1623,0.00021103431692108364
AMX, AMERICA MOVIL SAB DE CV ,02390A101,183000.0,8850,0.00020988739128564296
OTX, OPEN TEXT CORP ,683715106,183000.0,4020,0.00020988739128564296
CCEP, COCA-COLA EUROPACIFIC PARTNE ,G25839104,182000.0,1979,0.0002087404656502023
TRI, THOMSON REUTERS CORP ,884903808,182000.0,996,0.0002087404656502023
ALLY, ALLY FINL INC ,02005N100,181000.0,3997,0.00020759354001476162
WCC, WESCO INTL INC ,95082P105,181000.0,738,0.00020759354001476162
V, VISA INC ,92826C839,181000.0,510,0.00020759354001476162
VAC, MARRIOTT VACATIONS WORLDWIDE ,57164Y107,181000.0,3135,0.00020759354001476162
SHO, SUNSTONE HOTEL INVS INC NEW ,867892101,181000.0,20277,0.00020759354001476162
EZPW, EZCORP INC ,302301106,180000.0,9291,0.00020644661437932096
JXC1, ZIFF DAVIS INC ,48123V102,180000.0,5131,0.00020644661437932096
CCS, CENTURY CMNTYS INC ,156504300,179000.0,3023,0.00020529968874388027
AGNC, AGNC INVT CORP ,00123Q104,179000.0,16663,0.00020529968874388027
RYTM, RHYTHM PHARMACEUTICALS INC ,76243J105,179000.0,1669,0.00020529968874388027
FSV, FIRSTSERVICE CORP NEW ,33767E202,178000.0,834,0.00020415276310843962
MEDP, MEDPACE HLDGS INC ,58506Q109,178000.0,317,0.00020415276310843962
HLF, HERBALIFE LTD ,G4412G101,177000.0,13698,0.00020300583747299893
SCI, SERVICE CORP INTL ,817565104,177000.0,2271,0.00020300583747299893
HRMY, HARMONY BIOSCIENCES HLDGS IN ,413197104,177000.0,4722,0.00020300583747299893
PD, PAGERDUTY INC ,69553P100,176000.0,13429,0.00020185891183755825
TOL, TOLL BROTHERS INC ,889478103,175000.0,1294,0.0002007119862021176
LKQ1, LKQ CORP ,501889208,174000.0,5754,0.0001995650605666769
COTY, COTY INC ,222070203,174000.0,56595,0.0001995650605666769
VLGEA, VILLAGE SUPER MKT INC ,927107409,174000.0,4909,0.0001995650605666769
DY, DYCOM INDS INC ,267475101,173000.0,513,0.00019841813493123625
AWR, AMER STATES WTR CO ,029899101,173000.0,2387,0.00019841813493123625
TLN, TALEN ENERGY CORP ,87422Q109,173000.0,461,0.00019841813493123625
TRV, TRAVELERS COMPANIES INC ,89417E109,173000.0,594,0.00019841813493123625
SILA, SILA REALTY TRUST INC ,146280508,173000.0,7435,0.00019841813493123625
CNC, CENTENE CORP DEL ,15135B101,173000.0,4216,0.00019841813493123625
BJ, BJS WHSL CLUB HLDGS INC ,05550J101,172000.0,1909,0.00019727120929579557
PCRX, PACIRA BIOSCIENCES INC ,695127100,172000.0,6654,0.00019727120929579557
SUI, SUN CMNTYS INC ,866674104,172000.0,1375,0.00019727120929579557
SPGI, S&P GLOBAL INC ,78409V104,172000.0,325,0.00019727120929579557
UNFI, UNITED NAT FOODS INC ,911163103,172000.0,5102,0.00019727120929579557
BEPC, BROOKFIELD RENEWABLE CORP ,11285B108,171000.0,3222,0.0001961242836603549
FHN, FIRST HORIZON CORPORATION ,320517105,171000.0,7157,0.0001961242836603549
MLKN, MILLERKNOLL INC ,600544100,171000.0,9351,0.0001961242836603549
IDA, IDACORP INC ,451107106,170000.0,1345,0.00019497735802491423
KR, KROGER CO ,501044101,170000.0,2705,0.00019497735802491423
EQNR, EQUINOR ASA ,29446M102,170000.0,7201,0.00019497735802491423
UDR, UDR INC ,902653104,170000.0,4632,0.00019497735802491423
MSCI, MSCI INC ,55354G100,170000.0,290,0.00019497735802491423
AAMI, ACADIAN ASSET MANAGEMENT INC ,10948W103,169000.0,3602,0.00019383043238947354
TECH, BIO-TECHNE CORP ,09073M104,169000.0,2880,0.00019383043238947354
LNT, ALLIANT ENERGY CORP ,018802108,169000.0,2593,0.00019383043238947354
ELAN, ELANCO ANIMAL HEALTH INC ,28414H103,168000.0,7409,0.00019268350675403289
DNOW, DNOW INC ,67011P100,168000.0,12701,0.00019268350675403289
FWONK, LIBERTY MEDIA CORP DEL ,531229755,168000.0,1714,0.00019268350675403289
KRG, KITE RLTY GROUP TR ,49803T300,168000.0,7012,0.00019268350675403289
DRH, DIAMONDROCK HOSPITALITY CO ,252784301,167000.0,18589,0.0001915365811185922
MCD, MCDONALDS CORP ,580135101,167000.0,541,0.0001915365811185922
BUR, BURFORD CAP LTD ,G17977110,167000.0,18710,0.0001915365811185922
FR, FIRST INDL RLTY TR INC ,32054K103,167000.0,2916,0.0001915365811185922
RH, RH ,74967X103,166000.0,927,0.00019038965548315154
SOLS, SOLSTICE ADVANCED MATLS INC ,83443Q103,164000.0,3372,0.0001880958042122702
CRGY, CRESCENT ENERGY COMPANY ,44952J104,164000.0,19594,0.0001880958042122702
CMA, COMERICA INC ,200340107,164000.0,1883,0.0001880958042122702
WT, WISDOMTREE INC ,97717P104,163000.0,13346,0.00018694887857682952
HSIC, HENRY SCHEIN INC ,806407102,163000.0,2156,0.00018694887857682952
ENR, ENERGIZER HLDGS INC NEW ,29272W109,162000.0,8155,0.00018580195294138886
DGII, DIGI INTL INC ,253798102,162000.0,3750,0.00018580195294138886
GH, GUARDANT HEALTH INC ,40131M109,162000.0,1586,0.00018580195294138886
QXO, QXO INC ,82846H405,162000.0,8389,0.00018580195294138886
CENTA, CENTRAL GARDEN & PET CO ,153527205,162000.0,5549,0.00018580195294138886
COLL, COLLEGIUM PHARMACEUTICAL INC ,19459J104,162000.0,3492,0.00018580195294138886
ARRY, ARRAY TECHNOLOGIES INC ,04271T100,161000.0,17436,0.00018465502730594818
BKH, BLACK HILLS CORP ,092113109,160000.0,2309,0.0001835081016705075
ALGT, ALLEGIANT TRAVEL CO ,01748X102,160000.0,1875,0.0001835081016705075
SUX, TD SYNNEX CORPORATION ,87162W100,160000.0,1068,0.0001835081016705075
ASTE, ASTEC INDS INC ,046224101,159000.0,3671,0.00018236117603506684
PNW, PINNACLE WEST CAP CORP ,723484101,158000.0,1785,0.00018121425039962615
SOFI, SOFI TECHNOLOGIES INC ,83406F102,158000.0,6047,0.00018121425039962615
POR, PORTLAND GEN ELEC CO ,736508847,157000.0,3274,0.0001800673247641855
DCI, DONALDSON INC ,257651109,157000.0,1771,0.0001800673247641855
ACT, ENACT HLDGS INC ,29249E109,157000.0,3952,0.0001800673247641855
AKR, ACADIA RLTY TR ,004239109,157000.0,7634,0.0001800673247641855
VYX, NCR VOYIX CORPORATION ,62886E108,156000.0,15334,0.0001789203991287448
ICE, INTERCONTINENTAL EXCHANGE IN ,45866F104,156000.0,953,0.0001789203991287448
IIPR, INNOVATIVE INDL PPTYS INC ,45781V101,155000.0,3264,0.00017777347349330416
UGI, UGI CORP NEW ,902681105,155000.0,4128,0.00017777347349330416
LAUR, LAUREATE EDUCATION INC ,518613203,155000.0,4615,0.00017777347349330416
BLK, BLACKROCK INC ,09290D101,155000.0,142,0.00017777347349330416
SBS, COMPANHIA DE SANEAMENTO BASI ,20441A102,155000.0,6506,0.00017777347349330416
APPN, APPIAN CORP ,03782L101,155000.0,4381,0.00017777347349330416
CNMD, CONMED CORP ,207410101,154000.0,3801,0.00017662654785786347
BR, BROADRIDGE FINL SOLUTIONS IN ,11133T103,154000.0,677,0.00017662654785786347
PBI, PITNEY BOWES INC ,724479100,154000.0,14605,0.00017662654785786347
SAH, SONIC AUTOMOTIVE INC ,83545G102,154000.0,2493,0.00017662654785786347
N/A, PHARVARIS N V ,N69605108,153000.0,5510,0.00017547962222242282
GNRC, GENERAC HLDGS INC ,368736104,153000.0,1119,0.00017547962222242282
NLOP, NET LEASE OFFICE PROPERTIES ,64110Y108,153000.0,5965,0.00017547962222242282
UNIT, UNITI GROUP LLC ,912932100,153000.0,21815,0.00017547962222242282
ARQT, ARCUTIS BIOTHERAPEUTICS INC ,03969K108,153000.0,5268,0.00017547962222242282
RBC, RBC BEARINGS INC ,75524B104,152000.0,339,0.00017433269658698213
PNTG, PENNANT GROUP INC ,70805E109,152000.0,5403,0.00017433269658698213
POOL, POOL CORP ,73278L105,152000.0,665,0.00017433269658698213
SYK, STRYKER CORPORATION ,863667101,151000.0,429,0.00017318577095154145
BXP, BXP INC ,101121101,151000.0,2231,0.00017318577095154145
MKSI, MKS INC. ,55306N104,151000.0,945,0.00017318577095154145
PEB, PEBBLEBROOK HOTEL TR ,70509V100,151000.0,13356,0.00017318577095154145
BY, BYLINE BANCORP INC ,124411109,150000.0,5156,0.0001720388453161008
OTTR, OTTER TAIL CORP ,689648103,150000.0,1856,0.0001720388453161008
LH, LABCORP HOLDINGS INC ,504922105,150000.0,594,0.0001720388453161008
QCRH, QCR HOLDINGS INC ,74727A104,150000.0,1800,0.0001720388453161008
NYT, NEW YORK TIMES CO ,650111107,150000.0,2159,0.0001720388453161008
BBIO, BRIDGEBIO PHARMA INC ,10806X102,150000.0,1958,0.0001720388453161008
RNR, RENAISSANCERE HLDGS LTD ,G7496G103,149000.0,530,0.0001708919196806601
WBS, WEBSTER FINL CORP ,947890109,149000.0,2366,0.0001708919196806601
RBRK, RUBRIK INC. ,781154109,149000.0,1946,0.0001708919196806601
RVMD, REVOLUTION MEDICINES INC ,76155X100,149000.0,1872,0.0001708919196806601
TDY, TELEDYNE TECHNOLOGIES INC ,879360105,148000.0,286,0.00016974499404521945
ZION, ZIONS BANCORPORATION N A ,989701107,148000.0,2530,0.00016974499404521945
FIVE, FIVE BELOW INC ,33829M101,148000.0,787,0.00016974499404521945
BLBD, BLUE BIRD CORP ,095306106,148000.0,3152,0.00016974499404521945
R, RYDER SYS INC ,783549108,147000.0,768,0.00016859806840977876
DASH, DOORDASH INC ,25809K105,147000.0,638,0.00016859806840977876
CASH, PATHWARD FINANCIAL INC ,59100U108,147000.0,2066,0.00016859806840977876
ORI, OLD REP INTL CORP ,680223104,146000.0,3190,0.0001674511427743381
QFIN, QFIN HOLDINGS INC ,88557W101,145000.0,7427,0.00016630421713889742
ADP, AUTOMATIC DATA PROCESSING IN ,053015103,145000.0,560,0.00016630421713889742
LSCC, LATTICE SEMICONDUCTOR CORP ,518415104,144000.0,1957,0.00016515729150345674
MLI, MUELLER INDS INC ,624756102,144000.0,1251,0.00016515729150345674
N/A, BANK OF NT BUTTERFIELD&SON L ,G0772R208,144000.0,2900,0.00016515729150345674
SPXC, SPX TECHNOLOGIES INC ,78473E103,143000.0,713,0.00016401036586801608
CNM, CORE & MAIN INC ,21874C102,143000.0,2760,0.00016401036586801608
BNL, BROADSTONE NET LEASE INC ,11135E203,142000.0,8152,0.0001628634402325754
ARMK, ARAMARK ,03852U106,141000.0,3835,0.00016171651459713474
AIT, APPLIED INDL TECHNOLOGIES IN ,03820C105,141000.0,550,0.00016171651459713474
EPR, EPR PPTYS ,26884U109,141000.0,2828,0.00016171651459713474
FLS, FLOWSERVE CORP ,34354P105,140000.0,2025,0.00016056958896169406
IRT, INDEPENDENCE RLTY TR INC ,45378A106,140000.0,8033,0.00016056958896169406
RLJ, RLJ LODGING TR ,74965L101,140000.0,18792,0.00016056958896169406
DOX, AMDOCS LTD ,G02602103,140000.0,1742,0.00016056958896169406
ENPH, ENPHASE ENERGY INC ,29355A107,139000.0,4326,0.0001594226633262534
PARR, PAR PAC HOLDINGS INC ,69888T207,139000.0,3959,0.0001594226633262534
W, WAYFAIR INC ,94419L101,139000.0,1380,0.0001594226633262534
DY, DYCOM INDS INC ,267475101,139000.0,412,0.0001594226633262534
JEF, JEFFERIES FINL GROUP INC ,47233W109,138000.0,2223,0.00015827573769081272
T, AT&T INC ,00206R102,138000.0,5581,0.00015827573769081272
PRG, PROG HOLDINGS INC ,74319R101,138000.0,4681,0.00015827573769081272
NOV, NOV INC ,62955J103,137000.0,8736,0.00015712881205537203
ANGI, ANGI INC ,00183L201,137000.0,10608,0.00015712881205537203
AFW, ALIGN TECHNOLOGY INC ,016255101,137000.0,878,0.00015712881205537203
ALEX, ALEXANDER & BALDWIN INC NEW ,014491104,136000.0,6567,0.00015598188641993138
ANF, ABERCROMBIE & FITCH CO ,002896207,136000.0,1083,0.00015598188641993138
BTG, B2GOLD CORP ,11777Q209,136000.0,21956,0.00015598188641993138
DLX, DELUXE CORP ,248019101,135000.0,6043,0.0001548349607844907
CR, CRANE COMPANY ,224408104,135000.0,731,0.0001548349607844907
SILA, SILA REALTY TRUST INC ,146280508,135000.0,5805,0.0001548349607844907
VSAT, VIASAT INC ,92552V100,134000.0,3881,0.00015368803514905004
BLBD, BLUE BIRD CORP ,095306106,134000.0,2856,0.00015368803514905004
TPL, TEXAS PACIFIC LAND CORPORATI ,88262P102,134000.0,465,0.00015368803514905004
HLIT, HARMONIC INC ,413160102,134000.0,13575,0.00015368803514905004
DLR, DIGITAL RLTY TR INC ,253868103,133000.0,862,0.00015254110951360935
AZO, AUTOZONE INC ,053332102,133000.0,39,0.00015254110951360935
LAD, LITHIA MTRS INC ,536797103,133000.0,400,0.00015254110951360935
STRL, STERLING INFRASTRUCTURE INC ,859241101,132000.0,432,0.0001513941838781687
NSA, NATIONAL STORAGE AFFILIATES ,637870106,132000.0,4680,0.0001513941838781687
IDA, IDACORP INC ,451107106,131000.0,1036,0.00015024725824272804
WEA, WESTERN ALLIANCE BANCORP ,957638109,131000.0,1555,0.00015024725824272804
WF2, WINTRUST FINL CORP ,97650W108,131000.0,938,0.00015024725824272804
CMC, COMMERCIAL METALS CO ,201723103,130000.0,1880,0.00014910033260728735
CARS, CARS COM INC ,14575E105,130000.0,10664,0.00014910033260728735
TXRH, TEXAS ROADHOUSE INC ,882681109,130000.0,786,0.00014910033260728735
OSK, OSHKOSH CORP ,688239201,128000.0,1016,0.000146806481336406
INVA, INNOVIVA INC ,45781M101,128000.0,6395,0.000146806481336406
XHR, XENIA HOTELS & RESORTS INC ,984017103,128000.0,9055,0.000146806481336406
WTS, WATTS WATER TECHNOLOGIES INC ,942749102,128000.0,465,0.000146806481336406
FFIV, F5 INC ,315616102,128000.0,492,0.000146806481336406
PPC, PILGRIMS PRIDE CORP ,72147K108,127000.0,3269,0.00014565955570096536
RGEN, REPLIGEN CORP ,759916109,127000.0,774,0.00014565955570096536
FYBR, FRONTIER COMMUNICATIONS PARE ,35909D109,127000.0,3331,0.00014565955570096536
HIW, HIGHWOODS PPTYS INC ,431284108,127000.0,4935,0.00014565955570096536
OGE, OGE ENERGY CORP ,670837103,127000.0,2982,0.00014565955570096536
BY, BYLINE BANCORP INC ,124411109,127000.0,4361,0.00014565955570096536
AAT, AMERICAN ASSETS TR INC ,024013104,127000.0,6700,0.00014565955570096536
UMBF, UMB FINL CORP ,902788108,126000.0,1092,0.00014451263006552467
SMA, SMARTSTOP SELF STORAG REIT I ,83192D402,126000.0,4083,0.00014451263006552467
CNNE, CANNAE HLDGS INC ,13765N107,126000.0,8032,0.00014451263006552467
AMG, AFFILIATED MANAGERS GROUP IN ,008252108,125000.0,435,0.00014336570443008401
PECO, PHILLIPS EDISON & CO INC ,71844V201,125000.0,3507,0.00014336570443008401
ON1, OLD NATL BANCORP IND ,680033107,125000.0,5604,0.00014336570443008401
SCCO, SOUTHERN COPPER CORP ,84265V105,124000.0,866,0.00014221877879464333
INN, SUMMIT HOTEL PPTYS INC ,866082100,124000.0,25481,0.00014221877879464333
ALSN, ALLISON TRANSMISSION HLDGS I ,01973R101,124000.0,1263,0.00014221877879464333
COHR, COHERENT CORP ,19247G107,124000.0,654,0.00014221877879464333
INGR, INGREDION INC ,457187102,124000.0,1126,0.00014221877879464333
RSG, REPUBLIC SVCS INC ,760759100,123000.0,580,0.00014107185315920265
KNSL, KINSALE CAP GROUP INC ,49714P108,123000.0,314,0.00014107185315920265
PCOR, PROCORE TECHNOLOGIES INC ,74275K108,123000.0,1685,0.00014107185315920265
OMF, ONEMAIN HLDGS INC ,68268W103,123000.0,1826,0.00014107185315920265
SAIA, SAIA INC ,78709Y105,122000.0,373,0.000139924927523762
LAMR, LAMAR ADVERTISING CO NEW ,512816109,122000.0,962,0.000139924927523762
VMI, VALMONT INDS INC ,920253101,122000.0,302,0.000139924927523762
GFI, GOLD FIELDS LTD ,38059T106,122000.0,2806,0.000139924927523762
AEIS, ADVANCED ENERGY INDS ,007973100,122000.0,583,0.000139924927523762
CFLT, CONFLUENT INC ,20717M103,122000.0,4045,0.000139924927523762
CADE, CADENCE BANK ,12740C103,122000.0,2838,0.000139924927523762
AHCO, ADAPTHEALTH CORP ,00653Q102,120000.0,12060,0.00013763107625288065
UPBD, UPBOUND GROUP INC ,76009N100,120000.0,6848,0.00013763107625288065
APLE, APPLE HOSPITALITY REIT INC ,03784Y200,120000.0,10143,0.00013763107625288065
GME, GAMESTOP CORP NEW ,36467W109,119000.0,5924,0.00013648415061743996
RRX, REGAL REXNORD CORPORATION ,758750103,119000.0,845,0.00013648415061743996
EXLS, EXLSERVICE HOLDINGS INC ,302081104,119000.0,2796,0.00013648415061743996
CCL, CARNIVAL CORP ,143658300,119000.0,3891,0.00013648415061743996
PRCH, PORCH GROUP INC ,733245104,119000.0,13007,0.00013648415061743996
POR, PORTLAND GEN ELEC CO ,736508847,118000.0,2455,0.0001353372249819993
KNX, KNIGHT-SWIFT TRANSN HLDGS IN ,499049104,118000.0,2266,0.0001353372249819993
GO, GROCERY OUTLET HLDG CORP ,39874R101,118000.0,11730,0.0001353372249819993
PRI, PRIMERICA INC ,74164M108,118000.0,457,0.0001353372249819993
UBSI, UNITED BANKSHARES INC WEST V ,909907107,118000.0,3069,0.0001353372249819993
SFM, SPROUTS FMRS MKT INC ,85208M102,117000.0,1474,0.00013419029934655862
DINO, HF SINCLAIR CORP ,403949100,117000.0,2547,0.00013419029934655862
ONTO, ONTO INNOVATION INC ,683344105,117000.0,740,0.00013419029934655862
DUOL, DUOLINGO INC ,26603R106,116000.0,659,0.00013304337371111794
COLB, COLUMBIA BKG SYS INC ,197236102,116000.0,4168,0.00013304337371111794
ICFI, ICF INTL INC ,44925C103,116000.0,1359,0.00013304337371111794
ARWR, ARROWHEAD PHARMACEUTICALS IN ,04280A100,115000.0,1732,0.00013189644807567728
AM, ANTERO MIDSTREAM CORP ,03676B102,115000.0,6461,0.00013189644807567728
BHLB, BEACON FINANCIAL CORP. ,084680107,114000.0,4327,0.0001307495224402366
MDGL, MADRIGAL PHARMACEUTICALS INC ,558868105,114000.0,196,0.0001307495224402366
AXTA, AXALTA COATING SYS LTD ,G0750C108,114000.0,3534,0.0001307495224402366
SNV, SYNOVUS FINL CORP ,87161C501,114000.0,2276,0.0001307495224402366
COLD, AMERICOLD REALTY TRUST INC ,03064D108,113000.0,8809,0.00012960259680479594
TTEK, TETRA TECH INC NEW ,88162G103,113000.0,3376,0.00012960259680479594
JBTM, JBT MAREL CORPORATION ,477839104,113000.0,747,0.00012960259680479594
IEX, IDEX CORP ,45167R104,112000.0,632,0.00012845567116935526
OGS, ONE GAS INC ,68235P108,112000.0,1454,0.00012845567116935526
CARG, CARGURUS INC ,141788109,112000.0,2908,0.00012845567116935526
HQY, HEALTHEQUITY INC ,42226A107,111000.0,1207,0.0001273087455339146
BILI, BILIBILI INC ,090040106,111000.0,4507,0.0001273087455339146
SQM, SOCIEDAD QUIMICA Y MINERA DE ,833635105,111000.0,1619,0.0001273087455339146
MOG/A, MOOG INC ,615394202,110000.0,451,0.00012616181989847392
SE, SEA LTD ,81141R100,110000.0,842,0.00012616181989847392
MAN, MANPOWERGROUP INC WIS ,56418H100,109000.0,3659,0.00012501489426303326
SR, SPIRE INC ,84857L101,109000.0,1322,0.00012501489426303326
RYN, RAYONIER INC ,754907103,109000.0,5028,0.00012501489426303326
SANM, SANMINA CORPORATION ,801056102,108000.0,720,0.00012386796862759258
MUSA, MURPHY USA INC ,626755102,108000.0,267,0.00012386796862759258
RNA, AVIDITY BIOSCIENCES INC ,05370A108,108000.0,1497,0.00012386796862759258
JXN, JACKSON FINANCIAL INC ,46817M107,108000.0,1016,0.00012386796862759258
ELME, ELME COMMUNITIES ,939653101,108000.0,6233,0.00012386796862759258
LUMN, LUMEN TECHNOLOGIES INC ,550241103,107000.0,13711,0.0001227210429921519
KMX, CARMAX INC ,143130102,107000.0,2765,0.0001227210429921519
MKTX, MARKETAXESS HLDGS INC ,57060D108,107000.0,588,0.0001227210429921519
CYTK, CYTOKINETICS INC ,23282W605,107000.0,1681,0.0001227210429921519
AL, AIR LEASE CORP ,00912X302,107000.0,1669,0.0001227210429921519
TTC, TORO CO ,891092108,106000.0,1346,0.00012157411735671123
FULT, FULTON FINL CORP PA ,360271100,106000.0,5478,0.00012157411735671123
PAC, GRUPO AEROPUERTO DEL PACIFIC ,400506101,106000.0,403,0.00012157411735671123
THS, TREEHOUSE FOODS INC ,89469A104,106000.0,4502,0.00012157411735671123
SAH, SONIC AUTOMOTIVE INC ,83545G102,106000.0,1720,0.00012157411735671123
TPG, TPG INC ,872657101,106000.0,1663,0.00012157411735671123
RBBN, RIBBON COMMUNICATIONS INC ,762544104,106000.0,36762,0.00012157411735671123
ATHM, AUTOHOME INC ,05278C107,106000.0,4784,0.00012157411735671123
QRVO, QORVO INC ,74736K101,105000.0,1242,0.00012042719172127056
SITM, SITIME CORP ,82982T106,105000.0,298,0.00012042719172127056
OWL, BLUE OWL CAPITAL INC ,09581B103,104000.0,6930,0.00011928026608582988
DEA, EASTERLY GOVT PPTYS INC ,27616P301,104000.0,4917,0.00011928026608582988
LGIH, LGI HOMES INC ,50187T106,104000.0,2426,0.00011928026608582988
INOD, INNODATA INC ,457642205,104000.0,2032,0.00011928026608582988
NJR, NEW JERSEY RES CORP ,646025106,103000.0,2228,0.00011813334045038921
LYFT, LYFT INC ,55087P104,103000.0,5329,0.00011813334045038921
PNFP, PINNACLE FINL PARTNERS INC ,72346Q104,102000.0,1070,0.00011698641481494854
MNDY, MONDAY COM LTD ,M7S64H106,102000.0,697,0.00011698641481494854
EPC, EDGEWELL PERS CARE CO ,28035Q102,102000.0,5988,0.00011698641481494854
HLI, HOULIHAN LOKEY INC ,441593100,102000.0,583,0.00011698641481494854
BROS, DUTCH BROS INC ,26701L100,102000.0,1659,0.00011698641481494854
GKOS, GLAUKOS CORP ,377322102,101000.0,893,0.00011583948917950787
TALO, TALOS ENERGY INC ,87484T108,101000.0,9191,0.00011583948917950787
ALV, AUTOLIV INC ,052800109,101000.0,853,0.00011583948917950787
MTG, MGIC INVT CORP WIS ,552848103,101000.0,3449,0.00011583948917950787
SCSC, SCANSOURCE INC ,806037107,101000.0,2592,0.00011583948917950787
CHWY, CHEWY INC ,16679L109,101000.0,3054,0.00011583948917950787
TTMI, TTM TECHNOLOGIES INC ,87305R109,101000.0,1465,0.00011583948917950787
PRIM, PRIMORIS SVCS CORP ,74164F103,101000.0,811,0.00011583948917950787
FFBC, FIRST FINL BANCORP OH ,320209109,100000.0,4003,0.0001146925635440672
GTES, GATES INDL CORP PLC ,G39108108,100000.0,4668,0.0001146925635440672
DH, DEFINITIVE HEALTHCARE CORP ,24477E103,100000.0,34934,0.0001146925635440672
CART, MAPLEBEAR INC ,565394103,100000.0,2231,0.0001146925635440672
NWL, NEWELL BRANDS INC ,651229106,100000.0,26841,0.0001146925635440672
ESTC, ELASTIC N V ,N14506104,100000.0,1330,0.0001146925635440672
GATX, GATX CORP ,361448103,100000.0,587,0.0001146925635440672
SEIC, SEI INVTS CO ,784117103,99000.0,1207,0.00011354563790862653
MPW, MEDICAL PPTYS TRUST INC ,58463J304,99000.0,19777,0.00011354563790862653
MTRN, MATERION CORP ,576690101,98000.0,791,0.00011239871227318586
FBIN, FORTUNE BRANDS INNOVATIONS I ,34964C106,98000.0,1963,0.00011239871227318586
CHDN, CHURCHILL DOWNS INC ,171484108,98000.0,857,0.00011239871227318586
NWS, NEWS CORP NEW ,65249B208,97000.0,3278,0.00011125178663774519
CFR, CULLEN FROST BANKERS INC ,229899109,97000.0,767,0.00011125178663774519
EQIX, EQUINIX INC ,29444U700,97000.0,127,0.00011125178663774519
CWAN, CLEARWATER ANALYTICS HLDGS I ,185123106,96000.0,3990,0.0001101048610023045
EMBC, EMBECTA CORP ,29082K105,96000.0,8049,0.0001101048610023045
PATH, UIPATH INC ,90364P105,96000.0,5864,0.0001101048610023045
MOD, MODINE MFG CO ,607828100,96000.0,719,0.0001101048610023045
GBCI, GLACIER BANCORP INC NEW ,37637Q105,95000.0,2164,0.00010895793536686383
SIGI, SELECTIVE INS GROUP INC ,816300107,95000.0,1138,0.00010895793536686383
MIDD, MIDDLEBY CORP ,596278101,95000.0,638,0.00010895793536686383
OLLI, OLLIES BARGAIN OUTLET HLDGS ,681116109,95000.0,864,0.00010895793536686383
PCTY, PAYLOCITY HLDG CORP ,70438V106,95000.0,622,0.00010895793536686383
HESM, HESS MIDSTREAM LP ,428103105,94000.0,2724,0.00010781100973142316
KBR, KBR INC ,48242W106,94000.0,2336,0.00010781100973142316
CBSH, COMMERCE BANCSHARES INC ,200525103,94000.0,1796,0.00010781100973142316
MDU, MDU RES GROUP INC ,552690109,93000.0,4778,0.00010666408409598249
AGCO, AGCO CORP ,001084102,93000.0,894,0.00010666408409598249
CXW, CORECIVIC INC ,21871N101,93000.0,4841,0.00010666408409598249
EAT, BRINKER INTL INC ,109641100,93000.0,650,0.00010666408409598249
FSS, FEDERAL SIGNAL CORP ,313855108,92000.0,851,0.00010551715846054182
HXL, HEXCEL CORP NEW ,428291108,92000.0,1241,0.00010551715846054182
SLM, SLM CORP ,78442P106,92000.0,3390,0.00010551715846054182
TSA, ACI WORLDWIDE INC ,004498101,92000.0,1924,0.00010551715846054182
COKE, COCA COLA CONS INC ,191098102,92000.0,597,0.00010551715846054182
AMPH, AMPHASTAR PHARMACEUTICALS IN ,03209R103,92000.0,3434,0.00010551715846054182
ASTE, ASTEC INDS INC ,046224101,92000.0,2132,0.00010551715846054182
BCS, BARCLAYS PLC ,06738E204,91000.0,3572,0.00010437023282510115
TXNM, TXNM ENERGY INC ,69349H107,91000.0,1552,0.00010437023282510115
VLY, VALLEY NATL BANCORP ,919794107,91000.0,7750,0.00010437023282510115
WERN, WERNER ENTERPRISES INC ,950755108,91000.0,3044,0.00010437023282510115
CRUS, CIRRUS LOGIC INC ,172755100,91000.0,772,0.00010437023282510115
EMN, EASTMAN CHEM CO ,277432100,91000.0,1420,0.00010437023282510115
WING, WINGSTOP INC ,974155103,91000.0,380,0.00010437023282510115
STWD, STARWOOD PPTY TR INC ,85571B105,90000.0,5005,0.00010322330718966048
SLG, SL GREEN RLTY CORP ,78440X887,90000.0,1963,0.00010322330718966048
WD5A, TRAVEL PLUS LEISURE CO ,894164102,90000.0,1278,0.00010322330718966048
FND, FLOOR & DECOR HLDGS INC ,339750101,90000.0,1477,0.00010322330718966048
SWX, SOUTHWEST GAS HLDGS INC ,844895102,90000.0,1123,0.00010322330718966048
FG, F&G ANNUITIES & LIFE INC ,30190A104,90000.0,2912,0.00010322330718966048
GXO, GXO LOGISTICS INCORPORATED ,36262G101,90000.0,1717,0.00010322330718966048
LFUS, LITTELFUSE INC ,537008104,89000.0,352,0.00010207638155421981
GAP, GAP INC ,364760108,89000.0,3484,0.00010207638155421981
BMI, BADGER METER INC ,056525108,89000.0,510,0.00010207638155421981
UNFI, UNITED NAT FOODS INC ,911163103,89000.0,2648,0.00010207638155421981
LSTR, LANDSTAR SYS INC ,515098101,89000.0,618,0.00010207638155421981
UE, URBAN EDGE PPTYS ,91704F104,89000.0,4614,0.00010207638155421981
ANF, ABERCROMBIE & FITCH CO ,002896207,89000.0,707,0.00010207638155421981
THG, HANOVER INS GROUP INC ,410867105,89000.0,486,0.00010207638155421981
VFC, V F CORP ,918204108,89000.0,4943,0.00010207638155421981
HNI, HNI CORP ,404251100,89000.0,2118,0.00010207638155421981
RAL, RALLIANT CORP ,750940108,89000.0,1747,0.00010207638155421981
MAT, MATTEL INC ,577081102,88000.0,4424,0.00010092945591877912
KD, KYNDRYL HLDGS INC ,50155Q100,88000.0,3310,0.00010092945591877912
NMFC, NEW MTN FIN CORP ,647551100,88000.0,9581,0.00010092945591877912
FCN, FTI CONSULTING INC ,302941109,88000.0,513,0.00010092945591877912
CNO, CNO FINL GROUP INC ,12621E103,88000.0,2071,0.00010092945591877912
LBRDK, LIBERTY BROADBAND CORP ,530307305,88000.0,1810,0.00010092945591877912
FAF, FIRST AMERN FINL CORP ,31847R102,88000.0,1428,0.00010092945591877912
SMTC, SEMTECH CORP ,816850101,88000.0,1200,0.00010092945591877912
HTO, H2O AMERICA ,784305104,87000.0,1786,9.978253028333845e-05
GVA, GRANITE CONSTR INC ,387328107,87000.0,758,9.978253028333845e-05
CVLT, COMMVAULT SYS INC ,204166102,87000.0,694,9.978253028333845e-05
FLR, FLUOR CORP NEW ,343412102,87000.0,2189,9.978253028333845e-05
SSD, SIMPSON MFG INC ,829073105,87000.0,538,9.978253028333845e-05
ARW, ARROW ELECTRS INC ,042735100,87000.0,789,9.978253028333845e-05
TFX, TELEFLEX INCORPORATED ,879369106,87000.0,711,9.978253028333845e-05
WTTR, SELECT WATER SOLUTIONS INC ,81617J301,87000.0,8301,9.978253028333845e-05
APLD, APPLIED DIGITAL CORP ,038169207,86000.0,3497,9.863560464789778e-05
OPCH, OPTION CARE HEALTH INC ,68404L201,86000.0,2685,9.863560464789778e-05
CABO, CABLE ONE INC ,12685J105,86000.0,763,9.863560464789778e-05
ACA, ARCOSA INC ,039653100,86000.0,809,9.863560464789778e-05
AROC, ARCHROCK INC ,03957W106,86000.0,3315,9.863560464789778e-05
HOOD, ROBINHOOD MKTS INC ,770700102,86000.0,761,9.863560464789778e-05
AXSM, AXSOME THERAPEUTICS INC ,05464T104,85000.0,468,9.748867901245711e-05
SEE, SEALED AIR CORP NEW ,81211K100,85000.0,2057,9.748867901245711e-05
TRIN, TRINITY CAP INC ,896442308,85000.0,5786,9.748867901245711e-05
PSIX, POWER SOLUTIONS INTL INC ,73933G202,85000.0,1488,9.748867901245711e-05
BJRI, BJS RESTAURANTS INC ,09180C106,85000.0,2147,9.748867901245711e-05
LOAR, LOAR HOLDINGS INC ,53947R105,85000.0,1250,9.748867901245711e-05
REZI, RESIDEO TECHNOLOGIES INC ,76118Y104,84000.0,2381,9.634175337701644e-05
CHE, CHEMED CORP NEW ,16359R103,84000.0,197,9.634175337701644e-05
SITE, SITEONE LANDSCAPE SUPPLY INC ,82982L103,84000.0,676,9.634175337701644e-05
IBP, INSTALLED BLDG PRODS INC ,45780R101,84000.0,325,9.634175337701644e-05
N/A, INDIVIOR PLC ,G4766E116,84000.0,2331,9.634175337701644e-05
CGNX, COGNEX CORP ,192422103,83000.0,2294,9.519482774157577e-05
PEGA, PEGASYSTEMS INC ,705573103,83000.0,1388,9.519482774157577e-05
FNB, F N B CORP ,302520101,83000.0,4828,9.519482774157577e-05
VNT, VONTIER CORPORATION ,928881101,82000.0,2206,9.40479021061351e-05
CLF, CLEVELAND-CLIFFS INC NEW ,185899101,82000.0,6170,9.40479021061351e-05
AVA, AVISTA CORP ,05379B107,82000.0,2128,9.40479021061351e-05
ALSN, ALLISON TRANSMISSION HLDGS I ,01973R101,82000.0,833,9.40479021061351e-05
PRAX, PRAXIS PRECISION MEDICINES I ,74006W207,82000.0,279,9.40479021061351e-05
TILE, INTERFACE INC ,458665304,82000.0,2949,9.40479021061351e-05
EXP, EAGLE MATLS INC ,26969P108,82000.0,397,9.40479021061351e-05
LEA, LEAR CORP ,521865204,81000.0,708,9.290097647069443e-05
MIR, MIRION TECHNOLOGIES INC ,60471A101,81000.0,3466,9.290097647069443e-05
ESI, ELEMENT SOLUTIONS INC ,28618M106,81000.0,3241,9.290097647069443e-05
BOOT, BOOT BARN HLDGS INC ,099406100,81000.0,460,9.290097647069443e-05
NXST, NEXSTAR MEDIA GROUP INC ,65336K103,81000.0,399,9.290097647069443e-05
CSWC, CAPITAL SOUTHWEST CORP ,140501107,81000.0,3677,9.290097647069443e-05
WH, WYNDHAM HOTELS & RESORTS INC ,98311A105,81000.0,1076,9.290097647069443e-05
RYTM, RHYTHM PHARMACEUTICALS INC ,76243J105,80000.0,746,9.175405083525375e-05
MASI, MASIMO CORP ,574795100,80000.0,614,9.175405083525375e-05
BTSG, BRIGHTSPRING HEALTH SVCS INC ,10950A106,80000.0,2144,9.175405083525375e-05
PAGP, PLAINS GP HLDGS L P ,72651A207,80000.0,4181,9.175405083525375e-05
BDC, BELDEN INC ,077454106,80000.0,689,9.175405083525375e-05
IRTC, IRHYTHM TECHNOLOGIES INC ,450056106,80000.0,450,9.175405083525375e-05
PNTG, PENNANT GROUP INC ,70805E109,79000.0,2809,9.060712519981308e-05
PB, PROSPERITY BANCSHARES INC ,743606105,79000.0,1137,9.060712519981308e-05
MMSI, MERIT MED SYS INC ,589889104,79000.0,896,9.060712519981308e-05
HRB, BLOCK H & R INC ,093671105,79000.0,1802,9.060712519981308e-05
OUT, OUTFRONT MEDIA INC ,69007J304,78000.0,3252,8.94601995643724e-05
GPI, GROUP 1 AUTOMOTIVE INC ,398905109,78000.0,199,8.94601995643724e-05
BG, BUNGE GLOBAL SA ,H11356104,78000.0,874,8.94601995643724e-05
KAR, OPENLANE INC ,48238T109,78000.0,2625,8.94601995643724e-05
WEX, WEX INC ,96208T104,78000.0,523,8.94601995643724e-05
ESNT, ESSENT GROUP LTD ,G3198U102,77000.0,1181,8.831327392893174e-05
TEM, TEMPUS AI INC ,88023B103,77000.0,1312,8.831327392893174e-05
ROOT, ROOT INC ,77664L207,77000.0,1063,8.831327392893174e-05
FA, FIRST ADVANTAGE CORP NEW ,31846B108,77000.0,5310,8.831327392893174e-05
BCPC, BALCHEM CORP ,057665200,77000.0,501,8.831327392893174e-05
BUWA, BIO RAD LABS INC ,090572207,77000.0,254,8.831327392893174e-05
RYAN, RYAN SPECIALTY HOLDINGS INC ,78351F107,77000.0,1499,8.831327392893174e-05
BOOT, BOOT BARN HLDGS INC ,099406100,76000.0,429,8.716634829349107e-05
ACI, ALBERTSONS COS INC ,013091103,76000.0,4414,8.716634829349107e-05
HRI, HERC HLDGS INC ,42704L104,76000.0,509,8.716634829349107e-05
SLM, SLM CORP ,78442P106,76000.0,2827,8.716634829349107e-05
ESAB, ESAB CORPORATION ,29605J106,76000.0,682,8.716634829349107e-05
LAZ, LAZARD INC ,52110M109,76000.0,1564,8.716634829349107e-05
MWA, MUELLER WTR PRODS INC ,624758108,75000.0,3145,8.60194226580504e-05
PIPR, PIPER SANDLER COMPANIES ,724078100,75000.0,221,8.60194226580504e-05
PCVX, VAXCYTE INC ,92243G108,75000.0,1636,8.60194226580504e-05
RLI, RLI CORP ,749607107,75000.0,1165,8.60194226580504e-05
HWC, HANCOCK WHITNEY CORPORATION ,410120109,75000.0,1178,8.60194226580504e-05
AVT, AVNET INC ,053807103,75000.0,1557,8.60194226580504e-05
OZK, BANK OZK LITTLE ROCK ARK ,06417N103,74000.0,1616,8.487249702260972e-05
FIVE, FIVE BELOW INC ,33829M101,74000.0,391,8.487249702260972e-05
ASB, ASSOCIATED BANC CORP ,045487105,74000.0,2886,8.487249702260972e-05
ABCB, AMERIS BANCORP ,03076K108,74000.0,995,8.487249702260972e-05
NEU, NEWMARKET CORP ,651587107,74000.0,107,8.487249702260972e-05
BYD, BOYD GAMING CORP ,103304101,74000.0,866,8.487249702260972e-05
DBX, DROPBOX INC ,26210C104,73000.0,2631,8.372557138716905e-05
LPX, LOUISIANA PAC CORP ,546347105,73000.0,899,8.372557138716905e-05
OPEN, OPENDOOR TECHNOLOGIES INC ,683712103,73000.0,12469,8.372557138716905e-05
GTLB, GITLAB INC ,37637K108,73000.0,1932,8.372557138716905e-05
PTCT, PTC THERAPEUTICS INC ,69366J200,72000.0,942,8.257864575172837e-05
ULS, UL SOLUTIONS INC ,903731107,72000.0,909,8.257864575172837e-05
BOX, BOX INC ,10316T104,72000.0,2420,8.257864575172837e-05
MHK, MOHAWK INDS INC ,608190104,72000.0,655,8.257864575172837e-05
NIC, NICOLET BANKSHARES INC ,65406E102,72000.0,593,8.257864575172837e-05
CAVA, CAVA GROUP INC ,148929102,71000.0,1207,8.14317201162877e-05
CZR, CAESARS ENTERTAINMENT INC NE ,12769G100,71000.0,3034,8.14317201162877e-05
IVT, INVENTRUST PPTYS CORP ,46124J201,71000.0,2528,8.14317201162877e-05
N/A, MAGNUM ICE CREAM CO NV ,N5505D105,71000.0,5629,8.14317201162877e-05
ETSY, ETSY INC ,29786A106,71000.0,1274,8.14317201162877e-05
APPF, APPFOLIO INC ,03783C100,71000.0,307,8.14317201162877e-05
COMP, COMPASS INC ,20464U100,71000.0,6723,8.14317201162877e-05
BRKR, BRUKER CORP ,116794108,71000.0,1504,8.14317201162877e-05
PLXS, PLEXUS CORP ,729132100,71000.0,482,8.14317201162877e-05
PL, PLANET LABS PBC ,72703X106,70000.0,3535,8.028479448084703e-05
ENS, ENERSYS ,29275Y102,70000.0,479,8.028479448084703e-05
MORN, MORNINGSTAR INC ,617700109,70000.0,320,8.028479448084703e-05
CROX, CROCS INC ,227046109,70000.0,816,8.028479448084703e-05
OII, OCEANEERING INTL INC ,675232102,70000.0,2915,8.028479448084703e-05
RIG, TRANSOCEAN LTD ,H8817H100,70000.0,17065,8.028479448084703e-05
KW, KENNEDY-WILSON HOLDINGS INC ,489398107,70000.0,7231,8.028479448084703e-05
DRH, DIAMONDROCK HOSPITALITY CO ,252784301,69000.0,7651,7.913786884540636e-05
CWEN, CLEARWAY ENERGY INC ,18539C204,69000.0,2071,7.913786884540636e-05
MRCY, MERCURY SYS INC ,589378108,69000.0,946,7.913786884540636e-05
NPO, ENPRO INC ,29355X107,69000.0,323,7.913786884540636e-05
WHD, CACTUS INC ,127203107,69000.0,1509,7.913786884540636e-05
MTH, MERITAGE HOMES CORP ,59001A102,68000.0,1030,7.799094320996569e-05
LIF, LIFE360 INC ,532206109,68000.0,1054,7.799094320996569e-05
SON, SONOCO PRODS CO ,835495102,68000.0,1558,7.799094320996569e-05
MVST, MICROVAST HOLDINGS INC ,59516C106,68000.0,24339,7.799094320996569e-05
ALKS, ALKERMES PLC ,G01767105,68000.0,2447,7.799094320996569e-05
BILL, BILL HOLDINGS INC ,090043100,67000.0,1223,7.684401757452502e-05
QTWO, Q2 HLDGS INC ,74736L109,67000.0,923,7.684401757452502e-05
NOVT, NOVANTA INC ,67000B104,67000.0,561,7.684401757452502e-05
CURB, CURBLINE PPTYS CORP ,23128Q101,67000.0,2881,7.684401757452502e-05
SPSC, SPS COMM INC ,78463M107,67000.0,751,7.684401757452502e-05
RLJ, RLJ LODGING TR ,74965L101,67000.0,8943,7.684401757452502e-05
GBX, GREENBRIER COS INC ,393657101,67000.0,1436,7.684401757452502e-05
MBC, MASTERBRAND INC ,57638P104,66000.0,5946,7.569709193908435e-05
CCCS, CCC INTELLIGENT SOLUTIONS HL ,12510Q100,66000.0,8289,7.569709193908435e-05
PI, IMPINJ INC ,453204109,66000.0,377,7.569709193908435e-05
WTM, WHITE MTNS INS GROUP LTD ,G9618E107,66000.0,32,7.569709193908435e-05
FULT, FULTON FINL CORP PA ,360271100,66000.0,3398,7.569709193908435e-05
WHR, WHIRLPOOL CORP ,963320106,66000.0,914,7.569709193908435e-05
RDNT, RADNET INC ,750491102,66000.0,925,7.569709193908435e-05
CE, CELANESE CORP DEL ,150870103,66000.0,1555,7.569709193908435e-05
MSA, MSA SAFETY INC ,553498106,65000.0,408,7.455016630364368e-05
ASR, GRUPO AEROPORTUARIO DEL SURE ,40051E202,65000.0,201,7.455016630364368e-05
ACHR, ARCHER AVIATION INC ,03945R102,65000.0,8671,7.455016630364368e-05
KRYS, KRYSTAL BIOTECH INC ,501147102,65000.0,262,7.455016630364368e-05
HIMS, HIMS & HERS HEALTH INC ,433000106,64000.0,1985,7.3403240668203e-05
SLAB, SILICON LABORATORIES INC ,826919102,64000.0,489,7.3403240668203e-05
CIFR, CIPHER MINING INC ,17253J106,64000.0,4303,7.3403240668203e-05
TGNA, TEGNA INC ,87901J105,64000.0,3317,7.3403240668203e-05
BHLB, BEACON FINANCIAL CORP. ,084680107,64000.0,2418,7.3403240668203e-05
BBWI, BATH & BODY WORKS INC ,070830104,64000.0,3197,7.3403240668203e-05
GPK, GRAPHIC PACKAGING HLDG CO ,388689101,64000.0,4259,7.3403240668203e-05
REZI, RESIDEO TECHNOLOGIES INC ,76118Y104,64000.0,1835,7.3403240668203e-05
BC, BRUNSWICK CORP ,117043109,63000.0,850,7.225631503276234e-05
MMS, MAXIMUS INC ,577933104,63000.0,728,7.225631503276234e-05
LAUR, LAUREATE EDUCATION INC ,518613203,63000.0,1871,7.225631503276234e-05
CDP, COPT DEFENSE PROPERTIES ,22002T108,63000.0,2282,7.225631503276234e-05
HASI, HA SUSTAINABLE INFRA CAP INC ,41068X100,63000.0,2011,7.225631503276234e-05
URBN, URBAN OUTFITTERS INC ,917047102,63000.0,834,7.225631503276234e-05
BNL, BROADSTONE NET LEASE INC ,11135E203,63000.0,3619,7.225631503276234e-05
PCH, POTLATCHDELTIC CORPORATION ,737630103,63000.0,1581,7.225631503276234e-05
AWG, ASBURY AUTOMOTIVE GROUP INC ,043436104,63000.0,273,7.225631503276234e-05
PDM, PIEDMONT REALTY TRUST INC ,720190206,63000.0,7512,7.225631503276234e-05
SAIC, SCIENCE APPLICATIONS INTL CO ,808625107,62000.0,619,7.110938939732167e-05
FNB, F N B CORP ,302520101,62000.0,3618,7.110938939732167e-05
FBP, FIRST BANCORP P R ,318672706,62000.0,3012,7.110938939732167e-05
CPK, CHESAPEAKE UTILS CORP ,165303108,62000.0,500,7.110938939732167e-05
TCBI, TEXAS CAP BANCSHARES INC ,88224Q107,62000.0,689,7.110938939732167e-05
PTEN, PATTERSON-UTI ENERGY INC ,703481101,62000.0,10071,7.110938939732167e-05
ESNT, ESSENT GROUP LTD ,G3198U102,62000.0,958,7.110938939732167e-05
ATGE, ADTALEM GLOBAL ED INC ,00737L103,62000.0,604,7.110938939732167e-05
FELE, FRANKLIN ELEC INC ,353514102,62000.0,645,7.110938939732167e-05
HLNE, HAMILTON LANE INC ,407497106,61000.0,455,6.9962463761881e-05
AGX, ARGAN INC ,04010E109,61000.0,195,6.9962463761881e-05
VVV, VALVOLINE INC ,92047W101,61000.0,2093,6.9962463761881e-05
RUN, SUNRUN INC ,86771W105,61000.0,3316,6.9962463761881e-05
LEU, CENTRUS ENERGY CORP ,15643U104,61000.0,252,6.9962463761881e-05
CRNX, CRINETICS PHARMACEUTICALS IN ,22663K107,61000.0,1318,6.9962463761881e-05
MTN, VAIL RESORTS INC ,91879Q109,61000.0,458,6.9962463761881e-05
THO, THOR INDS INC ,885160101,61000.0,592,6.9962463761881e-05
PFSI, PENNYMAC FINL SVCS INC NEW ,70932M107,61000.0,465,6.9962463761881e-05
SHLS, SHOALS TECHNOLOGIES GROUP IN ,82489W107,60000.0,7013,6.881553812644032e-05
SAFE, SAFEHOLD INC ,78646V107,60000.0,4381,6.881553812644032e-05
CVCO, CAVCO INDS INC DEL ,149568107,60000.0,101,6.881553812644032e-05
UCB, UNITED CMNTY BKS BLAIRSVLE G ,90984P303,60000.0,1926,6.881553812644032e-05
PTGX, PROTAGONIST THERAPEUTICS INC ,74366E102,60000.0,686,6.881553812644032e-05
AUR, AURORA INNOVATION INC ,051774107,60000.0,15616,6.881553812644032e-05
AEO, AMERICAN EAGLE OUTFITTERS IN ,02553E106,60000.0,2262,6.881553812644032e-05
ECG, EVERUS CONSTR GROUP ,300426103,60000.0,704,6.881553812644032e-05
HNI, HNI CORP ,404251100,60000.0,1424,6.881553812644032e-05
LBRT, LIBERTY ENERGY INC ,53115L104,60000.0,3270,6.881553812644032e-05
VSCO, VICTORIAS SECRET AND CO ,926400102,59000.0,1081,6.766861249099965e-05
SKY, CHAMPION HOMES INC ,830830105,59000.0,696,6.766861249099965e-05
VSEC, VSE CORP ,918284100,59000.0,340,6.766861249099965e-05
AMKR, AMKOR TECHNOLOGY INC ,031652100,59000.0,1482,6.766861249099965e-05
BCO, BRINKS CO ,109696104,59000.0,504,6.766861249099965e-05
LMND, LEMONADE INC ,52567D107,59000.0,824,6.766861249099965e-05
CRSP, CRISPR THERAPEUTICS AG ,H17182108,59000.0,1118,6.766861249099965e-05
AGO, ASSURED GUARANTY LTD ,G0585R106,59000.0,658,6.766861249099965e-05
OPEN, OPENDOOR TECHNOLOGIES INC ,683712103,59000.0,10077,6.766861249099965e-05
QS, QUANTUMSCAPE CORP ,74767V109,59000.0,5702,6.766861249099965e-05
S, SENTINELONE INC ,81730H109,58000.0,3888,6.652168685555897e-05
HAE, HAEMONETICS CORP MASS ,405024100,58000.0,723,6.652168685555897e-05
KNF, KNIFE RIVER CORP ,498894104,58000.0,827,6.652168685555897e-05
HP, HELMERICH & PAYNE INC ,423452101,58000.0,2015,6.652168685555897e-05
RIOT, RIOT PLATFORMS INC ,767292105,58000.0,4542,6.652168685555897e-05
PRMB, PRIMO BRANDS CORPORATION ,741623102,58000.0,3517,6.652168685555897e-05
ILMN, ILLUMINA INC ,452327109,58000.0,440,6.652168685555897e-05
FIBK, FIRST INTST BANCSYSTEM INC ,32055Y201,58000.0,1682,6.652168685555897e-05
SNEX, STONEX GROUP INC ,861896108,58000.0,605,6.652168685555897e-05
ARCB, ARCBEST CORP ,03937C105,57000.0,767,6.53747612201183e-05
LTH, LIFE TIME GROUP HOLDINGS INC ,53190C102,57000.0,2142,6.53747612201183e-05
OSIS, OSI SYSTEMS INC ,671044105,57000.0,224,6.53747612201183e-05
KVYO, KLAVIYO INC ,49845K101,57000.0,1744,6.53747612201183e-05
SXT, SENSIENT TECHNOLOGIES CORP ,81725T100,57000.0,610,6.53747612201183e-05
MC, MOELIS & CO ,60786M105,57000.0,824,6.53747612201183e-05
HHH, HOWARD HUGHES HOLDINGS INC ,44267T102,57000.0,714,6.53747612201183e-05
TEX, TEREX CORP NEW ,880779103,57000.0,1067,6.53747612201183e-05
HCC, WARRIOR MET COAL INC ,93627C101,57000.0,651,6.53747612201183e-05
CSW, CSW INDUSTRIALS INC ,126402106,57000.0,194,6.53747612201183e-05
TGTX, TG THERAPEUTICS INC ,88322Q108,57000.0,1901,6.53747612201183e-05
HOMB, HOME BANCSHARES INC ,436893200,56000.0,2012,6.422783558467763e-05
VIAV, VIAVI SOLUTIONS INC ,925550105,56000.0,3140,6.422783558467763e-05
ASO, ACADEMY SPORTS & OUTDOORS IN ,00402L107,56000.0,1116,6.422783558467763e-05
EBC, EASTERN BANKSHARES INC ,27627N105,56000.0,3065,6.422783558467763e-05
TDS, TELEPHONE & DATA SYS INC ,879433829,56000.0,1375,6.422783558467763e-05
KBH, KB HOME ,48666K109,56000.0,999,6.422783558467763e-05
SPSC, SPS COMM INC ,78463M107,56000.0,632,6.422783558467763e-05
GLXY, GALAXY DIGITAL INC. ,36317J209,56000.0,2493,6.422783558467763e-05
ADMA, ADMA BIOLOGICS INC ,000899104,56000.0,3065,6.422783558467763e-05
PJT, PJT PARTNERS INC ,69343T107,56000.0,336,6.422783558467763e-05
POST, POST HLDGS INC ,737446104,56000.0,562,6.422783558467763e-05
MYRG, MYR GROUP INC DEL ,55405W104,55000.0,252,6.308090994923696e-05
AZZ, AZZ INC ,002474104,55000.0,513,6.308090994923696e-05
FUL, FULLER H B CO ,359694106,55000.0,923,6.308090994923696e-05
NVST, ENVISTA HOLDINGS CORPORATION ,29415F104,55000.0,2541,6.308090994923696e-05
WSC, WILLSCOT HLDGS CORP ,971378104,55000.0,2901,6.308090994923696e-05
IBCP, INDEPENDENT BK CORP MICH ,453838609,55000.0,1700,6.308090994923696e-05
BKU, BANKUNITED INC ,06652K103,55000.0,1228,6.308090994923696e-05
VSAT, VIASAT INC ,92552V100,55000.0,1594,6.308090994923696e-05
PSA, PUBLIC STORAGE OPER CO ,74460D109,55000.0,212,6.308090994923696e-05
KAR, OPENLANE INC ,48238T109,54000.0,1822,6.193398431379629e-05
FMF, FORMFACTOR INC ,346375108,54000.0,974,6.193398431379629e-05
BFH, BREAD FINANCIAL HOLDINGS INC ,018581108,54000.0,729,6.193398431379629e-05
DRS, LEONARDO DRS INC ,52661A108,54000.0,1589,6.193398431379629e-05
ICUI, ICU MED INC ,44930G107,53000.0,374,6.078705867835562e-05
PSN, PARSONS CORP DEL ,70202L102,53000.0,854,6.078705867835562e-05
GNTX, GENTEX CORP ,371901109,53000.0,2297,6.078705867835562e-05
RNST, RENASANT CORP ,75970E107,53000.0,1505,6.078705867835562e-05
HOG, HARLEY DAVIDSON INC ,412822108,53000.0,2578,6.078705867835562e-05
VCYT, VERACYTE INC ,92337F107,53000.0,1264,6.078705867835562e-05
EZPW, EZCORP INC ,302301106,53000.0,2741,6.078705867835562e-05
AMTM, AMENTUM HOLDINGS INC ,023939101,53000.0,1824,6.078705867835562e-05
RYN, RAYONIER INC ,754907103,53000.0,2460,6.078705867835562e-05
KGS, KODIAK GAS SVCS INC ,50012A108,53000.0,1429,6.078705867835562e-05
PRM, PERIMETER SOLUTIONS INC ,71385M107,53000.0,1912,6.078705867835562e-05
UPST, UPSTART HLDGS INC ,91680M107,52000.0,1182,5.964013304291494e-05
BTSG, BRIGHTSPRING HEALTH SVCS INC ,10950A106,52000.0,1388,5.964013304291494e-05
SIRI, SIRIUSXM HOLDINGS INC ,829933100,52000.0,2613,5.964013304291494e-05
LLYVK, LIBERTY LIVE HOLDINGS INC ,530909308,52000.0,623,5.964013304291494e-05
DT, DYNATRACE INC ,268150109,52000.0,1189,5.964013304291494e-05
INDB, INDEPENDENT BK CORP MASS ,453836108,52000.0,710,5.964013304291494e-05
RHI, ROBERT HALF INC. ,770323103,52000.0,1900,5.964013304291494e-05
QLYS, QUALYS INC ,74758T303,52000.0,394,5.964013304291494e-05
BE, BLOOM ENERGY CORP ,093712107,52000.0,604,5.964013304291494e-05
CBT, CABOT CORP ,127055101,52000.0,787,5.964013304291494e-05
CHH, CHOICE HOTELS INTL INC ,169905106,52000.0,548,5.964013304291494e-05
QC10, FLAGSTAR BANK NATIONAL ASSOC ,649445400,52000.0,4102,5.964013304291494e-05
ATGE, ADTALEM GLOBAL ED INC ,00737L103,52000.0,507,5.964013304291494e-05
VITL, VITAL FARMS INC ,92847W103,52000.0,1641,5.964013304291494e-05
ANIP, ANI PHARMACEUTICALS INC ,00182C103,51000.0,645,5.849320740747427e-05
WAY, WAYSTAR HLDG CORP ,946784105,51000.0,1545,5.849320740747427e-05
CSTL, CASTLE BIOSCIENCES INC ,14843C105,51000.0,1301,5.849320740747427e-05
UMH, UMH PPTYS INC ,903002103,51000.0,3206,5.849320740747427e-05
HURN, HURON CONSULTING GROUP INC ,447462102,51000.0,293,5.849320740747427e-05
HAYW, HAYWARD HLDGS INC ,421298100,51000.0,3333,5.849320740747427e-05
HGV, HILTON GRAND VACATIONS INC ,43283X105,51000.0,1141,5.849320740747427e-05
NMIH, NMI HLDGS INC ,629209305,51000.0,1262,5.849320740747427e-05
VKTX, VIKING THERAPEUTICS INC ,92686J106,51000.0,1463,5.849320740747427e-05
SOUN, SOUNDHOUND AI INC ,836100107,51000.0,5121,5.849320740747427e-05
OFG, OFG BANCORP ,67103X102,51000.0,1245,5.849320740747427e-05
BHF, BRIGHTHOUSE FINL INC ,10922N103,51000.0,794,5.849320740747427e-05
FW2N, BANNER CORP ,06652V208,51000.0,818,5.849320740747427e-05
PNW, PINNACLE WEST CAP CORP ,723484101,51000.0,574,5.849320740747427e-05
SHOO, MADDEN STEVEN LTD ,556269108,50000.0,1208,5.73462817720336e-05
CALX, CALIX INC ,13100M509,50000.0,944,5.73462817720336e-05
RUSHA, RUSH ENTERPRISES INC ,781846209,50000.0,929,5.73462817720336e-05
MGRC, MCGRATH RENTCORP ,580589109,50000.0,477,5.73462817720336e-05
STEP, STEPSTONE GROUP INC ,85914M107,50000.0,780,5.73462817720336e-05
SNDR, SCHNEIDER NATIONAL INC ,80689H102,49000.0,1848,5.619935613659293e-05
LGND, LIGAND PHARMACEUTICALS INC ,53220K504,49000.0,258,5.619935613659293e-05
IESC, IES HLDGS INC ,44951W106,49000.0,125,5.619935613659293e-05
ALEX, ALEXANDER & BALDWIN INC NEW ,014491104,49000.0,2351,5.619935613659293e-05
UFPI, UFP INDUSTRIES INC ,90278Q108,49000.0,541,5.619935613659293e-05
KFY, KORN FERRY ,500643200,49000.0,737,5.619935613659293e-05
COLD, AMERICOLD REALTY TRUST INC ,03064D108,49000.0,3809,5.619935613659293e-05
AIR, AAR CORP ,000361105,49000.0,589,5.619935613659293e-05
CORZ, CORE SCIENTIFIC INC NEW ,21874A106,49000.0,3351,5.619935613659293e-05
KTB, KONTOOR BRANDS INC ,50050N103,49000.0,798,5.619935613659293e-05
N/A, BANK OF NT BUTTERFIELD&SON L ,G0772R208,49000.0,991,5.619935613659293e-05
PRCH, PORCH GROUP INC ,733245104,49000.0,5342,5.619935613659293e-05
PVH, PVH CORPORATION ,693656100,48000.0,722,5.505243050115225e-05
FRPT, FRESHPET INC ,358039105,48000.0,792,5.505243050115225e-05
ALHC, ALIGNMENT HEALTHCARE INC ,01625V104,48000.0,2449,5.505243050115225e-05
BOOT, BOOT BARN HLDGS INC ,099406100,48000.0,273,5.505243050115225e-05
NWN, NORTHWEST NAT HLDG CO ,66765N105,48000.0,1028,5.505243050115225e-05
VRRM, VERRA MOBILITY CORP ,92511U102,48000.0,2130,5.505243050115225e-05
BLKB, BLACKBAUD INC ,09227Q100,48000.0,751,5.505243050115225e-05
WU, WESTERN UN CO ,959802109,48000.0,5122,5.505243050115225e-05
TRN, TRINITY INDS INC ,896522109,47000.0,1782,5.390550486571158e-05
CWT, CALIFORNIA WTR SVC GROUP ,130788102,47000.0,1092,5.390550486571158e-05
BB4, AXOS FINANCIAL INC ,05465C100,47000.0,551,5.390550486571158e-05
JBGS, JBG SMITH PPTYS ,46590V100,47000.0,2789,5.390550486571158e-05
TBBK, BANCORP INC DEL ,05969A105,47000.0,691,5.390550486571158e-05
KLIC, KULICKE & SOFFA INDS INC ,501242101,47000.0,1039,5.390550486571158e-05
SIG, SIGNET JEWELERS LIMITED ,G81276100,47000.0,567,5.390550486571158e-05
WULF, TERAWULF INC ,88080T104,47000.0,4126,5.390550486571158e-05
TDC, TERADATA CORP DEL ,88076W103,47000.0,1540,5.390550486571158e-05
ATUS, OPTIMUM COMMUNICATIONS INC ,02156K103,47000.0,28200,5.390550486571158e-05
WSFS, WSFS FINL CORP ,929328102,46000.0,838,5.275857923027091e-05
APAM, ARTISAN PARTNERS ASSET MGMT ,04316A108,46000.0,1128,5.275857923027091e-05
FOUR, SHIFT4 PMTS INC ,82452J109,46000.0,734,5.275857923027091e-05
AGYS, AGILYSYS INC ,00847J105,46000.0,388,5.275857923027091e-05
KNTK, KINETIK HOLDINGS INC ,02215L209,46000.0,1268,5.275857923027091e-05
FOLD, AMICUS THERAPEUTICS INC ,03152W109,46000.0,3209,5.275857923027091e-05
GNW, GENWORTH FINL INC ,37247D106,46000.0,5093,5.275857923027091e-05
AVNT, AVIENT CORPORATION ,05368V106,46000.0,1481,5.275857923027091e-05
PRVA, PRIVIA HEALTH GROUP INC ,74276R102,46000.0,1928,5.275857923027091e-05
GSAT, GLOBALSTAR INC ,378973507,45000.0,731,5.161165359483024e-05
DOCN, DIGITALOCEAN HLDGS INC ,25402D102,45000.0,941,5.161165359483024e-05
ZETA, ZETA GLOBAL HOLDINGS CORP ,98956A105,45000.0,2229,5.161165359483024e-05
ARQT, ARCUTIS BIOTHERAPEUTICS INC ,03969K108,45000.0,1544,5.161165359483024e-05
LCII, LCI INDS ,50189K103,45000.0,369,5.161165359483024e-05
INVX, INNOVEX INTERNATIONAL INC ,457651107,45000.0,2037,5.161165359483024e-05
CBU, COMMUNITY FINANCIAL SYSTEM I ,203607106,44000.0,765,5.046472795938956e-05
CORT, CORCEPT THERAPEUTICS INC ,218352102,44000.0,1277,5.046472795938956e-05
EOSE, EOS ENERGY ENTERPRISES INC ,29415C101,44000.0,3853,5.046472795938956e-05
POWL, POWELL INDS INC ,739128106,44000.0,139,5.046472795938956e-05
XPRO, EXPRO GROUP HOLDINGS NV ,N3144W105,44000.0,3306,5.046472795938956e-05
CPRI, CAPRI HOLDINGS LIMITED ,G1890L107,44000.0,1797,5.046472795938956e-05
ITGR, INTEGER HLDGS CORP ,45826H109,44000.0,567,5.046472795938956e-05
LRN, STRIDE INC ,86333M108,44000.0,684,5.046472795938956e-05
HWKN, HAWKINS INC ,420261109,44000.0,311,5.046472795938956e-05
BL, BLACKLINE INC ,09239B109,44000.0,802,5.046472795938956e-05
TENB, TENABLE HLDGS INC ,88025T102,44000.0,1861,5.046472795938956e-05
CALM, CAL MAINE FOODS INC ,128030202,44000.0,554,5.046472795938956e-05
PFS, PROVIDENT FINL SVCS INC ,74386T105,44000.0,2235,5.046472795938956e-05
MARA, MARA HOLDINGS INC ,565788106,43000.0,4744,4.931780232394889e-05
BOH, BANK HAWAII CORP ,062540109,43000.0,632,4.931780232394889e-05
MHO, M/I HOMES INC ,55305B101,43000.0,333,4.931780232394889e-05
TPC, TUTOR PERINI CORP ,901109108,43000.0,638,4.931780232394889e-05
BANC, BANC OF CALIFORNIA INC ,05990K106,43000.0,2238,4.931780232394889e-05
TREX, TREX CO INC ,89531P105,43000.0,1226,4.931780232394889e-05
NUVL, NUVALENT INC ,670703107,43000.0,428,4.931780232394889e-05
KYMR, KYMERA THERAPEUTICS INC ,501575104,43000.0,551,4.931780232394889e-05
GRAL, GRAIL INC ,384747101,43000.0,501,4.931780232394889e-05
ANDE, ANDERSONS INC ,034164103,43000.0,805,4.931780232394889e-05
ABM, ABM INDS INC ,000957100,42000.0,998,4.817087668850822e-05
MRP, MILLROSE PPTYS INC ,601137102,42000.0,1411,4.817087668850822e-05
AWR, AMER STATES WTR CO ,029899101,42000.0,582,4.817087668850822e-05
TPH, TRI POINTE HOMES INC ,87265H109,42000.0,1346,4.817087668850822e-05
DORM, DORMAN PRODS INC ,258278100,42000.0,344,4.817087668850822e-05
PRGS, PROGRESS SOFTWARE CORP ,743312100,42000.0,973,4.817087668850822e-05
BRC, BRADY CORP ,104674106,42000.0,541,4.817087668850822e-05
PATK, PATRICK INDS INC ,703343103,42000.0,391,4.817087668850822e-05
FHI, FEDERATED HERMES INC ,314211103,42000.0,805,4.817087668850822e-05
GFF, GRIFFON CORP ,398433102,42000.0,575,4.817087668850822e-05
TVTX, TRAVERE THERAPEUTICS INC ,89422G107,42000.0,1102,4.817087668850822e-05
ATMU, ATMUS FILTRATION TECHNOLOGIE ,04956D107,42000.0,814,4.817087668850822e-05
SWK, STANLEY BLACK & DECKER INC ,854502101,42000.0,570,4.817087668850822e-05
GHC, GRAHAM HLDGS CO ,384637104,42000.0,38,4.817087668850822e-05
BEN, FRANKLIN RESOURCES INC ,354613101,42000.0,1738,4.817087668850822e-05
SGHC, SUPER GROUP SGHC LIMITED ,G8588X103,42000.0,3493,4.817087668850822e-05
XENE, XENON PHARMACEUTICALS INC ,98420N105,42000.0,944,4.817087668850822e-05
STC, STEWART INFORMATION SVCS COR ,860372101,41000.0,580,4.702395105306755e-05
FHB, FIRST HAWAIIAN INC ,32051X108,41000.0,1628,4.702395105306755e-05
CVBF, CVB FINL CORP ,126600105,41000.0,2208,4.702395105306755e-05
FFIN, FIRST FINL BANKSHARES INC ,32020R109,41000.0,1382,4.702395105306755e-05
SFBS, SERVISFIRST BANCSHARES INC ,81768T108,41000.0,568,4.702395105306755e-05
VCTR, VICTORY CAP HLDGS INC ,92645B103,41000.0,654,4.702395105306755e-05
DXC, DXC TECHNOLOGY CO ,23355L106,41000.0,2823,4.702395105306755e-05
BXMT, BLACKSTONE MTG TR INC ,09257W100,41000.0,2143,4.702395105306755e-05
KMT, KENNAMETAL INC ,489170100,41000.0,1458,4.702395105306755e-05
REVG, REV GROUP INC ,749527107,41000.0,670,4.702395105306755e-05
SYM, SYMBOTIC INC ,87151X101,41000.0,691,4.702395105306755e-05
CPRX, CATALYST PHARMACEUTICALS INC ,14888U101,41000.0,1756,4.702395105306755e-05
JOBY, JOBY AVIATION INC ,G65163100,40000.0,3064,4.5877025417626874e-05
FFBC, FIRST FINL BANCORP OH ,320209109,40000.0,1586,4.5877025417626874e-05
MSM, MSC INDL DIRECT INC ,553530106,40000.0,473,4.5877025417626874e-05
CPF, CENTRAL PAC FINL CORP ,154760409,40000.0,1288,4.5877025417626874e-05
NOK, NOKIA CORP ,654902204,40000.0,6116,4.5877025417626874e-05
MTX, MINERALS TECHNOLOGIES INC ,603158106,40000.0,658,4.5877025417626874e-05
EPAC, ENERPAC TOOL GROUP CORP ,292765104,40000.0,1040,4.5877025417626874e-05
CSGS, CSG SYS INTL INC ,126349109,40000.0,517,4.5877025417626874e-05
CNK, CINEMARK HLDGS INC ,17243V102,40000.0,1733,4.5877025417626874e-05
SIG, SIGNET JEWELERS LIMITED ,G81276100,40000.0,487,4.5877025417626874e-05
SARO, STANDARDAERO INC ,85423L103,39000.0,1357,4.47300997821862e-05
WDFC, WD 40 CO ,929236107,39000.0,198,4.47300997821862e-05
VC, VISTEON CORP ,92839U206,39000.0,413,4.47300997821862e-05
BCC, BOISE CASCADE CO DEL ,09739D100,39000.0,535,4.47300997821862e-05
PSMT, PRICESMART INC ,741511109,39000.0,314,4.47300997821862e-05
INTA, INTAPP INC ,45827U109,39000.0,845,4.47300997821862e-05
PII, POLARIS INC ,731068102,39000.0,613,4.47300997821862e-05
OSCR, OSCAR HEALTH INC ,687793109,39000.0,2710,4.47300997821862e-05
ALG, ALAMO GROUP INC ,011311107,39000.0,230,4.47300997821862e-05
IEI, INSIGHT ENTERPRISES INC ,45765U103,38000.0,471,4.358317414674553e-05
AMBA, AMBARELLA INC ,G037AX101,38000.0,535,4.358317414674553e-05
EXTR, EXTREME NETWORKS ,30226D106,38000.0,2267,4.358317414674553e-05
RITM, RITHM CAPITAL CORP ,64828T201,38000.0,3511,4.358317414674553e-05
BRBR, BELLRING BRANDS INC ,07831C103,38000.0,1427,4.358317414674553e-05
HLMN, HILLMAN SOLUTIONS CORP ,431636109,38000.0,4338,4.358317414674553e-05
WERN, WERNER ENTERPRISES INC ,950755108,38000.0,1254,4.358317414674553e-05
ENVA, ENOVA INTL INC ,29357K103,38000.0,242,4.358317414674553e-05
ACAD, ACADIA PHARMACEUTICALS INC ,004225108,38000.0,1421,4.358317414674553e-05
HLX, HELIX ENERGY SOLUTIONS GRP I ,42330P107,38000.0,6007,4.358317414674553e-05
CATY, CATHAY GEN BANCORP ,149150104,38000.0,778,4.358317414674553e-05
CLSK, CLEANSPARK INC ,18452B209,38000.0,3769,4.358317414674553e-05
GTM, ZOOMINFO TECHNOLOGIES INC ,98980F104,38000.0,3778,4.358317414674553e-05
SCLX, SCILEX HOLDING CO ,80880W205,38000.0,3119,4.358317414674553e-05
NATL, NCR ATLEOS CORPORATION ,63001N106,37000.0,975,4.243624851130486e-05
WSBC, WESBANCO INC ,950810101,37000.0,1128,4.243624851130486e-05
PLUS, EPLUS INC ,294268107,37000.0,426,4.243624851130486e-05
BRZE, BRAZE INC ,10576N102,37000.0,1071,4.243624851130486e-05
BUSE, FIRST BUSEY CORP ,319383204,37000.0,1547,4.243624851130486e-05
KAI, KADANT INC ,48282T104,37000.0,131,4.243624851130486e-05
GT, GOODYEAR TIRE & RUBR CO ,382550101,37000.0,4170,4.243624851130486e-05
CDTX, CIDARA THERAPEUTICS INC ,171757206,37000.0,166,4.243624851130486e-05
FLO, FLOWERS FOODS INC ,343498101,37000.0,3364,4.243624851130486e-05
IDYA, IDEAYA BIOSCIENCES INC ,45166A102,37000.0,1074,4.243624851130486e-05
UPWK, UPWORK INC ,91688F104,37000.0,1886,4.243624851130486e-05
YOU, CLEAR SECURE INC ,18467V109,37000.0,1067,4.243624851130486e-05
KMPR, KEMPER CORP ,488401100,37000.0,922,4.243624851130486e-05
RNG, RINGCENTRAL INC ,76680R206,37000.0,1270,4.243624851130486e-05
REPX, RILEY EXPLORATION PERMIAN IN ,76665T102,36000.0,1367,4.1289322875864185e-05
DAN, DANA INC ,235825205,36000.0,1507,4.1289322875864185e-05
CACC, CREDIT ACCEP CORP MICH ,225310101,36000.0,82,4.1289322875864185e-05
BKD, BROOKDALE SR LIVING INC ,112463104,36000.0,3330,4.1289322875864185e-05
WGS, GENEDX HOLDINGS CORP ,81663L200,36000.0,278,4.1289322875864185e-05
DNOW, DNOW INC ,67011P100,36000.0,2711,4.1289322875864185e-05
OLN, OLIN CORP ,680665205,36000.0,1716,4.1289322875864185e-05
INSP, INSPIRE MED SYS INC ,457730109,36000.0,395,4.1289322875864185e-05
SRRK, SCHOLAR ROCK HLDG CORP ,80706P103,36000.0,808,4.1289322875864185e-05
EVRG, EVERGY INC ,30034W106,36000.0,498,4.1289322875864185e-05
EXPO, EXPONENT INC ,30214U102,36000.0,520,4.1289322875864185e-05
VECO, VEECO INSTRS INC DEL ,922417100,36000.0,1251,4.1289322875864185e-05
CWT, CALIFORNIA WTR SVC GROUP ,130788102,35000.0,806,4.0142397240423515e-05
ATEC, ALPHATEC HLDGS INC ,02081G201,35000.0,1647,4.0142397240423515e-05
EYE, NATIONAL VISION HLDGS INC ,63845R107,35000.0,1366,4.0142397240423515e-05
IOSP, INNOSPEC INC ,45768S105,35000.0,457,4.0142397240423515e-05
SXI, STANDEX INTL CORP ,854231107,35000.0,162,4.0142397240423515e-05
TARS, TARSUS PHARMACEUTICALS INC ,87650L103,35000.0,433,4.0142397240423515e-05
LTC, LTC PPTYS INC ,502175102,35000.0,1011,4.0142397240423515e-05
MIRM, MIRUM PHARMACEUTICALS INC ,604749101,35000.0,444,4.0142397240423515e-05
HI, HILLENBRAND INC ,431571108,35000.0,1113,4.0142397240423515e-05
CUCA, AVIS BUDGET GROUP ,053774105,35000.0,270,4.0142397240423515e-05
CSR, CENTERSPACE ,15202L107,35000.0,523,4.0142397240423515e-05
OMCL, OMNICELL COM ,68213N109,35000.0,773,4.0142397240423515e-05
XRAY, DENTSPLY SIRONA INC ,24906P109,35000.0,3020,4.0142397240423515e-05
KOS, KOSMOS ENERGY LTD ,500688106,35000.0,38856,4.0142397240423515e-05
TRMK, TRUSTMARK CORP ,898402102,35000.0,891,4.0142397240423515e-05
DBRG, DIGITALBRIDGE GROUP INC ,25401T603,35000.0,2254,4.0142397240423515e-05
CAC, CAMDEN NATL CORP ,133034108,35000.0,800,4.0142397240423515e-05
KN, KNOWLES CORP ,49926D109,35000.0,1616,4.0142397240423515e-05
OI, O-I GLASS INC ,67098H104,34000.0,2279,3.8995471604982844e-05
RH, RH ,74967X103,34000.0,190,3.8995471604982844e-05
VIRT, VIRTU FINL INC ,928254101,34000.0,1020,3.8995471604982844e-05
AWN, ADVANCE AUTO PARTS INC ,00751Y106,34000.0,863,3.8995471604982844e-05
CLB, CORE LABORATORIES INC ,21867A105,34000.0,2091,3.8995471604982844e-05
FMC, FMC CORP ,302491303,34000.0,2428,3.8995471604982844e-05
BGC, BGC GROUP INC ,088929104,34000.0,3824,3.8995471604982844e-05
LEVI, LEVI STRAUSS & CO NEW ,52736R102,34000.0,1642,3.8995471604982844e-05
WMG, WARNER MUSIC GROUP CORP ,934550203,34000.0,1100,3.8995471604982844e-05
LX, LEXINFINTECH HLDGS LTD ,528877103,34000.0,10387,3.8995471604982844e-05
CRVL, CORVEL CORP ,221006109,34000.0,508,3.8995471604982844e-05
CXT, CRANE NXT CO ,224441105,34000.0,728,3.8995471604982844e-05
XMTR, XOMETRY INC ,98423F109,34000.0,574,3.8995471604982844e-05
FBK, FB FINL CORP ,30257X104,34000.0,605,3.8995471604982844e-05
COCO, VITA COCO CO INC ,92846Q107,33000.0,621,3.7848545969542174e-05
EFSC, ENTERPRISE FINL SVCS CORP ,293712105,33000.0,617,3.7848545969542174e-05
PENN, PENN ENTERTAINMENT INC ,707569109,33000.0,2231,3.7848545969542174e-05
ROG, ROGERS CORP ,775133101,33000.0,360,3.7848545969542174e-05
DAVE, DAVE INC ,23834J201,33000.0,149,3.7848545969542174e-05
SLGN, SILGAN HLDGS INC ,827048109,33000.0,813,3.7848545969542174e-05
MLCO, MELCO RESORTS AND ENTMNT LTD ,585464100,33000.0,4336,3.7848545969542174e-05
YELP, YELP INC ,985817105,33000.0,1085,3.7848545969542174e-05
SUPN, SUPERNUS PHARMACEUTICALS INC ,868459108,33000.0,668,3.7848545969542174e-05
SPHR, SPHERE ENTERTAINMENT CO ,55826T102,33000.0,347,3.7848545969542174e-05
CENX, CENTURY ALUM CO ,156431108,32000.0,811,3.67016203341015e-05
BEAM, BEAM THERAPEUTICS INC ,07373V105,32000.0,1152,3.67016203341015e-05
SMG, SCOTTS MIRACLE-GRO CO ,810186106,32000.0,541,3.67016203341015e-05
ARCB, ARCBEST CORP ,03937C105,32000.0,438,3.67016203341015e-05
PLUN, PLUG POWER INC ,72919P202,32000.0,15994,3.67016203341015e-05
ATKR, ATKORE INC ,047649108,32000.0,500,3.67016203341015e-05
APGE, APOGEE THERAPEUTICS INC ,03770N101,32000.0,429,3.67016203341015e-05
ATRC, ATRICURE INC ,04963C209,32000.0,797,3.67016203341015e-05
PHIN, PHINIA INC ,71880K101,32000.0,506,3.67016203341015e-05
NMRK, NEWMARK GROUP INC ,65158N102,32000.0,1850,3.67016203341015e-05
SEI, SOLARIS ENERGY INFRAS INC ,83418M103,32000.0,695,3.67016203341015e-05
ECPG, ENCORE CAP GROUP INC ,292554102,32000.0,595,3.67016203341015e-05
CUBI, CUSTOMERS BANCORP INC ,23204G100,32000.0,432,3.67016203341015e-05
ADEA, ADEIA INC ,00676P107,32000.0,1846,3.67016203341015e-05
DK, DELEK US HLDGS INC NEW ,24665A103,32000.0,1066,3.67016203341015e-05
CBZ, CBIZ INC ,124805102,32000.0,638,3.67016203341015e-05
KALU, KAISER ALUMINUM CORP ,483007704,31000.0,273,3.555469469866083e-05
OII, OCEANEERING INTL INC ,675232102,31000.0,1289,3.555469469866083e-05
HG, HAMILTON INSURANCE GROUP LTD ,G42706104,31000.0,1114,3.555469469866083e-05
TNET, TRINET GROUP INC ,896288107,31000.0,531,3.555469469866083e-05
JOE, ST JOE CO ,790148100,31000.0,515,3.555469469866083e-05
PBH, PRESTIGE CONSMR HEALTHCARE I ,74112D101,31000.0,504,3.555469469866083e-05
PTON, PELOTON INTERACTIVE INC ,70614W100,31000.0,5070,3.555469469866083e-05
IMAX, IMAX CORP ,45245E109,31000.0,837,3.555469469866083e-05
VICR, VICOR CORP ,925815102,31000.0,279,3.555469469866083e-05
BBAI, BIGBEAR AI HLDGS INC ,08975B109,31000.0,5693,3.555469469866083e-05
WD, WALKER & DUNLOP INC ,93148P102,31000.0,514,3.555469469866083e-05
DV, DOUBLEVERIFY HLDGS INC ,25862V105,30000.0,2664,3.440776906322016e-05
UNFI, UNITED NAT FOODS INC ,911163103,30000.0,904,3.440776906322016e-05
SONO, SONOS INC ,83570H108,30000.0,1687,3.440776906322016e-05
TILE, INTERFACE INC ,458665304,30000.0,1070,3.440776906322016e-05
GOLF, ACUSHNET HLDGS CORP ,005098108,30000.0,373,3.440776906322016e-05
NGVT, INGEVITY CORP ,45688C107,30000.0,515,3.440776906322016e-05
NUVB, NUVATION BIO INC ,67080N101,30000.0,3328,3.440776906322016e-05
DNLI, DENALI THERAPEUTICS INC ,24823R105,30000.0,1833,3.440776906322016e-05
PGNY, PROGYNY INC ,74340E103,30000.0,1179,3.440776906322016e-05
QDEL, QUIDELORTHO CORP ,219798105,30000.0,1052,3.440776906322016e-05
LQDA, LIQUIDIA CORPORATION ,53635D202,30000.0,863,3.440776906322016e-05
ASGN, ASGN INC ,00191U102,30000.0,627,3.440776906322016e-05
CHEF, CHEFS WHSE INC ,163086101,30000.0,484,3.440776906322016e-05
ADUS, ADDUS HOMECARE CORP ,006739106,30000.0,282,3.440776906322016e-05
WEN, WENDYS CO ,95058W100,30000.0,3571,3.440776906322016e-05
SYNA, SYNAPTICS INC ,87157D109,29000.0,390,3.3260843427779485e-05
DJT, TRUMP MEDIA & TECHNOLOGY GRO ,25400Q105,29000.0,2220,3.3260843427779485e-05
VAC, MARRIOTT VACATIONS WORLDWIDE ,57164Y107,29000.0,511,3.3260843427779485e-05
SLNO, SOLENO THERAPEUTICS INC ,834203309,29000.0,633,3.3260843427779485e-05
PBF, PBF ENERGY INC ,69318G106,29000.0,1061,3.3260843427779485e-05
ALRM, ALARM COM HLDGS INC ,011642105,29000.0,567,3.3260843427779485e-05
ACLS, AXCELIS TECHNOLOGIES INC ,054540208,29000.0,366,3.3260843427779485e-05
GBTG, GLOBAL BUSINESS TRAVEL GROUP ,37890B100,29000.0,3772,3.3260843427779485e-05
MSGS, MADISON SQUARE GRDN SPRT COR ,55825T103,29000.0,114,3.3260843427779485e-05
BHE, BENCHMARK ELECTRS INC ,08160H101,29000.0,687,3.3260843427779485e-05
CENX, CENTURY ALUM CO ,156431108,29000.0,731,3.3260843427779485e-05
LC, LENDINGCLUB CORP ,52603A208,29000.0,1528,3.3260843427779485e-05
OGN, ORGANON & CO ,68622V106,29000.0,4109,3.3260843427779485e-05
WRBY, WARBY PARKER INC ,93403J106,29000.0,1340,3.3260843427779485e-05
MD, PEDIATRIX MEDICAL GROUP INC ,58502B106,29000.0,1339,3.3260843427779485e-05
CECO, CECO ENVIRONMENTAL CORP ,125141101,28000.0,462,3.2113917792338814e-05
JXC1, ZIFF DAVIS INC ,48123V102,28000.0,796,3.2113917792338814e-05
LOAR, LOAR HOLDINGS INC ,53947R105,28000.0,411,3.2113917792338814e-05
0J7Q, IAC INC ,44891N208,28000.0,717,3.2113917792338814e-05
RELY, REMITLY GLOBAL INC ,75960P104,28000.0,2052,3.2113917792338814e-05
GBX, GREENBRIER COS INC ,393657101,28000.0,592,3.2113917792338814e-05
BWIN, THE BALDWIN INSURANCE GRP IN ,05589G102,28000.0,1159,3.2113917792338814e-05
PBR, PETROLEO BRASILEIRO SA PETRO ,71654V408,28000.0,2342,3.2113917792338814e-05
WOR, WORTHINGTON ENTERPRISES INC ,981811102,28000.0,538,3.2113917792338814e-05
NBTB, NBT BANCORP INC ,628778102,28000.0,674,3.2113917792338814e-05
IRDM, IRIDIUM COMMUNICATIONS INC ,46269C102,28000.0,1629,3.2113917792338814e-05
DCO, DUCOMMUN INC DEL ,264147109,28000.0,297,3.2113917792338814e-05
ACMR, ACM RESH INC ,00108J109,28000.0,708,3.2113917792338814e-05
CAKE, CHEESECAKE FACTORY INC ,163072101,28000.0,563,3.2113917792338814e-05
PBI, PITNEY BOWES INC ,724479100,28000.0,2667,3.2113917792338814e-05
SRPT, SAREPTA THERAPEUTICS INC ,803607100,28000.0,1324,3.2113917792338814e-05
PRGO, PERRIGO CO PLC ,G97822103,28000.0,2011,3.2113917792338814e-05
ICFI, ICF INTL INC ,44925C103,28000.0,323,3.2113917792338814e-05
VRDN, VIRIDIAN THERAPEUTICS INC ,92790C104,28000.0,896,3.2113917792338814e-05
POWI, POWER INTEGRATIONS INC ,739276103,27000.0,757,3.0966992156898144e-05
CASH, PATHWARD FINANCIAL INC ,59100U108,27000.0,384,3.0966992156898144e-05
QUBT, QUANTUM COMPUTING INC ,74766W108,27000.0,2626,3.0966992156898144e-05
SFNC, SIMMONS 1ST NATL CORP ,828730200,27000.0,1440,3.0966992156898144e-05
SMR, NUSCALE PWR CORP ,67079K100,27000.0,1904,3.0966992156898144e-05
AZTA, AZENTA INC ,114340102,27000.0,798,3.0966992156898144e-05
VERA, VERA THERAPEUTICS INC ,92337R101,27000.0,539,3.0966992156898144e-05
HE, HAWAIIAN ELEC INDUSTRIES ,419870100,27000.0,2212,3.0966992156898144e-05
OCUL, OCULAR THERAPEUTIX INC ,67576A100,27000.0,2198,3.0966992156898144e-05
PARR, PAR PAC HOLDINGS INC ,69888T207,27000.0,769,3.0966992156898144e-05
PPTA, PERPETUA RESOURCES CORP ,714266103,27000.0,1113,3.0966992156898144e-05
ACMR, ACM RESH INC ,00108J109,27000.0,675,3.0966992156898144e-05
SILA, SILA REALTY TRUST INC ,146280508,27000.0,1156,3.0966992156898144e-05
DVAX, DYNAVAX TECHNOLOGIES CORP ,268158201,27000.0,1752,3.0966992156898144e-05
EE, EXCELERATE ENERGY INC ,30069T101,27000.0,945,3.0966992156898144e-05
TLV, GRUPO TELEVISA S A B ,40049J206,27000.0,9402,3.0966992156898144e-05
CTRI, CENTURI HOLDINGS INC ,155923105,26000.0,1034,2.982006652145747e-05
AORT, ARTIVION INC ,228903100,26000.0,577,2.982006652145747e-05
AAOI, APPLIED OPTOELECTRONICS INC ,03823U102,26000.0,733,2.982006652145747e-05
GRBK, GREEN BRICK PARTNERS INC ,392709101,26000.0,409,2.982006652145747e-05
IRON, DISC MEDICINE INC ,254604101,26000.0,329,2.982006652145747e-05
COLM, COLUMBIA SPORTSWEAR CO ,198516106,26000.0,463,2.982006652145747e-05
RCUS, ARCUS BIOSCIENCES INC ,03969F109,26000.0,1105,2.982006652145747e-05
LNN, LINDSAY CORP ,535555106,26000.0,223,2.982006652145747e-05
WLDN, WILLDAN GROUP INC ,96924N100,26000.0,255,2.982006652145747e-05
ENOV, ENOVIS CORPORATION ,194014502,26000.0,962,2.982006652145747e-05
MODG, TOPGOLF CALLAWAY BRANDS CORP ,131193104,26000.0,2222,2.982006652145747e-05
WT, WISDOMTREE INC ,97717P104,26000.0,2118,2.982006652145747e-05
XNET, XUNLEI LTD ,98419E108,26000.0,3624,2.982006652145747e-05
IBCP, INDEPENDENT BK CORP MICH ,453838609,25000.0,759,2.86731408860168e-05
BANF, BANCFIRST CORP ,05945F103,25000.0,236,2.86731408860168e-05
MNKD, MANNKIND CORP ,56400P706,25000.0,4340,2.86731408860168e-05
WLK, WESTLAKE CORPORATION ,960413102,25000.0,338,2.86731408860168e-05
STBA, S & T BANCORP INC ,783859101,25000.0,648,2.86731408860168e-05
FRHC, FREEDOM HLDG CORP NEV ,356390104,25000.0,207,2.86731408860168e-05
UTL, UNITIL CORP ,913259107,25000.0,514,2.86731408860168e-05
DGII, DIGI INTL INC ,253798102,25000.0,575,2.86731408860168e-05
AVPT, AVEPOINT INC ,053604104,25000.0,1799,2.86731408860168e-05
PRCT, PROCEPT BIOROBOTICS CORP ,74276L105,25000.0,798,2.86731408860168e-05
VVX, V2X INC ,92242T101,25000.0,452,2.86731408860168e-05
MBLY, MOBILEYE GLOBAL INC ,60741F104,25000.0,2391,2.86731408860168e-05
OFG, OFG BANCORP ,67103X102,25000.0,620,2.86731408860168e-05
MCY, MERCURY GENL CORP NEW ,589400100,25000.0,270,2.86731408860168e-05
FRSH, FRESHWORKS INC ,358054104,25000.0,2017,2.86731408860168e-05
HWC, HANCOCK WHITNEY CORPORATION ,410120109,25000.0,398,2.86731408860168e-05
TWST, TWIST BIOSCIENCE CORP ,90184D100,25000.0,780,2.86731408860168e-05
SEDG, SOLAREDGE TECHNOLOGIES INC ,83417M104,25000.0,875,2.86731408860168e-05
CMG, CHIPOTLE MEXICAN GRILL INC ,169656105,25000.0,665,2.86731408860168e-05
GL, GLOBE LIFE INC ,37959E102,25000.0,177,2.86731408860168e-05
COTY, COTY INC ,222070203,25000.0,8064,2.86731408860168e-05
UFPT, UFP TECHNOLOGIES INC ,902673102,25000.0,111,2.86731408860168e-05
HLMN, HILLMAN SOLUTIONS CORP ,431636109,25000.0,2935,2.86731408860168e-05
REAL, THE REALREAL INC ,88339P101,25000.0,1606,2.86731408860168e-05
IBOC, INTERNATIONAL BANCSHARES COR ,459044103,25000.0,374,2.86731408860168e-05
FCF, FIRST COMWLTH FINL CORP PA ,319829107,25000.0,1506,2.86731408860168e-05
RARE, ULTRAGENYX PHARMACEUTICAL IN ,90400D108,25000.0,1086,2.86731408860168e-05
CLDX, CELLDEX THERAPEUTICS INC NEW ,15117B202,25000.0,921,2.86731408860168e-05
IIPR, INNOVATIVE INDL PPTYS INC ,45781V101,25000.0,537,2.86731408860168e-05
RAMP, LIVERAMP HLDGS INC ,53815P108,25000.0,863,2.86731408860168e-05
HBNC, HORIZON BANCORP INC ,440407104,25000.0,1482,2.86731408860168e-05
ALK, ALASKA AIR GROUP INC ,011659109,25000.0,504,2.86731408860168e-05
ACLX, ARCELLX INC ,03940C100,24000.0,366,2.7526215250576126e-05
IPGP, IPG PHOTONICS CORP ,44980X109,24000.0,339,2.7526215250576126e-05
FA, FIRST ADVANTAGE CORP NEW ,31846B108,24000.0,1658,2.7526215250576126e-05
GTLS, CHART INDS INC ,16115Q308,24000.0,116,2.7526215250576126e-05
NEO, NEOGENOMICS INC ,64049M209,24000.0,2035,2.7526215250576126e-05
LUNR, INTUITIVE MACHINES INC ,46125A100,24000.0,1468,2.7526215250576126e-05
TDW, TIDEWATER INC NEW ,88642R109,24000.0,471,2.7526215250576126e-05
RXO, RXO INC ,74982T103,24000.0,1936,2.7526215250576126e-05
LZB, LA Z BOY INC ,505336107,24000.0,648,2.7526215250576126e-05
NWL, NEWELL BRANDS INC ,651229106,24000.0,6479,2.7526215250576126e-05
CON, CONCENTRA GROUP HOLDINGS PAR ,20603L102,24000.0,1205,2.7526215250576126e-05
NWBI, NORTHWEST BANCSHARES INC MD ,667340103,24000.0,2011,2.7526215250576126e-05
NOAH, NOAH HLDGS LTD ,65487X102,24000.0,2436,2.7526215250576126e-05
RRR, RED ROCK RESORTS INC ,75700L108,24000.0,384,2.7526215250576126e-05
NSZ, NETSCOUT SYS INC ,64115T104,24000.0,904,2.7526215250576126e-05
AAL, AMERICAN AIRLS GROUP INC ,02376R102,24000.0,1592,2.7526215250576126e-05
DYN, DYNE THERAPEUTICS INC ,26818M108,24000.0,1230,2.7526215250576126e-05
NTST, NETSTREIT CORP ,64119V303,23000.0,1296,2.6379289615135455e-05
SEM, SELECT MED HLDGS CORP ,81619Q105,23000.0,1517,2.6379289615135455e-05
HOUS, ANYWHERE REAL ESTATE INC ,75605Y106,23000.0,1650,2.6379289615135455e-05
TTI, TETRA TECHNOLOGIES INC DEL ,88162F105,23000.0,2426,2.6379289615135455e-05
RES, RPC INC ,749660106,23000.0,4225,2.6379289615135455e-05
PRDO, PERDOCEO ED CORP ,71363P106,23000.0,769,2.6379289615135455e-05
CGON, CG ONCOLOGY INC ,156944100,23000.0,565,2.6379289615135455e-05
PRKS, UNITED PARKS & RESORTS INC ,81282V100,23000.0,623,2.6379289615135455e-05
ROCK, GIBRALTAR INDS INC ,374689107,23000.0,471,2.6379289615135455e-05
PAR, PAR TECHNOLOGY CORP ,698884103,23000.0,647,2.6379289615135455e-05
HRL, HORMEL FOODS CORP ,440452100,23000.0,961,2.6379289615135455e-05
STRA, STRATEGIC ED INC ,86272C103,23000.0,291,2.6379289615135455e-05
BATRK, ATLANTA BRAVES HLDGS INC ,047726302,23000.0,583,2.6379289615135455e-05
HLIT, HARMONIC INC ,413160102,23000.0,2315,2.6379289615135455e-05
SBH, SALLY BEAUTY HLDGS INC ,79546E104,23000.0,1645,2.6379289615135455e-05
DIOD, DIODES INC ,254543101,23000.0,473,2.6379289615135455e-05
VYX, NCR VOYIX CORPORATION ,62886E108,23000.0,2281,2.6379289615135455e-05
IE, IVANHOE ELECTRIC INC ,46578C108,23000.0,1462,2.6379289615135455e-05
CNXC, CONCENTRIX CORP ,20602D101,23000.0,565,2.6379289615135455e-05
SCL, STEPAN CO ,858586100,23000.0,487,2.6379289615135455e-05
ALKT, ALKAMI TECHNOLOGY INC ,01644J108,23000.0,998,2.6379289615135455e-05
HUN, HUNTSMAN CORP ,447011107,22000.0,2192,2.523236397969478e-05
T0V, TIC SOLUTIONS INC ,00510N102,22000.0,2153,2.523236397969478e-05
AMAL, AMALGAMATED FINANCIAL CORP ,022671101,22000.0,674,2.523236397969478e-05
FLYW, FLYWIRE CORPORATION ,302492103,22000.0,1535,2.523236397969478e-05
CAL, CALERES INC ,129500104,22000.0,1810,2.523236397969478e-05
FTRE, FORTREA HLDGS INC ,34965K107,22000.0,1266,2.523236397969478e-05
ARLO, ARLO TECHNOLOGIES INC ,04206A101,22000.0,1558,2.523236397969478e-05
BHVN, BIOHAVEN LTD ,G1110E107,22000.0,1916,2.523236397969478e-05
KK0, NEXTNAV INC ,65345N106,22000.0,1352,2.523236397969478e-05
PEBO, PEOPLES BANCORP INC ,709789101,22000.0,745,2.523236397969478e-05
UTI, UNIVERSAL TECHNICAL INST INC ,913915104,22000.0,854,2.523236397969478e-05
DFIN, DONNELLEY FINL SOLUTIONS INC ,25787G100,22000.0,472,2.523236397969478e-05
LCID, LUCID GROUP INC ,549498202,22000.0,2038,2.523236397969478e-05
RSI, RUSH STREET INTERACTIVE INC ,782011100,22000.0,1138,2.523236397969478e-05
YRD, YIREN DIGITAL LTD ,98585L100,22000.0,5818,2.523236397969478e-05
SHLS, SHOALS TECHNOLOGIES GROUP IN ,82489W107,22000.0,2547,2.523236397969478e-05
VCEL, VERICEL CORP ,92346J108,22000.0,608,2.523236397969478e-05
DDS, DILLARDS INC ,254067101,22000.0,37,2.523236397969478e-05
CRI, CARTERS INC ,146229109,22000.0,674,2.523236397969478e-05
AXGN, AXOGEN INC ,05463X106,22000.0,673,2.523236397969478e-05
TNC, TENNANT CO ,880345103,22000.0,299,2.523236397969478e-05
TNDM, TANDEM DIABETES CARE INC ,875372203,22000.0,979,2.523236397969478e-05
HMN, HORACE MANN EDUCATORS CORP N ,440327104,22000.0,470,2.523236397969478e-05
AWR, AMER STATES WTR CO ,029899101,22000.0,307,2.523236397969478e-05
CARG, CARGURUS INC ,141788109,22000.0,581,2.523236397969478e-05
EEFT, EURONET WORLDWIDE INC ,298736109,22000.0,286,2.523236397969478e-05
OMC, OMNICOM GROUP INC ,681919106,22000.0,278,2.523236397969478e-05
SNDX, SYNDAX PHARMACEUTICALS INC ,87164F105,22000.0,1062,2.523236397969478e-05
MQ, MARQETA INC ,57142B104,22000.0,4621,2.523236397969478e-05
ERII, ENERGY RECOVERY INC ,29270J100,22000.0,1634,2.523236397969478e-05
LASR, NLIGHT INC ,65487K100,21000.0,559,2.408543834425411e-05
IMVT, IMMUNOVANT INC ,45258J102,21000.0,825,2.408543834425411e-05
IMNM, IMMUNOME INC ,45257U108,21000.0,963,2.408543834425411e-05
AI, C3 AI INC ,12468P104,21000.0,1592,2.408543834425411e-05
COLL, COLLEGIUM PHARMACEUTICAL INC ,19459J104,21000.0,455,2.408543834425411e-05
CCB, COASTAL FINL CORP WA ,19046P209,21000.0,186,2.408543834425411e-05
CCS, CENTURY CMNTYS INC ,156504300,21000.0,359,2.408543834425411e-05
WAFD, WAFD INC ,938824109,21000.0,659,2.408543834425411e-05
UNIT, UNITI GROUP LLC ,912932100,21000.0,3019,2.408543834425411e-05
HROW, HARROW INC ,415858109,21000.0,431,2.408543834425411e-05
SYRE, SPYRE THERAPEUTICS INC ,00773J202,21000.0,656,2.408543834425411e-05
SWK, STANLEY BLACK & DECKER INC ,854502101,21000.0,285,2.408543834425411e-05
WWW, WOLVERINE WORLD WIDE INC ,978097103,21000.0,1178,2.408543834425411e-05
PRLB, PROTO LABS INC ,743713109,21000.0,412,2.408543834425411e-05
AGM, FEDERAL AGRIC MTG CORP ,313148306,21000.0,120,2.408543834425411e-05
QCRH, QCR HOLDINGS INC ,74727A104,21000.0,254,2.408543834425411e-05
APLS, APELLIS PHARMACEUTICALS INC ,03753U106,21000.0,840,2.408543834425411e-05
CHCO, CITY HLDG CO ,177835105,21000.0,175,2.408543834425411e-05
BELFB, BEL FUSE INC ,077347300,21000.0,121,2.408543834425411e-05
ACHC, ACADIA HEALTHCARE COMPANY IN ,00404A109,21000.0,1445,2.408543834425411e-05
ARRY, ARRAY TECHNOLOGIES INC ,04271T100,21000.0,2238,2.408543834425411e-05
CSTL, CASTLE BIOSCIENCES INC ,14843C105,21000.0,538,2.408543834425411e-05
INOD, INNODATA INC ,457642205,21000.0,420,2.408543834425411e-05
VSH, VISHAY INTERTECHNOLOGY INC ,928298108,21000.0,1470,2.408543834425411e-05
FCPT, FOUR CORNERS PPTY TR INC ,35086T109,21000.0,898,2.408543834425411e-05
WINA, WINMARK CORP ,974250102,21000.0,53,2.408543834425411e-05
XPEL, XPEL INC ,98379L100,21000.0,419,2.408543834425411e-05
NVCR, NOVOCURE LTD ,G6674U108,21000.0,1619,2.408543834425411e-05
APPN, APPIAN CORP ,03782L101,20000.0,551,2.2938512708813437e-05
MXL, MAXLINEAR INC ,57776J100,20000.0,1133,2.2938512708813437e-05
ATEN, A10 NETWORKS INC ,002121101,20000.0,1152,2.2938512708813437e-05
PNTG, PENNANT GROUP INC ,70805E109,20000.0,695,2.2938512708813437e-05
AUPH, AURINIA PHARMACEUTICALS INC ,05156V102,20000.0,1242,2.2938512708813437e-05
ATRO, ASTRONICS CORP ,046433108,20000.0,376,2.2938512708813437e-05
HAFC, HANMI FINL CORP ,410495204,20000.0,744,2.2938512708813437e-05
RXRX, RECURSION PHARMACEUTICALS IN ,75629V104,20000.0,4791,2.2938512708813437e-05
OCFC, OCEANFIRST FINL CORP ,675234108,20000.0,1090,2.2938512708813437e-05
FIVN, FIVE9 INC ,338307101,20000.0,1005,2.2938512708813437e-05
PUMP, PROPETRO HLDG CORP ,74347M108,20000.0,2065,2.2938512708813437e-05
HTO, H2O AMERICA ,784305104,20000.0,399,2.2938512708813437e-05
PAYO, PAYONEER GLOBAL INC ,70451X104,20000.0,3593,2.2938512708813437e-05
FDP, FRESH DEL MONTE PRODUCE INC ,G36738105,20000.0,554,2.2938512708813437e-05
AMSC, AMERICAN SUPERCONDUCTOR CORP ,030111207,20000.0,700,2.2938512708813437e-05
UAA, UNDER ARMOUR INC ,904311107,19000.0,3861,2.1791587073372766e-05
HRMY, HARMONY BIOSCIENCES HLDGS IN ,413197104,19000.0,496,2.1791587073372766e-05
CTS, CTS CORP ,126501105,19000.0,432,2.1791587073372766e-05
VITL, VITAL FARMS INC ,92847W103,19000.0,599,2.1791587073372766e-05
GTY, GETTY RLTY CORP NEW ,374297109,19000.0,704,2.1791587073372766e-05
DBD, DIEBOLD NIXDORF INC ,253651202,19000.0,285,2.1791587073372766e-05
HLIO, HELIOS TECHNOLOGIES INC ,42328H109,19000.0,356,2.1791587073372766e-05
FLNC, FLUENCE ENERGY INC ,34379V103,19000.0,952,2.1791587073372766e-05
AGIO, AGIOS PHARMACEUTICALS INC ,00847X104,19000.0,708,2.1791587073372766e-05
BLMN, BLOOMIN BRANDS INC ,094235108,19000.0,3100,2.1791587073372766e-05
VERX, VERTEX INC ,92538J106,19000.0,969,2.1791587073372766e-05
CCOI, COGENT COMMUNICATIONS HLDGS ,19239V302,19000.0,874,2.1791587073372766e-05
SMPL, SIMPLY GOOD FOODS CO ,82900L102,19000.0,949,2.1791587073372766e-05
NEOG, NEOGEN CORP ,640491106,19000.0,2768,2.1791587073372766e-05
DCOM, DIME CMNTY BANCSHARES INC ,25432X102,19000.0,616,2.1791587073372766e-05
WGO, WINNEBAGO INDS INC ,974637100,19000.0,466,2.1791587073372766e-05
GLPI, GAMING & LEISURE PPTYS INC ,36467J108,19000.0,421,2.1791587073372766e-05
CNMD, CONMED CORP ,207410101,19000.0,460,2.1791587073372766e-05
CBL, CBL & ASSOC PPTYS INC ,124830878,19000.0,526,2.1791587073372766e-05
LEG, LEGGETT & PLATT INC ,524660107,19000.0,1709,2.1791587073372766e-05
CLMT, CALUMET INC ,131428104,19000.0,961,2.1791587073372766e-05
FSLY, FASTLY INC ,31188V100,19000.0,1844,2.1791587073372766e-05
TMC, TMC THE METALS COMPANY INC ,87261Y106,19000.0,3067,2.1791587073372766e-05
BHE, BENCHMARK ELECTRS INC ,08160H101,19000.0,454,2.1791587073372766e-05
ASAN, ASANA INC ,04342Y104,18000.0,1304,2.0644661437932092e-05
SPB, SPECTRUM BRANDS HLDGS INC NE ,84790A105,18000.0,308,2.0644661437932092e-05
CRAI, CRA INTL INC ,12618T105,18000.0,88,2.0644661437932092e-05
AMRX, AMNEAL PHARMACEUTICALS INC ,03168L105,18000.0,1421,2.0644661437932092e-05
ENVX, ENOVIX CORPORATION ,293594107,18000.0,2493,2.0644661437932092e-05
MNMD, MIND MEDICINE MINDMED INC ,60255C885,18000.0,1379,2.0644661437932092e-05
EPC, EDGEWELL PERS CARE CO ,28035Q102,18000.0,1042,2.0644661437932092e-05
AIN, ALBANY INTL CORP ,012348108,18000.0,357,2.0644661437932092e-05
MZTI, MARZETTI COMPANY ,513847103,18000.0,109,2.0644661437932092e-05
XERS, XERIS BIOPHARMA HOLDINGS INC ,98422E103,18000.0,2353,2.0644661437932092e-05
PLOW, DOUGLAS DYNAMICS INC ,25960R105,18000.0,559,2.0644661437932092e-05
FI, FISERV INC ,337738108,18000.0,268,2.0644661437932092e-05
COUR, COURSERA INC ,22266M104,18000.0,2398,2.0644661437932092e-05
EWTX, EDGEWISE THERAPEUTICS INC ,28036F105,18000.0,728,2.0644661437932092e-05
EVTC, EVERTEC INC ,30040P103,18000.0,618,2.0644661437932092e-05
DXPE, DXP ENTERPRISES INC ,233377407,18000.0,168,2.0644661437932092e-05
OS, ONESTREAM INC ,68278B107,18000.0,998,2.0644661437932092e-05
SYBT, STOCK YDS BANCORP INC ,861025104,18000.0,270,2.0644661437932092e-05
PPC, PILGRIMS PRIDE CORP ,72147K108,18000.0,460,2.0644661437932092e-05
KWR, QUAKER HOUGHTON ,747316107,18000.0,129,2.0644661437932092e-05
PDFS, PDF SOLUTIONS INC ,693282105,18000.0,627,2.0644661437932092e-05
7HP, HP INC ,40434L105,17000.0,765,1.9497735802491422e-05
BLFS, BIOLIFE SOLUTIONS INC ,09062W204,17000.0,700,1.9497735802491422e-05
NVTS, NAVITAS SEMICONDUCTOR CORP ,63942X106,17000.0,2334,1.9497735802491422e-05
ACVA, ACV AUCTIONS INC ,00091G104,17000.0,2069,1.9497735802491422e-05
TDOC, TELADOC HEALTH INC ,87918A105,17000.0,2378,1.9497735802491422e-05
PAG, PENSKE AUTOMOTIVE GRP INC ,70959W103,17000.0,107,1.9497735802491422e-05
ARDX, ARDELYX INC ,039697107,17000.0,2970,1.9497735802491422e-05
CDRE, CADRE HLDGS INC ,12763L105,17000.0,407,1.9497735802491422e-05
ASTE, ASTEC INDS INC ,046224101,17000.0,394,1.9497735802491422e-05
ANIP, ANI PHARMACEUTICALS INC ,00182C103,17000.0,216,1.9497735802491422e-05
WTTR, SELECT WATER SOLUTIONS INC ,81617J301,17000.0,1638,1.9497735802491422e-05
PZZA, PAPA JOHNS INTL INC ,698813102,17000.0,431,1.9497735802491422e-05
CDNA, CAREDX INC ,14167L103,17000.0,918,1.9497735802491422e-05
CMPO, COMPOSECURE INC ,20459V105,17000.0,875,1.9497735802491422e-05
ENR, ENERGIZER HLDGS INC NEW ,29272W109,17000.0,843,1.9497735802491422e-05
HCI, HCI GROUP INC ,40416E103,17000.0,91,1.9497735802491422e-05
ARI, APOLLO COML REAL EST FIN INC ,03762U105,17000.0,1753,1.9497735802491422e-05
MAN, MANPOWERGROUP INC WIS ,56418H100,17000.0,579,1.9497735802491422e-05
SOC, SABLE OFFSHORE CORP ,78574H104,17000.0,1908,1.9497735802491422e-05
LLYVA, LIBERTY LIVE HOLDINGS INC ,530909100,17000.0,204,1.9497735802491422e-05
THS, TREEHOUSE FOODS INC ,89469A104,17000.0,736,1.9497735802491422e-05
BCRX, BIOCRYST PHARMACEUTICALS INC ,09058V103,17000.0,2168,1.9497735802491422e-05
TRIP, TRIPADVISOR INC ,896945201,16000.0,1102,1.835081016705075e-05
RYI, RYERSON HLDG CORP ,783754104,16000.0,617,1.835081016705075e-05
SBCF, SEACOAST BKG CORP FLA ,811707801,16000.0,521,1.835081016705075e-05
PRK, PARK NATL CORP ,700658107,16000.0,102,1.835081016705075e-05
CABO, CABLE ONE INC ,12685J105,16000.0,139,1.835081016705075e-05
HCSG, HEALTHCARE SVCS GROUP INC ,421906108,16000.0,858,1.835081016705075e-05
PRAA, PRA GROUP INC ,69354N106,16000.0,890,1.835081016705075e-05
ICLR, ICON PLC ,G4705A100,16000.0,90,1.835081016705075e-05
AMLX, AMYLYX PHARMACEUTICALS INC ,03237H101,16000.0,1315,1.835081016705075e-05
SKWD, SKYWARD SPECIALTY INS GROUP ,830940102,16000.0,311,1.835081016705075e-05
CENTA, CENTRAL GARDEN & PET CO ,153527205,16000.0,537,1.835081016705075e-05
THRM, GENTHERM INC ,37253A103,16000.0,440,1.835081016705075e-05
TFIN, TRIUMPH FINANCIAL INC ,89679E300,16000.0,260,1.835081016705075e-05
NXRT, NEXPOINT RESIDENTIAL TR INC ,65341D102,16000.0,517,1.835081016705075e-05
NVRI, ENVIRI CORP ,415864107,16000.0,891,1.835081016705075e-05
HTBK, HERITAGE COMM CORP ,426927109,16000.0,1296,1.835081016705075e-05
SNAP, SNAP INC ,83304A106,16000.0,2021,1.835081016705075e-05
PAHC, PHIBRO ANIMAL HEALTH CORP ,71742Q106,16000.0,433,1.835081016705075e-05
OUST, OUSTER INC ,68989M202,16000.0,756,1.835081016705075e-05
SEZL, SEZZLE INC ,78435P105,16000.0,245,1.835081016705075e-05
MBWM, MERCANTILE BK CORP ,587376104,16000.0,338,1.835081016705075e-05
COTY, COTY INC ,222070203,16000.0,5251,1.835081016705075e-05
FBNC, FIRST BANCORP N C ,318910106,16000.0,316,1.835081016705075e-05
XIFR, XPLR INFRASTRUCTURE LP ,65341B106,16000.0,1555,1.835081016705075e-05
KREF, KKR REAL ESTATE FIN TR INC ,48251K100,16000.0,2001,1.835081016705075e-05
HZO, MARINEMAX INC ,567908108,15000.0,627,1.720388453161008e-05
LMNR, LIMONEIRA CO ,532746104,15000.0,1214,1.720388453161008e-05
AMN, AMN HEALTHCARE SVCS INC ,001744101,15000.0,923,1.720388453161008e-05
WASH, WASHINGTON TR BANCORP INC ,940610108,15000.0,503,1.720388453161008e-05
LEN/B, LENNAR CORP ,526057302,15000.0,153,1.720388453161008e-05
ZYME, ZYMEWORKS INC ,98985Y108,15000.0,558,1.720388453161008e-05
BDN, BRANDYWINE RLTY TR ,105368203,15000.0,5020,1.720388453161008e-05
IART, INTEGRA LIFESCIENCES HLDGS C ,457985208,15000.0,1181,1.720388453161008e-05
BLBD, BLUE BIRD CORP ,095306106,15000.0,325,1.720388453161008e-05
PRSU, PURSUIT ATTRACTIONS AND HOSP ,92552R406,15000.0,457,1.720388453161008e-05
CNOB, CONNECTONE BANCORP INC ,20786W107,15000.0,566,1.720388453161008e-05
DX, DYNEX CAP INC ,26817Q886,15000.0,1059,1.720388453161008e-05
MTUS, METALLUS INC ,887399103,15000.0,874,1.720388453161008e-05
PRG, PROG HOLDINGS INC ,74319R101,15000.0,521,1.720388453161008e-05
TRUP, TRUPANION INC ,898202106,15000.0,399,1.720388453161008e-05
SLVM, SYLVAMO CORP ,871332102,15000.0,312,1.720388453161008e-05
STOK, STOKE THERAPEUTICS INC ,86150R107,15000.0,476,1.720388453161008e-05
MSGE, MADISON SQUARE GARDEN ENTMT ,558256103,15000.0,278,1.720388453161008e-05
CVI, CVR ENERGY INC ,12662P108,15000.0,575,1.720388453161008e-05
HUBG, HUB GROUP INC ,443320106,15000.0,359,1.720388453161008e-05
RLAY, RELAY THERAPEUTICS INC ,75943R102,15000.0,1769,1.720388453161008e-05
UPBD, UPBOUND GROUP INC ,76009N100,15000.0,861,1.720388453161008e-05
PCT, PURECYCLE TECHNOLOGIES INC ,74623V103,15000.0,1716,1.720388453161008e-05
CTBI, COMMUNITY TR BANCORP INC ,204149108,15000.0,258,1.720388453161008e-05
CMP, COMPASS MINERALS INTL INC ,20451N101,15000.0,769,1.720388453161008e-05
SBSI, SOUTHSIDE BANCSHARES INC ,84470P109,15000.0,496,1.720388453161008e-05
EZPW, EZCORP INC ,302301106,15000.0,765,1.720388453161008e-05
ECVT, ECOVYST INC ,27923Q109,14000.0,1418,1.6056958896169407e-05
SGRY, SURGERY PARTNERS INC ,86881A100,14000.0,916,1.6056958896169407e-05
AMRC, AMERESCO INC ,02361E108,14000.0,474,1.6056958896169407e-05
PENG, PENGUIN SOLUTIONS INC ,706915105,14000.0,709,1.6056958896169407e-05
LMAT, LEMAITRE VASCULAR INC ,525558201,14000.0,169,1.6056958896169407e-05
GO, GROCERY OUTLET HLDG CORP ,39874R101,14000.0,1386,1.6056958896169407e-05
ASTH, ASTRANA HEALTH INC ,03763A207,14000.0,569,1.6056958896169407e-05
BY, BYLINE BANCORP INC ,124411109,14000.0,493,1.6056958896169407e-05
AHCO, ADAPTHEALTH CORP ,00653Q102,14000.0,1439,1.6056958896169407e-05
TLRY, TILRAY BRANDS INC ,88688T209,14000.0,1602,1.6056958896169407e-05
SMP, STANDARD MTR PRODS INC ,853666105,14000.0,383,1.6056958896169407e-05
STAA, STAAR SURGICAL CO ,852312305,14000.0,589,1.6056958896169407e-05
TE, T1 ENERGY INC ,35834F104,14000.0,2048,1.6056958896169407e-05
CXM, SPRINKLR INC ,85208T107,14000.0,1861,1.6056958896169407e-05
AAMI, ACADIAN ASSET MANAGEMENT INC ,10948W103,14000.0,294,1.6056958896169407e-05
CVLG, COVENANT LOGISTICS GROUP INC ,22284P105,14000.0,622,1.6056958896169407e-05
BZH, BEAZER HOMES USA INC ,07556Q881,14000.0,674,1.6056958896169407e-05
SCSC, SCANSOURCE INC ,806037107,14000.0,346,1.6056958896169407e-05
NTGR, NETGEAR INC ,64111Q104,14000.0,581,1.6056958896169407e-05
WLY, WILEY JOHN & SONS INC ,968223206,14000.0,461,1.6056958896169407e-05
RAPP, RAPPORT THERAPEUTICS INC ,75383L102,13000.0,420,1.4910033260728735e-05
RUSHB, RUSH ENTERPRISES INC ,781846308,13000.0,229,1.4910033260728735e-05
FIGS, FIGS INC ,30260D103,13000.0,1138,1.4910033260728735e-05
EMBC, EMBECTA CORP ,29082K105,13000.0,1080,1.4910033260728735e-05
PCRX, PACIRA BIOSCIENCES INC ,695127100,13000.0,510,1.4910033260728735e-05
PAY, PAYMENTUS HOLDINGS INC ,70439P108,13000.0,417,1.4910033260728735e-05
AMWD, AMERICAN WOODMARK CORPORATIO ,030506109,13000.0,249,1.4910033260728735e-05
USLM, UNITED STS LIME & MINERALS I ,911922102,13000.0,111,1.4910033260728735e-05
NSSC, NAPCO SEC TECHNOLOGIES INC ,630402105,13000.0,303,1.4910033260728735e-05
ARR, ARMOUR RESIDENTIAL REIT INC ,042315705,13000.0,762,1.4910033260728735e-05
FLGT, FULGENT GENETICS INC ,359664109,13000.0,500,1.4910033260728735e-05
EXPI, EXP WORLD HLDGS INC ,30212W100,13000.0,1386,1.4910033260728735e-05
LFST, LIFESTANCE HEALTH GROUP INC ,53228F101,13000.0,1865,1.4910033260728735e-05
HNGE, HINGE HEALTH INC ,433313103,13000.0,270,1.4910033260728735e-05
ABR, ARBOR REALTY TRUST INC ,038923108,13000.0,1661,1.4910033260728735e-05
RCAT, RED CAT HLDGS INC ,75644T100,13000.0,1611,1.4910033260728735e-05
HLF, HERBALIFE LTD ,G4412G101,13000.0,1042,1.4910033260728735e-05
NNE, NANO NUCLEAR ENERGY INC ,63010H108,13000.0,556,1.4910033260728735e-05
BOKF, BOK FINL CORP ,05561Q201,13000.0,113,1.4910033260728735e-05
GEF/B, GREIF INC ,397624206,13000.0,171,1.4910033260728735e-05
TRS, TRIMAS CORP ,896215209,13000.0,363,1.4910033260728735e-05
NTLA, INTELLIA THERAPEUTICS INC ,45826J105,13000.0,1422,1.4910033260728735e-05
PRA, PROASSURANCE CORP ,74267C106,13000.0,552,1.4910033260728735e-05
SDGR, SCHRODINGER INC ,80810D103,13000.0,754,1.4910033260728735e-05
AVNS, AVANOS MED INC ,05350V106,13000.0,1175,1.4910033260728735e-05
AMPX, AMPRIUS TECHNOLOGIES INC ,03214Q108,13000.0,1620,1.4910033260728735e-05
KOP, KOPPERS HOLDINGS INC ,50060P106,13000.0,497,1.4910033260728735e-05
ALNT, ALLIENT INC ,019330109,12000.0,223,1.3763107625288063e-05
WS, WORTHINGTON STL INC ,982104101,12000.0,355,1.3763107625288063e-05
NPKI, NPK INTERNATIONAL INC ,651718504,12000.0,1000,1.3763107625288063e-05
NSP, INSPERITY INC ,45778Q107,12000.0,307,1.3763107625288063e-05
AHH, ARMADA HOFFLER PPTYS INC ,04208T108,12000.0,1788,1.3763107625288063e-05
HTH, HILLTOP HOLDINGS INC ,432748101,12000.0,363,1.3763107625288063e-05
SAM, BOSTON BEER INC ,100557107,12000.0,62,1.3763107625288063e-05
FRME, FIRST MERCHANTS CORP ,320817109,12000.0,320,1.3763107625288063e-05
NABL, N-ABLE INC ,62878D100,12000.0,1667,1.3763107625288063e-05
OSPN, ONESPAN INC ,68287N100,12000.0,902,1.3763107625288063e-05
WSR, WHITESTONE REIT ,966084204,12000.0,853,1.3763107625288063e-05
YEXT, YEXT INC ,98585N106,12000.0,1508,1.3763107625288063e-05
SIBN, SI-BONE INC ,825704109,12000.0,598,1.3763107625288063e-05
SEMR, SEMRUSH HLDGS INC ,81686C104,12000.0,1042,1.3763107625288063e-05
GERN, GERON CORP ,374163103,12000.0,9169,1.3763107625288063e-05
FUBO, FUBOTV INC ,35953D104,12000.0,4627,1.3763107625288063e-05
CCO, CLEAR CHANNEL OUTDOOR HLDGS ,18453H106,12000.0,5530,1.3763107625288063e-05
NHC, NATIONAL HEALTHCARE CORP ,635906100,12000.0,88,1.3763107625288063e-05
MATW, MATTHEWS INTL CORP ,577128101,12000.0,448,1.3763107625288063e-05
AMPL, AMPLITUDE INC ,03213A104,12000.0,1044,1.3763107625288063e-05
UCTT, ULTRA CLEAN HLDGS INC ,90385V107,12000.0,483,1.3763107625288063e-05
ANAB, ANAPTYSBIO INC ,032724106,12000.0,238,1.3763107625288063e-05
MBC, MASTERBRAND INC ,57638P104,12000.0,1132,1.3763107625288063e-05
ALIT, ALIGHT INC ,01626W101,12000.0,6088,1.3763107625288063e-05
LMB, LIMBACH HLDGS INC ,53263P105,12000.0,155,1.3763107625288063e-05
LOB, LIVE OAK BANCSHARES INC ,53803X105,12000.0,348,1.3763107625288063e-05
CARS, CARS COM INC ,14575E105,12000.0,976,1.3763107625288063e-05
AMR, ALPHA METALLURGICAL RESOUR I ,020764106,12000.0,62,1.3763107625288063e-05
CLOV, CLOVER HEALTH INVESTMENTS CO ,18914F103,12000.0,5240,1.3763107625288063e-05
DAKT, DAKTRONICS INC ,234264109,12000.0,595,1.3763107625288063e-05
I9DN, ARBUTUS BIOPHARMA CORP ,03879J100,12000.0,2399,1.3763107625288063e-05
LZ, LEGALZOOM COM INC ,52466B103,12000.0,1256,1.3763107625288063e-05
CRMD, CORMEDIX INC ,21900C308,12000.0,1034,1.3763107625288063e-05
NEXT, NEXTDECADE CORP ,65342K105,11000.0,2056,1.261618198984739e-05
KFRC, KFORCE INC ,493732101,11000.0,344,1.261618198984739e-05
ARVN, ARVINAS INC ,04335A105,11000.0,905,1.261618198984739e-05
RDW, REDWIRE CORPORATION ,75776W103,11000.0,1411,1.261618198984739e-05
NVAX, NOVAVAX INC ,670002401,11000.0,1630,1.261618198984739e-05
USM, ARRAY DIGITAL INFRASTRUCTURE ,911684108,11000.0,211,1.261618198984739e-05
SHEN, SHENANDOAH TELECOMMUNICATION ,82312B106,11000.0,962,1.261618198984739e-05
EVLV, EVOLV TECHNOLOGIES HLDNGS IN ,30049H102,11000.0,1511,1.261618198984739e-05
VOD, VODAFONE GROUP PLC NEW ,92857W308,11000.0,810,1.261618198984739e-05
VSTS, VESTIS CORPORATION ,29430C102,11000.0,1664,1.261618198984739e-05
UVSP, UNIVEST FINANCIAL CORPORATIO ,915271100,11000.0,334,1.261618198984739e-05
GCI, USA TODAY CO INC ,36472T109,11000.0,2059,1.261618198984739e-05
ATAI, ATAI BECKLEY NV ,N0731H103,11000.0,2619,1.261618198984739e-05
GRC, GORMAN RUPP CO ,383082104,11000.0,226,1.261618198984739e-05
RBBN, RIBBON COMMUNICATIONS INC ,762544104,11000.0,3904,1.261618198984739e-05
AMC, AMC ENTMT HLDGS INC ,00165C302,11000.0,7101,1.261618198984739e-05
XNCR, XENCOR INC ,98401F105,11000.0,690,1.261618198984739e-05
MYGN, MYRIAD GENETICS INC ,62855J104,11000.0,1860,1.261618198984739e-05
MMI, MARCUS & MILLICHAP INC ,566324109,11000.0,407,1.261618198984739e-05
NUTX, NUTEX HEALTH INC ,67079U306,11000.0,65,1.261618198984739e-05
MEG, MONTROSE ENVIRONMENTAL GROUP ,615111101,11000.0,456,1.261618198984739e-05
BFC, BANK FIRST CORP ,06211J100,11000.0,90,1.261618198984739e-05
TDUP, THREDUP INC ,88556E102,11000.0,1647,1.261618198984739e-05
REX, REX AMERICAN RES CORP ,761624105,10000.0,305,1.1469256354406718e-05
RYN, RAYONIER INC ,754907103,10000.0,443,1.1469256354406718e-05
SKYW, SKYWEST INC ,830879102,10000.0,98,1.1469256354406718e-05
TH, TARGET HOSPITALITY CORP ,87615L107,10000.0,1240,1.1469256354406718e-05
OBK, ORIGIN BANCORP INC ,68621T102,10000.0,265,1.1469256354406718e-05
UNF, UNIFIRST CORP MASS ,904708104,10000.0,52,1.1469256354406718e-05
TMP, TOMPKINS FINL CORP ,890110109,10000.0,131,1.1469256354406718e-05
PHAT, PHATHOM PHARMACEUTICALS INC ,71722W107,10000.0,604,1.1469256354406718e-05
AMRK, GOLD COM INC ,00181T107,10000.0,300,1.1469256354406718e-05
ELVN, ENLIVEN THERAPEUTICS INC ,29337E102,10000.0,635,1.1469256354406718e-05
QNST, QUINSTREET INC ,74874Q100,10000.0,672,1.1469256354406718e-05
SG, SWEETGREEN INC ,87043Q108,10000.0,1466,1.1469256354406718e-05
AIV, APARTMENT INVT & MGMT CO ,03748R747,10000.0,1736,1.1469256354406718e-05
DHC, DIVERSIFIED HEALTHCARE TR ,25525P107,10000.0,2035,1.1469256354406718e-05
NX, QUANEX BLDG PRODS CORP ,747619104,10000.0,665,1.1469256354406718e-05
LQDT, LIQUIDITY SVCS INC ,53635B107,10000.0,332,1.1469256354406718e-05
KALV, KALVISTA PHARMACEUTICALS INC ,483497103,10000.0,613,1.1469256354406718e-05
AESI, ATLAS ENERGY SOLUTIONS INC ,642045108,10000.0,1053,1.1469256354406718e-05
IPAR, INTERPARFUMS INC ,458334109,10000.0,123,1.1469256354406718e-05
TROX, TRONOX HOLDINGS PLC ,G9087Q102,10000.0,2410,1.1469256354406718e-05
HFWA, HERITAGE FINL CORP WASH ,42722X106,10000.0,427,1.1469256354406718e-05
KEX, KIRBY CORP ,497266106,10000.0,95,1.1469256354406718e-05
MATX, MATSON INC ,57686G105,10000.0,84,1.1469256354406718e-05
ROOT, ROOT INC ,77664L207,10000.0,132,1.1469256354406718e-05
MLTX, MOONLAKE IMMUNOTHERAPEUTICS ,61559X104,10000.0,732,1.1469256354406718e-05
HPP, HUDSON PAC PPTYS INC ,444097406,9000.0,876,1.0322330718966046e-05
SAH, SONIC AUTOMOTIVE INC ,83545G102,9000.0,150,1.0322330718966046e-05
SABR, SABRE CORP ,78573M104,9000.0,6265,1.0322330718966046e-05
FMBH, FIRST MID ILL BANCSHARES INC ,320866106,9000.0,235,1.0322330718966046e-05
SVV, SAVERS VALUE VLG INC ,80517M109,9000.0,982,1.0322330718966046e-05
APOG, APOGEE ENTERPRISES INC ,037598109,9000.0,256,1.0322330718966046e-05
CBRL, CRACKER BARREL OLD CTRY STOR ,22410J106,9000.0,351,1.0322330718966046e-05
MCB, METROPOLITAN BK HLDG CORP ,591774104,9000.0,115,1.0322330718966046e-05
RPD, RAPID7 INC ,753422104,9000.0,571,1.0322330718966046e-05
WEAV, WEAVE COMMUNICATIONS INC ,94724R108,9000.0,1242,1.0322330718966046e-05
FWRD, FORWARD AIR CORP ,34986A104,9000.0,352,1.0322330718966046e-05
TNGX, TANGO THERAPEUTICS INC ,87583X109,9000.0,1025,1.0322330718966046e-05
HOPE, HOPE BANCORP INC ,43940T109,9000.0,791,1.0322330718966046e-05
SLDP, SOLID POWER INC ,83422N105,9000.0,2209,1.0322330718966046e-05
AMPH, AMPHASTAR PHARMACEUTICALS IN ,03209R103,9000.0,328,1.0322330718966046e-05
SANA, SANA BIOTECHNOLOGY INC ,799566104,9000.0,2281,1.0322330718966046e-05
AMTB, AMERANT BANCORP INC ,023576101,9000.0,445,1.0322330718966046e-05
MSEX, MIDDLESEX WTR CO ,596680108,9000.0,187,1.0322330718966046e-05
BKSY, BLACKSKY TECHNOLOGY INC ,09263B207,9000.0,497,1.0322330718966046e-05
BV, BRIGHTVIEW HLDGS INC ,10948C107,9000.0,688,1.0322330718966046e-05
CWH, CAMPING WORLD HLDGS INC ,13462K109,9000.0,965,1.0322330718966046e-05
MFA, MFA FINL INC ,55272X607,9000.0,1001,1.0322330718966046e-05
MCW, MISTER CAR WASH INC ,60646V105,9000.0,1539,1.0322330718966046e-05
INN, SUMMIT HOTEL PPTYS INC ,866082100,9000.0,1835,1.0322330718966046e-05
THR, THERMON GROUP HLDGS INC ,88362T103,9000.0,238,1.0322330718966046e-05
FLB, STANDARD BIOTOOLS INC ,34385P108,9000.0,6664,1.0322330718966046e-05
USPH, U S PHYSICAL THERAPY ,90337L108,9000.0,110,1.0322330718966046e-05
NAVI, NAVIENT CORPORATION ,63938C108,9000.0,656,1.0322330718966046e-05
IOVA, IOVANCE BIOTHERAPEUTICS INC ,462260100,9000.0,3196,1.0322330718966046e-05
ACEL, ACCEL ENTERTAINMENT INC ,00436Q106,9000.0,777,1.0322330718966046e-05
ADTN, ADTRAN HOLDINGS INC ,00486H105,9000.0,994,1.0322330718966046e-05
SCHL, SCHOLASTIC CORP ,807066105,9000.0,306,1.0322330718966046e-05
BLND, BLEND LABS INC ,09352U108,9000.0,2838,1.0322330718966046e-05
AIOT, POWERFLEET INC ,73931J109,9000.0,1715,1.0322330718966046e-05
INVA, INNOVIVA INC ,45781M101,9000.0,431,1.0322330718966046e-05
NNI, NELNET INC ,64031N108,9000.0,65,1.0322330718966046e-05
HTZ, HERTZ GLOBAL HLDGS INC ,42806J700,9000.0,1845,1.0322330718966046e-05
NIC, NICOLET BANKSHARES INC ,65406E102,9000.0,73,1.0322330718966046e-05
ETD, ETHAN ALLEN INTERIORS INC ,297602104,9000.0,407,1.0322330718966046e-05
PLAY, DAVE & BUSTERS ENTMT INC ,238337109,9000.0,537,1.0322330718966046e-05
RWT, REDWOOD TRUST INC ,758075402,9000.0,1540,1.0322330718966046e-05
FOXF, FOX FACTORY HLDG CORP ,35138V102,9000.0,531,1.0322330718966046e-05
DNTH, DIANTHUS THERAPEUTICS INC ,252828108,9000.0,216,1.0322330718966046e-05
GOGO, GOGO INC ,38046C109,8000.0,1784,9.175405083525376e-06
PRCH, PORCH GROUP INC ,733245104,8000.0,874,9.175405083525376e-06
UTZ, UTZ BRANDS INC ,918090101,8000.0,768,9.175405083525376e-06
FWRG, FIRST WATCH RESTAURANT GROUP ,33748L101,8000.0,502,9.175405083525376e-06
KURA, KURA ONCOLOGY INC ,50127T109,8000.0,763,9.175405083525376e-06
BTBT, BIT DIGITAL INC ,G1144A105,8000.0,4199,9.175405083525376e-06
TREE, LENDINGTREE INC NEW ,52603B107,8000.0,152,9.175405083525376e-06
GDYN, GRID DYNAMICS HLDGS INC ,39813G109,8000.0,930,9.175405083525376e-06
BRSP, BRIGHTSPIRE CAPITAL INC ,10949T109,8000.0,1473,9.175405083525376e-06
AOSL, ALPHA & OMEGA SEMICONDUCTOR ,G6331P104,8000.0,414,9.175405083525376e-06
ADNT, ADIENT PLC ,G0084W101,8000.0,438,9.175405083525376e-06
FSBC, FIVE STAR BANCORP ,33830T103,8000.0,229,9.175405083525376e-06
IDT, IDT CORP ,448947507,8000.0,151,9.175405083525376e-06
JBLU, JETBLUE AWYS CORP ,477143101,8000.0,1788,9.175405083525376e-06
HRTG, HERITAGE INSURANCE HLDGS INC ,42727J102,8000.0,268,9.175405083525376e-06
GES, GUESS INC ,401617105,8000.0,472,9.175405083525376e-06
LKFN, LAKELAND FINL CORP ,511656100,8000.0,143,9.175405083525376e-06
MVST, MICROVAST HOLDINGS INC ,59516C106,8000.0,2899,9.175405083525376e-06
XCY, OPKO HEALTH INC ,68375N103,8000.0,6045,9.175405083525376e-06
VRTS, VIRTUS INVT PARTNERS INC ,92828Q109,8000.0,48,9.175405083525376e-06
RUM, RUMBLE INC ,78137L105,8000.0,1294,9.175405083525376e-06
IBRX, IMMUNITYBIO INC ,45256X103,8000.0,3830,9.175405083525376e-06
MBUU, MALIBU BOATS INC ,56117J100,8000.0,299,9.175405083525376e-06
FIP, FTAI INFRASTRUCTURE INC ,35953C106,8000.0,1758,9.175405083525376e-06
DRVN, DRIVEN BRANDS HLDGS INC ,26210V102,8000.0,566,9.175405083525376e-06
MAX, MEDIAALPHA INC ,58450V104,8000.0,594,9.175405083525376e-06
SPT, SPROUT SOCIAL INC ,85209W109,8000.0,718,9.175405083525376e-06
TRNS, TRANSCAT INC ,893529107,8000.0,142,9.175405083525376e-06
GIII, G III APPAREL GROUP LTD ,36237H101,8000.0,277,9.175405083525376e-06
CRCT, CRICUT INC ,22658D100,8000.0,1656,9.175405083525376e-06
INDI, INDIE SEMICONDUCTOR INC ,45569U101,8000.0,2281,9.175405083525376e-06
GRDN, GUARDIAN PHARMACY SVCS INC ,40145W101,8000.0,277,9.175405083525376e-06
PGEN, PRECIGEN INC ,74017N105,8000.0,1972,9.175405083525376e-06
SCVL, SHOE CARNIVAL INC ,824889109,8000.0,469,9.175405083525376e-06
STGW, STAGWELL INC ,85256A109,8000.0,1700,9.175405083525376e-06
PLYM, PLYMOUTH INDL REIT INC ,729640102,8000.0,365,9.175405083525376e-06
CTLP, CANTALOUPE INC ,138103106,8000.0,754,9.175405083525376e-06
EVER, EVERQUOTE INC ,30041R108,8000.0,306,9.175405083525376e-06
COHU, COHU INC ,192576106,8000.0,361,9.175405083525376e-06
FBRT, FRANKLIN BSP RLTY TR INC ,35243J101,8000.0,797,9.175405083525376e-06
GABC, GERMAN AMERN BANCORP INC ,373865104,8000.0,212,9.175405083525376e-06
NFE, NEW FORTRESS ENERGY INC ,644393100,8000.0,6775,9.175405083525376e-06
CNS, COHEN & STEERS INC ,19247A100,8000.0,132,9.175405083525376e-06
CTOS, CUSTOM TRUCK ONE SOURCE INC ,23204X103,8000.0,1314,9.175405083525376e-06
SIGA, SIGA TECHNOLOGIES INC ,826917106,8000.0,1266,9.175405083525376e-06
USAR, USA RARE EARTH INC ,91733P107,8000.0,653,9.175405083525376e-06
MUX, MCEWEN INC. ,58039P305,8000.0,447,9.175405083525376e-06
OXM, OXFORD INDS INC ,691497309,8000.0,245,9.175405083525376e-06
NKTR, NEKTAR THERAPEUTICS ,640268306,8000.0,178,9.175405083525376e-06
SBGI, SINCLAIR INC ,829242106,7000.0,475,8.028479448084704e-06
HSTM, HEALTHSTREAM INC ,42222N103,7000.0,323,8.028479448084704e-06
AEHR, AEHR TEST SYS ,00760J108,7000.0,366,8.028479448084704e-06
EVH, EVOLENT HEALTH INC ,30050B101,7000.0,1768,8.028479448084704e-06
BMBL, BUMBLE INC ,12047B105,7000.0,2014,8.028479448084704e-06
KLC, KINDERCARE LEARNING COMPANIE ,49456W105,7000.0,1578,8.028479448084704e-06
JANX, JANUX THERAPEUTICS INC ,47103J105,7000.0,508,8.028479448084704e-06
WOOF, PETCO HEALTH & WELLNESS CO I ,71601V105,7000.0,2587,8.028479448084704e-06
MDXG, MIMEDX GROUP INC ,602496101,7000.0,1057,8.028479448084704e-06
AKBA, AKEBIA THERAPEUTICS INC ,00972D105,7000.0,4249,8.028479448084704e-06
ATUS, OPTIMUM COMMUNICATIONS INC ,02156K103,7000.0,4012,8.028479448084704e-06
CODI, COMPASS DIVERSIFIED ,20451Q104,7000.0,1430,8.028479448084704e-06
LGIH, LGI HOMES INC ,50187T106,7000.0,168,8.028479448084704e-06
PSIX, POWER SOLUTIONS INTL INC ,73933G202,7000.0,130,8.028479448084704e-06
SSTK, SHUTTERSTOCK INC ,825690100,7000.0,372,8.028479448084704e-06
IIIV, I3 VERTICALS INC ,46571Y107,7000.0,269,8.028479448084704e-06
GRND, GRINDR INC ,39854F101,7000.0,535,8.028479448084704e-06
SKYT, SKYWATER TECHNOLOGY INC ,83089J108,7000.0,368,8.028479448084704e-06
NAGE, NIAGEN BIOSCIENCE INC ,171077407,7000.0,1097,8.028479448084704e-06
DAWN, DAY ONE BIOPHARMACEUTICALS I ,23954D109,7000.0,764,8.028479448084704e-06
AVAH, AVEANNA HEALTHCARE HLDGS INC ,05356F105,7000.0,895,8.028479448084704e-06
BLMN, BLOOMIN BRANDS INC ,094235108,7000.0,1213,8.028479448084704e-06
NGVC, NATURAL GROCERS BY VITAMIN C ,63888U108,6000.0,243,6.881553812644031e-06
HOV, HOVNANIAN ENTERPRISES INC ,442487401,6000.0,64,6.881553812644031e-06
IBTA, IBOTTA INC ,451051106,6000.0,247,6.881553812644031e-06
METC, RAMACO RES INC ,75134P600,6000.0,327,6.881553812644031e-06
SES, SES AI CORPORATION ,78397Q109,6000.0,3540,6.881553812644031e-06
UWMC, UWM HOLDINGS CORPORATION ,91823B109,6000.0,1474,6.881553812644031e-06
SBET, SHARPLINK GAMING INC ,820014405,6000.0,679,6.881553812644031e-06
ARDT, ARDENT HEALTH INC ,03980N107,5000.0,571,5.734628177203359e-06
LENZ, LENZ THERAPEUTICS INC ,52635N103,5000.0,312,5.734628177203359e-06
AVXL, ANAVEX LIFE SCIENCES CORP ,032797300,5000.0,1321,5.734628177203359e-06
ORIC, ORIC PHARMACEUTICALS INC ,68622P109,5000.0,647,5.734628177203359e-06
REVB, REVELATION BIOSCIENCES INC ,76135L705,0.0,38,0.0
