ticker,nameOfIssuer,cusip,value,shares,allocation_percent
NVDA,NVIDIA CORP,67066G104,3208037000.0,17193893,4.906284771248181
MSFT,MICROSOFT CORP,594918104,2843220000.0,5489371,4.348343546944208
AAPL,APPLE INC,037833100,2211321000.0,8684448,3.3819343563186144
GOOG,ALPHABET INC CLASS C,02079K107,1998596000.0,8206103,3.0565985113879703
AMZN,AMAZON.COM INC,023135106,1641894000.0,7477772,2.511068147968294
AVGO,BROADCOM INC,11135F101,1354836000.0,4106683,2.072049429086635
META,META PLATFORMS INC,30303M102,1335016000.0,1817882,2.041737258695165
JPM,JPMORGAN CHASE & CO,46625H100,1254412000.0,3976831,1.9184636874421876
CCL,CARNIVAL CORP CL A,143658300,734809000.0,25417133,1.1237969532384149
V,VISA INC,92826C839,721459000.0,2113359,1.1033798253511233
BAC,BANK OF AMERICA CORP,060505104,521546000.0,10109437,0.7976383057007772
UNH,UNITEDHEALTH GROUP INC,91324P102,492631000.0,1426674,0.7534164890070666
COST,COSTCO WHSL CORP NEW,22160K105,486990000.0,526117,0.7447892966166387
NEE,NEXTERA ENERGY INC,65339F101,486408000.0,6443337,0.7438992016031254
CVX,CHEVRON CORP,166764100,486182000.0,3130801,0.743553563333273
ABBV,ABBVIE INC,00287Y109,431245000.0,1862506,0.6595344056745361
NVDA,NVIDIA CORP,67066G104,414764000.0,2222980,0.6343288113142027
ABG,CENCORA INC,03073E105,410554000.0,1313646,0.6278901515085474
BRK/B,BERKSHIRE HATHAWAY CL B,084670702,389000000.0,773759,0.5949260485510431
MSFT,MICROSOFT CORP,594918104,381628000.0,736804,0.5836515117132068
IVV,ISHARES TR S&P 500 INDEX,464287200,363549000.0,543178,0.5560019794979001
WMT,WALMART INC,931142103,355973000.0,3454032,0.5444154505934716
ORLY,OREILLY AUTO INC NEW,67103H107,351159000.0,3257203,0.537053049571043
DHR,DANAHER CORP,235851102,340113000.0,1715489,0.5201595967887942
NOW,SERVICENOW INC,81762P102,335717000.0,364799,0.5134364736283047
ICE,INTERCONTINENTAL EXCHG INC,45866F104,316066000.0,1875983,0.48338276725278656
MSI,MOTOROLA SOLUTIONS INC,620076307,314726000.0,688241,0.48133340759968013
ISRG,INTUITIVE SURGICAL,46120E602,308940000.0,690786,0.4724844561423117
SPOT,SPOTIFY TECHNOLOGY SA,L8681T102,307465000.0,440494,0.47022863115101915
N/A,CRH PLC,G25508105,305482000.0,2547810,0.46719588473899676
HWM,HOWMET AEROSPACE INC,443201108,304832000.0,1553442,0.4662017923699526
AAPL,APPLE INC,037833100,302430000.0,1187722,0.46252823872311555
MA,MASTERCARD CL A,57636Q104,300502000.0,528300,0.4595796078192431
ETN,EATON CORP PLC,G29183103,298374000.0,797258,0.45632510234028006
BJ,BJS WHOLESALE CLUB HOLDIN,05550J101,292615000.0,3137964,0.44751744395054877
GDXJ,VANECK JR GOLD MINERS ETF,92189F791,281904000.0,2846650,0.4311363310815765
KWEB,KRANESHARES TR CSI CHI INT,500767306,257222000.0,6122878,0.39338834976965653
GOOG,ALPHABET INC CLASS C,02079K107,256162000.0,1051783,0.3917672145216769
C,CITIGROUP INC,172967424,252048000.0,2483232,0.38547537451206504
LLY,LILLY ELI & CO,532457108,236268000.0,309656,0.3613418705374237
MCK,MCKESSON CORP,58155Q103,234005000.0,302904,0.35788089972027465
EFA,ISHRS MSCI EAFE IND FND,464287465,233544000.0,2501278,0.35717585882469105
AMZN,AMAZON.COM INC,023135106,223908000.0,1019757,0.3424388217968302
NVDA,NVIDIA CORP,67066G104,220353000.0,1181012,0.3370019012245964
MSFT,MICROSOFT CORP,594918104,220191000.0,425120,0.3367541428187731
VOO,VANGUARD S&P 500 ETF,922908363,216022000.0,352758,0.3303781873010114
NOC,NORTHROP GRUMMAN CORP,666807102,214494000.0,352022,0.32804130554731986
CME,CME GROUP INC,12572Q105,211143000.0,781460,0.3229163770416784
LHX,L3 HARRIS TECHNOLOGIES INC,502431109,209498000.0,685958,0.3204005586615589
MDT,MEDTRONIC PLC,G5960L103,209184000.0,2196383,0.31992033557866684
AEP,AMERICAN ELECTRIC POWER CO,025537101,209029000.0,1858034,0.3196832827829717
XOM,EXXON MOBIL CORP,30231G102,208099000.0,1845669,0.3182609660088008
BKNG,BOOKING HLDGS INC,09857L108,207445000.0,38421,0.31726075614825483
TSM,TAIWAN SEMI MFG CO ADR,874039100,204652000.0,732757,0.31298921770711585
STE,STERIS PLC,G8473T100,203017000.0,820469,0.31048869305575094
NDAQ,NASDAQ INC.,631103108,201242000.0,2275206,0.30777405620182263
HD,HOME DEPOT,437076102,199230000.0,491696,0.3046969579764121
CLH,CLEAN HARBORS INC,184496107,197487000.0,850430,0.30203126105449835
CCEP,COCA COLA EUROPAC PART PLC,G25839104,197129000.0,2180384,0.30148374556508634
BA,BOEING COMPANY,097023105,196921000.0,912388,0.30116563600699214
WAB,WABTEC CORP,929740108,196915000.0,982268,0.3011564597697395
EMB,ISHARES J.P. MORGAN USD EMERGI,464288281,196215000.0,2061297,0.3000858987569227
KEYS,KEYSIGHT TECHNOLOGIES INC,49338L103,194439000.0,1111586,0.2973697325301189
AMT,AMERICAN TOWER CORP,03027X100,192275000.0,999765,0.2940601696276396
META,META PLATFORMS INC,30303M102,191963000.0,261395,0.2935830052904984
MSCI,MSCI INC,55354G100,191877000.0,338162,0.2934514792232095
BN,BROOKFIELD CORPORATION,11271J107,189307000.0,2760389,0.2895209909332964
PM,PHILIP MORRIS INTL INC,718172109,187041000.0,1153153,0.2860554319975209
USFD,US FOODS HOLDING CORP,912008109,186837000.0,2438483,0.28574343993092866
AMAT,APPLIED MATERIALS,038222105,186258000.0,909728,0.2848579330360416
DWD,MORGAN STANLEY GRP INC,617446448,185218000.0,1165189,0.28326738524557094
FTNT,FORTINET INC,34959E109,182457000.0,2170043,0.27904478673644645
GOOGL,ALPHABET INC. CLASS A,02079K305,179266000.0,737418,0.27416455789087735
KLAC,KLA CORPORATION,482480100,178812000.0,165782,0.2734702226054219
MELI,MERCADOLIBRE INC,58733R102,178264000.0,76281,0.27263212626967387
CDNS,CADENCE DESIGN SYSTEMS INC,127387108,176921000.0,503676,0.27057817849794114
IDXX,IDEXX LABS CORP,45168D104,174578000.0,273252,0.2669948578507558
AVGO,BROADCOM INC,11135F101,174128000.0,527805,0.26630664005680216
TRU,TRANSUNION,89400J107,173024000.0,2065215,0.26461821240230254
CSL,CARLISLE COS,142339100,171635000.0,521749,0.2624939134782989
AAPL,APPLE INC,037833100,168352000.0,661162,0.2574729823281882
AEE,AMEREN CORP,023608102,168191000.0,1611338,0.2572267532952403
ORCL,ORACLE CORP,68389X105,167991000.0,597322,0.25692087872014985
SPGI,S&P GLOBAL INC.,78409V104,167926000.0,345023,0.25682146948324536
QCOM,QUALCOMM INC,747525103,167241000.0,1005294,0.25577384906356043
BSX,BOSTON SCIENTIFIC CORP,101137107,164297000.0,1682850,0.25127137531822813
JPM,JPMORGAN CHASE & CO,46625H100,163588000.0,518620,0.2501870499495322
VSS,VANGUARD FTSE ALL,922042718,163524000.0,1147134,0.2500891700855033
IBM,INTERNATIONAL BUS MACHINES,459200101,162924000.0,577418,0.24917154636023173
SPG,SIMON PROP GROUP,828806109,161152000.0,858699,0.2464614976249298
GOOG,ALPHABET INC CLASS C,02079K107,155080000.0,636748,0.2371751455251819
TMO,THERMO FISHER SCIENTIFIC,883556102,150788000.0,310891,0.23061107714373955
RCL,ROYAL CARIBBEAN CRUISES LD,V7780T103,150091000.0,463846,0.2295451042495491
NFLX,NETFLIX INC,64110L106,149873000.0,125007,0.22921170096270047
VOO,VANGUARD S&P 500 ETF,922908363,147972000.0,241634,0.22630436312646515
KMI,KINDER MORGAN INC,49456B101,147569000.0,5212610,0.2256880258576578
SRE,SEMPRA COM,816851109,146737000.0,1630769,0.22441558762528124
MCD,MCDONALDS CORP,580135101,146304000.0,481436,0.2237533691702103
IVV,ISHARES TR S&P 500 INDEX,464287200,145867000.0,217939,0.22308503322363754
MET,METLIFE INC COM,59156R108,144209000.0,1750749,0.2205493329961372
EFX,EQUIFAX INC,294429105,143224000.0,558311,0.21904290071381644
BAC,VERIZON COMMUNICATIONS,92343V104,142916000.0,3251781,0.21857185386817704
TTWO,TAKE-2 INTERACTIVE,874054109,141883000.0,549168,0.21699201168783455
CDW,CDW CORP/DE,12514G108,140812000.0,884055,0.21535405333822488
AJG,GALLAGER ARTHUR J & CO,363576109,140518000.0,453664,0.21490441771284183
TEL,TE CONNECTIVITY PLC,G87052109,139561000.0,635728,0.21344080787103373
TW,TRADEWEB MARKETS INC,892672106,139462000.0,1256642,0.21328939995636392
IT,GARTNER INC CL A,366651107,138414000.0,526551,0.21168661718288964
ABT,ABBOTT LABORATORIES,002824100,138160000.0,1031509,0.2112981564725247
XBI,SPDR SERIES TR S&P BIOTEH,78464A870,137369000.0,1370952,0.21008842252804175
MEDP,MEDPACE HOLDINGS,58506Q109,135949000.0,264409,0.20791671304489912
LYV,LIVE NATION ENTERTMNT INC,538034109,135466000.0,829044,0.20717802594605556
COP,CONOCOPHILLIPS,20825C104,133946000.0,1416071,0.20485337917536764
HLT,HILTON WORLDWIDE HOLDINGS,43300A203,133726000.0,515442,0.2045169171427681
MBB,ISHARES MBS ETF,464288588,133210000.0,1400000,0.20372776073903456
URI,UNITED RENTALS INC,911363109,133187000.0,139513,0.20369258516289915
DUK,DUKE ENERGY HLDG CORP,26441C204,132900000.0,1073937,0.2032536551476443
NVDA,NVIDIA CORP,67066G104,132646000.0,710931,0.20286519443727932
APG,API GROUP CORP,00187Y100,132480000.0,3854511,0.2026113185399542
CNM,CORE & MAIN INC,21874C102,132302000.0,2457776,0.20233909016812365
BAH,BOOZ ALLEN HAMILTON HLDGS,099502106,131225000.0,1312905,0.20069195558126127
UNP,UNION PACIFIC CORP,907818108,129754000.0,548945,0.19844224808147054
AMZN,AMAZON.COM INC,023135106,128654000.0,585936,0.19675993791847274
RYAN,RYAN SPECIALTY HOLDNGS INC,78351F107,125468000.0,2226190,0.1918873559372809
APO,APOLLO GLOBAL MANAGEMENT I,03769M106,123696000.0,928160,0.18917730720197898
SHW,SHERWIN-WILLIAMS CO,824348106,123153000.0,355666,0.18834685773060825
AXON,AXON ENTERPRISE INC,05464C101,122724000.0,171011,0.1876907567670391
META,META PLATFORMS INC,30303M102,122152000.0,166333,0.18681595548228025
MSFT,MICROSOFT CORP,594918104,121909000.0,235369,0.1864443178735453
NVDA,NVIDIA CORP,67066G104,120072000.0,643539,0.18363485990133893
V,VISA INC,92826C839,119846000.0,351062,0.18328922163148667
SAIA,SAIA INC COM,78709Y105,119242000.0,398323,0.18236548041471332
KKR,KKR & CO INC,48251W104,118601000.0,912669,0.18138515240154823
ULS,UL SOLUTIONS INC,903731107,118591000.0,1673590,0.1813698586727937
PNR,PENTAIR PLC,G7S00T104,116956000.0,1055941,0.17886933402142877
PWR,QUANTA SERVICES INC,74762E102,112852000.0,272314,0.17259278774057152
DASH,DOORDASH INC,25809K105,112644000.0,414149,0.17227467818247738
BWXT,BWX TECHNOLOGIES INC,05605H100,110557000.0,599648,0.1690828769914079
WM,WASTE MANAGEMENT INC NEW,94106L109,110477000.0,500281,0.1689605271613717
KRE,SPDR S&P REGIONAL BK ETF,78464A698,110452000.0,1744899,0.16892229283948537
TXN,TEXAS INSTRUMENTS INC,882508104,110148000.0,599509,0.1684573634853478
JNJ,JOHNSON & JOHNSON,478160104,109978000.0,593130,0.16819737009652086
MSFT,MICROSOFT CORP,594918104,109661000.0,211722,0.1677125588950024
MRK,MERCK & CO INC NEW,58933Y105,109264000.0,1301847,0.16710539786344772
HON,HONEYWELL INTL INC,438516106,106613000.0,506474,0.16305103037062302
BX,BLACKSTONE INC,09260D107,106560000.0,623703,0.16296997360822404
IP,INTERNATIONAL PAPER,460146103,106215000.0,2289111,0.1624423399661929
CCCS,CCC INTELLIGENT SOLUTIONS,12510Q100,104097000.0,11426630,0.1592031282159844
MANH,MANHATTAN ASSOCIATES INC,562750109,103949000.0,507116,0.15897678103041743
GEV,GE VERNOVA LLC,36828A101,103916000.0,168996,0.15892631172552749
CWB,SPDR BLOOMBERG CONVERTIBLE SEC,78464A359,100977000.0,1115770,0.15443148484457242
BSY,BENTLEY SYSTEMS INC,08265T208,99843000.0,1939452,0.15269717600380925
AG8,AGILENT TECHNOLOGIES,00846U101,99347000.0,774035,0.15193860705758477
RSG,REPUBLIC SERVICES INC,760759100,98101000.0,427492,0.15003300845477088
AVGO,BROADCOM INC,11135F101,97718000.0,296197,0.14944725864347255
PG,PROCTER & GAMBLE CO,742718109,95707000.0,622888,0.14637168979093748
DE,DEERE & CO,244199105,95042000.0,207852,0.14535465682876153
AAPL,APPLE INC,037833100,94162000.0,369799,0.1440088086983633
GPC,GENUINE PARTS CO,372460105,94112000.0,679022,0.14393234005459066
SLB,SCHLUMBERGER LTD,806857108,93749000.0,2727636,0.14337717770080138
LNW,LIGHT & WONDER INC.,80874P109,92705000.0,1104418,0.14178051241882894
AME,AMETEK INC NEW,031100100,92383000.0,491397,0.1412880543529332
IVV,ISHARES TR S&P 500 INDEX,464287200,91252000.0,136339,0.13955833363079637
CPRT,COPART INC,217204106,91166000.0,2027261,0.13942680756350742
WEC,WEC ENERGY GROUP INC,92939U106,91022000.0,794326,0.1392065778694423
SHOP,SHOPIFY INC,82509L107,89188000.0,600151,0.1364017080158623
V,VISA INC,92826C839,88072000.0,257989,0.13469492788685725
JPM,JPMORGAN CHASE & CO,46625H100,87985000.0,278938,0.13456187244669288
FLUT,FLUTTER ENTERTAINMENT PLC,G3643J108,87528000.0,344600,0.13386294904261106
BAC,BANK OF AMERICA CORP,060505104,87296000.0,1692105,0.13350813453550606
KO,COCA-COLA COMPANY,191216100,87199000.0,1314818,0.13335978536658716
AAPL,APPLE INC,037833100,86042000.0,337911,0.13159030094968854
GOOG,ALPHABET INC CLASS C,02079K107,84940000.0,348758,0.12990493204093984
PANW,PALO ALTO NETWORKS INC,697435105,83945000.0,412262,0.12838320602986455
WH,WYNDHAM HOTELS & RESORTS,98311A105,83679000.0,1047296,0.12797639284499418
SCHF,SCHWAB INTERNATIONAL EQUIT,808524805,83454000.0,3584802,0.12763228394801734
HUBB,HUBBELL INC,443510607,78690000.0,182869,0.12034635156936138
ENTG,ENTEGRIS INC,29362U104,77642000.0,839733,0.11874356879588713
NRG,NRG ENERGY INC,629377508,76363000.0,471520,0.11678750088818331
PRU,PRUDENTIAL FINANCIAL,744320102,76278000.0,735281,0.11665750419376983
NVDA,NVIDIA CORP,67066G104,75782000.0,406161,0.11589893524754535
GOOG,ALPHABET INC CLASS C,02079K107,75633000.0,310542,0.11567105868910293
XLU,UTILITIES SELECT SECT SPDR,81369Y886,74887000.0,858701,0.11453014652401533
TFC,TRUIST FINANCIAL CORP,89832Q109,74072000.0,1620112,0.11328370763052151
XYZ,BLOCK INC,852234103,73657000.0,1019191,0.11264901788720869
AMZN,AMAZON.COM INC,023135106,73243000.0,333575,0.11201585751677134
COST,COSTCO WHSL CORP NEW,22160K105,71256000.0,76981,0.1089769936132471
COO,COOPER COS INC/THE,216648501,71007000.0,1035693,0.10859617976725942
NET,CLOUDFLARE INC,18915M107,69889000.0,325686,0.10688634089250347
ABBV,ABBVIE INC,00287Y109,68942000.0,297753,0.10543802477944991
IDEV,ISHARES CORE MSCI INTERNAT,46435G326,68612000.0,855832,0.10493333173055056
VUG,VANGUARD GROWTH FDS,922908736,68409000.0,142634,0.10462286903683368
BAC,BANK OF AMERICA CORP,060505104,67967000.0,1317436,0.10394688622588366
DHI,DR HORTON INC,23331A109,67958000.0,401001,0.10393312187000459
ASML,ASML HOLDING NV ADR,N07059210,65839000.0,68009,0.10069238074692063
AMZN,AMAZON.COM INC,023135106,65381000.0,297769,0.09999192796996337
HDB,HDFC BANK LTD ADR REPS3,40415F101,64135000.0,1877476,0.09808632936714949
IRTC,IRHYTHM TECHNOLOGIES INC,450056106,63944000.0,371790,0.09779421914793804
META,META PLATFORMS INC,30303M102,62325000.0,84867,0.09531816446258036
MSFT,MICROSOFT CORP,594918104,62182000.0,120055,0.09509946414139064
CMCSA,COMCAST CORP CL A NEW,20030N101,62045000.0,1974683,0.09488994005745365
NEE,NEXTERA ENERGY INC,65339F101,61753000.0,818026,0.0944433631778215
ABG,CENCORA INC,03073E105,61247000.0,195973,0.0936695005028425
IVV,ISHARES TR S&P 500 INDEX,464287200,58974000.0,88113,0.09019323595693886
IWV,RUSS 3000 INDEX,464287689,58713000.0,154939,0.08979406963644573
ICE,INTERCONTINENTAL EXCHG INC,45866F104,58690000.0,348351,0.08975889406031033
JPM,JPMORGAN CHASE & CO,46625H100,58517000.0,185514,0.08949431255285704
IEMG,ISHARES CORE MSCI EM MKTS,46434G103,58076000.0,881003,0.08881985911478246
EFA,ISHRS MSCI EAFE IND FND,464287465,57282000.0,613490,0.08760553705167314
T,TELUS CORP,87971M103,56893000.0,3616369,0.0870106110031221
META,META PLATFORMS INC,30303M102,56079000.0,76362,0.0857657014825037
IOT,SAMSARA INC,79589L106,56070000.0,1505246,0.08575193712662464
SPY,S&P 500 DEP RCPTS,78462F103,56014000.0,84083,0.0856662922455993
WMT,WALMART INC,931142103,55677000.0,540234,0.08515089358657178
ADP,AUTOMATIC DATA PROCESSING,053015103,55615000.0,189488,0.08505607246829373
MSFT,MICROSOFT CORP,594918104,55510000.0,107172,0.08489548831637121
NVDA,NVIDIA CORP,67066G104,55250000.0,296117,0.08449785136875354
AVGO,BROADCOM INC,11135F101,54019000.0,163739,0.08261519335907146
SPOT,SPOTIFY TECHNOLOGY SA,L8681T102,53523000.0,76680,0.081856624412847
AAPL,APPLE INC,037833100,52505000.0,206200,0.08029972282563629
ACWI,ISHARES MSCI ACWI INDX FD,464288257,52360000.0,378764,0.08007796375869566
XOP,SPDR S&P OIL & GAS EXPLORA,78468R556,52189000.0,394774,0.07981644099699328
MCK,MCKESSON CORP,58155Q103,52078000.0,67411,0.07964668060781804
VB,VANGUARD SMALL CAP,922908751,51945000.0,204282,0.07944327401538286
UNH,UNITEDHEALTH GROUP INC,91324P102,51913000.0,150343,0.07939433408336838
EFA,ISHRS MSCI EAFE IND FND,464287465,51849000.0,555308,0.07929645421933942
ABBV,ABBVIE INC,00287Y109,51367000.0,221848,0.07855929649337129
VO,VANGUARD MID CAP VIPERS,922908629,51296000.0,174631,0.07845071101921416
AVGO,BROADCOM INC,11135F101,50875000.0,154208,0.07780684503864863
IWM,ISHARES TR RUSSELL 2000,464287655,50623000.0,209219,0.07742144307403459
MCK,MCKESSON CORP,58155Q103,50495000.0,65362,0.07722568334597667
VSS,VANGUARD FTSE ALL,922042718,50437000.0,353823,0.0771369797192004
ICE,INTERCONTINENTAL EXCHG INC,45866F104,50268000.0,298361,0.07687851570324893
COST,COSTCO WHSL CORP NEW,22160K105,49459000.0,53433,0.07564125304700782
IDEV,ISHARES CORE MSCI INTERNAT,46435G326,48889000.0,609822,0.07476951050799986
BLDR,BUILDERS FIRSTSOURCE INC,12008R107,48728000.0,401878,0.074523281475052
IJH,ISHARES TR S&P MIDCAP 400,464287507,47932000.0,734476,0.07330590066619176
NOW,SERVICENOW INC,81762P102,47660000.0,51789,0.07288991124406867
NVDA,NVIDIA CORP,67066G104,46693000.0,250257,0.07141100767350604
SPOT,SPOTIFY TECHNOLOGY SA,L8681T102,46263000.0,66279,0.07075337733706145
TD,TORONTO-DOMINION,891160509,46229000.0,578834,0.07070137865929607
AAPL,APPLE INC,037833100,45788000.0,179823,0.07002692522122149
MSFT,MICROSOFT CORP,594918104,45704000.0,88241,0.06989845789968348
DHR,DANAHER CORP,235851102,45631000.0,230157,0.06978681367977543
HWM,HOWMET AEROSPACE INC,443201108,45300000.0,230851,0.06928059125800065
MSI,MOTOROLA SOLUTIONS INC,620076307,45214000.0,98873,0.06914906519071173
ONON,ON HOLDING AG,H5919C104,44950000.0,1061401,0.06874531075159226
KVUE,KENVUE INC,49177J102,44874000.0,2764858,0.06862907841305786
JPM,JPMORGAN CHASE & CO,46625H100,44720000.0,141774,0.06839355499023816
SBAC,SBA COMMUNICATIONS CORP,78410G104,44535000.0,230332,0.06811062100827944
ETN,EATON CORP PLC,G29183103,44270000.0,118291,0.0677053371962845
BN,BROOKFIELD CORPORATION,11271J107,43999000.0,641567,0.06729087714703688
N/A,CRH PLC,G25508105,43856000.0,365768,0.06707217682584715
IJR,ISHARES S&P SMCAP 600 INDX,464287804,43846000.0,368982,0.06705688309709264
GOOG,ALPHABET INC CLASS C,02079K107,43762000.0,179682,0.06692841577555461
ABG,CENCORA INC,03073E105,43750000.0,139987,0.06691006330104918
PEP,PEPSICO INC,713448108,43154000.0,307276,0.06599855706727947
MSCI,MSCI INC,55354G100,42937000.0,75672,0.06566668315330626
SPY,S&P 500 DEP RCPTS,78462F103,42606000.0,63955,0.06516046073153146
ISRG,INTUITIVE SURGICAL,46120E602,42467000.0,94956,0.06494787790184357
FCFS,FIRSTCASH HOLDINGS INC,33768G107,42445000.0,267927,0.0649142316985836
MSCI,MSCI INC,55354G100,42432000.0,74782,0.06489434985120272
AMAT,APPLIED MATERIALS,038222105,42068000.0,205471,0.064337658124538
ORLY,OREILLY AUTO INC NEW,67103H107,41809000.0,387798,0.06394155054979579
BN,BROOKFIELD CORPORATION,11271J107,41213000.0,600950,0.06303004431602606
AMAT,APPLIED MATERIALS,038222105,40816000.0,199356,0.062422883284471396
PGX,INVESCO PREFERRED ETF,46138E511,40394000.0,3482215,0.061777487931030425
TRP,TC ENERGY CORP NPV,87807B107,39871000.0,734154,0.06097762591716874
ELV,ELEVANCE HEALTH INC,036752103,39846000.0,123316,0.060939391595282416
LH,LABCORP HLDGS,504922105,39779000.0,138575,0.060836923612627096
TTEK,TETRA TECH INC,88162G103,39665000.0,1188275,0.06066257510482551
SPGI,S&P GLOBAL INC.,78409V104,39634000.0,81432,0.06061516454568648
VOO,VANGUARD S&P 500 ETF,922908363,39134000.0,63904,0.05985047810796021
WMT,WALMART INC,931142103,38951000.0,377949,0.05957060287175239
V,VISA INC,92826C839,38937000.0,114057,0.05954919165149606
TRU,TRANSUNION,89400J107,38915000.0,464494,0.05951554544823609
VWO,VANGUARD FTSE EMER MKT ETF,922042858,38400000.0,708741,0.05872791841737803
TEAM,ATLASSIAN CORP PLC,049468101,37879000.0,237191,0.05793111514926724
TRU,TRANSUNION,89400J107,37785000.0,451000,0.057787354098974716
AEE,AMEREN CORP,023608102,37628000.0,360493,0.05754724255752867
VWO,VANGUARD FTSE EMER MKT ETF,922042858,37321000.0,688832,0.05707772508476473
AMZN,AMAZON.COM INC,023135106,37007000.0,168543,0.05659750200187263
AAPL,APPLE INC,037833100,36923000.0,145006,0.05646903468033461
V,VISA INC,92826C839,36896000.0,108079,0.05642774161269739
NOC,NORTHROP GRUMMAN CORP,666807102,36777000.0,60357,0.056245746240518535
BSX,BOSTON SCIENTIFIC CORP,101137107,36652000.0,375416,0.05605457463108697
NEE,NEXTERA ENERGY INC,65339F101,36587000.0,484657,0.055955165394182556
IDCC,INTERDIGITAL INC PA,45867G101,36422000.0,105502,0.055702818869732884
AEE,AMEREN CORP,023608102,36119000.0,346036,0.055239418888470754
CVX,CHEVRON CORP,166764100,35995000.0,231789,0.05504977665191464
SPGI,S&P GLOBAL INC.,78409V104,35742000.0,73436,0.05466284531442515
BSX,BOSTON SCIENTIFIC CORP,101137107,35679000.0,365453,0.05456649482327164
VTV,VANGUARD INDEX FDS VA ETF,922908744,35627000.0,191041,0.054486967433748104
MLI,MUELLER INDS INC,624756102,35576000.0,351856,0.054408969417100016
DXCM,DEXCOM INC,252131107,35568000.0,528572,0.0543967344340964
SCHF,SCHWAB INTERNATIONAL EQUIT,808524805,35296000.0,1516153,0.05398074501197331
IDEV,ISHARES CORE MSCI INTERNAT,46435G326,35212000.0,439220,0.053852277690435296
GOOG,ALPHABET INC CLASS C,02079K107,35142000.0,144289,0.05374522158915361
CVNA,CARVANA CO,146869102,35119000.0,93094,0.05371004601301821
TMO,THERMO FISHER SCIENTIFIC,883556102,34351000.0,70824,0.05253548764467064
HWM,HOWMET AEROSPACE INC,443201108,34027000.0,173404,0.05203997083302402
CCL,CARNIVAL CORP CL A,143658300,33465000.0,1157558,0.05118046327701969
MUB,ISHARES NATL MUNI BD ETF,464288414,33305000.0,312751,0.05093576361694728
N/A,CRH PLC,G25508105,33284000.0,277598,0.05090364678656277
TTWO,TAKE-2 INTERACTIVE,874054109,32977000.0,127641,0.050434129313798835
BRK/B,BERKSHIRE HATHAWAY CL B,084670702,32805000.0,65252,0.050171077179220994
CVCO,CAVCO INDS INC,149568107,32526000.0,56009,0.04974438214696974
NOW,SERVICENOW INC,81762P102,32496000.0,35311,0.04969850096070616
ETN,EATON CORP PLC,G29183103,32448000.0,86702,0.04962509106268444
MSI,MOTOROLA SOLUTIONS INC,620076307,32351000.0,70745,0.04947674189376554
GOOG,ALPHABET INC CLASS C,02079K107,32099000.0,131797,0.049091339929151497
XOM,EXXON MOBIL CORP,30231G102,32026000.0,284041,0.04897969570924346
TMO,THERMO FISHER SCIENTIFIC,883556102,31609000.0,65170,0.048341947220179746
META,META PLATFORMS INC,30303M102,31341000.0,42677,0.047932075289558465
IT,GARTNER INC CL A,366651107,31305000.0,119089,0.04787701786604217
VTI,VANGUARD TOTAL STK MKT FD,922908769,31261000.0,95258,0.04780972545952226
AMZN,AMAZON.COM INC,023135106,31206000.0,142121,0.047725609951372365
HLT,HILTON WORLDWIDE HOLDINGS,43300A203,31072000.0,119764,0.047520673986061725
COP,CONOCOPHILLIPS,20825C104,30916000.0,326847,0.04728209181749113
ENSG,ENSIGN GROUP INC THE,29358P101,30840000.0,178501,0.04716585947895673
IT,GARTNER INC CL A,366651107,30808000.0,117199,0.04711691954694225
CARG,CARGURUS INC,141788109,30671000.0,823812,0.04690739546300525
TTWO,TAKE-2 INTERACTIVE,874054109,30645000.0,118614,0.04686763176824348
FSV,FIRSTSERVICE CORP,33767E202,30607000.0,160675,0.04680951559897629
HSY,THE HERSHEY COMPANY,427866108,30554000.0,163346,0.0467284588365773
AAPL,APPLE INC,037833100,30450000.0,119584,0.04656940405753023
NOC,NORTHROP GRUMMAN CORP,666807102,30196000.0,49557,0.046180943347165285
TSM,TAIWAN SEMI MFG CO ADR,874039100,29925000.0,107146,0.045766483297917646
CR,CRANE CO,224408104,29876000.0,162244,0.04569154402702047
DHR,DANAHER CORP,235851102,29778000.0,150195,0.045541665485226125
MUSA,MURPHY USA INC COM,626755102,29704000.0,76506,0.04542849189244263
VNT,VONTIER CORP,928881101,29694000.0,707499,0.04541319816368811
FTNT,FORTINET INC,34959E109,29609000.0,352147,0.04528320146927464
PLNT,PLANET FITNESS INC,72703H101,29540000.0,284581,0.045177674740868416
BJ,BJS WHOLESALE CLUB HOLDIN,05550J101,29451000.0,315832,0.04504156055495314
AVGO,BROADCOM INC,11135F101,29226000.0,88589,0.04469745165797631
ISRG,INTUITIVE SURGICAL,46120E602,29061000.0,64979,0.04444510513352664
SHW,SHERWIN-WILLIAMS CO,824348106,28920000.0,83522,0.04422946355808783
COP,CONOCOPHILLIPS,20825C104,28741000.0,303848,0.04395570581338182
APO,APOLLO GLOBAL MANAGEMENT I,03769M106,28677000.0,215176,0.04385782594935286
EPAM,EPAM SYSTEMS INC,29414B104,28397000.0,188319,0.04342960154422614
RDNT,RADNET INC,750491102,28381000.0,372406,0.0434051315782189
HLT,HILTON WORLDWIDE HOLDINGS,43300A203,28222000.0,108782,0.04316196129102195
GOOGL,ALPHABET INC. CLASS A,02079K305,28146000.0,115781,0.04304572895248756
BAC,BANK OF AMERICA CORP,060505104,27752000.0,537928,0.04244315603955925
APO,APOLLO GLOBAL MANAGEMENT I,03769M106,27696000.0,207815,0.0423575111585339
HQY,HEALTHEQUITY INC,42226A107,27688000.0,292157,0.04234527617553028
AIT,APPLIED INDL TECH INC COM,03820C105,27672000.0,106004,0.04232080620952304
NEE,NEXTERA ENERGY INC,65339F101,27656000.0,366359,0.04229633624351581
COST,COSTCO WHSL CORP NEW,22160K105,27455000.0,29661,0.04198893229554984
MSFT,MICROSOFT CORP,594918104,27071000.0,52265,0.04140165311137606
META,META PLATFORMS INC,30303M102,26981000.0,36740,0.04126400955258533
SHW,SHERWIN-WILLIAMS CO,824348106,26826000.0,77474,0.041026956756890186
TRNO,TERRENO RLTY CORP,88146M101,26566000.0,468125,0.04062931980927252
JPM,JPMORGAN CHASE & CO,46625H100,26315000.0,83427,0.04024544721753393
ESI,ELEMENT SOLUTIONS INC,28618M106,25948000.0,1030902,0.03968416737224284
AMZN,AMAZON.COM INC,023135106,25875000.0,117845,0.0395725231523348
AMZN,AMAZON.COM INC,023135106,25858000.0,117766,0.03954652381345211
EXLS,EXLSERVICE HLDGS INC,302081104,25854000.0,587188,0.0395404063219503
ROAD,CONSTRUCTION PARTNERS INC,21044C107,25851000.0,203555,0.03953581820332395
SPY,S&P 500 DEP RCPTS,78462F103,25808000.0,38741,0.03947005516967948
NVDA,NVIDIA CORP,67066G104,25717000.0,137834,0.03933088223801331
ABBV,ABBVIE INC,00287Y109,25650000.0,110780,0.03922841425535798
DORM,DORMAN PRODUCTS,258278100,25323000.0,162455,0.038728309325084996
JPM,JPMORGAN CHASE & CO,46625H100,25176000.0,79816,0.03850349151239347
ON1,OLD NATIONAL BANCORP IND,680033107,25023000.0,1139989,0.03826949746244923
CXT,CRANE NXT CO,224441105,25004000.0,372809,0.038240439377815634
STE,STERIS PLC,G8473T100,24984000.0,100971,0.038209851920306584
NDAQ,NASDAQ INC.,631103108,24875000.0,281232,0.03804315027688225
BAC,BANK OF AMERICA CORP,060505104,24795000.0,480622,0.03792080044684605
CLH,CLEAN HARBORS INC,184496107,24716000.0,106433,0.037799979989685296
MA,MASTERCARD CL A,57636Q104,24458000.0,42998,0.03740540178781854
VRRM,VERRA MOBILITY CORP,92511U102,24450000.0,989877,0.037393166804814915
BELFB,BEL FUSE INC CL B,077347300,24367000.0,172792,0.037266228856152356
QTWO,Q2 HLDGS INC,74736L109,24277000.0,335366,0.03712858529736163
KEYS,KEYSIGHT TECHNOLOGIES INC,49338L103,24187000.0,138277,0.0369909417385709
RBC,RBC BEARING INC COM,75524B104,24146000.0,61866,0.036928237450677345
HWC,HANCOCK WHITNEY CORP,410120109,24065000.0,384367,0.036804358247765685
RHP,RYMAN HOSPITALTY PPTYS INC,78377T107,23973000.0,267589,0.03666365594322405
SSB,SOUTHSTATE CORP NPV,84472E102,23675000.0,239452,0.03620790282633919
IJR,ISHARES S&P SMCAP 600 INDX,464287804,23626000.0,198820,0.036132963555442016
VT,VANGUARD TOT WORLD STK,922042742,23612000.0,171347,0.036111552335185676
MELI,MERCADOLIBRE INC,58733R102,23582000.0,10091,0.036065671148922104
TCBI,TEXAS CAPITAL BANCSHARES,88224Q107,23561000.0,278732,0.0360335543185376
AVGO,BROADCOM INC,11135F101,23450000.0,71080,0.03586379392936236
META,META PLATFORMS INC,30303M102,23405000.0,31871,0.035794972149967
CADE,CADENCE BANK,12740C103,23281000.0,620174,0.03560532991341088
ORLY,OREILLY AUTO INC NEW,67103H107,23274000.0,215879,0.03559462430328272
FTNT,FORTINET INC,34959E109,23227000.0,276253,0.03552274377813645
USFD,US FOODS HOLDING CORP,912008109,22989000.0,300043,0.03515875303377874
SCHW,SCHWAB CHARLES CORP NEW,808513105,22615000.0,236879,0.03458676757835948
ESNT,ESSENT GROUP LTD,G3198U102,22569000.0,355077,0.034516416426088666
RSG,REPUBLIC SERVICES INC,760759100,22559000.0,98305,0.034501122697334144
ABG,CENCORA INC,03073E105,22501000.0,71997,0.03441241907055789
V,VISA INC,92826C839,22489000.0,65876,0.03439406659605246
HWM,HOWMET AEROSPACE INC,443201108,22363000.0,113965,0.03420136561374544
STAG,STAG INDUSTRIAL INC,85254J102,22307000.0,632106,0.034115720732720095
UNH,UNITEDHEALTH GROUP INC,91324P102,22241000.0,64410,0.03401478212294023
MKSI,MKS INC,55306N104,22044000.0,178107,0.03371349566647608
SSD,SIMPSON MFG,829073105,21923000.0,130914,0.03352844154854632
BMI,BADGER METER INC,056525108,21879000.0,122516,0.0334611491420264
FMF,FORM FACTOR INC,346375108,21862000.0,600274,0.03343514980314371
IDXX,IDEXX LABS CORP,45168D104,21834000.0,34175,0.033392327362631036
SLB,SCHLUMBERGER LTD,806857108,21790000.0,633969,0.03332503495611113
CVX,CHEVRON CORP,166764100,21729000.0,139924,0.03323174321070852
COST,COSTCO WHSL CORP NEW,22160K105,21697000.0,23440,0.033182803278694044
RSG,REPUBLIC SERVICES INC,760759100,21677000.0,94461,0.03315221582118499
HLNE,HAMILTON LANE INC,407497106,21650000.0,160619,0.033110922753547774
SLB,SCHLUMBERGER LTD,806857108,21610000.0,628736,0.03304974783852967
CPRT,COPART INC,217204106,21551000.0,479221,0.03295951483887797
WMT,WALMART INC,931142103,21549000.0,209093,0.032956456093127064
ABCB,AMERIS BANCORP,03076K108,21542000.0,293846,0.032945750482998894
DSGX,DESCARTES SYSTEMS GRP,249906108,21465000.0,227798,0.03282798877158905
XOM,EXXON MOBIL CORP,30231G102,21405000.0,189842,0.032736226399061895
IVV,ISHARES TR S&P 500 INDEX,464287200,21331000.0,31870,0.032623052806278405
GOOG,ALPHABET INC CLASS C,02079K107,21109000.0,86672,0.03228353202792794
UNH,UNITEDHEALTH GROUP INC,91324P102,21065000.0,61004,0.03221623962140803
IBP,INSTALLED BUILDING PRODUCT,45780R101,20928000.0,84846,0.032006715537471024
PANW,PALO ALTO NETWORKS INC,697435105,20915000.0,102715,0.031986833690090144
N/A,CRH PLC,G25508105,20896000.0,174282,0.03195777560545655
GIB/A,CGI INC,12532H104,20895000.0,234870,0.031956246232581094
TXRH,TEXAS ROADHOUSE INC,882681109,20850000.0,125488,0.03188742445318573
IJH,ISHARES TR S&P MIDCAP 400,464287507,20850000.0,319484,0.03188742445318573
AVGO,BROADCOM INC,11135F101,20704000.0,62755,0.031664136013369655
ETN,EATON CORP PLC,G29183103,20625000.0,55111,0.0315433155562089
ONTO,ONTO INNOVATION INC,683344105,20612000.0,159513,0.03152343370882802
ABBV,ABBVIE INC,00287Y109,20345000.0,87868,0.03111509115108219
BV,BRIGHTVIEW HOLDINGS INC,10948C107,20308000.0,1515539,0.031058504354690448
ICE,INTERCONTINENTAL EXCHG INC,45866F104,20289000.0,120423,0.031029446270056847
FIX,COMFORT SYSTEMS USA INC,199908104,20097000.0,24355,0.030735806677969952
CPRT,COPART INC,217204106,19676000.0,437544,0.030091940697404434
JPM,JPMORGAN CHASE & CO,46625H100,19502000.0,61826,0.02982582981707569
ABG,CENCORA INC,03073E105,19343000.0,61891,0.029582659529878732
ORCL,ORACLE CORP,68389X105,19177000.0,68186,0.029328783632553604
CDNS,CADENCE DESIGN SYSTEMS INC,127387108,19088000.0,54342,0.029192669446638328
BFAM,BRIGHT HORIZONS FAMILY,109194100,19052000.0,175479,0.029137612023122036
ICE,INTERCONTINENTAL EXCHG INC,45866F104,18943000.0,112435,0.028970910379697713
NEE,NEXTERA ENERGY INC,65339F101,18926000.0,250708,0.02894491104081502
VTI,VANGUARD TOTAL STK MKT FD,922908769,18880000.0,57530,0.028874559888544198
SPOT,SPOTIFY TECHNOLOGY SA,L8681T102,18824000.0,26968,0.028788915007518855
CSL,CARLISLE COS,142339100,18822000.0,57216,0.02878585626176795
JBTM,JBT MAREL CORPORATION,477839104,18731000.0,133366,0.028646683330101768
KWEB,KRANESHARES TR CSI CHI INT,500767306,18666000.0,444312,0.028547274093197354
PANW,PALO ALTO NETWORKS INC,697435105,18528000.0,90993,0.028336220636384902
VOO,VANGUARD S&P 500 ETF,922908363,18504000.0,30216,0.028299515687374037
C,CITIGROUP INC,172967424,18502000.0,182289,0.02829645694162313
LLY,LILLY ELI & CO,532457108,18312000.0,24000,0.02800587609528715
SPOT,SPOTIFY TECHNOLOGY SA,L8681T102,18238000.0,26129,0.027892702502503662
ASO,ACADEMY SPORTS & OUTDOORS,00402L107,18229000.0,364439,0.027878938146624583
MGY,MAGNOLIA OIL & GAS CORP,559663109,18145000.0,760157,0.02775047082508657
LYV,LIVE NATION ENTERTMNT INC,538034109,18105000.0,110801,0.02768929591006847
MRCY,MERCURY COMPUTER SYS COM,589378108,17797000.0,229929,0.027218249064429087
EFX,EQUIFAX INC,294429105,17788000.0,69340,0.027204484708550008
EFA,ISHRS MSCI EAFE IND FND,464287465,17719000.0,189775,0.027098957980143782
NOW,SERVICENOW INC,81762P102,17706000.0,19240,0.027079076132762902
TSM,TAIWAN SEMI MFG CO ADR,874039100,17649000.0,63194,0.026991901878862107
NOVT,NOVANTA INC,67000B104,17625000.0,175987,0.02695519692985125
CDW,CDW CORP/DE,12514G108,17583000.0,110392,0.02689096326908224
DHR,DANAHER CORP,235851102,17541000.0,88475,0.026826729608313227
GWRE,GUIDEWIRE SOFTWARE INC,40171V100,17530000.0,76262,0.026809906506683252
EFA,ISHRS MSCI EAFE IND FND,464287465,17506000.0,187488,0.02677320155767239
TW,TRADEWEB MARKETS INC,892672106,17439000.0,157137,0.02667073357501707
CVBF,CVB FINL CORP COM,126600105,17406000.0,920445,0.026620264270127137
UFPT,UFP TECHNOLOGIES INC,902673102,17345000.0,86900,0.026526972524724527
WMT,WALMART INC,931142103,17234000.0,167226,0.0263572121355493
MEDP,MEDPACE HOLDINGS,58506Q109,17084000.0,33227,0.026127806204231413
V,VISA INC,92826C839,17056000.0,49963,0.026084983763718744
MCK,MCKESSON CORP,58155Q103,16991000.0,21994,0.02598557452681433
MCK,MCKESSON CORP,58155Q103,16880000.0,21850,0.025815814137639094
BKNG,BOOKING HLDGS INC,09857L108,16851000.0,3121,0.025771462324250965
IEMG,ISHARES CORE MSCI EM MKTS,46434G103,16844000.0,255519,0.0257607567141228
VSS,VANGUARD FTSE ALL,922042718,16810000.0,117927,0.025708758036357412
VTI,VANGUARD TOTAL STK MKT FD,922908769,16673000.0,50805,0.025499233952420416
APG,API GROUP CORP,00187Y100,16594000.0,482817,0.025378413495259662
VOO,VANGUARD S&P 500 ETF,922908363,16574000.0,27065,0.025347826037750612
BAH,BOOZ ALLEN HAMILTON HLDGS,099502106,16553000.0,165612,0.02531570920736611
DIOD,DIODES INC,254543101,16402000.0,308255,0.025084773903172774
ORLY,OREILLY AUTO INC NEW,67103H107,16378000.0,151913,0.02504806895416191
QQQ,INVESCO QQQ TR UNIT SER 1,46090E103,16329000.0,27199,0.024973129683264737
V,VISA INC,92826C839,16301000.0,47751,0.024930307242752067
CNM,CORE & MAIN INC,21874C102,16038000.0,297946,0.02452808217650804
OSW,ONESPAWORLD HOLDINGS LTD,P73684113,15973000.0,755586,0.024428672939603626
MUR,MURPHY OIL,626717102,15967000.0,562014,0.024419496702350912
BRK/A,BERKSHIRE HATHAWAY CL A,084670108,15838000.0,21,0.024222207601417533
ACWV,ISHARES MSCI GLBL MIN VOL,464286525,15834000.0,132042,0.02421609010991572
NOW,SERVICENOW INC,81762P102,15822000.0,17193,0.024197737635410294
JPM,JPMORGAN CHASE & CO,46625H100,15770000.0,49996,0.02411821024588676
RYAN,RYAN SPECIALTY HOLDNGS INC,78351F107,15716000.0,278858,0.02403562411061232
VSS,VANGUARD FTSE ALL,922042718,15715000.0,110241,0.024034094737736867
ISRG,INTUITIVE SURGICAL,46120E602,15689000.0,35080,0.023994331042975103
VUG,VANGUARD GROWTH FDS,922908736,15652000.0,32634,0.02393774424658336
HD,HOME DEPOT,437076102,15625000.0,38563,0.02389645117894614
BBSI,BARRETT BUSINESS SVCS,068463108,15606000.0,352114,0.02386739309431254
UNH,UNITEDHEALTH GROUP INC,91324P102,15580000.0,45121,0.023827629399550774
CME,CME GROUP INC,12572Q105,15545000.0,57534,0.023774101348909935
LHX,L3 HARRIS TECHNOLOGIES INC,502431109,15434000.0,50534,0.023604340959734703
HDB,HDFC BANK LTD ADR REPS3,40415F101,15369000.0,449925,0.023504931722830285
FLR,FLUOR CORP NEW COM,343412102,15302000.0,363726,0.023402463740174965
FSS,FEDERAL SIGNAL,313855108,15290000.0,128496,0.023384111265669534
CRDO,CREDO TECHNOLOGY GROUP HOL,G25457105,15246000.0,104707,0.023316818859149623
MSI,MOTOROLA SOLUTIONS INC,620076307,15157000.0,33145,0.023180704673234343
MDY,SPDR S&P MIDCAP 400 ETF TR,78467Y107,15149000.0,25417,0.023168469690230724
MTDR,MATADOR RES CO,576485205,15144000.0,337066,0.023160822825853463
MSCI,MSCI INC,55354G100,15107000.0,26625,0.023104236029461715
BA,BOEING COMPANY,097023105,15069000.0,69821,0.02304611986019452
NOC,NORTHROP GRUMMAN CORP,666807102,15067000.0,24727,0.023043061114443614
DHR,DANAHER CORP,235851102,15032000.0,75819,0.022989533063802775
AEP,AMERICAN ELECTRIC POWER CO,025537101,15007000.0,133399,0.02295129874191646
VCIT,VANGUARD INT-TERM CORP,92206C870,14786000.0,175797,0.022613307336441447
BAC,BANK OF AMERICA CORP,060505104,14769000.0,286276,0.022587307997558755
MCD,MCDONALDS CORP,580135101,14627000.0,48131,0.022370137049244492
BRK/B,BERKSHIRE HATHAWAY CL B,084670702,14582000.0,29006,0.022301315269849128
ULS,UL SOLUTIONS INC,903731107,14573000.0,205666,0.022287550913970056
V,VISA INC,92826C839,14530000.0,42563,0.022221787880325593
PBH,PRESTIGE CONSUMER,74112D101,14492000.0,232241,0.022163671711058396
JNJ,JOHNSON & JOHNSON,478160104,14467000.0,78024,0.02212543738917208
PLMR,PALOMAR HOLDINGS INC,69753M105,14400000.0,123337,0.02202296940651676
AMAT,APPLIED MATERIALS,038222105,14314000.0,69915,0.021891443339227844
NFLX,NETFLIX INC,64110L106,14302000.0,11929,0.021873090864722413
MMSI,MERIT MEDICAL SYS,589889104,14218000.0,170825,0.021744623543184394
WAB,WABTEC CORP,929740108,14197000.0,70817,0.021712506712799895
GVI,ISHARES INT GOV/CRED,464288612,14140000.0,131613,0.0216253324588991
MDT,MEDTRONIC PLC,G5960L103,14107000.0,148116,0.021574863154009163
CCEP,COCA COLA EUROPAC PART PLC,G25839104,14073000.0,155659,0.02152286447624378
AMT,AMERICAN TOWER CORP,03027X100,14007000.0,72831,0.02142192586646391
SAIA,SAIA INC COM,78709Y105,14000000.0,46765,0.021411220256335742
BWXT,BWX TECHNOLOGIES INC,05605H100,13915000.0,75475,0.021281223561922274
MSCI,MSCI INC,55354G100,13911000.0,24517,0.021275106070420463
LMB,LIMBACH HOLDINGS INC,53263P105,13839000.0,142494,0.02116499122338788
WINA,WINMARK CORP,974250102,13787000.0,27698,0.021085463833864344
BN,BROOKFIELD CORPORATION,11271J107,13761000.0,200651,0.02104570013910258
ISRG,INTUITIVE SURGICAL,46120E602,13750000.0,30744,0.021028877037472603
PM,PHILIP MORRIS INTL INC,718172109,13712000.0,84537,0.020970760868205405
KLAC,KLA CORPORATION,482480100,13677000.0,12680,0.020917232817564566
BN,BROOKFIELD CORPORATION,11271J107,13569000.0,197852,0.020752060547015692
MUB,ISHARES NATL MUNI BD ETF,464288414,13537000.0,127119,0.020703120615001208
PM,PHILIP MORRIS INTL INC,718172109,13525000.0,83385,0.020684768140495777
MELI,MERCADOLIBRE INC,58733R102,13475000.0,5766,0.02060829949672315
META,META PLATFORMS INC,30303M102,13433000.0,18291,0.020544065835954143
AMAT,APPLIED MATERIALS,038222105,13409000.0,65492,0.02050736088694328
ORLY,OREILLY AUTO INC NEW,67103H107,13340000.0,123735,0.020401834158537056
SPGI,S&P GLOBAL INC.,78409V104,13279000.0,27284,0.02030854241313445
BJ,BJS WHOLESALE CLUB HOLDIN,05550J101,13258000.0,142179,0.020276425582749946
N/A,CRH PLC,G25508105,13254000.0,110540,0.02027030809124814
MSI,MOTOROLA SOLUTIONS INC,620076307,13235000.0,28943,0.020241250006614538
QCOM,QUALCOMM INC,747525103,13187000.0,79269,0.020167840108592815
MSA,MSA SAFETY INC,553498106,13182000.0,76609,0.020160193244215554
HWM,HOWMET AEROSPACE INC,443201108,13165000.0,67090,0.02013419390533286
CCCS,CCC INTELLIGENT SOLUTIONS,12510Q100,13114000.0,1439554,0.020056195888684777
MANH,MANHATTAN ASSOCIATES INC,562750109,13092000.0,63870,0.02002254968542482
ETN,EATON CORP PLC,G29183103,13061000.0,34900,0.019975139126285794
VGK,VANGUARD MSCI EUROPE ETF,922042874,12917000.0,161871,0.019754909432220625
BRK/B,BERKSHIRE HATHAWAY CL B,084670702,12911000.0,25681,0.019745733194967908
BAC,BANK OF AMERICA CORP,060505104,12877000.0,249610,0.019693734517202525
BBD,BANCO BRADESCO ADR PFD,059460303,12692000.0,3755167,0.019410800535243803
TRU,TRANSUNION,89400J107,12595000.0,150340,0.0192624513663249
VGK,VANGUARD MSCI EUROPE ETF,922042874,12594000.0,157822,0.01926092199344945
WING,WINGSTOP INC,974155103,12567000.0,49932,0.01921962892581223
CMC,COMMERCIAL METALS CO,201723103,12562000.0,219314,0.01921198206143497
DWD,MORGAN STANLEY GRP INC,617446448,12557000.0,78993,0.019204335197057706
AEE,AMEREN CORP,023608102,12549000.0,120228,0.019192100214054087
BSX,BOSTON SCIENTIFIC CORP,101137107,12544000.0,128488,0.019184453349676823
MAZE,MAZE THERAPEUTICS INC,578784100,12493000.0,481790,0.019106455333028745
IBM,INTERNATIONAL BUS MACHINES,459200101,12461000.0,44163,0.01905751540101426
TRU,TRANSUNION,89400J107,12447000.0,148564,0.019036104180757928
GFF,GRIFFON CORP,398433102,12229000.0,160596,0.01870270089390927
KRE,SPDR S&P REGIONAL BK ETF,78464A698,12211000.0,192909,0.018675172182151124
PRM,PERIMETER SOLUTIONS INC,71385M107,12196000.0,544690,0.018652231589019335
AXGN,AXOGEN INC,05463X106,12165000.0,681903,0.018604821029880304
DWD,MORGAN STANLEY GRP INC,617446448,12115000.0,76214,0.01852835238610768
BSY,BENTLEY SYSTEMS INC,08265T208,12115000.0,235339,0.01852835238610768
KNSL,KINSALE CAPITAL GROUP INC,49714P108,12086000.0,28420,0.018484000572719553
BE,BLOOM ENERGY CORP,093712107,12008000.0,141992,0.018364709488434255
HLIO,HELIOS TECHNOLOGIES INC,42328H109,11967000.0,229561,0.0183020052005407
NOC,NORTHROP GRUMMAN CORP,666807102,11943000.0,19601,0.01826530025152984
AEE,AMEREN CORP,023608102,11925000.0,114247,0.018237771539771692
HDB,HDFC BANK LTD ADR REPS3,40415F101,11860000.0,347191,0.018138362302867278
SPGI,S&P GLOBAL INC.,78409V104,11853000.0,24354,0.018127656692739108
SPY,S&P 500 DEP RCPTS,78462F103,11802000.0,17716,0.01804965867609103
BSX,BOSTON SCIENTIFIC CORP,101137107,11783000.0,120689,0.01802060059145743
XOM,EXXON MOBIL CORP,30231G102,11721000.0,103956,0.01792577947317937
LNW,LIGHT & WONDER INC.,80874P109,11703000.0,139416,0.01789825076142123
ABBV,ABBVIE INC,00287Y109,11678000.0,50436,0.01786001643953491
AVGO,BROADCOM INC,11135F101,11608000.0,35184,0.017752960338253233
WHD,CACTUS INC,127203107,11587000.0,293554,0.01772084350786873
RDY,DR. REDDYS LAB ADR,256135203,11556000.0,826618,0.017673432948729702
FTNT,FORTINET INC,34959E109,11528000.0,137102,0.01763061050821703
XBI,SPDR SERIES TR S&P BIOTEH,78464A870,11492000.0,114692,0.017575553084700737
COST,COSTCO WHSL CORP NEW,22160K105,11448000.0,12368,0.017508260678180825
EFA,ISHRS MSCI EAFE IND FND,464287465,11374000.0,121815,0.01739508708539734
IEMG,ISHARES CORE MSCI EM MKTS,46434G103,11357000.0,172285,0.017369087746514644
SPG,SIMON PROP GROUP,828806109,11325000.0,60345,0.017320147814500163
BAC,BANK OF AMERICA CORP,060505104,11308000.0,219185,0.017294148475617468
RCL,ROYAL CARIBBEAN CRUISES LD,V7780T103,11235000.0,34720,0.01718250425570943
AJG,GALLAGER ARTHUR J & CO,363576109,11195000.0,36143,0.01712132934069133
RVMD,REVOLUTION MEDICINES INC,76155X100,11170000.0,239183,0.017083095018805016
PG,PROCTER & GAMBLE CO,742718109,11143000.0,72522,0.0170418019511678
IJR,ISHARES S&P SMCAP 600 INDX,464287804,11127000.0,93635,0.017017331985160557
CVX,CHEVRON CORP,166764100,11108000.0,71532,0.016988273900526957
VOO,VANGUARD S&P 500 ETF,922908363,11052000.0,18047,0.016902629019501614
WH,WYNDHAM HOTELS & RESORTS,98311A105,11043000.0,138209,0.016888864663622542
CW,CURTISS WRIGHT CORP,231561101,11023000.0,20302,0.016858277206113492
ABBV,ABBVIE INC,00287Y109,11018000.0,47585,0.016850630341736228
MA,MASTERCARD CL A,57636Q104,10987000.0,19315,0.0168032197825972
VEA,VANGUARD FTSE DEVL ETF,921943858,10955000.0,182824,0.01675427985058272
IEMG,ISHARES CORE MSCI EM MKTS,46434G103,10841000.0,164450,0.016579931342781126
ABT,ABBOTT LABORATORIES,002824100,10804000.0,80660,0.01652334454638938
KTOS,KRATOS DEFENSE & SECURITY,50077B207,10725000.0,117384,0.01640252408922863
IWB,ISHARES RUSS 1000 INDEX,464287622,10707000.0,29297,0.016374995377470485
SRE,SEMPRA COM,816851109,10685000.0,118748,0.01634134917421053
TMO,THERMO FISHER SCIENTIFIC,883556102,10628000.0,21913,0.016254174920309734
JNJ,JOHNSON & JOHNSON,478160104,10592000.0,57125,0.01619911749679344
VMBS,VANGUARD MORTGAGE-BACK SEC,92206C771,10584000.0,225391,0.01618688251378982
KMI,KINDER MORGAN INC,49456B101,10564000.0,373160,0.01615629505628077
VXF,VANGUARD INDEX EXTEND MKT,922908652,10455000.0,49943,0.015989593412856443
ICE,INTERCONTINENTAL EXCHG INC,45866F104,10453000.0,62040,0.015986534667105538
TMO,THERMO FISHER SCIENTIFIC,883556102,10449000.0,21543,0.015980417175603726
LLY,LILLY ELI & CO,532457108,10411000.0,13645,0.01592230100633653
UNP,UNION PACIFIC CORP,907818108,10376000.0,43896,0.01586877295569569
IONQ,IONQ INC,46222L108,10376000.0,168722,0.01586877295569569
EFA,ISHRS MSCI EAFE IND FND,464287465,10349000.0,110843,0.01582747988805847
LLY,LILLY ELI & CO,532457108,10344000.0,13557,0.015819833023681205
TTWO,TAKE-2 INTERACTIVE,874054109,10337000.0,40009,0.015809127413553038
TTWO,TAKE-2 INTERACTIVE,874054109,10265000.0,39730,0.015699012566520457
BAC,VERIZON COMMUNICATIONS,92343V104,10202000.0,232136,0.015602662075366943
KKR,KKR & CO INC,48251W104,10176000.0,78305,0.015562898380605178
NRG,NRG ENERGY INC,629377508,10157000.0,62717,0.015533840295971579
IT,GARTNER INC CL A,366651107,10147000.0,38601,0.015518546567217054
NDAQ,NASDAQ INC.,631103108,10053000.0,113659,0.015374785516924516
VEU,VNGRD FTSE ALL-WORLD EX-US,922042775,10052000.0,140850,0.015373256144049063
KWEB,KRANESHARES TR CSI CHI INT,500767306,10049000.0,239198,0.015368668025422704
STE,STERIS PLC,G8473T100,10041000.0,40578,0.015356433042419083
PHR,PHREESIA INC,71944F106,10032000.0,426546,0.015342668686540011
MCK,MCKESSON CORP,58155Q103,10024000.0,12976,0.015330433703536392
ABG,CENCORA INC,03073E105,9994000.0,31979,0.015284552517272815
WMT,WALMART INC,931142103,9956000.0,96608,0.015226436348005615
ENTG,ENTEGRIS INC,29362U104,9936000.0,107461,0.015195848890496567
COST,COSTCO WHSL CORP NEW,22160K105,9931000.0,10729,0.015188202026119303
KO,COCA-COLA COMPANY,191216100,9928000.0,149704,0.015183613907492944
CLH,CLEAN HARBORS INC,184496107,9925000.0,42741,0.015179025788866589
TSM,TAIWAN SEMI MFG CO ADR,874039100,9897000.0,35435,0.015136203348353914
IT,GARTNER INC CL A,366651107,9873000.0,37559,0.015099498399343055
BJ,BJS WHOLESALE CLUB HOLDIN,05550J101,9787000.0,104956,0.014967972332054135
C,CITIGROUP INC,172967424,9768000.0,96241,0.014938914247420535
COP,CONOCOPHILLIPS,20825C104,9744000.0,103013,0.014902209298409675
URI,UNITED RENTALS INC,911363109,9728000.0,10190,0.014877739332402435
VEU,VNGRD FTSE ALL-WORLD EX-US,922042775,9703000.0,135960,0.01483950501051612
MDT,MEDTRONIC PLC,G5960L103,9685000.0,101686,0.014811976298757974
SPOT,SPOTIFY TECHNOLOGY SA,L8681T102,9639000.0,13809,0.014741625146487157
INFY,INFOSYS LTD ADR,456788108,9635000.0,592211,0.014735507654985347
PG,PROCTER & GAMBLE CO,742718109,9618000.0,62597,0.014709508316102654
NEE,NEXTERA ENERGY INC,65339F101,9606000.0,127249,0.014691155841597223
KEYS,KEYSIGHT TECHNOLOGIES INC,49338L103,9584000.0,54790,0.014657509638337266
MELI,MERCADOLIBRE INC,58733R102,9528000.0,4077,0.014571864757311924
XOM,EXXON MOBIL CORP,30231G102,9509000.0,84337,0.014542806672678326
IWD,ISHARES TR RUSSELL 1000VAL,464287598,9502000.0,46674,0.014532101062550158
HLT,HILTON WORLDWIDE HOLDINGS,43300A203,9499000.0,36614,0.0145275129439238
VCIT,VANGUARD INT-TERM CORP,92206C870,9443000.0,112272,0.014441868062898457
AME,AMETEK INC NEW,031100100,9432000.0,50170,0.01442504496126848
GOOGL,ALPHABET INC. CLASS A,02079K305,9423000.0,38763,0.014411280605389404
ABBV,ABBVIE INC,00287Y109,9410000.0,40643,0.014391398758008522
CDNS,CADENCE DESIGN SYSTEMS INC,127387108,9404000.0,26772,0.014382222520755808
MCD,MCDONALDS CORP,580135101,9380000.0,30867,0.014345517571744945
COST,COSTCO WHSL CORP NEW,22160K105,9363000.0,10115,0.014319518232862254
CM,CDN IMPERIAL BK COMMER,136069101,9352000.0,117170,0.014302695131232274
COO,COOPER COS INC/THE,216648501,9341000.0,136244,0.014285872029602296
HLT,HILTON WORLDWIDE HOLDINGS,43300A203,9266000.0,35715,0.014171169063943355
TEL,TE CONNECTIVITY PLC,G87052109,9263000.0,42193,0.014166580945316998
SHW,SHERWIN-WILLIAMS CO,824348106,9259000.0,26741,0.014160463453815188
ACWI,ISHARES MSCI ACWI INDX FD,464288257,9254000.0,66943,0.014152816589437924
USFD,US FOODS HOLDING CORP,912008109,9251000.0,120739,0.014148228470811566
LLY,LILLY ELI & CO,532457108,9227000.0,12093,0.014111523521800706
IPAC,ISHARES CORE MSCI PACIFIC,46434V696,9190000.0,125154,0.014054936725408963
APO,APOLLO GLOBAL MANAGEMENT I,03769M106,9167000.0,68782,0.014019761149273552
SPOT,SPOTIFY TECHNOLOGY SA,L8681T102,9096000.0,13032,0.01391117567511642
VUG,VANGUARD GROWTH FDS,922908736,9033000.0,18835,0.013814825183962912
APO,APOLLO GLOBAL MANAGEMENT I,03769M106,9009000.0,67596,0.013778120234952049
URI,UNITED RENTALS INC,911363109,8947000.0,9372,0.013683299116673991
GEV,GE VERNOVA LLC,36828A101,8912000.0,14493,0.013629771066033152
GLD,SPDR GOLD TRUST,78463V107,8907000.0,25056,0.013622124201655888
MRK,MERCK & CO INC NEW,58933Y105,8777000.0,104578,0.013423305727847059
SHW,SHERWIN-WILLIAMS CO,824348106,8751000.0,25272,0.01338354203308529
TSLA,TESLA INC,88160R101,8750000.0,19675,0.013382012660209837
CSL,CARLISLE COS,142339100,8708000.0,26472,0.01331777899944083
FTNT,FORTINET INC,34959E109,8678000.0,103216,0.013271897813177252
ICE,INTERCONTINENTAL EXCHG INC,45866F104,8624000.0,51187,0.013189311677902816
IDXX,IDEXX LABS CORP,45168D104,8623000.0,13497,0.013187782305027363
BCH,BANCO DE CHILE ADR,059520106,8618000.0,284413,0.013180135440650102
STE,STERIS PLC,G8473T100,8537000.0,34503,0.013056256237738444
AXON,AXON ENTERPRISE INC,05464C101,8522000.0,11875,0.013033315644606655
LHX,L3 HARRIS TECHNOLOGIES INC,502431109,8488000.0,27791,0.01298131696684127
MUB,ISHARES NATL MUNI BD ETF,464288414,8416000.0,79035,0.012871202119808686
NDAQ,NASDAQ INC.,631103108,8407000.0,95053,0.012857437763929612
ABG,CENCORA INC,03073E105,8392000.0,26851,0.012834497170797822
CVX,CHEVRON CORP,166764100,8377000.0,53942,0.012811556577666035
NEE,NEXTERA ENERGY INC,65339F101,8370000.0,110874,0.012800850967537868
CLH,CLEAN HARBORS INC,184496107,8341000.0,35919,0.012756499154149744
TXN,TEXAS INSTRUMENTS INC,882508104,8323000.0,45298,0.012728970442391598
DUK,DUKE ENERGY HLDG CORP,26441C204,8308000.0,67139,0.012706029849259809
MSCI,MSCI INC,55354G100,8298000.0,14624,0.012690736120505284
3TY,TITAN MACHINERY IN,88830R101,8282000.0,494764,0.012666266154498044
VTV,VANGUARD INDEX FDS VA ETF,922908744,8276000.0,44378,0.012657089917245326
VTI,VANGUARD TOTAL STK MKT FD,922908769,8264000.0,25181,0.012638737442739897
MET,METLIFE INC COM,59156R108,8254000.0,100206,0.012623443713985372
COP,CONOCOPHILLIPS,20825C104,8250000.0,87221,0.012617326222483561
KEYS,KEYSIGHT TECHNOLOGIES INC,49338L103,8248000.0,47153,0.012614267476732655
TSLA,TESLA INC,88160R101,8210000.0,18461,0.012556151307465459
IWF,ISHARES TR RUSSELL 1000GRW,464287614,8192000.0,17490,0.012528622595707313
MCK,MCKESSON CORP,58155Q103,8180000.0,10589,0.012510270121201882
HON,HONEYWELL INTL INC,438516106,8171000.0,38817,0.01249650576532281
BN,BROOKFIELD CORPORATION,11271J107,8156000.0,118933,0.012473565172191023
WM,WASTE MANAGEMENT INC NEW,94106L109,8138000.0,36852,0.012446036460432875
RMBS,RAMBUS INC,750917106,8103000.0,77760,0.012392508409792035
AMT,AMERICAN TOWER CORP,03027X100,8090000.0,42063,0.012372626562411152
CME,CME GROUP INC,12572Q105,8070000.0,29869,0.012342039104902103
IJH,ISHARES TR S&P MIDCAP 400,464287507,8051000.0,123365,0.012312981020268503
BKNG,BOOKING HLDGS INC,09857L108,8034000.0,1488,0.01228698168138581
CDNS,CADENCE DESIGN SYSTEMS INC,127387108,8033000.0,22868,0.012285452308510357
ABG,CENCORA INC,03073E105,8028000.0,25688,0.012277805444133096
GPC,GENUINE PARTS CO,372460105,7977000.0,57551,0.012199807427485014
AMAT,APPLIED MATERIALS,038222105,7966000.0,38907,0.012182984325855037
AEP,AMERICAN ELECTRIC POWER CO,025537101,7934000.0,70524,0.012134044393840554
PWR,QUANTA SERVICES INC,74762E102,7918000.0,19106,0.012109574427833314
IWM,ISHARES TR RUSSELL 2000,464287655,7901000.0,32654,0.01208357508895062
JNJ,JOHNSON & JOHNSON,478160104,7880000.0,42498,0.012051458258566117
N/A,CRH PLC,G25508105,7859000.0,65547,0.012019341428181613
NEE,NEXTERA ENERGY INC,65339F101,7855000.0,104052,0.012013223936679803
VYM,VANGUARD HIGH DIVIDEND YLD,921946406,7852000.0,55709,0.012008635818053446
VSS,VANGUARD FTSE ALL,922042718,7834000.0,54957,0.011981107106295298
USFD,US FOODS HOLDING CORP,912008109,7830000.0,102188,0.011974989614793489
PNR,PENTAIR PLC,G7S00T104,7818000.0,70587,0.01195663714028806
MSI,MOTOROLA SOLUTIONS INC,620076307,7805000.0,17069,0.011936755292907174
DE,DEERE & CO,244199105,7786000.0,17028,0.011907697208273577
VUG,VANGUARD GROWTH FDS,922908736,7760000.0,16180,0.01186793351351181
VTI,VANGUARD TOTAL STK MKT FD,922908769,7719000.0,23520,0.011805229225618255
NOW,SERVICENOW INC,81762P102,7674000.0,8339,0.011736407446222891
SPY,S&P 500 DEP RCPTS,78462F103,7670000.0,11514,0.01173028995472108
ICE,INTERCONTINENTAL EXCHG INC,45866F104,7616000.0,45205,0.011647703819446643
RY,ROYAL BANK OF CANADA,780087102,7610000.0,51694,0.011638527582193928
WAB,WABTEC CORP,929740108,7605000.0,37934,0.011630880717816665
BX,BLACKSTONE INC,09260D107,7590000.0,44427,0.011607940124684876
HWM,HOWMET AEROSPACE INC,443201108,7574000.0,38597,0.011583470158677635
NXT,NEXTRACKER INC,65290E101,7560000.0,102179,0.0115620589384213
DASH,DOORDASH INC,25809K105,7530000.0,27684,0.011516177752157724
AAPL,APPLE INC,037833100,7516000.0,29517,0.011494766531901388
GS,GOLDMAN SACHS GROUP,38141G104,7504000.0,9423,0.011476414057395957
IJR,ISHARES S&P SMCAP 600 INDX,464287804,7488000.0,63018,0.011451944091388716
WMT,WALMART INC,931142103,7470000.0,72484,0.01142441537963057
BA,BOEING COMPANY,097023105,7415000.0,34354,0.011340299871480681
ADP,AUTOMATIC DATA PROCESSING,053015103,7413000.0,25258,0.011337241125729775
TRU,TRANSUNION,89400J107,7412000.0,88469,0.011335711752854322
TMO,THERMO FISHER SCIENTIFIC,883556102,7405000.0,15268,0.011325006142726154
KO,COCA-COLA COMPANY,191216100,7398000.0,111545,0.011314300532597986
MA,MASTERCARD CL A,57636Q104,7388000.0,12988,0.011299006803843461
DHR,DANAHER CORP,235851102,7379000.0,37219,0.011285242447964389
ETN,EATON CORP PLC,G29183103,7374000.0,19704,0.011277595583587124
BAC,BANK OF AMERICA CORP,060505104,7371000.0,142885,0.011273007464960768
EFA,ISHRS MSCI EAFE IND FND,464287465,7336000.0,78566,0.011219479414319928
BBJP,JPMORGAN BETABUILDERS JAPA,46641Q217,7309000.0,110212,0.01117818634668271
MELI,MERCADOLIBRE INC,58733R102,7305000.0,3126,0.011172068855180899
DUK,DUKE ENERGY HLDG CORP,26441C204,7271000.0,58758,0.011120070177415512
IVV,ISHARES TR S&P 500 INDEX,464287200,7237000.0,10813,0.011068071499650126
AEE,AMEREN CORP,023608102,7222000.0,69187,0.011045130906518338
SLB,SCHLUMBERGER LTD,806857108,7203000.0,209581,0.011016072821884737
CPRT,COPART INC,217204106,7184000.0,159754,0.01098701473725114
XBI,SPDR SERIES TR S&P BIOTEH,78464A870,7177000.0,71626,0.010976309127122972
DWD,MORGAN STANLEY GRP INC,617446448,7159000.0,45036,0.010948780415364826
MCK,MCKESSON CORP,58155Q103,7151000.0,9257,0.010936545432361207
UNH,UNITEDHEALTH GROUP INC,91324P102,7143000.0,20686,0.010924310449357585
SPGI,S&P GLOBAL INC.,78409V104,7131000.0,14651,0.010905957974852155
RSG,REPUBLIC SERVICES INC,760759100,7127000.0,31055,0.010899840483350345
IBM,INTERNATIONAL BUS MACHINES,459200101,7120000.0,25233,0.010889134873222177
HD,HOME DEPOT,437076102,7112000.0,17553,0.010876899890218556
ASML,ASML HOLDING NV ADR,N07059210,7111000.0,7345,0.010875370517343103
RSG,REPUBLIC SERVICES INC,760759100,7098000.0,30930,0.010855488669962221
VOO,VANGUARD S&P 500 ETF,922908363,7091000.0,11580,0.010844783059834053
ORCL,ORACLE CORP,68389X105,7069000.0,25135,0.010811136856574097
CDW,CDW CORP/DE,12514G108,7063000.0,44342,0.010801960619321382
QQQ,INVESCO QQQ TR UNIT SER 1,46090E103,7062000.0,11762,0.010800431246445929
EFX,EQUIFAX INC,294429105,7059000.0,27517,0.01079584312781957
DHR,DANAHER CORP,235851102,7057000.0,35596,0.010792784382068666
WM,WASTE MANAGEMENT INC NEW,94106L109,7051000.0,31930,0.010783608144815951
IDXX,IDEXX LABS CORP,45168D104,7049000.0,11033,0.010780549399065045
TW,TRADEWEB MARKETS INC,892672106,7043000.0,63458,0.01077137316181233
BSX,BOSTON SCIENTIFIC CORP,101137107,7014000.0,71845,0.010727021348424206
SPOT,SPOTIFY TECHNOLOGY SA,L8681T102,7007000.0,10039,0.01071631573829604
SCHF,SCHWAB INTERNATIONAL EQUIT,808524805,6964000.0,299156,0.010650552704651579
NVDA,NVIDIA CORP,67066G104,6962000.0,37315,0.010647493958900673
AG8,AGILENT TECHNOLOGIES,00846U101,6953000.0,54173,0.0106337296030216
BX,BLACKSTONE INC,09260D107,6928000.0,40548,0.010595495281135287
MEDP,MEDPACE HOLDINGS,58506Q109,6902000.0,13423,0.01055573158637352
IDEV,ISHARES CORE MSCI INTERNAT,46435G326,6870000.0,85693,0.010506791654359039
ISRG,INTUITIVE SURGICAL,46120E602,6827000.0,15265,0.010441028620714578
LYV,LIVE NATION ENTERTMNT INC,538034109,6815000.0,41705,0.010422676146209148
SCZ,ISHARES MSCI EAFE SM,464288273,6796000.0,88580,0.010393618061575549
NOW,SERVICENOW INC,81762P102,6787000.0,7375,0.010379853705696477
UNH,UNITEDHEALTH GROUP INC,91324P102,6759000.0,19573,0.010337031265183805
IP,INTERNATIONAL PAPER,460146103,6753000.0,145534,0.01032785502793109
CCEP,COCA COLA EUROPAC PART PLC,G25839104,6694000.0,74045,0.01023762202827939
WMT,WALMART INC,931142103,6681000.0,64825,0.010217740180898506
UNP,UNION PACIFIC CORP,907818108,6680000.0,28259,0.010216210808023053
IJH,ISHARES TR S&P MIDCAP 400,464287507,6677000.0,102313,0.010211622689396696
BAH,BOOZ ALLEN HAMILTON HLDGS,099502106,6656000.0,66598,0.010179505859012193
CNM,CORE & MAIN INC,21874C102,6641000.0,123373,0.010156565265880404
SPY,S&P 500 DEP RCPTS,78462F103,6626000.0,9947,0.010133624672748616
HWM,HOWMET AEROSPACE INC,443201108,6620000.0,33734,0.010124448435495901
MSCI,MSCI INC,55354G100,6607000.0,11644,0.010104566588115017
IEF,ISHARES LEHMAN 7-10 YR TRS,464287440,6585000.0,68269,0.01007092038485506
CPRT,COPART INC,217204106,6553000.0,145725,0.010021980452840579
MSI,MOTOROLA SOLUTIONS INC,620076307,6553000.0,14329,0.010021980452840579
ORCL,ORACLE CORP,68389X105,6540000.0,23254,0.010002098605459697
XOP,SPDR S&P OIL & GAS EXPLORA,78468R556,6539000.0,49462,0.010000569232584244
APG,API GROUP CORP,00187Y100,6509000.0,189367,0.009954688046320668
BN,BROOKFIELD CORPORATION,11271J107,6508000.0,94899,0.009953158673445215
PNR,PENTAIR PLC,G7S00T104,6504000.0,58723,0.009947041181943405
XOM,EXXON MOBIL CORP,30231G102,6494000.0,57592,0.009931747453188878
AMAT,APPLIED MATERIALS,038222105,6485000.0,31673,0.009917983097309804
TD,TORONTO-DOMINION,891160509,6475000.0,81075,0.009902689368555281
ETN,EATON CORP PLC,G29183103,6463000.0,17270,0.009884336894049849
N/A,CRH PLC,G25508105,6431000.0,53640,0.009835396962035368
SPY,S&P 500 DEP RCPTS,78462F103,6429000.0,9651,0.009832338216284462
MSFT,MICROSOFT CORP,594918104,6382000.0,12321,0.009760457691138194
NOC,NORTHROP GRUMMAN CORP,666807102,6380000.0,10470,0.009757398945387288
AME,AMETEK INC NEW,031100100,6373000.0,33897,0.00974669333525912
VT,VANGUARD TOT WORLD STK,922042742,6335000.0,45976,0.009688577165991922
CSL,CARLISLE COS,142339100,6329000.0,19240,0.009679400928739207
CDNS,CADENCE DESIGN SYSTEMS INC,127387108,6284000.0,17889,0.009610579149343842
IWM,ISHARES TR RUSSELL 2000,464287655,6278000.0,25948,0.009601402912091127
KWEB,KRANESHARES TR CSI CHI INT,500767306,6237000.0,148474,0.009538698624197572
RYAN,RYAN SPECIALTY HOLDNGS INC,78351F107,6234000.0,110607,0.009534110505571214
ISRG,INTUITIVE SURGICAL,46120E602,6228000.0,13925,0.0095249342683185
NFLX,NETFLIX INC,64110L106,6206000.0,5176,0.009491288065058542
ORLY,OREILLY AUTO INC NEW,67103H107,6199000.0,57502,0.009480582454930376
UNH,UNITEDHEALTH GROUP INC,91324P102,6171000.0,17870,0.009437760014417703
GPC,GENUINE PARTS CO,372460105,6134000.0,44259,0.00938117321802596
ACWI,ISHARES MSCI ACWI INDX FD,464288257,6118000.0,44259,0.00935670325201872
SHOP,SHOPIFY INC,82509L107,6107000.0,41096,0.00933988015038874
EFX,EQUIFAX INC,294429105,6084000.0,23716,0.009304704574253331
TTWO,TAKE-2 INTERACTIVE,874054109,6083000.0,23545,0.009303175201377878
PANW,PALO ALTO NETWORKS INC,697435105,6076000.0,29841,0.009292469591249712
SAIA,SAIA INC COM,78709Y105,6054000.0,20222,0.009258823387989754
SPGI,S&P GLOBAL INC.,78409V104,6053000.0,12437,0.009257294015114303
ABT,ABBOTT LABORATORIES,002824100,6051000.0,45174,0.009254235269363397
IT,GARTNER INC CL A,366651107,6049000.0,23012,0.009251176523612492
XLK,SECTOR SPDR TR SBI INT TCH,81369Y803,6038000.0,21421,0.009234353421982516
PANW,PALO ALTO NETWORKS INC,697435105,6006000.0,29497,0.009185413489968033
TRU,TRANSUNION,89400J107,5980000.0,71377,0.009145649795206266
DHR,DANAHER CORP,235851102,5978000.0,30152,0.009142591049455362
FLUT,FLUTTER ENTERTAINMENT PLC,G3643J108,5966000.0,23488,0.009124238574949931
CDW,CDW CORP/DE,12514G108,5966000.0,37454,0.009124238574949931
TNGX,TANGO THERAPEUTICS INC,87583X109,5951000.0,708398,0.009101297981818142
C,CITIGROUP INC,172967424,5944000.0,58562,0.009090592371689975
TW,TRADEWEB MARKETS INC,892672106,5920000.0,53343,0.009053887422679112
BN,BROOKFIELD CORPORATION,11271J107,5899000.0,86023,0.00902177059229461
SLB,SCHLUMBERGER LTD,806857108,5895000.0,171513,0.0090156531007928
TMO,THERMO FISHER SCIENTIFIC,883556102,5891000.0,12145,0.009009535609290988
IWF,ISHARES TR RUSSELL 1000GRW,464287614,5879000.0,12550,0.00899118313478556
MSCI,MSCI INC,55354G100,5840000.0,10293,0.008931537592642909
TJX,TJX COMPANIES INC,872540109,5828000.0,40318,0.008913185118137478
HWM,HOWMET AEROSPACE INC,443201108,5826000.0,29688,0.008910126372386574
ULS,UL SOLUTIONS INC,903731107,5822000.0,82156,0.008904008880884764
NOW,SERVICENOW INC,81762P102,5814000.0,6318,0.008891773897881143
XLU,UTILITIES SELECT SECT SPDR,81369Y886,5811000.0,66632,0.008887185779254785
MEDP,MEDPACE HOLDINGS,58506Q109,5765000.0,11213,0.008816834626983967
LYV,LIVE NATION ENTERTMNT INC,538034109,5764000.0,35278,0.008815305254108514
HLT,HILTON WORLDWIDE HOLDINGS,43300A203,5754000.0,22179,0.00880001152535399
SBAC,SBA COMMUNICATIONS CORP,78410G104,5753000.0,29752,0.008798482152478537
MSI,MOTOROLA SOLUTIONS INC,620076307,5741000.0,12555,0.008780129677973106
AMAT,APPLIED MATERIALS,038222105,5723000.0,27952,0.008752600966214961
VUG,VANGUARD GROWTH FDS,922908736,5722000.0,11930,0.008751071593339509
QCOM,QUALCOMM INC,747525103,5718000.0,34371,0.008744954101837697
AEE,AMEREN CORP,023608102,5711000.0,54718,0.008734248491709529
WEC,WEC ENERGY GROUP INC,92939U106,5701000.0,49747,0.008718954762955004
BMO,BANK OF MONTREAL QUEBEC,063671101,5690000.0,43720,0.008702131661325026
KRE,SPDR S&P REGIONAL BK ETF,78464A698,5676000.0,89674,0.00868072044106869
BWXT,BWX TECHNOLOGIES INC,05605H100,5651000.0,30648,0.008642486119182377
SRE,SEMPRA COM,816851109,5636000.0,62637,0.008619545526050588
N/A,CRH PLC,G25508105,5633000.0,46982,0.008614957407424231
ENB,ENBRIDGE INC,29250N105,5619000.0,111503,0.008593546187167895
NOC,NORTHROP GRUMMAN CORP,666807102,5614000.0,9213,0.008585899322790632
RCL,ROYAL CARIBBEAN CRUISES LD,V7780T103,5610000.0,17337,0.00857978183128882
APG,API GROUP CORP,00187Y100,5603000.0,163033,0.008569076221160654
BAH,BOOZ ALLEN HAMILTON HLDGS,099502106,5594000.0,55972,0.008555311865281582
COP,CONOCOPHILLIPS,20825C104,5589000.0,59087,0.008547665000904318
VUG,VANGUARD GROWTH FDS,922908736,5568000.0,11610,0.008515548170519815
GOOGL,ALPHABET INC. CLASS A,02079K305,5558000.0,22865,0.00850025444176529
BSX,BOSTON SCIENTIFIC CORP,101137107,5547000.0,56817,0.00848343134013531
ETN,EATON CORP PLC,G29183103,5539000.0,14801,0.00847119635713169
AJG,GALLAGER ARTHUR J & CO,363576109,5508000.0,17783,0.008423785797992663
CNM,CORE & MAIN INC,21874C102,5479000.0,101790,0.008379433984604537
AZN,ASTRAZENECA PLC SPON ADR,046353108,5460000.0,71164,0.008350375899970938
AXON,AXON ENTERPRISE INC,05464C101,5459000.0,7607,0.008348846527095485
TRU,TRANSUNION,89400J107,5435000.0,64871,0.008312141578084626
ISRG,INTUITIVE SURGICAL,46120E602,5411000.0,12098,0.008275436629073764
WEC,WEC ENERGY GROUP INC,92939U106,5404000.0,47158,0.008264731018945596
GUNR,FLEXSHARES GLOBAL UPSTREAM,33939L407,5392000.0,123150,0.008246378544440165
APO,APOLLO GLOBAL MANAGEMENT I,03769M106,5380000.0,40371,0.008228026069934734
IWR,ISHARES RUSSELL MIDCAP ETF,464287499,5377000.0,55690,0.008223437951308378
LIN,LINDE PLC,G54950103,5344000.0,11251,0.008172968646418442
BRK/B,BERKSHIRE HATHAWAY CL B,084670702,5325000.0,10592,0.008143910561784845
TFC,TRUIST FINANCIAL CORP,89832Q109,5314000.0,116223,0.008127087460154867
RYAAY,RYANAIR HLDGS PLC ADR,783513203,5310000.0,88182,0.008120969968653056
VSS,VANGUARD FTSE ALL,922042718,5306000.0,37223,0.008114852477151246
RYAN,RYAN SPECIALTY HOLDNGS INC,78351F107,5302000.0,94073,0.008108734985649435
CCCS,CCC INTELLIGENT SOLUTIONS,12510Q100,5300000.0,581726,0.008105676239898529
SHW,SHERWIN-WILLIAMS CO,824348106,5286000.0,15265,0.008084265019642194
ORLY,OREILLY AUTO INC NEW,67103H107,5265000.0,48839,0.008052148189257691
MANH,MANHATTAN ASSOCIATES INC,562750109,5233000.0,25527,0.008003208257243209
ORLY,OREILLY AUTO INC NEW,67103H107,5222000.0,48441,0.007986385155613231
ABBV,ABBVIE INC,00287Y109,5220000.0,22543,0.007983326409862327
LH,LABCORP HLDGS,504922105,5167000.0,18001,0.007902269647463342
QQQ,INVESCO QQQ TR UNIT SER 1,46090E103,5161000.0,8596,0.007893093410210626
IJH,ISHARES TR S&P MIDCAP 400,464287507,5155000.0,78985,0.00788391717295791
ORCL,ORACLE CORP,68389X105,5143000.0,18286,0.007865564698452478
BKNG,BOOKING HLDGS INC,09857L108,5119000.0,948,0.007828859749441619
FTNT,FORTINET INC,34959E109,5112000.0,60796,0.00781815413931345
AEE,AMEREN CORP,023608102,5111000.0,48964,0.007816624766437998
MET,METLIFE INC COM,59156R108,5109000.0,62025,0.007813566020687092
TSM,TAIWAN SEMI MFG CO ADR,874039100,5102000.0,18266,0.0078028604105589245
MSFT,MICROSOFT CORP,594918104,5089000.0,9825,0.007782978563178042
VCIT,VANGUARD INT-TERM CORP,92206C870,5088000.0,60489,0.007781449190302589
DD,DUPONT DE NEMOURS INC,26614N102,5075000.0,65146,0.007761567342921706
BSX,BOSTON SCIENTIFIC CORP,101137107,5070000.0,51932,0.007753920478544444
NFLX,NETFLIX INC,64110L106,5067000.0,4226,0.007749332359918086
SPGI,S&P GLOBAL INC.,78409V104,5067000.0,10411,0.007749332359918086
PEP,PEPSICO INC,713448108,5065000.0,36065,0.00774627361416718
DHI,DR HORTON INC,23331A109,5064000.0,29883,0.0077447442412917275
TMO,THERMO FISHER SCIENTIFIC,883556102,5059000.0,10430,0.007737097376914465
COST,COSTCO WHSL CORP NEW,22160K105,5058000.0,5464,0.007735568004039012
WH,WYNDHAM HOTELS & RESORTS,98311A105,5058000.0,63300,0.007735568004039012
AMZN,AMAZON.COM INC,023135106,5056000.0,23028,0.0077325092582881064
ULS,UL SOLUTIONS INC,903731107,5046000.0,71213,0.007717215529533582
CME,CME GROUP INC,12572Q105,5033000.0,18627,0.0076973336821526996
TTWO,TAKE-2 INTERACTIVE,874054109,5023000.0,19441,0.007682039953398173
VTV,VANGUARD INDEX FDS VA ETF,922908744,5017000.0,26903,0.007672863716145458
BAC,VERIZON COMMUNICATIONS,92343V104,5003000.0,113834,0.007651452495889123
VB,VANGUARD SMALL CAP,922908751,5001000.0,19669,0.007648393750138217
MA,MASTERCARD CL A,57636Q104,5000000.0,8791,0.007646864377262764
TEL,TE CONNECTIVITY PLC,G87052109,5000000.0,22778,0.007646864377262764
SPG,SIMON PROP GROUP,828806109,4980000.0,26538,0.007616276919753713
ICE,INTERCONTINENTAL EXCHG INC,45866F104,4976000.0,29533,0.007610159428251904
VUG,VANGUARD GROWTH FDS,922908736,4970000.0,10362,0.007600983190999187
AEP,AMERICAN ELECTRIC POWER CO,025537101,4967000.0,44148,0.0075963950723728305
AMGN,AMGEN INC,031162100,4890000.0,17329,0.0074786333609629845
GOOGL,ALPHABET INC. CLASS A,02079K305,4884000.0,20092,0.007469457123710267
LHX,L3 HARRIS TECHNOLOGIES INC,502431109,4883000.0,15989,0.007467927750834816
MCK,MCKESSON CORP,58155Q103,4859000.0,6289,0.007431222801823955
BA,BOEING COMPANY,097023105,4847000.0,22456,0.007412870327318524
GOOGL,ALPHABET INC. CLASS A,02079K305,4842000.0,19916,0.007405223462941261
BSY,BENTLEY SYSTEMS INC,08265T208,4842000.0,94064,0.007405223462941261
XOM,EXXON MOBIL CORP,30231G102,4840000.0,42925,0.007402164717190357
EFA,ISHRS MSCI EAFE IND FND,464287465,4839000.0,51826,0.007400635344314904
DASH,DOORDASH INC,25809K105,4825000.0,17739,0.007379224124058568
NOC,NORTHROP GRUMMAN CORP,666807102,4819000.0,7908,0.007370047886805853
EEM,ISHARES MSCI EMERGING MKTS,464287234,4785000.0,89601,0.007318049209040466
KMI,KINDER MORGAN INC,49456B101,4772000.0,168547,0.007298167361659582
IT,GARTNER INC CL A,366651107,4750000.0,18068,0.007264521158399626
XYZ,BLOCK INC,852234103,4747000.0,65686,0.007259933039773269
SAIA,SAIA INC COM,78709Y105,4729000.0,15797,0.0072324043280151224
IWR,ISHARES RUSSELL MIDCAP ETF,464287499,4729000.0,48976,0.0072324043280151224
VTV,VANGUARD INDEX FDS VA ETF,922908744,4719000.0,25306,0.0072171105992605965
NET,CLOUDFLARE INC,18915M107,4716000.0,21979,0.00721252248063424
CCEP,COCA COLA EUROPAC PART PLC,G25839104,4713000.0,52133,0.007207934362007881
ADP,AUTOMATIC DATA PROCESSING,053015103,4707000.0,16038,0.007198758124755167
COP,CONOCOPHILLIPS,20825C104,4705000.0,49739,0.007195699379004261
WMT,WALMART INC,931142103,4685000.0,45456,0.00716511192149521
BWXT,BWX TECHNOLOGIES INC,05605H100,4677000.0,25368,0.00715287693849159
LNW,LIGHT & WONDER INC.,80874P109,4672000.0,55664,0.007145230074114327
VTV,VANGUARD INDEX FDS VA ETF,922908744,4650000.0,24932,0.007111583870854371
VXF,VANGUARD INDEX EXTEND MKT,922908652,4637000.0,22151,0.007091702023473488
WAB,WABTEC CORP,929740108,4635000.0,23120,0.007088643277722582
IJR,ISHARES S&P SMCAP 600 INDX,464287804,4622000.0,38896,0.0070687614303417
CAT,CATERPILLAR INC,149123101,4614000.0,9669,0.007056526447338079
SCHF,SCHWAB INTERNATIONAL EQUIT,808524805,4610000.0,198030,0.00705040895583627
PRU,PRUDENTIAL FINANCIAL,744320102,4588000.0,44230,0.007016762752576313
KKR,KKR & CO INC,48251W104,4586000.0,35288,0.007013704006825407
CSCO,CISCO SYSTEMS INC,17275R102,4581000.0,66951,0.007006057142448145
HON,HONEYWELL INTL INC,438516106,4577000.0,21742,0.006999939650946334
HLT,HILTON WORLDWIDE HOLDINGS,43300A203,4574000.0,17631,0.0069953515323199775
MFC,MANULIFE FINANCIAL CORP,56501R106,4572000.0,146905,0.006992292786569072
HDB,HDFC BANK LTD ADR REPS3,40415F101,4559000.0,133471,0.006972410939188189
BIV,VANGUARD INTERMEDIATE BOND,921937819,4558000.0,58369,0.006970881566312736
IRTC,IRHYTHM TECHNOLOGIES INC,450056106,4549000.0,26451,0.006957117210433663
GOOG,ALPHABET INC CLASS C,02079K107,4548000.0,18672,0.00695558783755821
IBM,INTERNATIONAL BUS MACHINES,459200101,4539000.0,16085,0.006941823481679138
TXN,TEXAS INSTRUMENTS INC,882508104,4537000.0,24692,0.0069387647359282325
STE,STERIS PLC,G8473T100,4533000.0,18319,0.006932647244426422
SPOT,SPOTIFY TECHNOLOGY SA,L8681T102,4505000.0,6454,0.006889824803913751
GE,GE AEROSPACE,369604301,4500000.0,14960,0.006882177939536488
TMO,THERMO FISHER SCIENTIFIC,883556102,4475000.0,9227,0.006843943617650174
NDAQ,NASDAQ INC.,631103108,4467000.0,50508,0.006831708634646555
TTWO,TAKE-2 INTERACTIVE,874054109,4461000.0,17267,0.0068225323973938375
MDY,SPDR S&P MIDCAP 400 ETF TR,78467Y107,4436000.0,7442,0.006784298075507525
CCCS,CCC INTELLIGENT SOLUTIONS,12510Q100,4425000.0,485727,0.006767474973877546
BNS,BANK OF NOVA SCOTIA,064149107,4422000.0,68474,0.006762886855251189
MANH,MANHATTAN ASSOCIATES INC,562750109,4422000.0,21574,0.006762886855251189
SCHF,SCHWAB INTERNATIONAL EQUIT,808524805,4417000.0,189723,0.006755239990873927
ABG,CENCORA INC,03073E105,4409000.0,14108,0.006743005007870307
VYM,VANGUARD HIGH DIVIDEND YLD,921946406,4406000.0,31257,0.006738416889243948
NEE,NEXTERA ENERGY INC,65339F101,4403000.0,58323,0.00673382877061759
KEYS,KEYSIGHT TECHNOLOGIES INC,49338L103,4377000.0,25023,0.006694065075855824
BJ,BJS WHOLESALE CLUB HOLDIN,05550J101,4355000.0,46697,0.0066604188725958675
RTX,RTX CORPORATION,75513E101,4349000.0,25992,0.006651242635343153
MSCI,MSCI INC,55354G100,4330000.0,7631,0.006622184550709555
CMCSA,COMCAST CORP CL A NEW,20030N101,4326000.0,137686,0.0066160670592077435
DE,DEERE & CO,244199105,4326000.0,9461,0.0066160670592077435
APO,APOLLO GLOBAL MANAGEMENT I,03769M106,4319000.0,32407,0.006605361449079576
CLH,CLEAN HARBORS INC,184496107,4319000.0,18597,0.006605361449079576
STE,STERIS PLC,G8473T100,4316000.0,17443,0.0066007733304532185
XLF,FINANCIAL SELECT SECT SPDR,81369Y605,4313000.0,80068,0.006596185211826861
FTNT,FORTINET INC,34959E109,4294000.0,51074,0.006567127127193263
XLU,UTILITIES SELECT SECT SPDR,81369Y886,4292000.0,49218,0.006564068381442357
IT,GARTNER INC CL A,366651107,4268000.0,16238,0.0065273634324314956
CVX,CHEVRON CORP,166764100,4255000.0,27398,0.006507481585050613
QCOM,QUALCOMM INC,747525103,4225000.0,25399,0.006461600398787036
CRM,SALESFORCE INC,79466L302,4222000.0,17815,0.006457012280160679
USFD,US FOODS HOLDING CORP,912008109,4220000.0,55074,0.0064539535344097735
VWO,VANGUARD FTSE EMER MKT ETF,922042858,4215000.0,77805,0.006446306670032511
PWR,QUANTA SERVICES INC,74762E102,4214000.0,10168,0.006444777297157058
MUFG,MITSUBISHI UFJ FINL ADR,606822104,4199000.0,263417,0.00642183670402527
BSY,BENTLEY SYSTEMS INC,08265T208,4181000.0,81216,0.006394307992267123
RSG,REPUBLIC SERVICES INC,760759100,4179000.0,18211,0.006391249246516219
VOO,VANGUARD S&P 500 ETF,922908363,4156000.0,6786,0.00635607367038081
IBM,INTERNATIONAL BUS MACHINES,459200101,4138000.0,14667,0.006328544958622663
SHW,SHERWIN-WILLIAMS CO,824348106,4131000.0,11929,0.006317839348494496
KRE,SPDR S&P REGIONAL BK ETF,78464A698,4113000.0,64984,0.006290310636736351
KLAC,KLA CORPORATION,482480100,4108000.0,3809,0.006282663772359088
MRK,MERCK & CO INC NEW,58933Y105,4107000.0,48928,0.006281134399483635
AMT,AMERICAN TOWER CORP,03027X100,4103000.0,21335,0.006275016907981824
ITOT,S&P TOTAL US STK MRKT ETF,464287150,4102000.0,28165,0.006273487535106372
PRU,PRUDENTIAL FINANCIAL,744320102,4099000.0,39515,0.006268899416480014
COP,CONOCOPHILLIPS,20825C104,4095000.0,43287,0.006262781924978204
SLB,SCHLUMBERGER LTD,806857108,4093000.0,119096,0.0062597231792273
GEV,GE VERNOVA LLC,36828A101,4084000.0,6641,0.006245958823348226
VIG,VANGUARD DIVIDEND APPREC,921908844,4073000.0,18874,0.006229135721718247
VO,VANGUARD MID CAP VIPERS,922908629,4059000.0,13818,0.0062077245014619115
WFC,WELLS FARGO & CO NEW,949746101,4051000.0,48326,0.006195489518458292
BJ,BJS WHOLESALE CLUB HOLDIN,05550J101,4049000.0,43420,0.006192430772707387
SHW,SHERWIN-WILLIAMS CO,824348106,4047000.0,11689,0.006189372026956482
INTU,INTUIT,461202103,4041000.0,5918,0.006180195789703766
SMPL,SIMPLY GOOD FOODS CO,82900L102,4038000.0,162698,0.0061756076710774085
MDY,SPDR S&P MIDCAP 400 ETF TR,78467Y107,4016000.0,6738,0.006141961467817452
IAU,ISHARES GOLD TRUST,464285204,4013000.0,55140,0.006137373349191095
ENTG,ENTEGRIS INC,29362U104,4009000.0,43364,0.006131255857689284
SE,SEA LTD ADR,81141R100,4005000.0,22410,0.006125138366187475
HLT,HILTON WORLDWIDE HOLDINGS,43300A203,4004000.0,15433,0.006123608993312022
IDXX,IDEXX LABS CORP,45168D104,3980000.0,6229,0.006086904044301161
AEE,AMEREN CORP,023608102,3969000.0,38029,0.006070080942671183
KVUE,KENVUE INC,49177J102,3949000.0,243336,0.006039493485162131
BN,BROOKFIELD CORPORATION,11271J107,3940000.0,57457,0.006025729129283059
AMAT,APPLIED MATERIALS,038222105,3930000.0,19197,0.006010435400528533
LNW,LIGHT & WONDER INC.,80874P109,3906000.0,46536,0.005973730451517671
CPRT,COPART INC,217204106,3862000.0,85870,0.00590643804499776
BBD,BANCO BRADESCO ADR PFD,059460303,3861000.0,1142437,0.005904908672122307
APO,APOLLO GLOBAL MANAGEMENT I,03769M106,3860000.0,28962,0.005903379299246854
FTNT,FORTINET INC,34959E109,3855000.0,45846,0.005895732434869592
KGC,KINROSS GOLD CORP NEW,496902404,3847000.0,155200,0.005883497451865971
FLUT,FLUTTER ENTERTAINMENT PLC,G3643J108,3843000.0,15129,0.005877379960364161
GILD,GILEAD SCIENCES,375558103,3843000.0,34623,0.005877379960364161
XBI,SPDR SERIES TR S&P BIOTEH,78464A870,3836000.0,38286,0.005866674350235993
IEMG,ISHARES CORE MSCI EM MKTS,46434G103,3825000.0,58018,0.005849851248606015
NDAQ,NASDAQ INC.,631103108,3824000.0,43236,0.005848321875730562
UNH,UNITEDHEALTH GROUP INC,91324P102,3801000.0,11009,0.005813146299595154
BJ,BJS WHOLESALE CLUB HOLDIN,05550J101,3782000.0,40561,0.005784088214961555
NRG,NRG ENERGY INC,629377508,3774000.0,23305,0.005771853231957934
BRK/A,BERKSHIRE HATHAWAY CL A,084670108,3771000.0,5,0.005767265113331577
SHOP,SHOPIFY INC,82509L107,3753000.0,25253,0.005739736401573431
CLH,CLEAN HARBORS INC,184496107,3751000.0,16153,0.005736677655822526
MELI,MERCADOLIBRE INC,58733R102,3748000.0,1604,0.005732089537196168
TFC,TRUIST FINANCIAL CORP,89832Q109,3728000.0,81545,0.005701502079687117
AEM,AGNICO-EAGLE MINES LTD,008474108,3723000.0,22130,0.005693855215309854
XOM,EXXON MOBIL CORP,30231G102,3700000.0,32814,0.005658679639174446
FCFS,FIRSTCASH HOLDINGS INC,33768G107,3697000.0,23338,0.005654091520548088
SPY,S&P 500 DEP RCPTS,78462F103,3683000.0,5529,0.0056326803002917526
IDEV,ISHARES CORE MSCI INTERNAT,46435G326,3683000.0,45935,0.0056326803002917526
TRI,THOMSON REUTERS CORP,884903808,3677000.0,23710,0.005623504063039037
NOW,SERVICENOW INC,81762P102,3659000.0,3976,0.005595975351280891
KEYS,KEYSIGHT TECHNOLOGIES INC,49338L103,3650000.0,20869,0.005582210995401818
COO,COOPER COS INC/THE,216648501,3649000.0,53219,0.005580681622526365
BRK/B,BERKSHIRE HATHAWAY CL B,084670702,3642000.0,7244,0.005569976012398198
OKTA,OKTA INC,679295105,3640000.0,39698,0.005566917266647293
BSX,BOSTON SCIENTIFIC CORP,101137107,3628000.0,37159,0.005548564792141862
MELI,MERCADOLIBRE INC,58733R102,3620000.0,1549,0.005536329809138241
IWV,RUSS 3000 INDEX,464287689,3617000.0,9544,0.0055317416905118835
WH,WYNDHAM HOTELS & RESORTS,98311A105,3603000.0,45099,0.005510330470255548
IOT,SAMSARA INC,79589L106,3597000.0,96575,0.0055011542330028335
TRU,TRANSUNION,89400J107,3596000.0,42923,0.005499624860127381
RCL,ROYAL CARIBBEAN CRUISES LD,V7780T103,3586000.0,11082,0.005484331131372855
PEP,PEPSICO INC,713448108,3578000.0,25475,0.0054720961483692345
SRE,SEMPRA COM,816851109,3561000.0,39571,0.005446096809486541
VYM,VANGUARD HIGH DIVIDEND YLD,921946406,3550000.0,25183,0.005429273707856563
PANW,PALO ALTO NETWORKS INC,697435105,3549000.0,17429,0.0054277443349811105
MMYT,MAKEMYTRIP LIMITED,V5633W109,3549000.0,37918,0.0054277443349811105
AJG,GALLAGER ARTHUR J & CO,363576109,3514000.0,11346,0.005374216284340271
USFD,US FOODS HOLDING CORP,912008109,3505000.0,45742,0.005360451928461198
AXP,AMERICAN EXPRESS,025816109,3505000.0,10553,0.005360451928461198
STE,STERIS PLC,G8473T100,3474000.0,14040,0.005313041369322169
VYM,VANGUARD HIGH DIVIDEND YLD,921946406,3471000.0,24628,0.005308453250695812
CAT,CATERPILLAR INC,149123101,3465000.0,7261,0.005299277013443095
IRTC,IRHYTHM TECHNOLOGIES INC,450056106,3464000.0,20143,0.005297747640567643
AG8,AGILENT TECHNOLOGIES,00846U101,3461000.0,26965,0.005293159521941285
SPGI,S&P GLOBAL INC.,78409V104,3452000.0,7093,0.005279395166062213
IDXX,IDEXX LABS CORP,45168D104,3448000.0,5397,0.005273277674560402
BIZD,VANECK BDC INCOME ETF,92189F411,3444000.0,230555,0.0052671601830585925
ACWV,ISHARES MSCI GLBL MIN VOL,464286525,3442000.0,28701,0.005264101437307688
SLB,SCHLUMBERGER LTD,806857108,3440000.0,100101,0.005261042691556782
NDAQ,NASDAQ INC.,631103108,3427000.0,38749,0.005241160844175899
CVX,CHEVRON CORP,166764100,3425000.0,22053,0.005238102098424994
BABA,ALIBABA GROUP HOLDINGS LTD,01609W102,3423000.0,19152,0.005235043352674089
RDY,DR. REDDYS LAB ADR,256135203,3412000.0,244043,0.005218220251044111
HWM,HOWMET AEROSPACE INC,443201108,3390000.0,17276,0.005184574047784154
CLH,CLEAN HARBORS INC,184496107,3381000.0,14559,0.005170809691905081
ENTG,ENTEGRIS INC,29362U104,3379000.0,36550,0.005167750946154176
ONEQ,FIDELITY NAS COM INDEX ETF,315912808,3378000.0,37895,0.005166221573278724
ADI,ANALOG DEVICES,032654105,3375000.0,13736,0.005161633454652366
TRP,TC ENERGY CORP NPV,87807B107,3375000.0,62136,0.005161633454652366
DIS,WALT DISNEY CO,254687106,3368000.0,29416,0.0051509278445241976
PG,PROCTER & GAMBLE CO,742718109,3356000.0,21842,0.005132575370018768
MDT,MEDTRONIC PLC,G5960L103,3341000.0,35078,0.005109634776886979
N/A,CRH PLC,G25508105,3338000.0,27841,0.005105046658260622
IWM,ISHARES TR RUSSELL 2000,464287655,3330000.0,13761,0.005092811675257001
MSI,MOTOROLA SOLUTIONS INC,620076307,3310000.0,7239,0.0050622242177479505
JPM,JPMORGAN CHASE & CO,46625H100,3308000.0,10486,0.005059165471997045
AAPL,APPLE INC,037833100,3302000.0,12967,0.005049989234744329
ENSG,ENSIGN GROUP INC THE,29358P101,3302000.0,19113,0.005049989234744329
KEYS,KEYSIGHT TECHNOLOGIES INC,49338L103,3296000.0,18844,0.005040812997491614
IEFA,ISHARES CORE MSCI EAFE ETF,46432F842,3284000.0,37614,0.005022460522986184
DHR,DANAHER CORP,235851102,3284000.0,16566,0.005022460522986184
MUB,ISHARES NATL MUNI BD ETF,464288414,3281000.0,30814,0.0050178724043598265
ADBE,ADOBE INC,00724F101,3269000.0,9267,0.004999519929854396
IP,INTERNATIONAL PAPER,460146103,3259000.0,70234,0.00498422620109987
TSM,TAIWAN SEMI MFG CO ADR,874039100,3250000.0,11636,0.004970461845220797
EWY,ISHARES MSCI S KOREA ETF,464286772,3236000.0,40404,0.004949050624964461
NOC,NORTHROP GRUMMAN CORP,666807102,3235000.0,5309,0.004947521252089008
ETN,EATON CORP PLC,G29183103,3234000.0,8640,0.004945991879213556
MA,MASTERCARD CL A,57636Q104,3233000.0,5683,0.0049444625063381036
MPC,MARATHON PETE CORP,56585A102,3227000.0,16741,0.004935286269085388
HD,HOME DEPOT,437076102,3225000.0,7959,0.004932227523334483
RSG,REPUBLIC SERVICES INC,760759100,3218000.0,14023,0.004921521913206315
EFX,EQUIFAX INC,294429105,3215000.0,12531,0.0049169337945799575
IJR,ISHARES S&P SMCAP 600 INDX,464287804,3211000.0,27022,0.004910816303078147
AXP,AMERICAN EXPRESS,025816109,3205000.0,9649,0.004901640065825432
XYZ,BLOCK INC,852234103,3173000.0,43905,0.004852700133810951
BLDR,BUILDERS FIRSTSOURCE INC,12008R107,3167000.0,26120,0.0048435238965582345
USFD,US FOODS HOLDING CORP,912008109,3158000.0,41221,0.004829759540679162
META,META PLATFORMS INC,30303M102,3156000.0,4297,0.004826700794928257
ING,ING GROUP NV SPON ADR,456837103,3153000.0,120912,0.004822112676301899
ASML,ASML HOLDING NV ADR,N07059210,3140000.0,3243,0.004802230828921016
SLF,SUNLIFE FINANCIAL SERVI,866796105,3129000.0,52170,0.004785407727291038
CMCSA,COMCAST CORP CL A NEW,20030N101,3121000.0,99320,0.004773172744287417
GOOGL,ALPHABET INC. CLASS A,02079K305,3099000.0,12748,0.0047395265410274615
DVY,ISHARES DJ SEL,464287168,3098000.0,21799,0.0047379971681520095
IBM,INTERNATIONAL BUS MACHINES,459200101,3097000.0,10976,0.004736467795276557
ELV,ELEVANCE HEALTH INC,036752103,3093000.0,9573,0.004730350303774746
CDW,CDW CORP/DE,12514G108,3093000.0,19419,0.004730350303774746
GOOGL,ALPHABET INC. CLASS A,02079K305,3077000.0,12659,0.004705880337767505
MCD,MCDONALDS CORP,580135101,3076000.0,10123,0.004704350964892053
CPRT,COPART INC,217204106,3075000.0,68369,0.0047028215920166
FSV,FIRSTSERVICE CORP,33767E202,3072000.0,16125,0.004698233473390242
PG,PROCTER & GAMBLE CO,742718109,3072000.0,19995,0.004698233473390242
TW,TRADEWEB MARKETS INC,892672106,3071000.0,27670,0.0046967041005147895
LYV,LIVE NATION ENTERTMNT INC,538034109,3068000.0,18775,0.004692115981888433
CTVA,CORTEVA INC,22052L104,3066000.0,45335,0.004689057236137528
DXCM,DEXCOM INC,252131107,3061000.0,45494,0.0046814103717602645
CSL,CARLISLE COS,142339100,3059000.0,9298,0.00467835162600936
VTV,VANGUARD INDEX FDS VA ETF,922908744,3052000.0,16365,0.0046676460158811914
RLAY,RELAY THERAPEUTICS INC,75943R102,3051000.0,584463,0.0046661166430057395
HYG,I-SHARES IBOXX HY,464288513,3043000.0,37475,0.004653881660002118
NRG,NRG ENERGY INC,629377508,3035000.0,18740,0.004641646676998498
IDCC,INTERDIGITAL INC PA,45867G101,3029000.0,8774,0.004632470439745783
RSG,REPUBLIC SERVICES INC,760759100,3022000.0,13169,0.004621764829617615
MEDP,MEDPACE HOLDINGS,58506Q109,3010000.0,5855,0.004603412355112184
COO,COOPER COS INC/THE,216648501,3008000.0,43868,0.004600353609361279
MLI,MUELLER INDS INC,624756102,3005000.0,29721,0.004595765490734921
LOW,LOWES COS INC,548661107,3002000.0,11944,0.004591177372108564
AVGO,BROADCOM INC,11135F101,2998000.0,9086,0.004585059880606754
ELV,ELEVANCE HEALTH INC,036752103,2986000.0,9240,0.004566707406101323
PAG,PENSKE AUTO GROUP INC,70959W103,2984000.0,17157,0.004563648660350418
PEP,PEPSICO INC,713448108,2983000.0,21237,0.004562119287474966
LYV,LIVE NATION ENTERTMNT INC,538034109,2980000.0,18240,0.004557531168848608
VEU,VNGRD FTSE ALL-WORLD EX-US,922042775,2979000.0,41742,0.004556001795973155
TTWO,TAKE-2 INTERACTIVE,874054109,2977000.0,11521,0.004552943050222249
NET,CLOUDFLARE INC,18915M107,2975000.0,13863,0.0045498843044713445
GOOG,ALPHABET INC CLASS C,02079K107,2968000.0,12188,0.004539178694343177
BLK,BLACKROCK FDG INC,09290D101,2967000.0,2545,0.004537649321467724
IDXX,IDEXX LABS CORP,45168D104,2955000.0,4625,0.004519296846962294
CDNS,CADENCE DESIGN SYSTEMS INC,127387108,2945000.0,8384,0.004504003118207768
TTEK,TETRA TECH INC,88162G103,2936000.0,87945,0.0044902387623286955
COP,CONOCOPHILLIPS,20825C104,2932000.0,30998,0.004484121270826885
ISRG,INTUITIVE SURGICAL,46120E602,2932000.0,6555,0.004484121270826885
IT,GARTNER INC CL A,366651107,2930000.0,11148,0.004481062525075979
APG,API GROUP CORP,00187Y100,2929000.0,85215,0.004479533152200527
C,CITIGROUP INC,172967424,2924000.0,28807,0.004471886287823265
IWB,ISHARES RUSS 1000 INDEX,464287622,2911000.0,7964,0.004452004440442382
VWO,VANGUARD FTSE EMER MKT ETF,922042858,2906000.0,53645,0.004444357576065119
DWD,MORGAN STANLEY GRP INC,617446448,2903000.0,18265,0.004439769457438761
IWP,ISHARES RUSSELL MID IND GR,464287481,2902000.0,20376,0.004438240084563308
BAH,BOOZ ALLEN HAMILTON HLDGS,099502106,2891000.0,28925,0.00442141698293333
CDW,CDW CORP/DE,12514G108,2891000.0,18152,0.00442141698293333
SLB,SCHLUMBERGER LTD,806857108,2884000.0,83911,0.004410711372805162
SHOP,SHOPIFY INC,82509L107,2882000.0,19391,0.004407652627054257
KVUE,KENVUE INC,49177J102,2872000.0,176932,0.004392358898299732
PNC,PNC FINANCIAL SVS GRP,693475105,2871000.0,14289,0.004390829525424279
GUNR,FLEXSHARES GLOBAL UPSTREAM,33939L407,2869000.0,65531,0.004387770779673374
PLTR,PALANTIR TECHNOLOGIES INC,69608A108,2868000.0,15720,0.004386241406797922
GVI,ISHARES INT GOV/CRED,464288612,2865000.0,26667,0.004381653288171564
HD,HOME DEPOT,437076102,2861000.0,7061,0.004375535796669754
6RJ0,ROCKET LAB CORP,773121108,2854000.0,59561,0.004364830186541586
APH,AMPHENOL CORP,032095101,2852000.0,23049,0.00436177144079068
VEA,VANGUARD FTSE DEVL ETF,921943858,2850000.0,47570,0.0043587126950397756
SDY,SPDR S&P DIVIDEND ETF,78464A763,2846000.0,20319,0.004352595203537966
TSM,TAIWAN SEMI MFG CO ADR,874039100,2838000.0,10161,0.004340360220534345
CNM,CORE & MAIN INC,21874C102,2837000.0,52706,0.004338830847658892
PANW,PALO ALTO NETWORKS INC,697435105,2826000.0,13880,0.004322007746028914
BRK/B,BERKSHIRE HATHAWAY CL B,084670702,2819000.0,5608,0.004311302135900747
NRIX,NURIX THERAPEUTICS INC,67080M103,2816000.0,304762,0.004306714017274389
SBUX,STARBUCKS CORP,855244109,2806000.0,33171,0.004291420288519863
VWO,VANGUARD FTSE EMER MKT ETF,922042858,2804000.0,51754,0.004288361542768958
WFC 7.5 PERP L,WELLS FARGO CO CV PFD,949746804,2803000.0,2271,0.0042868321698935055
RYAN,RYAN SPECIALTY HOLDNGS INC,78351F107,2800000.0,49688,0.004282244051267149
INFY,INFOSYS LTD ADR,456788108,2784000.0,171123,0.004257774085259907
KKR,KKR & CO INC,48251W104,2780000.0,21391,0.004251656593758097
PG,PROCTER & GAMBLE CO,742718109,2775000.0,18059,0.004244009729380834
ACN,ACCENTURE PLC CL A,G1151C101,2759000.0,11188,0.004219539763373593
CPRT,COPART INC,217204106,2756000.0,61275,0.004214951644747236
IEUR,ISHARES CORE MSCI EUROPE E,46434V738,2745000.0,40302,0.0041981285431172575
RSP,INVESCO EXCH-TRAD-S&P EQL,46137V357,2743000.0,14462,0.004195069797366353
TEAM,ATLASSIAN CORP PLC,049468101,2739000.0,17149,0.004188952305864543
ONON,ON HOLDING AG,H5919C104,2729000.0,64448,0.004173658577110016
SU,SUNCOR ENERGY NEW,867224107,2720000.0,65080,0.004159894221230944
IVW,ISHARES S&P 500 GROWTH IN,464287309,2719000.0,22527,0.004158364848355491
AXON,AXON ENTERPRISE INC,05464C101,2717000.0,3786,0.004155306102604586
UBER,UBER TECHNOLOGIES INC,90353T100,2715000.0,27710,0.004152247356853681
CVCO,CAVCO INDS INC,149568107,2707000.0,4661,0.004140012373850061
CNM,CORE & MAIN INC,21874C102,2707000.0,50297,0.004140012373850061
MCD,MCDONALDS CORP,580135101,2691000.0,8854,0.00411554240784282
APO,APOLLO GLOBAL MANAGEMENT I,03769M106,2688000.0,20170,0.004110954289216462
PWR,QUANTA SERVICES INC,74762E102,2686000.0,6482,0.004107895543465557
DWD,MORGAN STANLEY GRP INC,617446448,2682000.0,16873,0.004101778051963747
HLT,HILTON WORLDWIDE HOLDINGS,43300A203,2671000.0,10296,0.004084954950333769
EFX,EQUIFAX INC,294429105,2669000.0,10403,0.0040818962045828635
COF,CAPITAL ONE FINANCIAL,14040H105,2668000.0,12551,0.004080366831707411
CSL,CARLISLE COS,142339100,2660000.0,8087,0.004068131848703791
ITW,ILLINOIS TOOL WORKS INC,452308109,2658000.0,10192,0.004065073102952886
GEV,GE VERNOVA LLC,36828A101,2648000.0,4307,0.00404977937419836
XOP,SPDR S&P OIL & GAS EXPLORA,78468R556,2643000.0,19990,0.004042132509821097
ULS,UL SOLUTIONS INC,903731107,2643000.0,37299,0.004042132509821097
IAU,ISHARES GOLD TRUST,464285204,2641000.0,36294,0.004039073764070192
FULC,FULCRUM THERAPEUTICS INC,359616109,2629000.0,285714,0.004020721289564762
XLP,CONSUMER STAPLES INDEX FD,81369Y308,2625000.0,33500,0.004014603798062951
MELI,MERCADOLIBRE INC,58733R102,2620000.0,1121,0.0040069569336856885
AMD,ADVANCED MICRO DEVICES INC,007903107,2618000.0,16180,0.004003898187934783
NVDA,NVIDIA CORP,67066G104,2614000.0,14009,0.003997780696432973
HLNE,HAMILTON LANE INC,407497106,2607000.0,19342,0.003987075086304805
BCH,BANCO DE CHILE ADR,059520106,2595000.0,85656,0.003968722611799375
PLNT,PLANET FITNESS INC,72703H101,2591000.0,24961,0.0039626051202975646
VGK,VANGUARD MSCI EUROPE ETF,922042874,2589000.0,32447,0.003959546374546659
DHI,DR HORTON INC,23331A109,2586000.0,15262,0.003954958255920301
HD,HOME DEPOT,437076102,2581000.0,6371,0.0039473113915430395
BBD,BANCO BRADESCO ADR PFD,059460303,2576000.0,762044,0.003939664527165776
MGK,VANGUARD MEGACAP GROWTH,921910816,2575000.0,6400,0.003938135154290323
TW,TRADEWEB MARKETS INC,892672106,2569000.0,23150,0.003928958917037609
PANW,PALO ALTO NETWORKS INC,697435105,2569000.0,12618,0.003928958917037609
MTB,M&T BANK CORP,55261F104,2564000.0,12976,0.003921312052660345
MEDP,MEDPACE HOLDINGS,58506Q109,2560000.0,4979,0.003915194561158536
VSS,VANGUARD FTSE ALL,922042718,2556000.0,17932,0.003909077069656725
CARG,CARGURUS INC,141788109,2555000.0,68632,0.003907547696781272
ASML,ASML HOLDING NV ADR,N07059210,2553000.0,2637,0.003904488951030368
TRNO,TERRENO RLTY CORP,88146M101,2551000.0,44952,0.0039014302052794623
HSY,THE HERSHEY COMPANY,427866108,2542000.0,13590,0.0038876658494003897
MUSA,MURPHY USA INC COM,626755102,2541000.0,6545,0.003886136476524937
PFF,ISHARES TR ISHARES PFD,464288687,2537000.0,80239,0.0038800189850231267
SHW,SHERWIN-WILLIAMS CO,824348106,2535000.0,7321,0.003876960239272222
VB,VANGUARD SMALL CAP,922908751,2532000.0,9956,0.0038723721206458638
CR,CRANE CO,224408104,2530000.0,13737,0.003869313374894959
CME,CME GROUP INC,12572Q105,2521000.0,9331,0.0038555490190158854
SCHW,SCHWAB CHARLES CORP NEW,808513105,2517000.0,26368,0.0038494315275140758
CDNS,CADENCE DESIGN SYSTEMS INC,127387108,2508000.0,7141,0.0038356671716350027
MA,MASTERCARD CL A,57636Q104,2504000.0,4403,0.003829549680133192
PM,PHILIP MORRIS INTL INC,718172109,2497000.0,15394,0.0038188440700050244
VGK,VANGUARD MSCI EUROPE ETF,922042874,2482000.0,31098,0.003795903476873236
JPM,JPMORGAN CHASE & CO,46625H100,2481000.0,7867,0.003794374103997784
TJX,TJX COMPANIES INC,872540109,2461000.0,17023,0.0037637866464887326
VNT,VONTIER CORP,928881101,2453000.0,58455,0.003751551663485112
FTNT,FORTINET INC,34959E109,2451000.0,29149,0.003748492917734207
ORLY,OREILLY AUTO INC NEW,67103H107,2450000.0,22729,0.0037469635448587543
APG,API GROUP CORP,00187Y100,2449000.0,71253,0.0037454341719833023
EPAM,EPAM SYSTEMS INC,29414B104,2448000.0,16233,0.0037439047991078495
DASH,DOORDASH INC,25809K105,2442000.0,8977,0.0037347285618551337
CDNS,CADENCE DESIGN SYSTEMS INC,127387108,2441000.0,6949,0.0037331991889796817
EFX,EQUIFAX INC,294429105,2425000.0,9454,0.003708729222972441
BAH,BOOZ ALLEN HAMILTON HLDGS,099502106,2422000.0,24228,0.003704141104346083
ORCL,ORACLE CORP,68389X105,2418000.0,8598,0.0036980236128442727
TW,TRADEWEB MARKETS INC,892672106,2408000.0,21700,0.0036827298840897476
DPM,DPM METALS INC,26139R109,2396000.0,108200,0.0036643774095843165
CSL,CARLISLE COS,142339100,2381000.0,7237,0.003641436816452528
RBC,RBC BEARING INC COM,75524B104,2379000.0,6096,0.003638378070701623
EWJ,ISHARES MSCI JAPAN INDX,46434G822,2379000.0,29657,0.003638378070701623
AVGO,BROADCOM INC,11135F101,2375000.0,7200,0.003632260579199813
MEDP,MEDPACE HOLDINGS,58506Q109,2373000.0,4616,0.0036292018334489083
XOM,EXXON MOBIL CORP,30231G102,2370000.0,21023,0.0036246137148225506
RDNT,RADNET INC,750491102,2367000.0,31065,0.0036200255961961925
BWXT,BWX TECHNOLOGIES INC,05605H100,2366000.0,12835,0.0036184962233207405
RDY,DR. REDDYS LAB ADR,256135203,2362000.0,168951,0.00361237873181893
SAP,SAP SE ADR,803054204,2362000.0,8840,0.00361237873181893
IOT,SAMSARA INC,79589L106,2361000.0,63395,0.0036108493589434775
IJR,ISHARES S&P SMCAP 600 INDX,464287804,2358000.0,19844,0.00360626124031712
IWB,ISHARES RUSS 1000 INDEX,464287622,2357000.0,6450,0.003604731867441667
BBCA,JPMORGAN BETABUILDERS CANA,46641Q225,2355000.0,26994,0.003601673121690762
AIT,APPLIED INDL TECH INC COM,03820C105,2351000.0,9005,0.003595555630188952
PM,PHILIP MORRIS INTL INC,718172109,2350000.0,14490,0.0035940262573134992
SCHD,SCHWAB US DIVIDEND EQUITY,808524797,2338000.0,85644,0.0035756737828080685
RYAN,RYAN SPECIALTY HOLDNGS INC,78351F107,2336000.0,41452,0.0035726150370571637
LYV,LIVE NATION ENTERTMNT INC,538034109,2331000.0,14265,0.0035649681726799007
SAIA,SAIA INC COM,78709Y105,2324000.0,7764,0.0035542625625517325
BX,BLACKSTONE INC,09260D107,2319000.0,13575,0.0035466156981744704
CDW,CDW CORP/DE,12514G108,2318000.0,14554,0.0035450863252990176
MA,MASTERCARD CL A,57636Q104,2314000.0,4068,0.0035389688337972075
PLTR,PALANTIR TECHNOLOGIES INC,69608A108,2309000.0,12656,0.003531321969419945
HQY,HEALTHEQUITY INC,42226A107,2309000.0,24367,0.003531321969419945
CCCS,CCC INTELLIGENT SOLUTIONS,12510Q100,2308000.0,253360,0.003529792596544492
APG,API GROUP CORP,00187Y100,2297000.0,66828,0.0035129694949145142
MANH,MANHATTAN ASSOCIATES INC,562750109,2295000.0,11198,0.0035099107491636085
VGT,VANGUARD INFO TECH,92204A702,2288000.0,3065,0.0034992051390354407
SSD,SIMPSON MFG,829073105,2281000.0,13620,0.003488499528907273
STE,STERIS PLC,G8473T100,2280000.0,9214,0.003486970156031821
BAH,BOOZ ALLEN HAMILTON HLDGS,099502106,2277000.0,22785,0.003482382037405463
BSY,BENTLEY SYSTEMS INC,08265T208,2272000.0,44130,0.0034747351730282003
FCFS,FIRSTCASH HOLDINGS INC,33768G107,2259000.0,14257,0.0034548533256473168
JNJ,JOHNSON & JOHNSON,478160104,2252000.0,12145,0.003444147715519149
SBAC,SBA COMMUNICATIONS CORP,78410G104,2230000.0,11532,0.003410501512259193
IJK,ISHARES TR S&P MIDCP GROW,464287606,2228000.0,23240,0.003407442766508288
ITW,ILLINOIS TOOL WORKS INC,452308109,2221000.0,8517,0.00339673715638012
ULS,UL SOLUTIONS INC,903731107,2220000.0,31326,0.0033952077835046673
V,VISA INC,92826C839,2217000.0,6495,0.0033906196648783096
IPAC,ISHARES CORE MSCI PACIFIC,46434V696,2215000.0,30165,0.003387560919127405
TFII,TFI INTERNATIONAL INC,87241L109,2209000.0,25124,0.003378384681874689
FI,FISERV INC,337738108,2208000.0,17122,0.003376855308999237
OR,OR ROYALTIES INC,68390D106,2206000.0,55100,0.0033737965632483317
KWEB,KRANESHARES TR CSI CHI INT,500767306,2206000.0,52501,0.0033737965632483317
C,CITIGROUP INC,172967424,2201000.0,21680,0.0033661496988710692
GS,GOLDMAN SACHS GROUP,38141G104,2200000.0,2763,0.0033646203259956164
ESI,ELEMENT SOLUTIONS INC,28618M106,2199000.0,87381,0.0033630909531201635
CI,THE CIGNA GROUP,125523100,2196000.0,7620,0.0033585028344938063
GOOGL,ALPHABET INC. CLASS A,02079K305,2195000.0,9029,0.0033569734616183534
ROAD,CONSTRUCTION PARTNERS INC,21044C107,2191000.0,17252,0.0033508559701165433
WAB,WABTEC CORP,929740108,2188000.0,10915,0.0033462678514901856
FNV,FRANCO NEVADA CORP,351858105,2188000.0,9840,0.0033462678514901856
NVO,NOVO NORDISK A S ADR,670100205,2177000.0,39224,0.0033294447498602073
T,AT&T INC,00206R102,2176000.0,77044,0.0033279153769847553
VTEB,VANGUARD TAX-EXEMPT BOND I,922907746,2175000.0,43435,0.0033263860041093025
RTX,RTX CORPORATION,75513E101,2163000.0,12926,0.0033080335296038718
IWP,ISHARES RUSSELL MID IND GR,464287481,2151000.0,15107,0.0032896810550984415
BA,BOEING COMPANY,097023105,2147000.0,9947,0.0032835635635966314
SLB,SCHLUMBERGER LTD,806857108,2145000.0,62406,0.0032805048178457257
ARLP,ALLIANCE RESOURCE PTNRS LP,01877R108,2143000.0,84751,0.003277446072094821
IEMG,ISHARES CORE MSCI EM MKTS,46434G103,2138000.0,32427,0.003269799207717558
PH,PARKER-HANNIFIN CORP,701094104,2136000.0,2818,0.003266740461966653
EXLS,EXLSERVICE HLDGS INC,302081104,2132000.0,48421,0.003260622970464843
CNM,CORE & MAIN INC,21874C102,2130000.0,39576,0.0032575642247139372
RYAN,RYAN SPECIALTY HOLDNGS INC,78351F107,2129000.0,37779,0.0032560348518384853
TT,TRANE TECHNOLOGIES PLC,G8994E103,2127000.0,5040,0.00325297610608758
KLAC,KLA CORPORATION,482480100,2119000.0,1965,0.0032407411230839594
DORM,DORMAN PRODUCTS,258278100,2115000.0,13570,0.0032346236315821497
JBTM,JBT MAREL CORPORATION,477839104,2094000.0,14910,0.0032025068011976455
EPD,ENTERPRISE PRODS PARTNS LP,293792107,2094000.0,66950,0.0032025068011976455
STX,SEAGATE TECHNOLOGY,G7997R103,2093000.0,8866,0.0032009774283221935
CXT,CRANE NXT CO,224441105,2088000.0,31126,0.0031933305639449306
QUAL,ISHARES MSCI USA QUALITY,46432F339,2086000.0,10727,0.0031902718181940257
LYV,LIVE NATION ENTERTMNT INC,538034109,2081000.0,12735,0.0031826249538167628
DIS,WALT DISNEY CO,254687106,2075000.0,18122,0.0031734487165640474
ON1,OLD NATIONAL BANCORP IND,680033107,2073000.0,94448,0.003170389970813142
HSY,THE HERSHEY COMPANY,427866108,2069000.0,11062,0.0031642724793113316
BWXT,BWX TECHNOLOGIES INC,05605H100,2062000.0,11186,0.003153566869183164
MSA,MSA SAFETY INC,553498106,2061000.0,11979,0.003152037496307712
JBTM,JBT MAREL CORPORATION,477839104,2057000.0,14647,0.0031459200048059013
ULS,UL SOLUTIONS INC,903731107,2056000.0,29012,0.003144390631930449
VRRM,VERRA MOBILITY CORP,92511U102,2052000.0,83066,0.0031382731404286384
BELFB,BEL FUSE INC CL B,077347300,2051000.0,14547,0.003136743767553186
LNW,LIGHT & WONDER INC.,80874P109,2046000.0,24373,0.0031290969031759234
SSD,SIMPSON MFG,829073105,2042000.0,12192,0.003122979411674113
OTX,OPEN TEXT CORP,683715106,2037000.0,54560,0.00311533254729685
MSA,MSA SAFETY INC,553498106,2036000.0,11833,0.003113803174421398
CGAU,CA CENTERRA GOLD INC,152006102,2036000.0,190307,0.003113803174421398
MCO,MOODYS CORP,615369105,2035000.0,4271,0.003112273801545945
NVDA,NVIDIA CORP,67066G104,2034000.0,10899,0.0031107444286704927
WMB,WILLIAMS COMPANIES INC,969457100,2031000.0,32060,0.003106156310044135
MCO,MOODYS CORP,615369105,2031000.0,4262,0.003106156310044135
MCD,MCDONALDS CORP,580135101,2027000.0,6669,0.0031000388185423245
HWC,HANCOCK WHITNEY CORP,410120109,2021000.0,32280,0.0030908625812896095
QTWO,Q2 HLDGS INC,74736L109,2018000.0,27880,0.003086274462663252
BLDR,BUILDERS FIRSTSOURCE INC,12008R107,2017000.0,16638,0.0030847450897877994
CRM,SALESFORCE INC,79466L302,2015000.0,8500,0.0030816863440368937
MUFG,MITSUBISHI UFJ FINL ADR,606822104,2015000.0,126441,0.0030816863440368937
RSG,REPUBLIC SERVICES INC,760759100,2015000.0,8780,0.0030816863440368937
RHP,RYMAN HOSPITALTY PPTYS INC,78377T107,2014000.0,22475,0.0030801569711614418
LRCX,LAM RESEARCH CORP,512807306,2010000.0,15010,0.0030740394796596312
CSCO,CISCO SYSTEMS INC,17275R102,2009000.0,29366,0.003072510106784179
XLV,HEALTH CARE SELECT SPDR,81369Y209,1982000.0,14240,0.0030312170391469597
XLI,INDUSTRIALS INDEX FUND,81369Y704,1980000.0,12839,0.0030281582933960544
VIG,VANGUARD DIVIDEND APPREC,921908844,1980000.0,9177,0.0030281582933960544
TCBI,TEXAS CAPITAL BANCSHARES,88224Q107,1973000.0,23344,0.0030174526832678866
APP,APPLOVIN CORP,03831W108,1963000.0,2732,0.0030021589545133616
HDB,HDFC BANK LTD ADR REPS3,40415F101,1962000.0,57429,0.0030006295816379087
SPG,SIMON PROP GROUP,828806109,1962000.0,10453,0.0030006295816379087
KWEB,KRANESHARES TR CSI CHI INT,500767306,1961000.0,46684,0.0029991002087624563
AMZN,AMAZON.COM INC,023135106,1957000.0,8915,0.0029929827172606458
VTV,VANGUARD INDEX FDS VA ETF,922908744,1957000.0,10492,0.0029929827172606458
SYK,STRYKER CORP,863667101,1956000.0,5290,0.0029914533443851934
DD,DUPONT DE NEMOURS INC,26614N102,1953000.0,25065,0.0029868652257588357
RBC,RBC BEARING INC COM,75524B104,1944000.0,4980,0.0029731008698797626
SSB,SOUTHSTATE CORP NPV,84472E102,1943000.0,19657,0.00297157149700431
UNP,UNION PACIFIC CORP,907818108,1942000.0,8217,0.002970042124128858
SAIA,SAIA INC COM,78709Y105,1940000.0,6481,0.0029669833783779525
CADE,CADENCE BANK,12740C103,1935000.0,51543,0.0029593365140006896
IDCC,INTERDIGITAL INC PA,45867G101,1930000.0,5590,0.002951689649623427
INFY,INFOSYS LTD ADR,456788108,1922000.0,118151,0.002939454666619807
KRE,SPDR S&P REGIONAL BK ETF,78464A698,1921000.0,30345,0.002937925293744354
LMT,LOCKHEED MARTIN CORP,539830109,1917000.0,3841,0.002931807802242544
HLNE,HAMILTON LANE INC,407497106,1913000.0,14190,0.002925690310740734
CCCS,CCC INTELLIGENT SOLUTIONS,12510Q100,1908000.0,209445,0.0029180434463634713
BWXT,BWX TECHNOLOGIES INC,05605H100,1908000.0,10348,0.0029180434463634713
MANH,MANHATTAN ASSOCIATES INC,562750109,1907000.0,9302,0.0029165140734880184
N/A,QIAGEN N.V.,N72482206,1904000.0,43183,0.0029119259548616608
UNP,UNION PACIFIC CORP,907818108,1900000.0,8038,0.0029058084633598507
MLI,MUELLER INDS INC,624756102,1898000.0,18772,0.0029027497176089454
EUSA,ISHARES MSCI USA EQUAL WEI,464286681,1897000.0,18420,0.002901220344733493
LMT,LOCKHEED MARTIN CORP,539830109,1895000.0,3795,0.0028981615989825877
GE,GE AEROSPACE,369604301,1890000.0,6283,0.002890514734605325
ESNT,ESSENT GROUP LTD,G3198U102,1889000.0,29717,0.0028889853617298723
CPRT,COPART INC,217204106,1888000.0,41989,0.00288745598885442
FLUT,FLUTTER ENTERTAINMENT PLC,G3643J108,1887000.0,7429,0.002885926615978967
KWEB,KRANESHARES TR CSI CHI INT,500767306,1882000.0,44801,0.0028782797516017046
NFLX,NETFLIX INC,64110L106,1880000.0,1568,0.0028752210058507993
HDB,HDFC BANK LTD ADR REPS3,40415F101,1878000.0,54968,0.0028721622600998945
C,CITIGROUP INC,172967424,1878000.0,18500,0.0028721622600998945
SBAC,SBA COMMUNICATIONS CORP,78410G104,1869000.0,9665,0.0028583979042208214
LLY,LILLY ELI & CO,532457108,1869000.0,2450,0.0028583979042208214
STAG,STAG INDUSTRIAL INC,85254J102,1867000.0,52907,0.002855339158469916
CME,CME GROUP INC,12572Q105,1862000.0,6891,0.0028476922940926536
BSY,BENTLEY SYSTEMS INC,08265T208,1862000.0,36160,0.0028476922940926536
VBR,VANGUARD SMALL CAP VALUE,922908611,1853000.0,8879,0.0028339279382135806
NOVT,NOVANTA INC,67000B104,1850000.0,18471,0.002829339819587223
AEP,AMERICAN ELECTRIC POWER CO,025537101,1850000.0,16448,0.002829339819587223
IDXX,IDEXX LABS CORP,45168D104,1850000.0,2895,0.002829339819587223
XLU,UTILITIES SELECT SECT SPDR,81369Y886,1847000.0,21183,0.0028247517009608652
WH,WYNDHAM HOTELS & RESORTS,98311A105,1846000.0,23100,0.002823222328085413
MKSI,MKS INC,55306N104,1844000.0,14898,0.0028201635823345075
ABT,ABBOTT LABORATORIES,002824100,1844000.0,13769,0.0028201635823345075
XOP,SPDR S&P OIL & GAS EXPLORA,78468R556,1843000.0,13944,0.002818634209459055
PLNT,PLANET FITNESS INC,72703H101,1840000.0,17729,0.002814046090832697
BMI,BADGER METER INC,056525108,1839000.0,10300,0.0028125167179572446
CIT,CINTAS CORP,172908105,1835000.0,8941,0.0028063992264554345
LHX,L3 HARRIS TECHNOLOGIES INC,502431109,1835000.0,6008,0.0028063992264554345
FMF,FORM FACTOR INC,346375108,1831000.0,50265,0.0028002817349536244
ENTG,ENTEGRIS INC,29362U104,1829000.0,19782,0.0027972229892027196
VV,VANGUARD LARGE-CAP ETF,922908637,1823000.0,5920,0.0027880467519500038
SNPS,SYNOPSYS INC,871607107,1820000.0,3688,0.0027834586333236465
BKNG,BOOKING HLDGS INC,09857L108,1820000.0,337,0.0027834586333236465
WING,WINGSTOP INC,974155103,1819000.0,7227,0.0027819292604481937
MMC,MARSH & MCLENNAN COS INC,571748102,1817000.0,9017,0.0027788705146972884
BAC,VERIZON COMMUNICATIONS,92343V104,1812000.0,41237,0.002771223650320026
VRTX,VERTEX PHARMACEUTICALS,92532F100,1811000.0,4625,0.0027696942774445735
MSFT,MICROSOFT CORP,594918104,1809000.0,3493,0.002766635531693668
ABCB,AMERIS BANCORP,03076K108,1807000.0,24652,0.0027635767859427634
IWM,ISHARES TR RUSSELL 2000,464287655,1806000.0,7463,0.0027620474130673105
SPY,S&P 500 DEP RCPTS,78462F103,1803000.0,2707,0.002757459294440953
ONON,ON HOLDING AG,H5919C104,1802000.0,42559,0.0027559299215655004
CCCS,CCC INTELLIGENT SOLUTIONS,12510Q100,1801000.0,197749,0.0027544005486900476
CLH,CLEAN HARBORS INC,184496107,1797000.0,7737,0.0027482830571882375
LQD,ISHARES TR GS CORP BD FD,464287242,1794000.0,16091,0.0027436949385618798
DSGX,DESCARTES SYSTEMS GRP,249906108,1792000.0,19015,0.002740636192810975
IBM,INTERNATIONAL BUS MACHINES,459200101,1788000.0,6336,0.0027345187013091644
HON,HONEYWELL INTL INC,438516106,1784000.0,8473,0.0027284012098073543
MANH,MANHATTAN ASSOCIATES INC,562750109,1783000.0,8699,0.002726871836931902
VMC,VULCAN MATERIALS,929160109,1783000.0,5796,0.002726871836931902
AZO,AUTOZONE INC,053332102,1772000.0,413,0.0027100487353019236
PANW,PALO ALTO NETWORKS INC,697435105,1772000.0,8702,0.0027100487353019236
SE,SEA LTD ADR,81141R100,1771000.0,9910,0.002708519362426471
TXRH,TEXAS ROADHOUSE INC,882681109,1769000.0,10644,0.002705460616675566
NDAQ,NASDAQ INC.,631103108,1766000.0,19964,0.0027008724980492086
IBP,INSTALLED BUILDING PRODUCT,45780R101,1765000.0,7155,0.002699343125173756
MRK,MERCK & CO INC NEW,58933Y105,1754000.0,20896,0.0026825200235437775
PBT,PERMIAN BASIN RYLTY TR BI,714236106,1752000.0,96021,0.0026794612777928726
KMI,KINDER MORGAN INC,49456B101,1752000.0,61903,0.0026794612777928726
ITW,ILLINOIS TOOL WORKS INC,452308109,1750000.0,6712,0.002676402532041968
TDG,TRANSDIGM GROUP INC COM,893641100,1749000.0,1327,0.002674873159166515
WAB,WABTEC CORP,929740108,1748000.0,8717,0.0026733437862910625
SBUX,STARBUCKS CORP,855244109,1748000.0,20663,0.0026733437862910625
AON,AON PLC,G0403H108,1744000.0,4891,0.0026672262947892524
VTI,VANGUARD TOTAL STK MKT FD,922908769,1743000.0,5310,0.0026656969219138
CNQ,CDN NATURAL RES LTD,136385101,1743000.0,54586,0.0026656969219138
ENTG,ENTEGRIS INC,29362U104,1737000.0,18791,0.0026565206846610847
FSV,FIRSTSERVICE CORP,33767E202,1737000.0,9120,0.0026565206846610847
BCH,BANCO DE CHILE ADR,059520106,1737000.0,57337,0.0026565206846610847
WCN,WASTE CONNECTIONS,94106B101,1736000.0,9876,0.002654991311785632
NOVT,NOVANTA INC,67000B104,1730000.0,17274,0.0026458150745329164
TMUS,T-MOBILE US INC,872590104,1728000.0,7217,0.0026427563287820116
YUM,YUM BRANDS INC,988498101,1727000.0,11364,0.0026412269559065588
SAIA,SAIA INC COM,78709Y105,1724000.0,5758,0.002636638837280201
HEI/A,HEICO CORP NEW CL A,422806208,1723000.0,6780,0.0026351094644047487
CHKP,CHECK POINT SOFTWARE TECH,M22465104,1722000.0,8323,0.0026335800915292962
BV,BRIGHTVIEW HOLDINGS INC,10948C107,1720000.0,128345,0.002630521345778391
KMI,KINDER MORGAN INC,49456B101,1717000.0,60638,0.0026259332271520333
BJ,BJS WHOLESALE CLUB HOLDIN,05550J101,1715000.0,18394,0.002622874481401128
LRCX,LAM RESEARCH CORP,512807306,1714000.0,12798,0.0026213451085256756
TEAM,ATLASSIAN CORP PLC,049468101,1710000.0,10710,0.0026152276170238655
ONTO,ONTO INNOVATION INC,683344105,1708000.0,13218,0.0026121688712729602
BA,BOEING COMPANY,097023105,1708000.0,7914,0.0026121688712729602
CCEP,COCA COLA EUROPAC PART PLC,G25839104,1707000.0,18879,0.002610639498397508
LNW,LIGHT & WONDER INC.,80874P109,1688000.0,20109,0.0025815814137639093
EPAM,EPAM SYSTEMS INC,29414B104,1684000.0,11169,0.0025754639222620988
DXCM,DEXCOM INC,252131107,1683000.0,25017,0.0025739345493866464
BSY,BENTLEY SYSTEMS INC,08265T208,1682000.0,32673,0.002572405176511194
CVCO,CAVCO INDS INC,149568107,1681000.0,2895,0.0025708758036357415
FIX,COMFORT SYSTEMS USA INC,199908104,1680000.0,2036,0.002569346430760289
VBK,VANGUARD INDX FD SM CAP,922908595,1673000.0,5621,0.0025586408206321213
CB,CHUBB LIMITED,H1467J104,1664000.0,5895,0.0025448764647530483
CDW,CDW CORP/DE,12514G108,1663000.0,10443,0.0025433470918775954
LH,LABCORP HLDGS,504922105,1663000.0,5794,0.0025433470918775954
ENSG,ENSIGN GROUP INC THE,29358P101,1659000.0,9600,0.0025372296003757853
EWJ,ISHARES MSCI JAPAN INDX,46434G822,1658000.0,20666,0.002535700227500333
URI,UNITED RENTALS INC,911363109,1654000.0,1733,0.0025295827359985224
IWM,ISHARES TR RUSSELL 2000,464287655,1654000.0,6834,0.0025295827359985224
ACGL,ARCH CAPITAL GROUP LTD,G0450A105,1650000.0,18185,0.0025234652444967123
TTEK,TETRA TECH INC,88162G103,1649000.0,49409,0.00252193587162126
ANET,ARISTA NETWORKS INC,040413205,1649000.0,11316,0.00252193587162126
ADBE,ADOBE INC,00724F101,1644000.0,4661,0.002514289007243997
PSTG,PURE STORAGE INC-CLASS A,74624M102,1643000.0,19600,0.0025127596343685445
AEM,AGNICO-EAGLE MINES LTD,008474108,1642000.0,9758,0.002511230261493092
BAC,VERIZON COMMUNICATIONS,92343V104,1642000.0,37356,0.002511230261493092
BKNG,BOOKING HLDGS INC,09857L108,1641000.0,304,0.0025097008886176392
AMT,AMERICAN TOWER CORP,03027X100,1640000.0,8526,0.002508171515742187
IPAC,ISHARES CORE MSCI PACIFIC,46434V696,1640000.0,22334,0.002508171515742187
CBRE,CBRE GROUP INC,12504L109,1639000.0,10402,0.002506642142866734
TEL,TE CONNECTIVITY PLC,G87052109,1633000.0,7439,0.002497465905614019
NRG,NRG ENERGY INC,629377508,1632000.0,10075,0.002495936532738566
GLW,CORNING INC,219350105,1632000.0,19892,0.002495936532738566
BFAM,BRIGHT HORIZONS FAMILY,109194100,1630000.0,15010,0.002492877786987661
T,TELUS CORP,87971M103,1630000.0,103600,0.002492877786987661
MET,METLIFE INC COM,59156R108,1624000.0,19712,0.002483701549734946
BABA,ALIBABA GROUP HOLDINGS LTD,01609W102,1624000.0,9084,0.002483701549734946
BA,BOEING COMPANY,097023105,1622000.0,7513,0.0024806428039840407
VNQ,VANGUARD REAL ESTATE ETF,922908553,1622000.0,17747,0.0024806428039840407
NKE,NIKE INC CL B,654106103,1622000.0,23265,0.0024806428039840407
MDLZ,MONDELEZ INTERNATIONAL INC,609207105,1617000.0,25888,0.002472995939606778
KRE,SPDR S&P REGIONAL BK ETF,78464A698,1616000.0,25532,0.0024714665667313254
GEV,GE VERNOVA LLC,36828A101,1612000.0,2622,0.0024653490752295153
IMO,IMPERIAL OIL LTD NEW,453038408,1611000.0,17790,0.002463819702354063
MTDR,MATADOR RES CO,576485205,1610000.0,35842,0.0024622903294786104
TXN,TEXAS INSTRUMENTS INC,882508104,1606000.0,8739,0.0024561728379768
DHI,DR HORTON INC,23331A109,1605000.0,9468,0.0024546434651013475
PGY,PAGAYA TECHNOLOGIES LTD,M7S64L123,1603000.0,53993,0.0024515847193504426
XYZ,BLOCK INC,852234103,1600000.0,22143,0.0024469966007240845
UNP,UNION PACIFIC CORP,907818108,1600000.0,6771,0.0024469966007240845
ZTS,ZOETIS INC,98978V103,1600000.0,10932,0.0024469966007240845
LNW,LIGHT & WONDER INC.,80874P109,1599000.0,19049,0.002445467227848632
LH,LABCORP HLDGS,504922105,1594000.0,5554,0.0024378203634713696
IEFA,ISHARES CORE MSCI EAFE ETF,46432F842,1593000.0,18240,0.0024362909905959167
MUSA,MURPHY USA INC COM,626755102,1591000.0,4098,0.0024332322448450115
CR,CRANE CO,224408104,1590000.0,8632,0.002431702871969559
SYK,STRYKER CORP,863667101,1588000.0,4297,0.0024286441262186542
CP,CANADIAN PACIFIC KANSAS CI,13646K108,1586000.0,21288,0.002425585380467749
CARG,CARGURUS INC,141788109,1585000.0,42565,0.0024240560075922965
XLC,COMMUNICATION SERVICES SEL,81369Y852,1583000.0,13377,0.0024209972618413913
BMY,BRISTOL-MYERS SQUIBB CO,110122108,1582000.0,35071,0.0024194678889659384
ABT,ABBOTT LABORATORIES,002824100,1579000.0,11790,0.002414879770339581
AMD,ADVANCED MICRO DEVICES INC,007903107,1578000.0,9753,0.0024133503974641283
AEP,AMERICAN ELECTRIC POWER CO,025537101,1576000.0,14010,0.0024102916517132235
AMGN,AMGEN INC,031162100,1575000.0,5582,0.0024087622788377706
DUK,DUKE ENERGY HLDG CORP,26441C204,1574000.0,12720,0.0024072329059623182
MGY,MAGNOLIA OIL & GAS CORP,559663109,1574000.0,65937,0.0024072329059623182
VGK,VANGUARD MSCI EUROPE ETF,922042874,1573000.0,19711,0.002405703533086866
MELI,MERCADOLIBRE INC,58733R102,1573000.0,673,0.002405703533086866
VNT,VONTIER CORP,928881101,1572000.0,37446,0.0024041741602114134
GIL,GILDAN ACTIVEWEAR INC,375916103,1572000.0,27236,0.0024041741602114134
LHX,L3 HARRIS TECHNOLOGIES INC,502431109,1570000.0,5141,0.002401115414460508
ABT,ABBOTT LABORATORIES,002824100,1570000.0,11719,0.002401115414460508
IJH,ISHARES TR S&P MIDCAP 400,464287507,1566000.0,24003,0.0023949979229586976
GD,GENERAL DYNAMICS CORP,369550108,1565000.0,4588,0.0023934685500832456
HON,HONEYWELL INTL INC,438516106,1564000.0,7428,0.0023919391772077928
COO,COOPER COS INC/THE,216648501,1560000.0,22753,0.0023858216857059827
CNM,CORE & MAIN INC,21874C102,1560000.0,28984,0.0023858216857059827
INTU,INTUIT,461202103,1559000.0,2283,0.00238429231283053
MRK,MERCK & CO INC NEW,58933Y105,1557000.0,18552,0.002381233567079625
XLY,SELECT SECTOR SPDR TR SBI,81369Y407,1555000.0,6490,0.0023781748213287197
MDLZ,MONDELEZ INTERNATIONAL INC,609207105,1551000.0,24830,0.0023720573298269096
WINA,WINMARK CORP,974250102,1551000.0,3115,0.0023720573298269096
BF/B,BROWN FORMAN CORP CL B,115637209,1550000.0,57241,0.002370527956951457
OEF,ISHARES S&P 100 INDEX,464287101,1548000.0,4650,0.002367469211200552
PGR,PROGRESSIVE CORP OHIO,743315103,1542000.0,6245,0.0023582929739478366
UBS,UBS GROUP AG,H42097107,1541000.0,37588,0.002356763601072384
ROK,ROCKWELL AUTOMATION INC,773903109,1537000.0,4397,0.0023506461095705736
TDG,TRANSDIGM GROUP INC COM,893641100,1537000.0,1166,0.0023506461095705736
VIG,VANGUARD DIVIDEND APPREC,921908844,1534000.0,7111,0.0023460579909442164
LIN,LINDE PLC,G54950103,1533000.0,3228,0.002344528618068764
NSC,NORFOLK SOUTHERN CORP,655844108,1531000.0,5097,0.0023414698723178587
ORCL,ORACLE CORP,68389X105,1531000.0,5443,0.0023414698723178587
ASO,ACADEMY SPORTS & OUTDOORS,00402L107,1531000.0,30607,0.0023414698723178587
SNPS,SYNOPSYS INC,871607107,1527000.0,3094,0.002335352380816048
AMT,AMERICAN TOWER CORP,03027X100,1526000.0,7933,0.0023338230079405957
KEYS,KEYSIGHT TECHNOLOGIES INC,49338L103,1525000.0,8719,0.0023322936350651433
TOST,TOAST INC,888787108,1523000.0,41717,0.002329234889314238
IJJ,ISHARES TR S&P MIDCP VALU,464287705,1523000.0,11738,0.002329234889314238
MSFT,MICROSOFT CORP,594918104,1522000.0,2938,0.0023277055164387856
EWY,ISHARES MSCI S KOREA ETF,464286772,1521000.0,18992,0.0023261761435633328
AIT,APPLIED INDL TECH INC COM,03820C105,1519000.0,5820,0.002323117397812428
GE,GE AEROSPACE,369604301,1517000.0,5042,0.0023200586520615227
GWRE,GUIDEWIRE SOFTWARE INC,40171V100,1517000.0,6601,0.0023200586520615227
UFPT,UFP TECHNOLOGIES INC,902673102,1517000.0,7598,0.0023200586520615227
QCOM,QUALCOMM INC,747525103,1515000.0,9106,0.002316999906310618
AZN,ASTRAZENECA PLC SPON ADR,046353108,1514000.0,19732,0.002315470533435165
RACE,FERRARI NV,N3167Y103,1513000.0,3118,0.0023139411605597126
WH,WYNDHAM HOTELS & RESORTS,98311A105,1510000.0,18902,0.002309353041933355
NVDA,NVIDIA CORP,67066G104,1509000.0,8090,0.0023078236690579025
BRK/A,BERKSHIRE HATHAWAY CL A,084670108,1508000.0,2,0.0023062942961824496
MDT,MEDTRONIC PLC,G5960L103,1499000.0,15737,0.002292529940303377
WING,WINGSTOP INC,974155103,1497000.0,5949,0.0022894711945524717
CME,CME GROUP INC,12572Q105,1495000.0,5532,0.0022864124488015665
FAST,FASTENAL INC COM,311900104,1495000.0,30484,0.0022864124488015665
AEP,AMERICAN ELECTRIC POWER CO,025537101,1493000.0,13275,0.0022833537030506616
AON,AON PLC,G0403H108,1492000.0,4184,0.002281824330175209
MDT,MEDTRONIC PLC,G5960L103,1490000.0,15642,0.002278765584424304
USB,US BANCORP DEL NEW,902973304,1490000.0,30833,0.002278765584424304
IWP,ISHARES RUSSELL MID IND GR,464287481,1487000.0,10440,0.0022741774657979463
CCEP,COCA COLA EUROPAC PART PLC,G25839104,1486000.0,16432,0.002272648092922494
OSW,ONESPAWORLD HOLDINGS LTD,P73684113,1483000.0,70156,0.0022680599742961357
AMT,AMERICAN TOWER CORP,03027X100,1481000.0,7699,0.002265001228545231
BKNG,BOOKING HLDGS INC,09857L108,1479000.0,274,0.0022619424827943256
DE,DEERE & CO,244199105,1478000.0,3232,0.0022604131099188732
RDNT,RADNET INC,750491102,1475000.0,19351,0.0022558249912925155
GWW,W W GRAINGER INC,384802104,1475000.0,1548,0.0022558249912925155
MDT,MEDTRONIC PLC,G5960L103,1474000.0,15481,0.0022542956184170627
MRCY,MERCURY COMPUTER SYS COM,589378108,1468000.0,18971,0.0022451193811643478
INTC,INTEL CORP,458140100,1468000.0,43762,0.0022451193811643478
MCO,MOODYS CORP,615369105,1464000.0,3072,0.0022390018896625372
USFD,US FOODS HOLDING CORP,912008109,1463000.0,19099,0.0022374725167870852
NET,CLOUDFLARE INC,18915M107,1463000.0,6818,0.0022374725167870852
CCEP,COCA COLA EUROPAC PART PLC,G25839104,1463000.0,16187,0.0022374725167870852
PNR,PENTAIR PLC,G7S00T104,1462000.0,13198,0.0022359431439116324
IBN,ICICI BANK LTD ADR,45104G104,1462000.0,48363,0.0022359431439116324
CVBF,CVB FINL CORP COM,126600105,1461000.0,77273,0.00223441377103618
HQY,HEALTHEQUITY INC,42226A107,1461000.0,15413,0.00223441377103618
AVT,AVNET INC,053807103,1460000.0,27923,0.002232884398160727
VGK,VANGUARD MSCI EUROPE ETF,922042874,1456000.0,18250,0.002226766906658917
PLMR,PALOMAR HOLDINGS INC,69753M105,1455000.0,12462,0.0022252375337834646
ASML,ASML HOLDING NV ADR,N07059210,1450000.0,1498,0.0022175906694062017
VGT,VANGUARD INFO TECH,92204A702,1441000.0,1930,0.0022038263135271286
HDB,HDFC BANK LTD ADR REPS3,40415F101,1441000.0,42186,0.0022038263135271286
WH,WYNDHAM HOTELS & RESORTS,98311A105,1438000.0,17997,0.0021992381949007714
HD,HOME DEPOT,437076102,1434000.0,3538,0.002193120703398961
INTU,INTUIT,461202103,1434000.0,2100,0.002193120703398961
KLAC,KLA CORPORATION,482480100,1427000.0,1323,0.002182415093270793
LLY,LILLY ELI & CO,532457108,1425000.0,1867,0.0021793563475198878
B,BARRICK MINING CORP,06849F108,1424000.0,43410,0.0021778269746444354
PFE,PFIZER INC,717081103,1416000.0,55576,0.002165591991640815
APD,AIR PRODUCTS & CHEMICALS,009158106,1414000.0,5183,0.00216253324588991
LOW,LOWES COS INC,548661107,1413000.0,5621,0.002161003873014457
CVNA,CARVANA CO,146869102,1413000.0,3746,0.002161003873014457
ROAD,CONSTRUCTION PARTNERS INC,21044C107,1409000.0,11098,0.002154886381512647
CCEP,COCA COLA EUROPAC PART PLC,G25839104,1406000.0,15553,0.0021502982628862893
GPN,GLOBAL PAYMENTS INC,37940X102,1405000.0,16906,0.002148768890010837
WAB,WABTEC CORP,929740108,1403000.0,7000,0.0021457101442599316
MRK,MERCK & CO INC NEW,58933Y105,1401000.0,16691,0.0021426513985090268
SCHW,SCHWAB CHARLES CORP NEW,808513105,1397000.0,14634,0.002136533907007216
ENTG,ENTEGRIS INC,29362U104,1392000.0,15054,0.0021288870426299537
USHY,ISHARES BROAD USD HIGH YIE,46435U853,1390000.0,36803,0.0021258282968790484
AMT,AMERICAN TOWER CORP,03027X100,1388000.0,7215,0.002122769551128143
ECL,ECOLAB INC,278865100,1387000.0,5066,0.0021212401782526908
HDV,ISHARES CORE HIGH DIVIDEND,46429B663,1386000.0,11319,0.0021197108053772383
TRNO,TERRENO RLTY CORP,88146M101,1382000.0,24348,0.0021135933138754282
SUB,ISHARES SHORT-TERM,464288158,1380000.0,12920,0.002110534568124523
APH,AMPHENOL CORP,032095101,1379000.0,11142,0.00210900519524907
NRG,NRG ENERGY INC,629377508,1377000.0,8504,0.0021059464494981657
EXLS,EXLSERVICE HLDGS INC,302081104,1374000.0,31206,0.0021013583308718076
BAC,BANK OF AMERICA CORP,060505104,1370000.0,26562,0.0020952408393699975
DIOD,DIODES INC,254543101,1368000.0,25704,0.0020921820936190927
IRTC,IRHYTHM TECHNOLOGIES INC,450056106,1364000.0,7929,0.002086064602117282
EWJ,ISHARES MSCI JAPAN INDX,46434G822,1363000.0,16993,0.0020845352292418297
LHX,L3 HARRIS TECHNOLOGIES INC,502431109,1362000.0,4458,0.0020830058563663773
IDEV,ISHARES CORE MSCI INTERNAT,46435G326,1361000.0,16978,0.0020814764834909245
ALL,ALLSTATE CORP,020002101,1358000.0,6326,0.0020768883648645668
IWS,ISHARES TR RUSSELL MCP VL,464287473,1357000.0,9718,0.0020753589919891144
KRE,SPDR S&P REGIONAL BK ETF,78464A698,1353000.0,21376,0.0020692415004873043
KO,COCA-COLA COMPANY,191216100,1352000.0,20391,0.0020677121276118514
ADSK,AUTODESK INC,052769106,1351000.0,4253,0.002066182754736399
MU,MICRON TECHNOLOGY INC,595112103,1350000.0,8071,0.0020646533818609466
ESI,ELEMENT SOLUTIONS INC,28618M106,1348000.0,53570,0.0020615946361100413
VB,VANGUARD SMALL CAP,922908751,1348000.0,5301,0.0020615946361100413
PH,PARKER-HANNIFIN CORP,701094104,1347000.0,1777,0.002060065263234589
ESGU,ISHARES TRUST ISHARES ESG,46435G425,1347000.0,9251,0.002060065263234589
VGT,VANGUARD INFO TECH,92204A702,1344000.0,1800,0.002055477144608231
ON1,OLD NATIONAL BANCORP IND,680033107,1344000.0,61215,0.002055477144608231
DWD,MORGAN STANLEY GRP INC,617446448,1342000.0,8442,0.002052418398857326
FSS,FEDERAL SIGNAL,313855108,1342000.0,11275,0.002052418398857326
INTU,INTUIT,461202103,1342000.0,1965,0.002052418398857326
WM,WASTE MANAGEMENT INC NEW,94106L109,1339000.0,6065,0.0020478302802309683
V,VISA INC,92826C839,1336000.0,3914,0.0020432421616046106
COO,COOPER COS INC/THE,216648501,1335000.0,19468,0.002041712788729158
BELFB,BEL FUSE INC CL B,077347300,1332000.0,9444,0.0020371246701028005
MMM,3M CO,88579Y101,1327000.0,8551,0.0020294778057255375
WFC,WELLS FARGO & CO NEW,949746101,1325000.0,15806,0.0020264190599746323
AGG,ISHARES CORE US AGGREGATE,464287226,1324000.0,13211,0.00202488968709918
GOOG,ALPHABET INC CLASS C,02079K107,1324000.0,5437,0.00202488968709918
KNSL,KINSALE CAPITAL GROUP INC,49714P108,1320000.0,3103,0.0020187721955973697
IWV,RUSS 3000 INDEX,464287689,1319000.0,3481,0.0020172428227219173
MUR,MURPHY OIL,626717102,1315000.0,46276,0.0020111253312201072
LH,LABCORP HLDGS,504922105,1314000.0,4577,0.002009595958344655
MTB,M&T BANK CORP,55261F104,1313000.0,6645,0.002008066585469202
TXN,TEXAS INSTRUMENTS INC,882508104,1313000.0,7146,0.002008066585469202
TD,TORONTO-DOMINION,891160509,1312000.0,16433,0.0020065372125937495
RCL,ROYAL CARIBBEAN CRUISES LD,V7780T103,1310000.0,4047,0.0020034784668428443
AZO,AUTOZONE INC,053332102,1309000.0,305,0.0020019490939673914
ADI,ANALOG DEVICES,032654105,1308000.0,5323,0.002000419721091939
NRG,NRG ENERGY INC,629377508,1307000.0,8073,0.0019988903482164866
SCHF,SCHWAB INTERNATIONAL EQUIT,808524805,1304000.0,56020,0.001994302229590129
PLMR,PALOMAR HOLDINGS INC,69753M105,1302000.0,11149,0.0019912434838392236
CEG,CONSTELLATION ENERGY CORP,21037T109,1302000.0,3956,0.0019912434838392236
CXT,CRANE NXT CO,224441105,1302000.0,19409,0.0019912434838392236
PG,PROCTER & GAMBLE CO,742718109,1299000.0,8451,0.0019866553652128664
ING,ING GROUP NV SPON ADR,456837103,1297000.0,49750,0.001983596619461961
VTWO,VANGUARD RUSSELL 2000,92206C664,1296000.0,13246,0.0019820672465865087
BBSI,BARRETT BUSINESS SVCS,068463108,1293000.0,29172,0.0019774791279601506
EMR,EMERSON ELECTRIC CO,291011104,1292000.0,9848,0.001975949755084698
DORM,DORMAN PRODUCTS,258278100,1292000.0,8291,0.001975949755084698
SRE,SEMPRA COM,816851109,1291000.0,14348,0.0019744203822092458
MO,ALTRIA GROUP INC,02209S103,1290000.0,19528,0.0019728910093337933
KLAC,KLA CORPORATION,482480100,1288000.0,1194,0.001969832263582888
PHR,PHREESIA INC,71944F106,1280000.0,54403,0.001957597280579268
ACWX,ISHARES MSCI ACWI EX-US,464288240,1279000.0,19671,0.001956067907703815
CL,COLGATE-PALMOLIVE CO,194162103,1278000.0,15984,0.0019545385348283626
NU,NU HOLDINGS LTD/CAYMAN,G6683N103,1278000.0,79815,0.0019545385348283626
FLR,FLUOR CORP NEW COM,343412102,1277000.0,30353,0.00195300916195291
NSC,NORFOLK SOUTHERN CORP,655844108,1276000.0,4247,0.0019514797890774576
SFBS,SERVISFIRST BANCSHARES INC,81768T108,1272000.0,15800,0.0019453622975756472
ORCL,ORACLE CORP,68389X105,1271000.0,4521,0.0019438329247001948
TEL,TE CONNECTIVITY PLC,G87052109,1271000.0,5788,0.0019438329247001948
AAPL,APPLE INC,037833100,1271000.0,4990,0.0019438329247001948
QCOM,QUALCOMM INC,747525103,1268000.0,7624,0.001939244806073837
VXF,VANGUARD INDEX EXTEND MKT,922908652,1266000.0,6047,0.0019361860603229319
QTWO,Q2 HLDGS INC,74736L109,1264000.0,17461,0.0019331273145720266
UNH,UNITEDHEALTH GROUP INC,91324P102,1262000.0,3655,0.001930068568821122
APP,APPLOVIN CORP,03831W108,1261000.0,1755,0.0019285391959456691
SO,SOUTHERN CO,842587107,1261000.0,13307,0.0019285391959456691
UBER,UBER TECHNOLOGIES INC,90353T100,1261000.0,12871,0.0019285391959456691
IPAC,ISHARES CORE MSCI PACIFIC,46434V696,1256000.0,17110,0.0019208923315684064
XBI,SPDR SERIES TR S&P BIOTEH,78464A870,1255000.0,12526,0.001919362958692954
DFAT,DIMENSIONAL US TARGETED VA,25434V609,1254000.0,21546,0.0019178335858175014
HWC,HANCOCK WHITNEY CORP,410120109,1253000.0,20019,0.001916304212942049
RHP,RYMAN HOSPITALTY PPTYS INC,78377T107,1251000.0,13965,0.0019132454671911437
IP,INTERNATIONAL PAPER,460146103,1251000.0,26954,0.0019132454671911437
CRDO,CREDO TECHNOLOGY GROUP HOL,G25457105,1248000.0,8573,0.0019086573485647858
EA,ELECTRONIC ARTS,285512109,1248000.0,6188,0.0019086573485647858
IJH,ISHARES TR S&P MIDCAP 400,464287507,1246000.0,19090,0.0019055986028138812
DSGX,DESCARTES SYS GP INC/THE,249906108,1246000.0,13250,0.0019055986028138812
REGN,REGENERON PHARMACEUTICALS,75886F107,1244000.0,2212,0.001902539857062976
AJG,GALLAGER ARTHUR J & CO,363576109,1243000.0,4012,0.0019010104841875233
SSB,SOUTHSTATE CORP NPV,84472E102,1242000.0,12564,0.0018994811113120708
PFF,ISHARES TR ISHARES PFD,464288687,1239000.0,39190,0.001894892992685713
DIVB,ISHARES CORE DIVIDEND ETF,46435U861,1237000.0,23675,0.0018918342469348081
JNJ,JOHNSON & JOHNSON,478160104,1236000.0,6664,0.0018903048740593553
META,META PLATFORMS INC,30303M102,1232000.0,1678,0.0018841873825575452
MU,MICRON TECHNOLOGY INC,595112103,1231000.0,7356,0.0018826580096820927
SXI,STANDEX INTER CORP,854231107,1231000.0,5810,0.0018826580096820927
HDV,ISHARES CORE HIGH DIVIDEND,46429B663,1229000.0,10040,0.0018795992639311875
DD,DUPONT DE NEMOURS INC,26614N102,1228000.0,15758,0.001878069891055735
N/A,AUMOVIO SE NPV,D0R9B8108,1227000.0,29852,0.0018765405181802824
NFRA,FLEXSHARES STOXX GLOBAL BR,33939L795,1226000.0,19479,0.00187501114530483
COO,COOPER COS INC/THE,216648501,1221000.0,17806,0.0018673642809275668
A4S,AMERIPRISE FINANCIAL INC,03076C106,1220000.0,2483,0.0018658349080521146
AJG,GALLAGER ARTHUR J & CO,363576109,1220000.0,3940,0.0018658349080521146
PBH,PRESTIGE CONSUMER,74112D101,1218000.0,19517,0.0018627761623012094
IEFA,ISHARES CORE MSCI EAFE ETF,46432F842,1218000.0,13952,0.0018627761623012094
OSW,ONESPAWORLD HOLDINGS LTD,P73684113,1217000.0,57563,0.001861246789425757
AG8,AGILENT TECHNOLOGIES,00846U101,1213000.0,9454,0.0018551292979239466
TCBI,TEXAS CAPITAL BANCSHARES,88224Q107,1213000.0,14348,0.0018551292979239466
CADE,CADENCE BANK,12740C103,1211000.0,32258,0.0018520705521730416
JNJ,JOHNSON & JOHNSON,478160104,1210000.0,6525,0.0018505411792975892
PRM,PERIMETER SOLUTIONS INC,71385M107,1208000.0,53968,0.001847482433546684
VRRM,VERRA MOBILITY CORP,92511U102,1203000.0,48707,0.001839835569169421
COF,CAPITAL ONE FINANCIAL,14040H105,1200000.0,5647,0.0018352474505430635
BNL,BROADSTONE NET LEASE INC,11135E203,1199000.0,67070,0.001833718077667611
PM,PHILIP MORRIS INTL INC,718172109,1197000.0,7382,0.0018306593319167058
CWB,SPDR BLOOMBERG CONVERTIBLE,78464A359,1197000.0,13231,0.0018306593319167058
IVE,ISHARES S&P 500 VL,464287408,1192000.0,5773,0.001823012467539443
ELF,ELF BEAUTY INC,26856L103,1192000.0,9000,0.001823012467539443
IEFA,ISHARES CORE MSCI EAFE ETF,46432F842,1190000.0,13630,0.001819953721788538
LMB,LIMBACH HOLDINGS INC,53263P105,1184000.0,12189,0.0018107774845358227
PHR,PHREESIA INC,71944F106,1184000.0,50353,0.0018107774845358227
LLY,LILLY ELI & CO,532457108,1182000.0,1549,0.0018077187387849174
SPG,SIMON PROP GROUP,828806109,1180000.0,6286,0.0018046599930340123
IOT,SAMSARA INC,79589L106,1177000.0,31591,0.0018000718744076547
FCFS,FIRSTCASH HOLDINGS INC,33768G107,1176000.0,7426,0.0017985425015322025
STAG,STAG INDUSTRIAL INC,85254J102,1175000.0,33290,0.0017970131286567496
PFE,PFIZER INC,717081103,1175000.0,46111,0.0017970131286567496
ESNT,ESSENT GROUP LTD,G3198U102,1174000.0,18478,0.0017954837557812972
COST,COSTCO WHSL CORP NEW,22160K105,1173000.0,1267,0.0017939543829058446
AAPL,APPLE INC,037833100,1172000.0,4601,0.0017924250100303921
KO,COCA-COLA COMPANY,191216100,1171000.0,17656,0.0017908956371549393
TFC,TRUIST FINANCIAL CORP,89832Q109,1171000.0,25615,0.0017908956371549393
VLO,VALERO ENERGY NEW,91913Y100,1169000.0,6865,0.0017878368914040342
QCOM,QUALCOMM INC,747525103,1167000.0,7013,0.0017847781456531294
ANET,ARISTA NETWORKS INC,040413205,1166000.0,8004,0.0017832487727776766
BAC,VERIZON COMMUNICATIONS,92343V104,1162000.0,26437,0.0017771312812758663
KLAC,KLA CORPORATION,482480100,1161000.0,1076,0.001775601908400414
JEPI,JPMORGAN EQUITY PREMIUM IN,46641Q332,1159000.0,20292,0.0017725431626495088
WMB,WILLIAMS COMPANIES INC,969457100,1157000.0,18258,0.0017694844168986037
ESAB,ESAB CORP,29605J106,1157000.0,10350,0.0017694844168986037
XBI,SPDR SERIES TR S&P BIOTEH,78464A870,1154000.0,11516,0.001764896298272246
CSGP,COSTAR GROUP INC,22160N109,1154000.0,13681,0.001764896298272246
EW,EDWARDS LIFESCIENCES CORP,28176E108,1150000.0,14783,0.0017587788067704357
AME,AMETEK INC NEW,031100100,1149000.0,6110,0.0017572494338949835
ABCB,AMERIS BANCORP,03076K108,1149000.0,15672,0.0017572494338949835
DWD,MORGAN STANLEY GRP INC,617446448,1148000.0,7220,0.0017557200610195307
MMSI,MERIT MEDICAL SYS,589889104,1146000.0,13767,0.0017526613152686256
DIS,WALT DISNEY CO,254687106,1144000.0,9988,0.0017496025695177204
ABNB,AIRBNB INC,009066101,1141000.0,9401,0.001745014450891363
SPG,SIMON PROP GROUP,828806109,1141000.0,6082,0.001745014450891363
BRK/B,BERKSHIRE HATHAWAY CL B,084670702,1139000.0,2266,0.0017419557051404576
BV,BRIGHTVIEW HOLDINGS INC,10948C107,1139000.0,85031,0.0017419557051404576
TRP,TC ENERGY CORP NPV,87807B107,1137000.0,20933,0.0017388969593895526
GPC,GENUINE PARTS CO,372460105,1137000.0,8205,0.0017388969593895526
IBP,INSTALLED BUILDING PRODUCT,45780R101,1136000.0,4605,0.0017373675865141002
CP,CANADIAN PACIFIC KANSAS CI,13646K108,1135000.0,15238,0.0017358382136386473
CSX,CSX CORP,126408103,1133000.0,31906,0.0017327794678877427
LH,LABCORP HLDGS,504922105,1133000.0,3948,0.0017327794678877427
BIP,BROOKFIELD INFRAST PRTN,G16252101,1133000.0,34435,0.0017327794678877427
XOP,SPDR S&P OIL & GAS EXPLORA,78468R556,1132000.0,8565,0.0017312500950122899
MKSI,MKS INC,55306N104,1131000.0,9139,0.0017297207221368374
AJG,GALLAGER ARTHUR J & CO,363576109,1131000.0,3650,0.0017297207221368374
KMI,KINDER MORGAN INC,49456B101,1130000.0,39907,0.0017281913492613848
NTNX,NUTANIX INC,67059N108,1129000.0,15180,0.0017266619763859324
TXRH,TEXAS ROADHOUSE INC,882681109,1129000.0,6794,0.0017266619763859324
NSC,NORFOLK SOUTHERN CORP,655844108,1127000.0,3750,0.0017236032306350271
HCA,HCA HEALTHCARE INC,40412C101,1126000.0,2642,0.0017220738577595745
DE,DEERE & CO,244199105,1124000.0,2459,0.0017190151120086697
EFX,EQUIFAX INC,294429105,1121000.0,4370,0.0017144269933823118
DSGX,DESCARTES SYSTEMS GRP,249906108,1117000.0,11854,0.0017083095018805014
SBAC,SBA COMMUNICATIONS CORP,78410G104,1116000.0,5770,0.001706780129005049
CDNS,CADENCE DESIGN SYSTEMS INC,127387108,1114000.0,3171,0.001703721383254144
RCL,ROYAL CARIBBEAN CRUISES LD,V7780T103,1112000.0,3436,0.0017006626375032387
RYAAY,RYANAIR HLDGS PLC ADR,783513203,1111000.0,18444,0.0016991332646277863
FFIN,FIRST FINL BANKSHARES,32020R109,1110000.0,33000,0.0016976038917523337
BE,BLOOM ENERGY CORP,093712107,1109000.0,13109,0.0016960745188768812
TW,TRADEWEB MARKETS INC,892672106,1105000.0,9961,0.001689957027375071
MET,METLIFE INC COM,59156R108,1105000.0,13409,0.001689957027375071
FMF,FORM FACTOR INC,346375108,1105000.0,30329,0.001689957027375071
NFLX,NETFLIX INC,64110L106,1103000.0,920,0.0016868982816241659
BMI,BADGER METER INC,056525108,1102000.0,6169,0.0016853689087487135
NEE,NEXTERA ENERGY INC,65339F101,1099000.0,14556,0.0016807807901223556
MET,METLIFE INC COM,59156R108,1099000.0,13342,0.0016807807901223556
SCHF,SCHWAB INTERNATIONAL EQUIT,808524805,1098000.0,47164,0.0016792514172469031
WEC,WEC ENERGY GROUP INC,92939U106,1098000.0,9579,0.0016792514172469031
ABBV,ABBVIE INC,00287Y109,1097000.0,4736,0.0016777220443714507
LIN,LINDE PLC,G54950103,1094000.0,2303,0.0016731339257450928
SRE,SEMPRA COM,816851109,1093000.0,12152,0.0016716045528696404
TRV,TRAVELERS COS INC,89417E109,1089000.0,3900,0.00166548706136783
PNC,PNC FINANCIAL SVS GRP,693475105,1088000.0,5415,0.0016639576884923777
S,SENTINELONE INC,81730H109,1087000.0,61750,0.001662428315616925
AFL,AFLAC INC,001055102,1086000.0,9726,0.0016608989427414726
PM,PHILIP MORRIS INTL INC,718172109,1083000.0,6677,0.0016563108241151147
MEDP,MEDPACE HOLDINGS,58506Q109,1082000.0,2105,0.0016547814512396623
TPD,SOMNIGROUP INTERNATIONAL,88023U101,1080000.0,12809,0.001651722705488757
GOOG,ALPHABET INC CLASS C,02079K107,1076000.0,4416,0.0016456052139869467
GNR,SPDR S&P GL NAT RESOURCES,78463X541,1074000.0,18143,0.0016425464682360417
BRO,BROWN & BROWN INC,115236101,1072000.0,11427,0.0016394877224851368
MLM,MARTIN MARIETTA MATL INC,573284106,1071000.0,1700,0.0016379583496096842
CVS,CVS HEALTH CORP,126650100,1070000.0,14189,0.0016364289767342318
WAB,WABTEC CORP,929740108,1063000.0,5304,0.001625723366606064
AMZN,AMAZON.COM INC,023135106,1063000.0,4841,0.001625723366606064
BFAM,BRIGHT HORIZONS FAMILY,109194100,1060000.0,9767,0.001621135247979706
RCL,ROYAL CARIBBEAN CRUISES LD,V7780T103,1058000.0,3270,0.0016180765022288008
RGEN,REPLIGEN CORP,759916109,1057000.0,7910,0.0016165471293533484
PEP,PEPSICO INC,713448108,1055000.0,7512,0.0016134883836024434
CTVA,CORTEVA INC,22052L104,1052000.0,15557,0.0016089002649760857
DOW,DOW INC,260557103,1051000.0,45846,0.001607370892100633
KXI,ISHARES TR S&P GL C STAPL,464288737,1051000.0,16327,0.001607370892100633
VFH,VANGUARD FINANCIALS ETF,92204A405,1050000.0,8000,0.0016058415192251806
IPAC,ISHARES CORE MSCI PACIFIC,46434V696,1050000.0,14301,0.0016058415192251806
ONTO,ONTO INNOVATION INC,683344105,1050000.0,8124,0.0016058415192251806
VONG,VANGUARD RUSSELL 1000 GROW,92206C680,1048000.0,8700,0.0016027827734742756
ADSK,AUTODESK INC,052769106,1048000.0,3299,0.0016027827734742756
APG,API GROUP CORP,00187Y100,1047000.0,30475,0.0016012534005988227
BLDR,BUILDERS FIRSTSOURCE INC,12008R107,1045000.0,8617,0.001598194654847918
HD,HOME DEPOT,437076102,1043000.0,2574,0.0015951359090970129
SRE,SEMPRA COM,816851109,1041000.0,11572,0.0015920771633461076
CMC,COMMERCIAL METALS CO,201723103,1039000.0,18135,0.0015890184175952025
SPG,SIMON PROP GROUP,828806109,1039000.0,5535,0.0015890184175952025
KKR,KKR & CO INC,48251W104,1039000.0,7996,0.0015890184175952025
CSL,CARLISLE COS,142339100,1037000.0,3153,0.0015859596718442973
BAH,BOOZ ALLEN HAMILTON HLDGS,099502106,1035000.0,10358,0.0015829009260933922
UE,URBAN EDGE PROPERTIES COM,91704F104,1033000.0,50480,0.0015798421803424872
IDEV,ISHARES CORE MSCI INTERNAT,46435G326,1031000.0,12855,0.001576783434591582
CRWV,COREWEAVE INC,21873S108,1029000.0,7520,0.0015737246888406769
GLD,SPDR GOLD TRUST,78463V107,1028000.0,2892,0.0015721953159652244
SBAC,SBA COMMUNICATIONS CORP,78410G104,1026000.0,5307,0.0015691365702143192
HON,HONEYWELL INTL INC,438516106,1025000.0,4869,0.0015676071973388668
FIX,COMFORT SYSTEMS USA INC,199908104,1022000.0,1239,0.0015630190787125089
CNP,CENTERPOINT ENERGY INC,15189T107,1022000.0,26331,0.0015630190787125089
GFF,GRIFFON CORP,398433102,1021000.0,13407,0.0015614897058370564
NVS,NOVARTIS AG ADR,66987V109,1019000.0,7945,0.0015584309600861514
CI,THE CIGNA GROUP,125523100,1019000.0,3536,0.0015584309600861514
PWR,QUANTA SERVICES INC,74762E102,1019000.0,2458,0.0015584309600861514
PSP,INVESCO GLOBAL LISTED PRIV,46137V118,1019000.0,14758,0.0015584309600861514
IWF,ISHARES TR RUSSELL 1000GRW,464287614,1018000.0,2174,0.001556901587210699
LLY,LILLY ELI & CO,532457108,1016000.0,1332,0.001553842841459794
IPAC,ISHARES CORE MSCI PACIFIC,46434V696,1015000.0,13825,0.001552313468584341
MCD,MCDONALDS CORP,580135101,1012000.0,3331,0.0015477253499579836
APP,APPLOVIN CORP,03831W108,1011000.0,1407,0.0015461959770825312
MLM,MARTIN MARIETTA MATL INC,573284106,1008000.0,1600,0.0015416078584561733
VWO,VANGUARD FTSE EMER MKT ETF,922042858,1007000.0,18593,0.0015400784855807209
SAP,SAP SE ADR,803054204,1007000.0,3768,0.0015400784855807209
RTX,RTX CORPORATION,75513E101,1004000.0,6002,0.001535490366954363
IDCC,INTERDIGITAL INC PA,45867G101,1004000.0,2907,0.001535490366954363
NRG,NRG ENERGY INC,629377508,1003000.0,6195,0.0015339609940789106
PNR,PENTAIR PLC,G7S00T104,999000.0,9021,0.0015278435025771002
TEL,TE CONNECTIVITY PLC,G87052109,998000.0,4544,0.0015263141297016478
MLI,MUELLER INDS INC,624756102,998000.0,9869,0.0015263141297016478
VTEB,VANGUARD TAX-EXEMPT BOND I,922907746,997000.0,19909,0.0015247847568261954
HLIO,HELIOS TECHNOLOGIES INC,42328H109,995000.0,19093,0.0015217260110752901
CVX,CHEVRON CORP,166764100,995000.0,6408,0.0015217260110752901
XLU,UTILITIES SELECT SECT SPDR,81369Y886,994000.0,11396,0.0015201966381998375
AXGN,AXOGEN INC,05463X106,993000.0,55660,0.001518667265324385
ACN,ACCENTURE PLC CL A,G1151C101,993000.0,4028,0.001518667265324385
GMED,GLOBUS MED INC,379577208,989000.0,17274,0.001512549773822575
CW,CURTISS WRIGHT CORP,231561101,987000.0,1817,0.0015094910280716697
RYAN,RYAN SPECIALTY HOLDNGS INC,78351F107,986000.0,17502,0.001507961655196217
IWR,ISHARES RUSSELL MIDCAP ETF,464287499,983000.0,10179,0.0015033735365698594
DUK,DUKE ENERGY HLDG CORP,26441C204,980000.0,7923,0.001498785417943502
CVNA,CARVANA CO,146869102,979000.0,2594,0.0014972560450680493
ULS,UL SOLUTIONS INC,903731107,978000.0,13807,0.0014957266721925967
ABG,CENCORA INC,03073E105,975000.0,3120,0.001491138553566239
EMXC,ISHARES MSCI EMERGING MARK,46434G764,975000.0,14440,0.001491138553566239
SXI,STANDEX INTER CORP,854231107,972000.0,4589,0.0014865504349398813
EEM,ISHARES MSCI EMERGING MKTS,464287234,968000.0,18123,0.0014804329434380712
AVGO,BROADCOM INC,11135F101,965000.0,2925,0.0014758448248117135
MGY,MAGNOLIA OIL & GAS CORP,559663109,964000.0,40406,0.001474315451936261
MPC,MARATHON PETE CORP,56585A102,964000.0,5000,0.001474315451936261
CFLT,CONFLUENT INC,20717M103,962000.0,48578,0.001471256706185356
GTLB,GITLAB INC,37637K108,960000.0,21300,0.0014681979604344508
VEU,VNGRD FTSE ALL-WORLD EX-US,922042775,959000.0,13431,0.0014666685875589982
URI,UNITED RENTALS INC,911363109,959000.0,1005,0.0014666685875589982
T,AT&T INC,00206R102,958000.0,33937,0.0014651392146835457
DUK,DUKE ENERGY HLDG CORP,26441C204,957000.0,7732,0.0014636098418080931
KMI,KINDER MORGAN INC,49456B101,956000.0,33767,0.0014620804689326405
WHD,CACTUS INC,127203107,956000.0,24220,0.0014620804689326405
ABNB,AIRBNB INC,009066101,953000.0,7846,0.001457492350306283
USB,US BANCORP DEL NEW,902973304,953000.0,19709,0.001457492350306283
MOD,MODINE MFGRS CO,607828100,952000.0,6700,0.0014559629774308304
GWRE,GUIDEWIRE SOFTWARE INC,40171V100,950000.0,4133,0.0014529042316799253
BDX,BECTON DICKINSON & CO,075887109,950000.0,5075,0.0014529042316799253
XOP,SPDR S&P OIL & GAS EXPLORA,78468R556,950000.0,7183,0.0014529042316799253
AAON,AAON INC COM PAR,000360206,949000.0,10156,0.0014513748588044727
ABT,ABBOTT LABORATORIES,002824100,948000.0,7075,0.00144984548592902
PWR,QUANTA SERVICES INC,74762E102,947000.0,2285,0.0014483161130535676
BR,BROADRIDGE FINL SOLUTIONS,11133T103,946000.0,3970,0.001446786740178115
ASO,ACADEMY SPORTS & OUTDOORS,00402L107,942000.0,18838,0.001440669248676305
FICO,FAIR ISACC CORP,303250104,941000.0,629,0.0014391398758008523
ITT,ITT INC,45073V108,940000.0,5260,0.0014376105029253996
WM,WASTE MANAGEMENT INC NEW,94106L109,940000.0,4258,0.0014376105029253996
CMCSA,COMCAST CORP CL A NEW,20030N101,939000.0,29896,0.0014360811300499472
EPAC,ENERPAC TOOL GROUP CORP,292765104,938000.0,22879,0.0014345517571744946
CFR,CULLEN FROST BANKERS,229899109,938000.0,7400,0.0014345517571744946
MRCY,MERCURY COMPUTER SYS COM,589378108,937000.0,12110,0.001433022384299042
VIK,VIKING HOLDINGS LTD,G93A5A101,937000.0,15074,0.001433022384299042
APP,APPLOVIN CORP,03831W108,935000.0,1301,0.001429963638548137
KKR,KKR & CO INC,48251W104,934000.0,7185,0.0014284342656726845
PWR,QUANTA SERVICES INC,74762E102,932000.0,2248,0.0014253755199217792
TAC,TRANSALTA CORP,89346D107,932000.0,68300,0.0014253755199217792
XEL,XCEL ENERGY INC,98389B100,926000.0,11482,0.001416199282669064
SPXC,SPX TECHNOLOGIES INC,78473E103,925000.0,4950,0.0014146699097936115
VV,VANGUARD LARGE-CAP ETF,922908637,924000.0,3000,0.0014131405369181588
MMC,MARSH & MCLENNAN COS INC,571748102,923000.0,4581,0.0014116111640427064
KTOS,KRATOS DEFENSE & SECURITY,50077B207,922000.0,10093,0.0014100817911672538
TFC,TRUIST FINANCIAL CORP,89832Q109,921000.0,20150,0.0014085524182918011
PRU,PRUDENTIAL FINANCIAL,744320102,921000.0,8882,0.0014085524182918011
PNR,PENTAIR PLC,G7S00T104,920000.0,8303,0.0014070230454163485
ONON,ON HOLDING AG,H5919C104,920000.0,21713,0.0014070230454163485
MMYT,MAKEMYTRIP LIMITED,V5633W109,920000.0,9825,0.0014070230454163485
META,META PLATFORMS INC,30303M102,918000.0,1250,0.0014039642996654437
JPM,JPMORGAN CHASE & CO,46625H100,914000.0,2897,0.0013978468081636334
LH,LABCORP HLDGS,504922105,913000.0,3181,0.0013963174352881807
AMZN,AMAZON.COM INC,023135106,910000.0,4143,0.0013917293166618233
URI,UNITED RENTALS INC,911363109,909000.0,952,0.0013901999437863706
XOP,SPDR S&P OIL & GAS EXPLORA,78468R556,906000.0,6856,0.001385611825160013
ICE,INTERCONTINENTAL EXCHG INC,45866F104,906000.0,5377,0.001385611825160013
TXN,TEXAS INSTRUMENTS INC,882508104,906000.0,4929,0.001385611825160013
BDX,BECTON DICKINSON & CO,075887109,904000.0,4828,0.0013825530794091077
BRZE,BRAZE INC,10576N102,903000.0,31750,0.0013810237065336553
CMG,CHIPOTLE MEXICAN GRILL,169656105,902000.0,23021,0.0013794943336582028
FSV,FIRSTSERVICE CORP,33767E202,902000.0,4735,0.0013794943336582028
OTIS,OTIS WORLDWIDE CORP,68902V107,899000.0,9832,0.0013749062150318452
CVBF,CVB FINL CORP COM,126600105,898000.0,47466,0.0013733768421563925
VEU,VNGRD FTSE ALL-WORLD EX-US,922042775,897000.0,12565,0.0013718474692809399
CNQ,CANADIAN NATURAL RES,136385101,896000.0,28026,0.0013703180964054875
ROST,ROSS STORES INC,778296103,896000.0,5880,0.0013703180964054875
TEL,TE CONNECTIVITY PLC,G87052109,895000.0,4078,0.0013687887235300348
CVCO,CAVCO INDS INC,149568107,895000.0,1542,0.0013687887235300348
PSX,PHILLIPS 66 COMMON,718546104,894000.0,6575,0.0013672593506545822
CHD,CHURCH & DWIGHT INC,171340102,893000.0,10196,0.0013657299777791298
GEV,GE VERNOVA LLC,36828A101,893000.0,1453,0.0013657299777791298
GWW,W W GRAINGER INC,384802104,889000.0,933,0.0013596124862773195
UNP,UNION PACIFIC CORP,907818108,885000.0,3746,0.0013534949947755092
PLTR,PALANTIR TECHNOLOGIES INC,69608A108,884000.0,4845,0.0013519656219000567
ALKT,ALKAMI TECHNOLOGY INC,01644J108,882000.0,35500,0.0013489068761491517
ROP,ROPER TECHNOLOGIES INC.,776696106,882000.0,1768,0.0013489068761491517
COST,COSTCO WHSL CORP NEW,22160K105,880000.0,951,0.0013458481303982466
GPC,GENUINE PARTS CO,372460105,879000.0,6343,0.001344318757522794
UNH,UNITEDHEALTH GROUP INC,91324P102,879000.0,2547,0.001344318757522794
ORLA,ORLA MINING LTD,68634K106,878000.0,81500,0.0013427893846473414
EOG,EOG RES INC,26875P101,878000.0,7830,0.0013427893846473414
BWXT,BWX TECHNOLOGIES INC,05605H100,876000.0,4750,0.0013397306388964363
STT,STATE ST CORP,857477103,874000.0,7532,0.0013366718931455313
CSW,CSW INDUSTRIALS INC,126402106,874000.0,3600,0.0013366718931455313
GILD,GILEAD SCIENCES,375558103,873000.0,7863,0.0013351425202700786
KAI,KADANT INC,48282T104,871000.0,2926,0.0013320837745191736
PJT,PJT PARTNERS INC,69343T107,871000.0,4900,0.0013320837745191736
BE,BLOOM ENERGY CORP,093712107,871000.0,10296,0.0013320837745191736
WM,WASTE MANAGEMENT INC NEW,94106L109,869000.0,3933,0.0013290250287682683
UFPT,UFP TECHNOLOGIES INC,902673102,867000.0,4342,0.0013259662830173635
SPOT,SPOTIFY TECHNOLOGY SA,L8681T102,867000.0,1242,0.0013259662830173635
WMT,WALMART INC,931142103,866000.0,8406,0.0013244369101419109
CSX,CSX CORP,126408103,866000.0,24387,0.0013244369101419109
AVTR,AVANTOR INC,05352A100,865000.0,69350,0.0013229075372664582
BOTZ,GLOBAL X ROBOTICS & ARTIFI,37954Y715,864000.0,24380,0.0013213781643910058
PLD,PROLOGIS INC,74340W103,863000.0,7533,0.0013198487915155532
VIG,VANGUARD DIVIDEND APPREC,921908844,863000.0,4000,0.0013198487915155532
MET,METLIFE INC COM,59156R108,862000.0,10462,0.0013183194186401005
CB,CHUBB LIMITED,H1467J104,862000.0,3053,0.0013183194186401005
IVW,ISHARES S&P 500 GROWTH IN,464287309,862000.0,7140,0.0013183194186401005
ENSG,ENSIGN GROUP INC THE,29358P101,860000.0,4977,0.0013152606728891955
IONQ,IONQ INC,46222L108,859000.0,13964,0.0013137313000137429
CARG,CARGURUS INC,141788109,856000.0,22984,0.0013091431813873854
IYK,ISHARES US CONSM STPLS ETF,464287812,856000.0,12519,0.0013091431813873854
XLU,UTILITIES SELECT SECT SPDR,81369Y886,855000.0,9799,0.0013076138085119328
ACWV,ISHARES MSCI GLBL MIN VOL,464286525,855000.0,7129,0.0013076138085119328
WELL,WELLTOWER OP INC,95040Q104,854000.0,4793,0.0013060844356364801
CCCS,CCC INTELLIGENT SOLUTIONS,12510Q100,854000.0,93743,0.0013060844356364801
ADP,AUTOMATIC DATA PROCESSING,053015103,852000.0,2902,0.001303025689885575
TTEK,TETRA TECH INC,88162G103,852000.0,25522,0.001303025689885575
MUR,MURPHY OIL,626717102,851000.0,29939,0.0013014963170101224
CPNG,COUPANG INC,22266T109,849000.0,26365,0.0012984375712592174
VTV,VANGUARD INDEX FDS VA ETF,922908744,849000.0,4550,0.0012984375712592174
MCD,MCDONALDS CORP,580135101,849000.0,2795,0.0012984375712592174
ROBO,ROBO GLOBAL ROBOTICS AND A,301505707,848000.0,12940,0.001296908198383765
VNT,VONTIER CORP,928881101,848000.0,20201,0.001296908198383765
AXON,AXON ENTERPRISE INC,05464C101,846000.0,1179,0.0012938494526328597
MDY,SPDR S&P MIDCAP 400 ETF TR,78467Y107,846000.0,1419,0.0012938494526328597
EBA,EBAY INC,278642103,846000.0,9298,0.0012938494526328597
TEAM,ATLASSIAN CORP PLC,049468101,845000.0,5292,0.0012923200797574073
DUK,DUKE ENERGY HLDG CORP,26441C204,844000.0,6819,0.0012907907068819547
AG8,AGILENT TECHNOLOGIES,00846U101,840000.0,6545,0.0012846732153801446
VTWO,VANGUARD RUSSELL 2000,92206C664,840000.0,8585,0.0012846732153801446
CR,CRANE CO,224408104,840000.0,4563,0.0012846732153801446
TMUS,T-MOBILE US INC,872590104,839000.0,3506,0.001283143842504692
PGR,PROGRESSIVE CORP OHIO,743315103,838000.0,3393,0.0012816144696292393
KKR,KKR & CO INC,48251W104,837000.0,6440,0.0012800850967537869
META,META PLATFORMS INC,30303M102,836000.0,1138,0.0012785557238783342
CVX,CHEVRON CORP,166764100,834000.0,5372,0.001275496978127429
TDY,TELEDYNE TECHNOLOGIES INC,879360105,833000.0,1422,0.0012739676052519766
DIOD,DIODES INC,254543101,833000.0,15648,0.0012739676052519766
CMI,CUMMINS INC,231021106,830000.0,1966,0.0012693794866256189
MCHP,MICROCHIP TECHNOLOGY INC,595017104,829000.0,12903,0.0012678501137501665
ATRC,ATRICURE INC,04963C209,828000.0,23480,0.0012663207408747138
DXCM,DEXCOM INC,252131107,828000.0,12303,0.0012663207408747138
AXON,AXON ENTERPRISE INC,05464C101,827000.0,1152,0.0012647913679992612
EAT,BRINKER INTL INC,109641100,826000.0,6520,0.0012632619951238086
MKL,MARKEL GROUP INC,570535104,826000.0,432,0.0012632619951238086
PLNT,PLANET FITNESS INC,72703H101,825000.0,7945,0.0012617326222483561
URI,UNITED RENTALS INC,911363109,825000.0,864,0.0012617326222483561
MPC,MARATHON PETE CORP,56585A102,824000.0,4275,0.0012602032493729035
MUSA,MURPHY USA INC COM,626755102,824000.0,2122,0.0012602032493729035
PCAR,PACCAR INC COM,693718108,824000.0,8377,0.0012602032493729035
MLM,MARTIN MARIETTA MATL INC,573284106,824000.0,1307,0.0012602032493729035
NOW,SERVICENOW INC,81762P102,824000.0,895,0.0012602032493729035
ADI,ANALOG DEVICES,032654105,821000.0,3341,0.001255615130746546
VGT,VANGUARD INFO TECH,92204A702,820000.0,1098,0.0012540857578710934
MANH,MANHATTAN ASSOCIATES INC,562750109,817000.0,3984,0.0012494976392447357
MNDY,MONDAY.COM LTD,M7S64H106,816000.0,4211,0.001247968266369283
CMI,CUMMINS INC,231021106,815000.0,1930,0.0012464388934938305
VOT,VANGUARD INDEX FDS MCAP GR,922908538,814000.0,2769,0.001244909520618378
VO,VANGUARD MID CAP VIPERS,922908629,814000.0,2772,0.001244909520618378
SAIA,SAIA INC COM,78709Y105,813000.0,2717,0.0012433801477429256
ZTS,ZOETIS INC,98978V103,813000.0,5555,0.0012433801477429256
ENB,ENBRIDGE INC COM,29250N105,813000.0,16104,0.0012433801477429256
AG8,AGILENT TECHNOLOGIES,00846U101,813000.0,6333,0.0012433801477429256
AAON,AAON INC COM PAR,000360206,813000.0,8705,0.0012433801477429256
PBH,PRESTIGE CONSUMER,74112D101,813000.0,13026,0.0012433801477429256
GNR,SPDR S&P GL NAT RESOURCES,78463X541,811000.0,13695,0.0012403214019920204
MTDR,MATADOR RES CO,576485205,810000.0,18038,0.001238792029116568
JCI,JOHNSON CONTROLS INTL PLC,G51502105,809000.0,7360,0.0012372626562411153
PAYX,PAYCHEX INC,704326107,808000.0,6377,0.0012357332833656627
FSS,FEDERAL SIGNAL,313855108,807000.0,6778,0.00123420391049021
FICO,FAIR ISACC CORP,303250104,807000.0,539,0.00123420391049021
XLU,UTILITIES SELECT SECT SPDR,81369Y886,807000.0,9255,0.00123420391049021
DHR,DANAHER CORP,235851102,806000.0,4066,0.0012326745376147576
IJH,ISHARES TR S&P MIDCAP 400,464287507,806000.0,12345,0.0012326745376147576
GILD,GILEAD SCIENCES,375558103,805000.0,7255,0.0012311451647393052
UNP,UNION PACIFIC CORP,907818108,805000.0,3407,0.0012311451647393052
BBSI,BARRETT BUSINESS SVCS,068463108,805000.0,18164,0.0012311451647393052
RBA,RB GLOBAL INC,74935Q107,804000.0,7420,0.0012296157918638526
ENTG,ENTEGRIS INC,29362U104,803000.0,8680,0.0012280864189884
BWIN,BALDWIN INSURANCE GROUP,05589G102,803000.0,28450,0.0012280864189884
CRDO,CREDO TECHNOLOGY GROUP HOL,G25457105,802000.0,5511,0.0012265570461129475
TPYP,TORTOISE NORTH AMERICAN PI,890930308,802000.0,22000,0.0012265570461129475
IWF,ISHARES TR RUSSELL 1000GRW,464287614,802000.0,1712,0.0012265570461129475
LH,LABCORP HLDGS,504922105,801000.0,2792,0.001225027673237495
ABBV,ABBVIE INC,00287Y109,801000.0,3460,0.001225027673237495
FLR,FLUOR CORP NEW COM,343412102,797000.0,18936,0.0012189101817356848
FDX,FEDEX CORP,31428X106,796000.0,3376,0.0012173808088602322
T,TELUS CORP,87971M103,794000.0,50477,0.0012143220631093271
EFA,ISHRS MSCI EAFE IND FND,464287465,792000.0,8482,0.0012112633173584218
LMB,LIMBACH HOLDINGS INC,53263P105,792000.0,8157,0.0012112633173584218
TRV,TRAVELERS COS INC,89417E109,792000.0,2837,0.0012112633173584218
IEMG,ISHARES CORE MSCI EM MKTS,46434G103,791000.0,11997,0.0012097339444829692
VBK,VANGUARD INDX FD SM CAP,922908595,791000.0,2657,0.0012097339444829692
GRMN,GARMIN LTD,H2906T109,789000.0,3204,0.0012066751987320642
APD,AIR PRODUCTS & CHEMICALS,009158106,788000.0,2889,0.0012051458258566117
FVR,FRONTVIEW REIT INC,35922N100,788000.0,57503,0.0012051458258566117
DFIC,DIMENSIONAL INTERNATIONAL,25434V799,787000.0,24000,0.0012036164529811591
RDNT,RADNET INC,750491102,786000.0,10314,0.0012020870801057067
XYL,XYLEM INC,98419M100,785000.0,5319,0.001200557707230254
BK,BANK NEW YORK MELLON CORP,064058100,785000.0,7207,0.001200557707230254
ADBE,ADOBE INC,00724F101,784000.0,2223,0.0011990283343548014
WINA,WINMARK CORP,974250102,783000.0,1573,0.0011974989614793488
USMV,ISHARES MSCI USA MIN VOL,46429B697,783000.0,8232,0.0011974989614793488
SHW,SHERWIN-WILLIAMS CO,824348106,781000.0,2256,0.0011944402157284437
PLRX,PLIANT THERAPEUTICS INC,729139105,780000.0,527309,0.0011929108428529913
AIT,APPLIED INDL TECH INC COM,03820C105,779000.0,2984,0.0011913814699775387
PSTG,PURE STORAGE INC-CLASS A,74624M102,779000.0,9293,0.0011913814699775387
JNJ,JOHNSON & JOHNSON,478160104,779000.0,4200,0.0011913814699775387
IP,INTERNATIONAL PAPER,460146103,778000.0,16771,0.0011898520971020863
IGSB,ISHARES TR ISHS 1-5YR INVS,464288646,777000.0,14659,0.0011883227242266336
MA,MASTERCARD CL A,57636Q104,776000.0,1365,0.001186793351351181
LEN,LENNAR CORP,526057104,776000.0,6155,0.001186793351351181
TRMB,TRIMBLE INC,896239100,775000.0,9490,0.0011852639784757286
EQIX,EQUINIX INC,29444U700,775000.0,990,0.0011852639784757286
IWF,ISHARES TR RUSSELL 1000GRW,464287614,775000.0,1655,0.0011852639784757286
CFG,CITIZENS FINANCIAL GRP,174610105,774000.0,14567,0.001183734605600276
USIG,ISHARES BROAD USD INVESTME,464288620,774000.0,14813,0.001183734605600276
CVLT,COMMVAULT SYSTEMS INC,204166102,774000.0,4100,0.001183734605600276
TSCO,TRACTOR SUPPLY,892356106,774000.0,13614,0.001183734605600276
BSY,BENTLEY SYSTEMS INC,08265T208,773000.0,15023,0.0011822052327248233
DRI,DARDEN RESTAURANTS,237194105,771000.0,4050,0.0011791464869739183
HQY,HEALTHEQUITY INC,42226A107,770000.0,8127,0.0011776171140984659
SKWD,SKYWARD SPECIALTY INSURANC,830940102,769000.0,16170,0.0011760877412230132
STAG,STAG INDUSTRIAL INC,85254J102,768000.0,21764,0.0011745583683475606
MKL,MARKEL GROUP INC,570535104,768000.0,402,0.0011745583683475606
A4S,AMERIPRISE FINANCIAL INC,03076C106,767000.0,1561,0.0011730289954721082
VCIT,VANGUARD INT-TERM CORP,92206C870,767000.0,9115,0.0011730289954721082
PSA,PUBLIC STORAGE INC,74460D109,766000.0,2652,0.0011714996225966555
IXN,ISHARES S&P GLOBAL TECH,464287291,765000.0,7410,0.001169970249721203
EMR,EMERSON ELECTRIC CO,291011104,764000.0,5827,0.0011684408768457503
MRVL,MARVELL TECHNOLOGY INC,573874104,763000.0,9076,0.0011669115039702979
BAC,VERIZON COMMUNICATIONS,92343V104,762000.0,17329,0.0011653821310948454
IWR,ISHARES RUSSELL MIDCAP ETF,464287499,761000.0,7887,0.0011638527582193928
NUE,NUCOR CORP,670346105,760000.0,5614,0.0011623233853439402
WSFS,WSFS FINL CORP COM,929328102,759000.0,14070,0.0011607940124684878
FCX,FREEPORT-MCMORAN INC.,35671D857,757000.0,19301,0.0011577352667175825
ORLY,OREILLY AUTO INC NEW,67103H107,757000.0,7023,0.0011577352667175825
MSI,MOTOROLA SOLUTIONS INC,620076307,756000.0,1654,0.0011562058938421299
UNM,UNUM GROUP,91529Y106,756000.0,9725,0.0011562058938421299
BRK/A,BERKSHIRE HATHAWAY CL A,084670108,754000.0,1,0.0011531471480912248
XLF,FINANCIAL SELECT SECT SPDR,81369Y605,754000.0,14000,0.0011531471480912248
GVI,ISHARES INT GOV/CRED,464288612,754000.0,7017,0.0011531471480912248
ANET,ARISTA NETWORKS INC,040413205,754000.0,5172,0.0011531471480912248
IP,INTERNATIONAL PAPER,460146103,754000.0,16259,0.0011531471480912248
GOOGL,ALPHABET INC. CLASS A,02079K305,752000.0,3095,0.0011500884023403198
ADBE,ADOBE INC,00724F101,752000.0,2131,0.0011500884023403198
VEEV,VEEVA SYS INC CL A COM,922475108,752000.0,2524,0.0011500884023403198
MMSI,MERIT MEDICAL SYS,589889104,750000.0,9006,0.0011470296565894147
HWM,HOWMET AEROSPACE INC,443201108,749000.0,3818,0.001145500283713962
IVE,ISHARES S&P 500 VL,464287408,749000.0,3625,0.001145500283713962
V,VISA INC,92826C839,746000.0,2185,0.0011409121650876044
DASH,DOORDASH INC,25809K105,746000.0,2744,0.0011409121650876044
GEV,GE VERNOVA LLC,36828A101,743000.0,1209,0.001136324046461247
TRNO,TERRENO RLTY CORP,88146M101,742000.0,13079,0.0011347946735857943
N/A,CRH PLC,G25508105,741000.0,6181,0.0011332653007103417
CRM,SALESFORCE INC,79466L302,741000.0,3125,0.0011332653007103417
SBAC,SBA COMMUNICATIONS CORP,78410G104,738000.0,3819,0.001128677182083984
BX,BLACKSTONE INC,09260D107,737000.0,4312,0.0011271478092085313
MO,ALTRIA GROUP INC,02209S103,737000.0,11156,0.0011271478092085313
ISRG,INTUITIVE SURGICAL,46120E602,736000.0,1645,0.001125618436333079
SMPL,SIMPLY GOOD FOODS CO,82900L102,734000.0,29575,0.0011225596905821739
FSV,FIRSTSERVICE CORP,33767E202,733000.0,3850,0.0011210303177067212
KO,COCA-COLA COMPANY,191216100,732000.0,11042,0.0011195009448312686
IP,INTERNATIONAL PAPER,460146103,732000.0,15770,0.0011195009448312686
ETN,EATON CORP PLC,G29183103,732000.0,1956,0.0011195009448312686
IMO,IMPERIAL OIL LTD NEW,453038408,728000.0,8023,0.0011133834533294585
LNW,LIGHT & WONDER INC.,80874P109,728000.0,8670,0.0011133834533294585
NCLH,NORWEGIAN CRUISE LINE,G66721104,726000.0,29457,0.0011103247075785535
PEN,PENUMBRA INC,70975L107,726000.0,2865,0.0011103247075785535
ROP,ROPER TECHNOLOGIES INC.,776696106,726000.0,1456,0.0011103247075785535
MMC,MARSH & MCLENNAN COS INC,571748102,725000.0,3595,0.0011087953347031008
MRK,MERCK & CO INC NEW,58933Y105,725000.0,8642,0.0011087953347031008
NSC,NORFOLK SOUTHERN CORP,655844108,724000.0,2410,0.0011072659618276484
ABT,ABBOTT LABORATORIES,002824100,723000.0,5397,0.0011057365889521958
ROAD,CONSTRUCTION PARTNERS INC,21044C107,721000.0,5679,0.0011026778432012905
GM,GENERAL MOTORS CO,37045V100,721000.0,11825,0.0011026778432012905
PHM,PULTE GROUP INC,745867101,720000.0,5451,0.001101148470325838
ESI,ELEMENT SOLUTIONS INC,28618M106,720000.0,28607,0.001101148470325838
SCHD,SCHWAB US DIVIDEND EQUITY,808524797,719000.0,26339,0.0010996190974503857
RTX,RTX CORPORATION,75513E101,717000.0,4282,0.0010965603516994804
EXLS,EXLSERVICE HLDGS INC,302081104,716000.0,16270,0.001095030978824028
BX,BLACKSTONE INC,09260D107,714000.0,4177,0.0010919722330731227
CI,THE CIGNA GROUP,125523100,713000.0,2472,0.00109044286019767
DASH,DOORDASH INC,25809K105,713000.0,2622,0.00109044286019767
CBRE,CBRE GROUP INC,12504L109,711000.0,4513,0.001087384114446765
CVS,CVS HEALTH CORP,126650100,710000.0,9413,0.0010858547415713126
TXN,TEXAS INSTRUMENTS INC,882508104,710000.0,3864,0.0010858547415713126
PNR,PENTAIR PLC,G7S00T104,708000.0,6392,0.0010827959958204076
CARR,CARRIER GLOBAL CORP,14448C104,708000.0,11862,0.0010827959958204076
NVS,NOVARTIS AG ADR,66987V109,708000.0,5520,0.0010827959958204076
WM,WASTE MANAGEMENT INC NEW,94106L109,706000.0,3195,0.0010797372500695023
TRV,TRAVELERS COS INC,89417E109,705000.0,2525,0.0010782078771940497
WMT,WALMART INC,931142103,703000.0,6818,0.0010751491314431446
TSLA,TESLA INC,88160R101,702000.0,1578,0.001073619758567692
IWN,ISHARES RUSSELL 2000 VALUE,464287630,701000.0,3965,0.0010720903856922396
LIN,LINDE PLC,G54950103,701000.0,1476,0.0010720903856922396
CALF,PACER US SMALL CAP CASH CO,69374H857,700000.0,16000,0.0010705610128167872
PLD,PROLOGIS INC,74340W103,699000.0,6101,0.0010690316399413345
PYPL,PAYPAL HOLDINGS INC,70450Y103,699000.0,10428,0.0010690316399413345
ABCB,AMERIS BANCORP,03076K108,698000.0,9519,0.001067502267065882
MCK,MCKESSON CORP,58155Q103,698000.0,903,0.001067502267065882
STX,SEAGATE TECHNOLOGY,G7997R103,698000.0,2957,0.001067502267065882
DORM,DORMAN PRODUCTS,258278100,697000.0,4473,0.0010659728941904293
TSM,TAIWAN SEMI MFG CO ADR,874039100,694000.0,2484,0.0010613847755640716
CXT,CRANE NXT CO,224441105,694000.0,10342,0.0010613847755640716
AON,AON PLC,G0403H108,692000.0,1940,0.0010583260298131668
AME,AMETEK INC NEW,031100100,691000.0,3677,0.0010567966569377141
ELV,ELEVANCE HEALTH INC,036752103,691000.0,2140,0.0010567966569377141
ON1,OLD NATIONAL BANCORP IND,680033107,690000.0,31434,0.0010552672840622615
MPLX,MPLX LP,55336V100,690000.0,13810,0.0010552672840622615
BSV,VANGUARD SHORT-TERM BOND,921937827,688000.0,8723,0.0010522085383113564
CRWD,CROWDSTRIKE HOLDINGS INC,22788C105,686000.0,1398,0.0010491497925604512
RXI,ISHARES TR S&P GL CONSUME,464288745,686000.0,3313,0.0010491497925604512
NEE,NEXTERA ENERGY INC,65339F101,685000.0,9069,0.0010476204196849988
3TY,TITAN MACHINERY IN,88830R101,685000.0,40909,0.0010476204196849988
SHY,ISHARES LEHMAN 1-3YR TRS,464287457,684000.0,8246,0.0010460910468095463
AWC,AMERICAN WATER WORKS CO,030420103,683000.0,4910,0.0010445616739340937
TDG,TRANSDIGM GROUP INC COM,893641100,683000.0,518,0.0010445616739340937
SCI,SERVICE CORP INTL,817565104,682000.0,8190,0.001043032301058641
RBC,RBC BEARING INC COM,75524B104,681000.0,1746,0.0010415029281831887
AIG,AMERICAN INTL GROUP INC,026874784,681000.0,8677,0.0010415029281831887
PRM,PERIMETER SOLUTIONS INC,71385M107,680000.0,30382,0.001039973555307736
KO,COCA-COLA COMPANY,191216100,679000.0,10238,0.0010384441824322834
NEM,NEWMONT CORPORATION,651639106,679000.0,8050,0.0010384441824322834
BELFB,BEL FUSE INC CL B,077347300,677000.0,4798,0.0010353854366813783
VRRM,VERRA MOBILITY CORP,92511U102,677000.0,27426,0.0010353854366813783
QTWO,Q2 HLDGS INC,74736L109,677000.0,9357,0.0010353854366813783
AVGO,BROADCOM INC,11135F101,676000.0,2050,0.0010338560638059257
EXPD,EXPEDITORS INTL WASH INC,302130109,675000.0,5504,0.0010323266909304733
RHP,RYMAN HOSPITALTY PPTYS INC,78377T107,675000.0,7538,0.0010323266909304733
TSLA,TESLA INC,88160R101,675000.0,1518,0.0010323266909304733
HWC,HANCOCK WHITNEY CORP,410120109,674000.0,10771,0.0010307973180550207
FAST,FASTENAL INC COM,311900104,673000.0,13728,0.0010292679451795682
XLE,ENERGY SELECT SECTOR,81369Y506,673000.0,7538,0.0010292679451795682
PNC,PNC FINANCIAL SVS GRP,693475105,671000.0,3341,0.001026209199428663
RNR,RENAISSNCE RE HLDGS LTD,G7496G103,670000.0,2638,0.0010246798265532103
A4S,AMERIPRISE FINANCIAL INC,03076C106,668000.0,1360,0.0010216210808023053
GIS,GENERAL MILLS INC,370334104,667000.0,13237,0.0010200917079268527
RMBS,RAMBUS INC,750917106,667000.0,6401,0.0010200917079268527
MMM,3M CO,88579Y101,667000.0,4301,0.0010200917079268527
KRE,SPDR S&P REGIONAL BK ETF,78464A698,666000.0,10521,0.0010185623350514002
VDE,VANGUARD ENERGY,92204A306,666000.0,5290,0.0010185623350514002
MIDD,THE MIDDLEBY,596278101,665000.0,4999,0.0010170329621759478
KVUE,KENVUE INC,49177J102,665000.0,40978,0.0010170329621759478
ACGL,ARCH CAPITAL GROUP LTD,G0450A105,665000.0,7331,0.0010170329621759478
ESE,ESCO TECHNOLOGIES INC,296315104,665000.0,3150,0.0010170329621759478
DE,DEERE & CO,244199105,663000.0,1451,0.0010139742164250426
EHC,ENCOMPASS HEALTH CORP,29261A100,663000.0,5217,0.0010139742164250426
BBD,BANCO BRADESCO ADR PFD,059460303,662000.0,195917,0.00101244484354959
TCBI,TEXAS CAPITAL BANCSHARES,88224Q107,662000.0,7834,0.00101244484354959
FDX,FEDEX CORP,31428X106,660000.0,2797,0.0010093860977986849
HOOD,ROBINHOOD MARKETS INC,770700102,660000.0,4611,0.0010093860977986849
ALC,ALCON INC,H01301128,660000.0,8856,0.0010093860977986849
MCHI,ISHARES MSCI CHINA ETF,46429B671,659000.0,10000,0.0010078567249232322
CMC,COMMERCIAL METALS CO,201723103,658000.0,11491,0.0010063273520477798
ECL,ECOLAB INC,278865100,657000.0,2400,0.0010047979791723274
CW,CURTISS WRIGHT CORP,231561101,657000.0,1210,0.0010047979791723274
SNEX,STONEX GROUP INC,861896108,656000.0,6500,0.0010032686062968748
MAC,MACERICH CO,554382101,656000.0,36050,0.0010032686062968748
XLP,CONSUMER STAPLES INDEX FD,81369Y308,655000.0,8354,0.0010017392334214221
HON,HONEYWELL INTL INC,438516106,654000.0,3108,0.0010002098605459695
INTC,INTEL CORP,458140100,654000.0,19498,0.0010002098605459695
EOG,EOG RES INC,26875P101,653000.0,5823,0.000998680487670517
BRC,BRADY WH CL A NON VTG,104674106,652000.0,8350,0.0009971511147950645
IBIT,ISHARES BITCOIN TRUST ETF,46438F101,651000.0,10016,0.0009956217419196118
SSB,SOUTHSTATE CORP NPV,84472E102,651000.0,6581,0.0009956217419196118
KNSL,KINSALE CAPITAL GROUP INC,49714P108,650000.0,1528,0.0009940923690441594
KMI,KINDER MORGAN INC,49456B101,649000.0,22940,0.000992562996168707
BRO,BROWN & BROWN INC,115236101,649000.0,6919,0.000992562996168707
BRK/B,BERKSHIRE HATHAWAY CL B,084670702,648000.0,1288,0.0009910336232932544
BAC,BANK OF AMERICA CORP,060505104,648000.0,12570,0.0009910336232932544
PAYX,PAYCHEX INC,704326107,648000.0,5111,0.0009910336232932544
WH,WYNDHAM HOTELS & RESORTS,98311A105,647000.0,8094,0.0009895042504178017
CADE,CADENCE BANK,12740C103,647000.0,17247,0.0009895042504178017
MSCI,MSCI INC,55354G100,646000.0,1139,0.000987974877542349
MRVL,MARVELL TECHNOLOGY INC,573874104,645000.0,7674,0.0009864455046668967
AZN,ASTRAZENECA PLC SPON ADR,046353108,645000.0,8412,0.0009864455046668967
WMB,WILLIAMS COMPANIES INC,969457100,645000.0,10185,0.0009864455046668967
GFF,GRIFFON CORP,398433102,644000.0,8460,0.000984916131791444
VRTX,VERTEX PHARMACEUTICALS,92532F100,644000.0,1645,0.000984916131791444
NEM,NEWMONT CORPORATION,651639106,643000.0,7625,0.0009833867589159914
AXGN,AXOGEN INC,05463X106,642000.0,35981,0.000981857386040539
WTS,WATTS WATER TECHNOLOGIES,942749102,642000.0,2300,0.000981857386040539
IBN,ICICI BANK LTD ADR,45104G104,642000.0,21239,0.000981857386040539
IJR,ISHARES S&P SMCAP 600 INDX,464287804,642000.0,5405,0.000981857386040539
GPC,GENUINE PARTS CO,372460105,641000.0,4622,0.0009803280131650864
BX,BLACKSTONE INC,09260D107,641000.0,3750,0.0009803280131650864
TD,TORONTO-DOMINION,891160509,640000.0,8011,0.000978798640289634
WEC,WEC ENERGY GROUP INC,92939U106,639000.0,5580,0.0009772692674141813
VVV,VALVOLINE INC,92047W101,639000.0,17796,0.0009772692674141813
CI,THE CIGNA GROUP,125523100,637000.0,2210,0.0009742105216632763
GE,GE AEROSPACE,369604301,636000.0,2115,0.0009726811487878236
TPD,SOMNIGROUP INTERNATIONAL,88023U101,636000.0,7540,0.0009726811487878236
IXP*,ISHARES TR S&P GBL TELCM,464287275,636000.0,5142,0.0009726811487878236
OS,ONESTREAM INC,68278B107,636000.0,34499,0.0009726811487878236
UBS,UBS GROUP AG,H42097107,635000.0,15480,0.0009711517759123711
AG8,AGILENT TECHNOLOGIES,00846U101,634000.0,4936,0.0009696224030369185
PRU,PRUDENTIAL FINANCIAL,744320102,633000.0,6102,0.0009680930301614659
TSLA,TESLA INC,88160R101,633000.0,1424,0.0009680930301614659
HLIO,HELIOS TECHNOLOGIES INC,42328H109,632000.0,12116,0.0009665636572860133
NXT,NEXTRACKER INC,65290E101,632000.0,8547,0.0009665636572860133
FRPT,FRESHPET INC,358039105,631000.0,11450,0.000965034284410561
DOW,DOW INC,260557103,631000.0,27521,0.000965034284410561
FITB,FIFTH THIRD BANCORP,316773100,630000.0,14147,0.0009635049115351084
NSSC,NAPCO SEC SYS,630402105,630000.0,14675,0.0009635049115351084
WEC,WEC ENERGY GROUP INC,92939U106,630000.0,5497,0.0009635049115351084
NKE,NIKE INC CL B,654106103,629000.0,9014,0.0009619755386596558
WAT,WATERS CORP,941848103,629000.0,2099,0.0009619755386596558
ORCL,ORACLE CORP,68389X105,629000.0,2236,0.0009619755386596558
BN,BROOKFIELD CORPORATION,11271J107,628000.0,9163,0.0009604461657842032
NFLX,NETFLIX INC,64110L106,628000.0,524,0.0009604461657842032
QQQ,INVESCO QQQ TR UNIT SER 1,46090E103,627000.0,1045,0.0009589167929087507
PULS,PGIM ULTRA SHORT BOND ETF,69344A107,626000.0,12557,0.000957387420033298
ESNT,ESSENT GROUP LTD,G3198U102,626000.0,9853,0.000957387420033298
JNJ,JOHNSON & JOHNSON,478160104,625000.0,3373,0.0009558580471578455
WHD,CACTUS INC,127203107,625000.0,15826,0.0009558580471578455
JPM,JPMORGAN CHASE & CO,46625H100,623000.0,1975,0.0009527993014069406
ETR,ENTERGY CORP NEW,29364G103,623000.0,6688,0.0009527993014069406
IBKR,INTERACTIVE BROKER,45841N107,622000.0,9040,0.000951269928531488
TJX,TJX COMPANIES INC,872540109,622000.0,4300,0.000951269928531488
AMAT,APPLIED MATERIALS,038222105,622000.0,3037,0.000951269928531488
STAG,STAG INDUSTRIAL INC,85254J102,621000.0,17607,0.0009497405556560354
MKSI,MKS INC,55306N104,620000.0,5011,0.0009482111827805828
GLW,CORNING INC,219350105,620000.0,7561,0.0009482111827805828
V,VISA INC,92826C839,619000.0,1814,0.0009466818099051303
GWW,W W GRAINGER INC,384802104,619000.0,650,0.0009466818099051303
MNST,MONSTER BEVERAGE CORP NEW,61174X109,619000.0,9195,0.0009466818099051303
RACE,FERRARI NV,N3167Y103,618000.0,1273,0.0009451524370296776
DIS,WALT DISNEY CO,254687106,615000.0,5375,0.00094056431840332
BJ,BJS WHOLESALE CLUB HOLDIN,05550J101,615000.0,6594,0.00094056431840332
BMI,BADGER METER INC,056525108,614000.0,3437,0.0009390349455278675
ADP,AUTOMATIC DATA PROCESSING,053015103,613000.0,2090,0.000937505572652415
AME,AMETEK INC NEW,031100100,613000.0,3259,0.000937505572652415
FMF,FORM FACTOR INC,346375108,613000.0,16834,0.000937505572652415
SCZ,ISHARES MSCI EAFE SM,464288273,612000.0,7979,0.0009359761997769624
VERX,VERTEX INC,92538J106,611000.0,24641,0.0009344468269015098
LNG,CHENIERE ENERGY INC,16411R208,611000.0,2600,0.0009344468269015098
MMYT,MAKEMYTRIP LIMITED,V5633W109,610000.0,6512,0.0009329174540260573
YUM,YUM BRANDS INC,988498101,610000.0,4010,0.0009329174540260573
PRU,PRUDENTIAL FINANCIAL,744320102,610000.0,5881,0.0009329174540260573
KMB,KIMBERLY-CLARK CORP,494368103,608000.0,4891,0.0009298587082751522
SSD,SIMPSON MFG,829073105,608000.0,3629,0.0009298587082751522
CVX,CHEVRON CORP,166764100,607000.0,3911,0.0009283293353996995
CRWD,CROWDSTRIKE HOLDINGS INC,22788C105,607000.0,1237,0.0009283293353996995
PRCT,PROCEPT BIOROBOTICS CORP,74276L105,607000.0,17000,0.0009283293353996995
HLNE,HAMILTON LANE INC,407497106,606000.0,4494,0.000926799962524247
BR,BROADRIDGE FINL SOLUTIONS,11133T103,606000.0,2544,0.000926799962524247
BF/A,BROWN-FORMAN CORP A,115637100,604000.0,22438,0.000923741216773342
NRC,NATIONAL RESEARCH CORP COM,637372202,602000.0,47110,0.0009206824710224369
AMGN,AMGEN INC,031162100,602000.0,2132,0.0009206824710224369
GOOS,CANADA GOOSE HOLDINGS INC,135086106,601000.0,43700,0.0009191530981469843
CELH,CELSIUS HOLDINGS INC,15118V207,601000.0,10450,0.0009191530981469843
GABC,GERMAN AMERICAN BANCORP IN,373865104,598000.0,15220,0.0009145649795206266
TFC,TRUIST FINANCIAL CORP,89832Q109,598000.0,13090,0.0009145649795206266
PG,PROCTER & GAMBLE CO,742718109,598000.0,3890,0.0009145649795206266
DE,DEERE & CO,244199105,597000.0,1305,0.0009130356066451742
SFBS,SERVISFIRST BANCSHARES INC,81768T108,597000.0,7415,0.0009130356066451742
BK,BANK NEW YORK MELLON CORP,064058100,596000.0,5470,0.0009115062337697215
NU,NU HOLDINGS LTD/CAYMAN,G6683N103,596000.0,37196,0.0009115062337697215
DNTH,DIANTHUS THERAPEUTICS INC,252828108,595000.0,15124,0.000909976860894269
GIB/A,CGI INC,12532H104,594000.0,6673,0.0009084474880188165
TXRH,TEXAS ROADHOUSE INC,882681109,593000.0,3568,0.0009069181151433639
DSGX,DESCARTES SYSTEMS GRP,249906108,593000.0,6292,0.0009069181151433639
BBWI,BATH & BODY WORKS INC,070830104,592000.0,23000,0.0009053887422679113
RDY,DR. REDDYS LAB ADR,256135203,591000.0,42262,0.0009038593693924587
DHR,DANAHER CORP,235851102,590000.0,2974,0.0009023299965170062
HUM,HUMANA INC,444859102,590000.0,2268,0.0009023299965170062
WEC,WEC ENERGY GROUP INC,92939U106,590000.0,5152,0.0009023299965170062
CSCO,CISCO SYSTEMS INC,17275R102,589000.0,8609,0.0009008006236415535
HWM,HOWMET AEROSPACE INC,443201108,589000.0,3000,0.0009008006236415535
FWONK,LIBERTY MEDIA CORP-LIBERTY,531229755,588000.0,5631,0.0008992712507661012
MTD,METTLER-TOLEDO INTL,592688105,588000.0,479,0.0008992712507661012
FLUT,FLUTTER ENTERTAINMENT PLC,G3643J108,588000.0,2313,0.0008992712507661012
DHI,DR HORTON INC,23331A109,588000.0,3472,0.0008992712507661012
GLD,SPDR GOLD TRUST,78463V107,587000.0,1650,0.0008977418778906486
IWS,ISHARES TR RUSSELL MCP VL,464287473,586000.0,4195,0.0008962125050151961
C,CITIGROUP INC,172967424,585000.0,5759,0.0008946831321397434
GPC,GENUINE PARTS CO,372460105,584000.0,4213,0.0008931537592642909
MAR,MARRIOTT INTL INC NEW CL A,571903202,583000.0,2237,0.0008916243863888383
SNPS,SYNOPSYS INC,871607107,583000.0,1181,0.0008916243863888383
CHDN,CHURCHILL DOWNS INC,171484108,582000.0,6000,0.0008900950135133858
EQIX,EQUINIX INC,29444U700,581000.0,742,0.0008885656406379331
MZTI,THE MARZETTI CO,513847103,581000.0,3365,0.0008885656406379331
CEG,CONSTELLATION ENERGY CORP,21037T109,581000.0,1767,0.0008885656406379331
PBA,PEMBINA PIPELINE CORP,706327103,580000.0,14370,0.0008870362677624806
IBP,INSTALLED BUILDING PRODUCT,45780R101,578000.0,2345,0.0008839775220115757
ONTO,ONTO INNOVATION INC,683344105,577000.0,4465,0.000882448149136123
SHOP,SHOPIFY INC,82509L107,577000.0,3881,0.000882448149136123
TRU,TRANSUNION,89400J107,577000.0,6892,0.000882448149136123
NOC,NORTHROP GRUMMAN CORP,666807102,576000.0,945,0.0008809187762606705
FLUT,FLUTTER ENTERTAINMENT PLC,G3643J108,575000.0,2265,0.0008793894033852179
INTC,INTEL CORP,458140100,575000.0,17145,0.0008793894033852179
UTZ,UTZ BRANDS INC,918090101,574000.0,47231,0.0008778600305097653
GDX,VANECK GOLD MINERS ETF,92189F106,573000.0,7500,0.0008763306576343128
PEP,PEPSICO INC,713448108,571000.0,4063,0.0008732719118834077
KTOS,KRATOS DEFENSE & SECURITY,50077B207,570000.0,6234,0.0008717425390079552
FIX,COMFORT SYSTEMS USA INC,199908104,569000.0,690,0.0008702131661325026
8CW,CROWN CASTLE INC,22822V101,568000.0,5891,0.0008686837932570501
RY,ROYAL BANK OF CANADA,780087102,568000.0,3858,0.0008686837932570501
OKE,ONEOK CORP INC NEW,682680103,566000.0,7759,0.0008656250475061449
IUSV,ISHARES RUSSELL 3000 INDEX,464287663,566000.0,5664,0.0008656250475061449
MLM,MARTIN MARIETTA MATL INC,573284106,565000.0,896,0.0008640956746306924
BV,BRIGHTVIEW HOLDINGS INC,10948C107,565000.0,42187,0.0008640956746306924
JBL,JABIL INC,466313103,565000.0,2600,0.0008640956746306924
COO,COOPER COS INC/THE,216648501,562000.0,8192,0.0008595075560043348
MTD,METTLER-TOLEDO INTL,592688105,561000.0,457,0.0008579781831288822
KR,KROGER CO,501044101,561000.0,8316,0.0008579781831288822
CLX,CLOROX CO,189054109,561000.0,4552,0.0008579781831288822
ELF,ELF BEAUTY INC,26856L103,559000.0,4220,0.0008549194373779771
VRTX,VERTEX PHARMACEUTICALS,92532F100,558000.0,1426,0.0008533900645025245
KVUE,KENVUE INC,49177J102,558000.0,34379,0.0008533900645025245
MORN,MORNINGSTAR,617700109,558000.0,2403,0.0008533900645025245
FIX,COMFORT SYSTEMS USA INC,199908104,557000.0,675,0.000851860691627072
BKNG,BOOKING HLDGS INC,09857L108,556000.0,103,0.0008503313187516194
AME,AMETEK INC NEW,031100100,556000.0,2957,0.0008503313187516194
TRP,TC ENERGY CORP NPV,87807B107,554000.0,10210,0.0008472725730007142
ITT,ITT INC,45073V108,553000.0,3096,0.0008457432001252618
CHKP,CHECK POINT SOFTWARE TECH,M22465104,553000.0,2672,0.0008457432001252618
ETN,EATON CORP PLC,G29183103,553000.0,1478,0.0008457432001252618
CB,CHUBB LIMITED,H1467J104,553000.0,1958,0.0008457432001252618
XLP,CONSUMER STAPLES INDEX FD,81369Y308,551000.0,7030,0.0008426844543743567
TYL,TYLER TECHNOLOGIES INC,902252105,551000.0,1054,0.0008426844543743567
SHOP,SHOPIFY INC,82509L107,551000.0,3711,0.0008426844543743567
AEE,AMEREN CORP,023608102,550000.0,5270,0.0008411550814989041
RF,REGIONS FINL CORP NEW,7591EP100,550000.0,20872,0.0008411550814989041
DLR,DIGITAL RLTY TR INC COM,253868103,549000.0,3174,0.0008396257086234516
SYBT,STOCK YARDS BANCORP INC,861025104,548000.0,7830,0.0008380963357479989
NRG,NRG ENERGY INC,629377508,548000.0,3385,0.0008380963357479989
DUK,DUKE ENERGY HLDG CORP,26441C204,548000.0,4428,0.0008380963357479989
BRBR,BELLRING BRANDS INC,07831C103,547000.0,15050,0.0008365669628725464
GIS,GENERAL MILLS INC,370334104,546000.0,10825,0.0008350375899970938
MTZ,MASTEC INC,576323109,546000.0,2565,0.0008350375899970938
N/A,CRH PLC,G25508105,546000.0,4553,0.0008350375899970938
IONQ,IONQ INC,46222L108,545000.0,8867,0.0008335082171216413
VST,VISTRA CORP,92840M102,545000.0,2780,0.0008335082171216413
BRK/B,BERKSHIRE HATHAWAY CL B,084670702,545000.0,1085,0.0008335082171216413
SPGI,S&P GLOBAL INC.,78409V104,545000.0,1120,0.0008335082171216413
ESAB,ESAB CORP,29605J106,542000.0,4850,0.0008289200984952837
SYF,SYNCHRONY FINANCIAL,87165B103,542000.0,7628,0.0008289200984952837
AXON,AXON ENTERPRISE INC,05464C101,542000.0,755,0.0008289200984952837
VIK,VIKING HOLDINGS LTD,G93A5A101,542000.0,8713,0.0008289200984952837
CVNA,CARVANA CO,146869102,541000.0,1434,0.0008273907256198312
RCL,ROYAL CARIBBEAN CRUISES LD,V7780T103,541000.0,1672,0.0008273907256198312
PNC,PNC FINANCIAL SVS GRP,693475105,540000.0,2688,0.0008258613527443785
REGL,PROSHARES S&P MIDCAP 400 D,74347B680,540000.0,6323,0.0008258613527443785
NXPI,NXP SEMICONDUCTORS NV,N6596X109,539000.0,2367,0.000824331979868926
CC,CHEMOURS CO,163851108,539000.0,34034,0.000824331979868926
BAC,BANK OF AMERICA CORP,060505104,539000.0,10448,0.000824331979868926
ABBV,ABBVIE INC,00287Y109,537000.0,2321,0.0008212732341180208
APP,APPLOVIN CORP,03831W108,537000.0,748,0.0008212732341180208
IVV,ISHARES TR S&P 500 INDEX,464287200,537000.0,802,0.0008212732341180208
LPLA,LPL FINL HLDGS INC COM,50212V100,535000.0,1608,0.0008182144883671159
BFAM,BRIGHT HORIZONS FAMILY,109194100,535000.0,4930,0.0008182144883671159
CAT,CATERPILLAR INC,149123101,534000.0,1119,0.0008166851154916633
NFLX,NETFLIX INC,64110L106,532000.0,444,0.0008136263697407581
NTNX,NUTANIX INC,67059N108,530000.0,7126,0.000810567623989853
VLO,VALERO ENERGY NEW,91913Y100,527000.0,3094,0.0008059795053634955
SCHD,SCHWAB US DIVIDEND EQUITY,808524797,526000.0,19275,0.0008044501324880428
AFL,AFLAC INC,001055102,524000.0,4688,0.0008013913867371378
EME,EMCOR GROUP INC,29084Q100,524000.0,807,0.0008013913867371378
DPZ,DOMINOS PIZZA,25754A201,523000.0,1211,0.0007998620138616852
SHOP,SHOPIFY INC,82509L107,522000.0,3514,0.0007983326409862326
EMR,EMERSON ELECTRIC CO,291011104,522000.0,3979,0.0007983326409862326
AZO,AUTOZONE INC,053332102,519000.0,121,0.0007937445223598748
INMD,INMODE LTD,M5425M103,519000.0,34800,0.0007937445223598748
VSS,VANGUARD FTSE ALL,922042718,518000.0,3635,0.0007922151494844224
FFIN,FIRST FINL BANKSHARES,32020R109,518000.0,15385,0.0007922151494844224
LMAT,LEMAITRE VASCULAR INC,525558201,518000.0,5920,0.0007922151494844224
SE,SEA LTD ADR,81141R100,515000.0,2881,0.0007876270308580647
VST,VISTRA CORP,92840M102,515000.0,2631,0.0007876270308580647
JBTM,JBT MAREL CORPORATION,477839104,515000.0,3664,0.0007876270308580647
UAL,UNITED AIRLINES HLDS INC,910047109,515000.0,5340,0.0007876270308580647
MTUM,ISHARES MSCI USA MOMENTUM,46432F396,515000.0,2010,0.0007876270308580647
MSI,MOTOROLA SOLUTIONS INC,620076307,514000.0,1125,0.0007860976579826122
APP,APPLOVIN CORP,03831W108,513000.0,714,0.0007845682851071596
IWV,RUSS 3000 INDEX,464287689,512000.0,1350,0.0007830389122317071
HOLX,HOLOGIC INC,436440101,512000.0,7585,0.0007830389122317071
SCHF,SCHWAB INTERNATIONAL EQUIT,808524805,512000.0,21992,0.0007830389122317071
BBD,BANCO BRADESCO ADR PFD,059460303,512000.0,151389,0.0007830389122317071
EXPE,EXPEDIA GROUP INC,30212P303,512000.0,2396,0.0007830389122317071
SO,SOUTHERN CO,842587107,511000.0,5387,0.0007815095393562544
WELL,WELLTOWER OP INC,95040Q104,510000.0,2865,0.0007799801664808019
RWL,INVESCO S&P 500 REVENUE ET,46138G698,509000.0,4600,0.0007784507936053495
WDC,WESTERN DIGITAL CORP,958102105,509000.0,4243,0.0007784507936053495
JCI,JOHNSON CONTROLS INTL PLC,G51502105,509000.0,4630,0.0007784507936053495
EQT,EQT CORP,26884L109,508000.0,9330,0.000776921420729897
S,SENTINELONE INC,81730H109,508000.0,28840,0.000776921420729897
D,DOMINION ENERGY INC,25746U109,507000.0,8286,0.0007753920478544443
XLF,FINANCIAL SELECT SECT SPDR,81369Y605,506000.0,9384,0.0007738626749789918
TT,TRANE TECHNOLOGIES PLC,G8994E103,506000.0,1200,0.0007738626749789918
UFPT,UFP TECHNOLOGIES INC,902673102,505000.0,2531,0.0007723333021035392
CSCO,CISCO SYSTEMS INC,17275R102,505000.0,7378,0.0007723333021035392
XLV,HEALTH CARE SELECT SPDR,81369Y209,505000.0,3629,0.0007723333021035392
PSMT,PRICESMART INC COM,741511109,505000.0,4164,0.0007723333021035392
RGEN,REPLIGEN CORP,759916109,505000.0,3780,0.0007723333021035392
FE,FIRSTENERGY CORP,337932107,504000.0,11004,0.0007708039292280866
ASO,ACADEMY SPORTS & OUTDOORS,00402L107,503000.0,10047,0.000769274556352634
8CW,CROWN CASTLE INC,22822V101,503000.0,5211,0.000769274556352634
CTRA,COTERRA ENERGY INC,127097103,503000.0,21264,0.000769274556352634
VDE,VANGUARD ENERGY,92204A306,503000.0,4000,0.000769274556352634
MDLZ,MONDELEZ INTERNATIONAL INC,609207105,503000.0,8059,0.000769274556352634
VCIT,VANGUARD INT-TERM CORP,92206C870,503000.0,5978,0.000769274556352634
USB,US BANCORP DEL NEW,902973304,502000.0,10380,0.0007677451834771815
OXY,OCCIDENTAL PETROLEUM,674599105,502000.0,10624,0.0007677451834771815
AVY,AVERY DENNISON CORP,053611109,502000.0,3098,0.0007677451834771815
F,FORD MOTOR CO,345370860,501000.0,41904,0.0007662158106017291
WMB,WILLIAMS COMPANIES INC,969457100,500000.0,7889,0.0007646864377262765
IXN,ISHARES S&P GLOBAL TECH,464287291,500000.0,4840,0.0007646864377262765
RL,RALPH LAUREN CORP,751212101,500000.0,1596,0.0007646864377262765
JBL,JABIL INC,466313103,500000.0,2302,0.0007646864377262765
MRCY,MERCURY COMPUTER SYS COM,589378108,500000.0,6458,0.0007646864377262765
MA,MASTERCARD CL A,57636Q104,499000.0,877,0.0007631570648508239
OEF,ISHARES S&P 100 INDEX,464287101,499000.0,1500,0.0007631570648508239
LMT,LOCKHEED MARTIN CORP,539830109,499000.0,1000,0.0007631570648508239
TSCO,TRACTOR SUPPLY,892356106,499000.0,8773,0.0007631570648508239
MGY,MAGNOLIA OIL & GAS CORP,559663109,498000.0,20874,0.0007616276919753714
CYBR,CYBERARK SOFTWARE LTD,M2682V108,498000.0,1031,0.0007616276919753714
EWT,ISHARES INC MSCI TAIWAN,46434G772,497000.0,7815,0.0007600983190999188
CHKP,CHECK POINT SOFTWARE TECH,M22465104,497000.0,2400,0.0007600983190999188
DASH,DOORDASH INC,25809K105,497000.0,1829,0.0007600983190999188
PHO,INVESCO EXCH-TRAD WTR RES,46137V142,496000.0,6880,0.0007585689462244662
XBI,SPDR SERIES TR S&P BIOTEH,78464A870,496000.0,4955,0.0007585689462244662
CAH,CARDINAL HEALTH INC,14149Y108,495000.0,3155,0.0007570395733490136
BSX,BOSTON SCIENTIFIC CORP,101137107,495000.0,5066,0.0007570395733490136
NTRS,NORTHERN TRUST CORP,665859104,495000.0,3680,0.0007570395733490136
DHI,DR HORTON INC,23331A109,494000.0,2914,0.0007555102004735612
CFR,CULLEN FROST BANKERS,229899109,493000.0,3886,0.0007539808275981085
GWRE,GUIDEWIRE SOFTWARE INC,40171V100,493000.0,2144,0.0007539808275981085
XOM,EXXON MOBIL CORP,30231G102,493000.0,4371,0.0007539808275981085
XYZ,BLOCK INC,852234103,491000.0,6791,0.0007509220818472035
NOVT,NOVANTA INC,67000B104,491000.0,4905,0.0007509220818472035
VCSH,VANGUARD S/T CORP BOND ETF,92206C409,491000.0,6147,0.0007509220818472035
GS,GOLDMAN SACHS GROUP,38141G104,490000.0,615,0.000749392708971751
CMCSA,COMCAST CORP CL A NEW,20030N101,490000.0,15596,0.000749392708971751
TGT,TARGET CORP,87612E106,490000.0,5463,0.000749392708971751
SIG,SIGNET JEWELERS LTD,G81276100,490000.0,5110,0.000749392708971751
BMY,BRISTOL-MYERS SQUIBB CO,110122108,489000.0,10851,0.0007478633360962983
PODD,INSULET CORP,45784P101,489000.0,1584,0.0007478633360962983
SPMD,SPDR PORTFOLIO MID CAP ETF,78464A847,489000.0,8550,0.0007478633360962983
PFF,ISHARES TR ISHARES PFD,464288687,489000.0,15464,0.0007478633360962983
MEDP,MEDPACE HOLDINGS,58506Q109,488000.0,950,0.0007463339632208458
VB,VANGUARD SMALL CAP,922908751,487000.0,1917,0.0007448045903453933
BAC,BANK OF AMERICA CORP,060505104,487000.0,9431,0.0007448045903453933
VSS,VANGUARD FTSE ALL,922042718,487000.0,3415,0.0007448045903453933
T,TELUS CORP,87971M103,487000.0,30940,0.0007448045903453933
TMO,THERMO FISHER SCIENTIFIC,883556102,485000.0,999,0.0007417458445944881
IYR,ISHARES US REAL ESTATE ETF,464287739,485000.0,4993,0.0007417458445944881
HOMB,HOME BANCSHARES INC,436893200,484000.0,17104,0.0007402164717190356
TKO,TKO GROUP HOLDINGS INC,87256C101,484000.0,2395,0.0007402164717190356
VMI,VALMONT IND INC,920253101,483000.0,1246,0.0007386870988435831
XLK,SECTOR SPDR TR SBI INT TCH,81369Y803,482000.0,1709,0.0007371577259681304
TMO,THERMO FISHER SCIENTIFIC,883556102,482000.0,994,0.0007371577259681304
PSTG,PURE STORAGE INC-CLASS A,74624M102,481000.0,5745,0.000735628353092678
TTD,TRADE DESK INC/THE,88339J105,481000.0,9815,0.000735628353092678
TPR,TAPESTRY INC,876030107,481000.0,4250,0.000735628353092678
PWR,QUANTA SERVICES INC,74762E102,480000.0,1159,0.0007340989802172254
CVBF,CVB FINL CORP COM,126600105,480000.0,25375,0.0007340989802172254
XLV,HEALTH CARE SELECT SPDR,81369Y209,480000.0,3449,0.0007340989802172254
INFY,INFOSYS LTD ADR,456788108,480000.0,29484,0.0007340989802172254
PODD,INSULET CORP,45784P101,480000.0,1554,0.0007340989802172254
CHT,CHUNGHWA TELECOM LTD ADR,17133Q502,479000.0,10980,0.0007325696073417729
RJF,RAYMOND JAMES FINANCIAL,754730109,479000.0,2776,0.0007325696073417729
RLI,RLI CORP,749607107,479000.0,7350,0.0007325696073417729
CSCO,CISCO SYSTEMS INC,17275R102,478000.0,6981,0.0007310402344663202
DFAX,DIMENSIONAL WORLD EX US CO,25434V880,478000.0,15219,0.0007310402344663202
FTNT,FORTINET INC,34959E109,478000.0,5688,0.0007310402344663202
EPP,ISHARES MSCI PAC JAP IDX,464286665,477000.0,9255,0.0007295108615908678
VUG,VANGUARD GROWTH FDS,922908736,477000.0,995,0.0007295108615908678
ABG,CENCORA INC,03073E105,477000.0,1527,0.0007295108615908678
HYG,I-SHARES IBOXX HY,464288513,477000.0,5879,0.0007295108615908678
GLW,CORNING INC,219350105,476000.0,5801,0.0007279814887154152
VCYT,VERACYTE INC,92337F107,475000.0,13850,0.0007264521158399627
DHI,DR HORTON INC,23331A109,475000.0,2802,0.0007264521158399627
ITW,ILLINOIS TOOL WORKS INC,452308109,474000.0,1817,0.00072492274296451
IT,GARTNER INC CL A,366651107,474000.0,1803,0.00072492274296451
VIG,VANGUARD DIVIDEND APPREC,921908844,474000.0,2195,0.00072492274296451
PRU,PRUDENTIAL FINANCIAL,744320102,474000.0,4569,0.00072492274296451
IWR,ISHARES RUSSELL MIDCAP ETF,464287499,473000.0,4898,0.0007233933700890575
BANF,BANCFIRST CORP,05945F103,473000.0,3740,0.0007233933700890575
XYZ,BLOCK INC,852234103,472000.0,6528,0.000721863997213605
TRNS,TRANSCAT INC,893529107,472000.0,6450,0.000721863997213605
ITW,ILLINOIS TOOL WORKS INC,452308109,471000.0,1807,0.0007203346243381525
WCN,WASTE CONNECTIONS,94106B101,470000.0,2672,0.0007188052514626998
NVO,NOVO NORDISK A S ADR,670100205,469000.0,8455,0.0007172758785872473
PCAR,PACCAR INC COM,693718108,469000.0,4768,0.0007172758785872473
TTWO,TAKE-2 INTERACTIVE,874054109,468000.0,1813,0.0007157465057117948
KWEB,KRANESHARES TR CSI CHI INT,500767306,468000.0,11132,0.0007157465057117948
DFEM,DIMENSIONAL EMERGING MARKE,25434V732,468000.0,14600,0.0007157465057117948
MSCI,MSCI INC,55354G100,468000.0,825,0.0007157465057117948
STT,STATE ST CORP,857477103,467000.0,4029,0.0007142171328363423
MPWR,MONOLITHIC PWR SYS INC,609839105,464000.0,504,0.0007096290142099846
MGV,VANGUARD MEGA CAP 300,921910840,464000.0,3370,0.0007096290142099846
TFC,TRUIST FINANCIAL CORP,89832Q109,463000.0,10130,0.000708099641334532
LVS,LAS VEGAS SANDS,517834107,463000.0,8599,0.000708099641334532
UI,UBIQUITI INC,90353W103,462000.0,700,0.0007065702684590794
XBI,SPDR SERIES TR S&P BIOTEH,78464A870,462000.0,4609,0.0007065702684590794
MSM,MSC INDUSTRIAL DIRECT,553530106,461000.0,5003,0.0007050408955836269
NET,CLOUDFLARE INC,18915M107,461000.0,2146,0.0007050408955836269
TXT,TEXTRON INC,883203101,461000.0,5456,0.0007050408955836269
RDY,DR. REDDYS LAB ADR,256135203,460000.0,32894,0.0007035115227081743
CMCSA,COMCAST CORP CL A NEW,20030N101,459000.0,14609,0.0007019821498327218
GMED,GLOBUS MED INC,379577208,459000.0,8010,0.0007019821498327218
CAVA,CAVA GROUP INC,148929102,459000.0,7600,0.0007019821498327218
DIOD,DIODES INC,254543101,459000.0,8635,0.0007019821498327218
ED,CONSOLIDATED EDISON INC,209115104,458000.0,4554,0.0007004527769572692
AMGN,AMGEN INC,031162100,457000.0,1618,0.0006989234040818167
SPXC,SPX TECHNOLOGIES INC,78473E103,457000.0,2446,0.0006989234040818167
FFIV,F5 INC,315616102,457000.0,1415,0.0006989234040818167
LEN,LENNAR CORP,526057104,457000.0,3627,0.0006989234040818167
WDAY,WORKDAY INC CL A,98138H101,456000.0,1895,0.000697394031206364
COST,COSTCO WHSL CORP NEW,22160K105,455000.0,492,0.0006958646583309116
PM,PHILIP MORRIS INTL INC,718172109,455000.0,2806,0.0006958646583309116
IEMG,ISHARES CORE MSCI EM MKTS,46434G103,454000.0,6893,0.000694335285455459
CARR,CARRIER GLOBAL CORP,14448C104,453000.0,7593,0.0006928059125800065
CVX,CHEVRON CORP,166764100,453000.0,2918,0.0006928059125800065
HII,HUNTINGTON INGALLS INDUSTR,446413106,452000.0,1570,0.0006912765397045538
DAL,DELTA AIR LINES INC DEL,247361702,452000.0,7967,0.0006912765397045538
THO,THOR INDS INC,885160101,452000.0,4356,0.0006912765397045538
ADP,AUTOMATIC DATA PROCESSING,053015103,451000.0,1538,0.0006897471668291014
GE,GE AEROSPACE,369604301,451000.0,1500,0.0006897471668291014
NVR,NVR INC COM,62944T105,450000.0,56,0.0006882177939536488
MCHP,MICROCHIP TECHNOLOGY INC,595017104,450000.0,7000,0.0006882177939536488
MUR,MURPHY OIL,626717102,449000.0,15799,0.0006866884210781963
VBK,VANGUARD INDX FD SM CAP,922908595,449000.0,1510,0.0006866884210781963
NXST,NEXSTAR MEDIA GROUP INC,65336K103,449000.0,2270,0.0006866884210781963
GTLB,GITLAB INC,37637K108,449000.0,9950,0.0006866884210781963
3TY,TITAN MACHINERY IN,88830R101,449000.0,26802,0.0006866884210781963
FI,FISERV INC,337738108,448000.0,3471,0.0006851590482027437
TD,TORONTO DOMINION BANK,891160509,448000.0,5603,0.0006851590482027437
STE,STERIS PLC,G8473T100,447000.0,1807,0.0006836296753272911
MHK,MOHAWK INDUSTRIES INC,608190104,447000.0,3468,0.0006836296753272911
TRMB,TRIMBLE INC,896239100,447000.0,5469,0.0006836296753272911
QUAL,ISHARES MSCI USA QUALITY,46432F339,447000.0,2299,0.0006836296753272911
CFLT,CONFLUENT INC,20717M103,446000.0,22500,0.0006821003024518386
OSW,ONESPAWORLD HOLDINGS LTD,P73684113,446000.0,21086,0.0006821003024518386
ROST,ROSS STORES INC,778296103,446000.0,2928,0.0006821003024518386
LOW,LOWES COS INC,548661107,445000.0,1769,0.000680570929576386
MOD,MODINE MFGRS CO,607828100,444000.0,3120,0.0006790415567009335
IWD,ISHARES TR RUSSELL 1000VAL,464287598,444000.0,2180,0.0006790415567009335
BCH,BANCO DE CHILE ADR,059520106,444000.0,14667,0.0006790415567009335
MTRN,MATERION CORP,576690101,443000.0,3667,0.0006775121838254809
NDAQ,NASDAQ INC.,631103108,443000.0,5012,0.0006775121838254809
MKL,MARKEL GROUP INC,570535104,443000.0,232,0.0006775121838254809
LFUS,LITTELFUSE INC COM,537008104,443000.0,1711,0.0006775121838254809
ALL,ALLSTATE CORP,020002101,443000.0,2062,0.0006775121838254809
C,CITIGROUP INC,172967424,442000.0,4350,0.0006759828109500284
IWM,ISHARES TR RUSSELL 2000,464287655,442000.0,1828,0.0006759828109500284
BEPC,BROOKFIELD RENEWABLE,11285B108,442000.0,12843,0.0006759828109500284
YUM,YUM BRANDS INC,988498101,442000.0,2910,0.0006759828109500284
CHRW,C H ROBINSON WORLDWIDE NEW,12541W209,441000.0,3330,0.0006744534380745758
TRMB,TRIMBLE INC,896239100,441000.0,5396,0.0006744534380745758
LSCC,LATTICE SEMICONDUCTOR CORP,518415104,441000.0,6010,0.0006744534380745758
EQT,EQT CORP,26884L109,441000.0,8105,0.0006744534380745758
CLH,CLEAN HARBORS INC,184496107,441000.0,1899,0.0006744534380745758
YOU,CLEAR SECURE INC,18467V109,441000.0,13209,0.0006744534380745758
USPH,US-PHYSICAL THERAPY INC CO,90337L108,441000.0,5190,0.0006744534380745758
CPAY,CORPAY INC,219948106,440000.0,1529,0.0006729240651991233
COP,CONOCOPHILLIPS,20825C104,440000.0,4651,0.0006729240651991233
CFR,CULLEN FROST BANKERS,229899109,439000.0,3460,0.0006713946923236707
EPAC,ENERPAC TOOL GROUP CORP,292765104,437000.0,10667,0.0006683359465727656
SPSC,SPS COMMERCE INC,78463M107,437000.0,4200,0.0006683359465727656
EXPE,EXPEDIA GROUP INC,30212P303,437000.0,2045,0.0006683359465727656
EBA,EBAY INC,278642103,437000.0,4800,0.0006683359465727656
FOXA,FOX CORP,35137L105,437000.0,6935,0.0006683359465727656
BBSI,BARRETT BUSINESS SVCS,068463108,436000.0,9830,0.0006668065736973131
GWRE,GUIDEWIRE SOFTWARE INC,40171V100,436000.0,1895,0.0006668065736973131
TSM,TAIWAN SEMI MFG CO ADR,874039100,435000.0,1556,0.0006652772008218605
ADM,ARCHER-DANIELS-MIDLAND CO,039483102,435000.0,7284,0.0006652772008218605
AMPX,AMPRIUS TECHNOLOGIES INC,03214Q108,435000.0,41333,0.0006652772008218605
BRK/B,BERKSHIRE HATHAWAY CL B,084670702,435000.0,866,0.0006652772008218605
GBTC,GRAYSCALE BITCOIN TR ETF,389637109,434000.0,4836,0.000663747827946408
MAR,MARRIOTT INTL INC NEW CL A,571903202,434000.0,1668,0.000663747827946408
BLK,BLACKROCK FDG INC,09290D101,434000.0,372,0.000663747827946408
MCK,MCKESSON CORP,58155Q103,434000.0,562,0.000663747827946408
CTVA,CORTEVA INC,22052L104,433000.0,6404,0.0006622184550709554
AM,ANTERO MIDSTREAM CORP,03676B102,433000.0,22280,0.0006622184550709554
UTZ,UTZ BRANDS INC,918090101,432000.0,35570,0.0006606890821955029
VXUS,VANGUARD TOTAL INTL STK,921909768,432000.0,5885,0.0006606890821955029
TSM,TAIWAN SEMI MFG CO ADR,874039100,431000.0,1543,0.0006591597093200503
FLR,FLUOR CORP NEW COM,343412102,431000.0,10241,0.0006591597093200503
NTNX,NUTANIX INC,67059N108,431000.0,5800,0.0006591597093200503
CCL,CARNIVAL CORP CL A,143658300,430000.0,14858,0.0006576303364445977
EPAM,EPAM SYSTEMS INC,29414B104,429000.0,2848,0.0006561009635691452
GD,GENERAL DYNAMICS CORP,369550108,429000.0,1258,0.0006561009635691452
BBD,BANCO BRADESCO ADR PFD,059460303,428000.0,126567,0.0006545715906936927
VRSN,VERISIGN INC,92343E102,428000.0,1530,0.0006545715906936927
WCC,WESCO INTERNATIONAL,95082P105,428000.0,2023,0.0006545715906936927
MTDR,MATADOR RES CO,576485205,428000.0,9523,0.0006545715906936927
HLT,HILTON WORLDWIDE HOLDINGS,43300A203,427000.0,1644,0.0006530422178182401
KEYS,KEYSIGHT TECHNOLOGIES INC,49338L103,427000.0,2442,0.0006530422178182401
IRTC,IRHYTHM TECHNOLOGIES INC,450056106,426000.0,2479,0.0006515128449427875
SO,SOUTHERN CO,842587107,426000.0,4500,0.0006515128449427875
BDX,BECTON DICKINSON & CO,075887109,425000.0,2271,0.0006499834720673349
FSS,FEDERAL SIGNAL,313855108,425000.0,3574,0.0006499834720673349
FDX,FEDEX CORP,31428X106,425000.0,1802,0.0006499834720673349
RMBS,RAMBUS INC,750917106,425000.0,4077,0.0006499834720673349
ZIM,ZIM INTEGRATED SHIPPING,M9T951109,424000.0,31300,0.0006484540991918825
BLK,BLACKROCK FDG INC,09290D101,424000.0,364,0.0006484540991918825
PJT,PJT PARTNERS INC,69343T107,424000.0,2384,0.0006484540991918825
CSW,CSW INDUSTRIALS INC,126402106,424000.0,1745,0.0006484540991918825
SMMD,ISHARES RUSSELL 2500 ETF,46435G268,424000.0,5749,0.0006484540991918825
CRDO,CREDO TECHNOLOGY GROUP HOL,G25457105,423000.0,2907,0.0006469247263164299
APO,APOLLO GLOBAL MANAGEMENT I,03769M106,423000.0,3173,0.0006469247263164299
OKE,ONEOK CORP INC NEW,682680103,423000.0,5791,0.0006469247263164299
BRZE,BRAZE INC,10576N102,422000.0,14840,0.0006453953534409773
LDOS,LEIDOS HLDGS INC,525327102,422000.0,2235,0.0006453953534409773
PH,PARKER-HANNIFIN CORP,701094104,421000.0,555,0.0006438659805655247
HEI,HEICO CORPORATION,422806109,421000.0,1305,0.0006438659805655247
FTI,TECHNIP FMC PLC,G87110105,421000.0,10665,0.0006438659805655247
VIV,TELEFONICA BRASIL SA ADR,87936R205,420000.0,32957,0.0006423366076900723
BBJP,JPMORGAN BETABUILDERS JAPA,46641Q217,420000.0,6336,0.0006423366076900723
CGNX,COGNEX CORP,192422103,419000.0,9240,0.0006408072348146196
AGM,FEDERAL AGRIC MTG CORP CLC,313148306,419000.0,2494,0.0006408072348146196
PWR,QUANTA SERVICES INC,74762E102,418000.0,1008,0.0006392778619391671
FICO,FAIR ISACC CORP,303250104,418000.0,279,0.0006392778619391671
NUE,NUCOR CORP,670346105,418000.0,3087,0.0006392778619391671
LOW,LOWES COS INC,548661107,418000.0,1664,0.0006392778619391671
FFIV,F5 INC,315616102,418000.0,1292,0.0006392778619391671
ARES,ARES MANAGEMENT CORP,03990B101,418000.0,2617,0.0006392778619391671
DOV,DOVER CORP,260003108,417000.0,2497,0.0006377484890637145
VTEB,VANGUARD TAX-EXEMPT BOND I,922907746,416000.0,8313,0.0006362191161882621
JOE,ST JOE COMPANY,790148100,416000.0,8400,0.0006362191161882621
ZTS,ZOETIS INC,98978V103,416000.0,2840,0.0006362191161882621
XOP,SPDR S&P OIL & GAS EXPLORA,78468R556,416000.0,3144,0.0006362191161882621
AWM,SKYWORKS SOLUTIONS INC,83088M102,415000.0,5395,0.0006346897433128094
KAI,KADANT INC,48282T104,415000.0,1394,0.0006346897433128094
ROBT,FIRST TRUST NASDAQ ARTIFIC,33738R720,415000.0,7845,0.0006346897433128094
UTHR,UTD THERAPEUTICS CORP,91307C102,415000.0,990,0.0006346897433128094
DON,SPDR DOW JONES INDL AVG TR,78467X109,414000.0,892,0.0006331603704373569
VRSK,VERISK ANALYTICS INC-CL A,92345Y106,414000.0,1648,0.0006331603704373569
LKFN,LAKELAND FINL CORP,511656100,414000.0,6445,0.0006331603704373569
CME,CME GROUP INC,12572Q105,414000.0,1534,0.0006331603704373569
A4S,AMERIPRISE FINANCIAL INC,03076C106,413000.0,840,0.0006316309975619043
ON,ON-SEMICONDUCTOR CORP,682189105,412000.0,8350,0.0006301016246864518
ALKT,ALKAMI TECHNOLOGY INC,01644J108,412000.0,16590,0.0006301016246864518
CNQ,CANADIAN NATURAL RES,136385101,410000.0,12837,0.0006270428789355467
FAST,FASTENAL INC COM,311900104,410000.0,8360,0.0006270428789355467
SHW,SHERWIN-WILLIAMS CO,824348106,409000.0,1182,0.0006255135060600941
ICE,INTERCONTINENTAL EXCHG INC,45866F104,409000.0,2428,0.0006255135060600941
CIT,CINTAS CORP,172908105,409000.0,1994,0.0006255135060600941
EIX,EDISON INTERNATIONAL,281020107,409000.0,7403,0.0006255135060600941
T,TELUS CORP,87971M103,408000.0,25934,0.0006239841331846415
SCHW,SCHWAB CHARLES CORP NEW,808513105,408000.0,4278,0.0006239841331846415
IRTC,IRHYTHM TECHNOLOGIES INC,450056106,408000.0,2371,0.0006239841331846415
HD,HOME DEPOT,437076102,408000.0,1006,0.0006239841331846415
SXT,SENSIENT TECHNOLOGIES CORP,81725T100,406000.0,4330,0.0006209253874337365
RGLD,ROYAL GOLD INC,780287108,406000.0,2025,0.0006209253874337365
ACGL,ARCH CAPITAL GROUP LTD,G0450A105,406000.0,4476,0.0006209253874337365
NET,CLOUDFLARE INC,18915M107,406000.0,1890,0.0006209253874337365
TRMB,TRIMBLE INC,896239100,405000.0,4955,0.000619396014558284
BKR,BAKER HUGHES COMPANY,05722G100,405000.0,8307,0.000619396014558284
MCD,MCDONALDS CORP,580135101,404000.0,1330,0.0006178666416828313
CSCO,CISCO SYSTEMS INC,17275R102,404000.0,5911,0.0006178666416828313
JLL,JONES LANG LASALLE INC COM,48020Q107,404000.0,1355,0.0006178666416828313
APPF,APPFOLIO INC A,03783C100,404000.0,1465,0.0006178666416828313
PKN,REVVITY INC,714046109,403000.0,4603,0.0006163372688073788
SPOT,SPOTIFY TECHNOLOGY SA,L8681T102,402000.0,576,0.0006148078959319263
MNDY,MONDAY.COM LTD,M7S64H106,402000.0,2078,0.0006148078959319263
AMSF,AMERISAFE INC,03071H100,402000.0,9180,0.0006148078959319263
RGA,REINSURANCE GROUP AMER,759351604,402000.0,2093,0.0006148078959319263
PBH,PRESTIGE CONSUMER,74112D101,402000.0,6445,0.0006148078959319263
MMSI,MERIT MEDICAL SYS,589889104,400000.0,4800,0.0006117491501810211
BA,BOEING COMPANY,097023105,400000.0,1851,0.0006117491501810211
PATK,PATRICK IND INC,703343103,399000.0,3854,0.0006102197773055686
WSC,WILLSCOT HOLDINGS CORP,971378104,399000.0,18910,0.0006102197773055686
CMI,CUMMINS INC,231021106,399000.0,945,0.0006102197773055686
PYPL,PAYPAL HOLDINGS INC,70450Y103,398000.0,5935,0.0006086904044301161
USFD,US FOODS HOLDING CORP,912008109,398000.0,5193,0.0006086904044301161
NOW,SERVICENOW INC,81762P102,398000.0,432,0.0006086904044301161
SCI,SERVICE CORP INTL,817565104,398000.0,4783,0.0006086904044301161
EWBC,EAST WEST BANCORP INC,27579R104,398000.0,3737,0.0006086904044301161
NXT,NEXTRACKER INC,65290E101,398000.0,5383,0.0006086904044301161
TDG,TRANSDIGM GROUP INC COM,893641100,397000.0,301,0.0006071610315546636
JAZZ,JAZZ PHARMACEUTICALS PLC,G50871105,397000.0,3015,0.0006071610315546636
SBUX,STARBUCKS CORP,855244109,397000.0,4697,0.0006071610315546636
MELI,MERCADOLIBRE INC,58733R102,397000.0,170,0.0006071610315546636
NOC,NORTHROP GRUMMAN CORP,666807102,397000.0,652,0.0006071610315546636
PAYX,PAYCHEX INC,704326107,396000.0,3122,0.0006056316586792109
PLMR,PALOMAR HOLDINGS INC,69753M105,396000.0,3388,0.0006056316586792109
NFRA,FLEXSHARES STOXX GLOBAL BR,33939L795,396000.0,6299,0.0006056316586792109
SBUX,STARBUCKS CORP,855244109,396000.0,4683,0.0006056316586792109
BIV,VANGUARD INTERMEDIATE BOND,921937819,396000.0,5075,0.0006056316586792109
BDX,BECTON DICKINSON & CO,075887109,395000.0,2112,0.0006041022858037584
TEL,TE CONNECTIVITY PLC,G87052109,395000.0,1798,0.0006041022858037584
MPC,MARATHON PETE CORP,56585A102,395000.0,2047,0.0006041022858037584
VTI,VANGUARD TOTAL STK MKT FD,922908769,394000.0,1200,0.0006025729129283059
PLD,PROLOGIS INC,74340W103,394000.0,3440,0.0006025729129283059
COIN,COINBASE GLOBAL INC,19260Q107,393000.0,1163,0.0006010435400528533
AGG,ISHARES CORE US AGGREGATE,464287226,393000.0,3920,0.0006010435400528533
FLUT,FLUTTER ENTERTAINMENT PLC,G3643J108,393000.0,1548,0.0006010435400528533
SHEL,SHELL PLC ADR,780259305,393000.0,5497,0.0006010435400528533
JLL,JONES LANG LASALLE INC COM,48020Q107,393000.0,1318,0.0006010435400528533
TENB,TENABLE HOLDINGS INC,88025T102,392000.0,13430,0.0005995141671774007
XEL,XCEL ENERGY INC,98389B100,392000.0,4865,0.0005995141671774007
EHC,ENCOMPASS HEALTH CORP,29261A100,392000.0,3085,0.0005995141671774007
TD,TORONTO-DOMINION,891160509,392000.0,4908,0.0005995141671774007
BND,VANGUARD TOTAL BOND MARKET,921937835,392000.0,5267,0.0005995141671774007
VRSK,VERISK ANALYTICS INC-CL A,92345Y106,391000.0,1556,0.0005979847943019482
CHE,CHEMED CORP,16359R103,391000.0,874,0.0005979847943019482
CMCSA,COMCAST CORP CL A NEW,20030N101,391000.0,12448,0.0005979847943019482
MCO,MOODYS CORP,615369105,390000.0,819,0.0005964554214264957
7HP,HP INC,40434L105,389000.0,14271,0.0005949260485510431
WINA,WINMARK CORP,974250102,389000.0,782,0.0005949260485510431
TMUS,T-MOBILE US INC,872590104,389000.0,1624,0.0005949260485510431
RBA,RB GLOBAL INC,74935Q107,389000.0,3589,0.0005949260485510431
ATRC,ATRICURE INC,04963C209,388000.0,11010,0.0005933966756755905
XLV,HEALTH CARE SELECT SPDR,81369Y209,388000.0,2786,0.0005933966756755905
BXSL,BLACKSTONE SECURED LENDING,09261X102,388000.0,14866,0.0005933966756755905
N/A,STEVANATO GROUP SPA,T9224W109,388000.0,15050,0.0005933966756755905
IDEV,ISHARES CORE MSCI INTERNAT,46435G326,387000.0,4830,0.000591867302800138
GNR,SPDR S&P GL NAT RESOURCES,78463X541,387000.0,6538,0.000591867302800138
EFA,ISHRS MSCI EAFE IND FND,464287465,387000.0,4140,0.000591867302800138
STT,STATE ST CORP,857477103,387000.0,3340,0.000591867302800138
MIDD,THE MIDDLEBY,596278101,387000.0,2912,0.000591867302800138
FCFS,FIRSTCASH HOLDINGS INC,33768G107,386000.0,2439,0.0005903379299246853
MCO,MOODYS CORP,615369105,385000.0,809,0.0005888085570492329
CAT,CATERPILLAR INC,149123101,385000.0,807,0.0005888085570492329
RDY,DR. REDDYS LAB ADR,256135203,384000.0,27491,0.0005872791841737803
SHOP,SHOPIFY INC,82509L107,384000.0,2587,0.0005872791841737803
OKE,ONEOK CORP INC NEW,682680103,383000.0,5249,0.0005857498112983278
IDXX,IDEXX LABS CORP,45168D104,383000.0,600,0.0005857498112983278
CTVA,CORTEVA INC,22052L104,383000.0,5664,0.0005857498112983278
XBI,SPDR SERIES TR S&P BIOTEH,78464A870,383000.0,3826,0.0005857498112983278
CGNX,COGNEX CORP,192422103,381000.0,8421,0.0005826910655474227
BIPC,BROOKFIELD INFRAST CP,11276H106,381000.0,9265,0.0005826910655474227
UAL,UNITED AIRLINES HLDS INC,910047109,381000.0,3943,0.0005826910655474227
VVV,VALVOLINE INC,92047W101,381000.0,10598,0.0005826910655474227
AXP,AMERICAN EXPRESS,025816109,381000.0,1148,0.0005826910655474227
GRMN,GARMIN LTD,H2906T109,380000.0,1545,0.0005811616926719701
HIG,HARTFORD INS GROUP INC,416515104,380000.0,2849,0.0005811616926719701
HAS,HASBRO INC,418056107,380000.0,5010,0.0005811616926719701
HXL,HEXCEL CORP NEW,428291108,380000.0,6064,0.0005811616926719701
LMB,LIMBACH HOLDINGS INC,53263P105,380000.0,3908,0.0005811616926719701
COIN,COINBASE GLOBAL INC,19260Q107,379000.0,1123,0.0005796323197965176
TSCO,TRACTOR SUPPLY,892356106,378000.0,6647,0.0005781029469210649
ON,ON-SEMICONDUCTOR CORP,682189105,377000.0,7650,0.0005765735740456124
ACM,AECOM,00766T100,376000.0,2880,0.0005750442011701599
SIBN,SI-BONE INC,825704109,375000.0,25445,0.0005735148282947074
NI,NISOURCE INC,65473P105,375000.0,8660,0.0005735148282947074
CAT,CATERPILLAR INC,149123101,375000.0,785,0.0005735148282947074
BWIN,BALDWIN INSURANCE GROUP,05589G102,375000.0,13300,0.0005735148282947074
GNRC,GENERAC HLDGS INC,368736104,375000.0,2240,0.0005735148282947074
CME,CME GROUP INC,12572Q105,374000.0,1386,0.0005719854554192547
WRB,BERKLEY WR CORP,084423102,374000.0,4881,0.0005719854554192547
WRB,BERKLEY WR CORP,084423102,374000.0,4885,0.0005719854554192547
TRV,TRAVELERS COS INC,89417E109,374000.0,1338,0.0005719854554192547
CENTA,CENTRAL GARDEN & PET CL A,153527205,374000.0,12650,0.0005719854554192547
INFY,INFOSYS LTD ADR,456788108,373000.0,22943,0.0005704560825438022
ADP,AUTOMATIC DATA PROCESSING,053015103,373000.0,1271,0.0005704560825438022
ABT,ABBOTT LABORATORIES,002824100,372000.0,2779,0.0005689267096683497
FSLR,FIRST SOLAR INC,336433107,372000.0,1688,0.0005689267096683497
BRO,BROWN & BROWN INC,115236101,372000.0,3966,0.0005689267096683497
PHM,PULTE GROUP INC,745867101,372000.0,2814,0.0005689267096683497
KT,KT CORP SPON ADR,48268K101,371000.0,19004,0.0005673973367928971
CRAI,CRA INTL INC,12618T105,371000.0,1781,0.0005673973367928971
CDNS,CADENCE DESIGN SYSTEMS INC,127387108,371000.0,1055,0.0005673973367928971
INCY,INCYTE CORP,45337C102,371000.0,4375,0.0005673973367928971
ICE,INTERCONTINENTAL EXCHG INC,45866F104,371000.0,2202,0.0005673973367928971
AEP,AMERICAN ELECTRIC POWER CO,025537101,370000.0,3285,0.0005658679639174445
CMG,CHIPOTLE MEXICAN GRILL,169656105,369000.0,9407,0.000564338591041992
MSA,MSA SAFETY INC,553498106,369000.0,2144,0.000564338591041992
WD5A,TRAVEL  LEISURE CO,894164102,368000.0,6191,0.0005628092181665395
IOT,SAMSARA INC,79589L106,368000.0,9876,0.0005628092181665395
LLY,LILLY ELI & CO,532457108,367000.0,481,0.0005612798452910869
ORLY,OREILLY AUTO INC NEW,67103H107,367000.0,3400,0.0005612798452910869
CPK,CHESAPEAKE UTILITIES CORP,165303108,367000.0,2728,0.0005612798452910869
LHX,L3 HARRIS TECHNOLOGIES INC,502431109,367000.0,1202,0.0005612798452910869
VO,VANGUARD MID CAP VIPERS,922908629,367000.0,1250,0.0005612798452910869
IWM,ISHARES TR RUSSELL 2000,464287655,366000.0,1513,0.0005597504724156343
HEDJ,WISDOMTREE EURO HEDGED EQ,97717X701,366000.0,7262,0.0005597504724156343
EWBC,EAST WEST BANCORP INC,27579R104,366000.0,3440,0.0005597504724156343
LOW,LOWES COS INC,548661107,366000.0,1458,0.0005597504724156343
SLM,SLM CORP,78442P106,365000.0,13185,0.0005582210995401818
PH,PARKER-HANNIFIN CORP,701094104,365000.0,482,0.0005582210995401818
BKR,BAKER HUGHES COMPANY,05722G100,365000.0,7500,0.0005582210995401818
JJSF,J AND J SNACK FOODS CORP,466032109,365000.0,3800,0.0005582210995401818
HSY,THE HERSHEY COMPANY,427866108,364000.0,1945,0.0005566917266647293
PSA,PUBLIC STORAGE INC,74460D109,364000.0,1259,0.0005566917266647293
XLU,UTILITIES SELECT SECT SPDR,81369Y886,364000.0,4177,0.0005566917266647293
BPOP,POPULAR INC COM NEW,733174700,363000.0,2860,0.0005551623537892767
VCEL,VERICEL CORP,92346J108,363000.0,11550,0.0005551623537892767
BTCC/U,PURPOSE BITCOIN ETF,74642C300,362000.0,17961,0.0005536329809138242
PEG,PUBLIC SERV ENTERPRISE GP,744573106,362000.0,4338,0.0005536329809138242
BKNG,BOOKING HLDGS INC,09857L108,362000.0,67,0.0005536329809138242
CA8A,CACI INTERNATIONAL INC A,127190304,362000.0,725,0.0005536329809138242
CVLT,COMMVAULT SYSTEMS INC,204166102,361000.0,1910,0.0005521036080383716
PNR,PENTAIR PLC,G7S00T104,361000.0,3260,0.0005521036080383716
SBAC,SBA COMMUNICATIONS CORP,78410G104,361000.0,1867,0.0005521036080383716
PEN,PENUMBRA INC,70975L107,361000.0,1425,0.0005521036080383716
TSCO,TRACTOR SUPPLY,892356106,361000.0,6340,0.0005521036080383716
GNR,SPDR S&P GL NAT RESOURCES,78463X541,361000.0,6100,0.0005521036080383716
FI,FISERV INC,337738108,360000.0,2789,0.000550574235162919
RMD,RESMED INC,761152107,360000.0,1315,0.000550574235162919
EFA,ISHRS MSCI EAFE IND FND,464287465,360000.0,3857,0.000550574235162919
KO,COCA-COLA COMPANY,191216100,360000.0,5432,0.000550574235162919
LNG,CHENIERE ENERGY INC,16411R208,359000.0,1529,0.0005490448622874665
PFG,PRINCIPAL FINL GROUP INC,74251V102,359000.0,4325,0.0005490448622874665
FWRG,FIRST WATCH RESTAURANT GRO,33748L101,359000.0,22949,0.0005490448622874665
LNC,LINCOLN NATIONAL CORP IND,534187109,359000.0,8910,0.0005490448622874665
HR,HEALTHCARE REALTY TRUST IN,42226K105,359000.0,19895,0.0005490448622874665
WSFS,WSFS FINL CORP COM,929328102,359000.0,6657,0.0005490448622874665
SKWD,SKYWARD SPECIALTY INSURANC,830940102,359000.0,7540,0.0005490448622874665
CSL,CARLISLE COS,142339100,359000.0,1090,0.0005490448622874665
BK,BANK NEW YORK MELLON CORP,064058100,358000.0,3286,0.000547515489412014
RSP,INVESCO EXCH-TRAD-S&P EQL,46137V357,358000.0,1885,0.000547515489412014
FBIN,FORTUNE BRANDS INNOVATIONS,34964C106,358000.0,6700,0.000547515489412014
NTAP,NETAPP INC,64110D104,358000.0,3018,0.000547515489412014
ACN,ACCENTURE PLC CL A,G1151C101,358000.0,1452,0.000547515489412014
L,LOEWS CORP,540424108,357000.0,3555,0.0005459861165365614
MNST,MONSTER BEVERAGE CORP NEW,61174X109,357000.0,5301,0.0005459861165365614
BC,BRUNSWICK CORP,117043109,357000.0,5640,0.0005459861165365614
VIG,VANGUARD DIVIDEND APPREC,921908844,356000.0,1650,0.0005444567436611088
CMS,CMS ENERGY CORP,125896100,356000.0,4862,0.0005444567436611088
ADBE,ADOBE INC,00724F101,355000.0,1005,0.0005429273707856563
DBX,DROPBOX INC,26210C104,355000.0,11740,0.0005429273707856563
INSP,INSPIRE MEDICAL SYSTEMS IN,457730109,354000.0,4770,0.0005413979979102038
PRDO,PERDOCEO EDUCATION CORP,71363P106,354000.0,9406,0.0005413979979102038
MMC,MARSH & MCLENNAN COS INC,571748102,354000.0,1758,0.0005413979979102038
MDLZ,MONDELEZ INTERNATIONAL INC,609207105,354000.0,5668,0.0005413979979102038
H,HYATT HOTELS CORP CL A,448579102,354000.0,2497,0.0005413979979102038
IOT,SAMSARA INC,79589L106,353000.0,9469,0.0005398686250347512
ICE,INTERCONTINENTAL EXCHG INC,45866F104,353000.0,2098,0.0005398686250347512
ISRG,INTUITIVE SURGICAL,46120E602,353000.0,789,0.0005398686250347512
WAB,WABTEC CORP,929740108,352000.0,1758,0.0005383392521592986
KLIC,KULICKE & SOFFA INDS INC,501242101,352000.0,8653,0.0005383392521592986
PAYC,PAYCOM SOFTWARE INC,70432V102,352000.0,1690,0.0005383392521592986
MCK,MCKESSON CORP,58155Q103,352000.0,456,0.0005383392521592986
OLED,UNIVERSAL DISPLAY CP,91347P105,352000.0,2448,0.0005383392521592986
CMC,COMMERCIAL METALS CO,201723103,351000.0,6133,0.000536809879283846
BBCA,JPMORGAN BETABUILDERS CANA,46641Q225,351000.0,4021,0.000536809879283846
PPL,PPL CORP,69351T106,351000.0,9437,0.000536809879283846
IJR,ISHARES S&P SMCAP 600 INDX,464287804,351000.0,2951,0.000536809879283846
PSX,PHILLIPS 66 COMMON,718546104,351000.0,2578,0.000536809879283846
MDT,MEDTRONIC PLC,G5960L103,350000.0,3678,0.0005352805064083936
SMPL,SIMPLY GOOD FOODS CO,82900L102,350000.0,14118,0.0005352805064083936
ADP,AUTOMATIC DATA PROCESSING,053015103,350000.0,1191,0.0005352805064083936
CCEP,COCA COLA EUROPAC PART PLC,G25839104,350000.0,3872,0.0005352805064083936
ASML,ASML HOLDING NV ADR,N07059210,349000.0,361,0.000533751133532941
IWO,ISHARES RUSSELL 2000 GRWTH,464287648,349000.0,1091,0.000533751133532941
SE,SEA LTD ADR,81141R100,349000.0,1951,0.000533751133532941
KIM,KIMCO REALTY CORP,49446R109,349000.0,15969,0.000533751133532941
MCHP,MICROCHIP TECHNOLOGY INC,595017104,349000.0,5433,0.000533751133532941
SEE,SEALED AIR CORP NEW,81211K100,349000.0,9865,0.000533751133532941
FCFS,FIRSTCASH HOLDINGS INC,33768G107,348000.0,2197,0.0005322217606574884
MTB,M&T BANK CORP,55261F104,348000.0,1760,0.0005322217606574884
MAS,MASCO CORP,574599106,347000.0,4930,0.0005306923877820358
8CW,CROWN CASTLE INC,22822V101,347000.0,3600,0.0005306923877820358
BA,BOEING COMPANY,097023105,346000.0,1604,0.0005291630149065834
JHMM,JOHN HANCOCK MULTI-FACTOR,47804J206,346000.0,5354,0.0005291630149065834
WING,WINGSTOP INC,974155103,346000.0,1375,0.0005291630149065834
DGX,QUEST DIAGNOSTICS INC,74834L100,346000.0,1815,0.0005291630149065834
AMGN,AMGEN INC,031162100,345000.0,1222,0.0005276336420311307
SPOT,SPOTIFY TECHNOLOGY SA,L8681T102,345000.0,494,0.0005276336420311307
COST,COSTCO WHSL CORP NEW,22160K105,345000.0,373,0.0005276336420311307
EXPE,EXPEDIA GROUP INC,30212P303,345000.0,1612,0.0005276336420311307
ABBV,ABBVIE INC,00287Y109,345000.0,1489,0.0005276336420311307
BCH,BANCO DE CHILE ADR,059520106,344000.0,11351,0.0005261042691556782
EXPD,EXPEDITORS INTL WASH INC,302130109,344000.0,2805,0.0005261042691556782
AME,AMETEK INC NEW,031100100,343000.0,1827,0.0005245748962802256
VO,VANGUARD MID CAP VIPERS,922908629,343000.0,1168,0.0005245748962802256
XYZ,BLOCK INC,852234103,343000.0,4747,0.0005245748962802256
GKOS,GLAUKOS CORP COM,377322102,343000.0,4200,0.0005245748962802256
VOE,VANGUARD MIDCAP VALUE ETF,922908512,343000.0,1967,0.0005245748962802256
IJS,ISHARES S & P SMALL-CAP600,464287879,343000.0,3097,0.0005245748962802256
URI,UNITED RENTALS INC,911363109,341000.0,357,0.0005215161505293205
LECO,LINCOLN ELEC HLDG,533900106,341000.0,1445,0.0005215161505293205
RWJ,INVESCO S&P SMALLCAP 600 R,46138G664,341000.0,7065,0.0005215161505293205
AXGN,AXOGEN INC,05463X106,340000.0,19039,0.000519986777653868
GFF,GRIFFON CORP,398433102,340000.0,4466,0.000519986777653868
DTE,DETROIT ENERGY CO,233331107,340000.0,2405,0.000519986777653868
FTI,TECHNIP FMC PLC,G87110105,339000.0,8585,0.0005184574047784154
TRP,TC ENERGY CORP NPV,87807B107,339000.0,6251,0.0005184574047784154
HSY,THE HERSHEY COMPANY,427866108,339000.0,1810,0.0005184574047784154
PRM,PERIMETER SOLUTIONS INC,71385M107,339000.0,15162,0.0005184574047784154
WDAY,WORKDAY INC CL A,98138H101,338000.0,1406,0.0005169280319029629
O,REALTY INCOME CORP,756109104,338000.0,5567,0.0005169280319029629
IR,INGERSOLL RAND INC,45687V106,338000.0,4095,0.0005169280319029629
PFG,PRINCIPAL FINL GROUP INC,74251V102,338000.0,4081,0.0005169280319029629
LNC,LINCOLN NATIONAL CORP IND,534187109,337000.0,8350,0.0005153986590275103
ROL,ROLLINS INC,775711104,336000.0,5720,0.0005138692861520578
CM,CDN IMPERIAL BK COMMER,136069101,336000.0,4206,0.0005138692861520578
ABNB,AIRBNB INC,009066101,336000.0,2769,0.0005138692861520578
XOM,EXXON MOBIL CORP,30231G102,336000.0,2978,0.0005138692861520578
MTB,M&T BANK CORP,55261F104,336000.0,1700,0.0005138692861520578
BE,BLOOM ENERGY CORP,093712107,335000.0,3967,0.0005123399132766052
EME,EMCOR GROUP INC,29084Q100,335000.0,516,0.0005123399132766052
MA,MASTERCARD CL A,57636Q104,335000.0,589,0.0005123399132766052
ZTS,ZOETIS INC,98978V103,335000.0,2291,0.0005123399132766052
VNT,VONTIER CORP,928881101,335000.0,7972,0.0005123399132766052
RMD,RESMED INC,761152107,334000.0,1220,0.0005108105404011526
VWO,VANGUARD FTSE EMER MKT ETF,922042858,334000.0,6159,0.0005108105404011526
EPAM,EPAM SYSTEMS INC,29414B104,334000.0,2215,0.0005108105404011526
MTCH,MATCH GROUP INC,57667L107,333000.0,9440,0.0005092811675257001
KBR,KBR INC,48242W106,333000.0,7042,0.0005092811675257001
CGGO,CAPITAL GROUP GLOBAL GROWT,14020X104,333000.0,9750,0.0005092811675257001
OEF,ISHARES S&P 100 INDEX,464287101,333000.0,1000,0.0005092811675257001
PKG,PACKAGING CORP OF AMER,695156109,333000.0,1526,0.0005092811675257001
CIVI,CIVITAS RESOURCES INC,17888H103,332000.0,10200,0.0005077517946502476
BLDR,BUILDERS FIRSTSOURCE INC,12008R107,332000.0,2734,0.0005077517946502476
DAL,DELTA AIR LINES INC DEL,247361702,332000.0,5851,0.0005077517946502476
IDCC,INTERDIGITAL INC PA,45867G101,332000.0,961,0.0005077517946502476
DFAC,DIMENSIONAL US CORE EQUITY,25434V708,332000.0,8619,0.0005077517946502476
TDY,TELEDYNE TECHNOLOGIES INC,879360105,332000.0,566,0.0005077517946502476
LNT,ALLIANT ENERGY CORP,018802108,332000.0,4920,0.0005077517946502476
SLB,SCHLUMBERGER LTD,806857108,331000.0,9620,0.000506222421774795
RSG,REPUBLIC SERVICES INC,760759100,331000.0,1442,0.000506222421774795
TER,TERADYNE INC,880770102,331000.0,2402,0.000506222421774795
CNS,COHEN & STEERS INC COM,19247A100,330000.0,5032,0.0005046930488993424
BKR,BAKER HUGHES COMPANY,05722G100,330000.0,6768,0.0005046930488993424
DLR,DIGITAL RLTY TR INC COM,253868103,330000.0,1910,0.0005046930488993424
SCVL,SHOE CARNIVAL INC COM,824889109,330000.0,15894,0.0005046930488993424
KNSL,KINSALE CAPITAL GROUP INC,49714P108,330000.0,777,0.0005046930488993424
GEHC,GE HEALTHCARE TECHNOLOGIES,36266G107,330000.0,4394,0.0005046930488993424
HOOD,ROBINHOOD MARKETS INC,770700102,329000.0,2297,0.0005031636760238899
TD,TORONTO-DOMINION,891160509,329000.0,4119,0.0005031636760238899
HLIO,HELIOS TECHNOLOGIES INC,42328H109,329000.0,6305,0.0005031636760238899
IBM,INTERNATIONAL BUS MACHINES,459200101,329000.0,1165,0.0005031636760238899
VOX,VANGUARD COMM SERVICES,92204A884,329000.0,1750,0.0005031636760238899
BHF,BRIGHTHOUSE FINANCIAL INC,10922N103,329000.0,6195,0.0005031636760238899
IEFA,ISHARES CORE MSCI EAFE ETF,46432F842,328000.0,3757,0.0005016343031484374
L,LOEWS CORP,540424108,328000.0,3263,0.0005016343031484374
MORN,MORNINGSTAR,617700109,327000.0,1411,0.0005001049302729848
TER,TERADYNE INC,880770102,327000.0,2376,0.0005001049302729848
FND,FLOOR & DECOR HOLDINGS,339750101,327000.0,4436,0.0005001049302729848
VTRS,VIATRIS INC,92556V106,327000.0,32995,0.0005001049302729848
CLH,CLEAN HARBORS INC,184496107,327000.0,1410,0.0005001049302729848
EXP,EAGLE MATERIALS INC,26969P108,325000.0,1395,0.0004970461845220797
WTS,WATTS WATER TECHNOLOGIES,942749102,325000.0,1163,0.0004970461845220797
MLI,MUELLER INDS INC,624756102,324000.0,3208,0.0004955168116466272
AMT,AMERICAN TOWER CORP,03027X100,324000.0,1687,0.0004955168116466272
OMC,OMNICOM GROUP INC,681919106,324000.0,3975,0.0004955168116466272
NBIX,NEUROCRINE BIOSCIENCES,64125C109,324000.0,2310,0.0004955168116466272
MO,ALTRIA GROUP INC,02209S103,324000.0,4898,0.0004955168116466272
EMR,EMERSON ELECTRIC CO,291011104,323000.0,2460,0.0004939874387711745
VTR,VENTAS INC,92276F100,323000.0,4620,0.0004939874387711745
LIN,LINDE PLC,G54950103,323000.0,681,0.0004939874387711745
WEX,WEX INC,96208T104,323000.0,2050,0.0004939874387711745
GLW,CORNING INC,219350105,322000.0,3921,0.000492458065895722
TECH,BIO-TECHNE CORP NPV,09073M104,322000.0,5780,0.000492458065895722
CPAY,CORPAY INC,219948106,322000.0,1118,0.000492458065895722
NTAP,NETAPP INC,64110D104,322000.0,2715,0.000492458065895722
RL,RALPH LAUREN CORP,751212101,321000.0,1025,0.0004909286930202695
CADE,CADENCE BANK,12740C103,321000.0,8550,0.0004909286930202695
WGO,WINNEBAGO INDUSTRIES,974637100,321000.0,9589,0.0004909286930202695
CFR,CULLEN FROST BANKERS,229899109,321000.0,2535,0.0004909286930202695
CNXC,CONCENTRIX CORP,20602D101,321000.0,6949,0.0004909286930202695
ENB,ENBRIDGE INC,29250N105,320000.0,6353,0.000489399320144817
ETR,ENTERGY CORP NEW,29364G103,320000.0,3430,0.000489399320144817
EMR,EMERSON ELECTRIC CO,291011104,320000.0,2440,0.000489399320144817
WHD,CACTUS INC,127203107,320000.0,8095,0.000489399320144817
APD,AIR PRODUCTS & CHEMICALS,009158106,319000.0,1171,0.0004878699472693644
ESE,ESCO TECHNOLOGIES INC,296315104,319000.0,1512,0.0004878699472693644
AIZ,ASSURANT INC,04621X108,318000.0,1470,0.0004863405743939118
WMT,WALMART INC,931142103,318000.0,3086,0.0004863405743939118
CTSH,COGNIZANT TECHNLGY,192446102,318000.0,4736,0.0004863405743939118
SNEX,STONEX GROUP INC,861896108,317000.0,3139,0.00048481120151845923
VTRS,VIATRIS INC,92556V106,317000.0,32003,0.00048481120151845923
VHT,VANGUARD HEALTH CARE ETF,92204A504,317000.0,1220,0.00048481120151845923
LITE,LUMENTUM H,55024U109,316000.0,1940,0.00048328182864300665
KWR,QUAKER CHEMICAL CORP,747316107,316000.0,2395,0.00048328182864300665
SWK,STANLEY BLACK & DECKER INC,854502101,316000.0,4255,0.00048328182864300665
SDVY,FIRST TRUST SMID CAP RISIN,33741X102,316000.0,8307,0.00048328182864300665
HDB,HDFC BANK LTD ADR REPS3,40415F101,316000.0,9252,0.00048328182864300665
MU,MICRON TECHNOLOGY INC,595112103,316000.0,1891,0.00048328182864300665
CTRE,CARETRUST REIT INC,14174T107,315000.0,9082,0.0004817524557675542
NTRS,NORTHERN TRUST CORP,665859104,315000.0,2341,0.0004817524557675542
ENB,ENBRIDGE INC COM,29250N105,315000.0,6247,0.0004817524557675542
CDW,CDW CORP/DE,12514G108,315000.0,1977,0.0004817524557675542
EFA,ISHRS MSCI EAFE IND FND,464287465,315000.0,3371,0.0004817524557675542
WMB,WILLIAMS COMPANIES INC,969457100,315000.0,4974,0.0004817524557675542
AL,AIR LEASE CORP,00912X302,315000.0,4948,0.0004817524557675542
ROST,ROSS STORES INC,778296103,314000.0,2061,0.0004802230828921016
KWEB,KRANESHARES TR CSI CHI INT,500767306,314000.0,7485,0.0004802230828921016
UBER,UBER TECHNOLOGIES INC,90353T100,314000.0,3206,0.0004802230828921016
DGRS,WISDOMTREE U.S. SMALLCAP Q,97717X651,314000.0,6276,0.0004802230828921016
ARW,ARROW ELECTRONICS,042735100,313000.0,2585,0.000478693710016649
MET,METLIFE INC COM,59156R108,313000.0,3805,0.000478693710016649
UHS,UNIV HEALTH SVC CLASS B,913903100,313000.0,1530,0.000478693710016649
EFX,EQUIFAX INC,294429105,313000.0,1221,0.000478693710016649
MRK,MERCK & CO INC NEW,58933Y105,313000.0,3735,0.000478693710016649
NVR,NVR INC COM,62944T105,313000.0,39,0.000478693710016649
FIS,FIDELITY NATL INFO SVCS,31620M106,313000.0,4745,0.000478693710016649
TW,TRADEWEB MARKETS INC,892672106,313000.0,2824,0.000478693710016649
HSIC,HENRY SCHEIN INC,806407102,312000.0,4707,0.00047716433714119644
SPG,SIMON PROP GROUP,828806109,312000.0,1665,0.00047716433714119644
DE,DEERE & CO,244199105,312000.0,683,0.00047716433714119644
INFY,INFOSYS LTD ADR,456788108,312000.0,19176,0.00047716433714119644
HUBB,HUBBELL INC,443510607,312000.0,725,0.00047716433714119644
UNP,UNION PACIFIC CORP,907818108,311000.0,1315,0.000475634964265744
LUCK,LUCKY STRIKE ENTERTAINMENT,10258P102,311000.0,30390,0.000475634964265744
BRC,BRADY WH CL A NON VTG,104674106,311000.0,3980,0.000475634964265744
CBT,CABOT CORP,127055101,311000.0,4088,0.000475634964265744
SJM,SMUCKER JM CO NEW,832696405,311000.0,2865,0.000475634964265744
CW,CURTISS WRIGHT CORP,231561101,311000.0,573,0.000475634964265744
NOW,SERVICENOW INC,81762P102,311000.0,338,0.000475634964265744
TROW,T ROWE PRICE GROUP INC,74144T108,311000.0,3026,0.000475634964265744
TXN,TEXAS INSTRUMENTS INC,882508104,311000.0,1695,0.000475634964265744
ALL,ALLSTATE CORP,020002101,311000.0,1450,0.000475634964265744
CRL,CHARLES RIVER LABS,159864107,310000.0,1980,0.0004741055913902914
MSCI,MSCI INC,55354G100,310000.0,547,0.0004741055913902914
NWSA,NEWS CORP NEW,65249B109,310000.0,10110,0.0004741055913902914
GEN,GEN DIGITAL INC,668771108,309000.0,10870,0.0004725762185148388
HWM,HOWMET AEROSPACE INC,443201108,309000.0,1576,0.0004725762185148388
NOBL,PROSHARES S&P 500 DIVIDEND,74348A467,309000.0,3000,0.0004725762185148388
SPOT,SPOTIFY TECHNOLOGY SA,L8681T102,309000.0,443,0.0004725762185148388
UPS,UNITED PARCEL SERVICE CL B,911312106,309000.0,3699,0.0004725762185148388
ABG,CENCORA INC,03073E105,309000.0,989,0.0004725762185148388
IRMD,IRADIMED CORP,46266A109,308000.0,4324,0.0004710468456393863
PRU,PRUDENTIAL FINANCIAL,744320102,308000.0,2965,0.0004710468456393863
BLDR,BUILDERS FIRSTSOURCE INC,12008R107,308000.0,2543,0.0004710468456393863
TJX,TJX COMPANIES INC,872540109,308000.0,2128,0.0004710468456393863
RGA,REINSURANCE GROUP AMER,759351604,308000.0,1605,0.0004710468456393863
NSC,NORFOLK SOUTHERN CORP,655844108,307000.0,1021,0.00046951747276393377
VLTO,VERALTO CORP,92338C103,307000.0,2880,0.00046951747276393377
NET,CLOUDFLARE INC,18915M107,306000.0,1428,0.0004679880998884812
NVS,NOVARTIS AG ADR,66987V109,306000.0,2390,0.0004679880998884812
CNM,CORE & MAIN INC,21874C102,306000.0,5677,0.0004679880998884812
SFM,SPROUTS FARMERS MARKETS,85208M102,305000.0,2803,0.00046645872701302866
BBY,BEST BUY INC,086516101,305000.0,4030,0.00046645872701302866
IPG,INTERPUBLIC GROUP COS INC,460690100,305000.0,10940,0.00046645872701302866
ZS,ZSCALER INC,98980G102,305000.0,1019,0.00046645872701302866
SHAK,SHAKE SHACK INC,819047101,304000.0,3250,0.0004649293541375761
ESS,ESSEX PPTY TR INC,297178105,304000.0,1135,0.0004649293541375761
AMAT,APPLIED MATERIALS,038222105,304000.0,1484,0.0004649293541375761
BN,BROOKFIELD CORPORATION,11271J107,303000.0,4413,0.0004633999812621235
FSK,FS KKR CAPITAL CORP,302635206,303000.0,20286,0.0004633999812621235
UNM,UNUM GROUP,91529Y106,303000.0,3892,0.0004633999812621235
OTIS,OTIS WORLDWIDE CORP,68902V107,303000.0,3315,0.0004633999812621235
GIS,GENERAL MILLS INC,370334104,303000.0,6000,0.0004633999812621235
IDCC,INTERDIGITAL INC PA,45867G101,303000.0,878,0.0004633999812621235
MLI,MUELLER INDS INC,624756102,303000.0,2993,0.0004633999812621235
ABG,CENCORA INC,03073E105,302000.0,966,0.000461870608386671
KRE,SPDR S&P REGIONAL BK ETF,78464A698,302000.0,4775,0.000461870608386671
CCK,CROWN HLDGS INC,228368106,302000.0,3125,0.000461870608386671
PKG,PACKAGING CORP OF AMER,695156109,302000.0,1388,0.000461870608386671
ZBRA,ZEBRA TECHNOLOGIES CP CL A,989207105,302000.0,1015,0.000461870608386671
NEE,NEXTERA ENERGY INC,65339F101,302000.0,3996,0.000461870608386671
HLI,HOULIHAN LOKEY INC,441593100,301000.0,1467,0.00046034123551121845
CRM,SALESFORCE INC,79466L302,301000.0,1271,0.00046034123551121845
KTOS,KRATOS DEFENSE & SECURITY,50077B207,301000.0,3297,0.00046034123551121845
MTD,METTLER-TOLEDO INTL,592688105,301000.0,245,0.00046034123551121845
MCK,MCKESSON CORP,58155Q103,301000.0,389,0.00046034123551121845
KVUE,KENVUE INC,49177J102,301000.0,18517,0.00046034123551121845
IFF,INTL FLAVOR & FRAGRANCES,459506101,301000.0,4889,0.00046034123551121845
SAIA,SAIA INC COM,78709Y105,301000.0,1004,0.00046034123551121845
CNHI,CNH INDUSTRIAL NV,N20944109,300000.0,27650,0.0004588118626357659
HOLX,HOLOGIC INC,436440101,300000.0,4445,0.0004588118626357659
FRPT,FRESHPET INC,358039105,300000.0,5438,0.0004588118626357659
MEDP,MEDPACE HOLDINGS,58506Q109,300000.0,583,0.0004588118626357659
GL,GLOBE LIFE INC,37959E102,300000.0,2101,0.0004588118626357659
CPRT,COPART INC,217204106,300000.0,6670,0.0004588118626357659
BMY,BRISTOL-MYERS SQUIBB CO,110122108,299000.0,6640,0.0004572824897603133
MANH,MANHATTAN ASSOCIATES INC,562750109,299000.0,1460,0.0004572824897603133
ED,CONSOLIDATED EDISON INC,209115104,299000.0,2976,0.0004572824897603133
ETN,EATON CORP PLC,G29183103,299000.0,799,0.0004572824897603133
POOL,POOL CORP,73278L105,298000.0,960,0.00045575311688486077
ALLE,ALLEGION PLC ORD SHS,G0176J109,298000.0,1681,0.00045575311688486077
APG,API GROUP CORP,00187Y100,298000.0,8666,0.00045575311688486077
AAL,AMERICAN AIRLINE GRP INC,02376R102,298000.0,26505,0.00045575311688486077
FSV,FIRSTSERVICE CORP,33767E202,298000.0,1564,0.00045575311688486077
WDAY,WORKDAY INC CL A,98138H101,297000.0,1232,0.00045422374400940825
QCOM,QUALCOMM INC,747525103,297000.0,1786,0.00045422374400940825
C,CITIGROUP INC,172967424,297000.0,2922,0.00045422374400940825
AVB,AVALONBAY COMMUNITIES INC,053484101,297000.0,1535,0.00045422374400940825
KLAC,KLA CORPORATION,482480100,297000.0,275,0.00045422374400940825
TRL,DAVITA INC,23918K108,297000.0,2235,0.00045422374400940825
DWD,MORGAN STANLEY GRP INC,617446448,296000.0,1861,0.00045269437113395567
BAH,BOOZ ALLEN HAMILTON HLDGS,099502106,296000.0,2962,0.00045269437113395567
CHTR,CHARTER COMMUNICATIONS INC,16119P108,296000.0,1077,0.00045269437113395567
CVCO,CAVCO INDS INC,149568107,296000.0,509,0.00045269437113395567
UNF,UNIFIRST CORP MASS COM,904708104,296000.0,1769,0.00045269437113395567
WDC,WESTERN DIGITAL CORP,958102105,296000.0,2464,0.00045269437113395567
8CW,CROWN CASTLE INC,22822V101,295000.0,3060,0.0004511649982585031
AFL,AFLAC INC,001055102,295000.0,2645,0.0004511649982585031
LYV,LIVE NATION ENTERTMNT INC,538034109,294000.0,1797,0.0004496356253830506
KWEB,KRANESHARES TR CSI CHI INT,500767306,294000.0,7004,0.0004496356253830506
KLAC,KLA CORPORATION,482480100,294000.0,273,0.0004496356253830506
MAS,MASCO CORP,574599106,294000.0,4175,0.0004496356253830506
EEM,ISHARES MSCI EMERGING MKTS,464287234,293000.0,5481,0.00044810625250759804
LSTR,LANDSTAR SYS INC,515098101,293000.0,2387,0.00044810625250759804
PAYC,PAYCOM SOFTWARE INC,70432V102,292000.0,1401,0.00044657687963214546
AVUS,AVANTIS US EQUITY ETF,025072885,292000.0,2688,0.00044657687963214546
EBA,EBAY INC,278642103,292000.0,3208,0.00044657687963214546
TRU,TRANSUNION,89400J107,292000.0,3488,0.00044657687963214546
OS,ONESTREAM INC,68278B107,292000.0,15820,0.00044657687963214546
PNW,PINNACLE WEST CAPITAL CORP,723484101,291000.0,3250,0.0004450475067566929
MSCI,MSCI INC,55354G100,291000.0,513,0.0004450475067566929
IRM,IRON MTN INC,46284V101,291000.0,2853,0.0004450475067566929
DECK,DECKERS OUTDOOR CORP,243537107,291000.0,2870,0.0004450475067566929
GIB/A,CGI INC,12532H104,290000.0,3261,0.0004435181338812403
QCOM,QUALCOMM INC,747525103,290000.0,1742,0.0004435181338812403
MCX,MCCORMICK & CO NON VTG,579780206,290000.0,4340,0.0004435181338812403
CRL,CHARLES RIVER LABS,159864107,289000.0,1848,0.00044198876100578783
IONQ,IONQ INC,46222L108,289000.0,4691,0.00044198876100578783
TJX,TJX COMPANIES INC,872540109,289000.0,1996,0.00044198876100578783
CTVA,CORTEVA INC,22052L104,289000.0,4271,0.00044198876100578783
ODFL,OLD DOMINION FREIGHT,679580100,289000.0,2054,0.00044198876100578783
SIG,SIGNET JEWELERS LTD,G81276100,289000.0,3013,0.00044198876100578783
N/A,CRH PLC,G25508105,288000.0,2405,0.00044045938813033525
YUM,YUM BRANDS INC,988498101,288000.0,1897,0.00044045938813033525
BCH,BANCO DE CHILE ADR,059520106,288000.0,9489,0.00044045938813033525
MDT,MEDTRONIC PLC,G5960L103,287000.0,3009,0.00043893001525488267
DD,DUPONT DE NEMOURS INC,26614N102,287000.0,3681,0.00043893001525488267
NVO,NOVO NORDISK A S ADR,670100205,287000.0,5176,0.00043893001525488267
DPZ,DOMINOS PIZZA,25754A201,287000.0,665,0.00043893001525488267
ONON,ON HOLDING AG,H5919C104,287000.0,6776,0.00043893001525488267
ERJ,EMBRAER SA ADR,29082A107,287000.0,4743,0.00043893001525488267
AROC,ARCHROCK INC,03957W106,286000.0,10853,0.0004374006423794301
LMT,LOCKHEED MARTIN CORP,539830109,286000.0,573,0.0004374006423794301
GDDY,GODADDY INC,380237107,286000.0,2090,0.0004374006423794301
TRP,TC ENERGY CORP NPV,87807B107,285000.0,5241,0.0004358712695039776
CINF,CINCINNATI FINANCIAL CORP,172062101,285000.0,1805,0.0004358712695039776
KMX,CARMAX INC,143130102,284000.0,6328,0.00043434189662852504
IRTC,IRHYTHM TECHNOLOGIES INC,450056106,284000.0,1652,0.00043434189662852504
GLD,SPDR GOLD TRUST,78463V107,284000.0,800,0.00043434189662852504
BAM,BROOKFIELD ASSET MGMT,113004105,284000.0,4994,0.00043434189662852504
AMAT,APPLIED MATERIALS,038222105,284000.0,1389,0.00043434189662852504
PANW,PALO ALTO NETWORKS INC,697435105,284000.0,1394,0.00043434189662852504
ENSG,ENSIGN GROUP INC THE,29358P101,283000.0,1640,0.00043281252375307246
PRCT,PROCEPT BIOROBOTICS CORP,74276L105,283000.0,7930,0.00043281252375307246
SPMD,SPDR PORTFOLIO MID CAP ETF,78464A847,283000.0,4957,0.00043281252375307246
HAL,HALLIBURTON CO.,406216101,283000.0,11508,0.00043281252375307246
WCN,WASTE CONNECTIONS,94106B101,282000.0,1603,0.0004312831508776199
CBSH,COMMERCE BANCSHARES INC,200525103,282000.0,4725,0.0004312831508776199
CWB,SPDR BLOOMBERG CONVERTIBLE,78464A359,282000.0,3120,0.0004312831508776199
INVH,INVITATION HOMES INC,46187W107,282000.0,9630,0.0004312831508776199
BBWI,BATH & BODY WORKS INC,070830104,282000.0,10931,0.0004312831508776199
NOG,NORTHERN OIL AND GAS INC,665531307,282000.0,11382,0.0004312831508776199
HD,HOME DEPOT,437076102,282000.0,695,0.0004312831508776199
PCTY,PAYLOCITY HOLDINGS CORP,70438V106,281000.0,1765,0.0004297537780021674
GMED,GLOBUS MED INC,379577208,281000.0,4905,0.0004297537780021674
CELH,CELSIUS HOLDINGS INC,15118V207,281000.0,4880,0.0004297537780021674
SDY,SPDR S&P DIVIDEND ETF,78464A763,281000.0,2003,0.0004297537780021674
IWF,ISHARES TR RUSSELL 1000GRW,464287614,281000.0,600,0.0004297537780021674
BN,BROOKFIELD CORPORATION,11271J107,280000.0,4086,0.00042822440512671483
POWI,POWER INTEGRATIONS,739276103,280000.0,6956,0.00042822440512671483
MXI,ISHARES S&P GLOBAL MTL,464288695,280000.0,3030,0.00042822440512671483
TFX,TELEFLEX INC,879369106,280000.0,2290,0.00042822440512671483
IMKTA,INGLES MKTS INC CL A,457030104,280000.0,4021,0.00042822440512671483
CARG,CARGURUS INC,141788109,280000.0,7516,0.00042822440512671483
PHR,PHREESIA INC,71944F106,279000.0,11842,0.00042669503225126226
EPAM,EPAM SYSTEMS INC,29414B104,279000.0,1849,0.00042669503225126226
GABC,GERMAN AMERICAN BANCORP IN,373865104,279000.0,7110,0.00042669503225126226
EXR,EXTRA SPACE STORAGE INC,30225T102,279000.0,1980,0.00042669503225126226
SHEL,SHELL PLC ADR,780259305,278000.0,3892,0.0004251656593758097
DLR,DIGITAL RLTY TR INC COM,253868103,278000.0,1608,0.0004251656593758097
VERX,VERTEX INC,92538J106,278000.0,11220,0.0004251656593758097
EPD,ENTERPRISE PRODS PARTNS LP,293792107,278000.0,8900,0.0004251656593758097
KR,KROGER CO,501044101,278000.0,4131,0.0004251656593758097
LDOS,LEIDOS HLDGS INC,525327102,277000.0,1464,0.0004236362865003571
FSLR,FIRST SOLAR INC,336433107,277000.0,1258,0.0004236362865003571
PAYX,PAYCHEX INC,704326107,277000.0,2185,0.0004236362865003571
GPC,GENUINE PARTS CO,372460105,277000.0,1997,0.0004236362865003571
APH,AMPHENOL CORP,032095101,277000.0,2242,0.0004236362865003571
RYAN,RYAN SPECIALTY HOLDNGS INC,78351F107,277000.0,4909,0.0004236362865003571
NFG,NATIONAL FUEL GAS CO,636180101,277000.0,2995,0.0004236362865003571
ELV,ELEVANCE HEALTH INC,036752103,277000.0,857,0.0004236362865003571
ROK,ROCKWELL AUTOMATION INC,773903109,277000.0,793,0.0004236362865003571
DLR,DIGITAL RLTY TR INC COM,253868103,276000.0,1595,0.0004221069136249046
RS,RELIANCE INC,759509102,275000.0,980,0.00042057754074945205
DVN,DEVON ENERGY CORP,25179M103,275000.0,7844,0.00042057754074945205
WAT,WATERS CORP,941848103,275000.0,918,0.00042057754074945205
PM,PHILIP MORRIS INTL INC,718172109,275000.0,1694,0.00042057754074945205
WWD,WOODWARD GOVERNOR CO COM,980745103,275000.0,1090,0.00042057754074945205
WTW,WILLIS TOWERS WATS NPV,G96629103,274000.0,793,0.00041904816787399947
EPD,ENTERPRISE PRODS PARTNS LP,293792107,274000.0,8760,0.00041904816787399947
PSX,PHILLIPS 66 COMMON,718546104,274000.0,2012,0.00041904816787399947
DLTR,DOLLAR TREE INC,256746108,274000.0,2900,0.00041904816787399947
FIS,FIDELITY NATL INFO SVCS,31620M106,274000.0,4161,0.00041904816787399947
USMV,ISHARES MSCI USA MIN VOL,46429B697,274000.0,2882,0.00041904816787399947
SCHB,SCHWAB US BROAD MARKET ETF,808524102,274000.0,10665,0.00041904816787399947
WMT,WALMART INC,931142103,274000.0,2657,0.00041904816787399947
ORCL,ORACLE CORP,68389X105,274000.0,974,0.00041904816787399947
N/A,QIAGEN NV EUR 0.01,N72482206,274000.0,6135,0.00041904816787399947
CR,CRANE CO,224408104,273000.0,1483,0.0004175187949985469
TSLA,TESLA INC,88160R101,273000.0,613,0.0004175187949985469
CTSH,COGNIZANT TECHNLGY,192446102,273000.0,4069,0.0004175187949985469
IBM,INTERNATIONAL BUS MACHINES,459200101,273000.0,966,0.0004175187949985469
VWO,VANGUARD FTSE EMER MKT ETF,922042858,273000.0,5032,0.0004175187949985469
KVUE,KENVUE INC,49177J102,273000.0,16838,0.0004175187949985469
PEP,PEPSICO INC,713448108,273000.0,1941,0.0004175187949985469
PG,PROCTER & GAMBLE CO,742718109,273000.0,1777,0.0004175187949985469
ZION,ZIONS BANCORPORATION NA,989701107,272000.0,4801,0.0004159894221230944
PKN,REVVITY INC,714046109,272000.0,3100,0.0004159894221230944
NKE,NIKE INC CL B,654106103,272000.0,3901,0.0004159894221230944
PEO,EXELON CORP,30161N101,272000.0,6050,0.0004159894221230944
TDC,TERADATA CORP,88076W103,271000.0,12615,0.00041446004924764184
VALE,VALE SA ADR,91912E105,271000.0,24929,0.00041446004924764184
TTAN,SERVICETITAN INC,81764X103,271000.0,2687,0.00041446004924764184
SHG,SHINHAN FIN GROUP ADR,824596100,271000.0,5384,0.00041446004924764184
COF,CAPITAL ONE FINANCIAL,14040H105,271000.0,1274,0.00041446004924764184
TTEK,TETRA TECH INC,88162G103,271000.0,8108,0.00041446004924764184
BAH,BOOZ ALLEN HAMILTON HLDGS,099502106,271000.0,2715,0.00041446004924764184
VNT,VONTIER CORP,928881101,271000.0,6454,0.00041446004924764184
CSL,CARLISLE COS,142339100,270000.0,820,0.00041293067637218926
ST,SENSATA TECH HLDGS,G8060N102,270000.0,8854,0.00041293067637218926
IGSB,ISHARES TR ISHS 1-5YR INVS,464288646,270000.0,5100,0.00041293067637218926
HSY,THE HERSHEY COMPANY,427866108,270000.0,1443,0.00041293067637218926
ENTX,ENTERA BIO LTD,M40527109,270000.0,140843,0.00041293067637218926
MUSA,MURPHY USA INC COM,626755102,270000.0,696,0.00041293067637218926
IXC,ISHARES S&P GLOBAL ENERGY,464287341,269000.0,6438,0.0004114013034967367
SPG,SIMON PROP GROUP,828806109,269000.0,1431,0.0004114013034967367
PLNT,PLANET FITNESS INC,72703H101,269000.0,2593,0.0004114013034967367
ELV,ELEVANCE HEALTH INC,036752103,269000.0,832,0.0004114013034967367
TKC,TURKCELL ILETISIM ADR,900111204,269000.0,44740,0.0004114013034967367
MZTI,THE MARZETTI CO,513847103,269000.0,1555,0.0004114013034967367
PNR,PENTAIR PLC,G7S00T104,268000.0,2422,0.0004098719306212842
VRSK,VERISK ANALYTICS INC-CL A,92345Y106,268000.0,1065,0.0004098719306212842
COP,CONOCOPHILLIPS,20825C104,267000.0,2826,0.00040834255774583163
GWW,W W GRAINGER INC,384802104,267000.0,280,0.00040834255774583163
OKTA,OKTA INC,679295105,267000.0,2915,0.00040834255774583163
BSX,BOSTON SCIENTIFIC CORP,101137107,267000.0,2733,0.00040834255774583163
DXCM,DEXCOM INC,252131107,266000.0,3953,0.00040681318487037905
ONON,ON HOLDING AG,H5919C104,266000.0,6277,0.00040681318487037905
SPGI,S&P GLOBAL INC.,78409V104,266000.0,546,0.00040681318487037905
WRB,BERKLEY WR CORP,084423102,265000.0,3463,0.0004052838119949265
SYK,STRYKER CORP,863667101,265000.0,718,0.0004052838119949265
ENSG,ENSIGN GROUP INC THE,29358P101,265000.0,1531,0.0004052838119949265
TTEK,TETRA TECH INC,88162G103,265000.0,7940,0.0004052838119949265
FSV,FIRSTSERVICE CORP,33767E202,265000.0,1392,0.0004052838119949265
PGR,PROGRESSIVE CORP OHIO,743315103,265000.0,1074,0.0004052838119949265
AVY,AVERY DENNISON CORP,053611109,265000.0,1635,0.0004052838119949265
TEAM,ATLASSIAN CORP PLC,049468101,264000.0,1656,0.00040375443911947395
FANG,DIAMONDBACK ENERGY INC,25278X109,264000.0,1846,0.00040375443911947395
SHY,ISHARES LEHMAN 1-3YR TRS,464287457,264000.0,3185,0.00040375443911947395
ULS,UL SOLUTIONS INC,903731107,264000.0,3726,0.00040375443911947395
EQH,EQUITABLE HOLDINGS INC,29452E101,264000.0,5200,0.00040375443911947395
GD,GENERAL DYNAMICS CORP,369550108,264000.0,773,0.00040375443911947395
MAA,MID-AMER APT CMNTYS INC,59522J103,264000.0,1887,0.00040375443911947395
EXI,ISHARES TR S&P GL INDUSTR,464288729,263000.0,1520,0.0004022250662440214
RCL,ROYAL CARIBBEAN CRUISES LD,V7780T103,263000.0,812,0.0004022250662440214
FTCS,FIRST TRUST DB STRAT VALUE,33733E104,263000.0,2810,0.0004022250662440214
HPE,HEWLETT PACKARD ENTERPR WI,42824C109,263000.0,10694,0.0004022250662440214
HPE,HEWLETT PACKARD ENTERPR WI,42824C109,263000.0,10721,0.0004022250662440214
AXP,AMERICAN EXPRESS,025816109,262000.0,789,0.0004006956933685689
KWEB,KRANESHARES TR CSI CHI INT,500767306,262000.0,6247,0.0004006956933685689
CVCO,CAVCO INDS INC,149568107,262000.0,452,0.0004006956933685689
CB,CHUBB LIMITED,H1467J104,261000.0,923,0.0003991663204931163
T,TELUS CORP,87971M103,261000.0,16569,0.0003991663204931163
BJ,BJS WHOLESALE CLUB HOLDIN,05550J101,261000.0,2798,0.0003991663204931163
AMX,AMERICA MOVIL SAB DE CV,02390A101,261000.0,12450,0.0003991663204931163
AEE,AMEREN CORP,023608102,261000.0,2497,0.0003991663204931163
SMCI,SUPER MICRO COMPUTER,86800U302,260000.0,5421,0.00039763694761766374
AGO,ASSURED GUARANTY LTD,G0585R106,259000.0,3064,0.0003961075747422112
CPB,THE CAMPBELLS COMPANY,134429109,259000.0,8190,0.0003961075747422112
AEE,AMEREN CORP,023608102,259000.0,2479,0.0003961075747422112
RDNT,RADNET INC,750491102,259000.0,3398,0.0003961075747422112
SRE,SEMPRA COM,816851109,259000.0,2880,0.0003961075747422112
IRM,IRON MTN INC,46284V101,258000.0,2530,0.0003945782018667587
AWM,SKYWORKS SOLUTIONS INC,83088M102,258000.0,3345,0.0003945782018667587
TRU,TRANSUNION,89400J107,258000.0,3079,0.0003945782018667587
PTC,PTC INC,69370C100,258000.0,1273,0.0003945782018667587
CR,CRANE CO,224408104,257000.0,1397,0.0003930488289913061
MSI,MOTOROLA SOLUTIONS INC,620076307,257000.0,561,0.0003930488289913061
SYBT,STOCK YARDS BANCORP INC,861025104,257000.0,3665,0.0003930488289913061
BRBR,BELLRING BRANDS INC,07831C103,257000.0,7058,0.0003930488289913061
GIS,GENERAL MILLS INC,370334104,257000.0,5090,0.0003930488289913061
NXPI,NXP SEMICONDUCTORS NV,N6596X109,256000.0,1124,0.00039151945611585353
AXP,AMERICAN EXPRESS,025816109,255000.0,767,0.00038999008324040095
INTU,INTUIT,461202103,255000.0,374,0.00038999008324040095
NEE,NEXTERA ENERGY INC,65339F101,255000.0,3378,0.00038999008324040095
FI,FISERV INC,337738108,254000.0,1970,0.0003884607103649485
APO,APOLLO GLOBAL MANAGEMENT I,03769M106,254000.0,1906,0.0003884607103649485
AON,AON PLC,G0403H108,254000.0,713,0.0003884607103649485
PFE,PFIZER INC,717081103,254000.0,9969,0.0003884607103649485
CRM,SALESFORCE INC,79466L302,254000.0,1070,0.0003884607103649485
JMBS,JANUS HENDERSON MORTGAGE-B,47103U852,253000.0,5549,0.0003869313374894959
TTEK,TETRA TECH INC,88162G103,253000.0,7575,0.0003869313374894959
AIT,APPLIED INDL TECH INC COM,03820C105,253000.0,970,0.0003869313374894959
EQR,EQUITY RESIDENTIAL,29476L107,253000.0,3915,0.0003869313374894959
DG,DOLLAR GENERAL CORP,256677105,253000.0,2450,0.0003869313374894959
TPR,TAPESTRY INC,876030107,253000.0,2236,0.0003869313374894959
CARG,CARGURUS INC,141788109,252000.0,6776,0.0003854019646140433
HQY,HEALTHEQUITY INC,42226A107,252000.0,2658,0.0003854019646140433
HON,HONEYWELL INTL INC,438516106,252000.0,1199,0.0003854019646140433
NOC,NORTHROP GRUMMAN CORP,666807102,252000.0,413,0.0003854019646140433
CDW,CDW CORP/DE,12514G108,251000.0,1575,0.00038387259173859074
BN,BROOKFIELD CORPORATION,11271J107,251000.0,3662,0.00038387259173859074
VMC,VULCAN MATERIALS,929160109,251000.0,816,0.00038387259173859074
TEAM,ATLASSIAN CORP PLC,049468101,251000.0,1569,0.00038387259173859074
LHX,L3 HARRIS TECHNOLOGIES INC,502431109,251000.0,823,0.00038387259173859074
PLNT,PLANET FITNESS INC,72703H101,250000.0,2408,0.0003823432188631383
HYG,I-SHARES IBOXX HY,464288513,250000.0,3081,0.0003823432188631383
FTNT,FORTINET INC,34959E109,250000.0,2975,0.0003823432188631383
AEP,AMERICAN ELECTRIC POWER CO,025537101,250000.0,2220,0.0003823432188631383
SUB,ISHARES SHORT-TERM,464288158,249000.0,2334,0.0003808138459876857
C,CITIGROUP INC,172967424,249000.0,2453,0.0003808138459876857
ELV,ELEVANCE HEALTH INC,036752103,249000.0,772,0.0003808138459876857
GNR,SPDR S&P GL NAT RESOURCES,78463X541,249000.0,4198,0.0003808138459876857
ES,EVERSOURCE ENERGY NPV,30040W108,249000.0,3500,0.0003808138459876857
CTSH,COGNIZANT TECHNLGY,192446102,249000.0,3715,0.0003808138459876857
BIIB,BIOGEN INC,09062X103,249000.0,1776,0.0003808138459876857
CSGP,COSTAR GROUP INC,22160N109,249000.0,2952,0.0003808138459876857
SYK,STRYKER CORP,863667101,248000.0,670,0.0003792844731122331
MCX,MCCORMICK & CO NON VTG,579780206,248000.0,3712,0.0003792844731122331
SPGI,S&P GLOBAL INC.,78409V104,248000.0,510,0.0003792844731122331
AJG,GALLAGER ARTHUR J & CO,363576109,248000.0,801,0.0003792844731122331
CME,CME GROUP INC,12572Q105,248000.0,919,0.0003792844731122331
AMAT,APPLIED MATERIALS,038222105,248000.0,1213,0.0003792844731122331
BSX,BOSTON SCIENTIFIC CORP,101137107,248000.0,2541,0.0003792844731122331
AEP,AMERICAN ELECTRIC POWER CO,025537101,248000.0,2208,0.0003792844731122331
ODFL,OLD DOMINION FREIGHT,679580100,248000.0,1765,0.0003792844731122331
BWXT,BWX TECHNOLOGIES INC,05605H100,247000.0,1338,0.0003777551002367806
SGOV,ISHARES 0-3 MONTH TREASURY,46436E718,247000.0,2455,0.0003777551002367806
MUSA,MURPHY USA INC COM,626755102,247000.0,637,0.0003777551002367806
LHX,L3 HARRIS TECHNOLOGIES INC,502431109,247000.0,808,0.0003777551002367806
LNT,ALLIANT ENERGY CORP,018802108,246000.0,3653,0.000376225727361328
NXRT,NEXPOINT RESIDENTIAL TRUST,65341D102,246000.0,7640,0.000376225727361328
IOT,SAMSARA INC,79589L106,246000.0,6591,0.000376225727361328
UFPI,UFP INDUSTRIES INC,90278Q108,246000.0,2628,0.000376225727361328
VICI,VICI PROPERTIES INC,925652109,246000.0,7550,0.000376225727361328
T,AT&T INC,00206R102,246000.0,8726,0.000376225727361328
UDR,UDR INC,902653104,245000.0,6585,0.0003746963544858755
AMG,AFFILIATED MANAGERS,008252108,245000.0,1027,0.0003746963544858755
CMA,COMERICA INC,200340107,245000.0,3570,0.0003746963544858755
KMI,KINDER MORGAN INC,49456B101,244000.0,8629,0.0003731669816104229
WAT,WATERS CORP,941848103,244000.0,815,0.0003731669816104229
LPLA,LPL FINL HLDGS INC COM,50212V100,244000.0,734,0.0003731669816104229
KTOS,KRATOS DEFENSE & SECURITY,50077B207,243000.0,2656,0.00037163760873497033
ASML,ASML HOLDING NV ADR,N07059210,243000.0,251,0.00037163760873497033
ACN,ACCENTURE PLC CL A,G1151C101,243000.0,984,0.00037163760873497033
BKNG,BOOKING HLDGS INC,09857L108,243000.0,45,0.00037163760873497033
DXCM,DEXCOM INC,252131107,243000.0,3605,0.00037163760873497033
ADM,ARCHER-DANIELS-MIDLAND CO,039483102,242000.0,4043,0.0003701082358595178
TRNO,TERRENO RLTY CORP,88146M101,242000.0,4263,0.0003701082358595178
BMO,BANK OF MONTREAL QUEBEC,063671101,241000.0,1848,0.0003685788629840652
WM,WASTE MANAGEMENT INC NEW,94106L109,241000.0,1091,0.0003685788629840652
VEA,VANGUARD FTSE DEVL ETF,921943858,241000.0,4029,0.0003685788629840652
AVUV,AVANTIS U.S. SMALL CAP VAL,025072877,240000.0,2411,0.0003670494901086127
EEFT,EURONET WORLDWIDE INC,298736109,240000.0,2730,0.0003670494901086127
KO,COCA-COLA COMPANY,191216100,240000.0,3626,0.0003670494901086127
LIN,LINDE PLC,G54950103,240000.0,506,0.0003670494901086127
NFLX,NETFLIX INC,64110L106,240000.0,200,0.0003670494901086127
SYY,SYSCO CORP,871829107,240000.0,2914,0.0003670494901086127
BNS,BANK OF NOVA SCOTIA,064149107,240000.0,3723,0.0003670494901086127
PSP,INVESCO GLOBAL LISTED PRIV,46137V118,240000.0,3483,0.0003670494901086127
AJG,GALLAGER ARTHUR J & CO,363576109,240000.0,776,0.0003670494901086127
CARR,CARRIER GLOBAL CORP,14448C104,239000.0,4009,0.0003655201172331601
R,RYDER SYSTEM INC,783549108,239000.0,1265,0.0003655201172331601
DHR,DANAHER CORP,235851102,239000.0,1206,0.0003655201172331601
SFL,SFL CORP LTD,G7738W106,239000.0,31722,0.0003655201172331601
CARG,CARGURUS INC,141788109,239000.0,6407,0.0003655201172331601
RDNT,RADNET INC,750491102,238000.0,3129,0.0003639907443577076
ESQ,ESQUIRE FINANCIAL HOLDINGS,29667J101,238000.0,2333,0.0003639907443577076
ESI,ELEMENT SOLUTIONS INC,28618M106,238000.0,9457,0.0003639907443577076
PSA,PUBLIC STORAGE INC,74460D109,238000.0,825,0.0003639907443577076
JLL,JONES LANG LASALLE INC COM,48020Q107,238000.0,797,0.0003639907443577076
ESI,ELEMENT SOLUTIONS INC,28618M106,237000.0,9406,0.000362461371482255
HWM,HOWMET AEROSPACE INC,443201108,237000.0,1207,0.000362461371482255
FCX,FREEPORT-MCMORAN INC.,35671D857,237000.0,6030,0.000362461371482255
DAL,DELTA AIR LINES INC DEL,247361702,237000.0,4184,0.000362461371482255
INDB,INDEPENDENT BK CORP MASS,453836108,237000.0,3425,0.000362461371482255
DELL,DELL TECHNOLOGIES INC,24703L202,237000.0,1672,0.000362461371482255
WHR,WHIRLPOOL CORP,963320106,237000.0,3010,0.000362461371482255
PEP,PEPSICO INC,713448108,236000.0,1680,0.0003609319986068025
APP,APPLOVIN CORP,03831W108,236000.0,328,0.0003609319986068025
AZO,AUTOZONE INC,053332102,236000.0,55,0.0003609319986068025
AXON,AXON ENTERPRISE INC,05464C101,236000.0,329,0.0003609319986068025
AIT,APPLIED INDL TECH INC COM,03820C105,236000.0,903,0.0003609319986068025
ROAD,CONSTRUCTION PARTNERS INC,21044C107,236000.0,1856,0.0003609319986068025
BANF,BANCFIRST CORP,05945F103,236000.0,1868,0.0003609319986068025
SBAC,SBA COMMUNICATIONS CORP,78410G104,236000.0,1220,0.0003609319986068025
IQV,IQVIA HOLDINGS INC,46266C105,235000.0,1235,0.0003594026257313499
EXLS,EXLSERVICE HLDGS INC,302081104,235000.0,5326,0.0003594026257313499
MET,METLIFE INC COM,59156R108,235000.0,2858,0.0003594026257313499
TMO,THERMO FISHER SCIENTIFIC,883556102,235000.0,485,0.0003594026257313499
CAG,CONAGRA BRANDS INC,205887102,235000.0,12852,0.0003594026257313499
BALL,BALL CORP,058498106,234000.0,4639,0.0003578732528558974
RMBS,RAMBUS INC,750917106,234000.0,2247,0.0003578732528558974
RIO,RIO TINTO PLC SPON ADR,767204100,234000.0,3545,0.0003578732528558974
WAB,WABTEC CORP,929740108,234000.0,1166,0.0003578732528558974
CCCS,CCC INTELLIGENT SOLUTIONS,12510Q100,233000.0,25527,0.0003563438799804448
HSTM,HEALTHSTREAM INC,42222N103,233000.0,8239,0.0003563438799804448
N/A,CRH PLC,G25508105,233000.0,1945,0.0003563438799804448
EWJ,ISHARES MSCI JAPAN INDX,46434G822,233000.0,2900,0.0003563438799804448
EW,EDWARDS LIFESCIENCES CORP,28176E108,233000.0,3002,0.0003563438799804448
NVR,NVR INC COM,62944T105,233000.0,29,0.0003563438799804448
MANH,MANHATTAN ASSOCIATES INC,562750109,233000.0,1136,0.0003563438799804448
MMM,3M CO,88579Y101,233000.0,1500,0.0003563438799804448
HOOD,ROBINHOOD MARKETS INC,770700102,232000.0,1619,0.0003548145071049923
MCD,MCDONALDS CORP,580135101,232000.0,764,0.0003548145071049923
FEX,FIRST TRUST LARGE CAP CORE,33734K109,232000.0,1984,0.0003548145071049923
PSKY,PARAMOUNT SKYDANCE CORP,69932A204,232000.0,12253,0.0003548145071049923
HQY,HEALTHEQUITY INC,42226A107,232000.0,2445,0.0003548145071049923
SNA,SNAP-ON TOOLS CORP,833034101,232000.0,669,0.0003548145071049923
BA,BOEING COMPANY,097023105,232000.0,1077,0.0003548145071049923
INTC,INTEL CORP,458140100,232000.0,6928,0.0003548145071049923
UMH,UMH PROPERTIES INC,903002103,231000.0,15584,0.0003532851342295397
VMBS,VANGUARD MORTGAGE-BACK SEC,92206C771,231000.0,4909,0.0003532851342295397
GDDY,GODADDY INC,380237107,231000.0,1690,0.0003532851342295397
EFAV,ISHARES MSCI EAFE MIN VOL,46429B689,231000.0,2719,0.0003532851342295397
DORM,DORMAN PRODUCTS,258278100,231000.0,1482,0.0003532851342295397
ACN,ACCENTURE PLC CL A,G1151C101,231000.0,935,0.0003532851342295397
TEL,TE CONNECTIVITY PLC,G87052109,231000.0,1051,0.0003532851342295397
CI,THE CIGNA GROUP,125523100,231000.0,800,0.0003532851342295397
PPL,PPL CORP,69351T106,230000.0,6202,0.0003517557613540871
BX,BLACKSTONE INC,09260D107,230000.0,1344,0.0003517557613540871
TWLO,TWILIO INC,90138F102,230000.0,2300,0.0003517557613540871
BAC,VERIZON COMMUNICATIONS,92343V104,230000.0,5229,0.0003517557613540871
ZBRA,ZEBRA TECHNOLOGIES CP CL A,989207105,230000.0,774,0.0003517557613540871
TRU,TRANSUNION,89400J107,230000.0,2741,0.0003517557613540871
BHP,BHP GROUP LTD ADR,088606108,230000.0,4123,0.0003517557613540871
APPF,APPFOLIO INC A,03783C100,229000.0,829,0.0003502263884786346
TTWO,TAKE-2 INTERACTIVE,874054109,229000.0,886,0.0003502263884786346
RTX,RTX CORPORATION,75513E101,229000.0,1369,0.0003502263884786346
MELI,MERCADOLIBRE INC,58733R102,229000.0,98,0.0003502263884786346
CSX,CSX CORP,126408103,229000.0,6458,0.0003502263884786346
UL,UNILEVER PLC ADR NEW,904767704,229000.0,3866,0.0003502263884786346
EXR,EXTRA SPACE STORAGE INC,30225T102,228000.0,1615,0.000348697015603182
HIG,HARTFORD INS GROUP INC,416515104,228000.0,1710,0.000348697015603182
CXT,CRANE NXT CO,224441105,228000.0,3403,0.000348697015603182
OKE,ONEOK CORP INC NEW,682680103,228000.0,3119,0.000348697015603182
DLTR,DOLLAR TREE INC,256746108,228000.0,2414,0.000348697015603182
MSI,MOTOROLA SOLUTIONS INC,620076307,228000.0,498,0.000348697015603182
MUB,ISHARES NATL MUNI BD ETF,464288414,227000.0,2135,0.0003471676427277295
DEO,DIAGEO PLC ADR NEW,25243Q205,227000.0,2377,0.0003471676427277295
RNR,RENAISSNCE RE HLDGS LTD,G7496G103,227000.0,892,0.0003471676427277295
ON1,OLD NATIONAL BANCORP IND,680033107,227000.0,10338,0.0003471676427277295
FIS,FIDELITY NATL INFO SVCS,31620M106,227000.0,3436,0.0003471676427277295
BEP,BROOKFIELD RENEW PRTS,G16258108,227000.0,8790,0.0003471676427277295
IT,GARTNER INC CL A,366651107,227000.0,865,0.0003471676427277295
VCYT,VERACYTE INC,92337F107,227000.0,6615,0.0003471676427277295
AMT,AMERICAN TOWER CORP,03027X100,227000.0,1182,0.0003471676427277295
ISRG,INTUITIVE SURGICAL,46120E602,227000.0,508,0.0003471676427277295
TGT,TARGET CORP,87612E106,226000.0,2523,0.0003456382698522769
TAP,MOLSON COORS BEVERAGE COMP,60871R209,226000.0,4987,0.0003456382698522769
MPWR,MONOLITHIC PWR SYS INC,609839105,226000.0,246,0.0003456382698522769
WDC,WESTERN DIGITAL CORP,958102105,226000.0,1879,0.0003456382698522769
EQT,EQT CORP,26884L109,226000.0,4153,0.0003456382698522769
RLI,RLI CORP,749607107,225000.0,3450,0.0003441088969768244
D,DOMINION ENERGY INC,25746U109,225000.0,3674,0.0003441088969768244
BMY,BRISTOL-MYERS SQUIBB CO,110122108,225000.0,4978,0.0003441088969768244
VRRM,VERRA MOBILITY CORP,92511U102,225000.0,9092,0.0003441088969768244
CPT,CAMDEN PPTY TR SBI,133131102,224000.0,2099,0.00034257952410137187
TMO,THERMO FISHER SCIENTIFIC,883556102,224000.0,461,0.00034257952410137187
VLUE,ISHARES MSCI USA VALUE,46432F388,224000.0,1792,0.00034257952410137187
GSK,GSK PLC ADR,37733W204,224000.0,5200,0.00034257952410137187
CPAY,CORPAY INC,219948106,224000.0,777,0.00034257952410137187
ETN,EATON CORP PLC,G29183103,224000.0,599,0.00034257952410137187
PBR/A,PETROL BRAS PTRBRAS ADR,71654V101,223000.0,18901,0.0003410501512259193
MOG/A,MOOG A,615394202,223000.0,1074,0.0003410501512259193
BELFB,BEL FUSE INC CL B,077347300,223000.0,1579,0.0003410501512259193
ROAD,CONSTRUCTION PARTNERS INC,21044C107,223000.0,1758,0.0003410501512259193
BMRN,BIOMARIN PHARMACEUTICAL,09061G101,223000.0,4115,0.0003410501512259193
NOW,SERVICENOW INC,81762P102,223000.0,242,0.0003410501512259193
MTUM,ISHARES MSCI USA MOMENTUM,46432F396,223000.0,870,0.0003410501512259193
PRGO,PERRIGO CO LTD,G97822103,222000.0,9964,0.00033952077835046676
PLTK,PLAYTIKA HOLDING CORP,72815L107,222000.0,57130,0.00033952077835046676
DOW,DOW INC,260557103,222000.0,9672,0.00033952077835046676
ADI,ANALOG DEVICES,032654105,222000.0,904,0.00033952077835046676
QTWO,Q2 HLDGS INC,74736L109,222000.0,3061,0.00033952077835046676
CF,CF-INDUSTRIES HOLDINGS,125269100,222000.0,2472,0.00033952077835046676
TTE,TOTALENERGIES SE ADR,89151E109,222000.0,3723,0.00033952077835046676
HDB,HDFC BANK LTD ADR REPS3,40415F101,221000.0,6480,0.0003379914054750142
RBC,RBC BEARING INC COM,75524B104,221000.0,565,0.0003379914054750142
HWC,HANCOCK WHITNEY CORP,410120109,221000.0,3528,0.0003379914054750142
TRNS,TRANSCAT INC,893529107,221000.0,3025,0.0003379914054750142
APD,AIR PRODUCTS & CHEMICALS,009158106,220000.0,805,0.00033646203259956166
RHP,RYMAN HOSPITALTY PPTYS INC,78377T107,220000.0,2454,0.00033646203259956166
SRE,SEMPRA COM,816851109,220000.0,2446,0.00033646203259956166
TYL,TYLER TECHNOLOGIES INC,902252105,220000.0,420,0.00033646203259956166
AEE,AMEREN CORP,023608102,220000.0,2104,0.00033646203259956166
SPGI,S&P GLOBAL INC.,78409V104,219000.0,450,0.0003349326597241091
CHD,CHURCH & DWIGHT INC,171340102,219000.0,2497,0.0003349326597241091
RYAAY,RYANAIR HLDGS PLC ADR,783513203,219000.0,3644,0.0003349326597241091
RYAAY,RYANAIR HLDGS PLC ADR,783513203,219000.0,3631,0.0003349326597241091
CMA,COMERICA INC,200340107,218000.0,3180,0.00033340328684865656
NWSA,NEWS CORP NEW,65249B109,218000.0,7088,0.00033340328684865656
TRNO,TERRENO RLTY CORP,88146M101,218000.0,3833,0.00033340328684865656
HPE,HEWLETT PACKARD ENTERPR WI,42824C109,218000.0,8887,0.00033340328684865656
FTNT,FORTINET INC,34959E109,217000.0,2576,0.000331873913973204
BSY,BENTLEY SYSTEMS INC,08265T208,217000.0,4223,0.000331873913973204
BSX,BOSTON SCIENTIFIC CORP,101137107,217000.0,2224,0.000331873913973204
GATX,GATX CORP,361448103,217000.0,1241,0.000331873913973204
CGGR,CAPITAL GROUP GROWTH ETF,14020G101,217000.0,4935,0.000331873913973204
ON,ON-SEMICONDUCTOR CORP,682189105,217000.0,4406,0.000331873913973204
AJG,GALLAGER ARTHUR J & CO,363576109,217000.0,700,0.000331873913973204
RHI,ROBERT HALF INC,770323103,217000.0,6380,0.000331873913973204
FITB,FIFTH THIRD BANCORP,316773100,217000.0,4882,0.000331873913973204
BKNG,BOOKING HLDGS INC,09857L108,216000.0,40,0.00033034454109775145
IT,GARTNER INC CL A,366651107,216000.0,820,0.00033034454109775145
HUBB,HUBBELL INC,443510607,216000.0,503,0.00033034454109775145
TCBI,TEXAS CAPITAL BANCSHARES,88224Q107,215000.0,2545,0.00032881516822229887
RVMD,REVOLUTION MEDICINES INC,76155X100,215000.0,4613,0.00032881516822229887
CAVA,CAVA GROUP INC,148929102,215000.0,3560,0.00032881516822229887
DUK,DUKE ENERGY HLDG CORP,26441C204,215000.0,1737,0.00032881516822229887
UAN,CVR PARTNERS LP,126633205,214000.0,2377,0.00032728579534684635
VBR,VANGUARD SMALL CAP VALUE,922908611,214000.0,1024,0.00032728579534684635
EXLS,EXLSERVICE HLDGS INC,302081104,214000.0,4868,0.00032728579534684635
COP,CONOCOPHILLIPS,20825C104,214000.0,2266,0.00032728579534684635
EL,ESTEE LAUDER COS INC CL A,518439104,214000.0,2431,0.00032728579534684635
TTWO,TAKE-2 INTERACTIVE,874054109,214000.0,829,0.00032728579534684635
AEP,AMERICAN ELECTRIC POWER CO,025537101,214000.0,1905,0.00032728579534684635
IBN,ICICI BANK LTD ADR,45104G104,214000.0,7086,0.00032728579534684635
BLDR,BUILDERS FIRSTSOURCE INC,12008R107,214000.0,1766,0.00032728579534684635
SSB,SOUTHSTATE CORP NPV,84472E102,214000.0,2165,0.00032728579534684635
IUSG,ISHARES CORE S&P GROWTH,464287671,214000.0,1300,0.00032728579534684635
PEO,EXELON CORP,30161N101,213000.0,4732,0.00032575642247139377
RTX,RTX CORPORATION,75513E101,213000.0,1272,0.00032575642247139377
INTC,INTEL CORP,458140100,213000.0,6334,0.00032575642247139377
NOC,NORTHROP GRUMMAN CORP,666807102,213000.0,350,0.00032575642247139377
CADE,CADENCE BANK,12740C103,212000.0,5649,0.00032422704959594124
CCEP,COCA COLA EUROPAC PART PLC,G25839104,212000.0,2340,0.00032422704959594124
ESI,ELEMENT SOLUTIONS INC,28618M106,212000.0,8426,0.00032422704959594124
DFAC,DIMENSIONAL US CORE EQUITY,25434V708,212000.0,5498,0.00032422704959594124
ROAD,CONSTRUCTION PARTNERS INC,21044C107,212000.0,1668,0.00032422704959594124
SWK,STANLEY BLACK & DECKER INC,854502101,212000.0,2854,0.00032422704959594124
VLTO,VERALTO CORP,92338C103,212000.0,1988,0.00032422704959594124
GAM,GENERAL AMERN INVS INC,368802104,212000.0,3410,0.00032422704959594124
HSY,THE HERSHEY COMPANY,427866108,212000.0,1131,0.00032422704959594124
PLTR,PALANTIR TECHNOLOGIES INC,69608A108,212000.0,1164,0.00032422704959594124
GS,GOLDMAN SACHS GROUP,38141G104,211000.0,265,0.00032269767672048866
URI,UNITED RENTALS INC,911363109,211000.0,221,0.00032269767672048866
IRM,IRON MTN INC,46284V101,211000.0,2066,0.00032269767672048866
SPYG,SPDR S&P 500 GROWTH ETF,78464A409,211000.0,2021,0.00032269767672048866
CNP,CENTERPOINT ENERGY INC,15189T107,211000.0,5437,0.00032269767672048866
TD,TORONTO-DOMINION,891160509,210000.0,2630,0.00032116830384503614
DWD,MORGAN STANLEY GRP INC,617446448,210000.0,1322,0.00032116830384503614
CME,CME GROUP INC,12572Q105,210000.0,776,0.00032116830384503614
WEC,WEC ENERGY GROUP INC,92939U106,210000.0,1836,0.00032116830384503614
AORT,CRYOLIFE INC,228903100,210000.0,4950,0.00032116830384503614
PTGX,PROTAGONIST THERAPEUTICS I,74366E102,210000.0,3165,0.00032116830384503614
NXT,NEXTRACKER INC,65290E101,210000.0,2843,0.00032116830384503614
LNW,LIGHT & WONDER INC.,80874P109,209000.0,2488,0.00031963893096958356
ERJ,EMBRAER SA ADR,29082A107,209000.0,3458,0.00031963893096958356
PFE,PFIZER INC,717081103,209000.0,8206,0.00031963893096958356
KKR,KKR & CO INC,48251W104,209000.0,1612,0.00031963893096958356
ILMN,ILLUMINA INC,452327109,209000.0,2197,0.00031963893096958356
SPSC,SPS COMMERCE INC,78463M107,209000.0,2011,0.00031963893096958356
DVN,DEVON ENERGY CORP,25179M103,209000.0,5947,0.00031963893096958356
IR,INGERSOLL RAND INC,45687V106,209000.0,2527,0.00031963893096958356
SEIC,SEI INVESTMENTS,784117103,209000.0,2460,0.00031963893096958356
PEP,PEPSICO INC,713448108,208000.0,1481,0.00031810955809413104
HSY,THE HERSHEY COMPANY,427866108,208000.0,1112,0.00031810955809413104
ON1,OLD NATIONAL BANCORP IND,680033107,208000.0,9462,0.00031810955809413104
PCG,PG & E CORP,69331C108,208000.0,13781,0.00031810955809413104
DHR,DANAHER CORP,235851102,208000.0,1048,0.00031810955809413104
IYW,ISHARES US TECHNOLOGY ETF,464287721,207000.0,1056,0.00031658018521867846
A4S,AMERIPRISE FINANCIAL INC,03076C106,207000.0,422,0.00031658018521867846
ERIE,ERIE INDEMNITY CO CL A,29530P102,207000.0,650,0.00031658018521867846
HLT,HILTON WORLDWIDE HOLDINGS,43300A203,206000.0,793,0.0003150508123432259
ESNT,ESSENT GROUP LTD,G3198U102,206000.0,3241,0.0003150508123432259
LHX,L3 HARRIS TECHNOLOGIES INC,502431109,206000.0,676,0.0003150508123432259
VRRM,VERRA MOBILITY CORP,92511U102,206000.0,8339,0.0003150508123432259
DORM,DORMAN PRODUCTS,258278100,206000.0,1324,0.0003150508123432259
ATO,ATMOS ENERGY CORP,049560105,206000.0,1206,0.0003150508123432259
DRI,DARDEN RESTAURANTS,237194105,206000.0,1080,0.0003150508123432259
RBC,RBC BEARING INC COM,75524B104,205000.0,524,0.00031352143946777335
KBIA,KB FINL GROUP INC ADR,48241A105,205000.0,2472,0.00031352143946777335
3TY,TITAN MACHINERY IN,88830R101,205000.0,12273,0.00031352143946777335
AIZ,ASSURANT INC,04621X108,205000.0,948,0.00031352143946777335
KEY,KEYCORP NEW,493267108,205000.0,10977,0.00031352143946777335
LECO,LINCOLN ELEC HLDG,533900106,205000.0,868,0.00031352143946777335
REGN,REGENERON PHARMACEUTICALS,75886F107,205000.0,365,0.00031352143946777335
CXT,CRANE NXT CO,224441105,204000.0,3047,0.0003119920665923208
UNP,UNION PACIFIC CORP,907818108,204000.0,863,0.0003119920665923208
HON,HONEYWELL INTL INC,438516106,204000.0,969,0.0003119920665923208
STAG,STAG INDUSTRIAL INC,85254J102,203000.0,5742,0.00031046269371686825
SHEL,SHELL PLC ADR,780259305,203000.0,2835,0.00031046269371686825
BP,BP PLC ADR,055622104,203000.0,5881,0.00031046269371686825
FBIN,FORTUNE BRANDS INNOVATIONS,34964C106,203000.0,3800,0.00031046269371686825
HQY,HEALTHEQUITY INC,42226A107,203000.0,2142,0.00031046269371686825
OXY,OCCIDENTAL PETROLEUM,674599105,203000.0,4289,0.00031046269371686825
CBRE,CBRE GROUP INC,12504L109,203000.0,1289,0.00031046269371686825
CL,COLGATE-PALMOLIVE CO,194162103,203000.0,2537,0.00031046269371686825
FOXA,FOX CORP,35137L105,202000.0,3210,0.00030893332084141567
CL,COLGATE-PALMOLIVE CO,194162103,202000.0,2528,0.00030893332084141567
BXP,BXP INC,101121101,202000.0,2712,0.00030893332084141567
HWC,HANCOCK WHITNEY CORP,410120109,202000.0,3227,0.00030893332084141567
VGT,VANGUARD INFO TECH,92204A702,202000.0,271,0.00030893332084141567
HCA,HCA HEALTHCARE INC,40412C101,201000.0,471,0.00030740394796596314
SON,SONOCO PRODUCTS,835495102,201000.0,4673,0.00030740394796596314
BMI,BADGER METER INC,056525108,201000.0,1126,0.00030740394796596314
MKSI,MKS INC,55306N104,201000.0,1625,0.00030740394796596314
SU,SUNCOR ENERGY NEW,867224107,201000.0,4803,0.00030740394796596314
COP,CONOCOPHILLIPS,20825C104,201000.0,2121,0.00030740394796596314
T,AT&T INC,00206R102,201000.0,7101,0.00030740394796596314
CTVA,CORTEVA INC,22052L104,200000.0,2957,0.00030587457509051056
SSD,SIMPSON MFG,829073105,200000.0,1192,0.00030587457509051056
RHP,RYMAN HOSPITALTY PPTYS INC,78377T107,200000.0,2232,0.00030587457509051056
ROK,ROCKWELL AUTOMATION INC,773903109,200000.0,572,0.00030587457509051056
ISRG,INTUITIVE SURGICAL,46120E602,200000.0,448,0.00030587457509051056
FMF,FORM FACTOR INC,346375108,200000.0,5486,0.00030587457509051056
BELFB,BEL FUSE INC CL B,077347300,200000.0,1418,0.00030587457509051056
SHW,SHERWIN-WILLIAMS CO,824348106,199000.0,576,0.00030434520221505804
ADM,ARCHER-DANIELS-MIDLAND CO,039483102,199000.0,3323,0.00030434520221505804
QTWO,Q2 HLDGS INC,74736L109,199000.0,2745,0.00030434520221505804
PLTR,PALANTIR TECHNOLOGIES INC,69608A108,199000.0,1090,0.00030434520221505804
TSN,TYSON FOODS,902494103,199000.0,3665,0.00030434520221505804
NI,NISOURCE INC,65473P105,199000.0,4589,0.00030434520221505804
CGDV,CAPITAL GROUP DIVIDEND VAL,14020W106,199000.0,4734,0.00030434520221505804
CADE,CADENCE BANK,12740C103,198000.0,5263,0.00030281582933960546
HLNE,HAMILTON LANE INC,407497106,198000.0,1466,0.00030281582933960546
HUBB,HUBBELL INC,443510607,198000.0,459,0.00030281582933960546
GLW,CORNING INC,219350105,198000.0,2414,0.00030281582933960546
SXT,SENSIENT TECHNOLOGIES CORP,81725T100,198000.0,2109,0.00030281582933960546
TRI,THOMSON REUTERS CORP,884903808,198000.0,1277,0.00030281582933960546
OHI,OMEGA HLTH CARE INVESTORS,681936100,198000.0,4678,0.00030281582933960546
SSB,SOUTHSTATE CORP NPV,84472E102,197000.0,1991,0.00030128645646415294
XLF,FINANCIAL SELECT SECT SPDR,81369Y605,197000.0,3657,0.00030128645646415294
TCBI,TEXAS CAPITAL BANCSHARES,88224Q107,197000.0,2333,0.00030128645646415294
FAF,FIRST AMERICAN FINAN CORP,31847R102,197000.0,3070,0.00030128645646415294
RIOT,RIOT PLATFORMS INC,767292105,197000.0,10350,0.00030128645646415294
ABCB,AMERIS BANCORP,03076K108,197000.0,2681,0.00030128645646415294
IHDG,WISDOMTREE INTERNATIONAL H,97717X594,197000.0,4274,0.00030128645646415294
JXI,ISHARES TR S&P GL UTILS,464288711,197000.0,2542,0.00030128645646415294
CEG,CONSTELLATION ENERGY CORP,21037T109,197000.0,599,0.00030128645646415294
IWD,ISHARES TR RUSSELL 1000VAL,464287598,197000.0,970,0.00030128645646415294
PIPR,PIPER SANDLER COMPANIES,724078100,197000.0,568,0.00030128645646415294
DSGX,DESCARTES SYSTEMS GRP,249906108,196000.0,2076,0.00029975708358870036
HDB,HDFC BANK LTD ADR REPS3,40415F101,196000.0,5726,0.00029975708358870036
DG,DOLLAR GENERAL CORP,256677105,196000.0,1894,0.00029975708358870036
USLM,US LIME & MINERALS INC,911922102,196000.0,1490,0.00029975708358870036
HLT,HILTON WORLDWIDE HOLDINGS,43300A203,196000.0,757,0.00029975708358870036
SUB,ISHARES SHORT-TERM,464288158,195000.0,1825,0.00029822771071324783
CCEP,COCA COLA EUROPAC PART PLC,G25839104,195000.0,2162,0.00029822771071324783
WAB,WABTEC CORP,929740108,195000.0,972,0.00029822771071324783
QCOM,QUALCOMM INC,747525103,195000.0,1171,0.00029822771071324783
QUAL,ISHARES MSCI USA QUALITY,46432F339,195000.0,1000,0.00029822771071324783
MDT,MEDTRONIC PLC,G5960L103,195000.0,2049,0.00029822771071324783
AZN,ASTRAZENECA PLC SPON ADR,046353108,195000.0,2541,0.00029822771071324783
DG,DOLLAR GENERAL CORP,256677105,195000.0,1888,0.00029822771071324783
FELE,FRANKLIN ELECTRIC CO,353514102,194000.0,2036,0.00029669833783779525
AZN,ASTRAZENECA PLC SPON ADR,046353108,194000.0,2529,0.00029669833783779525
IBM,INTERNATIONAL BUS MACHINES,459200101,194000.0,686,0.00029669833783779525
CASH,META FINANCIAL GROUP INC,59100U108,194000.0,2625,0.00029669833783779525
BA,BOEING COMPANY,097023105,193000.0,894,0.0002951689649623427
ONON,ON HOLDING AG,H5919C104,193000.0,4547,0.0002951689649623427
APO,APOLLO GLOBAL MANAGEMENT I,03769M106,192000.0,1441,0.00029363959208689015
AMSF,AMERISAFE INC,03071H100,192000.0,4370,0.00029363959208689015
KRG,KITE RLTY GROUP TR COM NEW,49803T300,191000.0,8556,0.00029211021921143757
VB,VANGUARD SMALL CAP,922908751,191000.0,750,0.00029211021921143757
IJJ,ISHARES TR S&P MIDCP VALU,464287705,191000.0,1470,0.00029211021921143757
YUM,YUM BRANDS INC,988498101,191000.0,1256,0.00029211021921143757
DASH,DOORDASH INC,25809K105,191000.0,704,0.00029211021921143757
SNY,SANOFI - ADR,80105N105,190000.0,4022,0.00029058084633598504
PAYC,PAYCOM SOFTWARE INC,70432V102,190000.0,912,0.00029058084633598504
TDY,TELEDYNE TECHNOLOGIES INC,879360105,190000.0,325,0.00029058084633598504
TXRH,TEXAS ROADHOUSE INC,882681109,190000.0,1145,0.00029058084633598504
ESNT,ESSENT GROUP LTD,G3198U102,190000.0,2985,0.00029058084633598504
IBP,INSTALLED BUILDING PRODUCT,45780R101,189000.0,766,0.00028905147346053247
AVB,AVALONBAY COMMUNITIES INC,053484101,189000.0,978,0.00028905147346053247
CNQ,CDN NATURAL RES LTD,136385101,189000.0,5930,0.00028905147346053247
ONTO,ONTO INNOVATION INC,683344105,188000.0,1455,0.00028752210058507994
DVN,DEVON ENERGY CORP,25179M103,188000.0,5350,0.00028752210058507994
CDNS,CADENCE DESIGN SYSTEMS INC,127387108,188000.0,534,0.00028752210058507994
RWR,SPDR SER TR DJWS REIT ETF,78464A607,188000.0,1870,0.00028752210058507994
CHTR,CHARTER COMMUNICATIONS INC,16119P108,188000.0,684,0.00028752210058507994
MKSI,MKS INC,55306N104,188000.0,1518,0.00028752210058507994
WH,WYNDHAM HOTELS & RESORTS,98311A105,187000.0,2346,0.00028599272770962736
PWR,QUANTA SERVICES INC,74762E102,187000.0,452,0.00028599272770962736
TTWO,TAKE-2 INTERACTIVE,874054109,187000.0,722,0.00028599272770962736
AESI,ATLAS ENERGY SOLUTIONS INC,642045108,187000.0,16456,0.00028599272770962736
REG,REGENCY CTRS CORP,758849103,187000.0,2560,0.00028599272770962736
SHW,SHERWIN-WILLIAMS CO,824348106,187000.0,539,0.00028599272770962736
ULTA,ULTA BEAUTY INC,90384S303,186000.0,341,0.00028446335483417484
PLD,PROLOGIS INC,74340W103,185000.0,1619,0.00028293398195872226
BV,BRIGHTVIEW HOLDINGS INC,10948C107,185000.0,13799,0.00028293398195872226
STAG,STAG INDUSTRIAL INC,85254J102,185000.0,5235,0.00028293398195872226
BAC,VERIZON COMMUNICATIONS,92343V104,184000.0,4194,0.00028140460908326973
E,ENI S.P.A. ADR,26874R108,184000.0,5278,0.00028140460908326973
N/A,STEVANATO GROUP SPA,T9224W109,184000.0,7140,0.00028140460908326973
SSD,SIMPSON MFG,829073105,184000.0,1099,0.00028140460908326973
ORCL,ORACLE CORP,68389X105,184000.0,655,0.00028140460908326973
UNM,UNUM GROUP,91529Y106,184000.0,2362,0.00028140460908326973
UNH,UNITEDHEALTH GROUP INC,91324P102,184000.0,533,0.00028140460908326973
RACE,FERRARI NV,N3167Y103,184000.0,379,0.00028140460908326973
FMF,FORM FACTOR INC,346375108,183000.0,5012,0.00027987523620781715
OTIS,OTIS WORLDWIDE CORP,68902V107,183000.0,2002,0.00027987523620781715
BMI,BADGER METER INC,056525108,183000.0,1026,0.00027987523620781715
R,RYDER SYSTEM INC,783549108,183000.0,970,0.00027987523620781715
ABT,ABBOTT LABORATORIES,002824100,183000.0,1363,0.00027987523620781715
IBM,INTERNATIONAL BUS MACHINES,459200101,183000.0,649,0.00027987523620781715
CAT,CATERPILLAR INC,149123101,183000.0,384,0.00027987523620781715
IXJ,ISHARES TR S&P GBL HLTHCR,464287325,183000.0,2068,0.00027987523620781715
TENB,TENABLE HOLDINGS INC,88025T102,183000.0,6280,0.00027987523620781715
TROW,T ROWE PRICE GROUP INC,74144T108,182000.0,1769,0.00027834586333236463
TEAM,ATLASSIAN CORP PLC,049468101,182000.0,1140,0.00027834586333236463
TRP,TC ENERGY CORP NPV,87807B107,182000.0,3348,0.00027834586333236463
AOS,SMITH A O CORP,831865209,182000.0,2482,0.00027834586333236463
EIX,EDISON INTERNATIONAL,281020107,181000.0,3275,0.0002768164904569121
ABCB,AMERIS BANCORP,03076K108,181000.0,2475,0.0002768164904569121
LULU,LULULEMON ATHLETICA INC,550021109,181000.0,1015,0.0002768164904569121
GEV,GE VERNOVA LLC,36828A101,181000.0,294,0.0002768164904569121
ASML,ASML HOLDING NV ADR,N07059210,181000.0,187,0.0002768164904569121
BF/B,BROWN FORMAN CORP CL B,115637209,181000.0,6685,0.0002768164904569121
TXRH,TEXAS ROADHOUSE INC,882681109,180000.0,1085,0.0002752871175814595
CPAY,CORPAY INC,219948106,180000.0,626,0.0002752871175814595
FIX,COMFORT SYSTEMS USA INC,199908104,180000.0,218,0.0002752871175814595
DPZ,DOMINOS PIZZA,25754A201,180000.0,417,0.0002752871175814595
RTX,RTX CORPORATION,75513E101,180000.0,1073,0.0002752871175814595
PNR,PENTAIR PLC,G7S00T104,180000.0,1622,0.0002752871175814595
TGNA,TEGNA INC.,87901J105,179000.0,8804,0.000273757744706007
GGG,GRACO INC,384109104,179000.0,2102,0.000273757744706007
IBP,INSTALLED BUILDING PRODUCT,45780R101,179000.0,724,0.000273757744706007
SPY,S&P 500 DEP RCPTS,78462F103,179000.0,268,0.000273757744706007
INTU,INTUIT,461202103,178000.0,261,0.0002722283718305544
GIB/A,CGI INC,12532H104,178000.0,1996,0.0002722283718305544
AES,AES CORP,00130H105,178000.0,13545,0.0002722283718305544
HLNE,HAMILTON LANE INC,407497106,178000.0,1317,0.0002722283718305544
CMS,CMS ENERGY CORP,125896100,178000.0,2429,0.0002722283718305544
GEV,GE VERNOVA LLC,36828A101,178000.0,290,0.0002722283718305544
ENTG,ENTEGRIS INC,29362U104,178000.0,1929,0.0002722283718305544
SPXC,SPX TECHNOLOGIES INC,78473E103,178000.0,955,0.0002722283718305544
STRV,STRIVE 500 ETF,02072L680,178000.0,4118,0.0002722283718305544
FAST,FASTENAL INC COM,311900104,177000.0,3616,0.0002706989989551019
NFLX,NETFLIX INC,64110L106,177000.0,148,0.0002706989989551019
HBAN,HUNTINGTON BANCSHARES INC,446150104,177000.0,10268,0.0002706989989551019
XMMO,INVESCO S&P MIDCAP MOMENTU,46137V464,177000.0,1312,0.0002706989989551019
CENTA,CENTRAL GARDEN & PET CL A,153527205,177000.0,5986,0.0002706989989551019
TTEK,TETRA TECH INC,88162G103,177000.0,5308,0.0002706989989551019
HOOD,ROBINHOOD MARKETS INC,770700102,177000.0,1234,0.0002706989989551019
PBR,PETROLEO BRASILEIRO ADR,71654V408,176000.0,13900,0.0002691696260796493
STE,STERIS PLC,G8473T100,176000.0,713,0.0002691696260796493
NDAQ,NASDAQ INC.,631103108,176000.0,1995,0.0002691696260796493
PCOR,PROCORE TECHNOLOGIES INC,74275K108,176000.0,2415,0.0002691696260796493
FIX,COMFORT SYSTEMS USA INC,199908104,176000.0,213,0.0002691696260796493
DDOG,DATADOG INC,23804L103,176000.0,1233,0.0002691696260796493
SPG,SIMON PROP GROUP,828806109,176000.0,939,0.0002691696260796493
STZ,CONSTELLATION BRANDS CL A,21036P108,175000.0,1302,0.0002676402532041968
DSGX,DESCARTES SYSTEMS GRP,249906108,175000.0,1857,0.0002676402532041968
IWY,ISHARES RUSSELL TOP 200 GR,464289438,175000.0,641,0.0002676402532041968
TXN,TEXAS INSTRUMENTS INC,882508104,175000.0,951,0.0002676402532041968
MDY,SPDR S&P MIDCAP 400 ETF TR,78467Y107,175000.0,294,0.0002676402532041968
IP,INTERNATIONAL PAPER,460146103,175000.0,3779,0.0002676402532041968
VCEL,VERICEL CORP,92346J108,174000.0,5515,0.0002661108803287442
SU,SUNCOR ENERGY INC NEW,867224107,174000.0,4157,0.0002661108803287442
SONY,SONY GROUP CORP ADR,835699307,174000.0,6032,0.0002661108803287442
RMD,RESMED INC,761152107,174000.0,635,0.0002661108803287442
BP,BP PLC ADR,055622104,174000.0,5045,0.0002661108803287442
CLH,CLEAN HARBORS INC,184496107,174000.0,750,0.0002661108803287442
TLK,TELEKOMUNIKASI INDO ADR,715684106,174000.0,9251,0.0002661108803287442
JJSF,J AND J SNACK FOODS CORP,466032109,174000.0,1812,0.0002661108803287442
SRE,SEMPRA COM,816851109,174000.0,1938,0.0002661108803287442
BFAM,BRIGHT HORIZONS FAMILY,109194100,174000.0,1601,0.0002661108803287442
CMCSA,COMCAST CORP CL A NEW,20030N101,173000.0,5512,0.0002645815074532917
SNPS,SYNOPSYS INC,871607107,173000.0,350,0.0002645815074532917
CWAN,CLEARWATER ANALYTICS HOLDI,185123106,173000.0,9575,0.0002645815074532917
BEN,FRANKLIN RES INC,354613101,173000.0,7471,0.0002645815074532917
AMGN,AMGEN INC,031162100,173000.0,612,0.0002645815074532917
ONTO,ONTO INNOVATION INC,683344105,173000.0,1340,0.0002645815074532917
HLT,HILTON WORLDWIDE HOLDINGS,43300A203,173000.0,665,0.0002645815074532917
TDG,TRANSDIGM GROUP INC COM,893641100,173000.0,131,0.0002645815074532917
SEIC,SEI INVESTMENTS,784117103,173000.0,2044,0.0002645815074532917
UBS,UBS GROUP AG,H42097107,172000.0,4203,0.0002630521345778391
ORLY,OREILLY AUTO INC NEW,67103H107,172000.0,1599,0.0002630521345778391
DGX,QUEST DIAGNOSTICS INC,74834L100,172000.0,903,0.0002630521345778391
TT,TRANE TECHNOLOGIES PLC,G8994E103,172000.0,408,0.0002630521345778391
SIBN,SI-BONE INC,825704109,172000.0,11660,0.0002630521345778391
INSP,INSPIRE MEDICAL SYSTEMS IN,457730109,171000.0,2306,0.0002615227617023866
NRG,NRG ENERGY INC,629377508,171000.0,1055,0.0002615227617023866
JBTM,JBT MAREL CORPORATION,477839104,171000.0,1215,0.0002615227617023866
AMT,AMERICAN TOWER CORP,03027X100,170000.0,883,0.000259993388826934
VICI,VICI PROPERTIES INC,925652109,170000.0,5199,0.000259993388826934
DXCM,DEXCOM INC,252131107,170000.0,2525,0.000259993388826934
GKOS,GLAUKOS CORP COM,377322102,170000.0,2085,0.000259993388826934
BX,BLACKSTONE INC,09260D107,170000.0,995,0.000259993388826934
MRK,MERCK & CO INC NEW,58933Y105,170000.0,2023,0.000259993388826934
CBOE,CBOE GLOBAL MARKETS INC,12503M108,170000.0,695,0.000259993388826934
SBUX,STARBUCKS CORP,855244109,170000.0,2006,0.000259993388826934
IBN,ICICI BANK LTD ADR,45104G104,170000.0,5625,0.000259993388826934
IBOC,INTERNATIONAL BANCSHARES C,459044103,169000.0,2462,0.0002584640159514814
CNC,CENTENE CORP,15135B101,169000.0,4728,0.0002584640159514814
APO,APOLLO GLOBAL MANAGEMENT I,03769M106,169000.0,1269,0.0002584640159514814
MRUS,MERUS NV,N5749R100,169000.0,1790,0.0002584640159514814
DUOL,DUOLINGO INC,26603R106,169000.0,525,0.0002584640159514814
VT,VANGUARD TOT WORLD STK,922042742,169000.0,1230,0.0002584640159514814
ROL,ROLLINS INC,775711104,169000.0,2870,0.0002584640159514814
XOM,EXXON MOBIL CORP,30231G102,169000.0,1495,0.0002584640159514814
ADP,AUTOMATIC DATA PROCESSING,053015103,169000.0,575,0.0002584640159514814
KVUE,KENVUE INC,49177J102,169000.0,10405,0.0002584640159514814
CSL,CARLISLE COS,142339100,169000.0,515,0.0002584640159514814
ARE,ALEXANDRIA REAL EST EQ INC,015271109,168000.0,2013,0.0002569346430760289
HOOD,ROBINHOOD MARKETS INC,770700102,168000.0,1170,0.0002569346430760289
N/A,AUMOVIO SE NPV,D0R9B8108,168000.0,4091,0.0002569346430760289
EXR,EXTRA SPACE STORAGE INC,30225T102,168000.0,1193,0.0002569346430760289
EWBC,EAST WEST BANCORP INC,27579R104,168000.0,1582,0.0002569346430760289
DOW,DOW INC,260557103,168000.0,7339,0.0002569346430760289
ADP,AUTOMATIC DATA PROCESSING,053015103,167000.0,568,0.0002554052702005763
LW,LAMB WESTON HOLDINGS INC,513272104,167000.0,2877,0.0002554052702005763
KEYS,KEYSIGHT TECHNOLOGIES INC,49338L103,167000.0,957,0.0002554052702005763
AZZ,AZZ INC,002474104,167000.0,1527,0.0002554052702005763
SAP,SAP SE ADR,803054204,167000.0,626,0.0002554052702005763
FWRG,FIRST WATCH RESTAURANT GRO,33748L101,167000.0,10660,0.0002554052702005763
PVH,PVH CORP,693656100,166000.0,1983,0.0002538758973251238
APA,APA CORP,03743Q108,166000.0,6845,0.0002538758973251238
MOD,MODINE MFGRS CO,607828100,166000.0,1165,0.0002538758973251238
ASO,ACADEMY SPORTS & OUTDOORS,00402L107,166000.0,3328,0.0002538758973251238
WM,WASTE MANAGEMENT INC NEW,94106L109,166000.0,752,0.0002538758973251238
AMD,ADVANCED MICRO DEVICES INC,007903107,166000.0,1026,0.0002538758973251238
BV,BRIGHTVIEW HOLDINGS INC,10948C107,166000.0,12391,0.0002538758973251238
KLAC,KLA CORPORATION,482480100,165000.0,153,0.0002523465244496712
FOXA,FOX CORP,35137L105,165000.0,2619,0.0002523465244496712
TRGP,TARGA RESOURCES CORP,87612G101,165000.0,986,0.0002523465244496712
VMC,VULCAN MATERIALS,929160109,165000.0,536,0.0002523465244496712
HON,HONEYWELL INTL INC,438516106,165000.0,786,0.0002523465244496712
AEIS,ADVANCED ENERGY INDS,007973100,165000.0,970,0.0002523465244496712
GSK,GSK PLC ADR,37733W204,164000.0,3796,0.0002508171515742187
COLB,COLUMBIA BANKING SYS,197236102,164000.0,6390,0.0002508171515742187
MGY,MAGNOLIA OIL & GAS CORP,559663109,164000.0,6879,0.0002508171515742187
DUK,DUKE ENERGY HLDG CORP,26441C204,164000.0,1327,0.0002508171515742187
MGY,MAGNOLIA OIL & GAS CORP,559663109,164000.0,6876,0.0002508171515742187
NI,NISOURCE INC,65473P105,163000.0,3761,0.0002492877786987661
WFC,WELLS FARGO & CO NEW,949746101,163000.0,1949,0.0002492877786987661
EMXC,ISHARES MSCI EMERGING MARK,46434G764,163000.0,2416,0.0002492877786987661
MRCY,MERCURY COMPUTER SYS COM,589378108,163000.0,2103,0.0002492877786987661
VXUS,VANGUARD TOTAL INTL STK,921909768,163000.0,2221,0.0002492877786987661
BK,BANK NEW YORK MELLON CORP,064058100,163000.0,1500,0.0002492877786987661
IWS,ISHARES TR RUSSELL MCP VL,464287473,162000.0,1160,0.0002477584058233136
USFD,US FOODS HOLDING CORP,912008109,162000.0,2116,0.0002477584058233136
NOVT,NOVANTA INC,67000B104,162000.0,1618,0.0002477584058233136
RCL,ROYAL CARIBBEAN CRUISES LD,V7780T103,162000.0,502,0.0002477584058233136
AXON,AXON ENTERPRISE INC,05464C101,162000.0,226,0.0002477584058233136
FTNT,FORTINET INC,34959E109,162000.0,1926,0.0002477584058233136
UFPT,UFP TECHNOLOGIES INC,902673102,161000.0,806,0.000246229032947861
BBY,BEST BUY INC,086516101,161000.0,2129,0.000246229032947861
SLB,SCHLUMBERGER LTD,806857108,161000.0,4686,0.000246229032947861
QCOM,QUALCOMM INC,747525103,161000.0,970,0.000246229032947861
VNQ,VANGUARD REAL ESTATE ETF,922908553,161000.0,1761,0.000246229032947861
RSG,REPUBLIC SERVICES INC,760759100,161000.0,701,0.000246229032947861
MPW,MEDICAL PROP TRUST INC,58463J304,160000.0,31466,0.0002446996600724085
WCN,WASTE CONNECTIONS,94106B101,160000.0,912,0.0002446996600724085
GE,GE AEROSPACE,369604301,160000.0,531,0.0002446996600724085
AG8,AGILENT TECHNOLOGIES,00846U101,160000.0,1243,0.0002446996600724085
TRNO,TERRENO RLTY CORP,88146M101,160000.0,2826,0.0002446996600724085
GWRE,GUIDEWIRE SOFTWARE INC,40171V100,160000.0,694,0.0002446996600724085
AJG,GALLAGER ARTHUR J & CO,363576109,160000.0,518,0.0002446996600724085
VIGI,VANGUARD INTERNATIONAL DIV,921946810,160000.0,1789,0.0002446996600724085
HST,HOST HOTELS & RESORTS INC,44107P104,160000.0,9408,0.0002446996600724085
IT,GARTNER INC CL A,366651107,160000.0,607,0.0002446996600724085
CVBF,CVB FINL CORP COM,126600105,159000.0,8411,0.0002431702871969559
L,LOEWS CORP,540424108,159000.0,1582,0.0002431702871969559
CSGP,COSTAR GROUP INC,22160N109,159000.0,1888,0.0002431702871969559
CORZ,CORE SCIENTIFIC INC,21874A106,159000.0,8840,0.0002431702871969559
JNJ,JOHNSON & JOHNSON,478160104,159000.0,857,0.0002431702871969559
ORLY,OREILLY AUTO INC NEW,67103H107,158000.0,1467,0.00024164091432150333
MMYT,MAKEMYTRIP LIMITED,V5633W109,158000.0,1687,0.00024164091432150333
MDY,SPDR S&P MIDCAP 400 ETF TR,78467Y107,158000.0,265,0.00024164091432150333
EIX,EDISON INTERNATIONAL,281020107,158000.0,2864,0.00024164091432150333
VLO,VALERO ENERGY NEW,91913Y100,158000.0,929,0.00024164091432150333
CRDO,CREDO TECHNOLOGY GROUP HOL,G25457105,158000.0,1088,0.00024164091432150333
COO,COOPER COS INC/THE,216648501,158000.0,2304,0.00024164091432150333
SLF,SUNLIFE FINANCIAL SERVI,866796105,158000.0,2639,0.00024164091432150333
ABNB,AIRBNB INC,009066101,157000.0,1297,0.0002401115414460508
WCN,WASTE CONNECTIONS,94106B101,157000.0,893,0.0002401115414460508
RBA,RB GLOBAL INC,74935Q107,157000.0,1447,0.0002401115414460508
IEFA,ISHARES CORE MSCI EAFE ETF,46432F842,157000.0,1793,0.0002401115414460508
BFAM,BRIGHT HORIZONS FAMILY,109194100,157000.0,1450,0.0002401115414460508
FTV,FORTIVE CO,34959J108,156000.0,3191,0.00023858216857059822
WBD,WARNER BROS DISCOVERY INC,934423104,156000.0,7992,0.00023858216857059822
VV,VANGUARD LARGE-CAP ETF,922908637,156000.0,507,0.00023858216857059822
K,KELLANOVA,487836108,156000.0,1900,0.00023858216857059822
GGG,GRACO INC,384109104,156000.0,1837,0.00023858216857059822
PTC,PTC INC,69370C100,155000.0,762,0.0002370527956951457
D,DOMINION ENERGY INC,25746U109,155000.0,2533,0.0002370527956951457
VRTX,VERTEX PHARMACEUTICALS,92532F100,155000.0,396,0.0002370527956951457
BX,BLACKSTONE INC,09260D107,154000.0,903,0.00023552342281969315
GGG,GRACO INC,384109104,154000.0,1812,0.00023552342281969315
SCHE,SCHWAB EMERGING MARKETS EQ,808524706,154000.0,4607,0.00023552342281969315
AVTR,AVANTOR INC,05352A100,154000.0,12332,0.00023552342281969315
MO,ALTRIA GROUP INC,02209S103,154000.0,2331,0.00023552342281969315
UNH,UNITEDHEALTH GROUP INC,91324P102,154000.0,446,0.00023552342281969315
DE,DEERE & CO,244199105,154000.0,336,0.00023552342281969315
DRI,DARDEN RESTAURANTS,237194105,154000.0,807,0.00023552342281969315
EVRG,EVERGY INC,30034W106,154000.0,2032,0.00023552342281969315
WDC,WESTERN DIGITAL CORP,958102105,154000.0,1286,0.00023552342281969315
FCFS,FIRSTCASH HOLDINGS INC,33768G107,153000.0,963,0.0002339940499442406
JBTM,JBT MAREL CORPORATION,477839104,153000.0,1086,0.0002339940499442406
AB,ALLIANCEBERNSTEIN HLDG LP,01881G106,153000.0,4001,0.0002339940499442406
AVDL,AVADEL PHARMACEUTICALS PLC,G29687103,153000.0,10000,0.0002339940499442406
WY,WEYERHAEUSER CO,962166104,153000.0,6173,0.0002339940499442406
CURI,CURIOSITYSTREAM INC,23130Q107,153000.0,28854,0.0002339940499442406
BJ,BJS WHOLESALE CLUB HOLDIN,05550J101,153000.0,1643,0.0002339940499442406
IDXX,IDEXX LABS CORP,45168D104,153000.0,239,0.0002339940499442406
PNW,PINNACLE WEST CAPITAL CORP,723484101,153000.0,1706,0.0002339940499442406
RF,REGIONS FINL CORP NEW,7591EP100,153000.0,5811,0.0002339940499442406
WFC,WELLS FARGO & CO NEW,949746101,152000.0,1814,0.00023246467706878804
UL,UNILEVER PLC ADR NEW,904767704,152000.0,2570,0.00023246467706878804
PINS,PINTEREST INC,72352L106,152000.0,4718,0.00023246467706878804
NKE,NIKE INC CL B,654106103,152000.0,2181,0.00023246467706878804
CE,CELANESE CRP DEL COM SER A,150870103,152000.0,3615,0.00023246467706878804
SHAK,SHAKE SHACK INC,819047101,152000.0,1626,0.00023246467706878804
FLUT,FLUTTER ENTERTAINMENT PLC,G3643J108,152000.0,600,0.00023246467706878804
LPLA,LPL FINL HLDGS INC COM,50212V100,152000.0,458,0.00023246467706878804
ES,EVERSOURCE ENERGY NPV,30040W108,152000.0,2137,0.00023246467706878804
HAL,HALLIBURTON CO.,406216101,152000.0,6187,0.00023246467706878804
CHRW,C H ROBINSON WORLDWIDE NEW,12541W209,151000.0,1140,0.0002309353041933355
ZBH,ZIMMER BIOMET HOLDINGS INC,98956P102,151000.0,1529,0.0002309353041933355
VSEC,VSE CORP,918284100,151000.0,910,0.0002309353041933355
WSM,WILLIAMS SONOMA,969904101,150000.0,767,0.00022940593131788294
CLMT,CALUMET INC,131428104,150000.0,8200,0.00022940593131788294
DIOD,DIODES INC,254543101,150000.0,2817,0.00022940593131788294
WM,WASTE MANAGEMENT INC NEW,94106L109,150000.0,677,0.00022940593131788294
FSV,FIRSTSERVICE CORP,33767E202,150000.0,789,0.00022940593131788294
VST,VISTRA CORP,92840M102,149000.0,759,0.00022787655844243039
OMC,OMNICOM GROUP INC,681919106,149000.0,1828,0.00022787655844243039
SHOP,SHOPIFY INC,82509L107,149000.0,1006,0.00022787655844243039
IRM,IRON MTN INC,46284V101,149000.0,1457,0.00022787655844243039
ASO,ACADEMY SPORTS & OUTDOORS,00402L107,149000.0,2980,0.00022787655844243039
RYAAY,RYANAIR HLDGS PLC ADR,783513203,149000.0,2470,0.00022787655844243039
CPB,THE CAMPBELLS COMPANY,134429109,149000.0,4719,0.00022787655844243039
TOL,TOLL BROTHERS INC,889478103,149000.0,1075,0.00022787655844243039
GIB/A,CGI INC,12532H104,149000.0,1677,0.00022787655844243039
RSG,REPUBLIC SERVICES INC,760759100,149000.0,651,0.00022787655844243039
BRX,BRIXMOR PROPERTY GROUP INC,11120U105,148000.0,5357,0.00022634718556697783
BE,BLOOM ENERGY CORP,093712107,148000.0,1753,0.00022634718556697783
GILD,GILEAD SCIENCES,375558103,148000.0,1329,0.00022634718556697783
LUV,SOUTHWEST AIRLINES,844741108,148000.0,4633,0.00022634718556697783
SHOP,SHOPIFY INC,82509L107,148000.0,996,0.00022634718556697783
MRK,MERCK & CO INC NEW,58933Y105,148000.0,1764,0.00022634718556697783
PNC,PNC FINANCIAL SVS GRP,693475105,148000.0,735,0.00022634718556697783
GPC,GENUINE PARTS CO,372460105,148000.0,1066,0.00022634718556697783
XOM,EXXON MOBIL CORP,30231G102,148000.0,1316,0.00022634718556697783
B,BARRICK MINING CORP,06849F108,148000.0,4503,0.00022634718556697783
MRCY,MERCURY COMPUTER SYS COM,589378108,147000.0,1894,0.0002248178126915253
RCL,ROYAL CARIBBEAN CRUISES LD,V7780T103,147000.0,454,0.0002248178126915253
K,KELLANOVA,487836108,147000.0,1789,0.0002248178126915253
CVNA,CARVANA CO,146869102,147000.0,390,0.0002248178126915253
LLYVA,LIBERTY MEDIA CORP-LIBERTY,531229748,147000.0,1563,0.0002248178126915253
GWRE,GUIDEWIRE SOFTWARE INC,40171V100,146000.0,636,0.00022328843981607273
CP,CANADIAN PACIFIC KANSAS CI,13646K108,146000.0,1957,0.00022328843981607273
WEC,WEC ENERGY GROUP INC,92939U106,146000.0,1272,0.00022328843981607273
BRKR,BRUKER BIOSCIENCES CORP,116794108,146000.0,4500,0.00022328843981607273
OSW,ONESPAWORLD HOLDINGS LTD,P73684113,146000.0,6891,0.00022328843981607273
TT,TRANE TECHNOLOGIES PLC,G8994E103,146000.0,347,0.00022328843981607273
NOVT,NOVANTA INC,67000B104,146000.0,1457,0.00022328843981607273
CVNA,CARVANA CO,146869102,146000.0,387,0.00022328843981607273
GNRC,GENERAC HLDGS INC,368736104,146000.0,870,0.00022328843981607273
MGY,MAGNOLIA OIL & GAS CORP,559663109,146000.0,6133,0.00022328843981607273
LUCK,LUCKY STRIKE ENTERTAINMENT,10258P102,146000.0,14230,0.00022328843981607273
CVBF,CVB FINL CORP COM,126600105,146000.0,7721,0.00022328843981607273
MUR,MURPHY OIL,626717102,146000.0,5154,0.00022328843981607273
NOVT,NOVANTA INC,67000B104,145000.0,1444,0.00022175906694062015
SRE,SEMPRA COM,816851109,145000.0,1614,0.00022175906694062015
DIS,WALT DISNEY CO,254687106,145000.0,1264,0.00022175906694062015
CWST,CASELLA WASTE SYSTEM CL A,147448104,145000.0,1530,0.00022175906694062015
CPRT,COPART INC,217204106,145000.0,3230,0.00022175906694062015
KXI,ISHARES TR S&P GL C STAPL,464288737,145000.0,2257,0.00022175906694062015
N/A,AMRIZE AG CHF,H2927K103,144000.0,3000,0.00022022969406516763
GE,GE AEROSPACE,369604301,144000.0,478,0.00022022969406516763
AXON,AXON ENTERPRISE INC,05464C101,144000.0,200,0.00022022969406516763
KHC,KRAFT HEINZ CO,500754106,144000.0,5546,0.00022022969406516763
CLH,CLEAN HARBORS INC,184496107,144000.0,620,0.00022022969406516763
OMC,OMNICOM GROUP INC,681919106,144000.0,1767,0.00022022969406516763
CLX,CLOROX CO,189054109,143000.0,1160,0.00021870032118971505
VRNS,VARONIS SYSTEMS,922280102,143000.0,2480,0.00021870032118971505
WFC,WELLS FARGO & CO NEW,949746101,143000.0,1706,0.00021870032118971505
KKR,KKR & CO INC,48251W104,143000.0,1101,0.00021870032118971505
AXP,AMERICAN EXPRESS,025816109,143000.0,431,0.00021870032118971505
FCFS,FIRSTCASH HOLDINGS INC,33768G107,143000.0,901,0.00021870032118971505
DSI,ISHARES ESG MSCI KLD 400,464288570,142000.0,1130,0.00021717094831426252
AME,AMETEK INC NEW,031100100,142000.0,753,0.00021717094831426252
CPNG,COUPANG INC,22266T109,142000.0,4408,0.00021717094831426252
MET,METLIFE INC COM,59156R108,142000.0,1719,0.00021717094831426252
KRMN,KARMAN HOLDINGS INC,485924104,142000.0,1965,0.00021717094831426252
AFL,AFLAC INC,001055102,142000.0,1269,0.00021717094831426252
WSO,WATSCO INC,942622200,142000.0,350,0.00021717094831426252
KNX,KNIGHT-SWFT TRANS HLD INC.,499049104,142000.0,3585,0.00021717094831426252
BBSI,BARRETT BUSINESS SVCS,068463108,142000.0,3211,0.00021717094831426252
DASH,DOORDASH INC,25809K105,141000.0,520,0.00021564157543880994
VUG,VANGUARD GROWTH FDS,922908736,141000.0,293,0.00021564157543880994
TEL,TE CONNECTIVITY PLC,G87052109,141000.0,643,0.00021564157543880994
BTU,PEABODY ENERGY CORP,704551100,141000.0,5302,0.00021564157543880994
FIS,FIDELITY NATL INFO SVCS,31620M106,141000.0,2142,0.00021564157543880994
DDOG,DATADOG INC,23804L103,141000.0,993,0.00021564157543880994
MDLZ,MONDELEZ INTERNATIONAL INC,609207105,141000.0,2252,0.00021564157543880994
BOX,BOX INC,10316T104,141000.0,4368,0.00021564157543880994
CNI,CANADIAN NATIONAL RAIL,136375102,140000.0,1484,0.00021411220256335742
LDOS,LEIDOS HLDGS INC,525327102,140000.0,743,0.00021411220256335742
SWX,SOUTHWEST GAS HOLDINGS,844895102,140000.0,1785,0.00021411220256335742
CNI,CANADIAN NATL RAILWAY,136375102,140000.0,1487,0.00021411220256335742
SUI,SUN COMMUNITIES INC,866674104,140000.0,1086,0.00021411220256335742
CINF,CINCINNATI FINANCIAL CORP,172062101,140000.0,888,0.00021411220256335742
T,AT&T INC,00206R102,140000.0,4945,0.00021411220256335742
GM,GENERAL MOTORS CO,37045V100,140000.0,2298,0.00021411220256335742
EOG,EOG RES INC,26875P101,140000.0,1250,0.00021411220256335742
AXSM,AXSOME THERAPEUTICS INC,05464T104,139000.0,1145,0.00021258282968790484
B,BARRICK MINING CORP,06849F108,139000.0,4247,0.00021258282968790484
RMBS,RAMBUS INC,750917106,139000.0,1331,0.00021258282968790484
ATI,ATI INC,01741R102,139000.0,1703,0.00021258282968790484
FLR,FLUOR CORP NEW COM,343412102,139000.0,3315,0.00021258282968790484
IWM,ISHARES TR RUSSELL 2000,464287655,139000.0,573,0.00021258282968790484
CAG,CONAGRA BRANDS INC,205887102,139000.0,7617,0.00021258282968790484
CRDO,CREDO TECHNOLOGY GROUP HOL,G25457105,139000.0,955,0.00021258282968790484
SE,SEA LTD ADR,81141R100,139000.0,777,0.00021258282968790484
VRSN,VERISIGN INC,92343E102,139000.0,498,0.00021258282968790484
MTDR,MATADOR RES CO,576485205,139000.0,3086,0.00021258282968790484
KKR,KKR & CO INC,48251W104,139000.0,1069,0.00021258282968790484
FE,FIRSTENERGY CORP,337932107,138000.0,3008,0.0002110534568124523
KFRC,KFORCE INC COMMON,493732101,138000.0,4596,0.0002110534568124523
OSIS,OSI SYSTEMS,671044105,138000.0,555,0.0002110534568124523
CNC,CENTENE CORP,15135B101,138000.0,3856,0.0002110534568124523
CPRT,COPART INC,217204106,137000.0,3044,0.00020952408393699973
IWD,ISHARES TR RUSSELL 1000VAL,464287598,137000.0,674,0.00020952408393699973
LW,LAMB WESTON HOLDINGS INC,513272104,137000.0,2362,0.00020952408393699973
NTRS,NORTHERN TRUST CORP,665859104,136000.0,1014,0.0002079947110615472
FTDR,FRONTDOOR INC,35905A109,136000.0,2025,0.0002079947110615472
CINF,CINCINNATI FINANCIAL CORP,172062101,136000.0,861,0.0002079947110615472
NDAQ,NASDAQ INC.,631103108,136000.0,1533,0.0002079947110615472
CPNG,COUPANG INC,22266T109,136000.0,4231,0.0002079947110615472
PANW,PALO ALTO NETWORKS INC,697435105,136000.0,666,0.0002079947110615472
IQDF,FLEXSHARES INTERNATIONAL Q,33939L837,136000.0,4775,0.0002079947110615472
SNN,SMITH&NEPHEW PLC SP ADR,83175M205,136000.0,3759,0.0002079947110615472
SMTC,SEMTECH CORP,816850101,136000.0,1905,0.0002079947110615472
TFX,TELEFLEX INC,879369106,136000.0,1112,0.0002079947110615472
IVZ,INVESCO LTD ADR,G491BT108,136000.0,5911,0.0002079947110615472
TXN,TEXAS INSTRUMENTS INC,882508104,136000.0,738,0.0002079947110615472
OKTA,OKTA INC,679295105,136000.0,1484,0.0002079947110615472
BAC,VERIZON COMMUNICATIONS,92343V104,136000.0,3102,0.0002079947110615472
NVO,NOVO NORDISK A S ADR,670100205,135000.0,2437,0.00020646533818609463
DAY,DAYFORCE INC,15677J108,135000.0,1959,0.00020646533818609463
FSS,FEDERAL SIGNAL,313855108,135000.0,1137,0.00020646533818609463
CX,CEMEX SAB DE CC ADR,151290889,135000.0,14983,0.00020646533818609463
HIG,HARTFORD INS GROUP INC,416515104,135000.0,1009,0.00020646533818609463
STX,SEAGATE TECHNOLOGY,G7997R103,135000.0,570,0.00020646533818609463
UFPT,UFP TECHNOLOGIES INC,902673102,135000.0,677,0.00020646533818609463
DIOD,DIODES INC,254543101,135000.0,2539,0.00020646533818609463
CRL,CHARLES RIVER LABS,159864107,135000.0,860,0.00020646533818609463
BCPC,BALCHEM CORP,057665200,135000.0,900,0.00020646533818609463
TJX,TJX COMPANIES INC,872540109,135000.0,937,0.00020646533818609463
LXP,LXP INDUSTRIAL TRUST,529043101,134000.0,14949,0.0002049359653106421
PBH,PRESTIGE CONSUMER,74112D101,134000.0,2142,0.0002049359653106421
POR,PORTLAND GEN ELEC CO NEW,736508847,134000.0,3045,0.0002049359653106421
MUR,MURPHY OIL,626717102,134000.0,4719,0.0002049359653106421
CNP,CENTERPOINT ENERGY INC,15189T107,134000.0,3445,0.0002049359653106421
T,TELUS CORP,87971M103,134000.0,8502,0.0002049359653106421
PG,PROCTER & GAMBLE CO,742718109,134000.0,875,0.0002049359653106421
RE,EVEREST GROUP LTD,G3223R108,134000.0,382,0.0002049359653106421
WDC,WESTERN DIGITAL CORP,958102105,133000.0,1109,0.00020340659243518953
MDLZ,MONDELEZ INTERNATIONAL INC,609207105,133000.0,2135,0.00020340659243518953
ETR,ENTERGY CORP NEW,29364G103,133000.0,1422,0.00020340659243518953
FSS,FEDERAL SIGNAL,313855108,133000.0,1117,0.00020340659243518953
OEF,ISHARES S&P 100 INDEX,464287101,133000.0,400,0.00020340659243518953
BBD,BANCO BRADESCO ADR PFD,059460303,133000.0,39215,0.00020340659243518953
ARES,ARES MANAGEMENT CORP,03990B101,133000.0,831,0.00020340659243518953
STE,STERIS PLC,G8473T100,133000.0,536,0.00020340659243518953
NSY,NICE LTD ADR,653656108,133000.0,919,0.00020340659243518953
CNI,CANADIAN NATL RAILWAY,136375102,132000.0,1400,0.00020187721955973697
SLB,SCHLUMBERGER LTD,806857108,132000.0,3830,0.00020187721955973697
BBY,BEST BUY INC,086516101,132000.0,1751,0.00020187721955973697
AN,AUTONATION INC,05329W102,132000.0,602,0.00020187721955973697
JCI,JOHNSON CONTROLS INTL PLC,G51502105,132000.0,1198,0.00020187721955973697
NUE,NUCOR CORP,670346105,132000.0,978,0.00020187721955973697
REG,REGENCY CTRS CORP,758849103,132000.0,1806,0.00020187721955973697
INCY,INCYTE CORP,45337C102,132000.0,1561,0.00020187721955973697
AME,AMETEK INC NEW,031100100,132000.0,700,0.00020187721955973697
RBC,RBC BEARING INC COM,75524B104,132000.0,338,0.00020187721955973697
IP,INTERNATIONAL PAPER,460146103,131000.0,2830,0.00020034784668428445
STLD,STEEL DYNAMICS,858119100,131000.0,938,0.00020034784668428445
OSW,ONESPAWORLD HOLDINGS LTD,P73684113,131000.0,6191,0.00020034784668428445
IDCC,INTERDIGITAL INC PA,45867G101,131000.0,380,0.00020034784668428445
SHYG,ISHARES 0-5 YEAR HIGH YIEL,46434V407,131000.0,3014,0.00020034784668428445
SBUX,STARBUCKS CORP,855244109,131000.0,1553,0.00020034784668428445
PLMR,PALOMAR HOLDINGS INC,69753M105,131000.0,1122,0.00020034784668428445
LOPE,GRAND CANYON ED INC,38526M106,131000.0,598,0.00020034784668428445
RSG,REPUBLIC SERVICES INC,760759100,131000.0,572,0.00020034784668428445
LYB,LYONDELLBASELL IND NV,N53745100,131000.0,2666,0.00020034784668428445
ACGL,ARCH CAPITAL GROUP LTD,G0450A105,131000.0,1441,0.00020034784668428445
FLR,FLUOR CORP NEW COM,343412102,130000.0,3088,0.00019881847380883187
KEYS,KEYSIGHT TECHNOLOGIES INC,49338L103,130000.0,746,0.00019881847380883187
RF,REGIONS FINL CORP NEW,7591EP100,130000.0,4912,0.00019881847380883187
MMSI,MERIT MEDICAL SYS,589889104,130000.0,1557,0.00019881847380883187
RACE,FERRARI NV,N3167Y103,130000.0,268,0.00019881847380883187
ULTA,ULTA BEAUTY INC,90384S303,130000.0,238,0.00019881847380883187
WIT,WIPRO LIMITED ADR,97651M109,129000.0,48869,0.00019728910093337934
PRU,PRUDENTIAL FINANCIAL,744320102,129000.0,1247,0.00019728910093337934
IBP,INSTALLED BUILDING PRODUCT,45780R101,129000.0,522,0.00019728910093337934
DSGX,DESCARTES SYSTEMS GRP,249906108,129000.0,1373,0.00019728910093337934
GS,GOLDMAN SACHS GROUP,38141G104,129000.0,162,0.00019728910093337934
RSP,INVESCO EXCH-TRAD-S&P EQL,46137V357,129000.0,680,0.00019728910093337934
SIRI,SIRIUS XM HLDGS NEW NPV,829933100,129000.0,5552,0.00019728910093337934
CMG,CHIPOTLE MEXICAN GRILL,169656105,129000.0,3300,0.00019728910093337934
GDDY,GODADDY INC,380237107,129000.0,946,0.00019728910093337934
HAL,HALLIBURTON CO.,406216101,129000.0,5233,0.00019728910093337934
MLI,MUELLER INDS INC,624756102,129000.0,1273,0.00019728910093337934
MCHP,MICROCHIP TECHNOLOGY INC,595017104,129000.0,2008,0.00019728910093337934
CDE,COEUR MINING INC,192108504,128000.0,6800,0.00019575972805792677
VLTO,VERALTO CORP,92338C103,128000.0,1204,0.00019575972805792677
UHS,UNIV HEALTH SVC CLASS B,913903100,128000.0,624,0.00019575972805792677
CNI,CANADIAN NATIONAL RAIL,136375102,128000.0,1361,0.00019575972805792677
O,REALTY INCOME CORP,756109104,128000.0,2107,0.00019575972805792677
BMY,BRISTOL-MYERS SQUIBB CO,110122108,128000.0,2830,0.00019575972805792677
AMD,ADVANCED MICRO DEVICES INC,007903107,128000.0,794,0.00019575972805792677
DVY,ISHARES DJ SEL,464287168,128000.0,900,0.00019575972805792677
SKM,SK TELECOM CO LTD ADR,78440P306,128000.0,5921,0.00019575972805792677
VOOG,VANGUARD S&P 500 GROWTH ET,921932505,128000.0,294,0.00019575972805792677
AKAM,AKAMAI TECHNOLOGIES,00971T101,128000.0,1687,0.00019575972805792677
SCHF,SCHWAB INTERNATIONAL EQUIT,808524805,128000.0,5490,0.00019575972805792677
BBSI,BARRETT BUSINESS SVCS,068463108,128000.0,2884,0.00019575972805792677
BKR,BAKER HUGHES COMPANY,05722G100,127000.0,2603,0.00019423035518247424
RGA,REINSURANCE GROUP AMER,759351604,127000.0,660,0.00019423035518247424
WINA,WINMARK CORP,974250102,127000.0,255,0.00019423035518247424
REZI,RESIDEO TECH INC,76118Y104,127000.0,2950,0.00019423035518247424
VIAV,VIAVI SOLUTIONS INC USD,925550105,127000.0,10033,0.00019423035518247424
SWK,STANLEY BLACK & DECKER INC,854502101,126000.0,1700,0.00019270098230702166
J,JACOBS SOLUTIONS INC,46982L108,126000.0,843,0.00019270098230702166
KO,COCA-COLA COMPANY,191216100,126000.0,1906,0.00019270098230702166
INTU,INTUIT,461202103,126000.0,185,0.00019270098230702166
PANW,PALO ALTO NETWORKS INC,697435105,126000.0,619,0.00019270098230702166
SPG,SIMON PROP GROUP,828806109,126000.0,670,0.00019270098230702166
CP,CANADIAN PACIFIC KANSAS CI,13646K108,126000.0,1686,0.00019270098230702166
WTM,WHITE MOUNTAIN INS,G9618E107,125000.0,75,0.00019117160943156914
WIX,WIX COM LTD SHS,M98068105,125000.0,701,0.00019117160943156914
CUBE,CUBESMART,229663109,125000.0,3083,0.00019117160943156914
WDAY,WORKDAY INC CL A,98138H101,125000.0,518,0.00019117160943156914
CRDO,CREDO TECHNOLOGY GROUP HOL,G25457105,125000.0,855,0.00019117160943156914
MIDD,THE MIDDLEBY,596278101,125000.0,939,0.00019117160943156914
RGA,REINSURANCE GROUP AMER,759351604,125000.0,648,0.00019117160943156914
EFG,ISHARES MSCI GROWTH,464288885,125000.0,1100,0.00019117160943156914
EFX,EQUIFAX INC,294429105,124000.0,484,0.00018964223655611656
TECH,BIO-TECHNE CORP NPV,09073M104,124000.0,2232,0.00018964223655611656
CDW,CDW CORP/DE,12514G108,124000.0,777,0.00018964223655611656
USFD,US FOODS HOLDING CORP,912008109,124000.0,1622,0.00018964223655611656
KMI,KINDER MORGAN INC,49456B101,124000.0,4395,0.00018964223655611656
CF,CF-INDUSTRIES HOLDINGS,125269100,124000.0,1377,0.00018964223655611656
SLG,SL GREEN REALTY CORP,78440X887,123000.0,2060,0.000188112863680664
IDCC,INTERDIGITAL INC PA,45867G101,123000.0,357,0.000188112863680664
AMLP,ALERIAN MLP ETF,00162Q452,123000.0,2627,0.000188112863680664
TW,TRADEWEB MARKETS INC,892672106,123000.0,1112,0.000188112863680664
MTDR,MATADOR RES CO,576485205,123000.0,2745,0.000188112863680664
XYZ,BLOCK INC,852234103,123000.0,1705,0.000188112863680664
ICF,ISHARES SELECT US REIT EFT,464287564,123000.0,2000,0.000188112863680664
MMYT,MAKEMYTRIP LIMITED,V5633W109,122000.0,1305,0.00018658349080521145
BUD,ANHEUSER BUSCH INBEV ADR,03524A108,122000.0,2040,0.00018658349080521145
TFC,TRUIST FINANCIAL CORP,89832Q109,122000.0,2668,0.00018658349080521145
IWD,ISHARES TR RUSSELL 1000VAL,464287598,122000.0,600,0.00018658349080521145
MMM,3M CO,88579Y101,122000.0,786,0.00018658349080521145
EFV,ISHARES TRUST MSCI VAL IDX,464288877,122000.0,1800,0.00018658349080521145
ADI,ANALOG DEVICES,032654105,122000.0,498,0.00018658349080521145
IBB,ISHARES BIOTECHNOLOGY ETF,464287556,121000.0,836,0.0001850541179297589
WEX,WEX INC,96208T104,121000.0,766,0.0001850541179297589
KDP,KEURIG DR PEPPER INC,49271V100,121000.0,4752,0.0001850541179297589
CRM,SALESFORCE INC,79466L302,121000.0,510,0.0001850541179297589
IPG,INTERPUBLIC GROUP COS INC,460690100,121000.0,4327,0.0001850541179297589
BWA,BORG WARNER INC,099724106,121000.0,2742,0.0001850541179297589
WF2,WINTRUST FINANCIAL,97650W108,121000.0,915,0.0001850541179297589
PBH,PRESTIGE CONSUMER,74112D101,121000.0,1946,0.0001850541179297589
GEV,GE VERNOVA LLC,36828A101,121000.0,197,0.0001850541179297589
GOLF,ACUSHNET HOLDINGS CORP,005098108,121000.0,1545,0.0001850541179297589
MSA,MSA SAFETY INC,553498106,120000.0,696,0.00018352474505430635
CBRE,CBRE GROUP INC,12504L109,120000.0,760,0.00018352474505430635
LYV,LIVE NATION ENTERTMNT INC,538034109,120000.0,735,0.00018352474505430635
MEDP,MEDPACE HOLDINGS,58506Q109,120000.0,234,0.00018352474505430635
KMB,KIMBERLY-CLARK CORP,494368103,120000.0,965,0.00018352474505430635
LMB,LIMBACH HOLDINGS INC,53263P105,120000.0,1235,0.00018352474505430635
APG,API GROUP CORP,00187Y100,120000.0,3488,0.00018352474505430635
MLI,MUELLER INDS INC,624756102,120000.0,1190,0.00018352474505430635
PM,PHILIP MORRIS INTL INC,718172109,120000.0,742,0.00018352474505430635
PLMR,PALOMAR HOLDINGS INC,69753M105,120000.0,1027,0.00018352474505430635
CPRT,COPART INC,217204106,119000.0,2653,0.0001819953721788538
DIS,WALT DISNEY CO,254687106,119000.0,1041,0.0001819953721788538
PRU,PRUDENTIAL FINANCIAL,744320102,119000.0,1145,0.0001819953721788538
MMSI,MERIT MEDICAL SYS,589889104,119000.0,1435,0.0001819953721788538
DHI,DR HORTON INC,23331A109,118000.0,698,0.00018046599930340125
ECL,ECOLAB INC,278865100,118000.0,432,0.00018046599930340125
T,TELUS CORP,87971M103,118000.0,7487,0.00018046599930340125
CVCO,CAVCO INDS INC,149568107,118000.0,203,0.00018046599930340125
FSV,FIRSTSERVICE CORP,33767E202,118000.0,617,0.00018046599930340125
FCFS,FIRSTCASH HOLDINGS INC,33768G107,118000.0,742,0.00018046599930340125
XOP,SPDR S&P OIL & GAS EXPLORA,78468R556,118000.0,894,0.00018046599930340125
BMY,BRISTOL-MYERS SQUIBB CO,110122108,117000.0,2595,0.0001789366264279487
CMCSA,COMCAST CORP CL A NEW,20030N101,117000.0,3736,0.0001789366264279487
BAH,BOOZ ALLEN HAMILTON HLDGS,099502106,117000.0,1167,0.0001789366264279487
IDXX,IDEXX LABS CORP,45168D104,117000.0,183,0.0001789366264279487
CB,CHUBB LIMITED,H1467J104,117000.0,413,0.0001789366264279487
TFC,TRUIST FINANCIAL CORP,89832Q109,117000.0,2552,0.0001789366264279487
ILPT,INDUSTRIAL LOGISTICS,456237106,117000.0,20112,0.0001789366264279487
PSTG,PURE STORAGE INC-CLASS A,74624M102,117000.0,1391,0.0001789366264279487
VGT,VANGUARD INFO TECH,92204A702,116000.0,156,0.00017740725355249614
CVS,CVS HEALTH CORP,126650100,116000.0,1534,0.00017740725355249614
SNOW,SNOWFLAKE INC,833445109,116000.0,515,0.00017740725355249614
AAL,AMERICAN AIRLINE GRP INC,02376R102,116000.0,10311,0.00017740725355249614
VMI,VALMONT IND INC,920253101,116000.0,300,0.00017740725355249614
DIS,WALT DISNEY CO,254687106,116000.0,1009,0.00017740725355249614
IQV,IQVIA HOLDINGS INC,46266C105,116000.0,610,0.00017740725355249614
PCG,PG & E CORP,69331C108,116000.0,7707,0.00017740725355249614
KKR,KKR & CO INC,48251W104,116000.0,890,0.00017740725355249614
VEU,VNGRD FTSE ALL-WORLD EX-US,922042775,116000.0,1620,0.00017740725355249614
WING,WINGSTOP INC,974155103,115000.0,455,0.00017587788067704356
WINA,WINMARK CORP,974250102,115000.0,231,0.00017587788067704356
UUUU,ENERGY FUELS INC,292671708,115000.0,7500,0.00017587788067704356
NET,CLOUDFLARE INC,18915M107,115000.0,536,0.00017587788067704356
MET,METLIFE INC COM,59156R108,115000.0,1391,0.00017587788067704356
EMN,EASTMAN CHEMICAL CO,277432100,115000.0,1827,0.00017587788067704356
REVG,REV GROUP INC,749527107,115000.0,2025,0.00017587788067704356
LLYVK,LIBERTY MEDIA CORP-LIBERTY,531229722,115000.0,1185,0.00017587788067704356
INTU,INTUIT,461202103,114000.0,167,0.000174348507801591
F,FORD MOTOR CO,345370860,114000.0,9518,0.000174348507801591
SLB,SCHLUMBERGER LTD,806857108,114000.0,3310,0.000174348507801591
BTT,BLACKROCK MUNICIPAL TARGET,09257P105,114000.0,5090,0.000174348507801591
CMC,COMMERCIAL METALS CO,201723103,114000.0,1990,0.000174348507801591
IR,INGERSOLL RAND INC,45687V106,113000.0,1362,0.00017281913492613846
LMB,LIMBACH HOLDINGS INC,53263P105,113000.0,1163,0.00017281913492613846
SYY,SYSCO CORP,871829107,113000.0,1373,0.00017281913492613846
CINF,CINCINNATI FINANCIAL CORP,172062101,113000.0,715,0.00017281913492613846
FLUT,FLUTTER ENTERTAINMENT PLC,G3643J108,113000.0,444,0.00017281913492613846
MSA,MSA SAFETY INC,553498106,113000.0,658,0.00017281913492613846
TAP,MOLSON COORS BEVERAGE COMP,60871R209,113000.0,2488,0.00017281913492613846
ENSG,ENSIGN GROUP INC THE,29358P101,112000.0,648,0.00017128976205068593
SEE,SEALED AIR CORP NEW,81211K100,112000.0,3170,0.00017128976205068593
MTD,METTLER-TOLEDO INTL,592688105,112000.0,91,0.00017128976205068593
MTD,METTLER-TOLEDO INTL,592688105,112000.0,91,0.00017128976205068593
HPE,HEWLETT PACKARD ENTERPR WI,42824C109,112000.0,4544,0.00017128976205068593
TT,TRANE TECHNOLOGIES PLC,G8994E103,112000.0,265,0.00017128976205068593
UBER,UBER TECHNOLOGIES INC,90353T100,112000.0,1145,0.00017128976205068593
CARG,CARGURUS INC,141788109,111000.0,2987,0.00016976038917523338
PRM,PERIMETER SOLUTIONS INC,71385M107,111000.0,4956,0.00016976038917523338
VIG,VANGUARD DIVIDEND APPREC,921908844,111000.0,514,0.00016976038917523338
AWC,AMERICAN WATER WORKS CO,030420103,111000.0,800,0.00016976038917523338
AXGN,AXOGEN INC,05463X106,111000.0,6230,0.00016976038917523338
GFF,GRIFFON CORP,398433102,111000.0,1464,0.00016976038917523338
SSD,SIMPSON MFG,829073105,111000.0,662,0.00016976038917523338
FNF,FIDELITY NATL FINANCIAL GP,31620R303,111000.0,1829,0.00016976038917523338
CPK,CHESAPEAKE UTILITIES CORP,165303108,110000.0,815,0.00016823101629978083
PSEC,PROSPECT CAPITAL CORP,74348T102,110000.0,40000,0.00016823101629978083
CAE,CAE INC,124765108,110000.0,3703,0.00016823101629978083
SHOP,SHOPIFY INC,82509L107,110000.0,741,0.00016823101629978083
HMC,HONDA MOTOR CO LTD ADR,438128308,110000.0,3565,0.00016823101629978083
AORT,CRYOLIFE INC,228903100,110000.0,2593,0.00016823101629978083
ULS,UL SOLUTIONS INC,903731107,110000.0,1548,0.00016823101629978083
PANW,PALO ALTO NETWORKS INC,697435105,110000.0,541,0.00016823101629978083
FSV,FIRSTSERVICE CORP,33767E202,110000.0,579,0.00016823101629978083
BE,BLOOM ENERGY CORP,093712107,110000.0,1299,0.00016823101629978083
FI,FISERV INC,337738108,109000.0,849,0.00016670164342432828
HLIO,HELIOS TECHNOLOGIES INC,42328H109,109000.0,2095,0.00016670164342432828
RYAN,RYAN SPECIALTY HOLDNGS INC,78351F107,109000.0,1935,0.00016670164342432828
ADBE,ADOBE INC,00724F101,109000.0,310,0.00016670164342432828
MBB,ISHARES BARCLAY MBS BD FD,464288588,109000.0,1149,0.00016670164342432828
UBS,UBS GROUP AG,H42097107,109000.0,2652,0.00016670164342432828
RS,RELIANCE INC,759509102,109000.0,387,0.00016670164342432828
IRTC,IRHYTHM TECHNOLOGIES INC,450056106,109000.0,634,0.00016670164342432828
KIM,KIMCO REALTY CORP,49446R109,109000.0,4972,0.00016670164342432828
SRAD,SPORTRADAR HOLDING AG,H8088L103,109000.0,4070,0.00016670164342432828
KMI,KINDER MORGAN INC,49456B101,109000.0,3856,0.00016670164342432828
HIG,HARTFORD INS GROUP INC,416515104,109000.0,820,0.00016670164342432828
DASH,DOORDASH INC,25809K105,109000.0,401,0.00016670164342432828
SPTM,SPDR PORTFOLIO TOTAL STOCK,78464A805,109000.0,1348,0.00016670164342432828
VIG,VANGUARD DIVIDEND APPREC,921908844,108000.0,500,0.00016517227054887573
LULU,LULULEMON ATHLETICA INC,550021109,108000.0,607,0.00016517227054887573
LPLA,LPL FINL HLDGS INC COM,50212V100,108000.0,325,0.00016517227054887573
EQR,EQUITY RESIDENTIAL,29476L107,108000.0,1667,0.00016517227054887573
CVCO,CAVCO INDS INC,149568107,108000.0,186,0.00016517227054887573
MUSA,MURPHY USA INC COM,626755102,108000.0,278,0.00016517227054887573
FBT,FIRST TRUST NYSE ARCA BIOT,33733E203,108000.0,600,0.00016517227054887573
COCO,VITA COCO CO INC/THE,92846Q107,108000.0,2550,0.00016517227054887573
CCJ,CAMECO CORP,13321L108,108000.0,1288,0.00016517227054887573
KNSL,KINSALE CAPITAL GROUP INC,49714P108,108000.0,254,0.00016517227054887573
ILMN,ILLUMINA INC,452327109,108000.0,1142,0.00016517227054887573
KNSL,KINSALE CAPITAL GROUP INC,49714P108,108000.0,254,0.00016517227054887573
MELI,MERCADOLIBRE INC,58733R102,108000.0,46,0.00016517227054887573
CR,CRANE CO,224408104,108000.0,587,0.00016517227054887573
TD,TORONTO-DOMINION,891160509,108000.0,1350,0.00016517227054887573
MHK,MOHAWK INDUSTRIES INC,608190104,108000.0,840,0.00016517227054887573
CW,CURTISS WRIGHT CORP,231561101,108000.0,199,0.00016517227054887573
AVA,AVISTA CORP,05379B107,107000.0,2820,0.00016364289767342317
WYNN,WYNN RESORTS LTD,983134107,107000.0,833,0.00016364289767342317
CNM,CORE & MAIN INC,21874C102,107000.0,1982,0.00016364289767342317
VNT,VONTIER CORP,928881101,107000.0,2545,0.00016364289767342317
PWR,QUANTA SERVICES INC,74762E102,107000.0,259,0.00016364289767342317
GSK,GSK PLC ADR,37733W204,107000.0,2483,0.00016364289767342317
CRNX,CRINETICS PHARMACEUTICALS,22663K107,107000.0,2570,0.00016364289767342317
IGIB,ISHARES BARCLAYS INTERMED,464288638,107000.0,1986,0.00016364289767342317
CHRW,C H ROBINSON WORLDWIDE NEW,12541W209,107000.0,807,0.00016364289767342317
STE,STERIS PLC,G8473T100,107000.0,433,0.00016364289767342317
WING,WINGSTOP INC,974155103,107000.0,425,0.00016364289767342317
LNC,LINCOLN NATIONAL CORP IND,534187109,107000.0,2646,0.00016364289767342317
LGND,LIGAND PHARMACEUTICALS INC,53220K504,107000.0,605,0.00016364289767342317
ZBRA,ZEBRA TECHNOLOGIES CP CL A,989207105,107000.0,361,0.00016364289767342317
PLNT,PLANET FITNESS INC,72703H101,106000.0,1021,0.00016211352479797062
N/A,APTIV PLC NEW ORD,G3265R107,106000.0,1228,0.00016211352479797062
SPSC,SPS COMMERCE INC,78463M107,106000.0,1015,0.00016211352479797062
TRV,TRAVELERS COS INC,89417E109,106000.0,378,0.00016211352479797062
CYTK,CYTOKINETICS INC,23282W605,106000.0,1930,0.00016211352479797062
PXH,INVESCO RAFI EMERGING MKTS,46138E727,106000.0,4160,0.00016211352479797062
LOAR,LOAR HOLDINGS INC,53947R105,106000.0,1320,0.00016211352479797062
LEN/B,LENNAR CORP CL B,526057302,106000.0,883,0.00016211352479797062
PCAR,PACCAR INC COM,693718108,106000.0,1079,0.00016211352479797062
INTC,INTEL CORP,458140100,105000.0,3144,0.00016058415192251807
TMUS,T-MOBILE US INC,872590104,105000.0,438,0.00016058415192251807
CMC,COMMERCIAL METALS CO,201723103,105000.0,1839,0.00016058415192251807
RPM,RPM INTL INC,749685103,105000.0,887,0.00016058415192251807
CLH,CLEAN HARBORS INC,184496107,105000.0,454,0.00016058415192251807
ASML,ASML HOLDING NV ADR,N07059210,105000.0,108,0.00016058415192251807
MYRG,MYR GRP INC,55405W104,105000.0,505,0.00016058415192251807
URI,UNITED RENTALS INC,911363109,105000.0,110,0.00016058415192251807
MELI,MERCADOLIBRE INC,58733R102,105000.0,45,0.00016058415192251807
NDAQ,NASDAQ INC.,631103108,105000.0,1184,0.00016058415192251807
SMH,VANECK SEMICONDUCTOR ETF,92189F676,105000.0,322,0.00016058415192251807
WHD,CACTUS INC,127203107,105000.0,2663,0.00016058415192251807
NU,NU HOLDINGS LTD/CAYMAN,G6683N103,104000.0,6526,0.00015905477904706552
ENSG,ENSIGN GROUP INC THE,29358P101,104000.0,603,0.00015905477904706552
KEYS,KEYSIGHT TECHNOLOGIES INC,49338L103,104000.0,592,0.00015905477904706552
B,BARRICK MINING CORP,06849F108,104000.0,3162,0.00015905477904706552
SYF,SYNCHRONY FINANCIAL,87165B103,104000.0,1470,0.00015905477904706552
CARG,CARGURUS INC,141788109,103000.0,2756,0.00015752540617161294
ELV,ELEVANCE HEALTH INC,036752103,103000.0,320,0.00015752540617161294
CSCO,CISCO SYSTEMS INC,17275R102,103000.0,1511,0.00015752540617161294
ATMU,ATMUS FILTRATION TECHNOLOG,04956D107,103000.0,2295,0.00015752540617161294
GFF,GRIFFON CORP,398433102,103000.0,1351,0.00015752540617161294
T,AT&T INC,00206R102,103000.0,3644,0.00015752540617161294
RDNT,RADNET INC,750491102,103000.0,1351,0.00015752540617161294
XLU,UTILITIES SELECT SECT SPDR,81369Y886,103000.0,1185,0.00015752540617161294
EZU,ISHARES MSCI EUROZONE ETF,464286608,103000.0,1668,0.00015752540617161294
WSO,WATSCO INC,942622200,103000.0,254,0.00015752540617161294
FXH,FIRST TR EXCH TRD FD II,33734X143,103000.0,935,0.00015752540617161294
CTSH,COGNIZANT TECHNLGY,192446102,103000.0,1540,0.00015752540617161294
MMYT,MAKEMYTRIP LIMITED,V5633W109,102000.0,1091,0.0001559960332961604
PODD,INSULET CORP,45784P101,102000.0,330,0.0001559960332961604
ITRI,ITRON INC,465741106,102000.0,815,0.0001559960332961604
AXP,AMERICAN EXPRESS,025816109,102000.0,306,0.0001559960332961604
ULTA,ULTA BEAUTY INC,90384S303,102000.0,186,0.0001559960332961604
IDCC,INTERDIGITAL INC PA,45867G101,102000.0,295,0.0001559960332961604
LOW,LOWES COS INC,548661107,102000.0,404,0.0001559960332961604
SIRI,SIRIUS XM HLDGS NEW NPV,829933100,102000.0,4383,0.0001559960332961604
ODFL,OLD DOMINION FREIGHT,679580100,102000.0,721,0.0001559960332961604
MAS,MASCO CORP,574599106,102000.0,1450,0.0001559960332961604
BP,BP PLC ADR,055622104,102000.0,2947,0.0001559960332961604
J,JACOBS SOLUTIONS INC,46982L108,102000.0,680,0.0001559960332961604
TJX,TJX COMPANIES INC,872540109,102000.0,707,0.0001559960332961604
SAIC,SCIENCE APPLICATNS INTL CP,808625107,102000.0,1029,0.0001559960332961604
DD,DUPONT DE NEMOURS INC,26614N102,102000.0,1315,0.0001559960332961604
CR,CRANE CO,224408104,101000.0,551,0.00015446666042070783
BJ,BJS WHOLESALE CLUB HOLDIN,05550J101,101000.0,1079,0.00015446666042070783
QTWO,Q2 HLDGS INC,74736L109,101000.0,1399,0.00015446666042070783
PZZA,PAPA JOHNS INTERNATIONAL,698813102,101000.0,2106,0.00015446666042070783
BK,BANK NEW YORK MELLON CORP,064058100,101000.0,930,0.00015446666042070783
BHP,BHP GROUP LTD ADR,088606108,101000.0,1813,0.00015446666042070783
ETR,ENTERGY CORP NEW,29364G103,101000.0,1086,0.00015446666042070783
CAH,CARDINAL HEALTH INC,14149Y108,101000.0,641,0.00015446666042070783
VNT,VONTIER CORP,928881101,101000.0,2396,0.00015446666042070783
CVNA,CARVANA CO,146869102,101000.0,269,0.00015446666042070783
GEHC,GE HEALTHCARE TECHNOLOGIES,36266G107,101000.0,1341,0.00015446666042070783
PFE,PFIZER INC,717081103,101000.0,3963,0.00015446666042070783
POOL,POOL CORP,73278L105,100000.0,322,0.00015293728754525528
PNR,PENTAIR PLC,G7S00T104,100000.0,907,0.00015293728754525528
PRM,PERIMETER SOLUTIONS INC,71385M107,100000.0,4450,0.00015293728754525528
ZTS,ZOETIS INC,98978V103,100000.0,682,0.00015293728754525528
BIIB,BIOGEN INC,09062X103,100000.0,711,0.00015293728754525528
SAP,SAP SE ADR,803054204,100000.0,375,0.00015293728754525528
AXGN,AXOGEN INC,05463X106,100000.0,5588,0.00015293728754525528
WD5A,TRAVEL  LEISURE CO,894164102,100000.0,1680,0.00015293728754525528
HQY,HEALTHEQUITY INC,42226A107,100000.0,1057,0.00015293728754525528
QRVO,QORVO,74736K101,100000.0,1094,0.00015293728754525528
RDY,DR. REDDYS LAB ADR,256135203,100000.0,7127,0.00015293728754525528
SCHW,SCHWAB CHARLES CORP NEW,808513105,100000.0,1050,0.00015293728754525528
AZN,ASTRAZENECA PLC SPON ADR,046353108,100000.0,1298,0.00015293728754525528
AIG,AMERICAN INTL GROUP INC,026874784,100000.0,1273,0.00015293728754525528
PLNT,PLANET FITNESS INC,72703H101,100000.0,962,0.00015293728754525528
AIT,APPLIED INDL TECH INC COM,03820C105,100000.0,384,0.00015293728754525528
IYH,ISHARES DJ US HEALTH,464287762,99000.0,1685,0.00015140791466980273
BWXT,BWX TECHNOLOGIES INC,05605H100,99000.0,535,0.00015140791466980273
AES,AES CORP,00130H105,99000.0,7529,0.00015140791466980273
CCK,CROWN HLDGS INC,228368106,99000.0,1021,0.00015140791466980273
MLI,MUELLER INDS INC,624756102,99000.0,984,0.00015140791466980273
ETSY,ETSY INC,29786A106,99000.0,1489,0.00015140791466980273
GEV,GE VERNOVA LLC,36828A101,99000.0,161,0.00015140791466980273
PTC,PTC INC,69370C100,99000.0,490,0.00015140791466980273
AMH,AMERICAN HOMES 4 RENT CL A,02665T306,99000.0,2978,0.00015140791466980273
XLE,ENERGY SELECT SECTOR,81369Y506,99000.0,1106,0.00015140791466980273
CM,CDN IMPERIAL BK COMMER,136069101,99000.0,1234,0.00015140791466980273
MMM,3M CO,88579Y101,98000.0,629,0.00014987854179435018
CMCSA,COMCAST CORP CL A NEW,20030N101,98000.0,3124,0.00014987854179435018
TRL,DAVITA INC,23918K108,98000.0,736,0.00014987854179435018
BF/A,BROWN-FORMAN CORP A,115637100,98000.0,3628,0.00014987854179435018
CP,CANADIAN PACIFIC KANSAS CI,13646K108,98000.0,1311,0.00014987854179435018
HLIO,HELIOS TECHNOLOGIES INC,42328H109,98000.0,1874,0.00014987854179435018
BXP,BXP INC,101121101,98000.0,1324,0.00014987854179435018
BEN,FRANKLIN RES INC,354613101,98000.0,4232,0.00014987854179435018
7HP,HP INC,40434L105,98000.0,3600,0.00014987854179435018
BE,BLOOM ENERGY CORP,093712107,98000.0,1162,0.00014987854179435018
GLW,CORNING INC,219350105,98000.0,1189,0.00014987854179435018
MUSA,MURPHY USA INC COM,626755102,98000.0,253,0.00014987854179435018
LRCX,LAM RESEARCH CORP,512807306,98000.0,732,0.00014987854179435018
USFD,US FOODS HOLDING CORP,912008109,98000.0,1273,0.00014987854179435018
PFE,PFIZER INC,717081103,97000.0,3818,0.00014834916891889763
MRCY,MERCURY COMPUTER SYS COM,589378108,97000.0,1248,0.00014834916891889763
CEG,CONSTELLATION ENERGY CORP,21037T109,97000.0,294,0.00014834916891889763
PAYX,PAYCHEX INC,704326107,97000.0,768,0.00014834916891889763
FANG,DIAMONDBACK ENERGY INC,25278X109,97000.0,680,0.00014834916891889763
VEU,VNGRD FTSE ALL-WORLD EX-US,922042775,96000.0,1340,0.00014681979604344507
VIGI,VANGUARD INTERNATIONAL DIV,921946810,96000.0,1069,0.00014681979604344507
AG8,AGILENT TECHNOLOGIES,00846U101,96000.0,749,0.00014681979604344507
AVB,AVALONBAY COMMUNITIES INC,053484101,96000.0,495,0.00014681979604344507
CDW,CDW CORP/DE,12514G108,96000.0,602,0.00014681979604344507
WD,WALKER & DUNLOP INC,93148P102,96000.0,1145,0.00014681979604344507
MZTI,THE MARZETTI CO,513847103,96000.0,553,0.00014681979604344507
TRNO,TERRENO RLTY CORP,88146M101,96000.0,1697,0.00014681979604344507
RDNT,RADNET INC,750491102,95000.0,1251,0.00014529042316799252
TD,TORONTO-DOMINION,891160509,95000.0,1188,0.00014529042316799252
GIB/A,CGI INC,12532H104,95000.0,1066,0.00014529042316799252
TY,TRI-CONTINENTAL CORP,895436103,95000.0,2801,0.00014529042316799252
EFX,EQUIFAX INC,294429105,95000.0,372,0.00014529042316799252
ZION,ZIONS BANCORPORATION NA,989701107,95000.0,1678,0.00014529042316799252
HST,HOST HOTELS & RESORTS INC,44107P104,95000.0,5567,0.00014529042316799252
RYAAY,RYANAIR HLDGS PLC ADR,783513203,95000.0,1574,0.00014529042316799252
UDR,UDR INC,902653104,95000.0,2556,0.00014529042316799252
LULU,LULULEMON ATHLETICA INC,550021109,95000.0,534,0.00014529042316799252
N/A,APTIV PLC NEW ORD,G3265R107,95000.0,1100,0.00014529042316799252
AIT,APPLIED INDL TECH INC COM,03820C105,94000.0,360,0.00014376105029253997
MEDP,MEDPACE HOLDINGS,58506Q109,94000.0,182,0.00014376105029253997
DOCS,DOXIMITY INC,26622P107,94000.0,1289,0.00014376105029253997
AVY,AVERY DENNISON CORP,053611109,94000.0,580,0.00014376105029253997
SBAC,SBA COMMUNICATIONS CORP,78410G104,94000.0,485,0.00014376105029253997
IONQ,IONQ INC,46222L108,94000.0,1536,0.00014376105029253997
FITB,FIFTH THIRD BANCORP,316773100,94000.0,2110,0.00014376105029253997
AOS,SMITH A O CORP,831865209,94000.0,1285,0.00014376105029253997
ESI,ELEMENT SOLUTIONS INC,28618M106,94000.0,3744,0.00014376105029253997
CNP,CENTERPOINT ENERGY INC,15189T107,93000.0,2401,0.00014223167741708742
F,FORD MOTOR CO,345370860,93000.0,7783,0.00014223167741708742
HQY,HEALTHEQUITY INC,42226A107,93000.0,976,0.00014223167741708742
N/A,QIAGEN NV EUR 0.01,N72482206,93000.0,2083,0.00014223167741708742
TRP,TC ENERGY CORP NPV,87807B107,93000.0,1719,0.00014223167741708742
ASML,ASML HOLDING NV ADR,N07059210,93000.0,96,0.00014223167741708742
BOOT,BOOT BARN HLDGS INC,099406100,93000.0,560,0.00014223167741708742
LYV,LIVE NATION ENTERTMNT INC,538034109,93000.0,572,0.00014223167741708742
DON,SPDR DOW JONES INDL AVG TR,78467X109,93000.0,200,0.00014223167741708742
HSIC,HENRY SCHEIN INC,806407102,93000.0,1400,0.00014223167741708742
NSY,NICE LTD ADR,653656108,93000.0,642,0.00014223167741708742
XYZ,BLOCK INC,852234103,93000.0,1283,0.00014223167741708742
CP,CANADIAN PACIFIC KANSAS CI,13646K108,93000.0,1250,0.00014223167741708742
CP,CANADIAN PACIFIC KANSAS CI,13646K108,93000.0,1250,0.00014223167741708742
EXLS,EXLSERVICE HLDGS INC,302081104,93000.0,2101,0.00014223167741708742
VSH,VISHAY INTERTECHNOLOGY INC,928298108,93000.0,6080,0.00014223167741708742
VOE,VANGUARD MIDCAP VALUE ETF,922908512,93000.0,535,0.00014223167741708742
WHD,CACTUS INC,127203107,93000.0,2368,0.00014223167741708742
TW,TRADEWEB MARKETS INC,892672106,93000.0,838,0.00014223167741708742
CCCS,CCC INTELLIGENT SOLUTIONS,12510Q100,93000.0,10201,0.00014223167741708742
ROAD,CONSTRUCTION PARTNERS INC,21044C107,93000.0,735,0.00014223167741708742
SEI,SOLARIS OILFIELD INFRAST-A,83418M103,92000.0,2305,0.00014070230454163487
MANH,MANHATTAN ASSOCIATES INC,562750109,92000.0,447,0.00014070230454163487
ICF,ISHARES SELECT US REIT EFT,464287564,92000.0,1500,0.00014070230454163487
GS,GOLDMAN SACHS GROUP,38141G104,92000.0,115,0.00014070230454163487
SNY,SANOFI - ADR,80105N105,92000.0,1950,0.00014070230454163487
IOT,SAMSARA INC,79589L106,92000.0,2477,0.00014070230454163487
VPL,VANGUARD FTSE PACIFIC ETF,922042866,92000.0,1049,0.00014070230454163487
TTD,TRADE DESK INC/THE,88339J105,92000.0,1876,0.00014070230454163487
CW,CURTISS WRIGHT CORP,231561101,92000.0,170,0.00014070230454163487
DORM,DORMAN PRODUCTS,258278100,92000.0,590,0.00014070230454163487
CXT,CRANE NXT CO,224441105,92000.0,1366,0.00014070230454163487
7HP,HP INC,40434L105,92000.0,3394,0.00014070230454163487
PHR,PHREESIA INC,71944F106,91000.0,3852,0.00013917293166618231
GDDY,GODADDY INC,380237107,91000.0,664,0.00013917293166618231
VNQI,VANGUARD GLBL EX-US REAL,922042676,91000.0,1908,0.00013917293166618231
CMG,CHIPOTLE MEXICAN GRILL,169656105,91000.0,2324,0.00013917293166618231
SCHW,SCHWAB CHARLES CORP NEW,808513105,91000.0,950,0.00013917293166618231
CHTR,CHARTER COMMUNICATIONS INC,16119P108,91000.0,329,0.00013917293166618231
CXT,CRANE NXT CO,224441105,91000.0,1354,0.00013917293166618231
TREX,TREX INC COM,89531P105,91000.0,1754,0.00013917293166618231
IDXX,IDEXX LABS CORP,45168D104,91000.0,143,0.00013917293166618231
T,AT&T INC,00206R102,91000.0,3213,0.00013917293166618231
VRTX,VERTEX PHARMACEUTICALS,92532F100,91000.0,233,0.00013917293166618231
VTEB,VANGUARD TAX-EXEMPT BOND I,922907746,91000.0,1820,0.00013917293166618231
CVCO,CAVCO INDS INC,149568107,91000.0,157,0.00013917293166618231
DE,DEERE & CO,244199105,91000.0,200,0.00013917293166618231
COOP,MR COOPER GROUP INC,62482R107,90000.0,426,0.00013764355879072976
QUAL,ISHARES MSCI USA QUALITY,46432F339,90000.0,465,0.00013764355879072976
ON1,OLD NATIONAL BANCORP IND,680033107,90000.0,4085,0.00013764355879072976
BCH,BANCO DE CHILE ADR,059520106,90000.0,2955,0.00013764355879072976
AROC,ARCHROCK INC,03957W106,90000.0,3435,0.00013764355879072976
MGK,VANGUARD MEGACAP GROWTH,921910816,90000.0,223,0.00013764355879072976
AKAM,AKAMAI TECHNOLOGIES,00971T101,90000.0,1188,0.00013764355879072976
FDS,FACTSET RESH SYS INC,303075105,90000.0,314,0.00013764355879072976
UMC,UNITED MICROELECTRN ADR,910873405,90000.0,11934,0.00013764355879072976
CTSH,COGNIZANT TECHNLGY,192446102,90000.0,1345,0.00013764355879072976
VRRM,VERRA MOBILITY CORP,92511U102,89000.0,3598,0.0001361141859152772
CG,CARLYLE GROUP INC/THE,14316J108,89000.0,1427,0.0001361141859152772
MRVL,MARVELL TECHNOLOGY INC,573874104,89000.0,1058,0.0001361141859152772
KEX,KIRBY CORP,497266106,89000.0,1068,0.0001361141859152772
AGX,ARGAN INC,04010E109,89000.0,330,0.0001361141859152772
HUBS,HUBSPOT INC,443573100,89000.0,191,0.0001361141859152772
KNF,KNIFE RIVER CORP,498894104,89000.0,1155,0.0001361141859152772
KTOS,KRATOS DEFENSE & SECURITY,50077B207,89000.0,979,0.0001361141859152772
TRNO,TERRENO RLTY CORP,88146M101,89000.0,1572,0.0001361141859152772
STT,STATE ST CORP,857477103,88000.0,761,0.00013458481303982466
FSS,FEDERAL SIGNAL,313855108,88000.0,737,0.00013458481303982466
LH,LABCORP HLDGS,504922105,88000.0,306,0.00013458481303982466
WBD,WARNER BROS DISCOVERY INC,934423104,88000.0,4492,0.00013458481303982466
TDY,TELEDYNE TECHNOLOGIES INC,879360105,88000.0,150,0.00013458481303982466
KTOS,KRATOS DEFENSE & SECURITY,50077B207,88000.0,965,0.00013458481303982466
ROAD,CONSTRUCTION PARTNERS INC,21044C107,88000.0,689,0.00013458481303982466
ALLE,ALLEGION PLC ORD SHS,G0176J109,88000.0,496,0.00013458481303982466
RJF,RAYMOND JAMES FINANCIAL,754730109,88000.0,507,0.00013458481303982466
HWC,HANCOCK WHITNEY CORP,410120109,88000.0,1408,0.00013458481303982466
OC,OWENS CORNING INC,690742101,88000.0,625,0.00013458481303982466
BEPC,BROOKFIELD RENEWABLE CORP,11285B108,88000.0,2561,0.00013458481303982466
RHP,RYMAN HOSPITALTY PPTYS INC,78377T107,88000.0,977,0.00013458481303982466
BELFB,BEL FUSE INC CL B,077347300,88000.0,626,0.00013458481303982466
MRX,MAREX GROUP PLC,G5S37H101,88000.0,2625,0.00013458481303982466
TXT,TEXTRON INC,883203101,88000.0,1041,0.00013458481303982466
RHI,ROBERT HALF INC,770323103,88000.0,2599,0.00013458481303982466
QTWO,Q2 HLDGS INC,74736L109,88000.0,1216,0.00013458481303982466
DOW,DOW INC,260557103,88000.0,3855,0.00013458481303982466
RBC,RBC BEARING INC COM,75524B104,87000.0,223,0.0001330554401643721
CRUS,CIRRUS LOGIC INC,172755100,87000.0,692,0.0001330554401643721
NET,CLOUDFLARE INC,18915M107,87000.0,407,0.0001330554401643721
EPAC,ENERPAC TOOL GROUP CORP,292765104,87000.0,2120,0.0001330554401643721
APG,API GROUP CORP,00187Y100,87000.0,2526,0.0001330554401643721
CI,THE CIGNA GROUP,125523100,87000.0,301,0.0001330554401643721
DELL,DELL TECHNOLOGIES INC,24703L202,87000.0,614,0.0001330554401643721
GIS,GENERAL MILLS INC,370334104,87000.0,1725,0.0001330554401643721
ESI,ELEMENT SOLUTIONS INC,28618M106,87000.0,3448,0.0001330554401643721
EXLS,EXLSERVICE HLDGS INC,302081104,87000.0,1981,0.0001330554401643721
BAH,BOOZ ALLEN HAMILTON HLDGS,099502106,87000.0,872,0.0001330554401643721
OTX,OPEN TEXT CORP COM,683715106,87000.0,2332,0.0001330554401643721
LMB,LIMBACH HOLDINGS INC,53263P105,87000.0,891,0.0001330554401643721
FI,FISERV INC,337738108,87000.0,675,0.0001330554401643721
CSL,CARLISLE COS,142339100,86000.0,261,0.00013152606728891955
TCBI,TEXAS CAPITAL BANCSHARES,88224Q107,86000.0,1017,0.00013152606728891955
BSY,BENTLEY SYSTEMS INC,08265T208,86000.0,1676,0.00013152606728891955
MMSI,MERIT MEDICAL SYS,589889104,86000.0,1039,0.00013152606728891955
ENSG,ENSIGN GROUP INC THE,29358P101,86000.0,500,0.00013152606728891955
VIRT,VIRTU FINANCIAL INC,928254101,86000.0,2420,0.00013152606728891955
SM,SM ENERGY CO,78454L100,86000.0,3450,0.00013152606728891955
PFF,ISHARES TR ISHARES PFD,464288687,86000.0,2724,0.00013152606728891955
VTRS,VIATRIS INC,92556V106,86000.0,8680,0.00013152606728891955
FOR,FORESTAR GROUP INC,346232101,86000.0,3245,0.00013152606728891955
EBA,EBAY INC,278642103,86000.0,945,0.00013152606728891955
NEM,NEWMONT CORPORATION,651639106,86000.0,1023,0.00013152606728891955
REZI,RESIDEO TECH INC,76118Y104,85000.0,1977,0.000129996694413467
IONQ,IONQ INC,46222L108,85000.0,1375,0.000129996694413467
IM8N,INSMED INC COM,457669307,85000.0,588,0.000129996694413467
PGR,PROGRESSIVE CORP OHIO,743315103,85000.0,343,0.000129996694413467
VLO,VALERO ENERGY NEW,91913Y100,85000.0,498,0.000129996694413467
IBKR,INTERACTIVE BROKER,45841N107,85000.0,1234,0.000129996694413467
MGM,MGM RESORTS INTERNATIONAL,552953101,85000.0,2460,0.000129996694413467
SAIA,SAIA INC COM,78709Y105,85000.0,284,0.000129996694413467
DCI,DONALDSON CO,257651109,85000.0,1033,0.000129996694413467
TSN,TYSON FOODS,902494103,85000.0,1571,0.000129996694413467
HRB,BLOCK H&R INC,093671105,84000.0,1655,0.00012846732153801445
MTCH,MATCH GROUP INC,57667L107,84000.0,2391,0.00012846732153801445
CXT,CRANE NXT CO,224441105,84000.0,1248,0.00012846732153801445
MINT,PIMCO ETF TR ENHAN SHRT,72201R833,84000.0,830,0.00012846732153801445
CADE,CADENCE BANK,12740C103,84000.0,2246,0.00012846732153801445
CR,CRANE CO,224408104,84000.0,454,0.00012846732153801445
JBHT,J B HUNT TRANSPORT SVCS,445658107,84000.0,625,0.00012846732153801445
SSB,SOUTHSTATE CORP NPV,84472E102,84000.0,852,0.00012846732153801445
ON1,OLD NATIONAL BANCORP IND,680033107,84000.0,3833,0.00012846732153801445
VOT,VANGUARD INDEX FDS MCAP GR,922908538,84000.0,285,0.00012846732153801445
AG8,AGILENT TECHNOLOGIES,00846U101,84000.0,654,0.00012846732153801445
INFY,INFOSYS LTD ADR,456788108,84000.0,5165,0.00012846732153801445
EOS,EATON VANCE EQTY FD 2 INC,278277108,84000.0,3500,0.00012846732153801445
QUAL,ISHARES MSCI USA QUALITY,46432F339,83000.0,427,0.0001269379486625619
RBC,RBC BEARING INC COM,75524B104,83000.0,212,0.0001269379486625619
CSW,CSW INDUSTRIALS INC,126402106,83000.0,340,0.0001269379486625619
ACN,ACCENTURE PLC CL A,G1151C101,83000.0,336,0.0001269379486625619
ATO,ATMOS ENERGY CORP,049560105,83000.0,484,0.0001269379486625619
ACVA,ACV AUCTIONS INC,00091G104,83000.0,8352,0.0001269379486625619
MMC,MARSH & MCLENNAN COS INC,571748102,83000.0,410,0.0001269379486625619
BELFB,BEL FUSE INC CL B,077347300,83000.0,587,0.0001269379486625619
VNT,VONTIER CORP,928881101,83000.0,1979,0.0001269379486625619
RYAN,RYAN SPECIALTY HOLDNGS INC,78351F107,83000.0,1467,0.0001269379486625619
JKHY,HENRY JACK & ASSOC INC COM,426281101,83000.0,554,0.0001269379486625619
MDT,MEDTRONIC PLC,G5960L103,83000.0,875,0.0001269379486625619
MUSA,MURPHY USA INC COM,626755102,83000.0,214,0.0001269379486625619
BLDR,BUILDERS FIRSTSOURCE INC,12008R107,82000.0,675,0.00012540857578710935
DORM,DORMAN PRODUCTS,258278100,82000.0,529,0.00012540857578710935
DTE,DETROIT ENERGY CO,233331107,82000.0,577,0.00012540857578710935
TRP,TC ENERGY CORP NPV,87807B107,82000.0,1514,0.00012540857578710935
IRTC,IRHYTHM TECHNOLOGIES INC,450056106,82000.0,475,0.00012540857578710935
COCO,VITA COCO CO INC/THE,92846Q107,82000.0,1933,0.00012540857578710935
ESNT,ESSENT GROUP LTD,G3198U102,82000.0,1288,0.00012540857578710935
SON,SONOCO PRODUCTS,835495102,82000.0,1903,0.00012540857578710935
QTWO,Q2 HLDGS INC,74736L109,82000.0,1126,0.00012540857578710935
UAL,UNITED AIRLINES HLDS INC,910047109,82000.0,847,0.00012540857578710935
PHR,PHREESIA INC,71944F106,82000.0,3493,0.00012540857578710935
LNW,LIGHT & WONDER INC.,80874P109,82000.0,981,0.00012540857578710935
SE,SEA LTD ADR,81141R100,82000.0,456,0.00012540857578710935
IPAR,INTERPARFUMS INC,458334109,82000.0,830,0.00012540857578710935
PLNT,PLANET FITNESS INC,72703H101,82000.0,794,0.00012540857578710935
EWC,ISHARES INC MSCI CDA INDEX,464286509,81000.0,1600,0.0001238792029116568
TECH,BIO-TECHNE CORP NPV,09073M104,81000.0,1463,0.0001238792029116568
GSK,GSK PLC ADR,37733W204,81000.0,1871,0.0001238792029116568
SLNO,SOLENO THERAPEUTICS INC,834203309,81000.0,1200,0.0001238792029116568
CNM,CORE & MAIN INC,21874C102,81000.0,1504,0.0001238792029116568
MOO,VANECK AGRIBUSINESS ETF,92189F700,81000.0,1108,0.0001238792029116568
VRRM,VERRA MOBILITY CORP,92511U102,81000.0,3294,0.0001238792029116568
CB,CHUBB LIMITED,H1467J104,81000.0,288,0.0001238792029116568
STAG,STAG INDUSTRIAL INC,85254J102,81000.0,2284,0.0001238792029116568
BBIO,BRIDGEBIO PHARMA INC,10806X102,81000.0,1560,0.0001238792029116568
ADSK,AUTODESK INC,052769106,81000.0,256,0.0001238792029116568
VWO,VANGUARD FTSE EMER MKT ETF,922042858,81000.0,1501,0.0001238792029116568
EL,ESTEE LAUDER COS INC CL A,518439104,81000.0,917,0.0001238792029116568
RHP,RYMAN HOSPITALTY PPTYS INC,78377T107,81000.0,903,0.0001238792029116568
PCAR,PACCAR INC COM,693718108,81000.0,828,0.0001238792029116568
NEM,NEWMONT CORPORATION,651639106,81000.0,959,0.0001238792029116568
CARR,CARRIER GLOBAL CORP,14448C104,81000.0,1362,0.0001238792029116568
AON,AON PLC,G0403H108,80000.0,225,0.00012234983003620424
CMS,CMS ENERGY CORP,125896100,80000.0,1090,0.00012234983003620424
BMI,BADGER METER INC,056525108,80000.0,448,0.00012234983003620424
GDDY,GODADDY INC,380237107,80000.0,582,0.00012234983003620424
BTI,BRITISH AMER TOBC ADS ADR,110448107,80000.0,1509,0.00012234983003620424
FMF,FORM FACTOR INC,346375108,80000.0,2191,0.00012234983003620424
SSD,SIMPSON MFG,829073105,80000.0,475,0.00012234983003620424
MKSI,MKS INC,55306N104,80000.0,650,0.00012234983003620424
EME,EMCOR GROUP INC,29084Q100,80000.0,123,0.00012234983003620424
DKNG,DRAFTKINGS INC,26142V105,80000.0,2151,0.00012234983003620424
CURB,CURBLINE PPTYS CORP,23128Q101,80000.0,3570,0.00012234983003620424
RDNT,RADNET INC,750491102,80000.0,1044,0.00012234983003620424
PPG,PPG INDUSTRIES INC,693506107,80000.0,763,0.00012234983003620424
BJ,BJS WHOLESALE CLUB HOLDIN,05550J101,80000.0,861,0.00012234983003620424
HWC,HANCOCK WHITNEY CORP,410120109,79000.0,1257,0.00012082045716075166
ULS,UL SOLUTIONS INC,903731107,79000.0,1116,0.00012082045716075166
CAG,CONAGRA BRANDS INC,205887102,79000.0,4309,0.00012082045716075166
NNN,NNN REIT INC,637417106,79000.0,1852,0.00012082045716075166
MDY,SPDR S&P MIDCAP 400 ETF TR,78467Y107,79000.0,132,0.00012082045716075166
DHI,DR HORTON INC,23331A109,79000.0,469,0.00012082045716075166
SSB,SOUTHSTATE CORP NPV,84472E102,79000.0,800,0.00012082045716075166
BURL,BURLINGTON STORES INC,122017106,79000.0,312,0.00012082045716075166
TCBI,TEXAS CAPITAL BANCSHARES,88224Q107,79000.0,937,0.00012082045716075166
HLNE,HAMILTON LANE INC,407497106,79000.0,586,0.00012082045716075166
GEN,GEN DIGITAL INC,668771108,79000.0,2775,0.00012082045716075166
VTR,VENTAS INC,92276F100,79000.0,1134,0.00012082045716075166
IP,INTERNATIONAL PAPER,460146103,79000.0,1710,0.00012082045716075166
NKTR,NEKTAR THERAPEUTICS,640268306,79000.0,1380,0.00012082045716075166
ESGU,ISHARES TRUST ISHARES ESG,46435G425,79000.0,545,0.00012082045716075166
NCNO,NCINO INC,63947X101,79000.0,2910,0.00012082045716075166
GILD,GILEAD SCIENCES,375558103,78000.0,706,0.00011929108428529911
MMM,3M CO,88579Y101,78000.0,500,0.00011929108428529911
ABCB,AMERIS BANCORP,03076K108,78000.0,1066,0.00011929108428529911
EA,ELECTRONIC ARTS,285512109,78000.0,388,0.00011929108428529911
WFC,WELLS FARGO & CO NEW,949746101,78000.0,928,0.00011929108428529911
CADE,CADENCE BANK,12740C103,78000.0,2075,0.00011929108428529911
DSGX,DESCARTES SYSTEMS GRP,249906108,78000.0,826,0.00011929108428529911
EMN,EASTMAN CHEMICAL CO,277432100,78000.0,1242,0.00011929108428529911
UBER,UBER TECHNOLOGIES INC,90353T100,78000.0,798,0.00011929108428529911
POOL,POOL CORP,73278L105,78000.0,251,0.00011929108428529911
HOLX,HOLOGIC INC,436440101,78000.0,1154,0.00011929108428529911
USB,US BANCORP DEL NEW,902973304,78000.0,1622,0.00011929108428529911
3TY,TITAN MACHINERY IN,88830R101,78000.0,4675,0.00011929108428529911
MRP,MILLROSE PROPERTIES CL A,601137102,78000.0,2317,0.00011929108428529911
PEG,PUBLIC SERV ENTERPRISE GP,744573106,77000.0,923,0.00011776171140984657
NNN,NNN REIT INC,637417106,77000.0,1810,0.00011776171140984657
ILMN,ILLUMINA INC,452327109,77000.0,808,0.00011776171140984657
TDC,TERADATA CORP,88076W103,77000.0,3593,0.00011776171140984657
ESS,ESSEX PPTY TR INC,297178105,77000.0,286,0.00011776171140984657
FTV,FORTIVE CO,34959J108,77000.0,1562,0.00011776171140984657
MMC,MARSH & MCLENNAN COS INC,571748102,77000.0,383,0.00011776171140984657
MRVL,MARVELL TECHNOLOGY INC,573874104,77000.0,916,0.00011776171140984657
HOOD,ROBINHOOD MARKETS INC,770700102,77000.0,535,0.00011776171140984657
AIT,APPLIED INDL TECH INC COM,03820C105,77000.0,296,0.00011776171140984657
CRWD,CROWDSTRIKE HOLDINGS INC,22788C105,77000.0,158,0.00011776171140984657
VLTO,VERALTO CORP,92338C103,76000.0,710,0.00011623233853439402
TTC,TORO CO,891092108,76000.0,995,0.00011623233853439402
IBP,INSTALLED BUILDING PRODUCT,45780R101,76000.0,307,0.00011623233853439402
CDW,CDW CORP/DE,12514G108,76000.0,478,0.00011623233853439402
ESNT,ESSENT GROUP LTD,G3198U102,76000.0,1192,0.00011623233853439402
FOX,FOX CORP - CLASS B,35137L204,76000.0,1332,0.00011623233853439402
TXRH,TEXAS ROADHOUSE INC,882681109,76000.0,455,0.00011623233853439402
STWD,STARWOOD PROPERTY TRUST,85571B105,76000.0,3946,0.00011623233853439402
SRRK,SCHOLAR ROCK HOLDING CORP,80706P103,76000.0,2045,0.00011623233853439402
LPLA,LPL FINL HLDGS INC COM,50212V100,76000.0,228,0.00011623233853439402
NDSN,NORDSON CORP,655663102,75000.0,331,0.00011470296565894147
GRMN,GARMIN LTD,H2906T109,75000.0,304,0.00011470296565894147
DVN,DEVON ENERGY CORP,25179M103,75000.0,2134,0.00011470296565894147
BN,BROOKFIELD CORP,11271J107,75000.0,1096,0.00011470296565894147
BIL,SPDR BLOOMBERG BARCLAYS 1-,78468R663,75000.0,815,0.00011470296565894147
EMN,EASTMAN CHEMICAL CO,277432100,75000.0,1182,0.00011470296565894147
ONTO,ONTO INNOVATION INC,683344105,75000.0,582,0.00011470296565894147
RGA,REINSURANCE GROUP AMER,759351604,75000.0,389,0.00011470296565894147
NVT,NVENT ELECTRIC PLC,G6700G107,75000.0,758,0.00011470296565894147
WELL,WELLTOWER OP INC,95040Q104,75000.0,419,0.00011470296565894147
STAG,STAG INDUSTRIAL INC,85254J102,75000.0,2123,0.00011470296565894147
PSTG,PURE STORAGE INC-CLASS A,74624M102,75000.0,899,0.00011470296565894147
EFX,EQUIFAX INC,294429105,75000.0,292,0.00011470296565894147
ORI,OLD REPUBLIC INTL CORP,680223104,75000.0,1771,0.00011470296565894147
BWXT,BWX TECHNOLOGIES INC,05605H100,75000.0,409,0.00011470296565894147
FE,FIRSTENERGY CORP,337932107,75000.0,1641,0.00011470296565894147
AWM,SKYWORKS SOLUTIONS INC,83088M102,74000.0,967,0.00011317359278348892
IAU,ISHARES GOLD TRUST,464285204,74000.0,1018,0.00011317359278348892
ONON,ON HOLDING AG,H5919C104,74000.0,1737,0.00011317359278348892
JBL,JABIL INC,466313103,74000.0,339,0.00011317359278348892
ITT,ITT INC,45073V108,74000.0,416,0.00011317359278348892
MKSI,MKS INC,55306N104,74000.0,596,0.00011317359278348892
WH,WYNDHAM HOTELS & RESORTS,98311A105,74000.0,920,0.00011317359278348892
TW,TRADEWEB MARKETS INC,892672106,74000.0,670,0.00011317359278348892
BBVA,BANCO BILBAO VIZ AR ADR,05946K101,74000.0,3839,0.00011317359278348892
FLUT,FLUTTER ENTERTAINMENT PLC,G3643J108,74000.0,293,0.00011317359278348892
LNC,LINCOLN NATIONAL CORP IND,534187109,74000.0,1839,0.00011317359278348892
NATL,NCR ATLEOS CORP,63001N106,74000.0,1872,0.00011317359278348892
KHC,KRAFT HEINZ CO,500754106,74000.0,2853,0.00011317359278348892
LRCX,LAM RESEARCH CORP,512807306,74000.0,550,0.00011317359278348892
TOWN,TOWNEBANK COM,89214P109,74000.0,2142,0.00011317359278348892
BMI,BADGER METER INC,056525108,74000.0,415,0.00011317359278348892
O,REALTY INCOME CORP,756109104,73000.0,1208,0.00011164421990803636
BV,BRIGHTVIEW HOLDINGS INC,10948C107,73000.0,5478,0.00011164421990803636
MEDP,MEDPACE HOLDINGS,58506Q109,73000.0,141,0.00011164421990803636
CRWD,CROWDSTRIKE HOLDINGS INC,22788C105,73000.0,148,0.00011164421990803636
AZO,AUTOZONE INC,053332102,73000.0,17,0.00011164421990803636
BFH,BREAD FINANCIAL HOLDINGS,018581108,73000.0,1306,0.00011164421990803636
ES,EVERSOURCE ENERGY NPV,30040W108,73000.0,1032,0.00011164421990803636
MUFG,MITSUBISHI UFJ FINL ADR,606822104,73000.0,4559,0.00011164421990803636
FMF,FORM FACTOR INC,346375108,73000.0,2016,0.00011164421990803636
DOX,AMDOCS LTD ORD,G02602103,73000.0,892,0.00011164421990803636
PGR,PROGRESSIVE CORP OHIO,743315103,73000.0,296,0.00011164421990803636
XLC,COMMUNICATION SERVICES SEL,81369Y852,73000.0,616,0.00011164421990803636
PAYX,PAYCHEX INC,704326107,73000.0,573,0.00011164421990803636
RMBS,RAMBUS INC,750917106,73000.0,704,0.00011164421990803636
DLTR,DOLLAR TREE INC,256746108,73000.0,772,0.00011164421990803636
IEMG,ISHARES CORE MSCI EM MKTS,46434G103,73000.0,1105,0.00011164421990803636
SSD,SIMPSON MFG,829073105,73000.0,436,0.00011164421990803636
FIX,COMFORT SYSTEMS USA INC,199908104,73000.0,88,0.00011164421990803636
CSX,CSX CORP,126408103,72000.0,2031,0.00011011484703258381
ARW,ARROW ELECTRONICS,042735100,72000.0,591,0.00011011484703258381
LYV,LIVE NATION ENTERTMNT INC,538034109,72000.0,440,0.00011011484703258381
TFC,TRUIST FINANCIAL CORP,89832Q109,72000.0,1569,0.00011011484703258381
GENI,GENIUS SPORTS LTD,G3934V109,72000.0,5810,0.00011011484703258381
ALB,ALBEMARLE CORP,012653101,72000.0,883,0.00011011484703258381
HLNE,HAMILTON LANE INC,407497106,72000.0,536,0.00011011484703258381
EXLS,EXLSERVICE HLDGS INC,302081104,72000.0,1637,0.00011011484703258381
CHD,CHURCH & DWIGHT INC,171340102,72000.0,826,0.00011011484703258381
BFAM,BRIGHT HORIZONS FAMILY,109194100,72000.0,667,0.00011011484703258381
DSGX,DESCARTES SYSTEMS GRP,249906108,72000.0,763,0.00011011484703258381
DHI,DR HORTON INC,23331A109,72000.0,423,0.00011011484703258381
APG,API GROUP CORP,00187Y100,72000.0,2099,0.00011011484703258381
NI,NISOURCE INC,65473P105,71000.0,1640,0.00010858547415713126
PLTR,PALANTIR TECHNOLOGIES INC,69608A108,71000.0,388,0.00010858547415713126
KMB,KIMBERLY-CLARK CORP,494368103,71000.0,570,0.00010858547415713126
SAIA,SAIA INC COM,78709Y105,71000.0,236,0.00010858547415713126
DORM,DORMAN PRODUCTS,258278100,71000.0,456,0.00010858547415713126
RMBS,RAMBUS INC,750917106,71000.0,677,0.00010858547415713126
CMG,CHIPOTLE MEXICAN GRILL,169656105,71000.0,1822,0.00010858547415713126
AIG,AMERICAN INTL GROUP INC,026874784,71000.0,906,0.00010858547415713126
MANH,MANHATTAN ASSOCIATES INC,562750109,71000.0,347,0.00010858547415713126
AXS,AXIS CAPITAL HOLDINGS,G0692U109,71000.0,737,0.00010858547415713126
BAH,BOOZ ALLEN HAMILTON HLDGS,099502106,71000.0,709,0.00010858547415713126
DEO,DIAGEO PLC ADR NEW,25243Q205,71000.0,743,0.00010858547415713126
TXRH,TEXAS ROADHOUSE INC,882681109,71000.0,425,0.00010858547415713126
AN,AUTONATION INC,05329W102,71000.0,326,0.00010858547415713126
TECH,BIO-TECHNE CORP NPV,09073M104,71000.0,1284,0.00010858547415713126
ENTG,ENTEGRIS INC,29362U104,71000.0,766,0.00010858547415713126
EA,ELECTRONIC ARTS,285512109,71000.0,351,0.00010858547415713126
FDL,FIRST TRUST MORN DVD LEAD,336917109,71000.0,1645,0.00010858547415713126
SAP,SAP SE ADR,803054204,71000.0,264,0.00010858547415713126
MTUM,ISHARES MSCI USA MOMENTUM,46432F396,71000.0,275,0.00010858547415713126
UFPT,UFP TECHNOLOGIES INC,902673102,71000.0,354,0.00010858547415713126
IBP,INSTALLED BUILDING PRODUCT,45780R101,71000.0,289,0.00010858547415713126
ENIC,ENEL CHILE S.A. ADR,29278D105,70000.0,17896,0.00010705610128167871
YUMC,YUM CHINA HOLDINGS INC,98850P109,70000.0,1635,0.00010705610128167871
KD,KYNDRYL HOLDINGS INC,50155Q100,70000.0,2335,0.00010705610128167871
FAST,FASTENAL INC COM,311900104,70000.0,1424,0.00010705610128167871
SMCI,SUPER MICRO COMPUTER,86800U302,70000.0,1458,0.00010705610128167871
HD,HOME DEPOT,437076102,70000.0,172,0.00010705610128167871
CNI,CANADIAN NATL RAILWAY,136375102,70000.0,741,0.00010705610128167871
APA,APA CORP,03743Q108,70000.0,2872,0.00010705610128167871
CCCS,CCC INTELLIGENT SOLUTIONS,12510Q100,70000.0,7662,0.00010705610128167871
MSA,MSA SAFETY INC,553498106,70000.0,408,0.00010705610128167871
NVO,NOVO NORDISK A S ADR,670100205,70000.0,1257,0.00010705610128167871
USFR,WISDOMTREE FLOATING RATE T,97717Y527,70000.0,1400,0.00010705610128167871
SO,SOUTHERN CO,842587107,70000.0,743,0.00010705610128167871
FCNCA,FIRST CITIZEN BANCSHS A,31946M103,70000.0,39,0.00010705610128167871
AIN,ALBANY INTL CORP CL A,012348108,70000.0,1320,0.00010705610128167871
CI,THE CIGNA GROUP,125523100,69000.0,239,0.00010552672840622616
CDNS,CADENCE DESIGN SYSTEMS INC,127387108,69000.0,195,0.00010552672840622616
NXPI,NXP SEMICONDUCTORS NV,N6596X109,69000.0,302,0.00010552672840622616
OKLO,OKLO INC,02156V109,69000.0,620,0.00010552672840622616
PPG,PPG INDUSTRIES INC,693506107,69000.0,653,0.00010552672840622616
IOT,SAMSARA INC,79589L106,69000.0,1865,0.00010552672840622616
HLN,HALEON PLC ADR,405552100,69000.0,7699,0.00010552672840622616
ON1,OLD NATIONAL BANCORP IND,680033107,69000.0,3145,0.00010552672840622616
KVUE,KENVUE INC,49177J102,69000.0,4270,0.00010552672840622616
AWC,AMERICAN WATER WORKS CO,030420103,69000.0,494,0.00010552672840622616
ARMK,ARAMARK,03852U106,69000.0,1805,0.00010552672840622616
DVY,ISHARES DJ SEL,464287168,69000.0,486,0.00010552672840622616
BFAM,BRIGHT HORIZONS FAMILY,109194100,69000.0,638,0.00010552672840622616
ONTO,ONTO INNOVATION INC,683344105,69000.0,531,0.00010552672840622616
NXT,NEXTRACKER INC,65290E101,69000.0,932,0.00010552672840622616
MCX,MCCORMICK & CO NON VTG,579780206,69000.0,1029,0.00010552672840622616
INTC,INTEL CORP,458140100,68000.0,2031,0.0001039973555307736
NXT,NEXTRACKER INC,65290E101,68000.0,918,0.0001039973555307736
DD,DUPONT DE NEMOURS INC,26614N102,68000.0,877,0.0001039973555307736
ABCB,AMERIS BANCORP,03076K108,68000.0,931,0.0001039973555307736
BELFB,BEL FUSE INC CL B,077347300,68000.0,484,0.0001039973555307736
AWG,ASBURY AUTOMOTIVE GROUP,043436104,68000.0,280,0.0001039973555307736
VRRM,VERRA MOBILITY CORP,92511U102,68000.0,2759,0.0001039973555307736
MOG/A,MOOG A,615394202,68000.0,327,0.0001039973555307736
NXRT,NEXPOINT RESIDENTIAL TRUST,65341D102,68000.0,2117,0.0001039973555307736
HWC,HANCOCK WHITNEY CORP,410120109,68000.0,1087,0.0001039973555307736
AMD,ADVANCED MICRO DEVICES INC,007903107,68000.0,420,0.0001039973555307736
TTEK,TETRA TECH INC,88162G103,68000.0,2028,0.0001039973555307736
HDV,ISHARES CORE HIGH DIVIDEND,46429B663,68000.0,556,0.0001039973555307736
HSY,THE HERSHEY COMPANY,427866108,68000.0,362,0.0001039973555307736
BV,BRIGHTVIEW HOLDINGS INC,10948C107,68000.0,5111,0.0001039973555307736
XLY,SELECT SECTOR SPDR TR SBI,81369Y407,68000.0,285,0.0001039973555307736
EQR,EQUITY RESIDENTIAL,29476L107,68000.0,1053,0.0001039973555307736
ESE,ESCO TECHNOLOGIES INC,296315104,68000.0,320,0.0001039973555307736
VTIP,VANGUARD SHORT-TERM INFLAT,922020805,68000.0,1345,0.0001039973555307736
CNQ,CANADIAN NATURAL RES,136385101,68000.0,2128,0.0001039973555307736
TMUS,T-MOBILE US INC,872590104,68000.0,282,0.0001039973555307736
LECO,LINCOLN ELEC HLDG,533900106,68000.0,290,0.0001039973555307736
RHP,RYMAN HOSPITALTY PPTYS INC,78377T107,68000.0,755,0.0001039973555307736
JBTM,JBT MAREL CORPORATION,477839104,68000.0,484,0.0001039973555307736
NRG,NRG ENERGY INC,629377508,68000.0,418,0.0001039973555307736
LNW,LIGHT & WONDER INC.,80874P109,68000.0,811,0.0001039973555307736
CVS,CVS HEALTH CORP,126650100,68000.0,903,0.0001039973555307736
CSL,CARLISLE COS,142339100,67000.0,204,0.00010246798265532105
LNC,LINCOLN NATIONAL CORP IND,534187109,67000.0,1653,0.00010246798265532105
SFM,SPROUTS FARMERS MARKETS,85208M102,67000.0,615,0.00010246798265532105
PYPL,PAYPAL HOLDINGS INC,70450Y103,67000.0,994,0.00010246798265532105
PGR,PROGRESSIVE CORP OHIO,743315103,67000.0,272,0.00010246798265532105
LEU,CENTRUS ENERGY CORP,15643U104,67000.0,215,0.00010246798265532105
EPAM,EPAM SYSTEMS INC,29414B104,67000.0,447,0.00010246798265532105
GPC,GENUINE PARTS CO,372460105,67000.0,482,0.00010246798265532105
SCI,SERVICE CORP INTL,817565104,67000.0,804,0.00010246798265532105
FNDF,SCHWAB FUNDAMENTAL INTERNA,808524755,67000.0,1548,0.00010246798265532105
ZBH,ZIMMER BIOMET HOLDINGS INC,98956P102,67000.0,676,0.00010246798265532105
NWS,NEWS CORP NEW CL B,65249B208,67000.0,1934,0.00010246798265532105
TEAM,ATLASSIAN CORP PLC,049468101,67000.0,418,0.00010246798265532105
OSK,OSHKOSH CORP,688239201,67000.0,516,0.00010246798265532105
HUBS,HUBSPOT INC,443573100,67000.0,144,0.00010246798265532105
WF2,WINTRUST FINANCIAL,97650W108,67000.0,505,0.00010246798265532105
JBHT,J B HUNT TRANSPORT SVCS,445658107,67000.0,498,0.00010246798265532105
PRF,INVESCO RAFI US 1000 ETF,46137V613,67000.0,1473,0.00010246798265532105
DTCR,GLOBAL X DATA CENTER & DIG,37954Y236,67000.0,3275,0.00010246798265532105
MNDY,MONDAY.COM LTD,M7S64H106,67000.0,347,0.00010246798265532105
CNM,CORE & MAIN INC,21874C102,66000.0,1232,0.00010093860977986849
TPYP,TORTOISE NORTH AMERICAN PI,890930308,66000.0,1812,0.00010093860977986849
ATR,APTARGROUP INC,038336103,66000.0,495,0.00010093860977986849
SSB,SOUTHSTATE CORP NPV,84472E102,66000.0,665,0.00010093860977986849
SYK,STRYKER CORP,863667101,66000.0,179,0.00010093860977986849
WSM,WILLIAMS SONOMA,969904101,66000.0,336,0.00010093860977986849
XLI,INDUSTRIALS INDEX FUND,81369Y704,66000.0,428,0.00010093860977986849
SUB,ISHARES SHORT-TERM,464288158,66000.0,617,0.00010093860977986849
SNA,SNAP-ON TOOLS CORP,833034101,66000.0,190,0.00010093860977986849
ASO,ACADEMY SPORTS & OUTDOORS,00402L107,66000.0,1326,0.00010093860977986849
UPS,UNITED PARCEL SERVICE CL B,911312106,66000.0,796,0.00010093860977986849
FFIV,F5 INC,315616102,66000.0,204,0.00010093860977986849
ULS,UL SOLUTIONS INC,903731107,66000.0,931,0.00010093860977986849
FDX,FEDEX CORP,31428X106,66000.0,280,0.00010093860977986849
TCBI,TEXAS CAPITAL BANCSHARES,88224Q107,66000.0,777,0.00010093860977986849
DHI,DR HORTON INC,23331A109,66000.0,388,0.00010093860977986849
APH,AMPHENOL CORP,032095101,66000.0,530,0.00010093860977986849
TLT,ISHARES TR 20YRS TRS BD,464287432,65000.0,724,9.940923690441593e-05
MRCY,MERCURY COMPUTER SYS COM,589378108,65000.0,841,9.940923690441593e-05
MGY,MAGNOLIA OIL & GAS CORP,559663109,65000.0,2715,9.940923690441593e-05
DVN,DEVON ENERGY CORP,25179M103,65000.0,1863,9.940923690441593e-05
DXCM,DEXCOM INC,252131107,65000.0,963,9.940923690441593e-05
LVS,LAS VEGAS SANDS,517834107,65000.0,1211,9.940923690441593e-05
CIEN,CIENA CORP NEW,171779309,65000.0,448,9.940923690441593e-05
MA,MASTERCARD CL A,57636Q104,65000.0,115,9.940923690441593e-05
IJH,ISHARES TR S&P MIDCAP 400,464287507,65000.0,996,9.940923690441593e-05
PFGC,PERFORMANCE FOOD GROUP,71377A103,65000.0,625,9.940923690441593e-05
RYAN,RYAN SPECIALTY HOLDNGS INC,78351F107,65000.0,1159,9.940923690441593e-05
GM,GENERAL MOTORS CO,37045V100,65000.0,1064,9.940923690441593e-05
FTA,FIRST TRUST LG CAP VALUE,33735J101,65000.0,784,9.940923690441593e-05
HLIO,HELIOS TECHNOLOGIES INC,42328H109,64000.0,1224,9.787986402896338e-05
WTW,WILLIS TOWERS WATS NPV,G96629103,64000.0,186,9.787986402896338e-05
CASY,CASEYS GENERAL STORES,147528103,64000.0,113,9.787986402896338e-05
SNDK,SANDISK CORP/DE,80004C200,64000.0,566,9.787986402896338e-05
CL,COLGATE-PALMOLIVE CO,194162103,64000.0,800,9.787986402896338e-05
FPAY,FLEXSHOPPER INC,33939J303,64000.0,100000,9.787986402896338e-05
ILMN,ILLUMINA INC,452327109,64000.0,674,9.787986402896338e-05
BG,BUNGE GLOBAL SA,H11356104,64000.0,791,9.787986402896338e-05
JKHY,HENRY JACK & ASSOC INC COM,426281101,64000.0,430,9.787986402896338e-05
FIX,COMFORT SYSTEMS USA INC,199908104,64000.0,77,9.787986402896338e-05
CPB,THE CAMPBELLS COMPANY,134429109,64000.0,2022,9.787986402896338e-05
TPR,TAPESTRY INC,876030107,64000.0,564,9.787986402896338e-05
PH,PARKER-HANNIFIN CORP,701094104,64000.0,85,9.787986402896338e-05
BFAM,BRIGHT HORIZONS FAMILY,109194100,64000.0,594,9.787986402896338e-05
GL,GLOBE LIFE INC,37959E102,64000.0,449,9.787986402896338e-05
IWP,ISHARES RUSSELL MID IND GR,464287481,64000.0,450,9.787986402896338e-05
PEO,EXELON CORP,30161N101,64000.0,1427,9.787986402896338e-05
AVDV,AVANTIS INTERNATIONAL SMAL,025072802,64000.0,719,9.787986402896338e-05
NOVT,NOVANTA INC,67000B104,64000.0,643,9.787986402896338e-05
INCY,INCYTE CORP,45337C102,63000.0,739,9.635049115351083e-05
GWRE,GUIDEWIRE SOFTWARE INC,40171V100,63000.0,275,9.635049115351083e-05
PTC,PTC INC,69370C100,63000.0,309,9.635049115351083e-05
CDNS,CADENCE DESIGN SYSTEMS INC,127387108,63000.0,180,9.635049115351083e-05
CP,CANADIAN PACIFIC KANSAS CI,13646K108,63000.0,845,9.635049115351083e-05
COO,COOPER COS INC/THE,216648501,63000.0,916,9.635049115351083e-05
FN,FABRINET,G3323L100,63000.0,174,9.635049115351083e-05
SPSC,SPS COMMERCE INC,78463M107,63000.0,602,9.635049115351083e-05
ENB,ENBRIDGE INC COM,29250N105,63000.0,1250,9.635049115351083e-05
PSMT,PRICESMART INC COM,741511109,63000.0,516,9.635049115351083e-05
ESNT,ESSENT GROUP LTD,G3198U102,63000.0,994,9.635049115351083e-05
PNC,PNC FINANCIAL SVS GRP,693475105,63000.0,312,9.635049115351083e-05
CASY,CASEYS GENERAL STORES,147528103,63000.0,111,9.635049115351083e-05
SMPL,SIMPLY GOOD FOODS CO,82900L102,63000.0,2520,9.635049115351083e-05
GILD,GILEAD SCIENCES,375558103,63000.0,567,9.635049115351083e-05
ALK,ALASKA AIRGROUP,011659109,63000.0,1261,9.635049115351083e-05
MKL,MARKEL GROUP INC,570535104,63000.0,33,9.635049115351083e-05
MUB,ISHARES NATL MUNI BD ETF,464288414,63000.0,595,9.635049115351083e-05
CVBF,CVB FINL CORP COM,126600105,63000.0,3349,9.635049115351083e-05
EBA,EBAY INC,278642103,62000.0,682,9.482111827805828e-05
KRE,SPDR S&P REGIONAL BK ETF,78464A698,62000.0,984,9.482111827805828e-05
XYZ,BLOCK INC,852234103,62000.0,852,9.482111827805828e-05
FERG,FERGUSON ENTERPRISES INC,31488V107,62000.0,277,9.482111827805828e-05
ELV,ELEVANCE HEALTH INC,036752103,62000.0,191,9.482111827805828e-05
LH,LABCORP HLDGS,504922105,62000.0,217,9.482111827805828e-05
IONQ,IONQ INC,46222L108,62000.0,1011,9.482111827805828e-05
F,FORD MOTOR CO,345370860,62000.0,5180,9.482111827805828e-05
HEI,HEICO CORPORATION,422806109,62000.0,192,9.482111827805828e-05
BMI,BADGER METER INC,056525108,62000.0,346,9.482111827805828e-05
3TY,TITAN MACHINERY IN,88830R101,62000.0,3711,9.482111827805828e-05
MTH,MERITAGE HOMES CORP COM,59001A102,62000.0,855,9.482111827805828e-05
MKSI,MKS INC,55306N104,62000.0,497,9.482111827805828e-05
SNRE,SUNRISE COMMUNICATIONS AG,867975104,62000.0,1048,9.482111827805828e-05
PM,PHILIP MORRIS INTL INC,718172109,62000.0,380,9.482111827805828e-05
TDG,TRANSDIGM GROUP INC COM,893641100,62000.0,47,9.482111827805828e-05
AVTR,AVANTOR INC,05352A100,62000.0,4957,9.482111827805828e-05
NXPI,NXP SEMICONDUCTORS NV,N6596X109,62000.0,274,9.482111827805828e-05
INOD,INNODATA INC,457642205,62000.0,800,9.482111827805828e-05
CRBN,ISHARES MSCI ACWI LOW CARB,46434V464,62000.0,275,9.482111827805828e-05
ASO,ACADEMY SPORTS & OUTDOORS,00402L107,61000.0,1215,9.329174540260573e-05
MGY,MAGNOLIA OIL & GAS CORP,559663109,61000.0,2549,9.329174540260573e-05
BSY,BENTLEY SYSTEMS INC,08265T208,61000.0,1182,9.329174540260573e-05
ISRA,VANECK ISRAEL ETF,92189F635,61000.0,1125,9.329174540260573e-05
IFF,INTL FLAVOR & FRAGRANCES,459506101,61000.0,987,9.329174540260573e-05
TSCO,TRACTOR SUPPLY,892356106,61000.0,1067,9.329174540260573e-05
WEC,WEC ENERGY GROUP INC,92939U106,61000.0,532,9.329174540260573e-05
FMF,FORM FACTOR INC,346375108,61000.0,1674,9.329174540260573e-05
ADI,ANALOG DEVICES,032654105,61000.0,247,9.329174540260573e-05
NTAP,NETAPP INC,64110D104,61000.0,514,9.329174540260573e-05
GWRE,GUIDEWIRE SOFTWARE INC,40171V100,60000.0,259,9.176237252715317e-05
BALL,BALL CORP,058498106,60000.0,1188,9.176237252715317e-05
MRNA,MODERNA INC,60770K107,60000.0,2307,9.176237252715317e-05
DIOD,DIODES INC,254543101,60000.0,1126,9.176237252715317e-05
HLNE,HAMILTON LANE INC,407497106,60000.0,448,9.176237252715317e-05
STX,SEAGATE TECHNOLOGY,G7997R103,60000.0,253,9.176237252715317e-05
PKN,REVVITY INC,714046109,60000.0,687,9.176237252715317e-05
ABCB,AMERIS BANCORP,03076K108,60000.0,824,9.176237252715317e-05
WVE,WAVE LIFE SCIENCES LTD,Y95308105,60000.0,8225,9.176237252715317e-05
MPWR,MONOLITHIC PWR SYS INC,609839105,60000.0,65,9.176237252715317e-05
LBTYK,LIBERTY GLOBAL LTD NPV,G61188127,60000.0,5135,9.176237252715317e-05
DCI,DONALDSON CO,257651109,60000.0,734,9.176237252715317e-05
EQNR,EQUINOR ASA ADR,29446M102,60000.0,2472,9.176237252715317e-05
COIN,COINBASE GLOBAL INC,19260Q107,60000.0,179,9.176237252715317e-05
APH,AMPHENOL CORP,032095101,60000.0,482,9.176237252715317e-05
BLDR,BUILDERS FIRSTSOURCE INC,12008R107,60000.0,498,9.176237252715317e-05
DFUS,DIMENSIONAL US EQUITY ETF,25434V401,59000.0,813,9.023299965170062e-05
CTVA,CORTEVA INC,22052L104,59000.0,871,9.023299965170062e-05
SCCO,SOUTHERN COPPER CORP DEL,84265V105,59000.0,484,9.023299965170062e-05
AEIS,ADVANCED ENERGY INDS,007973100,59000.0,349,9.023299965170062e-05
CRM,SALESFORCE INC,79466L302,59000.0,250,9.023299965170062e-05
FWONA,LIBERTY MEDIA CORP-LIBERTY,531229771,59000.0,618,9.023299965170062e-05
JBTM,JBT MAREL CORPORATION,477839104,59000.0,419,9.023299965170062e-05
PML,PIMCO MUN INC FD II,72200W106,59000.0,7500,9.023299965170062e-05
NOVT,NOVANTA INC,67000B104,59000.0,592,9.023299965170062e-05
EXP,EAGLE MATERIALS INC,26969P108,59000.0,252,9.023299965170062e-05
DTE,DETROIT ENERGY CO,233331107,59000.0,414,9.023299965170062e-05
DB,DEUTSCHE BANK NPV,D18190898,58000.0,1638,8.870362677624807e-05
EOSE,EOS ENERGY ENTERPRISES INC,29415C101,58000.0,5108,8.870362677624807e-05
RTX,RTX CORPORATION,75513E101,58000.0,349,8.870362677624807e-05
BWXT,BWX TECHNOLOGIES INC,05605H100,58000.0,317,8.870362677624807e-05
HDV,ISHARES CORE HIGH DIVIDEND,46429B663,58000.0,475,8.870362677624807e-05
ONTO,ONTO INNOVATION INC,683344105,58000.0,445,8.870362677624807e-05
CVBF,CVB FINL CORP COM,126600105,58000.0,3067,8.870362677624807e-05
MRCY,MERCURY COMPUTER SYS COM,589378108,58000.0,748,8.870362677624807e-05
MUR,MURPHY OIL,626717102,58000.0,2030,8.870362677624807e-05
PTGX,PROTAGONIST THERAPEUTICS I,74366E102,58000.0,879,8.870362677624807e-05
TXRH,TEXAS ROADHOUSE INC,882681109,58000.0,348,8.870362677624807e-05
TRGP,TARGA RESOURCES CORP,87612G101,58000.0,345,8.870362677624807e-05
BRKR,BRUKER BIOSCIENCES CORP,116794108,58000.0,1800,8.870362677624807e-05
OSW,ONESPAWORLD HOLDINGS LTD,P73684113,58000.0,2740,8.870362677624807e-05
NET,CLOUDFLARE INC,18915M107,58000.0,268,8.870362677624807e-05
EVRG,EVERGY INC,30034W106,58000.0,768,8.870362677624807e-05
FXI,ISHARES CHINA LRGE-CAP ETF,464287184,58000.0,1419,8.870362677624807e-05
CARR,CARRIER GLOBAL CORP,14448C104,58000.0,972,8.870362677624807e-05
WY,WEYERHAEUSER CO,962166104,58000.0,2332,8.870362677624807e-05
VFC,VF CORP,918204108,58000.0,4000,8.870362677624807e-05
CBT,CABOT CORP,127055101,58000.0,758,8.870362677624807e-05
ARCB,ARCBEST CORP USD 0.01,03937C105,58000.0,830,8.870362677624807e-05
RPG,INVESCO S&P 500 PURE GROWT,46137V266,58000.0,1220,8.870362677624807e-05
HLN,HALEON PLC ADR,405552100,58000.0,6500,8.870362677624807e-05
OMF,ONEMAIN HOLDINGS INC,68268W103,57000.0,1007,8.71742539007955e-05
WD5A,TRAVEL  LEISURE CO,894164102,57000.0,960,8.71742539007955e-05
BV,BRIGHTVIEW HOLDINGS INC,10948C107,57000.0,4232,8.71742539007955e-05
PCG 6 12/01/27 A,PG&E CORP,69331C306,57000.0,1454,8.71742539007955e-05
HSY,THE HERSHEY COMPANY,427866108,57000.0,307,8.71742539007955e-05
NWSA,NEWS CORP NEW,65249B109,57000.0,1858,8.71742539007955e-05
ESGU,ISHARES TRUST ISHARES ESG,46435G425,57000.0,393,8.71742539007955e-05
FRT,FEDERAL REALTY INVESTMENT,313745101,57000.0,566,8.71742539007955e-05
FN,FABRINET,G3323L100,57000.0,155,8.71742539007955e-05
BBSI,BARRETT BUSINESS SVCS,068463108,57000.0,1277,8.71742539007955e-05
PFG,PRINCIPAL FINL GROUP INC,74251V102,57000.0,682,8.71742539007955e-05
WH,WYNDHAM HOTELS & RESORTS,98311A105,57000.0,708,8.71742539007955e-05
HOMB,HOME BANCSHARES INC,436893200,57000.0,2000,8.71742539007955e-05
ZTS,ZOETIS INC,98978V103,57000.0,388,8.71742539007955e-05
BLDR,BUILDERS FIRSTSOURCE INC,12008R107,56000.0,465,8.564488102534297e-05
GIS,GENERAL MILLS INC,370334104,56000.0,1108,8.564488102534297e-05
RYAAY,RYANAIR HLDGS PLC ADR,783513203,56000.0,926,8.564488102534297e-05
FIX,COMFORT SYSTEMS USA INC,199908104,56000.0,68,8.564488102534297e-05
UFPT,UFP TECHNOLOGIES INC,902673102,56000.0,279,8.564488102534297e-05
VST,VISTRA CORP,92840M102,56000.0,287,8.564488102534297e-05
USMV,ISHARES MSCI USA MIN VOL,46429B697,56000.0,591,8.564488102534297e-05
CCCS,CCC INTELLIGENT SOLUTIONS,12510Q100,56000.0,6105,8.564488102534297e-05
PLTR,PALANTIR TECHNOLOGIES INC,69608A108,56000.0,305,8.564488102534297e-05
LIN,LINDE PLC,G54950103,56000.0,118,8.564488102534297e-05
VTV,VANGUARD INDEX FDS VA ETF,922908744,56000.0,302,8.564488102534297e-05
IEFA,ISHARES CORE MSCI EAFE ETF,46432F842,55000.0,629,8.411550814989041e-05
FLR,FLUOR CORP NEW COM,343412102,55000.0,1318,8.411550814989041e-05
AAON,AAON INC COM PAR,000360206,55000.0,585,8.411550814989041e-05
APD,AIR PRODUCTS & CHEMICALS,009158106,55000.0,201,8.411550814989041e-05
IBN,ICICI BANK LTD ADR,45104G104,55000.0,1813,8.411550814989041e-05
HRB,BLOCK H&R INC,093671105,55000.0,1092,8.411550814989041e-05
DIOD,DIODES INC,254543101,55000.0,1025,8.411550814989041e-05
UFPT,UFP TECHNOLOGIES INC,902673102,55000.0,274,8.411550814989041e-05
MTDR,MATADOR RES CO,576485205,55000.0,1218,8.411550814989041e-05
COLB,COLUMBIA BANKING SYS,197236102,55000.0,2135,8.411550814989041e-05
PEP,PEPSICO INC,713448108,55000.0,394,8.411550814989041e-05
CRDO,CREDO TECHNOLOGY GROUP HOL,G25457105,55000.0,379,8.411550814989041e-05
FSS,FEDERAL SIGNAL,313855108,55000.0,460,8.411550814989041e-05
FSS,FEDERAL SIGNAL,313855108,55000.0,462,8.411550814989041e-05
WEX,WEX INC,96208T104,55000.0,347,8.411550814989041e-05
ECL,ECOLAB INC,278865100,55000.0,200,8.411550814989041e-05
TRGP,TARGA RESOURCES CORP,87612G101,55000.0,330,8.411550814989041e-05
BRO,BROWN & BROWN INC,115236101,55000.0,584,8.411550814989041e-05
CHWY,CHEWY INC,16679L109,55000.0,1358,8.411550814989041e-05
DINO,HF SINCLAIR CORP,403949100,55000.0,1060,8.411550814989041e-05
PFGC,PERFORMANCE FOOD GROUP,71377A103,55000.0,525,8.411550814989041e-05
KDP,KEURIG DR PEPPER INC,49271V100,55000.0,2141,8.411550814989041e-05
UUUU,ENERGY FUELS INC,292671708,55000.0,3605,8.411550814989041e-05
SNAP 0.5 05/01/30,SNAP INC,83304AAK2,54000.0,63000,8.258613527443786e-05
BBWI,BATH & BODY WORKS INC,070830104,54000.0,2079,8.258613527443786e-05
IJS,ISHARES S & P SMALL-CAP600,464287879,54000.0,488,8.258613527443786e-05
BKR,BAKER HUGHES COMPANY,05722G100,54000.0,1117,8.258613527443786e-05
N/A,STEVANATO GROUP SPA,T9224W109,54000.0,2105,8.258613527443786e-05
PRU,PRUDENTIAL FINANCIAL,744320102,54000.0,525,8.258613527443786e-05
YUMC,YUM CHINA HOLDINGS INC,98850P109,54000.0,1265,8.258613527443786e-05
PFE,PFIZER INC,717081103,54000.0,2118,8.258613527443786e-05
ONON,ON HOLDING AG,H5919C104,54000.0,1280,8.258613527443786e-05
NXPI,NXP SEMICONDUCTORS NV,N6596X109,54000.0,238,8.258613527443786e-05
VEEV,VEEVA SYS INC CL A COM,922475108,54000.0,180,8.258613527443786e-05
PFG,PRINCIPAL FINL GROUP INC,74251V102,54000.0,653,8.258613527443786e-05
MPC,MARATHON PETE CORP,56585A102,54000.0,281,8.258613527443786e-05
MUR,MURPHY OIL,626717102,54000.0,1901,8.258613527443786e-05
SKYY,FIRST TRUST CLOUD COMPUTI,33734X192,54000.0,402,8.258613527443786e-05
WBD,WARNER BROS DISCOVERY INC,934423104,54000.0,2788,8.258613527443786e-05
FNV,FRANCO NEVADA CORP,351858105,54000.0,244,8.258613527443786e-05
BABA,ALIBABA GROUP HOLDINGS LTD,01609W102,54000.0,301,8.258613527443786e-05
LOW,LOWES COS INC,548661107,53000.0,212,8.105676239898531e-05
PHG,KONINKLIJKE PHILIPS NV ADR,500472303,53000.0,1935,8.105676239898531e-05
ENTG,ENTEGRIS INC,29362U104,53000.0,572,8.105676239898531e-05
JBTM,JBT MAREL CORPORATION,477839104,53000.0,374,8.105676239898531e-05
PBH,PRESTIGE CONSUMER,74112D101,53000.0,844,8.105676239898531e-05
CEG,CONSTELLATION ENERGY CORP,21037T109,53000.0,160,8.105676239898531e-05
TOL,TOLL BROTHERS INC,889478103,53000.0,386,8.105676239898531e-05
CHTR,CHARTER COMMUNICATIONS INC,16119P108,53000.0,191,8.105676239898531e-05
IRTC,IRHYTHM TECHNOLOGIES INC,450056106,53000.0,311,8.105676239898531e-05
RL,RALPH LAUREN CORP,751212101,53000.0,169,8.105676239898531e-05
OWL,BLUE OWL CAPITAL INC,09581B103,53000.0,3123,8.105676239898531e-05
SFM,SPROUTS FARMERS MARKETS,85208M102,53000.0,491,8.105676239898531e-05
PNC,PNC FINANCIAL SVS GRP,693475105,53000.0,264,8.105676239898531e-05
JEF,JEFFERIES FINL GROUP INC,47233W109,53000.0,814,8.105676239898531e-05
BINC,ISHARES FLEXIBLE INCOME AC,092528603,53000.0,1000,8.105676239898531e-05
TPD,SOMNIGROUP INTERNATIONAL,88023U101,53000.0,624,8.105676239898531e-05
MANH,MANHATTAN ASSOCIATES INC,562750109,52000.0,254,7.952738952353276e-05
UBER,UBER TECHNOLOGIES INC,90353T100,52000.0,530,7.952738952353276e-05
APH,AMPHENOL CORP,032095101,52000.0,420,7.952738952353276e-05
APH,AMPHENOL CORP,032095101,52000.0,424,7.952738952353276e-05
JKHY,HENRY JACK & ASSOC INC COM,426281101,52000.0,349,7.952738952353276e-05
PLD,PROLOGIS INC,74340W103,52000.0,454,7.952738952353276e-05
MMSI,MERIT MEDICAL SYS,589889104,52000.0,620,7.952738952353276e-05
KRE,SPDR S&P REGIONAL BK ETF,78464A698,52000.0,820,7.952738952353276e-05
PLMR,PALOMAR HOLDINGS INC,69753M105,52000.0,447,7.952738952353276e-05
XEL,XCEL ENERGY INC,98389B100,52000.0,645,7.952738952353276e-05
KR,KROGER CO,501044101,52000.0,771,7.952738952353276e-05
CIT,CINTAS CORP,172908105,52000.0,253,7.952738952353276e-05
DGX,QUEST DIAGNOSTICS INC,74834L100,52000.0,275,7.952738952353276e-05
SMTC,SEMTECH CORP,816850101,52000.0,721,7.952738952353276e-05
RGLD,ROYAL GOLD INC,780287108,52000.0,257,7.952738952353276e-05
ALNY,ALNYLAM PHARMACEUTICALS,02043Q107,52000.0,114,7.952738952353276e-05
CAT,CATERPILLAR INC,149123101,52000.0,109,7.952738952353276e-05
BSY,BENTLEY SYSTEMS INC,08265T208,52000.0,1001,7.952738952353276e-05
PYPL,PAYPAL HOLDINGS INC,70450Y103,52000.0,775,7.952738952353276e-05
GDDY,GODADDY INC,380237107,52000.0,382,7.952738952353276e-05
HCA,HCA HEALTHCARE INC,40412C101,52000.0,121,7.952738952353276e-05
VNO,VORNADO REALTY TRUST,929042109,52000.0,1275,7.952738952353276e-05
ASO,ACADEMY SPORTS & OUTDOORS,00402L107,51000.0,1024,7.79980166480802e-05
GTLS,CHART INDUSTRIES INC,16115Q308,51000.0,253,7.79980166480802e-05
XYL,XYLEM INC,98419M100,51000.0,344,7.79980166480802e-05
EME,EMCOR GROUP INC,29084Q100,51000.0,79,7.79980166480802e-05
BLK,BLACKROCK FDG INC,09290D101,51000.0,44,7.79980166480802e-05
SAIA,SAIA INC COM,78709Y105,51000.0,171,7.79980166480802e-05
MTDR,MATADOR RES CO,576485205,51000.0,1142,7.79980166480802e-05
VLTO,VERALTO CORP,92338C103,51000.0,482,7.79980166480802e-05
PIPR,PIPER SANDLER COMPANIES,724078100,51000.0,146,7.79980166480802e-05
OSW,ONESPAWORLD HOLDINGS LTD,P73684113,51000.0,2397,7.79980166480802e-05
ACM,AECOM,00766T100,51000.0,389,7.79980166480802e-05
WPC,W P CAREY INC COM,92936U109,51000.0,752,7.79980166480802e-05
ADSK,AUTODESK INC,052769106,51000.0,162,7.79980166480802e-05
SYK,STRYKER CORP,863667101,51000.0,139,7.79980166480802e-05
EOG,EOG RES INC,26875P101,51000.0,456,7.79980166480802e-05
LMB,LIMBACH HOLDINGS INC,53263P105,51000.0,530,7.79980166480802e-05
FLR,FLUOR CORP NEW COM,343412102,51000.0,1207,7.79980166480802e-05
N/A,AUMOVIO SE NPV,D0R9B8108,51000.0,1239,7.79980166480802e-05
BBSI,BARRETT BUSINESS SVCS,068463108,51000.0,1145,7.79980166480802e-05
LNW,LIGHT & WONDER INC.,80874P109,50000.0,593,7.646864377262764e-05
GLD,SPDR GOLD TRUST,78463V107,50000.0,140,7.646864377262764e-05
ALL,ALLSTATE CORP,020002101,50000.0,231,7.646864377262764e-05
BP,BP PLC ADR,055622104,50000.0,1440,7.646864377262764e-05
VTR,VENTAS INC,92276F100,50000.0,712,7.646864377262764e-05
WDC,WESTERN DIGITAL CORP,958102105,50000.0,420,7.646864377262764e-05
AFL,AFLAC INC,001055102,50000.0,452,7.646864377262764e-05
KEY,KEYCORP NEW,493267108,50000.0,2651,7.646864377262764e-05
AME,AMETEK INC NEW,031100100,50000.0,265,7.646864377262764e-05
TEAM,ATLASSIAN CORP PLC,049468101,50000.0,310,7.646864377262764e-05
WINA,WINMARK CORP,974250102,50000.0,100,7.646864377262764e-05
GLPI,GAMING & LEISURE PPTYS INC,36467J108,50000.0,1082,7.646864377262764e-05
ANET,ARISTA NETWORKS INC,040413205,50000.0,340,7.646864377262764e-05
ANET,ARISTA NETWORKS INC,040413205,50000.0,340,7.646864377262764e-05
CFG,CITIZENS FINANCIAL GRP,174610105,50000.0,943,7.646864377262764e-05
RRX,REGAL REXNORD CORP,758750103,50000.0,352,7.646864377262764e-05
XMHQ,INVESCO S&P MIDCAP QUALITY,46137V472,50000.0,475,7.646864377262764e-05
LRCX,LAM RESEARCH CORP,512807306,50000.0,370,7.646864377262764e-05
ATMU,ATMUS FILTRATION TECHNOLOG,04956D107,50000.0,1101,7.646864377262764e-05
EWY,ISHARES MSCI S KOREA ETF,464286772,50000.0,626,7.646864377262764e-05
N/A,AUMOVIO SE NPV,D0R9B8108,50000.0,1211,7.646864377262764e-05
EMB,ISHARES JPM EM MKTS BD FD,464288281,50000.0,522,7.646864377262764e-05
TTEK,TETRA TECH INC,88162G103,50000.0,1499,7.646864377262764e-05
BAM,BROOKFIELD ASSET MGMT,113004105,50000.0,872,7.646864377262764e-05
SLM,SLM CORP,78442P106,50000.0,1805,7.646864377262764e-05
GIB/A,CGI INC,12532H104,49000.0,548,7.493927089717509e-05
GWRE,GUIDEWIRE SOFTWARE INC,40171V100,49000.0,211,7.493927089717509e-05
KTB,KONTOOR BRANDS INC,50050N103,49000.0,617,7.493927089717509e-05
CASH,META FINANCIAL GROUP INC,59100U108,49000.0,667,7.493927089717509e-05
BTC,GRAYSCALE BITCOIN MINI T,389930207,49000.0,967,7.493927089717509e-05
DFAI,DIMENSIONAL INTERNATIONAL,25434V203,49000.0,1339,7.493927089717509e-05
PAY,PAYMENTUS HOLDINGS INC,70439P108,49000.0,1593,7.493927089717509e-05
ED,CONSOLIDATED EDISON INC,209115104,49000.0,490,7.493927089717509e-05
KMB,KIMBERLY-CLARK CORP,494368103,49000.0,395,7.493927089717509e-05
DXCM,DEXCOM INC,252131107,49000.0,727,7.493927089717509e-05
CVBF,CVB FINL CORP COM,126600105,49000.0,2587,7.493927089717509e-05
TPR,TAPESTRY INC,876030107,49000.0,437,7.493927089717509e-05
CSCO,CISCO SYSTEMS INC,17275R102,49000.0,719,7.493927089717509e-05
WINA,WINMARK CORP,974250102,49000.0,98,7.493927089717509e-05
PBH,PRESTIGE CONSUMER,74112D101,49000.0,787,7.493927089717509e-05
L,LOEWS CORP,540424108,49000.0,485,7.493927089717509e-05
MAR,MARRIOTT INTL INC NEW CL A,571903202,49000.0,189,7.493927089717509e-05
EQR,EQUITY RESIDENTIAL,29476L107,49000.0,757,7.493927089717509e-05
CMI,CUMMINS INC,231021106,49000.0,116,7.493927089717509e-05
CRS,CARPENTER TECHNOLOGY,144285103,49000.0,201,7.493927089717509e-05
LH,LABCORP HLDGS,504922105,48000.0,166,7.340989802172254e-05
GLW,CORNING INC,219350105,48000.0,585,7.340989802172254e-05
COO,COOPER COS INC/THE,216648501,48000.0,703,7.340989802172254e-05
TRV,TRAVELERS COS INC,89417E109,48000.0,172,7.340989802172254e-05
PAYC,PAYCOM SOFTWARE INC,70432V102,48000.0,231,7.340989802172254e-05
KMX,CARMAX INC,143130102,48000.0,1060,7.340989802172254e-05
LNC,LINCOLN NATIONAL CORP IND,534187109,48000.0,1200,7.340989802172254e-05
URI,UNITED RENTALS INC,911363109,48000.0,50,7.340989802172254e-05
PHIN,PHINIA INC,71880K101,48000.0,827,7.340989802172254e-05
DXCM,DEXCOM INC,252131107,48000.0,711,7.340989802172254e-05
COF,CAPITAL ONE FINANCIAL,14040H105,48000.0,224,7.340989802172254e-05
JLL,JONES LANG LASALLE INC COM,48020Q107,48000.0,160,7.340989802172254e-05
HSY,THE HERSHEY COMPANY,427866108,48000.0,258,7.340989802172254e-05
LAZ,LAZARD INC,52110M109,48000.0,910,7.340989802172254e-05
VST,VISTRA CORP,92840M102,48000.0,246,7.340989802172254e-05
KMB,KIMBERLY-CLARK CORP,494368103,48000.0,383,7.340989802172254e-05
PTON,PELOTON INTERACTIVE INC,70614W100,48000.0,5290,7.340989802172254e-05
CTVA,CORTEVA INC,22052L104,48000.0,714,7.340989802172254e-05
DECK,DECKERS OUTDOOR CORP,243537107,48000.0,476,7.340989802172254e-05
VYX,NCR VOYIX CORP,62886E108,48000.0,3821,7.340989802172254e-05
VO,VANGUARD MID CAP VIPERS,922908629,48000.0,162,7.340989802172254e-05
EXPO,EXPONENT INC COM,30214U102,48000.0,690,7.340989802172254e-05
DT,DYNATRACE INC,268150109,48000.0,984,7.340989802172254e-05
AIR,AAR CORP,000361105,48000.0,539,7.340989802172254e-05
EHC,ENCOMPASS HEALTH CORP,29261A100,47000.0,367,7.188052514626999e-05
THG,HANOVER INS GROUP INC,410867105,47000.0,260,7.188052514626999e-05
PLMR,PALOMAR HOLDINGS INC,69753M105,47000.0,406,7.188052514626999e-05
SPSM,SPDR PORTFOLIO SMALL CAP E,78468R853,47000.0,1022,7.188052514626999e-05
IEX,IDEX CORP,45167R104,47000.0,286,7.188052514626999e-05
Z,ZILLOW GROUP INC-C W/I,98954M200,47000.0,611,7.188052514626999e-05
HEI/A,HEICO CORP NEW CL A,422806208,47000.0,186,7.188052514626999e-05
VFH,VANGUARD FINANCIALS ETF,92204A405,47000.0,360,7.188052514626999e-05
B,BARRICK MINING CORP,06849F108,47000.0,1441,7.188052514626999e-05
FLEX,FLEX LTD,Y2573F102,47000.0,812,7.188052514626999e-05
VDE,VANGUARD ENERGY,92204A306,47000.0,370,7.188052514626999e-05
LXP,LXP INDUSTRIAL TRUST,529043101,47000.0,5227,7.188052514626999e-05
NXST,NEXSTAR MEDIA GROUP INC,65336K103,47000.0,240,7.188052514626999e-05
TDTT,FLEXSHARES IBOXX 3-YEAR TA,33939L506,47000.0,1949,7.188052514626999e-05
GEHC,GE HEALTHCARE TECHNOLOGIES,36266G107,47000.0,628,7.188052514626999e-05
MSA,MSA SAFETY INC,553498106,47000.0,275,7.188052514626999e-05
RY,ROYAL BANK CDA MONTREAL,780087102,46000.0,313,7.035115227081743e-05
DIOD,DIODES INC,254543101,46000.0,860,7.035115227081743e-05
ATR,APTARGROUP INC,038336103,46000.0,345,7.035115227081743e-05
PEO,EXELON CORP,30161N101,46000.0,1017,7.035115227081743e-05
CPRX,CATALYST PHARMACEUTICALS I,14888U101,46000.0,2345,7.035115227081743e-05
NRG,NRG ENERGY INC,629377508,46000.0,287,7.035115227081743e-05
HII,HUNTINGTON INGALLS INDUSTR,446413106,46000.0,160,7.035115227081743e-05
IOT,SAMSARA INC,79589L106,46000.0,1237,7.035115227081743e-05
XOP,SPDR S&P OIL & GAS EXPLORA,78468R556,46000.0,345,7.035115227081743e-05
LMAT,LEMAITRE VASCULAR INC,525558201,46000.0,520,7.035115227081743e-05
UGI,UGI CORP NEW,902681105,46000.0,1377,7.035115227081743e-05
ING,ING GROUP NV SPON ADR,456837103,46000.0,1777,7.035115227081743e-05
ABEV,AMBEV ADR,02319V103,46000.0,20718,7.035115227081743e-05
CBRE,CBRE GROUP INC,12504L109,46000.0,295,7.035115227081743e-05
WH,WYNDHAM HOTELS & RESORTS,98311A105,46000.0,571,7.035115227081743e-05
RAL,RALLIANT CORP,750940108,46000.0,1055,7.035115227081743e-05
THC,TENET HEALTHCARE CORP,88033G407,46000.0,227,7.035115227081743e-05
BCS,BARCLAYS PLC ADR,06738E204,46000.0,2244,7.035115227081743e-05
DFUV,DIMENSIONAL US MARKETWIDE,25434V724,45000.0,1015,6.882177939536488e-05
QRVO,QORVO,74736K101,45000.0,499,6.882177939536488e-05
NTAP,NETAPP INC,64110D104,45000.0,376,6.882177939536488e-05
OSW,ONESPAWORLD HOLDINGS LTD,P73684113,45000.0,2116,6.882177939536488e-05
LECO,LINCOLN ELEC HLDG,533900106,45000.0,190,6.882177939536488e-05
VRNS,VARONIS SYSTEMS,922280102,45000.0,789,6.882177939536488e-05
AVTR,AVANTOR INC,05352A100,45000.0,3590,6.882177939536488e-05
MUR,MURPHY OIL,626717102,45000.0,1575,6.882177939536488e-05
MSA,MSA SAFETY INC,553498106,45000.0,260,6.882177939536488e-05
GE,GE AEROSPACE,369604301,45000.0,149,6.882177939536488e-05
EQIX,EQUINIX INC,29444U700,45000.0,58,6.882177939536488e-05
KAI,KADANT INC,48282T104,45000.0,152,6.882177939536488e-05
VRSN,VERISIGN INC,92343E102,45000.0,162,6.882177939536488e-05
BAC,VERIZON COMMUNICATIONS,92343V104,45000.0,1035,6.882177939536488e-05
SF,STIFEL FINL CORP,860630102,45000.0,398,6.882177939536488e-05
WELL,WELLTOWER OP INC,95040Q104,45000.0,251,6.882177939536488e-05
TM,TOYOTA MTR LTD ADR,892331307,45000.0,233,6.882177939536488e-05
KIM,KIMCO REALTY CORP,49446R109,45000.0,2046,6.882177939536488e-05
CMC,COMMERCIAL METALS CO,201723103,45000.0,791,6.882177939536488e-05
TKR,TIMKEN CO,887389104,45000.0,595,6.882177939536488e-05
HUM,HUMANA INC,444859102,45000.0,172,6.882177939536488e-05
MMSI,MERIT MEDICAL SYS,589889104,45000.0,540,6.882177939536488e-05
WING,WINGSTOP INC,974155103,45000.0,180,6.882177939536488e-05
RACE,FERRARI NV,N3167Y103,44000.0,90,6.729240651991233e-05
AXGN,AXOGEN INC,05463X106,44000.0,2474,6.729240651991233e-05
DOC,HEALTHPEAK PROPERTIES INC,42250P103,44000.0,2273,6.729240651991233e-05
QUAL,ISHARES MSCI USA QUALITY,46432F339,44000.0,228,6.729240651991233e-05
ENTG,ENTEGRIS INC,29362U104,44000.0,477,6.729240651991233e-05
CBSH,COMMERCE BANCSHARES INC,200525103,44000.0,730,6.729240651991233e-05
A4S,AMERIPRISE FINANCIAL INC,03076C106,44000.0,89,6.729240651991233e-05
MXL,MAXLINEAR INC,57776J100,44000.0,2765,6.729240651991233e-05
PRM,PERIMETER SOLUTIONS INC,71385M107,44000.0,1969,6.729240651991233e-05
ECL,ECOLAB INC,278865100,44000.0,162,6.729240651991233e-05
ILMN,ILLUMINA INC,452327109,44000.0,461,6.729240651991233e-05
RGA,REINSURANCE GROUP AMER,759351604,44000.0,228,6.729240651991233e-05
BBSI,BARRETT BUSINESS SVCS,068463108,44000.0,987,6.729240651991233e-05
SW,SMURFIT WESTROCK PLC,G8267P108,44000.0,1031,6.729240651991233e-05
CRL,CHARLES RIVER LABS,159864107,44000.0,283,6.729240651991233e-05
ABNB,AIRBNB INC,009066101,44000.0,360,6.729240651991233e-05
AEM,AGNICO EAGLE MINES LTD,008474108,44000.0,262,6.729240651991233e-05
WTS,WATTS WATER TECHNOLOGIES,942749102,44000.0,156,6.729240651991233e-05
BE,BLOOM ENERGY CORP,093712107,44000.0,515,6.729240651991233e-05
GFF,GRIFFON CORP,398433102,44000.0,582,6.729240651991233e-05
SON,SONOCO PRODUCTS,835495102,44000.0,1029,6.729240651991233e-05
SLAB,SILICON LABORATORIES,826919102,44000.0,335,6.729240651991233e-05
RBLX,ROBLOX CORP CL A,771049103,44000.0,318,6.729240651991233e-05
FLR,FLUOR CORP NEW COM,343412102,43000.0,1018,6.576303364445978e-05
WING,WINGSTOP INC,974155103,43000.0,169,6.576303364445978e-05
VGK,VANGUARD MSCI EUROPE ETF,922042874,43000.0,544,6.576303364445978e-05
AZO,AUTOZONE INC,053332102,43000.0,10,6.576303364445978e-05
CBOE,CBOE GLOBAL MARKETS INC,12503M108,43000.0,176,6.576303364445978e-05
MTZ,MASTEC INC,576323109,43000.0,204,6.576303364445978e-05
HLIO,HELIOS TECHNOLOGIES INC,42328H109,43000.0,834,6.576303364445978e-05
FTDR,FRONTDOOR INC,35905A109,43000.0,640,6.576303364445978e-05
TT,TRANE TECHNOLOGIES PLC,G8994E103,43000.0,103,6.576303364445978e-05
WSO,WATSCO INC,942622200,43000.0,107,6.576303364445978e-05
HLN,HALEON PLC ADR,405552100,43000.0,4835,6.576303364445978e-05
RWR,SPDR SER TR DJWS REIT ETF,78464A607,43000.0,430,6.576303364445978e-05
MFC,MANULIFE FINANCIAL CORP,56501R106,43000.0,1382,6.576303364445978e-05
VRSN,VERISIGN INC,92343E102,43000.0,155,6.576303364445978e-05
EQH,EQUITABLE HOLDINGS INC,29452E101,43000.0,839,6.576303364445978e-05
LEN,LENNAR CORP,526057104,43000.0,344,6.576303364445978e-05
NKE,NIKE INC CL B,654106103,43000.0,623,6.576303364445978e-05
DT,DYNATRACE INC,268150109,43000.0,885,6.576303364445978e-05
TSN,TYSON FOODS,902494103,43000.0,793,6.576303364445978e-05
KNSL,KINSALE CAPITAL GROUP INC,49714P108,43000.0,102,6.576303364445978e-05
TXNM,TXNM ENERGY INC,69349H107,43000.0,766,6.576303364445978e-05
KDP,KEURIG DR PEPPER INC,49271V100,43000.0,1671,6.576303364445978e-05
LMB,LIMBACH HOLDINGS INC,53263P105,43000.0,447,6.576303364445978e-05
GIB/A,CGI INC,12532H104,43000.0,483,6.576303364445978e-05
DIS,WALT DISNEY CO,254687106,43000.0,373,6.576303364445978e-05
ANET,ARISTA NETWORKS INC,040413205,43000.0,295,6.576303364445978e-05
ADBE,ADOBE INC,00724F101,43000.0,123,6.576303364445978e-05
ROST,ROSS STORES INC,778296103,43000.0,283,6.576303364445978e-05
ARGX,ARGENX SE ADR,04016X101,42000.0,57,6.423366076900723e-05
RE,EVEREST GROUP LTD,G3223R108,42000.0,119,6.423366076900723e-05
MTDR,MATADOR RES CO,576485205,42000.0,938,6.423366076900723e-05
MNST,MONSTER BEVERAGE CORP NEW,61174X109,42000.0,619,6.423366076900723e-05
HSAI,HESAI GROUP ADR,428050108,42000.0,1500,6.423366076900723e-05
TXNM 5.75 06/01/54,TXNM ENERGY INC,69349HAF4,42000.0,32000,6.423366076900723e-05
OMC,OMNICOM GROUP INC,681919106,42000.0,517,6.423366076900723e-05
SPXC,SPX TECHNOLOGIES INC,78473E103,42000.0,223,6.423366076900723e-05
INDB,INDEPENDENT BK CORP MASS,453836108,42000.0,614,6.423366076900723e-05
APD,AIR PRODUCTS & CHEMICALS,009158106,42000.0,154,6.423366076900723e-05
SNDK,SANDISK CORP/DE,80004C200,42000.0,378,6.423366076900723e-05
EXEL,EXELIXIS INC,30161Q104,42000.0,1016,6.423366076900723e-05
NBIX,NEUROCRINE BIOSCIENCES,64125C109,42000.0,296,6.423366076900723e-05
DOC,HEALTHPEAK PROPERTIES INC,42250P103,42000.0,2167,6.423366076900723e-05
PRI,PRIMERICA INC,74164M108,42000.0,153,6.423366076900723e-05
SOLV,SOLVENTUM CORP,83444M101,42000.0,574,6.423366076900723e-05
WHD,CACTUS INC,127203107,41000.0,1051,6.270428789355467e-05
KD,KYNDRYL HOLDINGS INC,50155Q100,41000.0,1375,6.270428789355467e-05
KNSL,KINSALE CAPITAL GROUP INC,49714P108,41000.0,97,6.270428789355467e-05
ANF,ABERCROMBIE&FITCH CO CL A,002896207,41000.0,485,6.270428789355467e-05
PSX,PHILLIPS 66 COMMON,718546104,41000.0,300,6.270428789355467e-05
SYY,SYSCO CORP,871829107,41000.0,500,6.270428789355467e-05
DGII,DIGI INTERNATIONAL INC,253798102,41000.0,1135,6.270428789355467e-05
BAX,BAXTER INTERNATIONAL INC,071813109,41000.0,1779,6.270428789355467e-05
FLEX,FLEX LTD,Y2573F102,41000.0,712,6.270428789355467e-05
BK,BANK NEW YORK MELLON CORP,064058100,41000.0,379,6.270428789355467e-05
PBH,PRESTIGE CONSUMER,74112D101,41000.0,652,6.270428789355467e-05
VGIT,VANGUARD INTERMEDIATE-TERM,92206C706,41000.0,678,6.270428789355467e-05
DON,WISDOMTREE TR MIDCP DV FD,97717W505,41000.0,790,6.270428789355467e-05
WYNN,WYNN RESORTS LTD,983134107,41000.0,321,6.270428789355467e-05
DOCU,DOCUSIGN INC,256163106,41000.0,570,6.270428789355467e-05
ENB,ENBRIDGE INC COM,29250N105,41000.0,822,6.270428789355467e-05
PRM,PERIMETER SOLUTIONS INC,71385M107,41000.0,1839,6.270428789355467e-05
POR,PORTLAND GEN ELEC CO NEW,736508847,41000.0,941,6.270428789355467e-05
XLU,UTILITIES SELECT SECT SPDR,81369Y886,41000.0,466,6.270428789355467e-05
SLG,SL GREEN REALTY CORP,78440X887,40000.0,667,6.117491501810212e-05
LIN,LINDE PLC,G54950103,40000.0,84,6.117491501810212e-05
VB,VANGUARD SMALL CAP,922908751,40000.0,157,6.117491501810212e-05
SNOW,SNOWFLAKE INC,833445109,40000.0,178,6.117491501810212e-05
VMI,VALMONT IND INC,920253101,40000.0,102,6.117491501810212e-05
IPAR,INTERPARFUMS INC,458334109,40000.0,404,6.117491501810212e-05
CW,CURTISS WRIGHT CORP,231561101,40000.0,73,6.117491501810212e-05
ULTA,ULTA BEAUTY INC,90384S303,40000.0,73,6.117491501810212e-05
OXY,OCCIDENTAL PETROLEUM,674599105,40000.0,836,6.117491501810212e-05
CMS,CMS ENERGY CORP,125896100,40000.0,547,6.117491501810212e-05
SO,SOUTHERN CO,842587107,40000.0,417,6.117491501810212e-05
VB,VANGUARD SMALL CAP,922908751,40000.0,158,6.117491501810212e-05
VB,VANGUARD SMALL CAP,922908751,40000.0,159,6.117491501810212e-05
GOLF,ACUSHNET HOLDINGS CORP,005098108,40000.0,511,6.117491501810212e-05
STRL,STERLING CONTRUCTION CO,859241101,40000.0,118,6.117491501810212e-05
WST,WEST PHARMACEUTICAL SVC,955306105,40000.0,152,6.117491501810212e-05
GPN,GLOBAL PAYMENTS INC,37940X102,40000.0,479,6.117491501810212e-05
PLMR,PALOMAR HOLDINGS INC,69753M105,40000.0,345,6.117491501810212e-05
CORZ,CORE SCIENTIFIC INC,21874A106,40000.0,2220,6.117491501810212e-05
YUM,YUM BRANDS INC,988498101,40000.0,265,6.117491501810212e-05
VOYA,VOYA FINL INC NPV,929089100,40000.0,536,6.117491501810212e-05
NRG,NRG ENERGY INC,629377508,40000.0,250,6.117491501810212e-05
COF,CAPITAL ONE FINANCIAL,14040H105,40000.0,190,6.117491501810212e-05
CW,CURTISS WRIGHT CORP,231561101,40000.0,73,6.117491501810212e-05
FDX,FEDEX CORP,31428X106,40000.0,171,6.117491501810212e-05
KGC,KINROSS GOLD CORP,496902404,40000.0,1603,6.117491501810212e-05
DNTH,DIANTHUS THERAPEUTICS INC,252828108,40000.0,1010,6.117491501810212e-05
HSBC,HSBC HLDGS PLC ADR,404280406,39000.0,549,5.9645542142649556e-05
SITE,SITEONE LANDSCAPE SUPPLY I,82982L103,39000.0,300,5.9645542142649556e-05
GFF,GRIFFON CORP,398433102,39000.0,506,5.9645542142649556e-05
BIIB,BIOGEN INC,09062X103,39000.0,275,5.9645542142649556e-05
CMC,COMMERCIAL METALS CO,201723103,39000.0,689,5.9645542142649556e-05
MAT,MATTEL INC,577081102,39000.0,2290,5.9645542142649556e-05
WPM,WHEATON PRECIOUS METALS CO,962879102,39000.0,349,5.9645542142649556e-05
SBUX,STARBUCKS CORP,855244109,39000.0,466,5.9645542142649556e-05
PNR,PENTAIR PLC,G7S00T104,39000.0,351,5.9645542142649556e-05
DOV,DOVER CORP,260003108,39000.0,232,5.9645542142649556e-05
MZTI,THE MARZETTI CO,513847103,39000.0,225,5.9645542142649556e-05
TTE,TOTALENERGIES SE ADR,89151E109,39000.0,656,5.9645542142649556e-05
ARE,ALEXANDRIA REAL EST EQ INC,015271109,39000.0,466,5.9645542142649556e-05
KTOS,KRATOS DEFENSE & SECURITY,50077B207,39000.0,429,5.9645542142649556e-05
WHD,CACTUS INC,127203107,39000.0,984,5.9645542142649556e-05
IBN,ICICI BANK LTD ADR,45104G104,39000.0,1297,5.9645542142649556e-05
ALKS,ALKERMES PLC,G01767105,39000.0,1300,5.9645542142649556e-05
TKO,TKO GROUP HOLDINGS INC,87256C101,39000.0,195,5.9645542142649556e-05
LAMR,LAMAR ADVERTISING CO,512816109,39000.0,316,5.9645542142649556e-05
IFF,INTL FLAVOR & FRAGRANCES,459506101,39000.0,635,5.9645542142649556e-05
ARCB,ARCBEST CORP USD 0.01,03937C105,39000.0,557,5.9645542142649556e-05
CVNA,CARVANA CO,146869102,39000.0,104,5.9645542142649556e-05
EPP,ISHARES MSCI PAC JAP IDX,464286665,39000.0,750,5.9645542142649556e-05
DFJ,WISDOMTREE JAP S/C DVD FD,97717W836,39000.0,412,5.9645542142649556e-05
TRP,TC ENERGY CORPORATION.,87807B107,39000.0,725,5.9645542142649556e-05
DEO,DIAGEO PLC ADR NEW,25243Q205,39000.0,404,5.9645542142649556e-05
USB,US BANCORP DEL NEW,902973304,39000.0,807,5.9645542142649556e-05
CVS,CVS HEALTH CORP,126650100,39000.0,512,5.9645542142649556e-05
FCX,FREEPORT-MCMORAN INC.,35671D857,39000.0,999,5.9645542142649556e-05
HEI,HEICO CORPORATION,422806109,39000.0,122,5.9645542142649556e-05
OLLI,OLLIES BARGAIN OUTLET,681116109,39000.0,303,5.9645542142649556e-05
AXGN,AXOGEN INC,05463X106,39000.0,2165,5.9645542142649556e-05
FI,FISERV INC,337738108,39000.0,300,5.9645542142649556e-05
LMT,LOCKHEED MARTIN CORP,539830109,39000.0,78,5.9645542142649556e-05
FXL,1ST TR TECH ALPHADEX FD II,33734X176,39000.0,232,5.9645542142649556e-05
VRSK,VERISK ANALYTICS INC-CL A,92345Y106,38000.0,153,5.811616926719701e-05
ARKK,ARK INNOVATION ETF,00214Q104,38000.0,446,5.811616926719701e-05
WINA,WINMARK CORP,974250102,38000.0,77,5.811616926719701e-05
SBAC,SBA COMMUNICATIONS CORP,78410G104,38000.0,196,5.811616926719701e-05
LMT,LOCKHEED MARTIN CORP,539830109,38000.0,77,5.811616926719701e-05
ACWV,ISHARES MSCI GLBL MIN VOL,464286525,38000.0,316,5.811616926719701e-05
WST,WEST PHARMACEUTICAL SVC,955306105,38000.0,146,5.811616926719701e-05
DRIV,GLOBAL X AUTONOMOUS & ELEC,37954Y624,38000.0,1350,5.811616926719701e-05
SJM,SMUCKER JM CO NEW,832696405,38000.0,346,5.811616926719701e-05
IPG,INTERPUBLIC GROUP COS INC,460690100,38000.0,1366,5.811616926719701e-05
IONQ,IONQ INC,46222L108,38000.0,610,5.811616926719701e-05
LKQ1,LKQ CORP,501889208,38000.0,1240,5.811616926719701e-05
COO,COOPER COS INC/THE,216648501,38000.0,552,5.811616926719701e-05
KRE,SPDR S&P REGIONAL BK ETF,78464A698,38000.0,600,5.811616926719701e-05
BE,BLOOM ENERGY CORP,093712107,38000.0,449,5.811616926719701e-05
KHC,KRAFT HEINZ CO,500754106,38000.0,1441,5.811616926719701e-05
BURL,BURLINGTON STORES INC,122017106,38000.0,150,5.811616926719701e-05
BOOT,BOOT BARN HLDGS INC,099406100,38000.0,231,5.811616926719701e-05
LH,LABCORP HLDGS,504922105,38000.0,131,5.811616926719701e-05
KYMR,KYMERA THERAPEUTICS INC,501575104,38000.0,675,5.811616926719701e-05
TGT,TARGET CORP,87612E106,38000.0,428,5.811616926719701e-05
SWX,SOUTHWEST GAS HOLDINGS,844895102,38000.0,486,5.811616926719701e-05
EVR,EVERCORE PARTNERS CL-A,29977A105,38000.0,112,5.811616926719701e-05
KBH,KB HOME,48666K109,38000.0,600,5.811616926719701e-05
THC,TENET HEALTHCARE CORP,88033G407,38000.0,185,5.811616926719701e-05
HLIO,HELIOS TECHNOLOGIES INC,42328H109,38000.0,726,5.811616926719701e-05
VEEV,VEEVA SYS INC CL A COM,922475108,38000.0,127,5.811616926719701e-05
WMB,WILLIAMS COMPANIES INC,969457100,37000.0,590,5.658679639174446e-05
VRDN,VIRIDIAN THERAPEUTICS INC,92790C104,37000.0,1730,5.658679639174446e-05
EW,EDWARDS LIFESCIENCES CORP,28176E108,37000.0,482,5.658679639174446e-05
BK,BANK NEW YORK MELLON CORP,064058100,37000.0,340,5.658679639174446e-05
PCG,PG & E CORP,69331C108,37000.0,2437,5.658679639174446e-05
GD,GENERAL DYNAMICS CORP,369550108,37000.0,108,5.658679639174446e-05
CTRA,COTERRA ENERGY INC,127097103,37000.0,1569,5.658679639174446e-05
GBCI,GLACIER BANCORP MONTANA,37637Q105,37000.0,754,5.658679639174446e-05
PHR,PHREESIA INC,71944F106,37000.0,1553,5.658679639174446e-05
MYRG,MYR GRP INC,55405W104,37000.0,177,5.658679639174446e-05
NEM,NEWMONT CORPORATION,651639106,37000.0,437,5.658679639174446e-05
ALV,AUTOLIV INC,052800109,37000.0,297,5.658679639174446e-05
FTV,FORTIVE CO,34959J108,37000.0,747,5.658679639174446e-05
MOH,MOLINA HEALTHCARE INC,60855R100,37000.0,191,5.658679639174446e-05
RYAAY,RYANAIR HLDGS PLC ADR,783513203,37000.0,609,5.658679639174446e-05
MOH,MOLINA HEALTHCARE INC,60855R100,37000.0,193,5.658679639174446e-05
XPO,XPO INC,983793100,37000.0,285,5.658679639174446e-05
HSBC,HSBC HLDGS PLC ADR,404280406,37000.0,523,5.658679639174446e-05
OSIS,OSI SYSTEMS,671044105,37000.0,147,5.658679639174446e-05
WBD,WARNER BROS DISCOVERY INC,934423104,37000.0,1875,5.658679639174446e-05
MAA,MID-AMER APT CMNTYS INC,59522J103,37000.0,262,5.658679639174446e-05
NVT,NVENT ELECTRIC PLC,G6700G107,37000.0,372,5.658679639174446e-05
CFG,CITIZENS FINANCIAL GRP,174610105,37000.0,702,5.658679639174446e-05
CTRE,CARETRUST REIT INC,14174T107,37000.0,1073,5.658679639174446e-05
DV,DOUBLEVERIFY HOLDINGS INC,25862V105,37000.0,3050,5.658679639174446e-05
PLD,PROLOGIS INC,74340W103,37000.0,324,5.658679639174446e-05
MRNA,MODERNA INC,60770K107,36000.0,1379,5.5057423516291906e-05
KRMN,KARMAN HOLDINGS INC,485924104,36000.0,495,5.5057423516291906e-05
TTE,TOTALENERGIES SE ADR,89151E109,36000.0,602,5.5057423516291906e-05
TKO,TKO GROUP HOLDINGS INC,87256C101,36000.0,179,5.5057423516291906e-05
ONON,ON HOLDING AG,H5919C104,36000.0,848,5.5057423516291906e-05
HCA,HCA HEALTHCARE INC,40412C101,36000.0,85,5.5057423516291906e-05
TGT,TARGET CORP,87612E106,36000.0,400,5.5057423516291906e-05
NEU,NEWMARKET CORP COM,651587107,36000.0,43,5.5057423516291906e-05
TRIP,TRIPADVISOR INC,896945201,36000.0,2229,5.5057423516291906e-05
GPC,GENUINE PARTS CO,372460105,36000.0,260,5.5057423516291906e-05
UL,UNILEVER PLC ADR NEW,904767704,36000.0,600,5.5057423516291906e-05
PCG,PG & E CORP,69331C108,36000.0,2400,5.5057423516291906e-05
GL,GLOBE LIFE INC,37959E102,36000.0,253,5.5057423516291906e-05
XOP,SPDR S&P OIL & GAS EXPLORA,78468R556,36000.0,273,5.5057423516291906e-05
DOX,AMDOCS LTD ORD,G02602103,36000.0,440,5.5057423516291906e-05
SNA,SNAP-ON TOOLS CORP,833034101,36000.0,104,5.5057423516291906e-05
MU,MICRON TECHNOLOGY INC,595112103,36000.0,217,5.5057423516291906e-05
MHK,MOHAWK INDUSTRIES INC,608190104,36000.0,280,5.5057423516291906e-05
ANAB,ANAPTYSBIO INC,032724106,36000.0,1170,5.5057423516291906e-05
ETX,EATON VANCE MUNI INCOME,27829U105,36000.0,1885,5.5057423516291906e-05
SLAB,SILICON LABORATORIES,826919102,36000.0,274,5.5057423516291906e-05
LRCX,LAM RESEARCH CORP,512807306,36000.0,270,5.5057423516291906e-05
ROKU,ROKU INC,77543R102,36000.0,359,5.5057423516291906e-05
DRI,DARDEN RESTAURANTS,237194105,36000.0,189,5.5057423516291906e-05
FANG,DIAMONDBACK ENERGY INC,25278X109,36000.0,250,5.5057423516291906e-05
COHR,COHERENT CORP,19247G107,35000.0,324,5.3528050640839354e-05
BCPC,BALCHEM CORP,057665200,35000.0,233,5.3528050640839354e-05
GILD,GILEAD SCIENCES,375558103,35000.0,317,5.3528050640839354e-05
AMCR,AMCOR PLC,G0250X107,35000.0,4327,5.3528050640839354e-05
CMC,COMMERCIAL METALS CO,201723103,35000.0,611,5.3528050640839354e-05
SRAD,SPORTRADAR HOLDING AG,H8088L103,35000.0,1305,5.3528050640839354e-05
UPS,UNITED PARCEL SERVICE CL B,911312106,35000.0,421,5.3528050640839354e-05
XSD,SPDR S&P SEMICONDUCTOR ETF,78464A862,35000.0,111,5.3528050640839354e-05
OGN,ORGANON & CO,68622V106,35000.0,3282,5.3528050640839354e-05
BL,BLACKLINE INC,09239B109,35000.0,658,5.3528050640839354e-05
MRUS,MERUS NV,N5749R100,35000.0,370,5.3528050640839354e-05
WSC,WILLSCOT HOLDINGS CORP,971378104,35000.0,1642,5.3528050640839354e-05
PG,PROCTER & GAMBLE CO,742718109,35000.0,230,5.3528050640839354e-05
AVA,AVISTA CORP,05379B107,35000.0,926,5.3528050640839354e-05
MCHP,MICROCHIP TECHNOLOGY INC,595017104,35000.0,552,5.3528050640839354e-05
ITRI,ITRON INC,465741106,35000.0,282,5.3528050640839354e-05
VRT,VERTIV HOLDINGS CO,92537N108,35000.0,234,5.3528050640839354e-05
WING,WINGSTOP INC,974155103,35000.0,139,5.3528050640839354e-05
LPLA,LPL FINL HLDGS INC COM,50212V100,35000.0,104,5.3528050640839354e-05
NPO,ENPRO INC,29355X107,35000.0,153,5.3528050640839354e-05
TIP,ISHARES BARCLAYS TIP BD FD,464287176,35000.0,311,5.3528050640839354e-05
DKS,DICKS SPORTING GOODS,253393102,35000.0,159,5.3528050640839354e-05
RS,RELIANCE INC,759509102,34000.0,121,5.19986777653868e-05
GFF,GRIFFON CORP,398433102,34000.0,450,5.19986777653868e-05
KTOS,KRATOS DEFENSE & SECURITY,50077B207,34000.0,374,5.19986777653868e-05
XLE,ENERGY SELECT SECTOR,81369Y506,34000.0,380,5.19986777653868e-05
HEFA,ISHARES TR HDG MSCI EAFE,46434V803,34000.0,848,5.19986777653868e-05
N/A,AUMOVIO SE NPV,D0R9B8108,34000.0,827,5.19986777653868e-05
PHM,PULTE GROUP INC,745867101,34000.0,257,5.19986777653868e-05
ECL,ECOLAB INC,278865100,34000.0,125,5.19986777653868e-05
MRBK,MERIDIAN CORP,58958P104,34000.0,2126,5.19986777653868e-05
PRM,PERIMETER SOLUTIONS INC,71385M107,34000.0,1521,5.19986777653868e-05
AFRM 0 11/15/26,AFFIRM HOLDINGS INC,00827BAB2,34000.0,36000,5.19986777653868e-05
MRVL,MARVELL TECHNOLOGY INC,573874104,34000.0,410,5.19986777653868e-05
AXGN,AXOGEN INC,05463X106,34000.0,1911,5.19986777653868e-05
KNSL,KINSALE CAPITAL GROUP INC,49714P108,34000.0,79,5.19986777653868e-05
DDOG,DATADOG INC,23804L103,34000.0,238,5.19986777653868e-05
A4S,AMERIPRISE FINANCIAL INC,03076C106,34000.0,69,5.19986777653868e-05
SNV,SYNOVUS FINL CORP,87161C501,34000.0,691,5.19986777653868e-05
CPK,CHESAPEAKE UTILITIES CORP,165303108,34000.0,249,5.19986777653868e-05
OHI,OMEGA HLTH CARE INVESTORS,681936100,34000.0,799,5.19986777653868e-05
OGE,OGE ENERGY CORP,670837103,34000.0,742,5.19986777653868e-05
WM,WASTE MANAGEMENT INC NEW,94106L109,34000.0,156,5.19986777653868e-05
CCL,CARNIVAL CORP CL A,143658300,34000.0,1182,5.19986777653868e-05
ARES,ARES MANAGEMENT CORP,03990B101,33000.0,205,5.0469304889934243e-05
PEG,PUBLIC SERV ENTERPRISE GP,744573106,33000.0,391,5.0469304889934243e-05
TEX,TEREX CORP DEL,880779103,33000.0,647,5.0469304889934243e-05
AXSM,AXSOME THERAPEUTICS INC,05464T104,33000.0,270,5.0469304889934243e-05
IONQ,IONQ INC,46222L108,33000.0,530,5.0469304889934243e-05
ALNY,ALNYLAM PHARMACEUTICALS,02043Q107,33000.0,72,5.0469304889934243e-05
CE,CELANESE CRP DEL COM SER A,150870103,33000.0,781,5.0469304889934243e-05
SAIC,SCIENCE APPLICATNS INTL CP,808625107,33000.0,332,5.0469304889934243e-05
TEAM,ATLASSIAN CORP PLC,049468101,33000.0,205,5.0469304889934243e-05
OEF,ISHARES S&P 100 INDEX,464287101,33000.0,100,5.0469304889934243e-05
VOT,VANGUARD INDEX FDS MCAP GR,922908538,33000.0,111,5.0469304889934243e-05
IPAC,ISHARES CORE MSCI PACIFIC,46434V696,33000.0,444,5.0469304889934243e-05
EIPI,FT ENERGY INCOME PARTNERS,33740F276,33000.0,1688,5.0469304889934243e-05
AEG,AEGON LTD ADR,0076CA104,33000.0,4124,5.0469304889934243e-05
SPDW,SPDR PORTFOLIO DEVELOPED W,78463X889,33000.0,780,5.0469304889934243e-05
KHC,KRAFT HEINZ CO,500754106,33000.0,1276,5.0469304889934243e-05
BX,BLACKSTONE INC,09260D107,33000.0,195,5.0469304889934243e-05
BLHK,BLUEHARBOR BANK,095613105,33000.0,1124,5.0469304889934243e-05
GD,GENERAL DYNAMICS CORP,369550108,33000.0,98,5.0469304889934243e-05
TTEK,TETRA TECH INC,88162G103,33000.0,990,5.0469304889934243e-05
KO,COCA-COLA COMPANY,191216100,33000.0,500,5.0469304889934243e-05
CL,COLGATE-PALMOLIVE CO,194162103,33000.0,410,5.0469304889934243e-05
ADI,ANALOG DEVICES,032654105,32000.0,131,4.893993201448169e-05
AZN,ASTRAZENECA PLC SPON ADR,046353108,32000.0,419,4.893993201448169e-05
EWTX,EDGEWISE THERAPEUTICS INC,28036F105,32000.0,1950,4.893993201448169e-05
DTM,DT MIDSTREAM INC,23345M107,32000.0,282,4.893993201448169e-05
DD,DUPONT DE NEMOURS INC,26614N102,32000.0,413,4.893993201448169e-05
WTM,WHITE MOUNTAIN INS,G9618E107,32000.0,19,4.893993201448169e-05
PODD,INSULET CORP,45784P101,32000.0,105,4.893993201448169e-05
WHR,WHIRLPOOL CORP,963320106,32000.0,411,4.893993201448169e-05
XLU,UTILITIES SELECT SECT SPDR,81369Y886,32000.0,363,4.893993201448169e-05
GME,GAMESTOP CORP NEW CL A,36467W109,32000.0,1180,4.893993201448169e-05
KNF,KNIFE RIVER CORP,498894104,32000.0,418,4.893993201448169e-05
UPS,UNITED PARCEL SERVICE CL B,911312106,32000.0,387,4.893993201448169e-05
WFC,WELLS FARGO & CO NEW,949746101,32000.0,381,4.893993201448169e-05
CVX,CHEVRON CORP,166764100,32000.0,205,4.893993201448169e-05
CAE,CAE INC,124765108,32000.0,1094,4.893993201448169e-05
WHD,CACTUS INC,127203107,32000.0,810,4.893993201448169e-05
HUM,HUMANA INC,444859102,32000.0,123,4.893993201448169e-05
BG,BUNGE GLOBAL SA,H11356104,32000.0,389,4.893993201448169e-05
CA8A,CACI INTERNATIONAL INC A,127190304,32000.0,65,4.893993201448169e-05
3TY,TITAN MACHINERY IN,88830R101,32000.0,1901,4.893993201448169e-05
OKE,ONEOK CORP INC NEW,682680103,32000.0,441,4.893993201448169e-05
TPL,TEXAS PACIFIC LAND CORP,88262P102,32000.0,34,4.893993201448169e-05
OVV,OVINTIV INC,69047Q102,32000.0,783,4.893993201448169e-05
T,TELUS CORP,87971M103,32000.0,2055,4.893993201448169e-05
AON,AON PLC,G0403H108,32000.0,91,4.893993201448169e-05
VRSK,VERISK ANALYTICS INC-CL A,92345Y106,32000.0,128,4.893993201448169e-05
XLF,FINANCIAL SELECT SECT SPDR,81369Y605,32000.0,586,4.893993201448169e-05
EQH,EQUITABLE HOLDINGS INC,29452E101,32000.0,623,4.893993201448169e-05
ROST,ROSS STORES INC,778296103,31000.0,203,4.741055913902914e-05
ROP,ROPER TECHNOLOGIES INC.,776696106,31000.0,62,4.741055913902914e-05
KYN,KAYNE ANDERSON ENERG INFRA,486606106,31000.0,2512,4.741055913902914e-05
TRMK,TRUSTMARK CORP,898402102,31000.0,781,4.741055913902914e-05
SSNC,SS&C TECHNOLOGIES HOLDINGS,78467J100,31000.0,350,4.741055913902914e-05
IPAR,INTERPARFUMS INC,458334109,31000.0,318,4.741055913902914e-05
FCX,FREEPORT-MCMORAN INC.,35671D857,31000.0,800,4.741055913902914e-05
DJP,IPATH BLOOMBERG COMMODITY,06738C778,31000.0,870,4.741055913902914e-05
SPHD,INVESCO S&P 500 HIGH DIVID,46138E362,31000.0,625,4.741055913902914e-05
NFG,NATIONAL FUEL GAS CO,636180101,31000.0,332,4.741055913902914e-05
MDLZ,MONDELEZ INTERNATIONAL INC,609207105,31000.0,500,4.741055913902914e-05
ARKQ,ARK AUTONOMOUS TECHNOLOGY,00214Q203,31000.0,280,4.741055913902914e-05
MU,MICRON TECHNOLOGY INC,595112103,31000.0,188,4.741055913902914e-05
MU,MICRON TECHNOLOGY INC,595112103,31000.0,185,4.741055913902914e-05
MAR,MARRIOTT INTL INC NEW CL A,571903202,31000.0,118,4.741055913902914e-05
SCHG,SCHWAB U.S. LARGE-CAP GROW,808524300,31000.0,985,4.741055913902914e-05
MPC,MARATHON PETE CORP,56585A102,31000.0,162,4.741055913902914e-05
KVUE,KENVUE INC,49177J102,31000.0,1921,4.741055913902914e-05
UNP,UNION PACIFIC CORP,907818108,31000.0,132,4.741055913902914e-05
TWLO,TWILIO INC,90138F102,31000.0,314,4.741055913902914e-05
BMY,BRISTOL-MYERS SQUIBB CO,110122108,31000.0,686,4.741055913902914e-05
WST,WEST PHARMACEUTICAL SVC,955306105,31000.0,120,4.741055913902914e-05
WST,WEST PHARMACEUTICAL SVC,955306105,31000.0,117,4.741055913902914e-05
OWL,BLUE OWL CAPITAL INC,09581B103,31000.0,1844,4.741055913902914e-05
CRDO,CREDO TECHNOLOGY GROUP HOL,G25457105,31000.0,213,4.741055913902914e-05
NWS,NEWS CORP NEW CL B,65249B208,31000.0,906,4.741055913902914e-05
CVS,CVS HEALTH CORP,126650100,31000.0,413,4.741055913902914e-05
HBAN,HUNTINGTON BANCSHARES INC,446150104,31000.0,1789,4.741055913902914e-05
CMG,CHIPOTLE MEXICAN GRILL,169656105,31000.0,800,4.741055913902914e-05
WBS,WEBSTER FINL CORP CONN,947890109,31000.0,524,4.741055913902914e-05
SMFG,SUMITOMO MITSUI FIN ADR,86562M209,31000.0,1851,4.741055913902914e-05
THG,HANOVER INS GROUP INC,410867105,31000.0,168,4.741055913902914e-05
CP,CANADIAN PACIFIC KANSAS CI,13646K108,30000.0,400,4.588118626357659e-05
RRX,REGAL REXNORD CORP,758750103,30000.0,212,4.588118626357659e-05
SM,SM ENERGY CO,78454L100,30000.0,1194,4.588118626357659e-05
CW,CURTISS WRIGHT CORP,231561101,30000.0,56,4.588118626357659e-05
DOW,DOW INC,260557103,30000.0,1289,4.588118626357659e-05
UTHR,UTD THERAPEUTICS CORP,91307C102,30000.0,72,4.588118626357659e-05
AMD,ADVANCED MICRO DEVICES INC,007903107,30000.0,187,4.588118626357659e-05
VLUE,ISHARES MSCI USA VALUE,46432F388,30000.0,238,4.588118626357659e-05
PHR,PHREESIA INC,71944F106,30000.0,1271,4.588118626357659e-05
FYBR,FRONTIER COMMUNICATIONS PA,35909D109,30000.0,812,4.588118626357659e-05
SATS,ECHOSTAR CORP,278768106,30000.0,394,4.588118626357659e-05
FNB,FNB CORP,302520101,30000.0,1855,4.588118626357659e-05
DWD,MORGAN STANLEY GRP INC,617446448,30000.0,186,4.588118626357659e-05
PKN,REVVITY INC,714046109,30000.0,341,4.588118626357659e-05
EGP,EASTGROUP PROPERTIES INC,277276101,30000.0,179,4.588118626357659e-05
MTG,MGIC INVT CORP WIS,552848103,30000.0,1058,4.588118626357659e-05
DUK,DUKE ENERGY HLDG CORP,26441C204,30000.0,240,4.588118626357659e-05
SOFI,SOFI TECHNOLOGIES INC,83406F102,30000.0,1121,4.588118626357659e-05
WEC,WEC ENERGY GROUP INC,92939U106,30000.0,263,4.588118626357659e-05
GTES,GATES INDUSTRIAL CORP PLC,G39108108,30000.0,1228,4.588118626357659e-05
ALLY,ALLY FINANCIAL INC,02005N100,30000.0,756,4.588118626357659e-05
GDDY,GODADDY INC,380237107,30000.0,221,4.588118626357659e-05
IM8N,INSMED INC COM,457669307,30000.0,207,4.588118626357659e-05
VSEC,VSE CORP,918284100,30000.0,182,4.588118626357659e-05
WCN,WASTE CONNECTIONS,94106B101,30000.0,169,4.588118626357659e-05
LNG,CHENIERE ENERGY INC,16411R208,30000.0,126,4.588118626357659e-05
WTRG,ESSENTIAL UTILITIES INC,29670G102,30000.0,740,4.588118626357659e-05
JNJ,JOHNSON & JOHNSON,478160104,30000.0,164,4.588118626357659e-05
RBRK,RUBRIK INC,781154109,30000.0,362,4.588118626357659e-05
ELS,EQUITY LIFESTYLE PPTYS INC,29472R108,30000.0,495,4.588118626357659e-05
EL,ESTEE LAUDER COS INC CL A,518439104,30000.0,339,4.588118626357659e-05
CIT,CINTAS CORP,172908105,30000.0,148,4.588118626357659e-05
HALO,HALOZYME THERAPEUTICS INC,40637H109,30000.0,409,4.588118626357659e-05
BLD,TOPBUILD CORP - W/I,89055F103,30000.0,76,4.588118626357659e-05
SPSB,SPDR PRTF SRT TRM CORP ETF,78464A474,30000.0,998,4.588118626357659e-05
LII,LENNOX INTL INC COM,526107107,30000.0,56,4.588118626357659e-05
RGEN,REPLIGEN CORP,759916109,29000.0,220,4.4351813388124035e-05
MSTR,MICROSTRATEGY INC NEW,594972408,29000.0,89,4.4351813388124035e-05
JIRE,JPMORGAN INTERNATIONAL RES,46641Q134,29000.0,390,4.4351813388124035e-05
STX,SEAGATE TECHNOLOGY,G7997R103,29000.0,121,4.4351813388124035e-05
REVG,REV GROUP INC,749527107,29000.0,520,4.4351813388124035e-05
SBAC,SBA COMMUNICATIONS CORP,78410G104,29000.0,150,4.4351813388124035e-05
AGCO,AGCO CORP,001084102,29000.0,267,4.4351813388124035e-05
XOP,SPDR S&P OIL & GAS EXPLORA,78468R556,29000.0,219,4.4351813388124035e-05
TECH,BIO-TECHNE CORP NPV,09073M104,29000.0,527,4.4351813388124035e-05
CWAN,CLEARWATER ANALYTICS HOLDI,185123106,29000.0,1625,4.4351813388124035e-05
REGN,REGENERON PHARMACEUTICALS,75886F107,29000.0,52,4.4351813388124035e-05
OLN,OLIN CORP,680665205,29000.0,1142,4.4351813388124035e-05
NTR,NUTRIEN LTD,67077M108,29000.0,486,4.4351813388124035e-05
DIS,WALT DISNEY CO,254687106,29000.0,251,4.4351813388124035e-05
RACE,FERRARI NV,N3167Y103,29000.0,60,4.4351813388124035e-05
JLL,JONES LANG LASALLE INC COM,48020Q107,29000.0,98,4.4351813388124035e-05
VRTX,VERTEX PHARMACEUTICALS,92532F100,29000.0,74,4.4351813388124035e-05
RMBS,RAMBUS INC,750917106,29000.0,280,4.4351813388124035e-05
MRP,MILLROSE PROPERTIES CL A,601137102,29000.0,853,4.4351813388124035e-05
RGA,REINSURANCE GROUP AMER,759351604,29000.0,153,4.4351813388124035e-05
IDMO,INVESCO S&P INTERNATIONAL,46138E222,29000.0,530,4.4351813388124035e-05
FCX,FREEPORT-MCMORAN INC.,35671D857,29000.0,741,4.4351813388124035e-05
SONY,SONY GROUP CORP ADR,835699307,29000.0,1023,4.4351813388124035e-05
LEN,LENNAR CORP,526057104,29000.0,231,4.4351813388124035e-05
MCD,MCDONALDS CORP,580135101,29000.0,95,4.4351813388124035e-05
HLI,HOULIHAN LOKEY INC,441593100,29000.0,143,4.4351813388124035e-05
SYK,STRYKER CORP,863667101,29000.0,78,4.4351813388124035e-05
7HP,HP INC,40434L105,29000.0,1063,4.4351813388124035e-05
OTIS,OTIS WORLDWIDE CORP,68902V107,29000.0,319,4.4351813388124035e-05
LDOS,LEIDOS HLDGS INC,525327102,28000.0,149,4.2822440512671483e-05
MTG,MGIC INVT CORP WIS,552848103,28000.0,1000,4.2822440512671483e-05
XYL,XYLEM INC,98419M100,28000.0,187,4.2822440512671483e-05
ECL,ECOLAB INC,278865100,28000.0,101,4.2822440512671483e-05
HST,HOST HOTELS & RESORTS INC,44107P104,28000.0,1652,4.2822440512671483e-05
CVNA,CARVANA CO,146869102,28000.0,75,4.2822440512671483e-05
VLTO,VERALTO CORP,92338C103,28000.0,267,4.2822440512671483e-05
3TY,TITAN MACHINERY IN,88830R101,28000.0,1672,4.2822440512671483e-05
MDT,MEDTRONIC PLC,G5960L103,28000.0,295,4.2822440512671483e-05
LITE,LUMENTUM H,55024U109,28000.0,172,4.2822440512671483e-05
VERX,VERTEX INC,92538J106,28000.0,1130,4.2822440512671483e-05
CC,CHEMOURS CO,163851108,28000.0,1760,4.2822440512671483e-05
SNAP 0 05/01/27,SNAP INC,83304AAF3,28000.0,30000,4.2822440512671483e-05
JPX,AEROVIRONMENT INC,008073108,28000.0,90,4.2822440512671483e-05
FXI,ISHARES CHINA LRGE-CAP ETF,464287184,28000.0,685,4.2822440512671483e-05
VIRT,VIRTU FINANCIAL INC,928254101,28000.0,800,4.2822440512671483e-05
PB,PROSPERITY BANCSHARES,743606105,28000.0,416,4.2822440512671483e-05
BHP,BHP GROUP LTD ADR,088606108,28000.0,500,4.2822440512671483e-05
STLD,STEEL DYNAMICS,858119100,28000.0,202,4.2822440512671483e-05
LOPE,GRAND CANYON ED INC,38526M106,28000.0,128,4.2822440512671483e-05
BBIO,BRIDGEBIO PHARMA INC,10806X102,28000.0,533,4.2822440512671483e-05
ALL,ALLSTATE CORP,020002101,28000.0,130,4.2822440512671483e-05
SUX,TD SYNNEX CORPORATION,87162W100,28000.0,173,4.2822440512671483e-05
SYY,SYSCO CORP,871829107,28000.0,334,4.2822440512671483e-05
OC,OWENS CORNING INC,690742101,28000.0,197,4.2822440512671483e-05
PEP,PEPSICO INC,713448108,28000.0,200,4.2822440512671483e-05
NEXT,NEXTDECADE CORP,65342K105,28000.0,4160,4.2822440512671483e-05
GNRC,GENERAC HLDGS INC,368736104,28000.0,170,4.2822440512671483e-05
CEF/U,SPROTT PHYSICAL GOLD,85208R101,28000.0,760,4.2822440512671483e-05
KMB,KIMBERLY-CLARK CORP,494368103,28000.0,222,4.2822440512671483e-05
PHR,PHREESIA INC,71944F106,28000.0,1200,4.2822440512671483e-05
GEN,GEN DIGITAL INC,668771108,28000.0,975,4.2822440512671483e-05
SO,SOUTHERN CO,842587107,28000.0,296,4.2822440512671483e-05
FHN,FIRST HORIZON CORP,320517105,28000.0,1234,4.2822440512671483e-05
SCI,SERVICE CORP INTL,817565104,28000.0,340,4.2822440512671483e-05
FANG,DIAMONDBACK ENERGY INC,25278X109,28000.0,197,4.2822440512671483e-05
LITE,LUMENTUM H,55024U109,27000.0,168,4.129306763721893e-05
OII,OCEANEERING INTL INC,675232102,27000.0,1090,4.129306763721893e-05
N/A,APTIV PLC NEW ORD,G3265R107,27000.0,318,4.129306763721893e-05
PYPL,PAYPAL HOLDINGS INC,70450Y103,27000.0,396,4.129306763721893e-05
NXT,NEXTRACKER INC,65290E101,27000.0,370,4.129306763721893e-05
TM,TOYOTA MTR LTD ADR,892331307,27000.0,143,4.129306763721893e-05
HUM,HUMANA INC,444859102,27000.0,102,4.129306763721893e-05
CSCO,CISCO SYSTEMS INC,17275R102,27000.0,390,4.129306763721893e-05
TFX,TELEFLEX INC,879369106,27000.0,224,4.129306763721893e-05
CMS,CMS ENERGY CORP,125896100,27000.0,368,4.129306763721893e-05
ICLR,ICON PLC,G4705A100,27000.0,153,4.129306763721893e-05
IDA,IDACORP INC,451107106,27000.0,207,4.129306763721893e-05
TFPM,TRIPLE FLAG PRECIOUS METAL,89679M104,27000.0,916,4.129306763721893e-05
SOLV,SOLVENTUM CORP,83444M101,27000.0,375,4.129306763721893e-05
MTH,MERITAGE HOMES CORP COM,59001A102,27000.0,372,4.129306763721893e-05
CAG,CONAGRA BRANDS INC,205887102,27000.0,1493,4.129306763721893e-05
MP,MP MATERIALS CORP,553368101,27000.0,398,4.129306763721893e-05
CMI,CUMMINS INC,231021106,27000.0,65,4.129306763721893e-05
NMRK,NEWMARK GROUP INC,65158N102,27000.0,1465,4.129306763721893e-05
LTPZ,PIMCO 15 YEAR U.S. TIPS I,72201R304,27000.0,501,4.129306763721893e-05
IYG,ISHARES DJ US FINL SVCS,464287770,27000.0,297,4.129306763721893e-05
EFV,ISHARES TRUST MSCI VAL IDX,464288877,27000.0,400,4.129306763721893e-05
IYW,ISHARES US TECHNOLOGY ETF,464287721,27000.0,138,4.129306763721893e-05
PLUS,EPLUS INC,294268107,27000.0,381,4.129306763721893e-05
EHC,ENCOMPASS HEALTH CORP,29261A100,27000.0,215,4.129306763721893e-05
ELV,ELEVANCE HEALTH INC,036752103,27000.0,83,4.129306763721893e-05
JBL,JABIL INC,466313103,27000.0,125,4.129306763721893e-05
NLY,ANNALY CAPITAL MANAGEMENT,035710839,27000.0,1343,4.129306763721893e-05
RIOT,RIOT PLATFORMS INC,767292105,27000.0,1403,4.129306763721893e-05
MMYT,MAKEMYTRIP LIMITED,V5633W109,26000.0,279,3.976369476176638e-05
XYL,XYLEM INC,98419M100,26000.0,178,3.976369476176638e-05
UAL,UNITED AIRLINES HLDS INC,910047109,26000.0,266,3.976369476176638e-05
ABT,ABBOTT LABORATORIES,002824100,26000.0,195,3.976369476176638e-05
AROC,ARCHROCK INC,03957W106,26000.0,980,3.976369476176638e-05
N/A,APTIV PLC NEW ORD,G3265R107,26000.0,301,3.976369476176638e-05
XNROX,NEUBERGER BERMAN REAL EST,64190A103,26000.0,7958,3.976369476176638e-05
FTEC,FIDELITY MSCI INFORMATION,316092808,26000.0,115,3.976369476176638e-05
CORT,CORCEPT THERAPEUTICS INC,218352102,26000.0,309,3.976369476176638e-05
FOX,FOX CORP - CLASS B,35137L204,26000.0,456,3.976369476176638e-05
TFX,TELEFLEX INC,879369106,26000.0,210,3.976369476176638e-05
CIT,CINTAS CORP,172908105,26000.0,129,3.976369476176638e-05
HIMS,HIMS & HERS HEALTH INC,433000106,26000.0,463,3.976369476176638e-05
BGB,BLACKSTONE STRATEG CR 2027,09257R101,26000.0,2110,3.976369476176638e-05
AFG,AMERICAN FINL GRP INC OHIO,025932104,26000.0,180,3.976369476176638e-05
WMB,WILLIAMS COMPANIES INC,969457100,26000.0,412,3.976369476176638e-05
SLM,SLM CORP,78442P106,26000.0,930,3.976369476176638e-05
TMUS,T-MOBILE US INC,872590104,26000.0,110,3.976369476176638e-05
SKWD,SKYWARD SPECIALTY INSURANC,830940102,26000.0,545,3.976369476176638e-05
SPHD,INVESCO S&P 500 HIGH DIVID,46138E362,26000.0,529,3.976369476176638e-05
COIN,COINBASE GLOBAL INC,19260Q107,26000.0,76,3.976369476176638e-05
H,HYATT HOTELS CORP CL A,448579102,26000.0,183,3.976369476176638e-05
AVBP,ARRIVENT BIOPHARMA INC,04272N102,26000.0,1395,3.976369476176638e-05
USB,US BANCORP DEL NEW,902973304,26000.0,534,3.976369476176638e-05
UMBF,UMB FINANCIAL,902788108,26000.0,217,3.976369476176638e-05
WEA,WESTERN ALLIANCE,957638109,26000.0,300,3.976369476176638e-05
SAN,BANCO SANTANDER SA ADR,05964H105,26000.0,2468,3.976369476176638e-05
WK,WORKIVA,98139A105,26000.0,305,3.976369476176638e-05
CAH,CARDINAL HEALTH INC,14149Y108,26000.0,165,3.976369476176638e-05
DYNF,ISHARES US EQUITY FACT,09290C103,26000.0,435,3.976369476176638e-05
BP,BP PLC ADR,055622104,26000.0,750,3.976369476176638e-05
AZO,AUTOZONE INC,053332102,26000.0,6,3.976369476176638e-05
COOP,MR COOPER GROUP INC,62482R107,26000.0,122,3.976369476176638e-05
TD,TORONTO-DOMINION,891160509,26000.0,326,3.976369476176638e-05
NTR,NUTRIEN LTD,67077M108,26000.0,451,3.976369476176638e-05
MGM,MGM RESORTS INTERNATIONAL,552953101,26000.0,743,3.976369476176638e-05
LEN,LENNAR CORP,526057104,26000.0,205,3.976369476176638e-05
DYNF,ISHARES US EQUITY FACT,09290C103,26000.0,445,3.976369476176638e-05
NSC,NORFOLK SOUTHERN CORP,655844108,26000.0,85,3.976369476176638e-05
ADSK,AUTODESK INC,052769106,26000.0,82,3.976369476176638e-05
LNT,ALLIANT ENERGY CORP,018802108,25000.0,366,3.823432188631382e-05
VCEL,VERICEL CORP,92346J108,25000.0,805,3.823432188631382e-05
3TY,TITAN MACHINERY IN,88830R101,25000.0,1508,3.823432188631382e-05
CVLT,COMMVAULT SYSTEMS INC,204166102,25000.0,133,3.823432188631382e-05
VRSK,VERISK ANALYTICS INC-CL A,92345Y106,25000.0,99,3.823432188631382e-05
RMBS,RAMBUS INC,750917106,25000.0,242,3.823432188631382e-05
SR,SPIRE INC,84857L101,25000.0,311,3.823432188631382e-05
BEAT,HEARTBEAM INC,42238H108,25000.0,15200,3.823432188631382e-05
MBB,ISHARES BARCLAY MBS BD FD,464288588,25000.0,265,3.823432188631382e-05
WF2,WINTRUST FINANCIAL,97650W108,25000.0,188,3.823432188631382e-05
RWL,INVESCO S&P 500 REVENUE ET,46138G698,25000.0,226,3.823432188631382e-05
ILMN,ILLUMINA INC,452327109,25000.0,268,3.823432188631382e-05
DAL,DELTA AIR LINES INC DEL,247361702,25000.0,442,3.823432188631382e-05
PLD,PROLOGIS INC,74340W103,25000.0,217,3.823432188631382e-05
M,MACYS INC,55616P104,25000.0,1384,3.823432188631382e-05
RITM,RITHM CAPITAL CORP,64828T201,25000.0,2229,3.823432188631382e-05
ESGV,VANGUARD ESG US STOCK ETF,921910733,25000.0,215,3.823432188631382e-05
CMG,CHIPOTLE MEXICAN GRILL,169656105,25000.0,643,3.823432188631382e-05
BWA,BORG WARNER INC,099724106,25000.0,566,3.823432188631382e-05
BBD,BANCO BRADESCO ADR PFD,059460303,25000.0,7373,3.823432188631382e-05
ARWR,ARROWHEAD PHARMACEUTICALS,04280A100,25000.0,711,3.823432188631382e-05
CSW,CSW INDUSTRIALS INC,126402106,25000.0,105,3.823432188631382e-05
CELH,CELSIUS HOLDINGS INC,15118V207,25000.0,441,3.823432188631382e-05
GOLF,ACUSHNET HOLDINGS CORP,005098108,25000.0,320,3.823432188631382e-05
LUV,SOUTHWEST AIRLINES,844741108,25000.0,775,3.823432188631382e-05
TMUS,T-MOBILE US INC,872590104,25000.0,104,3.823432188631382e-05
XLU,UTILITIES SELECT SECT SPDR,81369Y886,25000.0,283,3.823432188631382e-05
TRNS,TRANSCAT INC,893529107,25000.0,345,3.823432188631382e-05
MUE,BLACKROCK MUNIHLDGS FD II,09254C107,25000.0,2507,3.823432188631382e-05
MFC,MANULIFE FINANCIAL CORP,56501R106,25000.0,812,3.823432188631382e-05
AYI,ACUITY INC,00508Y102,25000.0,72,3.823432188631382e-05
VIOG,VANGUARD S&P SMALL-CAP 600,921932794,25000.0,207,3.823432188631382e-05
AR,ANTERO RES CORP,03674X106,25000.0,753,3.823432188631382e-05
KEY,KEYCORP NEW,493267108,25000.0,1361,3.823432188631382e-05
BK,BANK NEW YORK MELLON CORP,064058100,25000.0,233,3.823432188631382e-05
SBUX,STARBUCKS CORP,855244109,24000.0,284,3.670494901086127e-05
AGYS,AGILYSYS INC COM,00847J105,24000.0,225,3.670494901086127e-05
EOG,EOG RES INC,26875P101,24000.0,216,3.670494901086127e-05
CNX,CNX RESOURCES CORP,12653C108,24000.0,738,3.670494901086127e-05
TFX,TELEFLEX INC,879369106,24000.0,193,3.670494901086127e-05
NXT,NEXTRACKER INC,65290E101,24000.0,322,3.670494901086127e-05
DT,DYNATRACE INC,268150109,24000.0,505,3.670494901086127e-05
SHEL,SHELL PLC ADR,780259305,24000.0,342,3.670494901086127e-05
ADP,AUTOMATIC DATA PROCESSING,053015103,24000.0,82,3.670494901086127e-05
FTS,FORTIS INC/CANADA,349553107,24000.0,472,3.670494901086127e-05
FMX,FOMENTO ECON MEX SA ADR,344419106,24000.0,245,3.670494901086127e-05
FAST,FASTENAL INC COM,311900104,24000.0,496,3.670494901086127e-05
RJF,RAYMOND JAMES FINANCIAL,754730109,24000.0,141,3.670494901086127e-05
MOD,MODINE MFGRS CO,607828100,24000.0,166,3.670494901086127e-05
KVUE,KENVUE INC,49177J102,24000.0,1505,3.670494901086127e-05
AWI,ARMSTRONG WORLD INDS,04247X102,24000.0,120,3.670494901086127e-05
ENVX,ENOVIX CORP,293594107,24000.0,2432,3.670494901086127e-05
CL,COLGATE-PALMOLIVE CO,194162103,24000.0,300,3.670494901086127e-05
JBL,JABIL INC,466313103,24000.0,109,3.670494901086127e-05
FI,FISERV INC,337738108,24000.0,185,3.670494901086127e-05
TSCO,TRACTOR SUPPLY,892356106,24000.0,415,3.670494901086127e-05
EPAM,EPAM SYSTEMS INC,29414B104,24000.0,160,3.670494901086127e-05
GILD,GILEAD SCIENCES,375558103,24000.0,217,3.670494901086127e-05
AIG,AMERICAN INTL GROUP INC,026874784,24000.0,311,3.670494901086127e-05
SPLG,SPDR PORTFOLIO S&P 500 ETF,78464A854,24000.0,303,3.670494901086127e-05
PNW,PINNACLE WEST CAPITAL CORP,723484101,24000.0,273,3.670494901086127e-05
AL,AIR LEASE CORP,00912X302,24000.0,374,3.670494901086127e-05
VRTX,VERTEX PHARMACEUTICALS,92532F100,24000.0,60,3.670494901086127e-05
EXP,EAGLE MATERIALS INC,26969P108,24000.0,105,3.670494901086127e-05
TPR,TAPESTRY INC,876030107,24000.0,209,3.670494901086127e-05
AMGN,AMGEN INC,031162100,24000.0,85,3.670494901086127e-05
TREX,TREX INC COM,89531P105,24000.0,460,3.670494901086127e-05
IBKR,INTERACTIVE BROKER,45841N107,23000.0,332,3.5175576135408717e-05
AM,ANTERO MIDSTREAM CORP,03676B102,23000.0,1185,3.5175576135408717e-05
AMTM,AMENTUM HOLDINGS,023939101,23000.0,958,3.5175576135408717e-05
VST,VISTRA CORP,92840M102,23000.0,116,3.5175576135408717e-05
CRVL,CORVEL CORP,221006109,23000.0,293,3.5175576135408717e-05
RRC,RANGE RESOURCES CORP,75281A109,23000.0,623,3.5175576135408717e-05
O,REALTY INCOME CORP,756109104,23000.0,378,3.5175576135408717e-05
GDO,WESTERN ASSET GLB CP OP FD,95790C107,23000.0,1905,3.5175576135408717e-05
AFRM,AFFIRM HOLDINGS INC,00827B106,23000.0,316,3.5175576135408717e-05
ZETA,ZETA GLOBAL HOLDINGS CORP,98956A105,23000.0,1178,3.5175576135408717e-05
WCC,WESCO INTERNATIONAL,95082P105,23000.0,109,3.5175576135408717e-05
OLED,UNIVERSAL DISPLAY CP,91347P105,23000.0,163,3.5175576135408717e-05
CASY,CASEYS GENERAL STORES,147528103,23000.0,40,3.5175576135408717e-05
VNQ,VANGUARD REAL ESTATE ETF,922908553,23000.0,250,3.5175576135408717e-05
AA,ALCOA UPSTREAM CORP,013872106,23000.0,714,3.5175576135408717e-05
ODFL,OLD DOMINION FREIGHT,679580100,23000.0,166,3.5175576135408717e-05
N/A,NEBIUS GROUP N V,N97284108,23000.0,201,3.5175576135408717e-05
SNV,SYNOVUS FINL CORP,87161C501,23000.0,477,3.5175576135408717e-05
GXO,GXO LOGISTICS INC,36262G101,23000.0,442,3.5175576135408717e-05
PJT,PJT PARTNERS INC,69343T107,23000.0,132,3.5175576135408717e-05
DRI,DARDEN RESTAURANTS,237194105,23000.0,123,3.5175576135408717e-05
PSX,PHILLIPS 66 COMMON,718546104,23000.0,167,3.5175576135408717e-05
LYG,LLOYDS TSB GRP PLC ADR,539439109,23000.0,5161,3.5175576135408717e-05
AIG,AMERICAN INTL GROUP INC,026874784,23000.0,289,3.5175576135408717e-05
GTES,GATES INDUSTRIAL CORP PLC,G39108108,23000.0,909,3.5175576135408717e-05
SNPS,SYNOPSYS INC,871607107,23000.0,46,3.5175576135408717e-05
SLVM,SYLVAMO CORP,871332102,23000.0,530,3.5175576135408717e-05
FCNCA,FIRST CITIZEN BANCSHS A,31946M103,23000.0,13,3.5175576135408717e-05
VGK,VANGUARD MSCI EUROPE ETF,922042874,23000.0,294,3.5175576135408717e-05
ICLR,ICON PLC,G4705A100,23000.0,133,3.5175576135408717e-05
CVE,CENOVUS ENERGY,15135U109,23000.0,1346,3.5175576135408717e-05
AWG,ASBURY AUTOMOTIVE GROUP,043436104,23000.0,94,3.5175576135408717e-05
LVS,LAS VEGAS SANDS,517834107,23000.0,426,3.5175576135408717e-05
DOV,DOVER CORP,260003108,23000.0,135,3.5175576135408717e-05
FCN,FTI CONSULTING INC,302941109,23000.0,145,3.5175576135408717e-05
TRP,TC ENERGY CORP NPV,87807B107,23000.0,415,3.5175576135408717e-05
ITW,ILLINOIS TOOL WORKS INC,452308109,23000.0,90,3.5175576135408717e-05
SBAC,SBA COMMUNICATIONS CORP,78410G104,23000.0,118,3.5175576135408717e-05
JXN,JACKSON FINANCIAL INC,46817M107,23000.0,226,3.5175576135408717e-05
SITM,SITIME CORP,82982T106,23000.0,76,3.5175576135408717e-05
VOYA,VOYA FINL INC NPV,929089100,23000.0,304,3.5175576135408717e-05
NSC,NORFOLK SOUTHERN CORP,655844108,23000.0,75,3.5175576135408717e-05
CB,CHUBB LIMITED,H1467J104,23000.0,83,3.5175576135408717e-05
HIG,HARTFORD INS GROUP INC,416515104,23000.0,169,3.5175576135408717e-05
WMS,ADVANCED DRAINAGE SYSTEMS,00790R104,23000.0,163,3.5175576135408717e-05
MFG,MIZUHO FINL GP ADR,60687Y109,23000.0,3385,3.5175576135408717e-05
EVRG,EVERGY INC,30034W106,23000.0,297,3.5175576135408717e-05
COF,CAPITAL ONE FINANCIAL,14040H105,23000.0,107,3.5175576135408717e-05
ALL,ALLSTATE CORP,020002101,23000.0,105,3.5175576135408717e-05
HBAN,HUNTINGTON BANCSHARES INC,446150104,22000.0,1261,3.3646203259956165e-05
CNQ,CANADIAN NATURAL RES,136385101,22000.0,700,3.3646203259956165e-05
6RJ0,ROCKET LAB CORP,773121108,22000.0,453,3.3646203259956165e-05
RELX,RELX PLC NPV ADR,759530108,22000.0,463,3.3646203259956165e-05
CAE,CAE INC,124765108,22000.0,750,3.3646203259956165e-05
LMT,LOCKHEED MARTIN CORP,539830109,22000.0,44,3.3646203259956165e-05
DY,DYCOM INDUSTRIES,267475101,22000.0,76,3.3646203259956165e-05
EMGF,ISHARES EDGE MSCI MULTIFAC,46434G889,22000.0,393,3.3646203259956165e-05
N/A,AUMOVIO SE NPV,D0R9B8108,22000.0,525,3.3646203259956165e-05
IETC,ISHARES U.S. TECH INDEPEND,46431W648,22000.0,220,3.3646203259956165e-05
TEL,TE CONNECTIVITY PLC,G87052109,22000.0,100,3.3646203259956165e-05
RDY,DR. REDDYS LAB ADR,256135203,22000.0,1602,3.3646203259956165e-05
TTMI,TTM TECHNOLOGIES,87305R109,22000.0,377,3.3646203259956165e-05
LQD,ISHARES TR GS CORP BD FD,464287242,22000.0,200,3.3646203259956165e-05
NKE,NIKE INC CL B,654106103,22000.0,322,3.3646203259956165e-05
CCK,CROWN HLDGS INC,228368106,22000.0,231,3.3646203259956165e-05
CBOE,CBOE GLOBAL MARKETS INC,12503M108,22000.0,90,3.3646203259956165e-05
MNST,MONSTER BEVERAGE CORP NEW,61174X109,22000.0,328,3.3646203259956165e-05
EME,EMCOR GROUP INC,29084Q100,22000.0,34,3.3646203259956165e-05
JHG,JANUS HENDERSON GROUP PLC,G4474Y214,22000.0,500,3.3646203259956165e-05
FHB,FIRST HAWAIIAN INC,32051X108,22000.0,880,3.3646203259956165e-05
BCPC,BALCHEM CORP,057665200,22000.0,144,3.3646203259956165e-05
CON,CONCENTRA GROUP HOLDINGS P,20603L102,22000.0,1030,3.3646203259956165e-05
MTSI,MACOM TECHNOLOGY SOLUTIONS,55405Y100,22000.0,174,3.3646203259956165e-05
ZWS,ZURN ELKAY WATER SOLUTIONS,98983L108,22000.0,474,3.3646203259956165e-05
CRNX,CRINETICS PHARMACEUTICALS,22663K107,22000.0,530,3.3646203259956165e-05
HPE,HEWLETT PACKARD ENTERPR WI,42824C109,22000.0,910,3.3646203259956165e-05
SSNC,SS&C TECHNOLOGIES HOLDINGS,78467J100,22000.0,250,3.3646203259956165e-05
PBA,PEMBINA PIPELINE CORP,706327103,22000.0,549,3.3646203259956165e-05
BC,BRUNSWICK CORP,117043109,22000.0,351,3.3646203259956165e-05
PBR/A,PETROL BRAS PTRBRAS ADR,71654V101,22000.0,1889,3.3646203259956165e-05
BRX,BRIXMOR PROPERTY GROUP INC,11120U105,22000.0,807,3.3646203259956165e-05
CUBE,CUBESMART,229663109,22000.0,538,3.3646203259956165e-05
IVZ,INVESCO LTD ADR,G491BT108,22000.0,946,3.3646203259956165e-05
VSAT,VIASAT INC COM,92552V100,22000.0,740,3.3646203259956165e-05
EA,ELECTRONIC ARTS,285512109,22000.0,108,3.3646203259956165e-05
LOAR,LOAR HOLDINGS INC,53947R105,22000.0,270,3.3646203259956165e-05
DECK,DECKERS OUTDOOR CORP,243537107,22000.0,215,3.3646203259956165e-05
IGT,BRIGHTSTAR LOTTERY,G4863A108,22000.0,1300,3.3646203259956165e-05
HRL,HORMEL FOODS CORP,440452100,21000.0,864,3.211683038450361e-05
CHDN,CHURCHILL DOWNS INC,171484108,21000.0,216,3.211683038450361e-05
PRI,PRIMERICA INC,74164M108,21000.0,76,3.211683038450361e-05
WD,WALKER & DUNLOP INC,93148P102,21000.0,253,3.211683038450361e-05
LW,LAMB WESTON HOLDINGS INC,513272104,21000.0,359,3.211683038450361e-05
NVO,NOVO NORDISK A S ADR,670100205,21000.0,384,3.211683038450361e-05
FICO,FAIR ISACC CORP,303250104,21000.0,14,3.211683038450361e-05
ACA,ARCOSA INC,039653100,21000.0,224,3.211683038450361e-05
UBS,UBS GROUP AG,H42097107,21000.0,518,3.211683038450361e-05
BALL,BALL CORP,058498106,21000.0,420,3.211683038450361e-05
CRWD,CROWDSTRIKE HOLDINGS INC,22788C105,21000.0,42,3.211683038450361e-05
STRL,STERLING CONTRUCTION CO,859241101,21000.0,63,3.211683038450361e-05
VGK,VANGUARD MSCI EUROPE ETF,922042874,21000.0,266,3.211683038450361e-05
CMA,COMERICA INC,200340107,21000.0,307,3.211683038450361e-05
CBRE,CBRE GROUP INC,12504L109,21000.0,135,3.211683038450361e-05
CI,THE CIGNA GROUP,125523100,21000.0,73,3.211683038450361e-05
CEG,CONSTELLATION ENERGY CORP,21037T109,21000.0,63,3.211683038450361e-05
XEL,XCEL ENERGY INC,98389B100,21000.0,263,3.211683038450361e-05
AAON,AAON INC COM PAR,000360206,21000.0,229,3.211683038450361e-05
XLF,FINANCIAL SELECT SECT SPDR,81369Y605,21000.0,393,3.211683038450361e-05
NTAP,NETAPP INC,64110D104,21000.0,179,3.211683038450361e-05
GVA,GRANITE CONSTR INC,387328107,21000.0,191,3.211683038450361e-05
ROL,ROLLINS INC,775711104,21000.0,354,3.211683038450361e-05
VLO,VALERO ENERGY NEW,91913Y100,21000.0,122,3.211683038450361e-05
HLN,HALEON PLC ADR,405552100,21000.0,2338,3.211683038450361e-05
TTD,TRADE DESK INC/THE,88339J105,21000.0,431,3.211683038450361e-05
WBD,WARNER BROS DISCOVERY INC,934423104,21000.0,1054,3.211683038450361e-05
TXN,TEXAS INSTRUMENTS INC,882508104,21000.0,115,3.211683038450361e-05
NXT,NEXTRACKER INC,65290E101,21000.0,286,3.211683038450361e-05
MRX,MAREX GROUP PLC,G5S37H101,21000.0,635,3.211683038450361e-05
EXPE,EXPEDIA GROUP INC,30212P303,21000.0,100,3.211683038450361e-05
IEX,IDEX CORP,45167R104,21000.0,130,3.211683038450361e-05
FIVE,FIVE BELOW INC,33829M101,21000.0,137,3.211683038450361e-05
WSM,WILLIAMS SONOMA,969904101,21000.0,106,3.211683038450361e-05
MCO,MOODYS CORP,615369105,21000.0,44,3.211683038450361e-05
DVN,DEVON ENERGY CORP,25179M103,21000.0,601,3.211683038450361e-05
6RJ0,ROCKET LAB CORP,773121108,20000.0,425,3.058745750905106e-05
VSCO,VICTORIAS SECRET & CO,926400102,20000.0,742,3.058745750905106e-05
EZBC,FRANKLIN BITCOIN ETF,354921108,20000.0,301,3.058745750905106e-05
PEGA,PEGASYSTEMS INC,705573103,20000.0,344,3.058745750905106e-05
CPAY,CORPAY INC,219948106,20000.0,69,3.058745750905106e-05
ESE,ESCO TECHNOLOGIES INC,296315104,20000.0,94,3.058745750905106e-05
FRT,FEDERAL REALTY INVESTMENT,313745101,20000.0,198,3.058745750905106e-05
LGND,LIGAND PHARMACEUTICALS INC,53220K504,20000.0,112,3.058745750905106e-05
PH,PARKER-HANNIFIN CORP,701094104,20000.0,26,3.058745750905106e-05
K,KELLANOVA,487836108,20000.0,240,3.058745750905106e-05
AMCR,AMCOR PLC,G0250X107,20000.0,2450,3.058745750905106e-05
VRNA,VERONA PHARMA PLC,925050106,20000.0,190,3.058745750905106e-05
K,KELLANOVA,487836108,20000.0,244,3.058745750905106e-05
HURN,HURON CONSULTING GROUP,447462102,20000.0,139,3.058745750905106e-05
CMA,COMERICA INC,200340107,20000.0,299,3.058745750905106e-05
8CW,CROWN CASTLE INC,22822V101,20000.0,209,3.058745750905106e-05
DLR,DIGITAL RLTY TR INC COM,253868103,20000.0,113,3.058745750905106e-05
DOW,DOW INC,260557103,20000.0,851,3.058745750905106e-05
DOW,DOW INC,260557103,20000.0,871,3.058745750905106e-05
FTV,FORTIVE CO,34959J108,20000.0,406,3.058745750905106e-05
DG,DOLLAR GENERAL CORP,256677105,20000.0,193,3.058745750905106e-05
CIEN,CIENA CORP NEW,171779309,20000.0,137,3.058745750905106e-05
TMHC,TAYLOR MORRISON HOME,87724P106,20000.0,296,3.058745750905106e-05
FRBBX,FLAT ROCK ENHANCED INCOME,338582109,20000.0,915,3.058745750905106e-05
WSM,WILLIAMS SONOMA,969904101,20000.0,102,3.058745750905106e-05
FHN,FIRST HORIZON CORP,320517105,20000.0,863,3.058745750905106e-05
ALB,ALBEMARLE CORP,012653101,20000.0,250,3.058745750905106e-05
NGG,NATL GRID PLC ADR NEW,636274409,20000.0,276,3.058745750905106e-05
SUN,SUNOCO LP,86765K109,20000.0,400,3.058745750905106e-05
GM,GENERAL MOTORS CO,37045V100,20000.0,321,3.058745750905106e-05
SNPS,SYNOPSYS INC,871607107,20000.0,40,3.058745750905106e-05
VTRS,VIATRIS INC,92556V106,20000.0,1994,3.058745750905106e-05
EW,EDWARDS LIFESCIENCES CORP,28176E108,20000.0,257,3.058745750905106e-05
NSY,NICE LTD ADR,653656108,20000.0,141,3.058745750905106e-05
VTRS,VIATRIS INC,92556V106,20000.0,1979,3.058745750905106e-05
CNC,CENTENE CORP,15135B101,20000.0,569,3.058745750905106e-05
SITM,SITIME CORP,82982T106,20000.0,68,3.058745750905106e-05
JNK,SPDR BLOOMBERG HIGH YIELD,78468R622,20000.0,200,3.058745750905106e-05
EW,EDWARDS LIFESCIENCES CORP,28176E108,20000.0,260,3.058745750905106e-05
PR,PERMIAN RESOURCES CORP,71424F105,20000.0,1534,3.058745750905106e-05
IFF,INTL FLAVOR & FRAGRANCES,459506101,20000.0,328,3.058745750905106e-05
TECH,BIO-TECHNE CORP NPV,09073M104,20000.0,368,3.058745750905106e-05
DLR,DIGITAL RLTY TR INC COM,253868103,19000.0,111,2.9058084633598505e-05
SCHO,SCHWAB SHORT-TERM U.S. TRE,808524862,19000.0,782,2.9058084633598505e-05
PRU,PRUDENTIAL FINANCIAL,744320102,19000.0,180,2.9058084633598505e-05
MSGS,MADISON SQUARE GARDEN,55825T103,19000.0,83,2.9058084633598505e-05
RGEN,REPLIGEN CORP,759916109,19000.0,140,2.9058084633598505e-05
HON,HONEYWELL INTL INC,438516106,19000.0,92,2.9058084633598505e-05
COOP,MR COOPER GROUP INC,62482R107,19000.0,91,2.9058084633598505e-05
EXE,EXPAND ENERGY CORPORATION,165167735,19000.0,177,2.9058084633598505e-05
DKNG,DRAFTKINGS INC,26142V105,19000.0,506,2.9058084633598505e-05
MOS,MOSAIC COMPANY,61945C103,19000.0,543,2.9058084633598505e-05
WOP,WOODSIDE ENERGY GROUP LTD,980228308,19000.0,1289,2.9058084633598505e-05
WDFC,WD 40 COMPANY,929236107,19000.0,95,2.9058084633598505e-05
DFIV,DIMENSIONAL INTERNATIONAL,25434V807,19000.0,420,2.9058084633598505e-05
SPG,SIMON PROP GROUP,828806109,19000.0,100,2.9058084633598505e-05
OC,OWENS CORNING INC,690742101,19000.0,136,2.9058084633598505e-05
CNHI,CNH INDUSTRIAL NV,N20944109,19000.0,1727,2.9058084633598505e-05
NSY,NICE LTD ADR,653656108,19000.0,132,2.9058084633598505e-05
SATS,ECHOSTAR CORP,278768106,19000.0,244,2.9058084633598505e-05
SANM,SANMINA-SCI CORPORATION,801056102,19000.0,167,2.9058084633598505e-05
AGO,ASSURED GUARANTY LTD,G0585R106,19000.0,225,2.9058084633598505e-05
HYS,PIMCO ETF TR 0-5 HIGH YLD,72201R783,19000.0,200,2.9058084633598505e-05
GEHC,GE HEALTHCARE TECHNOLOGIES,36266G107,19000.0,251,2.9058084633598505e-05
MTN,VAIL RESORTS INC,91879Q109,19000.0,124,2.9058084633598505e-05
AES,AES CORP,00130H105,19000.0,1461,2.9058084633598505e-05
UUP,INVESCO DB US DOLLAR INDEX,46141D203,19000.0,678,2.9058084633598505e-05
BKR,BAKER HUGHES COMPANY,05722G100,19000.0,390,2.9058084633598505e-05
CGTX,COGNITION THERAPEUTICS INC,19243B102,19000.0,13797,2.9058084633598505e-05
CGNX,COGNEX CORP,192422103,19000.0,429,2.9058084633598505e-05
ELF,ELF BEAUTY INC,26856L103,19000.0,141,2.9058084633598505e-05
OCFT,ONECONNECT FINANCIAL TECHN,68248T204,19000.0,2506,2.9058084633598505e-05
BTI,BRITISH AMER TOBC ADS ADR,110448107,19000.0,360,2.9058084633598505e-05
ASB,ASSOCIATED BANC CORP COM,045487105,19000.0,740,2.9058084633598505e-05
DWX,SPDR INDEX SHS FDS ETF,78463X772,19000.0,455,2.9058084633598505e-05
AMH,AMERICAN HOMES 4 RENT CL A,02665T306,19000.0,562,2.9058084633598505e-05
AFG,AMERICAN FINL GRP INC OHIO,025932104,19000.0,128,2.9058084633598505e-05
EPAC,ENERPAC TOOL GROUP CORP,292765104,19000.0,474,2.9058084633598505e-05
SBRA,SABRA HEALTH CARE REIT INC,78573L106,19000.0,1015,2.9058084633598505e-05
SPHY,SPDR PORTFOLIO HIGH YIELD,78468R606,19000.0,804,2.9058084633598505e-05
SNEX,STONEX GROUP INC,861896108,19000.0,185,2.9058084633598505e-05
COLB,COLUMBIA BANKING SYS,197236102,19000.0,737,2.9058084633598505e-05
PAYC,PAYCOM SOFTWARE INC,70432V102,19000.0,90,2.9058084633598505e-05
EQIX,EQUINIX INC,29444U700,19000.0,24,2.9058084633598505e-05
MCHP,MICROCHIP TECHNOLOGY INC,595017104,19000.0,303,2.9058084633598505e-05
WOR,WORTHINGTON ENTERPRISES,981811102,19000.0,350,2.9058084633598505e-05
FBP,FIRST BANCORP PUERTO RICO,318672706,19000.0,856,2.9058084633598505e-05
LSCC,LATTICE SEMICONDUCTOR CORP,518415104,19000.0,254,2.9058084633598505e-05
AFL,AFLAC INC,001055102,19000.0,166,2.9058084633598505e-05
CVNA,CARVANA CO,146869102,19000.0,50,2.9058084633598505e-05
IP,INTERNATIONAL PAPER,460146103,19000.0,409,2.9058084633598505e-05
GSHD,GOOSEHEAD INSURANCE INC,38267D109,19000.0,261,2.9058084633598505e-05
PBF,PBF ENERGY INC,69318G106,19000.0,628,2.9058084633598505e-05
UNFI,UNITED NATURAL FOODS,911163103,19000.0,500,2.9058084633598505e-05
SARO,STANDARDAERO INC,85423L103,19000.0,694,2.9058084633598505e-05
PODD,INSULET CORP,45784P101,19000.0,62,2.9058084633598505e-05
BDX,BECTON DICKINSON & CO,075887109,19000.0,101,2.9058084633598505e-05
NYT,NEW YORK TIMES CO CL A,650111107,19000.0,333,2.9058084633598505e-05
MMM,3M CO,88579Y101,19000.0,123,2.9058084633598505e-05
TSA,ACI WORLDWIDE INC,004498101,18000.0,348,2.7528711758145953e-05
KEY,KEYCORP NEW,493267108,18000.0,950,2.7528711758145953e-05
EXPD,EXPEDITORS INTL WASH INC,302130109,18000.0,143,2.7528711758145953e-05
TOL,TOLL BROTHERS INC,889478103,18000.0,127,2.7528711758145953e-05
GS,GOLDMAN SACHS GROUP,38141G104,18000.0,22,2.7528711758145953e-05
STLD,STEEL DYNAMICS,858119100,18000.0,128,2.7528711758145953e-05
SDY,SPDR S&P DIVIDEND ETF,78464A763,18000.0,125,2.7528711758145953e-05
CMA,COMERICA INC,200340107,18000.0,268,2.7528711758145953e-05
GSLC,GOLDMAN SACHS ACTIVEBETA U,381430503,18000.0,138,2.7528711758145953e-05
STT,STATE ST CORP,857477103,18000.0,155,2.7528711758145953e-05
CTRA,COTERRA ENERGY INC,127097103,18000.0,782,2.7528711758145953e-05
UAL,UNITED AIRLINES HLDS INC,910047109,18000.0,185,2.7528711758145953e-05
KTB,KONTOOR BRANDS INC,50050N103,18000.0,221,2.7528711758145953e-05
SPMD,SPDR PORTFOLIO MID CAP ETF,78464A847,18000.0,314,2.7528711758145953e-05
RUN,SUNRUN INC,86771W105,18000.0,1024,2.7528711758145953e-05
BBVA,BANCO BILBAO VIZ AR ADR,05946K101,18000.0,935,2.7528711758145953e-05
LNC,LINCOLN NATIONAL CORP IND,534187109,18000.0,450,2.7528711758145953e-05
SF,STIFEL FINL CORP,860630102,18000.0,161,2.7528711758145953e-05
N/A,NEBIUS GROUP N V,N97284108,18000.0,157,2.7528711758145953e-05
SAN,BANCO SANTANDER SA ADR,05964H105,18000.0,1756,2.7528711758145953e-05
GNW,GENWORTH FINL INC CO CL A,37247D106,18000.0,2034,2.7528711758145953e-05
APA,APA CORP,03743Q108,18000.0,723,2.7528711758145953e-05
ESTA,ESTABLISHMENT LABS HOLDING,G31249108,18000.0,430,2.7528711758145953e-05
FDX,FEDEX CORP,31428X106,18000.0,76,2.7528711758145953e-05
CATY,CATHAY GENERAL BANCORP CO,149150104,18000.0,370,2.7528711758145953e-05
CASY,CASEYS GENERAL STORES,147528103,18000.0,31,2.7528711758145953e-05
BXP,BXP INC,101121101,18000.0,237,2.7528711758145953e-05
LUMN,LUMEN TECHNOLOGIES INC,550241103,18000.0,3002,2.7528711758145953e-05
MPC,MARATHON PETE CORP,56585A102,18000.0,94,2.7528711758145953e-05
AIZ,ASSURANT INC,04621X108,18000.0,82,2.7528711758145953e-05
IDA,IDACORP INC,451107106,18000.0,136,2.7528711758145953e-05
SAP,SAP SE ADR,803054204,18000.0,68,2.7528711758145953e-05
EMR,EMERSON ELECTRIC CO,291011104,18000.0,138,2.7528711758145953e-05
CBOE,CBOE GLOBAL MARKETS INC,12503M108,18000.0,72,2.7528711758145953e-05
LSCC,LATTICE SEMICONDUCTOR CORP,518415104,18000.0,241,2.7528711758145953e-05
RAL,RALLIANT CORP,750940108,18000.0,410,2.7528711758145953e-05
NCLH,NORWEGIAN CRUISE LINE,G66721104,18000.0,717,2.7528711758145953e-05
CAH,CARDINAL HEALTH INC,14149Y108,18000.0,112,2.7528711758145953e-05
HLMN,HILLMAN SOLUTIONS CORP,431636109,18000.0,2010,2.7528711758145953e-05
EGP,EASTGROUP PROPERTIES INC,277276101,18000.0,109,2.7528711758145953e-05
THC,TENET HEALTHCARE CORP,88033G407,18000.0,90,2.7528711758145953e-05
KAR,OPENLANE INC,48238T109,18000.0,619,2.7528711758145953e-05
MET,METLIFE INC COM,59156R108,18000.0,220,2.7528711758145953e-05
TRV,TRAVELERS COS INC,89417E109,18000.0,63,2.7528711758145953e-05
SIG,SIGNET JEWELERS LTD,G81276100,18000.0,184,2.7528711758145953e-05
DE,DEERE & CO,244199105,18000.0,40,2.7528711758145953e-05
KD,KYNDRYL HOLDINGS INC,50155Q100,18000.0,604,2.7528711758145953e-05
KR,KROGER CO,501044101,18000.0,267,2.7528711758145953e-05
WFC,WELLS FARGO & CO NEW,949746101,18000.0,213,2.7528711758145953e-05
VICI,VICI PROPERTIES INC,925652109,18000.0,564,2.7528711758145953e-05
INFY,INFOSYS LTD ADR,456788108,18000.0,1117,2.7528711758145953e-05
CLSK,CLEANSPARK INC,18452B209,18000.0,1214,2.7528711758145953e-05
CNO,CNO FINANCIAL GROUP INC,12621E103,18000.0,452,2.7528711758145953e-05
ATGE,ADTALEM GLOB EDUCATION INC,00737L103,18000.0,116,2.7528711758145953e-05
AMG,AFFILIATED MANAGERS,008252108,18000.0,74,2.7528711758145953e-05
INVH,INVITATION HOMES INC,46187W107,18000.0,616,2.7528711758145953e-05
GEHC,GE HEALTHCARE TECHNOLOGIES,36266G107,18000.0,242,2.7528711758145953e-05
TROW,T ROWE PRICE GROUP INC,74144T108,18000.0,177,2.7528711758145953e-05
AZTA,AZENTA INC,114340102,18000.0,625,2.7528711758145953e-05
KBE,SPDR KBW BANK ETF,78464A797,18000.0,300,2.7528711758145953e-05
REG,REGENCY CTRS CORP,758849103,18000.0,253,2.7528711758145953e-05
NXPI,NXP SEMICONDUCTORS NV,N6596X109,17000.0,74,2.59993388826934e-05
APGE,APOGEE THERAPEUTICS INC,03770N101,17000.0,420,2.59993388826934e-05
CA8A,CACI INTERNATIONAL INC A,127190304,17000.0,35,2.59993388826934e-05
FNF,FIDELITY NATL FINANCIAL GP,31620R303,17000.0,282,2.59993388826934e-05
DRTS,ALPHA TAU MEDICAL LTD,M0740A108,17000.0,3720,2.59993388826934e-05
JCI,JOHNSON CONTROLS INTL PLC,G51502105,17000.0,152,2.59993388826934e-05
RJF,RAYMOND JAMES FINANCIAL,754730109,17000.0,100,2.59993388826934e-05
ORI,OLD REPUBLIC INTL CORP,680223104,17000.0,393,2.59993388826934e-05
FIBK,FIRST INST BANSYSTEM CL A,32055Y201,17000.0,528,2.59993388826934e-05
ETR,ENTERGY CORP NEW,29364G103,17000.0,182,2.59993388826934e-05
NPO,ENPRO INC,29355X107,17000.0,76,2.59993388826934e-05
CRM,SALESFORCE INC,79466L302,17000.0,70,2.59993388826934e-05
CHKP,CHECK POINT SOFTWARE TECH,M22465104,17000.0,80,2.59993388826934e-05
MARA,MARATHON DIGITAL HOLDINGS,565788106,17000.0,922,2.59993388826934e-05
BMY,BRISTOL-MYERS SQUIBB CO,110122108,17000.0,376,2.59993388826934e-05
EIX,EDISON INTERNATIONAL,281020107,17000.0,315,2.59993388826934e-05
KAR,OPENLANE INC,48238T109,17000.0,575,2.59993388826934e-05
TDS,TELEPHONE&DATA SYS NEW,879433829,17000.0,423,2.59993388826934e-05
TER,TERADYNE INC,880770102,17000.0,123,2.59993388826934e-05
DLTR,DOLLAR TREE INC,256746108,17000.0,179,2.59993388826934e-05
KMI,KINDER MORGAN INC,49456B101,17000.0,610,2.59993388826934e-05
SHLD,GLOBAL X DEFENSE TECH ETF,37960A529,17000.0,235,2.59993388826934e-05
WELL,WELLTOWER OP INC,95040Q104,17000.0,98,2.59993388826934e-05
BAP,CREDICORP COM,G2519Y108,17000.0,62,2.59993388826934e-05
WELL,WELLTOWER OP INC,95040Q104,17000.0,94,2.59993388826934e-05
PATK,PATRICK IND INC,703343103,17000.0,168,2.59993388826934e-05
UMBF,UMB FINANCIAL,902788108,17000.0,140,2.59993388826934e-05
LRN,STRIDE INC,86333M108,17000.0,113,2.59993388826934e-05
EYE,NATIONAL VISION HOLDINGS,63845R107,17000.0,586,2.59993388826934e-05
NGG,NATL GRID PLC ADR NEW,636274409,17000.0,229,2.59993388826934e-05
LAD,LITHIA MTRS INC CL A,536797103,17000.0,55,2.59993388826934e-05
BCH,BANCO DE CHILE ADR,059520106,17000.0,553,2.59993388826934e-05
MMS,MAXIMUS INC,577933104,17000.0,182,2.59993388826934e-05
REXR,REXFORD INDL RLTY INC COM,76169C100,17000.0,408,2.59993388826934e-05
ALKS,ALKERMES PLC,G01767105,17000.0,558,2.59993388826934e-05
STWD,STARWOOD PROPERTY TRUST,85571B105,17000.0,902,2.59993388826934e-05
PYPL,PAYPAL HOLDINGS INC,70450Y103,17000.0,249,2.59993388826934e-05
GT,GOODYEAR TIRE & RUBBER CO,382550101,17000.0,2300,2.59993388826934e-05
OKTA,OKTA INC,679295105,17000.0,190,2.59993388826934e-05
AUB,ATLANTIC UN BANKSHARES CP,04911A107,17000.0,472,2.59993388826934e-05
CCL,CARNIVAL CORP CL A,143658300,17000.0,571,2.59993388826934e-05
FBK,FB FINANCIAL CORP,30257X104,17000.0,302,2.59993388826934e-05
RE,EVEREST GROUP LTD,G3223R108,17000.0,48,2.59993388826934e-05
JEPQ,JPMORGAN NASDAQ EQUITY PRE,46654Q203,17000.0,300,2.59993388826934e-05
BP,BP PLC ADR,055622104,17000.0,500,2.59993388826934e-05
IJH,ISHARES TR S&P MIDCAP 400,464287507,17000.0,265,2.59993388826934e-05
AZO,AUTOZONE INC,053332102,17000.0,4,2.59993388826934e-05
VNOM,VIPER ENERGY INC,64361Q101,17000.0,452,2.59993388826934e-05
FLEU,FRANKLIN FTSE EUROZONE ETF,35473P645,17000.0,545,2.59993388826934e-05
DELL,DELL TECHNOLOGIES INC,24703L202,17000.0,117,2.59993388826934e-05
TRGP,TARGA RESOURCES CORP,87612G101,17000.0,104,2.59993388826934e-05
VLO,VALERO ENERGY NEW,91913Y100,17000.0,98,2.59993388826934e-05
PPG,PPG INDUSTRIES INC,693506107,17000.0,159,2.59993388826934e-05
VIAV,VIAVI SOLUTIONS INC USD,925550105,17000.0,1324,2.59993388826934e-05
EFV,ISHARES TRUST MSCI VAL IDX,464288877,17000.0,250,2.59993388826934e-05
HNM,ORMAT TECHNOLOGIES INC CO,686688102,17000.0,175,2.59993388826934e-05
AES,AES CORP,00130H105,17000.0,1288,2.59993388826934e-05
EXPO,EXPONENT INC COM,30214U102,16000.0,237,2.4469966007240846e-05
EXPD,EXPEDITORS INTL WASH INC,302130109,16000.0,132,2.4469966007240846e-05
LYB,LYONDELLBASELL IND NV,N53745100,16000.0,325,2.4469966007240846e-05
ROIV,ROIVANT SCIENCES LTD,G76279101,16000.0,1030,2.4469966007240846e-05
CALX,CALIX INC COM,13100M509,16000.0,261,2.4469966007240846e-05
CAG,CONAGRA BRANDS INC,205887102,16000.0,873,2.4469966007240846e-05
MRVL,MARVELL TECHNOLOGY INC,573874104,16000.0,190,2.4469966007240846e-05
BB4,AXOS FINL INC,05465C100,16000.0,194,2.4469966007240846e-05
GSK,GSK PLC ADR,37733W204,16000.0,364,2.4469966007240846e-05
HCKT,HACKETT GROUP INC,404609109,16000.0,817,2.4469966007240846e-05
BKH,BLACK HILLS CORP,092113109,16000.0,257,2.4469966007240846e-05
UBS,UBS GROUP AG,H42097107,16000.0,397,2.4469966007240846e-05
CTSH,COGNIZANT TECHNLGY,192446102,16000.0,238,2.4469966007240846e-05
NWG,NATWEST GROUP PLC ADR,639057207,16000.0,1129,2.4469966007240846e-05
8CW,CROWN CASTLE INC,22822V101,16000.0,168,2.4469966007240846e-05
BBY,BEST BUY INC,086516101,16000.0,205,2.4469966007240846e-05
URBN,URBAN OUTFITTERS INC,917047102,16000.0,228,2.4469966007240846e-05
OLED,UNIVERSAL DISPLAY CP,91347P105,16000.0,112,2.4469966007240846e-05
AFL,AFLAC INC,001055102,16000.0,139,2.4469966007240846e-05
VITL,VITAL FARMS INC,92847W103,16000.0,395,2.4469966007240846e-05
AMTM,AMENTUM HOLDINGS,023939101,16000.0,666,2.4469966007240846e-05
BCS,BARCLAYS PLC ADR,06738E204,16000.0,787,2.4469966007240846e-05
ATGE,ADTALEM GLOB EDUCATION INC,00737L103,16000.0,101,2.4469966007240846e-05
NKE,NIKE INC CL B,654106103,16000.0,227,2.4469966007240846e-05
BXMT 5.5 03/15/27,BLACKSTONE MORTGAGE TR,09257WAE0,16000.0,16000,2.4469966007240846e-05
VLY,VALLEY NATL BANCORP,919794107,16000.0,1469,2.4469966007240846e-05
VYGR,VOYAGER THERAPEUTICS INC,92915B106,16000.0,3513,2.4469966007240846e-05
SNOW,SNOWFLAKE INC,833445109,16000.0,71,2.4469966007240846e-05
CYTK,CYTOKINETICS INC,23282W605,16000.0,299,2.4469966007240846e-05
PI,IMPINJ INC,453204109,16000.0,88,2.4469966007240846e-05
AVTR,AVANTOR INC,05352A100,16000.0,1272,2.4469966007240846e-05
MP,MP MATERIALS CORP,553368101,16000.0,244,2.4469966007240846e-05
DFAE,DIMENSIONAL EMERGING CORE,25434V302,16000.0,521,2.4469966007240846e-05
DES,WISDOMTREE TR SMCAP DV FD,97717W604,16000.0,468,2.4469966007240846e-05
LEA,LEAR CORP,521865204,16000.0,158,2.4469966007240846e-05
DECK,DECKERS OUTDOOR CORP,243537107,16000.0,156,2.4469966007240846e-05
FULT,FULTON FINL CORP PA COM,360271100,16000.0,847,2.4469966007240846e-05
FTDR,FRONTDOOR INC,35905A109,16000.0,242,2.4469966007240846e-05
ELAN,ELANCO ANIMAL HEALTH INC,28414H103,16000.0,777,2.4469966007240846e-05
TER,TERADYNE INC,880770102,16000.0,117,2.4469966007240846e-05
THC,TENET HEALTHCARE CORP,88033G407,16000.0,80,2.4469966007240846e-05
NDSN,NORDSON CORP,655663102,16000.0,69,2.4469966007240846e-05
FNB,FNB CORP,302520101,16000.0,1008,2.4469966007240846e-05
FMC,FMC CORP COM NEW,302491303,16000.0,472,2.4469966007240846e-05
EFV,ISHARES TRUST MSCI VAL IDX,464288877,16000.0,243,2.4469966007240846e-05
RDN,RADIAN GROUP INC,750236101,16000.0,443,2.4469966007240846e-05
SNY,SANOFI - ADR,80105N105,16000.0,332,2.4469966007240846e-05
ASB,ASSOCIATED BANC CORP COM,045487105,16000.0,607,2.4469966007240846e-05
ASB,ASSOCIATED BANC CORP COM,045487105,16000.0,606,2.4469966007240846e-05
ITT,ITT INC,45073V108,16000.0,89,2.4469966007240846e-05
TDTT,FLEXSHARES IBOXX 3-YEAR TA,33939L506,16000.0,674,2.4469966007240846e-05
TMDX,TRANSMEDICS GROUP INC,89377M109,16000.0,145,2.4469966007240846e-05
ARM,ARM HOLDINGS PLC ADR,042068205,16000.0,110,2.4469966007240846e-05
JAZZ,JAZZ PHARMACEUTICALS PLC,G50871105,16000.0,118,2.4469966007240846e-05
KAI,KADANT INC,48282T104,16000.0,55,2.4469966007240846e-05
MFG,MIZUHO FINL GP ADR,60687Y109,16000.0,2315,2.4469966007240846e-05
EQIX,EQUINIX INC,29444U700,16000.0,21,2.4469966007240846e-05
CATY,CATHAY GENERAL BANCORP CO,149150104,16000.0,330,2.4469966007240846e-05
ELV,ELEVANCE HEALTH INC,036752103,16000.0,48,2.4469966007240846e-05
LUMN,LUMEN TECHNOLOGIES INC,550241103,16000.0,2658,2.4469966007240846e-05
MRK,MERCK & CO INC NEW,58933Y105,16000.0,188,2.4469966007240846e-05
ALNY,ALNYLAM PHARMACEUTICALS,02043Q107,16000.0,36,2.4469966007240846e-05
CPRX,CATALYST PHARMACEUTICALS I,14888U101,16000.0,805,2.4469966007240846e-05
WPC,W P CAREY INC COM,92936U109,16000.0,240,2.4469966007240846e-05
RPM,RPM INTL INC,749685103,16000.0,133,2.4469966007240846e-05
FFIV,F5 INC,315616102,16000.0,50,2.4469966007240846e-05
APA,APA CORP,03743Q108,16000.0,646,2.4469966007240846e-05
EVR,EVERCORE PARTNERS CL-A,29977A105,16000.0,46,2.4469966007240846e-05
VLTO,VERALTO CORP,92338C103,16000.0,146,2.4469966007240846e-05
WEN,THE WENDYS COMPANY,95058W100,16000.0,1732,2.4469966007240846e-05
MAC,MACERICH CO,554382101,15000.0,799,2.2940593131788294e-05
MSTR,MICROSTRATEGY INC NEW,594972408,15000.0,48,2.2940593131788294e-05
RMD,RESMED INC,761152107,15000.0,54,2.2940593131788294e-05
EXE,EXPAND ENERGY CORPORATION,165167735,15000.0,137,2.2940593131788294e-05
VECO,VEECO INSTRUMENTS,922417100,15000.0,478,2.2940593131788294e-05
RBLX,ROBLOX CORP CL A,771049103,15000.0,110,2.2940593131788294e-05
CZR,CAESARS ENTERTAINMENT INC,12769G100,15000.0,555,2.2940593131788294e-05
HMN,HORACE MANN EDUCATORS CORP,440327104,15000.0,332,2.2940593131788294e-05
BNDX,VANGUARD TOTAL INTL BD ETF,92203J407,15000.0,294,2.2940593131788294e-05
MFG,MIZUHO FINL GP ADR,60687Y109,15000.0,2201,2.2940593131788294e-05
KBH,KB HOME,48666K109,15000.0,228,2.2940593131788294e-05
APPF,APPFOLIO INC A,03783C100,15000.0,53,2.2940593131788294e-05
KBR,KBR INC,48242W106,15000.0,311,2.2940593131788294e-05
EPR,EPR PPTYS,26884U109,15000.0,261,2.2940593131788294e-05
HACK,AMPLIFY CYBERSECURITY ETF,032108664,15000.0,168,2.2940593131788294e-05
BAM,BROOKFIELD ASSET MGMT LTD,113004105,15000.0,262,2.2940593131788294e-05
IFRA,ISHARES US INFRASTRUCTURE,46435U713,15000.0,283,2.2940593131788294e-05
AIZ,ASSURANT INC,04621X108,15000.0,69,2.2940593131788294e-05
VFH,VANGUARD FINANCIALS ETF,92204A405,15000.0,115,2.2940593131788294e-05
KRC,KILROY REALTY CORP,49427F108,15000.0,346,2.2940593131788294e-05
JBGS,JBG SMITH PROPERTIES,46590V100,15000.0,669,2.2940593131788294e-05
ASTS,AST SPACEMOBILE INC,00217D100,15000.0,303,2.2940593131788294e-05
HIW,HIGHWOODS PPTYS INC,431284108,15000.0,469,2.2940593131788294e-05
JBHT,J B HUNT TRANSPORT SVCS,445658107,15000.0,114,2.2940593131788294e-05
QLYS,QUALYS INC,74758T303,15000.0,113,2.2940593131788294e-05
EQT,EQT CORP,26884L109,15000.0,275,2.2940593131788294e-05
MOH,MOLINA HEALTHCARE INC,60855R100,15000.0,77,2.2940593131788294e-05
MOS,MOSAIC COMPANY,61945C103,15000.0,436,2.2940593131788294e-05
DUOL,DUOLINGO INC,26603R106,15000.0,46,2.2940593131788294e-05
STX,SEAGATE TECHNOLOGY,G7997R103,15000.0,62,2.2940593131788294e-05
TDG,TRANSDIGM GROUP INC COM,893641100,15000.0,11,2.2940593131788294e-05
DG,DOLLAR GENERAL CORP,256677105,15000.0,145,2.2940593131788294e-05
MAR,MARRIOTT INTL INC NEW CL A,571903202,15000.0,56,2.2940593131788294e-05
AFW,ALIGN TECHNOLOGY INC,016255101,15000.0,117,2.2940593131788294e-05
NOBL,PROSHARES S&P 500 DIVIDEND,74348A467,15000.0,150,2.2940593131788294e-05
KRG,KITE RLTY GROUP TR COM NEW,49803T300,15000.0,651,2.2940593131788294e-05
DFUV,DIMENSIONAL US MARKETWIDE,25434V724,15000.0,329,2.2940593131788294e-05
DOC,HEALTHPEAK PROPERTIES INC,42250P103,15000.0,770,2.2940593131788294e-05
LDOS,LEIDOS HLDGS INC,525327102,15000.0,81,2.2940593131788294e-05
SHY,ISHARES LEHMAN 1-3YR TRS,464287457,15000.0,182,2.2940593131788294e-05
BEN,FRANKLIN RES INC,354613101,15000.0,669,2.2940593131788294e-05
MVF,BLACKROCK MUNIVEST FUND IN,09253R105,15000.0,2242,2.2940593131788294e-05
CFG,CITIZENS FINANCIAL GRP,174610105,15000.0,279,2.2940593131788294e-05
MCX,MCCORMICK & CO NON VTG,579780206,15000.0,222,2.2940593131788294e-05
WBS,WEBSTER FINL CORP CONN,947890109,15000.0,251,2.2940593131788294e-05
TFC,TRUIST FINANCIAL CORP,89832Q109,15000.0,325,2.2940593131788294e-05
GPN,GLOBAL PAYMENTS INC,37940X102,15000.0,186,2.2940593131788294e-05
GENI,GENIUS SPORTS LTD,G3934V109,15000.0,1200,2.2940593131788294e-05
PFGC,PERFORMANCE FOOD GROUP,71377A103,15000.0,147,2.2940593131788294e-05
PR,PERMIAN RESOURCES CORP,71424F105,15000.0,1177,2.2940593131788294e-05
HWKN,HAWKINS INC COM,420261109,15000.0,83,2.2940593131788294e-05
PPL,PPL CORP,69351T106,15000.0,400,2.2940593131788294e-05
DTE,DETROIT ENERGY CO,233331107,15000.0,106,2.2940593131788294e-05
PNC,PNC FINANCIAL SVS GRP,693475105,15000.0,75,2.2940593131788294e-05
PII,POLARIS INC,731068102,15000.0,255,2.2940593131788294e-05
IPAC,ISHARES CORE MSCI PACIFIC,46434V696,15000.0,199,2.2940593131788294e-05
IEMG,ISHARES CORE MSCI EM MKTS,46434G103,15000.0,231,2.2940593131788294e-05
ACM,AECOM,00766T100,15000.0,114,2.2940593131788294e-05
IQV,IQVIA HOLDINGS INC,46266C105,15000.0,80,2.2940593131788294e-05
GL,GLOBE LIFE INC,37959E102,15000.0,103,2.2940593131788294e-05
CSGP,COSTAR GROUP INC,22160N109,15000.0,180,2.2940593131788294e-05
CORT,CORCEPT THERAPEUTICS INC,218352102,15000.0,176,2.2940593131788294e-05
ED,CONSOLIDATED EDISON INC,209115104,15000.0,150,2.2940593131788294e-05
TGT,TARGET CORP,87612E106,15000.0,163,2.2940593131788294e-05
HBI,HANESBRANDS INC,410345102,15000.0,2330,2.2940593131788294e-05
CFG,CITIZENS FINANCIAL GRP,174610105,15000.0,288,2.2940593131788294e-05
GGG,GRACO INC,384109104,15000.0,182,2.2940593131788294e-05
ADC,AGREE REALTY CORP,008492100,15000.0,213,2.2940593131788294e-05
SKT,TANGER INC,875465106,15000.0,436,2.2940593131788294e-05
CDE,COEUR MINING INC,192108504,15000.0,809,2.2940593131788294e-05
INDB,INDEPENDENT BK CORP MASS,453836108,15000.0,223,2.2940593131788294e-05
COKE,COCA-COLA CONSOLIDATED INC,191098102,15000.0,125,2.2940593131788294e-05
VOYA,VOYA FINL INC NPV,929089100,15000.0,202,2.2940593131788294e-05
OVV,OVINTIV INC,69047Q102,15000.0,364,2.2940593131788294e-05
NMIH,NMI HOLDINGS INC,629209305,15000.0,400,2.2940593131788294e-05
HQL,ABRDN LIFE SCIENCES INVS,87911K100,15000.0,937,2.2940593131788294e-05
CLX,CLOROX CO,189054109,15000.0,119,2.2940593131788294e-05
CWEN,CLEARWAY ENERGY INC CL C,18539C204,15000.0,540,2.2940593131788294e-05
HLIT,HARMONIC LIGHTWAVES INC,413160102,14000.0,1340,2.1411220256335742e-05
K,KELLANOVA,487836108,14000.0,175,2.1411220256335742e-05
SLAB,SILICON LABORATORIES,826919102,14000.0,103,2.1411220256335742e-05
IFF,INTL FLAVOR & FRAGRANCES,459506101,14000.0,235,2.1411220256335742e-05
SUI,SUN COMMUNITIES INC,866674104,14000.0,112,2.1411220256335742e-05
KFY,KORN FERRY,500643200,14000.0,200,2.1411220256335742e-05
MHD,BLACKROCK MUNIHOLDINGS,09253N104,14000.0,1175,2.1411220256335742e-05
PFGC,PERFORMANCE FOOD GROUP,71377A103,14000.0,130,2.1411220256335742e-05
TBBK,BANCORP INC,05969A105,14000.0,190,2.1411220256335742e-05
CHWY,CHEWY INC,16679L109,14000.0,337,2.1411220256335742e-05
UTHR,UTD THERAPEUTICS CORP,91307C102,14000.0,33,2.1411220256335742e-05
E,ENI S.P.A. ADR,26874R108,14000.0,406,2.1411220256335742e-05
VCIT,VANGUARD INT-TERM CORP,92206C870,14000.0,167,2.1411220256335742e-05
IEX,IDEX CORP,45167R104,14000.0,85,2.1411220256335742e-05
SFBS,SERVISFIRST BANCSHARES INC,81768T108,14000.0,177,2.1411220256335742e-05
NTRS,NORTHERN TRUST CORP,665859104,14000.0,106,2.1411220256335742e-05
EEMV,ISHARES MSCI EMERGING,464286533,14000.0,227,2.1411220256335742e-05
CNC,CENTENE CORP,15135B101,14000.0,397,2.1411220256335742e-05
CNC,CENTENE CORP,15135B101,14000.0,390,2.1411220256335742e-05
DBX,DROPBOX INC,26210C104,14000.0,454,2.1411220256335742e-05
FBIN,FORTUNE BRANDS INNOVATIONS,34964C106,14000.0,270,2.1411220256335742e-05
DY,DYCOM INDUSTRIES,267475101,14000.0,49,2.1411220256335742e-05
HXL,HEXCEL CORP NEW,428291108,14000.0,218,2.1411220256335742e-05
SEE,SEALED AIR CORP NEW,81211K100,14000.0,402,2.1411220256335742e-05
VSS,VANGUARD FTSE ALL,922042718,14000.0,95,2.1411220256335742e-05
MOS,MOSAIC COMPANY,61945C103,14000.0,411,2.1411220256335742e-05
AWI,ARMSTRONG WORLD INDS,04247X102,14000.0,70,2.1411220256335742e-05
TTE,TOTALENERGIES SE ADR,89151E109,14000.0,235,2.1411220256335742e-05
MC,MOELIS & CO,60786M105,14000.0,196,2.1411220256335742e-05
RYN,RAYONIER INC REIT,754907103,14000.0,523,2.1411220256335742e-05
NUE,NUCOR CORP,670346105,14000.0,100,2.1411220256335742e-05
CWST,CASELLA WASTE SYSTEM CL A,147448104,14000.0,151,2.1411220256335742e-05
ALL,ALLSTATE CORP,020002101,14000.0,67,2.1411220256335742e-05
GWW,W W GRAINGER INC,384802104,14000.0,15,2.1411220256335742e-05
EXPO,EXPONENT INC COM,30214U102,14000.0,198,2.1411220256335742e-05
ROK,ROCKWELL AUTOMATION INC,773903109,14000.0,40,2.1411220256335742e-05
ANIP,ANI PHARMACEUTICALS,00182C103,14000.0,152,2.1411220256335742e-05
APPF,APPFOLIO INC A,03783C100,14000.0,49,2.1411220256335742e-05
XLRE,REAL ESTATE SELECT SEC ETF,81369Y860,14000.0,338,2.1411220256335742e-05
QSR,RESTAURANT BRANDS INTL INC,76131D103,14000.0,217,2.1411220256335742e-05
RS,RELIANCE INC,759509102,14000.0,49,2.1411220256335742e-05
ROK,ROCKWELL AUTOMATION INC,773903109,14000.0,40,2.1411220256335742e-05
ZWS,ZURN ELKAY WATER SOLUTIONS,98983L108,14000.0,305,2.1411220256335742e-05
RMD,RESMED INC,761152107,14000.0,50,2.1411220256335742e-05
RMD,RESMED INC,761152107,14000.0,52,2.1411220256335742e-05
ES,EVERSOURCE ENERGY NPV,30040W108,14000.0,197,2.1411220256335742e-05
NJR,NJ RESOURCES CORP,646025106,14000.0,299,2.1411220256335742e-05
SNPS,SYNOPSYS INC,871607107,14000.0,29,2.1411220256335742e-05
WFRD,WEATHERFORD INTL PLC ORD,G48833118,14000.0,203,2.1411220256335742e-05
YUM,YUM BRANDS INC,988498101,14000.0,91,2.1411220256335742e-05
SMFG,SUMITOMO MITSUI FIN ADR,86562M209,14000.0,858,2.1411220256335742e-05
KRYS,KRYSTAL BIOTECH INC,501147102,14000.0,81,2.1411220256335742e-05
NKE,NIKE INC CL B,654106103,14000.0,195,2.1411220256335742e-05
CHCO,CITY HOLDING CO,177835105,14000.0,111,2.1411220256335742e-05
PDD,PDD HOLDINGS INC,722304102,14000.0,106,2.1411220256335742e-05
WEX,WEX INC,96208T104,14000.0,90,2.1411220256335742e-05
ULTA,ULTA BEAUTY INC,90384S303,14000.0,26,2.1411220256335742e-05
THG,HANOVER INS GROUP INC,410867105,14000.0,77,2.1411220256335742e-05
8CW,CROWN CASTLE INC,22822V101,14000.0,147,2.1411220256335742e-05
TIP,ISHARES BARCLAYS TIP BD FD,464287176,14000.0,129,2.1411220256335742e-05
MOAT,VANECK MORNINGSTAR W M ETF,92189F643,14000.0,145,2.1411220256335742e-05
SW,SMURFIT WESTROCK PLC,G8267P108,14000.0,327,2.1411220256335742e-05
IVZ,INVESCO LTD ADR,G491BT108,14000.0,609,2.1411220256335742e-05
INCY,INCYTE CORP,45337C102,14000.0,165,2.1411220256335742e-05
TRV,TRAVELERS COS INC,89417E109,14000.0,51,2.1411220256335742e-05
NBHC,NATIONAL BANK HOLD CL A,633707104,14000.0,358,2.1411220256335742e-05
NTRA,NATERA INC,632307104,14000.0,87,2.1411220256335742e-05
LLY,LILLY ELI & CO,532457108,14000.0,18,2.1411220256335742e-05
USB,US BANCORP DEL NEW,902973304,14000.0,293,2.1411220256335742e-05
GM,GENERAL MOTORS CO,37045V100,14000.0,237,2.1411220256335742e-05
WSO,WATSCO INC,942622200,14000.0,34,2.1411220256335742e-05
A4S,AMERIPRISE FINANCIAL INC,03076C106,14000.0,29,2.1411220256335742e-05
OGS,ONE GAS INC,68235P108,14000.0,177,2.1411220256335742e-05
VLY,VALLEY NATL BANCORP,919794107,14000.0,1288,2.1411220256335742e-05
CHE,CHEMED CORP,16359R103,14000.0,31,2.1411220256335742e-05
AMKR,AMKOR TECHNOLOGY INC,031652100,14000.0,485,2.1411220256335742e-05
TGTX,TG THERAPEUTICS INC,88322Q108,13000.0,357,1.988184738088319e-05
HOMB,HOME BANCSHARES INC,436893200,13000.0,458,1.988184738088319e-05
HOLX,HOLOGIC INC,436440101,13000.0,189,1.988184738088319e-05
MIR,MIRION TECHNOLOGIES INC,60471A101,13000.0,554,1.988184738088319e-05
AR,ANTERO RES CORP,03674X106,13000.0,393,1.988184738088319e-05
EL,ESTEE LAUDER COS INC CL A,518439104,13000.0,145,1.988184738088319e-05
TOL,TOLL BROTHERS INC,889478103,13000.0,93,1.988184738088319e-05
MAA,MID-AMER APT CMNTYS INC,59522J103,13000.0,93,1.988184738088319e-05
RELX,RELX PLC NPV ADR,759530108,13000.0,265,1.988184738088319e-05
RMD,RESMED INC,761152107,13000.0,49,1.988184738088319e-05
ALGM,ALLEGRO MICROSYSTEMS INC,01749D105,13000.0,432,1.988184738088319e-05
MCW,MISTER CAR WASH INC,60646V105,13000.0,2436,1.988184738088319e-05
REGN,REGENERON PHARMACEUTICALS,75886F107,13000.0,23,1.988184738088319e-05
EXR,EXTRA SPACE STORAGE INC,30225T102,13000.0,92,1.988184738088319e-05
MRNA,MODERNA INC,60770K107,13000.0,496,1.988184738088319e-05
FFIV,F5 INC,315616102,13000.0,39,1.988184738088319e-05
IFRA,ISHARES US INFRASTRUCTURE,46435U713,13000.0,243,1.988184738088319e-05
EOG,EOG RES INC,26875P101,13000.0,120,1.988184738088319e-05
ARCC,ARES CAPITAL CORP,04010L103,13000.0,650,1.988184738088319e-05
FR,FIRST INDUSTRIAL RLTY TR,32054K103,13000.0,243,1.988184738088319e-05
EA,ELECTRONIC ARTS,285512109,13000.0,64,1.988184738088319e-05
ENVA,ENOVA INTL INC COM,29357K103,13000.0,112,1.988184738088319e-05
ESS,ESSEX PPTY TR INC,297178105,13000.0,47,1.988184738088319e-05
FBK,FB FINANCIAL CORP,30257X104,13000.0,233,1.988184738088319e-05
RUSHA,RUSH ENTERPRISES,781846209,13000.0,236,1.988184738088319e-05
BUD,ANHEUSER BUSCH INBEV ADR,03524A108,13000.0,212,1.988184738088319e-05
RJF,RAYMOND JAMES FINANCIAL,754730109,13000.0,74,1.988184738088319e-05
RTX,RTX CORPORATION,75513E101,13000.0,78,1.988184738088319e-05
NLY,ANNALY CAPITAL MANAGEMENT,035710839,13000.0,652,1.988184738088319e-05
CWST,CASELLA WASTE SYSTEM CL A,147448104,13000.0,137,1.988184738088319e-05
OKTA,OKTA INC,679295105,13000.0,141,1.988184738088319e-05
LOW,LOWES COS INC,548661107,13000.0,51,1.988184738088319e-05
CAH,CARDINAL HEALTH INC,14149Y108,13000.0,83,1.988184738088319e-05
DG,DOLLAR GENERAL CORP,256677105,13000.0,126,1.988184738088319e-05
NVS,NOVARTIS AG ADR,66987V109,13000.0,103,1.988184738088319e-05
DOV,DOVER CORP,260003108,13000.0,78,1.988184738088319e-05
AVTR,AVANTOR INC,05352A100,13000.0,1013,1.988184738088319e-05
WIX,WIX COM LTD SHS,M98068105,13000.0,74,1.988184738088319e-05
DLN,WISDOMTREE U.S. LARGECAP,97717W307,13000.0,153,1.988184738088319e-05
MAR,MARRIOTT INTL INC NEW CL A,571903202,13000.0,50,1.988184738088319e-05
CELH,CELSIUS HOLDINGS INC,15118V207,13000.0,230,1.988184738088319e-05
ODFL,OLD DOMINION FREIGHT,679580100,13000.0,92,1.988184738088319e-05
N/A,AUMOVIO SE NPV,D0R9B8108,13000.0,309,1.988184738088319e-05
CORFX,FLAT ROCK CORE INCOME FUND,338581101,13000.0,665,1.988184738088319e-05
MTG,MGIC INVT CORP WIS,552848103,13000.0,474,1.988184738088319e-05
FOR,FORESTAR GROUP INC,346232101,13000.0,495,1.988184738088319e-05
PUK,PRUDENTIAL PLC ADR,74435K204,13000.0,466,1.988184738088319e-05
AMT,AMERICAN TOWER CORP,03027X100,13000.0,65,1.988184738088319e-05
SEI,SOLARIS OILFIELD INFRAST-A,83418M103,13000.0,330,1.988184738088319e-05
KNX,KNIGHT-SWFT TRANS HLD INC.,499049104,13000.0,341,1.988184738088319e-05
ON,ON-SEMICONDUCTOR CORP,682189105,13000.0,271,1.988184738088319e-05
IRM,IRON MTN INC,46284V101,13000.0,126,1.988184738088319e-05
DKS,DICKS SPORTING GOODS,253393102,13000.0,60,1.988184738088319e-05
PSP,INVESCO GLOBAL LISTED PRIV,46137V118,13000.0,182,1.988184738088319e-05
GRMN,GARMIN LTD,H2906T109,13000.0,51,1.988184738088319e-05
AVNT,AVIENT CORP,05368V106,13000.0,389,1.988184738088319e-05
MSM,MSC INDUSTRIAL DIRECT,553530106,13000.0,139,1.988184738088319e-05
AWN,ADVANCE AUTO PARTS,00751Y106,13000.0,212,1.988184738088319e-05
GD,GENERAL DYNAMICS CORP,369550108,13000.0,38,1.988184738088319e-05
BCO,BRINKS CO,109696104,13000.0,111,1.988184738088319e-05
HIG,HARTFORD INS GROUP INC,416515104,13000.0,99,1.988184738088319e-05
LEN,LENNAR CORP,526057104,13000.0,106,1.988184738088319e-05
GNTX,GENTEX CORP,371901109,13000.0,453,1.988184738088319e-05
CWK,CUSHMAN & WAKEFIELD PLC,G2717B108,13000.0,792,1.988184738088319e-05
CMI,CUMMINS INC,231021106,13000.0,30,1.988184738088319e-05
CHRD,CHORD ENERGY CORP,674215207,13000.0,130,1.988184738088319e-05
BYD,BOYD GAMING CORP,103304101,13000.0,151,1.988184738088319e-05
NOK,NOKIA CORP ADR,654902204,13000.0,2600,1.988184738088319e-05
NMR,NOMURA HLDGS SPONS ADR,65535H208,13000.0,1732,1.988184738088319e-05
CSX,CSX CORP,126408103,13000.0,355,1.988184738088319e-05
PSX,PHILLIPS 66 COMMON,718546104,13000.0,94,1.988184738088319e-05
BB4,AXOS FINL INC,05465C100,13000.0,154,1.988184738088319e-05
PSX,PHILLIPS 66 COMMON,718546104,13000.0,97,1.988184738088319e-05
SOLV,SOLVENTUM CORP,83444M101,13000.0,181,1.988184738088319e-05
CPA,COPA HOLDING SA CL A,P31076105,13000.0,111,1.988184738088319e-05
OZK,BANK OZK,06417N103,13000.0,263,1.988184738088319e-05
UAL,UNITED AIRLINES HLDS INC,910047109,13000.0,136,1.988184738088319e-05
BDC,BELDEN CDT INC,077454106,13000.0,112,1.988184738088319e-05
NBIX,NEUROCRINE BIOSCIENCES,64125C109,13000.0,94,1.988184738088319e-05
STZ,CONSTELLATION BRANDS CL A,21036P108,13000.0,96,1.988184738088319e-05
PODD,INSULET CORP,45784P101,13000.0,41,1.988184738088319e-05
OUT,OUTFRONT MEDIA INC,69007J304,13000.0,684,1.988184738088319e-05
OTTR,OTTER TAIL PWR CO,689648103,13000.0,154,1.988184738088319e-05
WFC,WELLS FARGO & CO NEW,949746101,13000.0,156,1.988184738088319e-05
TLN,TALEN ENERGY CORP,87422Q109,13000.0,31,1.988184738088319e-05
LII,LENNOX INTL INC COM,526107107,13000.0,25,1.988184738088319e-05
CIT,CINTAS CORP,172908105,13000.0,64,1.988184738088319e-05
MTH,MERITAGE HOMES CORP COM,59001A102,13000.0,180,1.988184738088319e-05
WRB,BERKLEY WR CORP,084423102,13000.0,175,1.988184738088319e-05
INGR,INGREDION INC,457187102,13000.0,105,1.988184738088319e-05
MO,ALTRIA GROUP INC,02209S103,13000.0,201,1.988184738088319e-05
MCY,MERCURY GENL CORP NEW,589400100,13000.0,158,1.988184738088319e-05
UFPI,UFP INDUSTRIES INC,90278Q108,13000.0,136,1.988184738088319e-05
BLK,BLACKROCK FDG INC,09290D101,13000.0,11,1.988184738088319e-05
NSY,NICE LTD ADR,653656108,13000.0,92,1.988184738088319e-05
EXAS,EXACT SCIENCES CORP,30063P105,13000.0,246,1.988184738088319e-05
RIVN,RIVIAN AUTOMOTIVE INC,76954A103,13000.0,892,1.988184738088319e-05
FAST,FASTENAL INC COM,311900104,12000.0,240,1.8352474505430634e-05
CBT,CABOT CORP,127055101,12000.0,161,1.8352474505430634e-05
XPO,XPO INC,983793100,12000.0,96,1.8352474505430634e-05
ECG,EVERUS CONSTR GROUP,300426103,12000.0,136,1.8352474505430634e-05
IEX,IDEX CORP,45167R104,12000.0,76,1.8352474505430634e-05
POWL,POWELL INDS INC,739128106,12000.0,38,1.8352474505430634e-05
DCI,DONALDSON CO,257651109,12000.0,141,1.8352474505430634e-05
GIB/A,CGI INC,12532H104,12000.0,133,1.8352474505430634e-05
DOV,DOVER CORP,260003108,12000.0,72,1.8352474505430634e-05
RGTI,RIGETTI COMPUTING INC,76655K103,12000.0,401,1.8352474505430634e-05
ETSY,ETSY INC,29786A106,12000.0,177,1.8352474505430634e-05
KLAC,KLA CORPORATION,482480100,12000.0,11,1.8352474505430634e-05
HBAN,HUNTINGTON BANCSHARES INC,446150104,12000.0,688,1.8352474505430634e-05
RPRX,ROYALTY PHARMA PLC,G7709Q104,12000.0,329,1.8352474505430634e-05
EL,ESTEE LAUDER COS INC CL A,518439104,12000.0,140,1.8352474505430634e-05
STT,STATE ST CORP,857477103,12000.0,104,1.8352474505430634e-05
SJM,SMUCKER JM CO NEW,832696405,12000.0,112,1.8352474505430634e-05
INCY,INCYTE CORP,45337C102,12000.0,138,1.8352474505430634e-05
AU,ANGLOGOLD ASHANTI PLC,G0378L100,12000.0,177,1.8352474505430634e-05
CWEN,CLEARWAY ENERGY INC CL C,18539C204,12000.0,414,1.8352474505430634e-05
CPRI,CAPRI HLDGS LTD,G1890L107,12000.0,615,1.8352474505430634e-05
DVN,DEVON ENERGY CORP,25179M103,12000.0,341,1.8352474505430634e-05
CAKE,CHEESECAKE FACTORY INC,163072101,12000.0,222,1.8352474505430634e-05
CARR,CARRIER GLOBAL CORP,14448C104,12000.0,199,1.8352474505430634e-05
IVZ,INVESCO LTD ADR,G491BT108,12000.0,504,1.8352474505430634e-05
N/A,AMRIZE AG CHF,H2927K103,12000.0,256,1.8352474505430634e-05
JCI,JOHNSON CONTROLS INTL PLC,G51502105,12000.0,111,1.8352474505430634e-05
MMC,MARSH & MCLENNAN COS INC,571748102,12000.0,62,1.8352474505430634e-05
LII,LENNOX INTL INC COM,526107107,12000.0,22,1.8352474505430634e-05
FNF,FIDELITY NATL FINANCIAL GP,31620R303,12000.0,200,1.8352474505430634e-05
FITB,FIFTH THIRD BANCORP,316773100,12000.0,277,1.8352474505430634e-05
NSP,INSPERITY INC COM,45778Q107,12000.0,249,1.8352474505430634e-05
WRB,BERKLEY WR CORP,084423102,12000.0,157,1.8352474505430634e-05
FHI,FEDERATED HERMES INC,314211103,12000.0,225,1.8352474505430634e-05
GSK,GSK PLC ADR,37733W204,12000.0,287,1.8352474505430634e-05
PARR,PAR PACIFIC HOLDINGS INC,69888T207,12000.0,335,1.8352474505430634e-05
KFY,KORN FERRY,500643200,12000.0,169,1.8352474505430634e-05
FFIN,FIRST FINL BANKSHARES,32020R109,12000.0,360,1.8352474505430634e-05
BXP,BXP INC,101121101,12000.0,156,1.8352474505430634e-05
TJX,TJX COMPANIES INC,872540109,12000.0,80,1.8352474505430634e-05
VNQ,VANGUARD REAL ESTATE ETF,922908553,12000.0,130,1.8352474505430634e-05
HCA,HCA HEALTHCARE INC,40412C101,12000.0,28,1.8352474505430634e-05
CMCSA,COMCAST CORP CL A NEW,20030N101,12000.0,390,1.8352474505430634e-05
CHD,CHURCH & DWIGHT INC,171340102,12000.0,136,1.8352474505430634e-05
OXY,OCCIDENTAL PETROLEUM,674599105,12000.0,261,1.8352474505430634e-05
OII,OCEANEERING INTL INC,675232102,12000.0,492,1.8352474505430634e-05
CVS,CVS HEALTH CORP,126650100,12000.0,154,1.8352474505430634e-05
SAN,BANCO SANTANDER SA ADR,05964H105,12000.0,1110,1.8352474505430634e-05
HIG,HARTFORD INS GROUP INC,416515104,12000.0,90,1.8352474505430634e-05
LUV,SOUTHWEST AIRLINES,844741108,12000.0,390,1.8352474505430634e-05
FLYX,FLYEXCLUSIVE INC,343928107,12000.0,2500,1.8352474505430634e-05
PTC,PTC INC,69370C100,12000.0,61,1.8352474505430634e-05
NHC,NATIONAL HEALTHCARE CORP,635906100,12000.0,97,1.8352474505430634e-05
BBVA,BANCO BILBAO VIZ AR ADR,05946K101,12000.0,635,1.8352474505430634e-05
CUCA,AVIS BUDGET GROUP INC,053774105,12000.0,74,1.8352474505430634e-05
AVY,AVERY DENNISON CORP,053611109,12000.0,75,1.8352474505430634e-05
CVE,CENOVUS ENERGY,15135U109,12000.0,684,1.8352474505430634e-05
DLR,DIGITAL RLTY TR INC COM,253868103,12000.0,69,1.8352474505430634e-05
VICI,VICI PROPERTIES INC,925652109,12000.0,367,1.8352474505430634e-05
CNC,CENTENE CORP,15135B101,12000.0,332,1.8352474505430634e-05
VTR,VENTAS INC,92276F100,12000.0,165,1.8352474505430634e-05
CALM,CAL-MAINE FOODS INC,128030202,12000.0,123,1.8352474505430634e-05
TIGO,MILLICOM INTL CELLULAR SA,L6388F110,12000.0,244,1.8352474505430634e-05
LCII,LCI INDUSTRIES,50189K103,12000.0,132,1.8352474505430634e-05
NCNO,NCINO INC,63947X101,12000.0,445,1.8352474505430634e-05
LITE,LUMENTUM H,55024U109,12000.0,76,1.8352474505430634e-05
WVE,WAVE LIFE SCIENCES LTD,Y95308105,12000.0,1700,1.8352474505430634e-05
PSTG,PURE STORAGE INC-CLASS A,74624M102,12000.0,147,1.8352474505430634e-05
STZ,CONSTELLATION BRANDS CL A,21036P108,12000.0,88,1.8352474505430634e-05
TRGP,TARGA RESOURCES CORP,87612G101,12000.0,73,1.8352474505430634e-05
TGT,TARGET CORP,87612E106,12000.0,136,1.8352474505430634e-05
WTW,WILLIS TOWERS WATS NPV,G96629103,12000.0,36,1.8352474505430634e-05
NOV,NOV INC,62955J103,12000.0,914,1.8352474505430634e-05
WSC,WILLSCOT HOLDINGS CORP,971378104,12000.0,550,1.8352474505430634e-05
IGV,ISHARES TECH-SOFTWARE ETF,464287515,12000.0,100,1.8352474505430634e-05
SBCF,SEACOAST BKG CORP FLA,811707801,12000.0,382,1.8352474505430634e-05
BDX,BECTON DICKINSON & CO,075887109,12000.0,64,1.8352474505430634e-05
BRO,BROWN & BROWN INC,115236101,12000.0,124,1.8352474505430634e-05
SATS,ECHOSTAR CORP,278768106,12000.0,158,1.8352474505430634e-05
AFRM,AFFIRM HOLDINGS INC,00827B106,12000.0,166,1.8352474505430634e-05
CUZ,COUSINS PROPERTIES INC,222795502,12000.0,417,1.8352474505430634e-05
CIM,CHIMERA INVT CORP,16934Q802,12000.0,921,1.8352474505430634e-05
NTAP,NETAPP INC,64110D104,12000.0,100,1.8352474505430634e-05
INSW,INTERNATIONAL SEAWAYS INC,Y41053102,12000.0,268,1.8352474505430634e-05
FLS,FLOWSERVE CORP,34354P105,12000.0,234,1.8352474505430634e-05
PNW,PINNACLE WEST CAPITAL CORP,723484101,12000.0,132,1.8352474505430634e-05
DTD,WISDOMTREE TOTAL DIVIDEND,97717W109,12000.0,140,1.8352474505430634e-05
CPB,THE CAMPBELLS COMPANY,134429109,12000.0,378,1.8352474505430634e-05
CDP,COPT DEFENSE PROPERTIES,22002T108,12000.0,396,1.8352474505430634e-05
HII,HUNTINGTON INGALLS INDUSTR,446413106,12000.0,42,1.8352474505430634e-05
VC,VISTEON CORP,92839U206,12000.0,101,1.8352474505430634e-05
KBWB,INVESCO EXCH-TRAD TR II,46138E628,12000.0,158,1.8352474505430634e-05
JXN,JACKSON FINANCIAL INC,46817M107,12000.0,115,1.8352474505430634e-05
STWD,STARWOOD PROPERTY TRUST,85571B105,12000.0,605,1.8352474505430634e-05
KYMR,KYMERA THERAPEUTICS INC,501575104,12000.0,212,1.8352474505430634e-05
APAM,ARTISAN PRTS ASSET MGT A,04316A108,12000.0,286,1.8352474505430634e-05
ENVA,ENOVA INTL INC COM,29357K103,12000.0,103,1.8352474505430634e-05
EHAB,ENHABIT HOME HEALTH & HOSP,29332G102,12000.0,1500,1.8352474505430634e-05
FHN,FIRST HORIZON CORP,320517105,12000.0,527,1.8352474505430634e-05
UL,UNILEVER PLC ADR NEW,904767704,12000.0,204,1.8352474505430634e-05
FCN,FTI CONSULTING INC,302941109,12000.0,72,1.8352474505430634e-05
FULC,FULCRUM THERAPEUTICS INC,359616109,12000.0,1274,1.8352474505430634e-05
AVTR,AVANTOR INC,05352A100,12000.0,989,1.8352474505430634e-05
ALK,ALASKA AIRGROUP,011659109,12000.0,251,1.8352474505430634e-05
EGP,EASTGROUP PROPERTIES INC,277276101,12000.0,70,1.8352474505430634e-05
SEDG,SOLAREDGE TECHNOLOGIES INC,83417M104,12000.0,327,1.8352474505430634e-05
BNT,BROOKFIELD WEALTH SOLUTION,G17434104,12000.0,173,1.8352474505430634e-05
EXP,EAGLE MATERIALS INC,26969P108,12000.0,53,1.8352474505430634e-05
BOOT,BOOT BARN HLDGS INC,099406100,12000.0,75,1.8352474505430634e-05
WWD,WOODWARD GOVERNOR CO COM,980745103,12000.0,48,1.8352474505430634e-05
LOW,LOWES COS INC,548661107,12000.0,49,1.8352474505430634e-05
EWBC,EAST WEST BANCORP INC,27579R104,12000.0,111,1.8352474505430634e-05
MLAB,MESA LABORATORIES INC,59064R109,12000.0,180,1.8352474505430634e-05
LYG,LLOYDS TSB GRP PLC ADR,539439109,12000.0,2552,1.8352474505430634e-05
AN,AUTONATION INC,05329W102,11000.0,52,1.6823101629978082e-05
BP,BP PLC ADR,055622104,11000.0,316,1.6823101629978082e-05
AG8,AGILENT TECHNOLOGIES,00846U101,11000.0,85,1.6823101629978082e-05
STC,STEWART INFORMATION SVC CP,860372101,11000.0,150,1.6823101629978082e-05
GES,GUESS INC,401617105,11000.0,636,1.6823101629978082e-05
HASI,HA SUSTAIN INFRAST CAP INC,41068X100,11000.0,370,1.6823101629978082e-05
YOU,CLEAR SECURE INC,18467V109,11000.0,315,1.6823101629978082e-05
BL,BLACKLINE INC,09239B109,11000.0,200,1.6823101629978082e-05
INDA,ISHARES MSCI INDIA ETF,46429B598,11000.0,205,1.6823101629978082e-05
IEV,ISHARES EUROPE ETF,464287861,11000.0,170,1.6823101629978082e-05
ADC,AGREE REALTY CORP,008492100,11000.0,158,1.6823101629978082e-05
CC,CHEMOURS CO,163851108,11000.0,672,1.6823101629978082e-05
NRIX,NURIX THERAPEUTICS INC,67080M103,11000.0,1241,1.6823101629978082e-05
KTB,KONTOOR BRANDS INC,50050N103,11000.0,142,1.6823101629978082e-05
PAYC,PAYCOM SOFTWARE INC,70432V102,11000.0,53,1.6823101629978082e-05
VNO,VORNADO REALTY TRUST,929042109,11000.0,261,1.6823101629978082e-05
TRMB,TRIMBLE INC,896239100,11000.0,137,1.6823101629978082e-05
GVA,GRANITE CONSTR INC,387328107,11000.0,104,1.6823101629978082e-05
SMCI,SUPER MICRO COMPUTER,86800U302,11000.0,224,1.6823101629978082e-05
CRC,CALIFORNIA RESOURCES CORP,13057Q305,11000.0,213,1.6823101629978082e-05
RIO,RIO TINTO PLC SPON ADR,767204100,11000.0,161,1.6823101629978082e-05
PEO,EXELON CORP,30161N101,11000.0,237,1.6823101629978082e-05
APA,APA CORP,03743Q108,11000.0,445,1.6823101629978082e-05
EXR,EXTRA SPACE STORAGE INC,30225T102,11000.0,77,1.6823101629978082e-05
ZION,ZIONS BANCORPORATION NA,989701107,11000.0,200,1.6823101629978082e-05
REGN,REGENERON PHARMACEUTICALS,75886F107,11000.0,19,1.6823101629978082e-05
Z,ZILLOW GROUP INC-C W/I,98954M200,11000.0,137,1.6823101629978082e-05
COIN,COINBASE GLOBAL INC,19260Q107,11000.0,32,1.6823101629978082e-05
BEN,FRANKLIN RES INC,354613101,11000.0,470,1.6823101629978082e-05
OC,OWENS CORNING INC,690742101,11000.0,75,1.6823101629978082e-05
PCAR,PACCAR INC COM,693718108,11000.0,113,1.6823101629978082e-05
ZWS,ZURN ELKAY WATER SOLUTIONS,98983L108,11000.0,237,1.6823101629978082e-05
EXEL,EXELIXIS INC,30161Q104,11000.0,270,1.6823101629978082e-05
EVRG,EVERGY INC,30034W106,11000.0,143,1.6823101629978082e-05
IR,INGERSOLL RAND INC,45687V106,11000.0,138,1.6823101629978082e-05
SHAK,SHAKE SHACK INC,819047101,11000.0,114,1.6823101629978082e-05
BEN,FRANKLIN RES INC,354613101,11000.0,461,1.6823101629978082e-05
PRVA,PRIVIA HEALTH GROUP INC,74276R102,11000.0,430,1.6823101629978082e-05
PRIM,PRIMORIS SERVICES CORP,74164F103,11000.0,77,1.6823101629978082e-05
GTLS,CHART INDUSTRIES INC,16115Q308,11000.0,56,1.6823101629978082e-05
LRN,STRIDE INC,86333M108,11000.0,72,1.6823101629978082e-05
COHU,COHU INC,192576106,11000.0,538,1.6823101629978082e-05
ON,ON-SEMICONDUCTOR CORP,682189105,11000.0,218,1.6823101629978082e-05
SKYW,SKYWEST INC,830879102,11000.0,112,1.6823101629978082e-05
DECK,DECKERS OUTDOOR CORP,243537107,11000.0,108,1.6823101629978082e-05
POOL,POOL CORP,73278L105,11000.0,37,1.6823101629978082e-05
AGYS,AGILYSYS INC COM,00847J105,11000.0,103,1.6823101629978082e-05
VAL,VALARIS LTD,G9460G101,11000.0,226,1.6823101629978082e-05
ON,ON-SEMICONDUCTOR CORP,682189105,11000.0,220,1.6823101629978082e-05
MLM,MARTIN MARIETTA MATL INC,573284106,11000.0,18,1.6823101629978082e-05
LNG,CHENIERE ENERGY INC,16411R208,11000.0,47,1.6823101629978082e-05
ALV,AUTOLIV INC,052800109,11000.0,89,1.6823101629978082e-05
SMTC,SEMTECH CORP,816850101,11000.0,148,1.6823101629978082e-05
SMTC,SEMTECH CORP,816850101,11000.0,153,1.6823101629978082e-05
F,FORD MOTOR CO,345370860,11000.0,908,1.6823101629978082e-05
BKU,BANKUNITED INC,06652K103,11000.0,288,1.6823101629978082e-05
IBKR,INTERACTIVE BROKER,45841N107,11000.0,165,1.6823101629978082e-05
NKTR,NEKTAR THERAPEUTICS,640268306,11000.0,185,1.6823101629978082e-05
HXL,HEXCEL CORP NEW,428291108,11000.0,171,1.6823101629978082e-05
DINO,HF SINCLAIR CORP,403949100,11000.0,219,1.6823101629978082e-05
HPE,HEWLETT PACKARD ENTERPR WI,42824C109,11000.0,466,1.6823101629978082e-05
MASI,MASIMO CORPORATION,574795100,11000.0,76,1.6823101629978082e-05
TPH,TRI POINTE HOMES INC,87265H109,11000.0,312,1.6823101629978082e-05
BR,BROADRIDGE FINL SOLUTIONS,11133T103,11000.0,45,1.6823101629978082e-05
CNR,CORE NAT RES,218937100,11000.0,127,1.6823101629978082e-05
WEX,WEX INC,96208T104,11000.0,67,1.6823101629978082e-05
GWW,W W GRAINGER INC,384802104,11000.0,12,1.6823101629978082e-05
SAIL,SAILPOINT INC,78781J109,11000.0,495,1.6823101629978082e-05
HAFC,HANMI FINANCIAL CORP,410495204,11000.0,427,1.6823101629978082e-05
CNK,CINEMARK HOLDINGS INC,17243V102,11000.0,396,1.6823101629978082e-05
UNFI,UNITED NATURAL FOODS,911163103,11000.0,291,1.6823101629978082e-05
NBIX,NEUROCRINE BIOSCIENCES,64125C109,11000.0,80,1.6823101629978082e-05
EQT,EQT CORP,26884L109,11000.0,202,1.6823101629978082e-05
UBSI,UNITED BANKSHARES INC W VA,909907107,11000.0,288,1.6823101629978082e-05
DGX,QUEST DIAGNOSTICS INC,74834L100,11000.0,57,1.6823101629978082e-05
ARE,ALEXANDRIA REAL EST EQ INC,015271109,11000.0,132,1.6823101629978082e-05
SIGI,SELECTIVE INS GP INC,816300107,11000.0,137,1.6823101629978082e-05
SXI,STANDEX INTER CORP,854231107,11000.0,54,1.6823101629978082e-05
CAG,CONAGRA BRANDS INC,205887102,11000.0,579,1.6823101629978082e-05
IWN,ISHARES RUSSELL 2000 VALUE,464287630,11000.0,60,1.6823101629978082e-05
CPAY,CORPAY INC,219948106,11000.0,37,1.6823101629978082e-05
FBNC,FIRST BANCORP/SOUTHERN PIN,318910106,11000.0,204,1.6823101629978082e-05
AES,AES CORP,00130H105,11000.0,847,1.6823101629978082e-05
URBN,URBAN OUTFITTERS INC,917047102,11000.0,149,1.6823101629978082e-05
UE,URBAN EDGE PROPERTIES COM,91704F104,11000.0,554,1.6823101629978082e-05
CSX,CSX CORP,126408103,11000.0,316,1.6823101629978082e-05
CUBI,CUSTOMERS BANCORP INC,23204G100,11000.0,172,1.6823101629978082e-05
ATO,ATMOS ENERGY CORP,049560105,11000.0,65,1.6823101629978082e-05
ATMU,ATMUS FILTRATION TECHNOLOG,04956D107,11000.0,240,1.6823101629978082e-05
EWBC,EAST WEST BANCORP INC,27579R104,11000.0,107,1.6823101629978082e-05
TDY,TELEDYNE TECHNOLOGIES INC,879360105,11000.0,18,1.6823101629978082e-05
ALEX,ALEXANDER & BALDWIN INCNEW,014491104,11000.0,621,1.6823101629978082e-05
SOLV,SOLVENTUM CORP,83444M101,11000.0,151,1.6823101629978082e-05
SOLV,SOLVENTUM CORP,83444M101,11000.0,154,1.6823101629978082e-05
GNRC,GENERAC HLDGS INC,368736104,11000.0,63,1.6823101629978082e-05
PRDO,PERDOCEO EDUCATION CORP,71363P106,11000.0,305,1.6823101629978082e-05
AIN,ALBANY INTL CORP CL A,012348108,11000.0,205,1.6823101629978082e-05
CRWD,CROWDSTRIKE HOLDINGS INC,22788C105,11000.0,23,1.6823101629978082e-05
UTHR,UTD THERAPEUTICS CORP,91307C102,11000.0,27,1.6823101629978082e-05
ALE,ALLETE INC,018522300,11000.0,173,1.6823101629978082e-05
ROP,ROPER TECHNOLOGIES INC.,776696106,11000.0,23,1.6823101629978082e-05
VEEV,VEEVA SYS INC CL A COM,922475108,11000.0,36,1.6823101629978082e-05
LEN,LENNAR CORP,526057104,11000.0,89,1.6823101629978082e-05
WTW,WILLIS TOWERS WATS NPV,G96629103,11000.0,33,1.6823101629978082e-05
LDOS,LEIDOS HLDGS INC,525327102,11000.0,57,1.6823101629978082e-05
ALG,ALAMO GROUP INC COM,011311107,11000.0,59,1.6823101629978082e-05
WTW,WILLIS TOWERS WATS NPV,G96629103,11000.0,33,1.6823101629978082e-05
WMB,WILLIAMS COMPANIES INC,969457100,11000.0,176,1.6823101629978082e-05
NWG,NATWEST GROUP PLC ADR,639057207,11000.0,766,1.6823101629978082e-05
FN,FABRINET,G3323L100,11000.0,31,1.6823101629978082e-05
ECG,EVERUS CONSTR GROUP,300426103,11000.0,130,1.6823101629978082e-05
ADM,ARCHER-DANIELS-MIDLAND CO,039483102,11000.0,186,1.6823101629978082e-05
PPL,PPL CORP,69351T106,11000.0,290,1.6823101629978082e-05
NXPI,NXP SEMICONDUCTORS NV,N6596X109,11000.0,49,1.6823101629978082e-05
VNOM,VIPER ENERGY INC,64361Q101,10000.0,268,1.529372875452553e-05
XLV,HEALTH CARE SELECT SPDR,81369Y209,10000.0,75,1.529372875452553e-05
HR,HEALTHCARE REALTY TRUST IN,42226K105,10000.0,541,1.529372875452553e-05
HEI/A,HEICO CORP NEW CL A,422806208,10000.0,41,1.529372875452553e-05
EL,ESTEE LAUDER COS INC CL A,518439104,10000.0,116,1.529372875452553e-05
ESS,ESSEX PPTY TR INC,297178105,10000.0,37,1.529372875452553e-05
LNTH,LANTHEUS HOLDINGS INC,516544103,10000.0,202,1.529372875452553e-05
LSTR,LANDSTAR SYS INC,515098101,10000.0,79,1.529372875452553e-05
LSCC,LATTICE SEMICONDUCTOR CORP,518415104,10000.0,141,1.529372875452553e-05
LXP,LXP INDUSTRIAL TRUST,529043101,10000.0,1098,1.529372875452553e-05
BALL,BALL CORP,058498106,10000.0,199,1.529372875452553e-05
WTS,WATTS WATER TECHNOLOGIES,942749102,10000.0,35,1.529372875452553e-05
NSA,NATL STORAGE AFFILIATES TR,637870106,10000.0,329,1.529372875452553e-05
NFG,NATIONAL FUEL GAS CO,636180101,10000.0,103,1.529372875452553e-05
CTS,CTS CORPORATION,126501105,10000.0,256,1.529372875452553e-05
DXC,DXC TECHNOLOGY CO,23355L106,10000.0,731,1.529372875452553e-05
FNDA,SCHWAB FUNDAMENTAL U.S. SM,808524763,10000.0,336,1.529372875452553e-05
EXP,EAGLE MATERIALS INC,26969P108,10000.0,44,1.529372875452553e-05
ADSK,AUTODESK INC,052769106,10000.0,31,1.529372875452553e-05
PAHC,PHIBRO ANIMAL HEALTH CORP,71742Q106,10000.0,236,1.529372875452553e-05
THRM,GENTHERM INC,37253A103,10000.0,307,1.529372875452553e-05
UHS,UNIV HEALTH SVC CLASS B,913903100,10000.0,51,1.529372875452553e-05
SRRK,SCHOLAR ROCK HOLDING CORP,80706P103,10000.0,277,1.529372875452553e-05
MKL,MARKEL GROUP INC,570535104,10000.0,5,1.529372875452553e-05
GILD,GILEAD SCIENCES,375558103,10000.0,86,1.529372875452553e-05
GNTX,GENTEX CORP,371901109,10000.0,357,1.529372875452553e-05
AIN,ALBANY INTL CORP CL A,012348108,10000.0,195,1.529372875452553e-05
AWC,AMERICAN WATER WORKS CO,030420103,10000.0,73,1.529372875452553e-05
SW,SMURFIT WESTROCK PLC,G8267P108,10000.0,230,1.529372875452553e-05
OPCH,OPTION CARE HEALTH INC,68404L201,10000.0,344,1.529372875452553e-05
ACM,AECOM,00766T100,10000.0,80,1.529372875452553e-05
UPS,UNITED PARCEL SERVICE CL B,911312106,10000.0,125,1.529372875452553e-05
GL,GLOBE LIFE INC,37959E102,10000.0,73,1.529372875452553e-05
EIX,EDISON INTERNATIONAL,281020107,10000.0,184,1.529372875452553e-05
PHM,PULTE GROUP INC,745867101,10000.0,72,1.529372875452553e-05
FLO,FLOWER FOODS INC,343498101,10000.0,779,1.529372875452553e-05
VTRS,VIATRIS INC,92556V106,10000.0,1057,1.529372875452553e-05
VSAT,VIASAT INC COM,92552V100,10000.0,341,1.529372875452553e-05
VFC,VF CORP,918204108,10000.0,712,1.529372875452553e-05
EW,EDWARDS LIFESCIENCES CORP,28176E108,10000.0,131,1.529372875452553e-05
AMG,AFFILIATED MANAGERS,008252108,10000.0,41,1.529372875452553e-05
TRMK,TRUSTMARK CORP,898402102,10000.0,257,1.529372875452553e-05
PI,IMPINJ INC,453204109,10000.0,54,1.529372875452553e-05
IMO,IMPERIAL OIL LTD NEW,453038408,10000.0,105,1.529372875452553e-05
FW2N,BANNER CORP,06652V208,10000.0,157,1.529372875452553e-05
B,BARRICK MINING CORP,06849F108,10000.0,320,1.529372875452553e-05
BHLB,BEACON FINANCIAL CORP,084680107,10000.0,426,1.529372875452553e-05
NCLH,NORWEGIAN CRUISE LINE,G66721104,10000.0,417,1.529372875452553e-05
MPLX,MPLX LP,55336V100,10000.0,200,1.529372875452553e-05
CBRE,CBRE GROUP INC,12504L109,10000.0,66,1.529372875452553e-05
CBZ,CBIZ INC,124805102,10000.0,195,1.529372875452553e-05
SANM,SANMINA-SCI CORPORATION,801056102,10000.0,86,1.529372875452553e-05
MNST,MONSTER BEVERAGE CORP NEW,61174X109,10000.0,148,1.529372875452553e-05
ITRI,ITRON INC,465741106,10000.0,77,1.529372875452553e-05
CPB,THE CAMPBELLS COMPANY,134429109,10000.0,305,1.529372875452553e-05
HII,HUNTINGTON INGALLS INDUSTR,446413106,10000.0,36,1.529372875452553e-05
GWW,W W GRAINGER INC,384802104,10000.0,10,1.529372875452553e-05
CPAY,CORPAY INC,219948106,10000.0,35,1.529372875452553e-05
MAS,MASCO CORP,574599106,10000.0,138,1.529372875452553e-05
PHIN,PHINIA INC,71880K101,10000.0,170,1.529372875452553e-05
OLLI,OLLIES BARGAIN OUTLET,681116109,10000.0,81,1.529372875452553e-05
ALC,ALCON INC,H01301128,10000.0,132,1.529372875452553e-05
WMG,WARNER MUSIC GROUP CORP,934550203,10000.0,303,1.529372875452553e-05
ADUS,ADDUS HOMECARE CORP,006739106,10000.0,85,1.529372875452553e-05
DGRW,WISDOMTREE U.S. QUALITY DI,97717X669,10000.0,113,1.529372875452553e-05
AEIS,ADVANCED ENERGY INDS,007973100,10000.0,56,1.529372875452553e-05
PNFP,PINNACLE FINANCIAL PRTNRS,72346Q104,10000.0,108,1.529372875452553e-05
MTRN,MATERION CORP,576690101,10000.0,84,1.529372875452553e-05
ALLY,ALLY FINANCIAL INC,02005N100,10000.0,256,1.529372875452553e-05
EHC,ENCOMPASS HEALTH CORP,29261A100,10000.0,82,1.529372875452553e-05
J,JACOBS SOLUTIONS INC,46982L108,10000.0,67,1.529372875452553e-05
AWG,ASBURY AUTOMOTIVE GROUP,043436104,10000.0,41,1.529372875452553e-05
SUX,TD SYNNEX CORPORATION,87162W100,10000.0,60,1.529372875452553e-05
HOG,HARLEY DAVIDSON INC,412822108,10000.0,368,1.529372875452553e-05
IVOO,VANGUARD S&P M-CAP 400 ETF,921932885,10000.0,90,1.529372875452553e-05
JEF,JEFFERIES FINL GROUP INC,47233W109,10000.0,148,1.529372875452553e-05
TAP,MOLSON COORS BEVERAGE COMP,60871R209,10000.0,228,1.529372875452553e-05
ITGR,INTEGER HLDNGS CORPORATION,45826H109,10000.0,95,1.529372875452553e-05
FHN,FIRST HORIZON CORP,320517105,10000.0,436,1.529372875452553e-05
MUB,ISHARES NATL MUNI BD ETF,464288414,10000.0,92,1.529372875452553e-05
BURL,BURLINGTON STORES INC,122017106,10000.0,41,1.529372875452553e-05
AWM,SKYWORKS SOLUTIONS INC,83088M102,10000.0,136,1.529372875452553e-05
GLPI,GAMING & LEISURE PPTYS INC,36467J108,10000.0,224,1.529372875452553e-05
BILL,BILL HOLDINGS INC,090043100,10000.0,192,1.529372875452553e-05
PSN,PARSONS CORP,70202L102,10000.0,119,1.529372875452553e-05
STLD,STEEL DYNAMICS,858119100,10000.0,71,1.529372875452553e-05
NWSA,NEWS CORP NEW,65249B109,10000.0,334,1.529372875452553e-05
CPT,CAMDEN PPTY TR SBI,133131102,10000.0,90,1.529372875452553e-05
MC,MOELIS & CO,60786M105,10000.0,138,1.529372875452553e-05
ACA,ARCOSA INC,039653100,10000.0,104,1.529372875452553e-05
CRS,CARPENTER TECHNOLOGY,144285103,10000.0,40,1.529372875452553e-05
OFG,OFG BANCORP,67103X102,10000.0,235,1.529372875452553e-05
MAN,MANPOWERGROUP INC,56418H100,10000.0,261,1.529372875452553e-05
INVH,INVITATION HOMES INC,46187W107,10000.0,331,1.529372875452553e-05
SLGN,SILGAN HOLDINGS INC,827048109,10000.0,228,1.529372875452553e-05
CHTR,CHARTER COMMUNICATIONS INC,16119P108,10000.0,36,1.529372875452553e-05
GTX,GARRETT MOTION INC,366505105,10000.0,700,1.529372875452553e-05
DB,DEUTSCHE BANK NPV,D18190898,10000.0,288,1.529372875452553e-05
GPI,GROUP 1 AUTOMOTIVE INC,398905109,10000.0,23,1.529372875452553e-05
GPI,GROUP 1 AUTOMOTIVE INC,398905109,10000.0,22,1.529372875452553e-05
COHR,COHERENT CORP,19247G107,10000.0,94,1.529372875452553e-05
FBNC,FIRST BANCORP/SOUTHERN PIN,318910106,10000.0,185,1.529372875452553e-05
RRC,RANGE RESOURCES CORP,75281A109,10000.0,277,1.529372875452553e-05
FAF,FIRST AMERICAN FINAN CORP,31847R102,10000.0,157,1.529372875452553e-05
WTRG,ESSENTIAL UTILITIES INC,29670G102,10000.0,252,1.529372875452553e-05
PKG,PACKAGING CORP OF AMER,695156109,10000.0,44,1.529372875452553e-05
PCAR,PACCAR INC COM,693718108,10000.0,101,1.529372875452553e-05
COHU,COHU INC,192576106,10000.0,506,1.529372875452553e-05
BLK,BLACKROCK FDG INC,09290D101,10000.0,9,1.529372875452553e-05
SF,STIFEL FINL CORP,860630102,10000.0,84,1.529372875452553e-05
VMC,VULCAN MATERIALS,929160109,10000.0,34,1.529372875452553e-05
GPI,GROUP 1 AUTOMOTIVE INC,398905109,10000.0,22,1.529372875452553e-05
PCH,POTLATCHDELTIC CORPORATION,737630103,10000.0,237,1.529372875452553e-05
ST,SENSATA TECH HLDGS,G8060N102,10000.0,330,1.529372875452553e-05
CF,CF-INDUSTRIES HOLDINGS,125269100,10000.0,117,1.529372875452553e-05
EAT,BRINKER INTL INC,109641100,10000.0,80,1.529372875452553e-05
IDA,IDACORP INC,451107106,10000.0,79,1.529372875452553e-05
DNOW,DNOW INC,67011P100,10000.0,665,1.529372875452553e-05
DKS,DICKS SPORTING GOODS,253393102,10000.0,43,1.529372875452553e-05
FUL,FULLER H B CO,359694106,10000.0,174,1.529372875452553e-05
TSEM,TOWER SEMICONDUCTOR LTD,M87915274,10000.0,137,1.529372875452553e-05
CA8A,CACI INTERNATIONAL INC A,127190304,10000.0,21,1.529372875452553e-05
RGLD,ROYAL GOLD INC,780287108,10000.0,49,1.529372875452553e-05
ATR,APTARGROUP INC,038336103,10000.0,75,1.529372875452553e-05
MT,ARCELORMITTAL SA ADR,03938L203,10000.0,268,1.529372875452553e-05
SYY,SYSCO CORP,871829107,10000.0,120,1.529372875452553e-05
SNV,SYNOVUS FINL CORP,87161C501,10000.0,204,1.529372875452553e-05
AWN,ADVANCE AUTO PARTS,00751Y106,10000.0,155,1.529372875452553e-05
ACM,AECOM,00766T100,10000.0,78,1.529372875452553e-05
LXU,LSB INDS INC COM,502160104,10000.0,1300,1.529372875452553e-05
MODG,TOPGOLF CALLAWAY BRANDS CP,131193104,10000.0,1044,1.529372875452553e-05
BLD,TOPBUILD CORP - W/I,89055F103,10000.0,26,1.529372875452553e-05
NVG,NUVEEN AMTFRE MUNI CRED FD,67071L106,10000.0,850,1.529372875452553e-05
HST,HOST HOTELS & RESORTS INC,44107P104,10000.0,609,1.529372875452553e-05
XPRO,EXPRO GROUP HOLDINGS NV,N3144W105,10000.0,852,1.529372875452553e-05
MGNI,MAGNITE INC,55955D100,10000.0,462,1.529372875452553e-05
GTM,ZOOMINFO TECHNOLOGIES INC,98980F104,10000.0,887,1.529372875452553e-05
RTO,RENTOKIL GROUP PLC ADR,760125104,9000.0,352,1.3764355879072977e-05
RNR,RENAISSNCE RE HLDGS LTD,G7496G103,9000.0,36,1.3764355879072977e-05
RIO,RIO TINTO PLC SPON ADR,767204100,9000.0,140,1.3764355879072977e-05
EXR,EXTRA SPACE STORAGE INC,30225T102,9000.0,66,1.3764355879072977e-05
AON,AON PLC,G0403H108,9000.0,25,1.3764355879072977e-05
TIP,ISHARES BARCLAYS TIP BD FD,464287176,9000.0,85,1.3764355879072977e-05
ROG,ROGERS CORPORATION,775133101,9000.0,115,1.3764355879072977e-05
EVTC,EVERTEC INC,30040P103,9000.0,270,1.3764355879072977e-05
HST,HOST HOTELS & RESORTS INC,44107P104,9000.0,504,1.3764355879072977e-05
PSKY,PARAMOUNT SKYDANCE CORP,69932A204,9000.0,496,1.3764355879072977e-05
CA8A,CACI INTERNATIONAL INC A,127190304,9000.0,19,1.3764355879072977e-05
HSBC,HSBC HLDGS PLC ADR,404280406,9000.0,132,1.3764355879072977e-05
EPRT,ESSENTIAL PROPERTIES REALT,29670E107,9000.0,311,1.3764355879072977e-05
DOCU,DOCUSIGN INC,256163106,9000.0,129,1.3764355879072977e-05
DG,DOLLAR GENERAL CORP,256677105,9000.0,86,1.3764355879072977e-05
FTAI,FTAI AVIATION LTD,G3730V105,9000.0,56,1.3764355879072977e-05
FYBR,FRONTIER COMMUNICATIONS PA,35909D109,9000.0,249,1.3764355879072977e-05
DPZ,DOMINOS PIZZA,25754A201,9000.0,21,1.3764355879072977e-05
D,DOMINION ENERGY INC,25746U109,9000.0,146,1.3764355879072977e-05
EVR,EVERCORE PARTNERS CL-A,29977A105,9000.0,28,1.3764355879072977e-05
FICO,FAIR ISACC CORP,303250104,9000.0,6,1.3764355879072977e-05
NSY,NICE LTD ADR,653656108,9000.0,61,1.3764355879072977e-05
NJR,NJ RESOURCES CORP,646025106,9000.0,181,1.3764355879072977e-05
TDW,TIDEWATER INC,88642R109,9000.0,161,1.3764355879072977e-05
BXP,BXP INC,101121101,9000.0,125,1.3764355879072977e-05
INGR,INGREDION INC,457187102,9000.0,73,1.3764355879072977e-05
IIIN,INSTEEL INDUSTRIES INC,45774W108,9000.0,233,1.3764355879072977e-05
UDR,UDR INC,902653104,9000.0,251,1.3764355879072977e-05
OKE,ONEOK CORP INC NEW,682680103,9000.0,126,1.3764355879072977e-05
OGS,ONE GAS INC,68235P108,9000.0,116,1.3764355879072977e-05
CHKP,CHECK POINT SOFTWARE TECH,M22465104,9000.0,45,1.3764355879072977e-05
AWM,SKYWORKS SOLUTIONS INC,83088M102,9000.0,115,1.3764355879072977e-05
GME,GAMESTOP CORP NEW CL A,36467W109,9000.0,312,1.3764355879072977e-05
DAY,DAYFORCE INC,15677J108,9000.0,124,1.3764355879072977e-05
ACLS,AXCELIS TECHNOLOGIES INC,054540208,9000.0,95,1.3764355879072977e-05
DFAS,DIMENSIONAL US SMALL CAP E,25434V500,9000.0,128,1.3764355879072977e-05
PRI,PRIMERICA INC,74164M108,9000.0,31,1.3764355879072977e-05
DOCU,DOCUSIGN INC,256163106,9000.0,130,1.3764355879072977e-05
WABC,WESTAMERICA BANCORP COMM,957090103,9000.0,180,1.3764355879072977e-05
CWAN,CLEARWATER ANALYTICS HOLDI,185123106,9000.0,495,1.3764355879072977e-05
KSS,KOHLS CORP,500255104,9000.0,563,1.3764355879072977e-05
GRBK,GREEN BRICK PARTNERS INC,392709101,9000.0,117,1.3764355879072977e-05
LUMN,LUMEN TECHNOLOGIES INC,550241103,9000.0,1549,1.3764355879072977e-05
LTC,LTC PPTYS INC,502175102,9000.0,231,1.3764355879072977e-05
WSBC,WESBANCO INC,950810101,9000.0,274,1.3764355879072977e-05
BG,BUNGE GLOBAL SA,H11356104,9000.0,112,1.3764355879072977e-05
BG,BUNGE GLOBAL SA,H11356104,9000.0,112,1.3764355879072977e-05
BRC,BRADY WH CL A NON VTG,104674106,9000.0,119,1.3764355879072977e-05
EAT,BRINKER INTL INC,109641100,9000.0,71,1.3764355879072977e-05
GAP,GAP INC,364760108,9000.0,428,1.3764355879072977e-05
NBHC,NATIONAL BANK HOLD CL A,633707104,9000.0,225,1.3764355879072977e-05
SCI,SERVICE CORP INTL,817565104,9000.0,107,1.3764355879072977e-05
ATGE,ADTALEM GLOB EDUCATION INC,00737L103,9000.0,59,1.3764355879072977e-05
AES,AES CORP,00130H105,9000.0,703,1.3764355879072977e-05
LIVN,LIVANOVA PLC,G5509L101,9000.0,170,1.3764355879072977e-05
LFUS,LITTELFUSE INC COM,537008104,9000.0,36,1.3764355879072977e-05
DAR,DARLING INGREDIENTS INC.,237266101,9000.0,307,1.3764355879072977e-05
LNG,CHENIERE ENERGY INC,16411R208,9000.0,40,1.3764355879072977e-05
OPCH,OPTION CARE HEALTH INC,68404L201,9000.0,324,1.3764355879072977e-05
SITE,SITEONE LANDSCAPE SUPPLY I,82982L103,9000.0,69,1.3764355879072977e-05
POR,PORTLAND GEN ELEC CO NEW,736508847,9000.0,195,1.3764355879072977e-05
AZO,AUTOZONE INC,053332102,9000.0,2,1.3764355879072977e-05
BGC,BGC GROUP INC,088929104,9000.0,916,1.3764355879072977e-05
UCTT,ULTRA CLEAN HOLDINGS INC,90385V107,9000.0,333,1.3764355879072977e-05
BUWA,BIO-RAD LABORATORIES CL A,090572207,9000.0,32,1.3764355879072977e-05
ERIE,ERIE INDEMNITY CO CL A,29530P102,9000.0,27,1.3764355879072977e-05
EPRT,ESSENTIAL PROPERTIES REALT,29670E107,9000.0,304,1.3764355879072977e-05
STEP,STEPSTONE GROUP INC,85914M107,9000.0,136,1.3764355879072977e-05
CBSH,COMMERCE BANCSHARES INC,200525103,9000.0,144,1.3764355879072977e-05
MLNK,MERIDIANLINK INC,58985J105,9000.0,440,1.3764355879072977e-05
ADM,ARCHER-DANIELS-MIDLAND CO,039483102,9000.0,156,1.3764355879072977e-05
LNN,LINDSAY MFG CO,535555106,9000.0,61,1.3764355879072977e-05
PPA,INVESCO AEROSPACE & DEFENS,46137V100,9000.0,60,1.3764355879072977e-05
DRI,DARDEN RESTAURANTS,237194105,9000.0,49,1.3764355879072977e-05
QBTS,D-WAVE QUANTUM INC,26740W109,9000.0,369,1.3764355879072977e-05
ORI,OLD REPUBLIC INTL CORP,680223104,9000.0,221,1.3764355879072977e-05
ACI,ALBERTSONS COS INC,013091103,9000.0,488,1.3764355879072977e-05
XLB,SELECT SECTOR SPDR TR SBI,81369Y100,9000.0,98,1.3764355879072977e-05
ADUS,ADDUS HOMECARE CORP,006739106,9000.0,78,1.3764355879072977e-05
PNFP,PINNACLE FINANCIAL PRTNRS,72346Q104,9000.0,100,1.3764355879072977e-05
CARS,CARS.COM INC,14575E105,9000.0,748,1.3764355879072977e-05
HSY,THE HERSHEY COMPANY,427866108,9000.0,50,1.3764355879072977e-05
OKTA,OKTA INC,679295105,9000.0,101,1.3764355879072977e-05
OGE,OGE ENERGY CORP,670837103,9000.0,195,1.3764355879072977e-05
FCF,FIRST COMMONWEALTH FINL,319829107,9000.0,526,1.3764355879072977e-05
AYI,ACUITY INC,00508Y102,9000.0,26,1.3764355879072977e-05
RDN,RADIAN GROUP INC,750236101,9000.0,251,1.3764355879072977e-05
QXO,QXO INC,82846H405,9000.0,463,1.3764355879072977e-05
ATI,ATI INC,01741R102,9000.0,107,1.3764355879072977e-05
SHC,SOTERA HEALTH CO,83601L102,9000.0,542,1.3764355879072977e-05
GM,GENERAL MOTORS CO,37045V100,9000.0,145,1.3764355879072977e-05
DTM,DT MIDSTREAM INC,23345M107,9000.0,80,1.3764355879072977e-05
SCHH,SCHWAB US REIT,808524847,9000.0,432,1.3764355879072977e-05
ITT,ITT INC,45073V108,9000.0,48,1.3764355879072977e-05
HGV,HILTON GRAND VACATIONS,43283X105,9000.0,218,1.3764355879072977e-05
STWD,STARWOOD PROPERTY TRUST,85571B105,9000.0,470,1.3764355879072977e-05
SWK,STANLEY BLACK & DECKER INC,854502101,9000.0,119,1.3764355879072977e-05
CNXC,CONCENTRIX CORP,20602D101,9000.0,190,1.3764355879072977e-05
CAG,CONAGRA BRANDS INC,205887102,9000.0,508,1.3764355879072977e-05
TRN,TRINITY IND,896522109,9000.0,330,1.3764355879072977e-05
BHP,BHP GROUP LTD ADR,088606108,9000.0,170,1.3764355879072977e-05
ALLY,ALLY FINANCIAL INC,02005N100,9000.0,222,1.3764355879072977e-05
HIW,HIGHWOODS PPTYS INC,431284108,9000.0,282,1.3764355879072977e-05
ELME,ELME COMMUNITIES,939653101,9000.0,520,1.3764355879072977e-05
BALL,BALL CORP,058498106,9000.0,175,1.3764355879072977e-05
USB,US BANCORP DEL NEW,902973304,9000.0,188,1.3764355879072977e-05
NBTB,NBT BANCORP INC,628778102,9000.0,220,1.3764355879072977e-05
TBBK,BANCORP INC,05969A105,9000.0,123,1.3764355879072977e-05
MAS,MASCO CORP,574599106,9000.0,132,1.3764355879072977e-05
CYTK,CYTOKINETICS INC,23282W605,9000.0,172,1.3764355879072977e-05
SOLV,SOLVENTUM CORP,83444M101,9000.0,124,1.3764355879072977e-05
SLNO,SOLENO THERAPEUTICS INC,834203309,9000.0,130,1.3764355879072977e-05
LYG,LLOYDS TSB GRP PLC ADR,539439109,9000.0,1941,1.3764355879072977e-05
JPX,AEROVIRONMENT INC,008073108,9000.0,27,1.3764355879072977e-05
DXC,DXC TECHNOLOGY CO,23355L106,9000.0,654,1.3764355879072977e-05
N/A,ASA GOLD & PREC MTLS LTD,G3156P103,9000.0,200,1.3764355879072977e-05
SFM,SPROUTS FARMERS MARKETS,85208M102,9000.0,86,1.3764355879072977e-05
NVST,ENVISTA HOLDINGS CORP,29415F104,9000.0,424,1.3764355879072977e-05
CROX,CROCS INC,227046109,9000.0,111,1.3764355879072977e-05
CRWD,CROWDSTRIKE HOLDINGS INC,22788C105,9000.0,19,1.3764355879072977e-05
N/A,QIAGEN NV EUR 0.01,N72482206,9000.0,199,1.3764355879072977e-05
FE,FIRSTENERGY CORP,337932107,9000.0,196,1.3764355879072977e-05
TGTX,TG THERAPEUTICS INC,88322Q108,9000.0,260,1.3764355879072977e-05
FTI,TECHNIP FMC PLC,G87110105,9000.0,235,1.3764355879072977e-05
IBKR,INTERACTIVE BROKER,45841N107,9000.0,124,1.3764355879072977e-05
LUV,SOUTHWEST AIRLINES,844741108,9000.0,283,1.3764355879072977e-05
PUK,PRUDENTIAL PLC ADR,74435K204,9000.0,320,1.3764355879072977e-05
WWD,WOODWARD GOVERNOR CO COM,980745103,9000.0,34,1.3764355879072977e-05
MARA,MARATHON DIGITAL HOLDINGS,565788106,9000.0,515,1.3764355879072977e-05
HII,HUNTINGTON INGALLS INDUSTR,446413106,9000.0,32,1.3764355879072977e-05
CORT,CORCEPT THERAPEUTICS INC,218352102,9000.0,103,1.3764355879072977e-05
AGCO,AGCO CORP,001084102,9000.0,82,1.3764355879072977e-05
MATX,MATSON INC,57686G105,9000.0,87,1.3764355879072977e-05
VTRS,VIATRIS INC,92556V106,9000.0,865,1.3764355879072977e-05
MTD,METTLER-TOLEDO INTL,592688105,9000.0,7,1.3764355879072977e-05
BFS,SAUL CENTERS INC,804395101,9000.0,281,1.3764355879072977e-05
PAVE,GLOBAL X US INFRASTRUCTURE,37954Y673,9000.0,191,1.3764355879072977e-05
HR,HEALTHCARE REALTY TRUST IN,42226K105,9000.0,502,1.3764355879072977e-05
HR,HEALTHCARE REALTY TRUST IN,42226K105,9000.0,514,1.3764355879072977e-05
IR,INGERSOLL RAND INC,45687V106,9000.0,113,1.3764355879072977e-05
TOST,TOAST INC,888787108,9000.0,255,1.3764355879072977e-05
RRX,REGAL REXNORD CORP,758750103,9000.0,62,1.3764355879072977e-05
ROL,ROLLINS INC,775711104,9000.0,151,1.3764355879072977e-05
ANF,ABERCROMBIE&FITCH CO CL A,002896207,9000.0,109,1.3764355879072977e-05
KD,KYNDRYL HOLDINGS INC,50155Q100,9000.0,291,1.3764355879072977e-05
CLF,CLEVELAND-CLIFFS INC,185899101,9000.0,757,1.3764355879072977e-05
NVT,NVENT ELECTRIC PLC,G6700G107,9000.0,95,1.3764355879072977e-05
TMP,TOMPKINS FINANCIAL CORP,890110109,9000.0,136,1.3764355879072977e-05
EXR,EXTRA SPACE STORAGE INC,30225T102,9000.0,62,1.3764355879072977e-05
MHO,M/I SCHOTTENSTEIN HOME,55305B101,9000.0,62,1.3764355879072977e-05
XPO,XPO INC,983793100,9000.0,71,1.3764355879072977e-05
LYB,LYONDELLBASELL IND NV,N53745100,8000.0,173,1.2234983003620423e-05
REZI,RESIDEO TECH INC,76118Y104,8000.0,192,1.2234983003620423e-05
BLD,TOPBUILD CORP - W/I,89055F103,8000.0,20,1.2234983003620423e-05
OVV,OVINTIV INC,69047Q102,8000.0,190,1.2234983003620423e-05
OC,OWENS CORNING INC,690742101,8000.0,60,1.2234983003620423e-05
CLF,CLEVELAND-CLIFFS INC,185899101,8000.0,624,1.2234983003620423e-05
CLSK,CLEANSPARK INC,18452B209,8000.0,535,1.2234983003620423e-05
ZBH,ZIMMER BIOMET HOLDINGS INC,98956P102,8000.0,80,1.2234983003620423e-05
ROIV,ROIVANT SCIENCES LTD,G76279101,8000.0,543,1.2234983003620423e-05
NVR,NVR INC COM,62944T105,8000.0,1,1.2234983003620423e-05
NVR,NVR INC COM,62944T105,8000.0,1,1.2234983003620423e-05
NGVT,INGEVITY CORP,45688C107,8000.0,139,1.2234983003620423e-05
AVA,AVISTA CORP,05379B107,8000.0,206,1.2234983003620423e-05
TNC,TENNANT CO,880345103,8000.0,100,1.2234983003620423e-05
TDC,TERADATA CORP,88076W103,8000.0,369,1.2234983003620423e-05
LEU,CENTRUS ENERGY CORP,15643U104,8000.0,25,1.2234983003620423e-05
HLX,HELIX ENERGY SOLUTIONS GRP,42330P107,8000.0,1215,1.2234983003620423e-05
AMKR,AMKOR TECHNOLOGY INC,031652100,8000.0,295,1.2234983003620423e-05
GPN,GLOBAL PAYMENTS INC,37940X102,8000.0,99,1.2234983003620423e-05
VHT,VANGUARD HEALTH CARE ETF,92204A504,8000.0,29,1.2234983003620423e-05
F,FORD MOTOR CO,345370860,8000.0,697,1.2234983003620423e-05
FND,FLOOR & DECOR HOLDINGS,339750101,8000.0,109,1.2234983003620423e-05
MTCH,MATCH GROUP INC,57667L107,8000.0,240,1.2234983003620423e-05
CNR,CORE NAT RES,218937100,8000.0,91,1.2234983003620423e-05
CXW,CORECIVIC INC,21871N101,8000.0,389,1.2234983003620423e-05
PENN,PENN ENTMT INC,707569109,8000.0,440,1.2234983003620423e-05
WWW,WOLVERINE WORLD WIDE INC,978097103,8000.0,290,1.2234983003620423e-05
WWW,WOLVERINE WORLD WIDE INC,978097103,8000.0,300,1.2234983003620423e-05
WWD,WOODWARD GOVERNOR CO COM,980745103,8000.0,32,1.2234983003620423e-05
N/A,AUMOVIO SE NPV,D0R9B8108,8000.0,204,1.2234983003620423e-05
BDX,BECTON DICKINSON & CO,075887109,8000.0,41,1.2234983003620423e-05
CIEN,CIENA CORP NEW,171779309,8000.0,55,1.2234983003620423e-05
CHH,CHOICE HOTELS INTL,169905106,8000.0,76,1.2234983003620423e-05
NTES,NETEASE COM INC ADR,64110W102,8000.0,50,1.2234983003620423e-05
UVSP,UNIVEST FIN CORPORATION,915271100,8000.0,275,1.2234983003620423e-05
NTAP,NETAPP INC,64110D104,8000.0,66,1.2234983003620423e-05
ASTS,AST SPACEMOBILE INC,00217D100,8000.0,154,1.2234983003620423e-05
JBHT,J B HUNT TRANSPORT SVCS,445658107,8000.0,63,1.2234983003620423e-05
PEN,PENUMBRA INC,70975L107,8000.0,31,1.2234983003620423e-05
E,ENI S.P.A. ADR,26874R108,8000.0,220,1.2234983003620423e-05
BDC,BELDEN CDT INC,077454106,8000.0,68,1.2234983003620423e-05
NYT,NEW YORK TIMES CO CL A,650111107,8000.0,138,1.2234983003620423e-05
HALO,HALOZYME THERAPEUTICS INC,40637H109,8000.0,111,1.2234983003620423e-05
SUX,TD SYNNEX CORPORATION,87162W100,8000.0,48,1.2234983003620423e-05
IYJ,ISHARES US INDUSTRIALS ETF,464287754,8000.0,54,1.2234983003620423e-05
BR,BROADRIDGE FINL SOLUTIONS,11133T103,8000.0,34,1.2234983003620423e-05
BOOT,BOOT BARN HLDGS INC,099406100,8000.0,51,1.2234983003620423e-05
NMR,NOMURA HLDGS SPONS ADR,65535H208,8000.0,1098,1.2234983003620423e-05
EWBC,EAST WEST BANCORP INC,27579R104,8000.0,77,1.2234983003620423e-05
JAZZ,JAZZ PHARMACEUTICALS PLC,G50871105,8000.0,63,1.2234983003620423e-05
SNDK,SANDISK CORP/DE,80004C200,8000.0,73,1.2234983003620423e-05
KRYS,KRYSTAL BIOTECH INC,501147102,8000.0,48,1.2234983003620423e-05
KLIC,KULICKE & SOFFA INDS INC,501242101,8000.0,207,1.2234983003620423e-05
FWONK,LIBERTY MEDIA CORP-LIBERTY,531229755,8000.0,76,1.2234983003620423e-05
SSNC,SS&C TECHNOLOGIES HOLDINGS,78467J100,8000.0,86,1.2234983003620423e-05
GGG,GRACO INC,384109104,8000.0,96,1.2234983003620423e-05
OHI,OMEGA HLTH CARE INVESTORS,681936100,8000.0,192,1.2234983003620423e-05
DUOL,DUOLINGO INC,26603R106,8000.0,24,1.2234983003620423e-05
SEM,SELECT MED HLDGS CORP,81619Q105,8000.0,618,1.2234983003620423e-05
CC,CHEMOURS CO,163851108,8000.0,513,1.2234983003620423e-05
CFR,CULLEN FROST BANKERS,229899109,8000.0,62,1.2234983003620423e-05
CMI,CUMMINS INC,231021106,8000.0,19,1.2234983003620423e-05
BANF,BANCFIRST CORP,05945F103,8000.0,62,1.2234983003620423e-05
WHR,WHIRLPOOL CORP,963320106,8000.0,100,1.2234983003620423e-05
WAT,WATERS CORP,941848103,8000.0,27,1.2234983003620423e-05
AMX,AMERICA MOVIL SAB DE CV,02390A101,8000.0,362,1.2234983003620423e-05
FITB,FIFTH THIRD BANCORP,316773100,8000.0,182,1.2234983003620423e-05
EQT,EQT CORP,26884L109,8000.0,140,1.2234983003620423e-05
PLUS,EPLUS INC,294268107,8000.0,109,1.2234983003620423e-05
R,RYDER SYSTEM INC,783549108,8000.0,45,1.2234983003620423e-05
NVRI,ENVIRI CORPORATION,415864107,8000.0,618,1.2234983003620423e-05
AYI,ACUITY INC,00508Y102,8000.0,23,1.2234983003620423e-05
MCRI,MONARCH CASINO & RESORT,609027107,8000.0,80,1.2234983003620423e-05
LPX,LOUISIANA PACIFIC CORP,546347105,8000.0,92,1.2234983003620423e-05
CE,CELANESE CRP DEL COM SER A,150870103,8000.0,182,1.2234983003620423e-05
NTRA,NATERA INC,632307104,8000.0,52,1.2234983003620423e-05
SONY,SONY GROUP CORP ADR,835699307,8000.0,265,1.2234983003620423e-05
DRI,DARDEN RESTAURANTS,237194105,8000.0,40,1.2234983003620423e-05
PSX,PHILLIPS 66 COMMON,718546104,8000.0,59,1.2234983003620423e-05
AHR,AMERICAN HEALTHCARE REIT I,398182303,8000.0,195,1.2234983003620423e-05
JBLU,JETBLUE AIRWAYS CORP,477143101,8000.0,1626,1.2234983003620423e-05
NWSA,NEWS CORP NEW,65249B109,8000.0,256,1.2234983003620423e-05
STT,STATE ST CORP,857477103,8000.0,70,1.2234983003620423e-05
BMRN,BIOMARIN PHARMACEUTICAL,09061G101,8000.0,148,1.2234983003620423e-05
RPM,RPM INTL INC,749685103,8000.0,70,1.2234983003620423e-05
EQH,EQUITABLE HOLDINGS INC,29452E101,8000.0,163,1.2234983003620423e-05
NWSA,NEWS CORP NEW,65249B109,8000.0,270,1.2234983003620423e-05
EFG,ISHARES MSCI GROWTH,464288885,8000.0,70,1.2234983003620423e-05
ALV,AUTOLIV INC,052800109,8000.0,62,1.2234983003620423e-05
PGNY,PROGYNY INC,74340E103,8000.0,375,1.2234983003620423e-05
DOCS,DOXIMITY INC,26622P107,8000.0,108,1.2234983003620423e-05
FANG,DIAMONDBACK ENERGY INC,25278X109,8000.0,59,1.2234983003620423e-05
HWKN,HAWKINS INC COM,420261109,8000.0,46,1.2234983003620423e-05
SLG,SL GREEN REALTY CORP,78440X887,8000.0,135,1.2234983003620423e-05
SLG,SL GREEN REALTY CORP,78440X887,8000.0,129,1.2234983003620423e-05
PINS,PINTEREST INC,72352L106,8000.0,233,1.2234983003620423e-05
PIPR,PIPER SANDLER COMPANIES,724078100,8000.0,23,1.2234983003620423e-05
DEI,DOUGLAS EMMETT INC,25960P109,8000.0,499,1.2234983003620423e-05
DOV,DOVER CORP,260003108,8000.0,50,1.2234983003620423e-05
D,DOMINION ENERGY INC,25746U109,8000.0,127,1.2234983003620423e-05
MYRG,MYR GRP INC,55405W104,8000.0,37,1.2234983003620423e-05
GTES,GATES INDUSTRIAL CORP PLC,G39108108,8000.0,324,1.2234983003620423e-05
WRB,BERKLEY WR CORP,084423102,8000.0,105,1.2234983003620423e-05
AKAM,AKAMAI TECHNOLOGIES,00971T101,8000.0,105,1.2234983003620423e-05
TAK,TAKEDA PHARM SPON ADR,874060205,8000.0,520,1.2234983003620423e-05
ANAB,ANAPTYSBIO INC,032724106,8000.0,258,1.2234983003620423e-05
WDAY,WORKDAY INC CL A,98138H101,8000.0,35,1.2234983003620423e-05
HTO,H2O AMERICA,784305104,8000.0,163,1.2234983003620423e-05
TAK,TAKEDA PHARM SPON ADR,874060205,8000.0,559,1.2234983003620423e-05
CIVI,CIVITAS RESOURCES INC,17888H103,8000.0,246,1.2234983003620423e-05
CIVI,CIVITAS RESOURCES INC,17888H103,8000.0,257,1.2234983003620423e-05
DFAR,DIMENSIONAL US REAL ESTATE,25434V823,8000.0,356,1.2234983003620423e-05
NWBI,NORTHWEST BANCSHAR,667340103,8000.0,623,1.2234983003620423e-05
FUL,FULLER H B CO,359694106,8000.0,141,1.2234983003620423e-05
FANG,DIAMONDBACK ENERGY INC,25278X109,8000.0,54,1.2234983003620423e-05
GRMN,GARMIN LTD,H2906T109,8000.0,34,1.2234983003620423e-05
SITM,SITIME CORP,82982T106,8000.0,28,1.2234983003620423e-05
BKH,BLACK HILLS CORP,092113109,8000.0,126,1.2234983003620423e-05
BLKB,BLACKBAUD INC,09227Q100,8000.0,118,1.2234983003620423e-05
IEI,INSIGHT ENTERPRISES INC,45765U103,8000.0,73,1.2234983003620423e-05
COKE,COCA-COLA CONSOLIDATED INC,191098102,8000.0,70,1.2234983003620423e-05
CDE,COEUR MINING INC,192108504,8000.0,400,1.2234983003620423e-05
HAL,HALLIBURTON CO.,406216101,8000.0,305,1.2234983003620423e-05
PCRX,PACIRA BIOSCIENCES INC,695127100,8000.0,313,1.2234983003620423e-05
TROW,T ROWE PRICE GROUP INC,74144T108,8000.0,76,1.2234983003620423e-05
NMIH,NMI HOLDINGS INC,629209305,8000.0,208,1.2234983003620423e-05
LAUR,LAUREATE EDUCATION INC A,518613203,8000.0,247,1.2234983003620423e-05
AR,ANTERO RES CORP,03674X106,8000.0,226,1.2234983003620423e-05
ROP,ROPER TECHNOLOGIES INC.,776696106,8000.0,16,1.2234983003620423e-05
ABR,ARBOR RLTY TR INC COM,038923108,8000.0,680,1.2234983003620423e-05
WBS,WEBSTER FINL CORP CONN,947890109,8000.0,137,1.2234983003620423e-05
LBRDK,LIBERTY BROADBAND CORP,530307305,8000.0,124,1.2234983003620423e-05
PFG,PRINCIPAL FINL GROUP INC,74251V102,8000.0,93,1.2234983003620423e-05
PFG,PRINCIPAL FINL GROUP INC,74251V102,8000.0,101,1.2234983003620423e-05
MT,ARCELORMITTAL SA ADR,03938L203,8000.0,229,1.2234983003620423e-05
HBAN,HUNTINGTON BANCSHARES INC,446150104,8000.0,442,1.2234983003620423e-05
HBAN,HUNTINGTON BANCSHARES INC,446150104,8000.0,488,1.2234983003620423e-05
TM,TOYOTA MTR LTD ADR,892331307,8000.0,41,1.2234983003620423e-05
M,MACYS INC,55616P104,8000.0,434,1.2234983003620423e-05
MTSI,MACOM TECHNOLOGY SOLUTIONS,55405Y100,8000.0,67,1.2234983003620423e-05
YUMC,YUM CHINA HOLDINGS INC,98850P109,8000.0,193,1.2234983003620423e-05
EXTR,EXTREME NETWORKS,30226D106,8000.0,385,1.2234983003620423e-05
FFIV,F5 INC,315616102,8000.0,24,1.2234983003620423e-05
VRDN,VIRIDIAN THERAPEUTICS INC,92790C104,8000.0,355,1.2234983003620423e-05
AKR,ACADIA RLTY TR COM SH BEN,004239109,8000.0,372,1.2234983003620423e-05
FOUR,SHIFT4 PAYMENTS INC,82452J109,8000.0,98,1.2234983003620423e-05
FOUR,SHIFT4 PAYMENTS INC,82452J109,8000.0,98,1.2234983003620423e-05
PFBC,PREFERRED BANK/LOS ANGELES,740367404,8000.0,85,1.2234983003620423e-05
FDS,FACTSET RESH SYS INC,303075105,8000.0,27,1.2234983003620423e-05
ACN,ACCENTURE PLC CL A,G1151C101,8000.0,32,1.2234983003620423e-05
ACAD,ACADIA PHARMACEUTICALS INC,004225108,8000.0,354,1.2234983003620423e-05
YUM,YUM BRANDS INC,988498101,7000.0,49,1.0705610128167871e-05
ZION,ZIONS BANCORPORATION NA,989701107,7000.0,120,1.0705610128167871e-05
ZBH,ZIMMER BIOMET HOLDINGS INC,98956P102,7000.0,74,1.0705610128167871e-05
AAMI,ACADIAN ASSET MANAGEMENT,10948W103,7000.0,140,1.0705610128167871e-05
EXPE,EXPEDIA GROUP INC,30212P303,7000.0,34,1.0705610128167871e-05
NNN,NNN REIT INC,637417106,7000.0,172,1.0705610128167871e-05
AFW,ALIGN TECHNOLOGY INC,016255101,7000.0,52,1.0705610128167871e-05
AFW,ALIGN TECHNOLOGY INC,016255101,7000.0,58,1.0705610128167871e-05
DLR,DIGITAL RLTY TR INC COM,253868103,7000.0,41,1.0705610128167871e-05
DFAT,DIMENSIONAL US TARGETED VA,25434V609,7000.0,122,1.0705610128167871e-05
FULT,FULTON FINL CORP PA COM,360271100,7000.0,392,1.0705610128167871e-05
DBRG,DIGITALBRIDGE GROUP INC,25401T603,7000.0,566,1.0705610128167871e-05
SLGN,SILGAN HOLDINGS INC,827048109,7000.0,173,1.0705610128167871e-05
SIG,SIGNET JEWELERS LTD,G81276100,7000.0,74,1.0705610128167871e-05
SEIC,SEI INVESTMENTS,784117103,7000.0,79,1.0705610128167871e-05
RELX,RELX PLC NPV ADR,759530108,7000.0,140,1.0705610128167871e-05
FN,FABRINET,G3323L100,7000.0,18,1.0705610128167871e-05
TMDX,TRANSMEDICS GROUP INC,89377M109,7000.0,58,1.0705610128167871e-05
BHF,BRIGHTHOUSE FINANCIAL INC,10922N103,7000.0,133,1.0705610128167871e-05
UFPI,UFP INDUSTRIES INC,90278Q108,7000.0,76,1.0705610128167871e-05
BKH,BLACK HILLS CORP,092113109,7000.0,115,1.0705610128167871e-05
RHI,ROBERT HALF INC,770323103,7000.0,194,1.0705610128167871e-05
RYTM,RHYTHM PHARMACEUTICALS INC,76243J105,7000.0,66,1.0705610128167871e-05
RH,RH,74967X103,7000.0,33,1.0705610128167871e-05
MHN,BLACKROCK MUNIHOLDINGS NY,09255C106,7000.0,675,1.0705610128167871e-05
ROP,ROPER TECHNOLOGIES INC.,776696106,7000.0,15,1.0705610128167871e-05
RF,REGIONS FINL CORP NEW,7591EP100,7000.0,281,1.0705610128167871e-05
TTE,TOTALENERGIES SE ADR,89151E109,7000.0,118,1.0705610128167871e-05
BGC,BGC GROUP INC,088929104,7000.0,792,1.0705610128167871e-05
BR,BROADRIDGE FINL SOLUTIONS,11133T103,7000.0,30,1.0705610128167871e-05
BRX,BRIXMOR PROPERTY GROUP INC,11120U105,7000.0,243,1.0705610128167871e-05
NWE,NORTHWESTERN ENERGY GROUP,668074305,7000.0,119,1.0705610128167871e-05
ALKS,ALKERMES PLC,G01767105,7000.0,245,1.0705610128167871e-05
POWL,POWELL INDS INC,739128106,7000.0,22,1.0705610128167871e-05
BPOP,POPULAR INC COM NEW,733174700,7000.0,54,1.0705610128167871e-05
DELL,DELL TECHNOLOGIES INC,24703L202,7000.0,47,1.0705610128167871e-05
LAMR,LAMAR ADVERTISING CO,512816109,7000.0,60,1.0705610128167871e-05
GRMN,GARMIN LTD,H2906T109,7000.0,30,1.0705610128167871e-05
SITE,SITEONE LANDSCAPE SUPPLY I,82982L103,7000.0,54,1.0705610128167871e-05
DY,DYCOM INDUSTRIES,267475101,7000.0,25,1.0705610128167871e-05
PTGX,PROTAGONIST THERAPEUTICS I,74366E102,7000.0,107,1.0705610128167871e-05
PLRX,PLIANT THERAPEUTICS INC,729139105,7000.0,4770,1.0705610128167871e-05
PLXS,PLEXUS CORP,729132100,7000.0,46,1.0705610128167871e-05
SKYW,SKYWEST INC,830879102,7000.0,73,1.0705610128167871e-05
VOYA,VOYA FINL INC NPV,929089100,7000.0,96,1.0705610128167871e-05
VOD,VODAFONE GROUP PLC ADR,92857W308,7000.0,619,1.0705610128167871e-05
ADC,AGREE REALTY CORP,008492100,7000.0,92,1.0705610128167871e-05
TR,TOOTSIE ROLL INDUSTRIES,890516107,7000.0,161,1.0705610128167871e-05
UCB,UNITED CMNTY BK BLAIRS,90984P303,7000.0,223,1.0705610128167871e-05
ITGR,INTEGER HLDNGS CORPORATION,45826H109,7000.0,68,1.0705610128167871e-05
SMG,SCOTTS MIRACLE-GRO CO,810186106,7000.0,131,1.0705610128167871e-05
KFY,KORN FERRY,500643200,7000.0,95,1.0705610128167871e-05
VST,VISTRA CORP,92840M102,7000.0,37,1.0705610128167871e-05
ABTC,AMERICAN BITCOIN CORP,02462A104,7000.0,1000,1.0705610128167871e-05
GIS,GENERAL MILLS INC,370334104,7000.0,141,1.0705610128167871e-05
AAT,AMERICAN ASSETS TRUST INC,024013104,7000.0,330,1.0705610128167871e-05
LPX,LOUISIANA PACIFIC CORP,546347105,7000.0,75,1.0705610128167871e-05
O,REALTY INCOME CORP,756109104,7000.0,122,1.0705610128167871e-05
OI,O-I GLASS INC,67098H104,7000.0,526,1.0705610128167871e-05
CALM,CAL-MAINE FOODS INC,128030202,7000.0,74,1.0705610128167871e-05
TKO,TKO GROUP HOLDINGS INC,87256C101,7000.0,36,1.0705610128167871e-05
NVT,NVENT ELECTRIC PLC,G6700G107,7000.0,69,1.0705610128167871e-05
HLI,HOULIHAN LOKEY INC,441593100,7000.0,32,1.0705610128167871e-05
FTV,FORTIVE CO,34959J108,7000.0,137,1.0705610128167871e-05
MATX,MATSON INC,57686G105,7000.0,75,1.0705610128167871e-05
WERN,WERNER ENTERPRISES INC,950755108,7000.0,276,1.0705610128167871e-05
SCCO,SOUTHERN COPPER CORP DEL,84265V105,7000.0,60,1.0705610128167871e-05
SO,SOUTHERN CO,842587107,7000.0,73,1.0705610128167871e-05
SOUN,SOUNDHOUND AI INC,836100107,7000.0,448,1.0705610128167871e-05
PCG,PG & E CORP,69331C108,7000.0,468,1.0705610128167871e-05
GEO,GEO GROUP INC,36162J106,7000.0,335,1.0705610128167871e-05
FNB,FNB CORP,302520101,7000.0,451,1.0705610128167871e-05
CARR,CARRIER GLOBAL CORP,14448C104,7000.0,118,1.0705610128167871e-05
CFFN,CAPITOL FEDERAL FINL INC,14057J101,7000.0,1115,1.0705610128167871e-05
OII,OCEANEERING INTL INC,675232102,7000.0,287,1.0705610128167871e-05
PSA,PUBLIC STORAGE INC,74460D109,7000.0,24,1.0705610128167871e-05
CSGS,CSG SYSTEMS INTERNATIONAL,126349109,7000.0,105,1.0705610128167871e-05
WCC,WESCO INTERNATIONAL,95082P105,7000.0,32,1.0705610128167871e-05
KEX,KIRBY CORP,497266106,7000.0,84,1.0705610128167871e-05
PFSI,PENNYMAC FINL SVCS INC,70932M107,7000.0,55,1.0705610128167871e-05
MTD,METTLER-TOLEDO INTL,592688105,7000.0,6,1.0705610128167871e-05
KRC,KILROY REALTY CORP,49427F108,7000.0,166,1.0705610128167871e-05
CDP,COPT DEFENSE PROPERTIES,22002T108,7000.0,234,1.0705610128167871e-05
NLY,ANNALY CAPITAL MANAGEMENT,035710839,7000.0,337,1.0705610128167871e-05
LNC,LINCOLN NATIONAL CORP IND,534187109,7000.0,171,1.0705610128167871e-05
MD,PEDIATRIX MEDICAL GROUP,58502B106,7000.0,397,1.0705610128167871e-05
MD,PEDIATRIX MEDICAL GROUP,58502B106,7000.0,414,1.0705610128167871e-05
SR,SPIRE INC,84857L101,7000.0,84,1.0705610128167871e-05
MTG,MGIC INVT CORP WIS,552848103,7000.0,237,1.0705610128167871e-05
SSRM,SSR MNG INC COM,784730103,7000.0,268,1.0705610128167871e-05
CNMD,CONMED CORP COM,207410101,7000.0,140,1.0705610128167871e-05
RRC,RANGE RESOURCES CORP,75281A109,7000.0,197,1.0705610128167871e-05
FAF,FIRST AMERICAN FINAN CORP,31847R102,7000.0,105,1.0705610128167871e-05
ESS,ESSEX PPTY TR INC,297178105,7000.0,28,1.0705610128167871e-05
CELH,CELSIUS HOLDINGS INC,15118V207,7000.0,117,1.0705610128167871e-05
CAVA,CAVA GROUP INC,148929102,7000.0,120,1.0705610128167871e-05
NATL,NCR ATLEOS CORP,63001N106,7000.0,183,1.0705610128167871e-05
TGTX,TG THERAPEUTICS INC,88322Q108,7000.0,184,1.0705610128167871e-05
UPBD,UPBOUND GROUP INC,76009N100,7000.0,297,1.0705610128167871e-05
MTZ,MASTEC INC,576323109,7000.0,35,1.0705610128167871e-05
CBU,COMMUNITY FINL SYS INC,203607106,7000.0,115,1.0705610128167871e-05
CVLT,COMMVAULT SYSTEMS INC,204166102,7000.0,37,1.0705610128167871e-05
CL,COLGATE-PALMOLIVE CO,194162103,7000.0,92,1.0705610128167871e-05
PCVX,VAXCYTE INC,92243G108,7000.0,195,1.0705610128167871e-05
APLE,APPLE HOSPITALITY REIT INC,03784Y200,7000.0,589,1.0705610128167871e-05
CENT,CENTRAL GARDEN & PET CO,153527106,7000.0,200,1.0705610128167871e-05
HTZ,HERTZ GLOBAL HOLDINGS INC,42806J700,7000.0,965,1.0705610128167871e-05
NSA,NATL STORAGE AFFILIATES TR,637870106,7000.0,219,1.0705610128167871e-05
RGLD,ROYAL GOLD INC,780287108,7000.0,34,1.0705610128167871e-05
QRVO,QORVO,74736K101,7000.0,75,1.0705610128167871e-05
FSLR,FIRST SOLAR INC,336433107,7000.0,30,1.0705610128167871e-05
ARMK,ARAMARK,03852U106,7000.0,194,1.0705610128167871e-05
SHOO,STEVEN MADDEN LTD,556269108,7000.0,204,1.0705610128167871e-05
COHU,COHU INC,192576106,7000.0,353,1.0705610128167871e-05
SHOO,STEVEN MADDEN LTD,556269108,7000.0,212,1.0705610128167871e-05
JLL,JONES LANG LASALLE INC COM,48020Q107,7000.0,22,1.0705610128167871e-05
PRK,PARK NATIONAL,700658107,7000.0,40,1.0705610128167871e-05
PRK,PARK NATIONAL,700658107,7000.0,44,1.0705610128167871e-05
ELF,ELF BEAUTY INC,26856L103,7000.0,53,1.0705610128167871e-05
SHO,SUNSTONE HOTEL INVS INC,867892101,7000.0,786,1.0705610128167871e-05
RUN,SUNRUN INC,86771W105,7000.0,376,1.0705610128167871e-05
MOH,MOLINA HEALTHCARE INC,60855R100,7000.0,35,1.0705610128167871e-05
SUPN,SUPERNUS PHARMACEUTICALS,868459108,7000.0,140,1.0705610128167871e-05
PARR,PAR PACIFIC HOLDINGS INC,69888T207,7000.0,194,1.0705610128167871e-05
HAE,HAEMONETICS CORP MASS,405024100,7000.0,135,1.0705610128167871e-05
HASI,HA SUSTAIN INFRAST CAP INC,41068X100,7000.0,244,1.0705610128167871e-05
RAL,RALLIANT CORP,750940108,7000.0,163,1.0705610128167871e-05
ERIE,ERIE INDEMNITY CO CL A,29530P102,7000.0,22,1.0705610128167871e-05
RNA,AVIDITY BIOSCIENCES INC,05370A108,7000.0,157,1.0705610128167871e-05
VVV,VALVOLINE INC,92047W101,7000.0,193,1.0705610128167871e-05
HL,HECLA MINING CO,422704106,7000.0,540,1.0705610128167871e-05
CAKE,CHEESECAKE FACTORY INC,163072101,7000.0,125,1.0705610128167871e-05
ACLS,AXCELIS TECHNOLOGIES INC,054540208,7000.0,75,1.0705610128167871e-05
EQR,EQUITY RESIDENTIAL,29476L107,7000.0,106,1.0705610128167871e-05
SYNA,SYNAPTICS INC,87157D109,7000.0,108,1.0705610128167871e-05
SAFT,SAFETY INS GROUP INC COM,78648T100,7000.0,100,1.0705610128167871e-05
LAD,LITHIA MTRS INC CL A,536797103,7000.0,23,1.0705610128167871e-05
ARWR,ARROWHEAD PHARMACEUTICALS,04280A100,7000.0,192,1.0705610128167871e-05
CCOI,COGENT COMMUN HLDGS INC.,19239V302,7000.0,190,1.0705610128167871e-05
JBL,JABIL INC,466313103,7000.0,30,1.0705610128167871e-05
MPWR,MONOLITHIC PWR SYS INC,609839105,7000.0,8,1.0705610128167871e-05
WSC,WILLSCOT HOLDINGS CORP,971378104,7000.0,310,1.0705610128167871e-05
ASIX,ADVANSIX INC,00773T101,7000.0,361,1.0705610128167871e-05
IXC,ISHARES S&P GLOBAL ENERGY,464287341,7000.0,174,1.0705610128167871e-05
MWA,MUELLER WATER PRODUCTS,624758108,7000.0,292,1.0705610128167871e-05
MWA,MUELLER WATER PRODUCTS,624758108,7000.0,288,1.0705610128167871e-05
HCA,HCA HEALTHCARE INC,40412C101,7000.0,17,1.0705610128167871e-05
VCR,VANGUARD CONSUMER DIS ETF,92204A108,7000.0,17,1.0705610128167871e-05
CUCA,AVIS BUDGET GROUP INC,053774105,7000.0,41,1.0705610128167871e-05
CLX,CLOROX CO,189054109,7000.0,56,1.0705610128167871e-05
R,RYDER SYSTEM INC,783549108,7000.0,36,1.0705610128167871e-05
ENS,ENERSYS COM,29275Y102,7000.0,61,1.0705610128167871e-05
NPO,ENPRO INC,29355X107,7000.0,32,1.0705610128167871e-05
CHCO,CITY HOLDING CO,177835105,7000.0,60,1.0705610128167871e-05
ITT,ITT INC,45073V108,7000.0,40,1.0705610128167871e-05
OSK,OSHKOSH CORP,688239201,7000.0,53,1.0705610128167871e-05
AUR,AURORA INNOVATION INC,051774107,7000.0,1330,1.0705610128167871e-05
OGN,ORGANON & CO,68622V106,7000.0,701,1.0705610128167871e-05
WMS,ADVANCED DRAINAGE SYSTEMS,00790R104,7000.0,50,1.0705610128167871e-05
ABM,ABM INDS INC,000957100,7000.0,148,1.0705610128167871e-05
ZTS,ZOETIS INC,98978V103,7000.0,49,1.0705610128167871e-05
FYBR,FRONTIER COMMUNICATIONS PA,35909D109,7000.0,190,1.0705610128167871e-05
ALC,ALCON INC,H01301128,7000.0,100,1.0705610128167871e-05
AA,ALCOA UPSTREAM CORP,013872106,7000.0,210,1.0705610128167871e-05
ALB,ALBEMARLE CORP,012653101,7000.0,91,1.0705610128167871e-05
AGI,ALAMOS GOLD INC,011532108,7000.0,205,1.0705610128167871e-05
BXMT,BLACKSTONE MORTGAGE TRUST,09257W100,7000.0,377,1.0705610128167871e-05
TPH,TRI POINTE HOMES INC,87265H109,7000.0,200,1.0705610128167871e-05
NOG,NORTHERN OIL AND GAS INC,665531307,7000.0,273,1.0705610128167871e-05
NDSN,NORDSON CORP,655663102,7000.0,30,1.0705610128167871e-05
TREX,TREX INC COM,89531P105,7000.0,145,1.0705610128167871e-05
BYD,BOYD GAMING CORP,103304101,7000.0,77,1.0705610128167871e-05
TRMB,TRIMBLE INC,896239100,7000.0,80,1.0705610128167871e-05
NGVT,INGEVITY CORP,45688C107,7000.0,120,1.0705610128167871e-05
INDB,INDEPENDENT BK CORP MASS,453836108,7000.0,105,1.0705610128167871e-05
NJR,NJ RESOURCES CORP,646025106,6000.0,133,9.176237252715317e-06
IR,INGERSOLL RAND INC,45687V106,6000.0,76,9.176237252715317e-06
BOX,BOX INC,10316T104,6000.0,184,9.176237252715317e-06
BCC,BOISE CASCADE CO,09739D100,6000.0,79,9.176237252715317e-06
IRT,INDEPENDENCE REALTY TRUST,45378A106,6000.0,376,9.176237252715317e-06
NTRS,NORTHERN TRUST CORP,665859104,6000.0,45,9.176237252715317e-06
UI,UBIQUITI INC,90353W103,6000.0,9,9.176237252715317e-06
DEI,DOUGLAS EMMETT INC,25960P109,6000.0,389,9.176237252715317e-06
MDU,MDU RESOURCES GROUP INC,552690109,6000.0,333,9.176237252715317e-06
W,WAYFAIR INC-CLASS A,94419L101,6000.0,65,9.176237252715317e-06
DCI,DONALDSON CO,257651109,6000.0,73,9.176237252715317e-06
PRVA,PRIVIA HEALTH GROUP INC,74276R102,6000.0,247,9.176237252715317e-06
MTB,M&T BANK CORP,55261F104,6000.0,28,9.176237252715317e-06
ABM,ABM INDS INC,000957100,6000.0,127,9.176237252715317e-06
ACHC,ACADIA HEALTHCARE INC,00404A109,6000.0,258,9.176237252715317e-06
ZBRA,ZEBRA TECHNOLOGIES CP CL A,989207105,6000.0,20,9.176237252715317e-06
AUR,AURORA INNOVATION INC,051774107,6000.0,1098,9.176237252715317e-06
KIDS,ORTHOPEDIATRICS CORP,68752L100,6000.0,340,9.176237252715317e-06
HBI,HANESBRANDS INC,410345102,6000.0,887,9.176237252715317e-06
SKT,TANGER INC,875465106,6000.0,177,9.176237252715317e-06
JXN,JACKSON FINANCIAL INC,46817M107,6000.0,63,9.176237252715317e-06
RAL,RALLIANT CORP,750940108,6000.0,131,9.176237252715317e-06
WF2,WINTRUST FINANCIAL,97650W108,6000.0,48,9.176237252715317e-06
MKTX,MARKETAXESS HLDGS INC COM,57060D108,6000.0,35,9.176237252715317e-06
VAC,MARRIOTT VACATIONS WORLD,57164Y107,6000.0,94,9.176237252715317e-06
KAR,OPENLANE INC,48238T109,6000.0,208,9.176237252715317e-06
CC,CHEMOURS CO,163851108,6000.0,408,9.176237252715317e-06
MWA,MUELLER WATER PRODUCTS,624758108,6000.0,234,9.176237252715317e-06
TDS,TELEPHONE&DATA SYS NEW,879433829,6000.0,146,9.176237252715317e-06
ITB,ISHARES TR DJ HOME CONSTN,464288752,6000.0,60,9.176237252715317e-06
CLSK,CLEANSPARK INC,18452B209,6000.0,385,9.176237252715317e-06
OSIS,OSI SYSTEMS,671044105,6000.0,26,9.176237252715317e-06
AGO,ASSURED GUARANTY LTD,G0585R106,6000.0,75,9.176237252715317e-06
SNV,SYNOVUS FINL CORP,87161C501,6000.0,120,9.176237252715317e-06
ARLO,ARLO TECHNOLOGIES INC,04206A101,6000.0,358,9.176237252715317e-06
SYF,SYNCHRONY FINANCIAL,87165B103,6000.0,91,9.176237252715317e-06
AWI,ARMSTRONG WORLD INDS,04247X102,6000.0,31,9.176237252715317e-06
ARWR,ARROWHEAD PHARMACEUTICALS,04280A100,6000.0,165,9.176237252715317e-06
EHC,ENCOMPASS HEALTH CORP,29261A100,6000.0,49,9.176237252715317e-06
ERIC,ERICSSON AMERICAN DEPO SHS,294821608,6000.0,708,9.176237252715317e-06
AXTA,AXALTA COATING,G0750C108,6000.0,196,9.176237252715317e-06
CHEF,CHEFS WHSE INC,163086101,6000.0,107,9.176237252715317e-06
SKY,CHAMPION HOMES INC,830830105,6000.0,73,9.176237252715317e-06
SKY,CHAMPION HOMES INC,830830105,6000.0,83,9.176237252715317e-06
CRL,CHARLES RIVER LABS,159864107,6000.0,40,9.176237252715317e-06
HEI,HEICO CORPORATION,422806109,6000.0,20,9.176237252715317e-06
FFBC,FIRST FINL BANCORP OH,320209109,6000.0,253,9.176237252715317e-06
GRFS,GRIFOLS SA ADR,398438408,6000.0,619,9.176237252715317e-06
GPI,GROUP 1 AUTOMOTIVE INC,398905109,6000.0,13,9.176237252715317e-06
OMAB,GRUPO AEROPORTUARIO DEL CE,400501102,6000.0,62,9.176237252715317e-06
CTSH,COGNIZANT TECHNLGY,192446102,6000.0,95,9.176237252715317e-06
RUN,SUNRUN INC,86771W105,6000.0,361,9.176237252715317e-06
PK,PARK HOTELS & RESORTS INC,700517105,6000.0,516,9.176237252715317e-06
EMBC,EMBECTA CORP,29082K105,6000.0,422,9.176237252715317e-06
VGSH,VANGUARD SHRT-TRM TREASURY,92206C102,6000.0,109,9.176237252715317e-06
SF,STIFEL FINL CORP,860630102,6000.0,54,9.176237252715317e-06
SNEX,STONEX GROUP INC,861896108,6000.0,58,9.176237252715317e-06
PH,PARKER-HANNIFIN CORP,701094104,6000.0,8,9.176237252715317e-06
PSN,PARSONS CORP,70202L102,6000.0,72,9.176237252715317e-06
COLB,COLUMBIA BANKING SYS,197236102,6000.0,241,9.176237252715317e-06
QRVO,QORVO,74736K101,6000.0,62,9.176237252715317e-06
FHB,FIRST HAWAIIAN INC,32051X108,6000.0,261,9.176237252715317e-06
OLLI,OLLIES BARGAIN OUTLET,681116109,6000.0,46,9.176237252715317e-06
HSIC,HENRY SCHEIN INC,806407102,6000.0,96,9.176237252715317e-06
BANC,BANC OF CALIFORNIA,05990K106,6000.0,338,9.176237252715317e-06
NGG,NATL GRID PLC ADR NEW,636274409,6000.0,83,9.176237252715317e-06
PGX,INVESCO EX TRAD TR II PFD,46138E511,6000.0,503,9.176237252715317e-06
AZZ,AZZ INC,002474104,6000.0,57,9.176237252715317e-06
CF,CF-INDUSTRIES HOLDINGS,125269100,6000.0,67,9.176237252715317e-06
AVA,AVISTA CORP,05379B107,6000.0,162,9.176237252715317e-06
AXTA,AXALTA COATING,G0750C108,6000.0,204,9.176237252715317e-06
IONS,IONIS PHARMACEUTICALS INC.,462222100,6000.0,94,9.176237252715317e-06
WT,WISDOMTREE INVESTMENTS INC,97717P104,6000.0,454,9.176237252715317e-06
WT,WISDOMTREE INVESTMENTS INC,97717P104,6000.0,452,9.176237252715317e-06
WSM,WILLIAMS SONOMA,969904101,6000.0,30,9.176237252715317e-06
APLD,APPLIED DIGITAL CORP,038169207,6000.0,255,9.176237252715317e-06
APOG,APOGEE ENTPRSE INC,037598109,6000.0,144,9.176237252715317e-06
PCTY,PAYLOCITY HOLDINGS CORP,70438V106,6000.0,36,9.176237252715317e-06
GHC,GRAHAM HOLDINGS CO,384637104,6000.0,5,9.176237252715317e-06
PCVX,VAXCYTE INC,92243G108,6000.0,160,9.176237252715317e-06
VTR,VENTAS INC,92276F100,6000.0,80,9.176237252715317e-06
EWTX,EDGEWISE THERAPEUTICS INC,28036F105,6000.0,400,9.176237252715317e-06
FIVE,FIVE BELOW INC,33829M101,6000.0,37,9.176237252715317e-06
ESLT,ELBIT SYS LTD ORD,M3760D101,6000.0,11,9.176237252715317e-06
IHG,INTERNATIONAL HOTELS GROUP,45857P806,6000.0,47,9.176237252715317e-06
BKE,THE BUCKLE INC,118440106,6000.0,99,9.176237252715317e-06
CPB,THE CAMPBELLS COMPANY,134429109,6000.0,197,9.176237252715317e-06
URBN,URBAN OUTFITTERS INC,917047102,6000.0,90,9.176237252715317e-06
NBTB,NBT BANCORP INC,628778102,6000.0,146,9.176237252715317e-06
TXT,TEXTRON INC,883203101,6000.0,68,9.176237252715317e-06
ADNT,ADIENT LTD,G0084W101,6000.0,236,9.176237252715317e-06
RRC,RANGE RESOURCES CORP,75281A109,6000.0,151,9.176237252715317e-06
MRP,MILLROSE PROPERTIES CL A,601137102,6000.0,172,9.176237252715317e-06
BTU,PEABODY ENERGY CORP,704551100,6000.0,222,9.176237252715317e-06
VBTX,VERITEX HOLDINGS INC,923451108,6000.0,170,9.176237252715317e-06
SPXC,SPX TECHNOLOGIES INC,78473E103,6000.0,34,9.176237252715317e-06
JOE,ST JOE COMPANY,790148100,6000.0,129,9.176237252715317e-06
KMT,KENNAMETAL INC,489170100,6000.0,304,9.176237252715317e-06
PEB,PEBBLEBROOK HOTEL TRUST,70509V100,6000.0,484,9.176237252715317e-06
EIX,EDISON INTERNATIONAL,281020107,6000.0,108,9.176237252715317e-06
FLS,FLOWSERVE CORP,34354P105,6000.0,107,9.176237252715317e-06
WLK,WESTLAKE CORP,960413102,6000.0,76,9.176237252715317e-06
LECO,LINCOLN ELEC HLDG,533900106,6000.0,25,9.176237252715317e-06
ADI,ANALOG DEVICES,032654105,6000.0,26,9.176237252715317e-06
CSGP,COSTAR GROUP INC,22160N109,6000.0,71,9.176237252715317e-06
PENN,PENN ENTMT INC,707569109,6000.0,304,9.176237252715317e-06
CUZ,COUSINS PROPERTIES INC,222795502,6000.0,199,9.176237252715317e-06
CRAI,CRA INTL INC,12618T105,6000.0,28,9.176237252715317e-06
CBRL,CRACKER BARREL OLD COUNTRY,22410J106,6000.0,130,9.176237252715317e-06
AMGN,AMGEN INC,031162100,6000.0,21,9.176237252715317e-06
WCC,WESCO INTERNATIONAL,95082P105,6000.0,26,9.176237252715317e-06
EMN,EASTMAN CHEMICAL CO,277432100,6000.0,95,9.176237252715317e-06
WABC,WESTAMERICA BANCORP COMM,957090103,6000.0,116,9.176237252715317e-06
SPEM,SPDR S&P EMG MKT ETF,78463X509,6000.0,132,9.176237252715317e-06
GKOS,GLAUKOS CORP COM,377322102,6000.0,74,9.176237252715317e-06
GLNG,GOLAR LNG LIMITED,G9456A100,6000.0,140,9.176237252715317e-06
CUBE,CUBESMART,229663109,6000.0,142,9.176237252715317e-06
ROCK,GIBRALTOR INDUSTRIES INC,374689107,6000.0,93,9.176237252715317e-06
GNW,GENWORTH FINL INC CO CL A,37247D106,6000.0,657,9.176237252715317e-06
AORT,CRYOLIFE INC,228903100,6000.0,145,9.176237252715317e-06
VIRT,VIRTU FINANCIAL INC,928254101,6000.0,160,9.176237252715317e-06
VRTS,VIRTUS INVESTMENT PARTNERS,92828Q109,6000.0,32,9.176237252715317e-06
DT,DYNATRACE INC,268150109,6000.0,131,9.176237252715317e-06
PTCT,PTC THERAPEUTICS INC,69366J200,6000.0,93,9.176237252715317e-06
BCS,BARCLAYS PLC ADR,06738E204,6000.0,275,9.176237252715317e-06
BOH,BANK OF HAWAII CORP,062540109,6000.0,84,9.176237252715317e-06
CP,CANADIAN PACIFIC KANSAS CI,13646K108,6000.0,85,9.176237252715317e-06
CRI,CARTERS INC,146229109,6000.0,202,9.176237252715317e-06
CG,CARLYLE GROUP INC/THE,14316J108,6000.0,99,9.176237252715317e-06
UNM,UNUM GROUP,91529Y106,6000.0,73,9.176237252715317e-06
IFF,INTL FLAVOR & FRAGRANCES,459506101,6000.0,90,9.176237252715317e-06
VYX,NCR VOYIX CORP,62886E108,6000.0,458,9.176237252715317e-06
FUTY,FIDELITY MSCI UTILITIES IN,316092865,6000.0,113,9.176237252715317e-06
RJF,RAYMOND JAMES FINANCIAL,754730109,6000.0,35,9.176237252715317e-06
RBA,RB GLOBAL INC,74935Q107,6000.0,56,9.176237252715317e-06
FERG,FERGUSON ENTERPRISES INC,31488V107,6000.0,27,9.176237252715317e-06
FBK,FB FINANCIAL CORP,30257X104,6000.0,110,9.176237252715317e-06
GNW,GENWORTH FINL INC CO CL A,37247D106,6000.0,698,9.176237252715317e-06
PAHC,PHIBRO ANIMAL HEALTH CORP,71742Q106,6000.0,150,9.176237252715317e-06
KN,KNOWLES CORP,49926D109,6000.0,237,9.176237252715317e-06
SOUN,SOUNDHOUND AI INC,836100107,6000.0,371,9.176237252715317e-06
AFG,AMERICAN FINL GRP INC OHIO,025932104,6000.0,38,9.176237252715317e-06
EXP,EAGLE MATERIALS INC,26969P108,6000.0,27,9.176237252715317e-06
PUK,PRUDENTIAL PLC ADR,74435K204,6000.0,226,9.176237252715317e-06
CWT,CALIFORNIA WTR SVC GROUP,130788102,6000.0,124,9.176237252715317e-06
HRL,HORMEL FOODS CORP,440452100,6000.0,249,9.176237252715317e-06
CALX,CALIX INC COM,13100M509,6000.0,96,9.176237252715317e-06
BAX,BAXTER INTERNATIONAL INC,071813109,6000.0,271,9.176237252715317e-06
BHLB,BEACON FINANCIAL CORP,084680107,6000.0,266,9.176237252715317e-06
HMC,HONDA MOTOR CO LTD ADR,438128308,6000.0,193,9.176237252715317e-06
ETSY,ETSY INC,29786A106,6000.0,88,9.176237252715317e-06
CART,MAPLEBEAR INC,565394103,6000.0,171,9.176237252715317e-06
OI,O-I GLASS INC,67098H104,6000.0,446,9.176237252715317e-06
AWR,AMERICAN STATES WATER CO,029899101,6000.0,80,9.176237252715317e-06
CVI,CVR ENERGY INC COM,12662P108,6000.0,153,9.176237252715317e-06
CVI,CVR ENERGY INC COM,12662P108,6000.0,172,9.176237252715317e-06
GNRC,GENERAC HLDGS INC,368736104,6000.0,37,9.176237252715317e-06
DAN,DANA INCORPORATED,235825205,6000.0,295,9.176237252715317e-06
PNFP,PINNACLE FINANCIAL PRTNRS,72346Q104,6000.0,61,9.176237252715317e-06
SOFI,SOFI TECHNOLOGIES INC,83406F102,6000.0,222,9.176237252715317e-06
PECO,PHILLIPS EDISON & CO INC,71844V201,6000.0,188,9.176237252715317e-06
SBCF,SEACOAST BKG CORP FLA,811707801,6000.0,186,9.176237252715317e-06
PB,PROSPERITY BANCSHARES,743606105,6000.0,93,9.176237252715317e-06
XEL,XCEL ENERGY INC,98389B100,6000.0,75,9.176237252715317e-06
HLI,HOULIHAN LOKEY INC,441593100,6000.0,28,9.176237252715317e-06
HOPE,HOPE BANCORP INC,43940T109,6000.0,598,9.176237252715317e-06
TMP,TOMPKINS FINANCIAL CORP,890110109,6000.0,84,9.176237252715317e-06
TR,TOOTSIE ROLL INDUSTRIES,890516107,6000.0,154,9.176237252715317e-06
TTC,TORO CO,891092108,6000.0,79,9.176237252715317e-06
UNFI,UNITED NATURAL FOODS,911163103,6000.0,163,9.176237252715317e-06
NBIX,NEUROCRINE BIOSCIENCES,64125C109,6000.0,46,9.176237252715317e-06
NBIX,NEUROCRINE BIOSCIENCES,64125C109,6000.0,45,9.176237252715317e-06
RDDT,REDDIT INC,75734B100,6000.0,25,9.176237252715317e-06
FDS,FACTSET RESH SYS INC,303075105,6000.0,21,9.176237252715317e-06
EVR,EVERCORE PARTNERS CL-A,29977A105,6000.0,19,9.176237252715317e-06
WKC,WORLD KINECT CORP,981475106,6000.0,231,9.176237252715317e-06
AOS,SMITH A O CORP,831865209,6000.0,88,9.176237252715317e-06
VNO,VORNADO REALTY TRUST,929042109,6000.0,146,9.176237252715317e-06
SLM,SLM CORP,78442P106,6000.0,226,9.176237252715317e-06
AOS,SMITH A O CORP,831865209,6000.0,80,9.176237252715317e-06
VMC,VULCAN MATERIALS,929160109,6000.0,20,9.176237252715317e-06
POOL,POOL CORP,73278L105,6000.0,18,9.176237252715317e-06
GWW,W W GRAINGER INC,384802104,6000.0,6,9.176237252715317e-06
LCII,LCI INDUSTRIES,50189K103,6000.0,60,9.176237252715317e-06
DAL,DELTA AIR LINES INC DEL,247361702,6000.0,99,9.176237252715317e-06
SFNC,SIMMONS FIRST NATIONAL COR,828730200,6000.0,292,9.176237252715317e-06
POWI,POWER INTEGRATIONS,739276103,6000.0,156,9.176237252715317e-06
DTE,DETROIT ENERGY CO,233331107,6000.0,41,9.176237252715317e-06
WAFD,WAFD INC,938824109,6000.0,203,9.176237252715317e-06
WD,WALKER & DUNLOP INC,93148P102,6000.0,70,9.176237252715317e-06
AFW,ALIGN TECHNOLOGY INC,016255101,6000.0,44,9.176237252715317e-06
ALGT,ALLEGIANT TRAVEL CO,01748X102,6000.0,98,9.176237252715317e-06
WDFC,WD 40 COMPANY,929236107,6000.0,30,9.176237252715317e-06
RNST,RENASANT CORP,75970E107,6000.0,164,9.176237252715317e-06
RNST,RENASANT CORP,75970E107,6000.0,159,9.176237252715317e-06
IM8N,INSMED INC COM,457669307,6000.0,41,9.176237252715317e-06
BURL,BURLINGTON STORES INC,122017106,6000.0,24,9.176237252715317e-06
BRKR,BRUKER BIOSCIENCES CORP,116794108,6000.0,172,9.176237252715317e-06
BIPC,BROOKFIELD INFRAST CP,11276H106,6000.0,155,9.176237252715317e-06
NXRT,NEXPOINT RESIDENTIAL TRUST,65341D102,6000.0,195,9.176237252715317e-06
CA8A,CACI INTERNATIONAL INC A,127190304,6000.0,13,9.176237252715317e-06
TSA,ACI WORLDWIDE INC,004498101,6000.0,113,9.176237252715317e-06
MMYT,MAKEMYTRIP LIMITED,V5633W109,6000.0,63,9.176237252715317e-06
REYN,REYNOLDS CONSUMER PRODUCTS,76171L106,6000.0,254,9.176237252715317e-06
TRV,TRAVELERS COS INC,89417E109,6000.0,20,9.176237252715317e-06
INVA,INNOVIVA INC.,45781M101,6000.0,339,9.176237252715317e-06
IEI,INSIGHT ENTERPRISES INC,45765U103,6000.0,53,9.176237252715317e-06
RNR,RENAISSNCE RE HLDGS LTD,G7496G103,6000.0,24,9.176237252715317e-06
SXT,SENSIENT TECHNOLOGIES CORP,81725T100,6000.0,61,9.176237252715317e-06
DOCN,DIGITALOCEAN HOLDINGS INC,25402D102,6000.0,183,9.176237252715317e-06
PINC,PREMIER INC,74051N102,6000.0,205,9.176237252715317e-06
FUL,FULLER H B CO,359694106,6000.0,104,9.176237252715317e-06
MPW,MEDICAL PROP TRUST INC,58463J304,6000.0,1241,9.176237252715317e-06
PRMB,PRIMO BRANDS CORP,741623102,6000.0,251,9.176237252715317e-06
WBD,WARNER BROS DISCOVERY INC,934423104,6000.0,295,9.176237252715317e-06
TRST,TRUSTCO BANK CORP NY,898349204,6000.0,167,9.176237252715317e-06
REZI,RESIDEO TECH INC,76118Y104,6000.0,145,9.176237252715317e-06
EXE,EXPAND ENERGY CORPORATION,165167735,6000.0,61,9.176237252715317e-06
EXE,EXPAND ENERGY CORPORATION,165167735,6000.0,52,9.176237252715317e-06
HRB,BLOCK H&R INC,093671105,6000.0,128,9.176237252715317e-06
MTSI,MACOM TECHNOLOGY SOLUTIONS,55405Y100,6000.0,50,9.176237252715317e-06
MSGS,MADISON SQUARE GARDEN,55825T103,6000.0,27,9.176237252715317e-06
ZTS,ZOETIS INC,98978V103,5000.0,34,7.646864377262765e-06
MSGS,MADISON SQUARE GARDEN,55825T103,5000.0,20,7.646864377262765e-06
REVG,REV GROUP INC,749527107,5000.0,84,7.646864377262765e-06
EXTR,EXTREME NETWORKS,30226D106,5000.0,219,7.646864377262765e-06
EXEL,EXELIXIS INC,30161Q104,5000.0,120,7.646864377262765e-06
NMIH,NMI HOLDINGS INC,629209305,5000.0,136,7.646864377262765e-06
NE,NOBLE CORP PLC,G65431127,5000.0,182,7.646864377262765e-06
WAT,WATERS CORP,941848103,5000.0,17,7.646864377262765e-06
LEA,LEAR CORP,521865204,5000.0,49,7.646864377262765e-06
SXT,SENSIENT TECHNOLOGIES CORP,81725T100,5000.0,49,7.646864377262765e-06
S,SENTINELONE INC,81730H109,5000.0,260,7.646864377262765e-06
PCOR,PROCORE TECHNOLOGIES INC,74275K108,5000.0,65,7.646864377262765e-06
DFIN,DONNELLEY FINANCIAL SOLU,25787G100,5000.0,97,7.646864377262765e-06
ZM,ZOOM COMMUNICATIONS INC,98980L101,5000.0,55,7.646864377262765e-06
PI,IMPINJ INC,453204109,5000.0,25,7.646864377262765e-06
INDB,INDEPENDENT BK CORP MASS,453836108,5000.0,74,7.646864377262765e-06
TRN,TRINITY IND,896522109,5000.0,175,7.646864377262765e-06
TRN,TRINITY IND,896522109,5000.0,181,7.646864377262765e-06
BYD,BOYD GAMING CORP,103304101,5000.0,52,7.646864377262765e-06
BWA,BORG WARNER INC,099724106,5000.0,121,7.646864377262765e-06
THS,TREEHOUSE FOODS INC,89469A104,5000.0,269,7.646864377262765e-06
TREX,TREX INC COM,89531P105,5000.0,88,7.646864377262765e-06
IRT,INDEPENDENCE REALTY TRUST,45378A106,5000.0,306,7.646864377262765e-06
AKRO,AKERO THERAPEUTICS INC,00973Y108,5000.0,98,7.646864377262765e-06
AKRO,AKERO THERAPEUTICS INC,00973Y108,5000.0,96,7.646864377262765e-06
ALRM,ALARM.COM HOLDINGS INC,011642105,5000.0,94,7.646864377262765e-06
ALRM,ALARM.COM HOLDINGS INC,011642105,5000.0,91,7.646864377262765e-06
HCC,WARRIOR MET COAL INC,93627C101,5000.0,73,7.646864377262765e-06
HCC,WARRIOR MET COAL INC,93627C101,5000.0,78,7.646864377262765e-06
ALB,ALBEMARLE CORP,012653101,5000.0,60,7.646864377262765e-06
DLB,DOLBY LABORATORIES,25659T107,5000.0,68,7.646864377262765e-06
SFBS,SERVISFIRST BANCSHARES INC,81768T108,5000.0,62,7.646864377262765e-06
BXMT,BLACKSTONE MORTGAGE TRUST,09257W100,5000.0,258,7.646864377262765e-06
RITM,RITHM CAPITAL CORP,64828T201,5000.0,427,7.646864377262765e-06
ACAD,ACADIA PHARMACEUTICALS INC,004225108,5000.0,245,7.646864377262765e-06
TVTX,TRAVERE THERAPEUTICS INC,89422G107,5000.0,206,7.646864377262765e-06
BCO,BRINKS CO,109696104,5000.0,39,7.646864377262765e-06
FUTU,FUTU HOLDINGS LTD ADR,36118L106,5000.0,28,7.646864377262765e-06
FRPT,FRESHPET INC,358039105,5000.0,84,7.646864377262765e-06
PRGS,PROGRESS SOFTWARE,743312100,5000.0,103,7.646864377262765e-06
IIPR,INNOVATIVE INDUSTRIAL PROP,45781V101,5000.0,97,7.646864377262765e-06
RS,RELIANCE INC,759509102,5000.0,17,7.646864377262765e-06
XMTR,XOMETRY INC,98423F109,5000.0,85,7.646864377262765e-06
NCLH,NORWEGIAN CRUISE LINE,G66721104,5000.0,211,7.646864377262765e-06
BMRN,BIOMARIN PHARMACEUTICAL,09061G101,5000.0,87,7.646864377262765e-06
UGI,UGI CORP NEW,902681105,5000.0,154,7.646864377262765e-06
UCTT,ULTRA CLEAN HOLDINGS INC,90385V107,5000.0,174,7.646864377262765e-06
UMBF,UMB FINANCIAL,902788108,5000.0,43,7.646864377262765e-06
CHRW,C H ROBINSON WORLDWIDE NEW,12541W209,5000.0,40,7.646864377262765e-06
TTD,TRADE DESK INC/THE,88339J105,5000.0,96,7.646864377262765e-06
NXST,NEXSTAR MEDIA GROUP INC,65336K103,5000.0,26,7.646864377262765e-06
HURN,HURON CONSULTING GROUP,447462102,5000.0,35,7.646864377262765e-06
H,HYATT HOTELS CORP CL A,448579102,5000.0,34,7.646864377262765e-06
NMRK,NEWMARK GROUP INC,65158N102,5000.0,249,7.646864377262765e-06
WSFS,WSFS FINL CORP COM,929328102,5000.0,101,7.646864377262765e-06
TSA,ACI WORLDWIDE INC,004498101,5000.0,102,7.646864377262765e-06
LMND,LEMONADE INC,52567D107,5000.0,87,7.646864377262765e-06
ACMR,ACM RESEARCH INC,00108J109,5000.0,125,7.646864377262765e-06
NEU,NEWMARKET CORP COM,651587107,5000.0,6,7.646864377262765e-06
IIIN,INSTEEL INDUSTRIES INC,45774W108,5000.0,122,7.646864377262765e-06
UBSI,UNITED BANKSHARES INC W VA,909907107,5000.0,133,7.646864377262765e-06
HUBG,HUB GROUP INC,443320106,5000.0,132,7.646864377262765e-06
HOPE,HOPE BANCORP INC,43940T109,5000.0,431,7.646864377262765e-06
RRX,REGAL REXNORD CORP,758750103,5000.0,34,7.646864377262765e-06
RRX,REGAL REXNORD CORP,758750103,5000.0,35,7.646864377262765e-06
WS,WORTHINGTON STEEL INC,982104101,5000.0,148,7.646864377262765e-06
CALM,CAL-MAINE FOODS INC,128030202,5000.0,58,7.646864377262765e-06
CRC,CALIFORNIA RESOURCES CORP,13057Q305,5000.0,103,7.646864377262765e-06
HMN,HORACE MANN EDUCATORS CORP,440327104,5000.0,109,7.646864377262765e-06
FLJP,FRANKLIN FTSE JAPAN ETF,35473P744,5000.0,153,7.646864377262765e-06
PGNY,PROGYNY INC,74340E103,5000.0,214,7.646864377262765e-06
WBS,WEBSTER FINL CORP CONN,947890109,5000.0,87,7.646864377262765e-06
LBRDK,LIBERTY BROADBAND CORP,530307305,5000.0,82,7.646864377262765e-06
HNI,HNI CORP,404251100,5000.0,113,7.646864377262765e-06
O,REALTY INCOME CORP,756109104,5000.0,88,7.646864377262765e-06
LTC,LTC PPTYS INC,502175102,5000.0,126,7.646864377262765e-06
WK,WORKIVA,98139A105,5000.0,60,7.646864377262765e-06
BKU,BANKUNITED INC,06652K103,5000.0,128,7.646864377262765e-06
IHG,INTERNATIONAL HOTELS GROUP,45857P806,5000.0,41,7.646864377262765e-06
UVV,UNIVERSAL CORP,913456109,5000.0,83,7.646864377262765e-06
CPRX,CATALYST PHARMACEUTICALS I,14888U101,5000.0,229,7.646864377262765e-06
KMX,CARMAX INC,143130102,5000.0,104,7.646864377262765e-06
FIS,FIDELITY NATL INFO SVCS,31620M106,5000.0,74,7.646864377262765e-06
FERG,FERGUSON ENTERPRISES INC,31488V107,5000.0,21,7.646864377262765e-06
AGM,FEDERAL AGRIC MTG CORP CLC,313148306,5000.0,28,7.646864377262765e-06
CPB,THE CAMPBELLS COMPANY,134429109,5000.0,160,7.646864377262765e-06
OFG,OFG BANCORP,67103X102,5000.0,118,7.646864377262765e-06
OFG,OFG BANCORP,67103X102,5000.0,105,7.646864377262765e-06
POST,POST HOLDINGS INC,737446104,5000.0,48,7.646864377262765e-06
POST,POST HOLDINGS INC,737446104,5000.0,42,7.646864377262765e-06
WAFD,WAFD INC,938824109,5000.0,155,7.646864377262765e-06
FELE,FRANKLIN ELECTRIC CO,353514102,5000.0,57,7.646864377262765e-06
OGE,OGE ENERGY CORP,670837103,5000.0,105,7.646864377262765e-06
UPST,UPSTART HOLDINGS INC,91680M107,5000.0,100,7.646864377262765e-06
TEVA,TEVA PHARM INDS LTD ADR,881624209,5000.0,230,7.646864377262765e-06
ADNT,ADIENT LTD,G0084W101,5000.0,218,7.646864377262765e-06
WTRG,ESSENTIAL UTILITIES INC,29670G102,5000.0,122,7.646864377262765e-06
ESAB,ESAB CORP,29605J106,5000.0,41,7.646864377262765e-06
FITB,FIFTH THIRD BANCORP,316773100,5000.0,121,7.646864377262765e-06
OLN,OLIN CORP,680665205,5000.0,199,7.646864377262765e-06
OHI,OMEGA HLTH CARE INVESTORS,681936100,5000.0,116,7.646864377262765e-06
NFG,NATIONAL FUEL GAS CO,636180101,5000.0,49,7.646864377262765e-06
EYE,NATIONAL VISION HOLDINGS,63845R107,5000.0,171,7.646864377262765e-06
LNT,ALLIANT ENERGY CORP,018802108,5000.0,67,7.646864377262765e-06
CCS,CENTURY COMMUNITIES INC,156504300,5000.0,83,7.646864377262765e-06
TEVA,TEVA PHARM INDS LTD ADR,881624209,5000.0,241,7.646864377262765e-06
OMC,OMNICOM GROUP INC,681919106,5000.0,66,7.646864377262765e-06
AZTA,AZENTA INC,114340102,5000.0,190,7.646864377262765e-06
PCY,INVESCO EMERGING MARKETS S,46138E784,5000.0,228,7.646864377262765e-06
NTRA,NATERA INC,632307104,5000.0,31,7.646864377262765e-06
NBHC,NATIONAL BANK HOLD CL A,633707104,5000.0,135,7.646864377262765e-06
GTLS,CHART INDUSTRIES INC,16115Q308,5000.0,24,7.646864377262765e-06
CCS,CENTURY COMMUNITIES INC,156504300,5000.0,82,7.646864377262765e-06
RAMP,LIVERAMP HOLDINGS INC,53815P108,5000.0,166,7.646864377262765e-06
ESAB,ESAB CORP,29605J106,5000.0,42,7.646864377262765e-06
TREE,LENDING TREE INC.,52603B107,5000.0,75,7.646864377262765e-06
AISP,AIRSHIP AI HOLDINGS INC,008940108,5000.0,1000,7.646864377262765e-06
PFS,PROVIDENT FINL SVCS,74386T105,5000.0,243,7.646864377262765e-06
DXPE,DXP ENTERPRISES INC,233377407,5000.0,46,7.646864377262765e-06
GME,GAMESTOP CORP NEW CL A,36467W109,5000.0,172,7.646864377262765e-06
CAKE,CHEESECAKE FACTORY INC,163072101,5000.0,89,7.646864377262765e-06
TS,TENARIS SA ADR,88031M109,5000.0,138,7.646864377262765e-06
HL,HECLA MINING CO,422704106,5000.0,453,7.646864377262765e-06
ACLS,AXCELIS TECHNOLOGIES INC,054540208,5000.0,54,7.646864377262765e-06
VMI,VALMONT IND INC,920253101,5000.0,12,7.646864377262765e-06
EQH,EQUITABLE HOLDINGS INC,29452E101,5000.0,107,7.646864377262765e-06
TDS,TELEPHONE&DATA SYS NEW,879433829,5000.0,130,7.646864377262765e-06
CPK,CHESAPEAKE UTILITIES CORP,165303108,5000.0,40,7.646864377262765e-06
EWG,ISHARES MSCI GERMANY ETF,464286806,5000.0,110,7.646864377262765e-06
IJR,ISHARES S&P SMCAP 600 INDX,464287804,5000.0,42,7.646864377262765e-06
DGX,QUEST DIAGNOSTICS INC,74834L100,5000.0,27,7.646864377262765e-06
QDEL,QUIDELORTHO CORP,219798105,5000.0,156,7.646864377262765e-06
PLXS,PLEXUS CORP,729132100,5000.0,37,7.646864377262765e-06
SLG,SL GREEN REALTY CORP,78440X887,5000.0,91,7.646864377262765e-06
MCX,MCCORMICK & CO NON VTG,579780206,5000.0,70,7.646864377262765e-06
NVST,ENVISTA HOLDINGS CORP,29415F104,5000.0,249,7.646864377262765e-06
MLM,MARTIN MARIETTA MATL INC,573284106,5000.0,8,7.646864377262765e-06
ATGE,ADTALEM GLOB EDUCATION INC,00737L103,5000.0,34,7.646864377262765e-06
TGNA,TEGNA INC.,87901J105,5000.0,229,7.646864377262765e-06
ESGD,ISHARES TRUST ISHARES ESG,46435G516,5000.0,54,7.646864377262765e-06
IX,ORIX CORP SPON ADR,686330101,5000.0,198,7.646864377262765e-06
OSK,OSHKOSH CORP,688239201,5000.0,41,7.646864377262765e-06
THG,HANOVER INS GROUP INC,410867105,5000.0,28,7.646864377262765e-06
OGN,ORGANON & CO,68622V106,5000.0,453,7.646864377262765e-06
ATI,ATI INC,01741R102,5000.0,58,7.646864377262765e-06
MOG/A,MOOG A,615394202,5000.0,23,7.646864377262765e-06
ITRI,ITRON INC,465741106,5000.0,41,7.646864377262765e-06
AMCR,AMCOR PLC,G0250X107,5000.0,656,7.646864377262765e-06
SLM,SLM CORP,78442P106,5000.0,186,7.646864377262765e-06
TRL,DAVITA INC,23918K108,5000.0,37,7.646864377262765e-06
SM,SM ENERGY CO,78454L100,5000.0,204,7.646864377262765e-06
OSIS,OSI SYSTEMS,671044105,5000.0,22,7.646864377262765e-06
OTTR,OTTER TAIL PWR CO,689648103,5000.0,67,7.646864377262765e-06
OUT,OUTFRONT MEDIA INC,69007J304,5000.0,294,7.646864377262765e-06
CNX,CNX RESOURCES CORP,12653C108,5000.0,143,7.646864377262765e-06
ENPH,ENPHASE ENERGY INC,29355A107,5000.0,141,7.646864377262765e-06
ET,ENERGY TRANSFER LP,29273V100,5000.0,278,7.646864377262765e-06
ENVA,ENOVA INTL INC COM,29357K103,5000.0,40,7.646864377262765e-06
STBA,S&T BANCORP INC,783859101,5000.0,122,7.646864377262765e-06
CWEN/A,CLEARWAY ENERGY INC CL A,18539C105,5000.0,204,7.646864377262765e-06
ASTE,ASTEC INDUSTRIES INC,046224101,5000.0,94,7.646864377262765e-06
MDB,MONGODB INC,60937P106,5000.0,16,7.646864377262765e-06
MCO,MOODYS CORP,615369105,5000.0,11,7.646864377262765e-06
VCIT,VANGUARD INT-TERM CORP,92206C870,5000.0,59,7.646864377262765e-06
PB,PROSPERITY BANCSHARES,743606105,5000.0,69,7.646864377262765e-06
AEO,AMER EAGLE OUTFITTERS NEW,02553E106,5000.0,303,7.646864377262765e-06
SNN,SMITH&NEPHEW PLC SP ADR,83175M205,5000.0,134,7.646864377262765e-06
PINS,PINTEREST INC,72352L106,5000.0,140,7.646864377262765e-06
SYF,SYNCHRONY FINANCIAL,87165B103,5000.0,77,7.646864377262765e-06
ARW,ARROW ELECTRONICS,042735100,5000.0,40,7.646864377262765e-06
LFUS,LITTELFUSE INC COM,537008104,5000.0,20,7.646864377262765e-06
NVST,ENVISTA HOLDINGS CORP,29415F104,5000.0,223,7.646864377262765e-06
ENPH,ENPHASE ENERGY INC,29355A107,5000.0,151,7.646864377262765e-06
COKE,COCA-COLA CONSOLIDATED INC,191098102,5000.0,40,7.646864377262765e-06
GPI,GROUP 1 AUTOMOTIVE INC,398905109,5000.0,12,7.646864377262765e-06
PARR,PAR PACIFIC HOLDINGS INC,69888T207,5000.0,142,7.646864377262765e-06
SMCI,SUPER MICRO COMPUTER,86800U302,5000.0,102,7.646864377262765e-06
SUPN,SUPERNUS PHARMACEUTICALS,868459108,5000.0,103,7.646864377262765e-06
JEF,JEFFERIES FINL GROUP INC,47233W109,5000.0,78,7.646864377262765e-06
SJM,SMUCKER JM CO NEW,832696405,5000.0,50,7.646864377262765e-06
GEN,GEN DIGITAL INC,668771108,5000.0,179,7.646864377262765e-06
KSS,KOHLS CORP,500255104,5000.0,327,7.646864377262765e-06
PHG,KONINKLIJKE PHILIPS NV ADR,500472303,5000.0,167,7.646864377262765e-06
KTB,KONTOOR BRANDS INC,50050N103,5000.0,68,7.646864377262765e-06
SNRE,SUNRISE COMMUNICATIONS AG,867975104,5000.0,88,7.646864377262765e-06
ACT,ENACT HOLDINGS INC,29249E109,5000.0,123,7.646864377262765e-06
WSC,WILLSCOT HOLDINGS CORP,971378104,5000.0,225,7.646864377262765e-06
LKQ1,LKQ CORP,501889208,5000.0,162,7.646864377262765e-06
LMT,LOCKHEED MARTIN CORP,539830109,5000.0,10,7.646864377262765e-06
GRBK,GREEN BRICK PARTNERS INC,392709101,5000.0,61,7.646864377262765e-06
JCI,JOHNSON CONTROLS INTL PLC,G51502105,5000.0,49,7.646864377262765e-06
ADM,ARCHER-DANIELS-MIDLAND CO,039483102,5000.0,90,7.646864377262765e-06
ADM,ARCHER-DANIELS-MIDLAND CO,039483102,5000.0,89,7.646864377262765e-06
SHOO,STEVEN MADDEN LTD,556269108,5000.0,136,7.646864377262765e-06
LRN,STRIDE INC,86333M108,5000.0,35,7.646864377262765e-06
COIN,COINBASE GLOBAL INC,19260Q107,5000.0,15,7.646864377262765e-06
GIS,GENERAL MILLS INC,370334104,5000.0,98,7.646864377262765e-06
CYTK,CYTOKINETICS INC,23282W605,5000.0,94,7.646864377262765e-06
CYTK,CYTOKINETICS INC,23282W605,5000.0,85,7.646864377262765e-06
DAN,DANA INCORPORATED,235825205,5000.0,255,7.646864377262765e-06
GEHC,GE HEALTHCARE TECHNOLOGIES,36266G107,5000.0,68,7.646864377262765e-06
PTEN,PATTERSON-UTI ENERGY INC,703481101,5000.0,908,7.646864377262765e-06
COLB,COLUMBIA BANKING SYS,197236102,5000.0,185,7.646864377262765e-06
ABR,ARBOR RLTY TR INC COM,038923108,5000.0,371,7.646864377262765e-06
APLD,APPLIED DIGITAL CORP,038169207,5000.0,208,7.646864377262765e-06
APLD,APPLIED DIGITAL CORP,038169207,5000.0,210,7.646864377262765e-06
FSLR,FIRST SOLAR INC,336433107,5000.0,22,7.646864377262765e-06
KWR,QUAKER CHEMICAL CORP,747316107,5000.0,35,7.646864377262765e-06
MAS,MASCO CORP,574599106,5000.0,71,7.646864377262765e-06
MASI,MASIMO CORPORATION,574795100,5000.0,31,7.646864377262765e-06
STWD,STARWOOD PROPERTY TRUST,85571B105,5000.0,257,7.646864377262765e-06
DXC,DXC TECHNOLOGY CO,23355L106,5000.0,351,7.646864377262765e-06
DXC,DXC TECHNOLOGY CO,23355L106,5000.0,378,7.646864377262765e-06
AAL,AMERICAN AIRLINE GRP INC,02376R102,5000.0,471,7.646864377262765e-06
AXL,AMERICAN AXLE & MFG HLDGS,024061103,5000.0,761,7.646864377262765e-06
COLL,COLLEGIUM PHARMACEUTICAL,19459J104,5000.0,140,7.646864377262765e-06
GHC,GRAHAM HOLDINGS CO,384637104,5000.0,4,7.646864377262765e-06
LOPE,GRAND CANYON ED INC,38526M106,5000.0,25,7.646864377262765e-06
LOPE,GRAND CANYON ED INC,38526M106,5000.0,25,7.646864377262765e-06
CVLT,COMMVAULT SYSTEMS INC,204166102,5000.0,25,7.646864377262765e-06
CRK,COMSTOCK RESOURCES INC,205768302,5000.0,274,7.646864377262765e-06
CBU,COMMUNITY FINL SYS INC,203607106,5000.0,90,7.646864377262765e-06
VECO,VEECO INSTRUMENTS,922417100,5000.0,161,7.646864377262765e-06
LGND,LIGAND PHARMACEUTICALS INC,53220K504,5000.0,29,7.646864377262765e-06
MTZ,MASTEC INC,576323109,5000.0,22,7.646864377262765e-06
JBSS,SANFILIPPO JOHN B & SON,800422107,5000.0,80,7.646864377262765e-06
SANM,SANMINA-SCI CORPORATION,801056102,5000.0,41,7.646864377262765e-06
SNY,SANOFI - ADR,80105N105,5000.0,98,7.646864377262765e-06
N/A,QIAGEN NV EUR 0.01,N72482206,5000.0,110,7.646864377262765e-06
CWK,CUSHMAN & WAKEFIELD PLC,G2717B108,5000.0,309,7.646864377262765e-06
CWK,CUSHMAN & WAKEFIELD PLC,G2717B108,5000.0,301,7.646864377262765e-06
SBSI,SOUTHSIDE BANCSHARES INC,84470P109,5000.0,166,7.646864377262765e-06
VSH,VISHAY INTERTECHNOLOGY INC,928298108,5000.0,332,7.646864377262765e-06
AMH,AMERICAN HOMES 4 RENT CL A,02665T306,5000.0,143,7.646864377262765e-06
AIBGY,AIB GROUP PLC ADR,00135T104,5000.0,267,7.646864377262765e-06
BTU,PEABODY ENERGY CORP,704551100,5000.0,173,7.646864377262765e-06
AM,ANTERO MIDSTREAM CORP,03676B102,5000.0,280,7.646864377262765e-06
AON,AON PLC,G0403H108,5000.0,13,7.646864377262765e-06
VRSK,VERISK ANALYTICS INC-CL A,92345Y106,5000.0,18,7.646864377262765e-06
STZ,CONSTELLATION BRANDS CL A,21036P108,5000.0,39,7.646864377262765e-06
N/A,KESTRA MEDICAL TECHNOLOGIE,G52441105,5000.0,229,7.646864377262765e-06
MTG,MGIC INVT CORP WIS,552848103,5000.0,180,7.646864377262765e-06
MD,PEDIATRIX MEDICAL GROUP,58502B106,5000.0,282,7.646864377262765e-06
LBRT,LIBERTY OILFIELD SERVICES,53115L104,5000.0,378,7.646864377262765e-06
MAT,MATTEL INC,577081102,5000.0,279,7.646864377262765e-06
MXL,MAXLINEAR INC,57776J100,5000.0,312,7.646864377262765e-06
AGYS,AGILYSYS INC COM,00847J105,5000.0,47,7.646864377262765e-06
CTO,CTO REALTY GROWTH INC,22948Q101,5000.0,299,7.646864377262765e-06
PFSI,PENNYMAC FINL SVCS INC,70932M107,5000.0,40,7.646864377262765e-06
GMED,GLOBUS MED INC,379577208,5000.0,79,7.646864377262765e-06
CRTO,CRITEO SA-SPON ADR,226718104,5000.0,229,7.646864377262765e-06
COTY,COTY INC,222070203,5000.0,1251,7.646864377262765e-06
CASH,META FINANCIAL GROUP INC,59100U108,5000.0,61,7.646864377262765e-06
KMB,KIMBERLY-CLARK CORP,494368103,5000.0,38,7.646864377262765e-06
EBA,EBAY INC,278642103,5000.0,51,7.646864377262765e-06
SCSC,SCANSOURCE INC,806037107,5000.0,115,7.646864377262765e-06
WEA,WESTERN ALLIANCE,957638109,5000.0,57,7.646864377262765e-06
FWONA,LIBERTY MEDIA CORP-LIBERTY,531229771,5000.0,48,7.646864377262765e-06
GBCI,GLACIER BANCORP MONTANA,37637Q105,5000.0,101,7.646864377262765e-06
GNL,GLOBAL NET LEASE INC,379378201,5000.0,565,7.646864377262765e-06
ROCK,GIBRALTOR INDUSTRIES INC,374689107,5000.0,85,7.646864377262765e-06
VIAV,VIAVI SOLUTIONS INC USD,925550105,5000.0,400,7.646864377262765e-06
PTCT,PTC THERAPEUTICS INC,69366J200,5000.0,80,7.646864377262765e-06
TTMI,TTM TECHNOLOGIES,87305R109,5000.0,84,7.646864377262765e-06
TWLO,TWILIO INC,90138F102,5000.0,51,7.646864377262765e-06
TWLO,TWILIO INC,90138F102,5000.0,45,7.646864377262765e-06
BLMN,BLOOMIN BRANDS INC,094235108,5000.0,723,7.646864377262765e-06
TWLO,TWILIO INC,90138F102,5000.0,50,7.646864377262765e-06
YELP,YELP INC,985817105,5000.0,172,7.646864377262765e-06
MTSI,MACOM TECHNOLOGY SOLUTIONS,55405Y100,5000.0,42,7.646864377262765e-06
M,MACYS INC,55616P104,4000.0,205,6.1174915018102114e-06
YELP,YELP INC,985817105,4000.0,124,6.1174915018102114e-06
YETI,YETI HOLDINGS INC,98585X104,4000.0,127,6.1174915018102114e-06
WTS,WATTS WATER TECHNOLOGIES,942749102,4000.0,14,6.1174915018102114e-06
TXNM,TXNM ENERGY INC,69349H107,4000.0,69,6.1174915018102114e-06
NGVT,INGEVITY CORP,45688C107,4000.0,69,6.1174915018102114e-06
BYD,BOYD GAMING CORP,103304101,4000.0,43,6.1174915018102114e-06
BOOT,BOOT BARN HLDGS INC,099406100,4000.0,25,6.1174915018102114e-06
ALK,ALASKA AIRGROUP,011659109,4000.0,76,6.1174915018102114e-06
VSCO,VICTORIAS SECRET & CO,926400102,4000.0,163,6.1174915018102114e-06
VCTR,VICTORY CAPITAL HOLDINGS I,92645B103,4000.0,67,6.1174915018102114e-06
VRTS,VIRTUS INVESTMENT PARTNERS,92828Q109,4000.0,22,6.1174915018102114e-06
PEG,PUBLIC SERV ENTERPRISE GP,744573106,4000.0,44,6.1174915018102114e-06
DVAX,DYNAVAX TECHNOLOGIES,268158201,4000.0,434,6.1174915018102114e-06
ZG,ZILLOW GROUP INC CL A,98954M101,4000.0,53,6.1174915018102114e-06
ZTO,ZTO EXPRESS CAYMAN INC,98980A105,4000.0,202,6.1174915018102114e-06
ATEN,A10 NETWORKS INC,002121101,4000.0,219,6.1174915018102114e-06
DLTR,DOLLAR TREE INC,256746108,4000.0,47,6.1174915018102114e-06
IESC,IES HOLDINGS INC,44951W106,4000.0,10,6.1174915018102114e-06
TREX,TREX INC COM,89531P105,4000.0,68,6.1174915018102114e-06
BL,BLACKLINE INC,09239B109,4000.0,71,6.1174915018102114e-06
MHO,M/I SCHOTTENSTEIN HOME,55305B101,4000.0,28,6.1174915018102114e-06
REYN,REYNOLDS CONSUMER PRODUCTS,76171L106,4000.0,158,6.1174915018102114e-06
RLI,RLI CORP,749607107,4000.0,64,6.1174915018102114e-06
XYL,XYLEM INC,98419M100,4000.0,30,6.1174915018102114e-06
EBC,EASTERN BANKSHARES INC,27627N105,4000.0,215,6.1174915018102114e-06
WEA,WESTERN ALLIANCE,957638109,4000.0,45,6.1174915018102114e-06
GNL,GLOBAL NET LEASE INC,379378201,4000.0,529,6.1174915018102114e-06
GTY,GETTY RLTY CORP NEW,374297109,4000.0,134,6.1174915018102114e-06
GTY,GETTY RLTY CORP NEW,374297109,4000.0,132,6.1174915018102114e-06
CTS,CTS CORPORATION,126501105,4000.0,105,6.1174915018102114e-06
PR,PERMIAN RESOURCES CORP,71424F105,4000.0,318,6.1174915018102114e-06
PRGO,PERRIGO CO LTD,G97822103,4000.0,181,6.1174915018102114e-06
AKR,ACADIA RLTY TR COM SH BEN,004239109,4000.0,220,6.1174915018102114e-06
WD5A,TRAVEL  LEISURE CO,894164102,4000.0,67,6.1174915018102114e-06
BRC,BRADY WH CL A NON VTG,104674106,4000.0,55,6.1174915018102114e-06
BTI,BRITISH AMER TOBC ADS ADR,110448107,4000.0,82,6.1174915018102114e-06
AFW,ALIGN TECHNOLOGY INC,016255101,4000.0,35,6.1174915018102114e-06
SHEL,SHELL PLC ADR,780259305,4000.0,49,6.1174915018102114e-06
FULT,FULTON FINL CORP PA COM,360271100,4000.0,194,6.1174915018102114e-06
FDP,FRESH DEL MONTE PRODUCE,G36738105,4000.0,128,6.1174915018102114e-06
PAG,PENSKE AUTO GROUP INC,70959W103,4000.0,22,6.1174915018102114e-06
PEN,PENUMBRA INC,70975L107,4000.0,17,6.1174915018102114e-06
CRGY,CRESCENT ENERGY INC,44952J104,4000.0,458,6.1174915018102114e-06
VSAT,VIASAT INC COM,92552V100,4000.0,125,6.1174915018102114e-06
KEX,KIRBY CORP,497266106,4000.0,49,6.1174915018102114e-06
KRG,KITE RLTY GROUP TR COM NEW,49803T300,4000.0,179,6.1174915018102114e-06
KRG,KITE RLTY GROUP TR COM NEW,49803T300,4000.0,185,6.1174915018102114e-06
KLC,KINDERCARE LEARNING COS IN,49456W105,4000.0,552,6.1174915018102114e-06
FRPT,FRESHPET INC,358039105,4000.0,79,6.1174915018102114e-06
WBD,WARNER BROS DISCOVERY INC,934423104,4000.0,204,6.1174915018102114e-06
DV,DOUBLEVERIFY HOLDINGS INC,25862V105,4000.0,311,6.1174915018102114e-06
FCX,FREEPORT-MCMORAN INC.,35671D857,4000.0,108,6.1174915018102114e-06
TMDX,TRANSMEDICS GROUP INC,89377M109,4000.0,40,6.1174915018102114e-06
0J7Q,IAC INC,44891N208,4000.0,106,6.1174915018102114e-06
INGR,INGREDION INC,457187102,4000.0,34,6.1174915018102114e-06
N/A,AMRIZE AG CHF,H2927K103,4000.0,79,6.1174915018102114e-06
ANDE,ANDERSONS INC,034164103,4000.0,95,6.1174915018102114e-06
AMKR,AMKOR TECHNOLOGY INC,031652100,4000.0,153,6.1174915018102114e-06
CRSR,CORSAIR GAMING INC,22041X102,4000.0,477,6.1174915018102114e-06
CXW,CORECIVIC INC,21871N101,4000.0,193,6.1174915018102114e-06
AMPH,AMPHASTAR PHARMACEUTICALS,03209R103,4000.0,143,6.1174915018102114e-06
KRC,KILROY REALTY CORP,49427F108,4000.0,91,6.1174915018102114e-06
MTD,METTLER-TOLEDO INTL,592688105,4000.0,3,6.1174915018102114e-06
GRAB,GRAB HOLDINGS LTD,G4124C109,4000.0,661,6.1174915018102114e-06
IOSP,INNOSPEC INC,45768S105,4000.0,58,6.1174915018102114e-06
IIPR,INNOVATIVE INDUSTRIAL PROP,45781V101,4000.0,70,6.1174915018102114e-06
INVA,INNOVIVA INC.,45781M101,4000.0,202,6.1174915018102114e-06
XNCR,XENCOR INC,98401F105,4000.0,303,6.1174915018102114e-06
EVTC,EVERTEC INC,30040P103,4000.0,123,6.1174915018102114e-06
ECG,EVERUS CONSTR GROUP,300426103,4000.0,47,6.1174915018102114e-06
LITE,LUMENTUM H,55024U109,4000.0,24,6.1174915018102114e-06
BR,BROADRIDGE FINL SOLUTIONS,11133T103,4000.0,17,6.1174915018102114e-06
ICUI,ICU MEDICAL INC,44930G107,4000.0,34,6.1174915018102114e-06
GNW,GENWORTH FINL INC CO CL A,37247D106,4000.0,441,6.1174915018102114e-06
GEO,GEO GROUP INC,36162J106,4000.0,211,6.1174915018102114e-06
GMAB,GENMAB A/S ADR,372303206,4000.0,141,6.1174915018102114e-06
KNF,KNIFE RIVER CORP,498894104,4000.0,52,6.1174915018102114e-06
KNX,KNIGHT-SWFT TRANS HLD INC.,499049104,4000.0,89,6.1174915018102114e-06
FLEX,FLEX LTD,Y2573F102,4000.0,76,6.1174915018102114e-06
FND,FLOOR & DECOR HOLDINGS,339750101,4000.0,50,6.1174915018102114e-06
NWBI,NORTHWEST BANCSHAR,667340103,4000.0,311,6.1174915018102114e-06
NWN,NORTHWEST NAT HLDG CO,66765N105,4000.0,83,6.1174915018102114e-06
NWN,NORTHWEST NAT HLDG CO,66765N105,4000.0,96,6.1174915018102114e-06
NCLH,NORWEGIAN CRUISE LINE,G66721104,4000.0,170,6.1174915018102114e-06
TECH,BIO-TECHNE CORP NPV,09073M104,4000.0,64,6.1174915018102114e-06
BC,BRUNSWICK CORP,117043109,4000.0,62,6.1174915018102114e-06
IART,INTEGRA LIFESCIENCES,457985208,4000.0,297,6.1174915018102114e-06
NWS,NEWS CORP NEW CL B,65249B208,4000.0,115,6.1174915018102114e-06
SR,SPIRE INC,84857L101,4000.0,51,6.1174915018102114e-06
PTON,PELOTON INTERACTIVE INC,70614W100,4000.0,441,6.1174915018102114e-06
NXST,NEXSTAR MEDIA GROUP INC,65336K103,4000.0,22,6.1174915018102114e-06
BRBR,BELLRING BRANDS INC,07831C103,4000.0,107,6.1174915018102114e-06
WSFS,WSFS FINL CORP COM,929328102,4000.0,66,6.1174915018102114e-06
RKT,ROCKET COS INC,77311W101,4000.0,182,6.1174915018102114e-06
FCN,FTI CONSULTING INC,302941109,4000.0,23,6.1174915018102114e-06
SSTK,SHUTTERSTOCK INC,825690100,4000.0,181,6.1174915018102114e-06
LDOS,LEIDOS HLDGS INC,525327102,4000.0,21,6.1174915018102114e-06
LMAT,LEMAITRE VASCULAR INC,525558201,4000.0,41,6.1174915018102114e-06
LMND,LEMONADE INC,52567D107,4000.0,67,6.1174915018102114e-06
MPW,MEDICAL PROP TRUST INC,58463J304,4000.0,782,6.1174915018102114e-06
MPW,MEDICAL PROP TRUST INC,58463J304,4000.0,783,6.1174915018102114e-06
LSCC,LATTICE SEMICONDUCTOR CORP,518415104,4000.0,54,6.1174915018102114e-06
ROG,ROGERS CORPORATION,775133101,4000.0,49,6.1174915018102114e-06
ROIV,ROIVANT SCIENCES LTD,G76279101,4000.0,279,6.1174915018102114e-06
WYNN,WYNN RESORTS LTD,983134107,4000.0,34,6.1174915018102114e-06
NEM,NEWMONT CORPORATION,651639106,4000.0,50,6.1174915018102114e-06
LUV,SOUTHWEST AIRLINES,844741108,4000.0,128,6.1174915018102114e-06
AL,AIR LEASE CORP,00912X302,4000.0,66,6.1174915018102114e-06
PDFS,PDF SOLUTIONS INC,693282105,4000.0,166,6.1174915018102114e-06
AM,ANTERO MIDSTREAM CORP,03676B102,4000.0,231,6.1174915018102114e-06
VBTX,VERITEX HOLDINGS INC,923451108,4000.0,133,6.1174915018102114e-06
SPSC,SPS COMMERCE INC,78463M107,4000.0,34,6.1174915018102114e-06
SMR,NUSCALE POWER CORP,67079K100,4000.0,104,6.1174915018102114e-06
HUM,HUMANA INC,444859102,4000.0,16,6.1174915018102114e-06
TMP,TOMPKINS FINANCIAL CORP,890110109,4000.0,53,6.1174915018102114e-06
BLD,TOPBUILD CORP - W/I,89055F103,4000.0,11,6.1174915018102114e-06
MODG,TOPGOLF CALLAWAY BRANDS CP,131193104,4000.0,402,6.1174915018102114e-06
MODG,TOPGOLF CALLAWAY BRANDS CP,131193104,4000.0,421,6.1174915018102114e-06
CABO,CABLE ONE INC,12685J105,4000.0,21,6.1174915018102114e-06
HUBG,HUB GROUP INC,443320106,4000.0,108,6.1174915018102114e-06
EEFT,EURONET WORLDWIDE INC,298736109,4000.0,43,6.1174915018102114e-06
FIVE,FIVE BELOW INC,33829M101,4000.0,29,6.1174915018102114e-06
QC10,FLAGSTAR FINANCIAL INC,649445400,4000.0,313,6.1174915018102114e-06
ELAN,ELANCO ANIMAL HEALTH INC,28414H103,4000.0,178,6.1174915018102114e-06
FRME,FIRST MERCHANTS CORP,320817109,4000.0,100,6.1174915018102114e-06
CNXC,CONCENTRIX CORP,20602D101,4000.0,78,6.1174915018102114e-06
PBF,PBF ENERGY INC,69318G106,4000.0,133,6.1174915018102114e-06
KN,KNOWLES CORP,49926D109,4000.0,176,6.1174915018102114e-06
RWT,REDWOOD TRUST INC,758075402,4000.0,615,6.1174915018102114e-06
NYMT,NEW YORK MORTGAGE TRUST IN,649604840,4000.0,612,6.1174915018102114e-06
BDC,BELDEN CDT INC,077454106,4000.0,37,6.1174915018102114e-06
ALLE,ALLEGION PLC ORD SHS,G0176J109,4000.0,20,6.1174915018102114e-06
MTX,MINERALS TECHNOLOGIES,603158106,4000.0,58,6.1174915018102114e-06
ARI,APOLLO COMM,03762U105,4000.0,351,6.1174915018102114e-06
CNMD,CONMED CORP COM,207410101,4000.0,80,6.1174915018102114e-06
CRK,COMSTOCK RESOURCES INC,205768302,4000.0,195,6.1174915018102114e-06
PCVX,VAXCYTE INC,92243G108,4000.0,123,6.1174915018102114e-06
VCYT,VERACYTE INC,92337F107,4000.0,115,6.1174915018102114e-06
ALEX,ALEXANDER & BALDWIN INCNEW,014491104,4000.0,210,6.1174915018102114e-06
DOCN,DIGITALOCEAN HOLDINGS INC,25402D102,4000.0,104,6.1174915018102114e-06
DDS,DILLARDS INC CL A,254067101,4000.0,6,6.1174915018102114e-06
DCOM,DIME COMMUNITY BANCSHARES,25432X102,4000.0,150,6.1174915018102114e-06
BRBR,BELLRING BRANDS INC,07831C103,4000.0,97,6.1174915018102114e-06
UNFI,UNITED NATURAL FOODS,911163103,4000.0,94,6.1174915018102114e-06
OZK,BANK OZK,06417N103,4000.0,85,6.1174915018102114e-06
BKU,BANKUNITED INC,06652K103,4000.0,108,6.1174915018102114e-06
TKR,TIMKEN CO,887389104,4000.0,59,6.1174915018102114e-06
G,GENPACT LTD,G3922B107,4000.0,102,6.1174915018102114e-06
G,GENPACT LTD,G3922B107,4000.0,84,6.1174915018102114e-06
GNTX,GENTEX CORP,371901109,4000.0,157,6.1174915018102114e-06
PCTY,PAYLOCITY HOLDINGS CORP,70438V106,4000.0,22,6.1174915018102114e-06
KBR,KBR INC,48242W106,4000.0,77,6.1174915018102114e-06
HIMS,HIMS & HERS HEALTH INC,433000106,4000.0,71,6.1174915018102114e-06
HNI,HNI CORP,404251100,4000.0,77,6.1174915018102114e-06
ETSY,ETSY INC,29786A106,4000.0,62,6.1174915018102114e-06
ADMA,ADMA BIOLOGICS INC,000899104,4000.0,298,6.1174915018102114e-06
WWD,WOODWARD GOVERNOR CO COM,980745103,4000.0,17,6.1174915018102114e-06
LULU,LULULEMON ATHLETICA INC,550021109,4000.0,23,6.1174915018102114e-06
TDW,TIDEWATER INC,88642R109,4000.0,76,6.1174915018102114e-06
TDW,TIDEWATER INC,88642R109,4000.0,73,6.1174915018102114e-06
FW2N,BANNER CORP,06652V208,4000.0,54,6.1174915018102114e-06
FW2N,BANNER CORP,06652V208,4000.0,62,6.1174915018102114e-06
BOH,BANK OF HAWAII CORP,062540109,4000.0,59,6.1174915018102114e-06
CFFN,CAPITOL FEDERAL FINL INC,14057J101,4000.0,560,6.1174915018102114e-06
CPT,CAMDEN PPTY TR SBI,133131102,4000.0,34,6.1174915018102114e-06
CIBR,FIRST TRUST NASDAQ CYBERSE,33734X846,4000.0,59,6.1174915018102114e-06
WTW,WILLIS TOWERS WATS NPV,G96629103,4000.0,12,6.1174915018102114e-06
MASI,MASIMO CORPORATION,574795100,4000.0,29,6.1174915018102114e-06
APPF,APPFOLIO INC A,03783C100,4000.0,13,6.1174915018102114e-06
APLE,APPLE HOSPITALITY REIT INC,03784Y200,4000.0,321,6.1174915018102114e-06
COMP,COMPASS INC,20464U100,4000.0,476,6.1174915018102114e-06
STLA,STELLANTIS NV,N82405106,4000.0,469,6.1174915018102114e-06
SCL,STEPAN CO,858586100,4000.0,82,6.1174915018102114e-06
AGCO,AGCO CORP,001084102,4000.0,41,6.1174915018102114e-06
OLED,UNIVERSAL DISPLAY CP,91347P105,4000.0,30,6.1174915018102114e-06
HTH,HILLTOP HOLDINGS INC,432748101,4000.0,118,6.1174915018102114e-06
CWST,CASELLA WASTE SYSTEM CL A,147448104,4000.0,38,6.1174915018102114e-06
CCL,CARNIVAL CORP CL A,143658300,4000.0,139,6.1174915018102114e-06
KMX,CARMAX INC,143130102,4000.0,88,6.1174915018102114e-06
UNM,UNUM GROUP,91529Y106,4000.0,57,6.1174915018102114e-06
CYBR,CYBERARK SOFTWARE LTD,M2682V108,4000.0,8,6.1174915018102114e-06
DAN,DANA INCORPORATED,235825205,4000.0,195,6.1174915018102114e-06
SAH,SONIC AUTOMOTIVE INC,83545G102,4000.0,48,6.1174915018102114e-06
GD,GENERAL DYNAMICS CORP,369550108,4000.0,12,6.1174915018102114e-06
PPC,PILGRIMS PRIDE CORP,72147K108,4000.0,96,6.1174915018102114e-06
PH,PARKER-HANNIFIN CORP,701094104,4000.0,5,6.1174915018102114e-06
PAYX,PAYCHEX INC,704326107,4000.0,29,6.1174915018102114e-06
RBA,RB GLOBAL INC,74935Q107,4000.0,39,6.1174915018102114e-06
EPRT,ESSENTIAL PROPERTIES REALT,29670E107,4000.0,127,6.1174915018102114e-06
FBK,FB FINANCIAL CORP,30257X104,4000.0,79,6.1174915018102114e-06
TBBK,BANCORP INC,05969A105,4000.0,53,6.1174915018102114e-06
TGTX,TG THERAPEUTICS INC,88322Q108,4000.0,100,6.1174915018102114e-06
SFNC,SIMMONS FIRST NATIONAL COR,828730200,4000.0,207,6.1174915018102114e-06
BPOP,POPULAR INC COM NEW,733174700,4000.0,33,6.1174915018102114e-06
ALKS,ALKERMES PLC,G01767105,4000.0,119,6.1174915018102114e-06
GBX,GREENBRIER COMPANIES INC,393657101,4000.0,88,6.1174915018102114e-06
ARGX,ARGENX SE ADR,04016X101,4000.0,5,6.1174915018102114e-06
ACHR,ARCHER AVIATION INC,03945R102,4000.0,428,6.1174915018102114e-06
STC,STEWART INFORMATION SVC CP,860372101,4000.0,53,6.1174915018102114e-06
STM,STMICROELECTRONICS NV COM,861012102,4000.0,128,6.1174915018102114e-06
THRM,GENTHERM INC,37253A103,4000.0,105,6.1174915018102114e-06
SHC,SOTERA HEALTH CO,83601L102,4000.0,253,6.1174915018102114e-06
WDFC,WD 40 COMPANY,929236107,4000.0,20,6.1174915018102114e-06
WFRD,WEATHERFORD INTL PLC ORD,G48833118,4000.0,64,6.1174915018102114e-06
HI,HILLENBRAND INC,431571108,4000.0,133,6.1174915018102114e-06
NAVI,NAVIENT CORP COM,63938C108,4000.0,266,6.1174915018102114e-06
INSW,INTERNATIONAL SEAWAYS INC,Y41053102,4000.0,81,6.1174915018102114e-06
DINO,HF SINCLAIR CORP,403949100,4000.0,77,6.1174915018102114e-06
DINO,HF SINCLAIR CORP,403949100,4000.0,77,6.1174915018102114e-06
MARA,MARATHON DIGITAL HOLDINGS,565788106,4000.0,238,6.1174915018102114e-06
LOGI,LOGITECH INTL SA,H50430232,4000.0,34,6.1174915018102114e-06
SITM,SITIME CORP,82982T106,4000.0,14,6.1174915018102114e-06
AMR,ALPHA METALLURGICAL RESOUR,020764106,4000.0,27,6.1174915018102114e-06
ALE,ALLETE INC,018522300,4000.0,54,6.1174915018102114e-06
LAUR,LAUREATE EDUCATION INC A,518613203,4000.0,118,6.1174915018102114e-06
LAMR,LAMAR ADVERTISING CO,512816109,4000.0,34,6.1174915018102114e-06
LNN,LINDSAY MFG CO,535555106,4000.0,27,6.1174915018102114e-06
ACT,ENACT HOLDINGS INC,29249E109,4000.0,92,6.1174915018102114e-06
EFC,ELLINGTON FINANCIAL INC,28852N109,4000.0,285,6.1174915018102114e-06
SBH,SALLY BEAUTY HLDGS,79546E104,4000.0,256,6.1174915018102114e-06
ELAN,ELANCO ANIMAL HEALTH INC,28414H103,4000.0,183,6.1174915018102114e-06
LAD,LITHIA MTRS INC CL A,536797103,4000.0,12,6.1174915018102114e-06
PK,PARK HOTELS & RESORTS INC,700517105,4000.0,334,6.1174915018102114e-06
GPK,GRAPHIC PACKAGING HLDG CO,388689101,4000.0,206,6.1174915018102114e-06
XRAY,DENTSPLY SIRONA INC,24906P109,4000.0,282,6.1174915018102114e-06
DTE,DETROIT ENERGY CO,233331107,4000.0,28,6.1174915018102114e-06
SPNT,SIRIUSPOINT LTD,G8192H106,4000.0,241,6.1174915018102114e-06
SITC,SITE CENTERS CORP,82981J851,4000.0,395,6.1174915018102114e-06
OMC,OMNICOM GROUP INC,681919106,4000.0,46,6.1174915018102114e-06
PLAB,PHOTRONIC INC,719405102,4000.0,174,6.1174915018102114e-06
AEO,AMER EAGLE OUTFITTERS NEW,02553E106,4000.0,212,6.1174915018102114e-06
SAIC,SCIENCE APPLICATNS INTL CP,808625107,4000.0,44,6.1174915018102114e-06
SMG,SCOTTS MIRACLE-GRO CO,810186106,4000.0,62,6.1174915018102114e-06
DUOL,DUOLINGO INC,26603R106,4000.0,12,6.1174915018102114e-06
RCUS,ARCUS BIOSCIENCES INC,03969F109,4000.0,328,6.1174915018102114e-06
CGNX,COGNEX CORP,192422103,4000.0,95,6.1174915018102114e-06
CGNX,COGNEX CORP,192422103,4000.0,94,6.1174915018102114e-06
NBGRY,NATIONAL BANK OF GREECE SA,633643879,4000.0,256,6.1174915018102114e-06
AZZ,AZZ INC,002474104,4000.0,33,6.1174915018102114e-06
CERT,CERTARA INC,15687V109,4000.0,316,6.1174915018102114e-06
AVT,AVNET INC,053807103,4000.0,84,6.1174915018102114e-06
ESE,ESCO TECHNOLOGIES INC,296315104,4000.0,17,6.1174915018102114e-06
RUSHA,RUSH ENTERPRISES,781846209,4000.0,79,6.1174915018102114e-06
MGRC,MCGRATH RENT CORP,580589109,4000.0,35,6.1174915018102114e-06
SLVM,SYLVAMO CORP,871332102,4000.0,98,6.1174915018102114e-06
HASI,HA SUSTAIN INFRAST CAP INC,41068X100,4000.0,134,6.1174915018102114e-06
GO,GROCERY OUTLET HOLDING COR,39874R101,4000.0,247,6.1174915018102114e-06
ARLO,ARLO TECHNOLOGIES INC,04206A101,4000.0,235,6.1174915018102114e-06
MC,MOELIS & CO,60786M105,4000.0,55,6.1174915018102114e-06
ACA,ARCOSA INC,039653100,4000.0,40,6.1174915018102114e-06
PECO,PHILLIPS EDISON & CO INC,71844V201,4000.0,122,6.1174915018102114e-06
AL,AIR LEASE CORP,00912X302,4000.0,55,6.1174915018102114e-06
PTGX,PROTAGONIST THERAPEUTICS I,74366E102,4000.0,59,6.1174915018102114e-06
PTGX,PROTAGONIST THERAPEUTICS I,74366E102,4000.0,65,6.1174915018102114e-06
PNC,PNC FINANCIAL SVS GRP,693475105,4000.0,19,6.1174915018102114e-06
PII,POLARIS INC,731068102,4000.0,70,6.1174915018102114e-06
RXO,RXO INC,74982T103,4000.0,271,6.1174915018102114e-06
RXO,RXO INC,74982T103,4000.0,244,6.1174915018102114e-06
ADUS,ADDUS HOMECARE CORP,006739106,4000.0,30,6.1174915018102114e-06
GXO,GXO LOGISTICS INC,36262G101,4000.0,70,6.1174915018102114e-06
JHG,JANUS HENDERSON GROUP PLC,G4474Y214,4000.0,96,6.1174915018102114e-06
LAD,LITHIA MTRS INC CL A,536797103,4000.0,12,6.1174915018102114e-06
FHN,FIRST HORIZON CORP,320517105,4000.0,183,6.1174915018102114e-06
NVST,ENVISTA HOLDINGS CORP,29415F104,4000.0,175,6.1174915018102114e-06
MCRI,MONARCH CASINO & RESORT,609027107,4000.0,41,6.1174915018102114e-06
MCRI,MONARCH CASINO & RESORT,609027107,4000.0,40,6.1174915018102114e-06
CAKE,CHEESECAKE FACTORY INC,163072101,4000.0,78,6.1174915018102114e-06
HP,HELMERICH & PAYNE,423452101,4000.0,181,6.1174915018102114e-06
ON,ON-SEMICONDUCTOR CORP,682189105,4000.0,88,6.1174915018102114e-06
CHEF,CHEFS WHSE INC,163086101,4000.0,71,6.1174915018102114e-06
CRL,CHARLES RIVER LABS,159864107,4000.0,25,6.1174915018102114e-06
XLV,HEALTH CARE SELECT SPDR,81369Y209,4000.0,30,6.1174915018102114e-06
HCI,HCI GROUP INC,40416E103,4000.0,22,6.1174915018102114e-06
TEX,TEREX CORP DEL,880779103,4000.0,71,6.1174915018102114e-06
VVV,VALVOLINE INC,92047W101,4000.0,98,6.1174915018102114e-06
RNA,AVIDITY BIOSCIENCES INC,05370A108,4000.0,97,6.1174915018102114e-06
AGYS,AGILYSYS INC COM,00847J105,4000.0,37,6.1174915018102114e-06
AGIO,AGIOS PHARMACEUTICALS INC,00847X104,4000.0,110,6.1174915018102114e-06
DRI,DARDEN RESTAURANTS,237194105,4000.0,20,6.1174915018102114e-06
GATX,GATX CORP,361448103,4000.0,23,6.1174915018102114e-06
PIPR,PIPER SANDLER COMPANIES,724078100,4000.0,11,6.1174915018102114e-06
PBI,PITNEY BOWES,724479100,4000.0,364,6.1174915018102114e-06
PJT,PJT PARTNERS INC,69343T107,4000.0,20,6.1174915018102114e-06
ASX,ASE TECHNOLOGY HLDG CO LTD,00215W100,4000.0,394,6.1174915018102114e-06
ERIE,ERIE INDEMNITY CO CL A,29530P102,4000.0,11,6.1174915018102114e-06
EPR,EPR PPTYS,26884U109,4000.0,68,6.1174915018102114e-06
RDN,RADIAN GROUP INC,750236101,4000.0,101,6.1174915018102114e-06
LPX,LOUISIANA PACIFIC CORP,546347105,4000.0,43,6.1174915018102114e-06
MKL,MARKEL GROUP INC,570535104,4000.0,2,6.1174915018102114e-06
HAS,HASBRO INC,418056107,4000.0,48,6.1174915018102114e-06
T,TELUS CORP,87971M103,4000.0,237,6.1174915018102114e-06
IPGP,IPG PHOTONICS CORP,44980X109,4000.0,45,6.1174915018102114e-06
GXO,GXO LOGISTICS INC,36262G101,4000.0,71,6.1174915018102114e-06
CNHI,CNH INDUSTRIAL NV,N20944109,4000.0,389,6.1174915018102114e-06
CNO,CNO FINANCIAL GROUP INC,12621E103,4000.0,95,6.1174915018102114e-06
HLN,HALEON PLC ADR,405552100,4000.0,440,6.1174915018102114e-06
HLN,HALEON PLC ADR,405552100,4000.0,455,6.1174915018102114e-06
HAL,HALLIBURTON CO.,406216101,4000.0,168,6.1174915018102114e-06
APAM,ARTISAN PRTS ASSET MGT A,04316A108,4000.0,100,6.1174915018102114e-06
IQV,IQVIA HOLDINGS INC,46266C105,4000.0,19,6.1174915018102114e-06
HLIT,HARMONIC LIGHTWAVES INC,413160102,4000.0,375,6.1174915018102114e-06
HROW,HARROW INC,415858109,4000.0,90,6.1174915018102114e-06
OPCH,OPTION CARE HEALTH INC,68404L201,4000.0,135,6.1174915018102114e-06
QNST,QUINSTREET INC,74874Q100,4000.0,278,6.1174915018102114e-06
FAF,FIRST AMERICAN FINAN CORP,31847R102,4000.0,57,6.1174915018102114e-06
SM,SM ENERGY CO,78454L100,4000.0,157,6.1174915018102114e-06
AOS,SMITH A O CORP,831865209,4000.0,50,6.1174915018102114e-06
CNO,CNO FINANCIAL GROUP INC,12621E103,4000.0,99,6.1174915018102114e-06
CNX,CNX RESOURCES CORP,12653C108,4000.0,122,6.1174915018102114e-06
CWEN,CLEARWAY ENERGY INC CL C,18539C204,4000.0,134,6.1174915018102114e-06
NPO,ENPRO INC,29355X107,4000.0,17,6.1174915018102114e-06
EPAC,ENERPAC TOOL GROUP CORP,292765104,4000.0,90,6.1174915018102114e-06
SBRA,SABRA HEALTH CARE REIT INC,78573L106,4000.0,193,6.1174915018102114e-06
ETR,ENTERGY CORP NEW,29364G103,4000.0,46,6.1174915018102114e-06
CWEN,CLEARWAY ENERGY INC CL C,18539C204,4000.0,131,6.1174915018102114e-06
WPC,W P CAREY INC COM,92936U109,4000.0,56,6.1174915018102114e-06
KRYS,KRYSTAL BIOTECH INC,501147102,4000.0,20,6.1174915018102114e-06
SKYW,SKYWEST INC,830879102,4000.0,44,6.1174915018102114e-06
GAP,GAP INC,364760108,4000.0,172,6.1174915018102114e-06
SLG,SL GREEN REALTY CORP,78440X887,4000.0,61,6.1174915018102114e-06
FBP,FIRST BANCORP PUERTO RICO,318672706,4000.0,170,6.1174915018102114e-06
AEIS,ADVANCED ENERGY INDS,007973100,4000.0,22,6.1174915018102114e-06
ASIX,ADVANSIX INC,00773T101,4000.0,220,6.1174915018102114e-06
AGO,ASSURED GUARANTY LTD,G0585R106,4000.0,49,6.1174915018102114e-06
OUT,OUTFRONT MEDIA INC,69007J304,4000.0,197,6.1174915018102114e-06
OUT,OUTFRONT MEDIA INC,69007J304,4000.0,191,6.1174915018102114e-06
CNK,CINEMARK HOLDINGS INC,17243V102,4000.0,142,6.1174915018102114e-06
CB,CHUBB LIMITED,H1467J104,4000.0,14,6.1174915018102114e-06
CHDN,CHURCHILL DOWNS INC,171484108,4000.0,42,6.1174915018102114e-06
AUB,ATLANTIC UN BANKSHARES CP,04911A107,4000.0,123,6.1174915018102114e-06
HNM,ORMAT TECHNOLOGIES INC CO,686688102,4000.0,43,6.1174915018102114e-06
CRUS,CIRRUS LOGIC INC,172755100,4000.0,35,6.1174915018102114e-06
CRUS,CIRRUS LOGIC INC,172755100,4000.0,34,6.1174915018102114e-06
TMHC,TAYLOR MORRISON HOME,87724P106,4000.0,56,6.1174915018102114e-06
TMHC,TAYLOR MORRISON HOME,87724P106,4000.0,60,6.1174915018102114e-06
TMHC,TAYLOR MORRISON HOME,87724P106,4000.0,53,6.1174915018102114e-06
MOG/A,MOOG A,615394202,4000.0,19,6.1174915018102114e-06
MLTX,MOONLAKE IMMUNOTHERAPEUTIC,61559X104,4000.0,495,6.1174915018102114e-06
ITUB,ITAU UNIBANCO HLDGS SA ADR,465562106,4000.0,581,6.1174915018102114e-06
EXTR,EXTREME NETWORKS,30226D106,4000.0,180,6.1174915018102114e-06
RGEN,REPLIGEN CORP,759916109,4000.0,29,6.1174915018102114e-06
Z,ZILLOW GROUP INC-C W/I,98954M200,4000.0,46,6.1174915018102114e-06
TFIN,TRIUMPH BANCORP INC,89679E300,4000.0,75,6.1174915018102114e-06
NMIH,NMI HOLDINGS INC,629209305,4000.0,101,6.1174915018102114e-06
NOK,NOKIA CORP ADR,654902204,4000.0,775,6.1174915018102114e-06
SHAK,SHAKE SHACK INC,819047101,4000.0,43,6.1174915018102114e-06
SN,SHARKNINJA INC,G8068L108,4000.0,38,6.1174915018102114e-06
LEG,LEGGETT & PLATT INC,524660107,4000.0,490,6.1174915018102114e-06
TRST,TRUSTCO BANK CORP NY,898349204,4000.0,104,6.1174915018102114e-06
TWST,TWIST BIOSCIENCE CORP,90184D100,4000.0,130,6.1174915018102114e-06
ZM,ZOOM COMMUNICATIONS INC,98980L101,4000.0,45,6.1174915018102114e-06
MTB,M&T BANK CORP,55261F104,4000.0,19,6.1174915018102114e-06
MAC,MACERICH CO,554382101,4000.0,198,6.1174915018102114e-06
ZBRA,ZEBRA TECHNOLOGIES CP CL A,989207105,4000.0,13,6.1174915018102114e-06
ABM,ABM INDS INC,000957100,3000.0,62,4.5881186263576586e-06
RSHGY,RESONA HOLDINGS INC,76118A205,3000.0,128,4.5881186263576586e-06
REZI,RESIDEO TECH INC,76118Y104,3000.0,65,4.5881186263576586e-06
VCTR,VICTORY CAPITAL HOLDINGS I,92645B103,3000.0,43,4.5881186263576586e-06
FMC,FMC CORP COM NEW,302491303,3000.0,88,4.5881186263576586e-06
ZG,ZILLOW GROUP INC CL A,98954M101,3000.0,40,4.5881186263576586e-06
ATEN,A10 NETWORKS INC,002121101,3000.0,157,4.5881186263576586e-06
ZWS,ZURN ELKAY WATER SOLUTIONS,98983L108,3000.0,54,4.5881186263576586e-06
TPH,TRI POINTE HOMES INC,87265H109,3000.0,85,4.5881186263576586e-06
UHAL/B,U-HAUL HLDG CO,023586506,3000.0,67,4.5881186263576586e-06
BXMT,BLACKSTONE MORTGAGE TRUST,09257W100,3000.0,164,4.5881186263576586e-06
BL,BLACKLINE INC,09239B109,3000.0,60,4.5881186263576586e-06
MHO,M/I SCHOTTENSTEIN HOME,55305B101,3000.0,24,4.5881186263576586e-06
RIOT,RIOT PLATFORMS INC,767292105,3000.0,181,4.5881186263576586e-06
RHI,ROBERT HALF INC,770323103,3000.0,88,4.5881186263576586e-06
XPO,XPO INC,983793100,3000.0,25,4.5881186263576586e-06
EGP,EASTGROUP PROPERTIES INC,277276101,3000.0,18,4.5881186263576586e-06
SNDR,SCHNEIDER NATIONAL INC,80689H102,3000.0,136,4.5881186263576586e-06
FWONK,LIBERTY MEDIA CORP-LIBERTY,531229755,3000.0,26,4.5881186263576586e-06
CRCL,CIRCLE INTERNET GROUP INC,172573107,3000.0,21,4.5881186263576586e-06
TRP,TC ENERGY CORP NPV,87807B107,3000.0,48,4.5881186263576586e-06
TRP,TC ENERGY CORPORATION.,87807B107,3000.0,58,4.5881186263576586e-06
CHRD,CHORD ENERGY CORP,674215207,3000.0,30,4.5881186263576586e-06
TGNA,TEGNA INC.,87901J105,3000.0,151,4.5881186263576586e-06
ATRC,ATRICURE INC,04963C209,3000.0,90,4.5881186263576586e-06
OBK,ORIGIN BANCORP INC,68621T102,3000.0,80,4.5881186263576586e-06
IX,ORIX CORP SPON ADR,686330101,3000.0,124,4.5881186263576586e-06
OSCR,OSCAR HEALTH INC,687793109,3000.0,172,4.5881186263576586e-06
HBI,HANESBRANDS INC,410345102,3000.0,460,4.5881186263576586e-06
HOG,HARLEY DAVIDSON INC,412822108,3000.0,117,4.5881186263576586e-06
CHCO,CITY HOLDING CO,177835105,3000.0,28,4.5881186263576586e-06
SKT,TANGER INC,875465106,3000.0,85,4.5881186263576586e-06
TARS,TARSUS PHARMACEUTICALS INC,87650L103,3000.0,48,4.5881186263576586e-06
AUB,ATLANTIC UN BANKSHARES CP,04911A107,3000.0,97,4.5881186263576586e-06
ATI,ATI INC,01741R102,3000.0,41,4.5881186263576586e-06
AWN,ADVANCE AUTO PARTS,00751Y106,3000.0,55,4.5881186263576586e-06
ICL,ISRAEL CHEMICALS LTD SHS,M53213100,3000.0,440,4.5881186263576586e-06
KFY,KORN FERRY,500643200,3000.0,42,4.5881186263576586e-06
KHC,KRAFT HEINZ CO,500754106,3000.0,105,4.5881186263576586e-06
KGS,KODIAK GAS SERVICES INC,50012A108,3000.0,72,4.5881186263576586e-06
DAR,DARLING INGREDIENTS INC.,237266101,3000.0,88,4.5881186263576586e-06
DDOG,DATADOG INC,23804L103,3000.0,20,4.5881186263576586e-06
PLAY,DAVE & BUSTERS ENTERTAINM,238337109,3000.0,144,4.5881186263576586e-06
TRL,DAVITA INC,23918K108,3000.0,19,4.5881186263576586e-06
TRL,DAVITA INC,23918K108,3000.0,19,4.5881186263576586e-06
DAY,DAYFORCE INC,15677J108,3000.0,43,4.5881186263576586e-06
SM,SM ENERGY CO,78454L100,3000.0,116,4.5881186263576586e-06
ITRI,ITRON INC,465741106,3000.0,21,4.5881186263576586e-06
OTIS,OTIS WORLDWIDE CORP,68902V107,3000.0,28,4.5881186263576586e-06
OTTR,OTTER TAIL PWR CO,689648103,3000.0,33,4.5881186263576586e-06
CNK,CINEMARK HOLDINGS INC,17243V102,3000.0,94,4.5881186263576586e-06
NVRI,ENVIRI CORPORATION,415864107,3000.0,228,4.5881186263576586e-06
VOYA,VOYA FINL INC NPV,929089100,3000.0,40,4.5881186263576586e-06
CIVI,CIVITAS RESOURCES INC,17888H103,3000.0,98,4.5881186263576586e-06
NPO,ENPRO INC,29355X107,3000.0,13,4.5881186263576586e-06
ENS,ENERSYS COM,29275Y102,3000.0,26,4.5881186263576586e-06
ENS,ENERSYS COM,29275Y102,3000.0,24,4.5881186263576586e-06
EFSC,ENTERPRISE FINANCIAL SERVI,293712105,3000.0,45,4.5881186263576586e-06
CLF,CLEVELAND-CLIFFS INC,185899101,3000.0,274,4.5881186263576586e-06
CWEN/A,CLEARWAY ENERGY INC CL A,18539C105,3000.0,102,4.5881186263576586e-06
ASTE,ASTEC INDUSTRIES INC,046224101,3000.0,59,4.5881186263576586e-06
LNTH,LANTHEUS HOLDINGS INC,516544103,3000.0,49,4.5881186263576586e-06
LKFN,LAKELAND FINL CORP,511656100,3000.0,45,4.5881186263576586e-06
KYMR,KYMERA THERAPEUTICS INC,501575104,3000.0,53,4.5881186263576586e-06
SITE,SITEONE LANDSCAPE SUPPLY I,82982L103,3000.0,25,4.5881186263576586e-06
LBTYK,LIBERTY GLOBAL LTD NPV,G61188127,3000.0,227,4.5881186263576586e-06
FBP,FIRST BANCORP PUERTO RICO,318672706,3000.0,142,4.5881186263576586e-06
AVB,AVALONBAY COMMUNITIES INC,053484101,3000.0,17,4.5881186263576586e-06
ASTE,ASTEC INDUSTRIES INC,046224101,3000.0,55,4.5881186263576586e-06
ASB,ASSOCIATED BANC CORP COM,045487105,3000.0,121,4.5881186263576586e-06
JBHT,J B HUNT TRANSPORT SVCS,445658107,3000.0,25,4.5881186263576586e-06
CMS,CMS ENERGY CORP,125896100,3000.0,40,4.5881186263576586e-06
CNHI,CNH INDUSTRIAL NV,N20944109,3000.0,302,4.5881186263576586e-06
HAE,HAEMONETICS CORP MASS,405024100,3000.0,60,4.5881186263576586e-06
STX,SEAGATE TECHNOLOGY,G7997R103,3000.0,14,4.5881186263576586e-06
DFH,DREAM FINDERS HOMES INC,26154D100,3000.0,113,4.5881186263576586e-06
DRVN,DRIVEN BRANDS HOLDINGS INC,26210V102,3000.0,165,4.5881186263576586e-06
HCI,HCI GROUP INC,40416E103,3000.0,15,4.5881186263576586e-06
HRMY,HARMONY BIOSCIENCES HOLDIN,413197104,3000.0,100,4.5881186263576586e-06
CHWY,CHEWY INC,16679L109,3000.0,82,4.5881186263576586e-06
AVTR,AVANTOR INC,05352A100,3000.0,280,4.5881186263576586e-06
AVB,AVALONBAY COMMUNITIES INC,053484101,3000.0,15,4.5881186263576586e-06
IXJ,ISHARES TR S&P GBL HLTHCR,464287325,3000.0,30,4.5881186263576586e-06
VVV,VALVOLINE INC,92047W101,3000.0,93,4.5881186263576586e-06
AGIO,AGIOS PHARMACEUTICALS INC,00847X104,3000.0,76,4.5881186263576586e-06
ADC,AGREE REALTY CORP,008492100,3000.0,40,4.5881186263576586e-06
APAM,ARTISAN PRTS ASSET MGT A,04316A108,3000.0,67,4.5881186263576586e-06
AWG,ASBURY AUTOMOTIVE GROUP,043436104,3000.0,13,4.5881186263576586e-06
AWG,ASBURY AUTOMOTIVE GROUP,043436104,3000.0,14,4.5881186263576586e-06
ARR,ARMOUR RESIDENTIAL REIT IN,042315705,3000.0,220,4.5881186263576586e-06
SYNA,SYNAPTICS INC,87157D109,3000.0,44,4.5881186263576586e-06
PKG,PACKAGING CORP OF AMER,695156109,3000.0,15,4.5881186263576586e-06
WGO,WINNEBAGO INDUSTRIES,974637100,3000.0,85,4.5881186263576586e-06
WF2,WINTRUST FINANCIAL,97650W108,3000.0,19,4.5881186263576586e-06
WF2,WINTRUST FINANCIAL,97650W108,3000.0,25,4.5881186263576586e-06
VAC,MARRIOTT VACATIONS WORLD,57164Y107,3000.0,39,4.5881186263576586e-06
CC,CHEMOURS CO,163851108,3000.0,180,4.5881186263576586e-06
OPY,OPPENHEIMER HLDGS CL A,683797104,3000.0,42,4.5881186263576586e-06
HAS,HASBRO INC,418056107,3000.0,41,4.5881186263576586e-06
ADUS,ADDUS HOMECARE CORP,006739106,3000.0,29,4.5881186263576586e-06
ADEA,ADEIA INC,00676P107,3000.0,206,4.5881186263576586e-06
WLY,JOHN WILEY & SONS INC CL A,968223206,3000.0,79,4.5881186263576586e-06
JBGS,JBG SMITH PROPERTIES,46590V100,3000.0,127,4.5881186263576586e-06
LFUS,LITTELFUSE INC COM,537008104,3000.0,11,4.5881186263576586e-06
ENB,ENBRIDGE INC COM,29250N105,3000.0,61,4.5881186263576586e-06
FR,FIRST INDUSTRIAL RLTY TR,32054K103,3000.0,55,4.5881186263576586e-06
FR,FIRST INDUSTRIAL RLTY TR,32054K103,3000.0,59,4.5881186263576586e-06
QS,QUANTUMSCAPE CORP,74767V109,3000.0,235,4.5881186263576586e-06
ECPG,ENCORE CAPITAL GROUP,292554102,3000.0,64,4.5881186263576586e-06
ENR,ENERGIZER SPINCO INC,29272W109,3000.0,123,4.5881186263576586e-06
NABL,N-ABLE INC,62878D100,3000.0,328,4.5881186263576586e-06
HSTM,HEALTHSTREAM INC,42222N103,3000.0,105,4.5881186263576586e-06
HR,HEALTHCARE REALTY TRUST IN,42226K105,3000.0,145,4.5881186263576586e-06
TEX,TEREX CORP DEL,880779103,3000.0,55,4.5881186263576586e-06
AXS,AXIS CAPITAL HOLDINGS,G0692U109,3000.0,34,4.5881186263576586e-06
LC,LENDINGCLUB CORP,52603A208,3000.0,207,4.5881186263576586e-06
SLVM,SYLVAMO CORP,871332102,3000.0,60,4.5881186263576586e-06
COKE,COCA-COLA CONSOLIDATED INC,191098102,3000.0,26,4.5881186263576586e-06
GH,GUARDANT HEALTH INC,40131M109,3000.0,50,4.5881186263576586e-06
GES,GUESS INC,401617105,3000.0,186,4.5881186263576586e-06
PAAS,PAN AMERICAN SILVER CORP.,697900108,3000.0,67,4.5881186263576586e-06
PZZA,PAPA JOHNS INTERNATIONAL,698813102,3000.0,65,4.5881186263576586e-06
JBLU,JETBLUE AIRWAYS CORP,477143101,3000.0,686,4.5881186263576586e-06
JBLU,JETBLUE AIRWAYS CORP,477143101,3000.0,624,4.5881186263576586e-06
PLAB,PHOTRONIC INC,719405102,3000.0,128,4.5881186263576586e-06
PRLB,PROTO LABS INC,743713109,3000.0,65,4.5881186263576586e-06
PRLB,PROTO LABS INC,743713109,3000.0,63,4.5881186263576586e-06
PFS,PROVIDENT FINL SVCS,74386T105,3000.0,177,4.5881186263576586e-06
DAY,DAYFORCE INC,15677J108,3000.0,40,4.5881186263576586e-06
RXO,RXO INC,74982T103,3000.0,179,4.5881186263576586e-06
ELS,EQUITY LIFESTYLE PPTYS INC,29472R108,3000.0,47,4.5881186263576586e-06
KSS,KOHLS CORP,500255104,3000.0,225,4.5881186263576586e-06
MCY,MERCURY GENL CORP NEW,589400100,3000.0,41,4.5881186263576586e-06
AMTM,AMENTUM HOLDINGS,023939101,3000.0,126,4.5881186263576586e-06
SBCF,SEACOAST BKG CORP FLA,811707801,3000.0,109,4.5881186263576586e-06
ARQT,ARCUTIS BIOTHERAPEUTICS IN,03969K108,3000.0,138,4.5881186263576586e-06
SMMT,SUMMIT THERAPEUTICS INC,86627T108,3000.0,135,4.5881186263576586e-06
SUI,SUN COMMUNITIES INC,866674104,3000.0,26,4.5881186263576586e-06
COHR,COHERENT CORP,19247G107,3000.0,27,4.5881186263576586e-06
AZTA,AZENTA INC,114340102,3000.0,101,4.5881186263576586e-06
VAL,VALARIS LTD,G9460G101,3000.0,70,4.5881186263576586e-06
CERT,CERTARA INC,15687V109,3000.0,229,4.5881186263576586e-06
CPF,CENTRAL PACIFIC FINANCIAL,154760409,3000.0,90,4.5881186263576586e-06
AXTA,AXALTA COATING,G0750C108,3000.0,110,4.5881186263576586e-06
IONS,IONIS PHARMACEUTICALS INC.,462222100,3000.0,39,4.5881186263576586e-06
4IU,INVESCO INDIA EXCHANGE-TRA,46137R109,3000.0,124,4.5881186263576586e-06
N/A,FERROVIAL SE,N3168P101,3000.0,54,4.5881186263576586e-06
PK,PARK HOTELS & RESORTS INC,700517105,3000.0,282,4.5881186263576586e-06
EMBC,EMBECTA CORP,29082K105,3000.0,235,4.5881186263576586e-06
EMBC,EMBECTA CORP,29082K105,3000.0,235,4.5881186263576586e-06
SBH,SALLY BEAUTY HLDGS,79546E104,3000.0,188,4.5881186263576586e-06
AER,AERCAP HLDGS NV,N00985106,3000.0,23,4.5881186263576586e-06
LNT,ALLIANT ENERGY CORP,018802108,3000.0,46,4.5881186263576586e-06
XRAY,DENTSPLY SIRONA INC,24906P109,3000.0,218,4.5881186263576586e-06
DAL,DELTA AIR LINES INC DEL,247361702,3000.0,51,4.5881186263576586e-06
SPNT,SIRIUSPOINT LTD,G8192H106,3000.0,191,4.5881186263576586e-06
SPNT,SIRIUSPOINT LTD,G8192H106,3000.0,160,4.5881186263576586e-06
NSA,NATL STORAGE AFFILIATES TR,637870106,3000.0,83,4.5881186263576586e-06
BCPC,BALCHEM CORP,057665200,3000.0,17,4.5881186263576586e-06
USNA,USANA HEALTH SCIENCES,90328M107,3000.0,105,4.5881186263576586e-06
CENX,CENTURY ALUM CO,156431108,3000.0,111,4.5881186263576586e-06
HFWA,HERITAGE FINANCIAL CORP,42722X106,3000.0,110,4.5881186263576586e-06
AZTA,AZENTA INC,114340102,3000.0,101,4.5881186263576586e-06
NAVI,NAVIENT CORP COM,63938C108,3000.0,221,4.5881186263576586e-06
CM,CDN IMPERIAL BK COMMER,136069101,3000.0,33,4.5881186263576586e-06
CATY,CATHAY GENERAL BANCORP CO,149150104,3000.0,57,4.5881186263576586e-06
ODFL,OLD DOMINION FREIGHT,679580100,3000.0,22,4.5881186263576586e-06
ADEA,ADEIA INC,00676P107,3000.0,158,4.5881186263576586e-06
MARA,MARATHON DIGITAL HOLDINGS,565788106,3000.0,144,4.5881186263576586e-06
RPM,RPM INTL INC,749685103,3000.0,24,4.5881186263576586e-06
FA,FIRST ADVANTAGE CORP,31846B108,3000.0,188,4.5881186263576586e-06
OMCL,OMNICELL INC,68213N109,3000.0,104,4.5881186263576586e-06
OMCL,OMNICELL INC,68213N109,3000.0,106,4.5881186263576586e-06
USB,US BANCORP DEL NEW,902973304,3000.0,61,4.5881186263576586e-06
NHI,NATIONAL HEALTH INVS INC,63633D104,3000.0,35,4.5881186263576586e-06
LSTR,LANDSTAR SYS INC,515098101,3000.0,24,4.5881186263576586e-06
SNRE,SUNRISE COMMUNICATIONS AG,867975104,3000.0,47,4.5881186263576586e-06
SHO,SUNSTONE HOTEL INVS INC,867892101,3000.0,339,4.5881186263576586e-06
GRFS,GRIFOLS SA ADR,398438408,3000.0,300,4.5881186263576586e-06
ALSN,ALLISON TRANSMISSION H,01973R101,3000.0,32,4.5881186263576586e-06
WAFD,WAFD INC,938824109,3000.0,96,4.5881186263576586e-06
GPK,GRAPHIC PACKAGING HLDG CO,388689101,3000.0,175,4.5881186263576586e-06
ARIS,ARIS WATER SOLUTION INC,04041L106,3000.0,105,4.5881186263576586e-06
ACHR,ARCHER AVIATION INC,03945R102,3000.0,302,4.5881186263576586e-06
AROC,ARCHROCK INC,03957W106,3000.0,128,4.5881186263576586e-06
STRA,STRATEGIC ED INC,86272C103,3000.0,32,4.5881186263576586e-06
STRA,STRATEGIC ED INC,86272C103,3000.0,35,4.5881186263576586e-06
COHU,COHU INC,192576106,3000.0,167,4.5881186263576586e-06
GEF,GREIF BROS CORP CL A,397624107,3000.0,48,4.5881186263576586e-06
SEDG,SOLAREDGE TECHNOLOGIES INC,83417M104,3000.0,85,4.5881186263576586e-06
WFRD,WEATHERFORD INTL PLC ORD,G48833118,3000.0,37,4.5881186263576586e-06
FOXF,FOX FACTORY HOLDING CORP,35138V102,3000.0,133,4.5881186263576586e-06
FBRT,FRANKLIN BSP REALTY TRUST,35243J101,3000.0,277,4.5881186263576586e-06
UPST,UPSTART HOLDINGS INC,91680M107,3000.0,65,4.5881186263576586e-06
URBN,URBAN OUTFITTERS INC,917047102,3000.0,48,4.5881186263576586e-06
RYN,RAYONIER INC REIT,754907103,3000.0,121,4.5881186263576586e-06
SOLV,SOLVENTUM CORP,83444M101,3000.0,37,4.5881186263576586e-06
DAN,DANA INCORPORATED,235825205,3000.0,147,4.5881186263576586e-06
TPD,SOMNIGROUP INTERNATIONAL,88023U101,3000.0,30,4.5881186263576586e-06
PATK,PATRICK IND INC,703343103,3000.0,27,4.5881186263576586e-06
PTEN,PATTERSON-UTI ENERGY INC,703481101,3000.0,666,4.5881186263576586e-06
COLM,COLUMBIA SPORTSWEAR CO,198516106,3000.0,57,4.5881186263576586e-06
ABR,ARBOR RLTY TR INC COM,038923108,3000.0,286,4.5881186263576586e-06
ARCB,ARCBEST CORP USD 0.01,03937C105,3000.0,36,4.5881186263576586e-06
ARCB,ARCBEST CORP USD 0.01,03937C105,3000.0,46,4.5881186263576586e-06
EVRG,EVERGY INC,30034W106,3000.0,42,4.5881186263576586e-06
EVRG,EVERGY INC,30034W106,3000.0,42,4.5881186263576586e-06
NEO,NEOGENOMICS INC,64049M209,3000.0,352,4.5881186263576586e-06
TBBK,BANCORP INC,05969A105,3000.0,34,4.5881186263576586e-06
POR,PORTLAND GEN ELEC CO NEW,736508847,3000.0,76,4.5881186263576586e-06
POST,POST HOLDINGS INC,737446104,3000.0,32,4.5881186263576586e-06
FFIN,FIRST FINL BANKSHARES,32020R109,3000.0,95,4.5881186263576586e-06
LLYVK,LIBERTY MEDIA CORP-LIBERTY,531229722,3000.0,31,4.5881186263576586e-06
WY,WEYERHAEUSER CO,962166104,3000.0,118,4.5881186263576586e-06
MAS,MASCO CORP,574599106,3000.0,43,4.5881186263576586e-06
COMP,COMPASS INC,20464U100,3000.0,361,4.5881186263576586e-06
STEL,STELLAR BANCORP INC,858927106,3000.0,108,4.5881186263576586e-06
WERN,WERNER ENTERPRISES INC,950755108,3000.0,96,4.5881186263576586e-06
UVV,UNIVERSAL CORP,913456109,3000.0,51,4.5881186263576586e-06
OLED,UNIVERSAL DISPLAY CP,91347P105,3000.0,21,4.5881186263576586e-06
UHT,UNIVERSAL HLTH RLTY INC B,91359E105,3000.0,70,4.5881186263576586e-06
UHT,UNIVERSAL HLTH RLTY INC B,91359E105,3000.0,83,4.5881186263576586e-06
UVSP,UNIVEST FIN CORPORATION,915271100,3000.0,105,4.5881186263576586e-06
CG,CARLYLE GROUP INC/THE,14316J108,3000.0,52,4.5881186263576586e-06
CTRE,CARETRUST REIT INC,14174T107,3000.0,78,4.5881186263576586e-06
EPRT,ESSENTIAL PROPERTIES REALT,29670E107,3000.0,110,4.5881186263576586e-06
FIS,FIDELITY NATL INFO SVCS,31620M106,3000.0,47,4.5881186263576586e-06
ADMA,ADMA BIOLOGICS INC,000899104,3000.0,190,4.5881186263576586e-06
WWW,WOLVERINE WORLD WIDE INC,978097103,3000.0,120,4.5881186263576586e-06
WOP,WOODSIDE ENERGY GROUP LTD,980228308,3000.0,208,4.5881186263576586e-06
LTC,LTC PPTYS INC,502175102,3000.0,79,4.5881186263576586e-06
MAN,MANPOWERGROUP INC,56418H100,3000.0,71,4.5881186263576586e-06
OI,O-I GLASS INC,67098H104,3000.0,246,4.5881186263576586e-06
OXY,OCCIDENTAL PETROLEUM,674599105,3000.0,67,4.5881186263576586e-06
BKU,BANKUNITED INC,06652K103,3000.0,67,4.5881186263576586e-06
INSW,INTERNATIONAL SEAWAYS INC,Y41053102,3000.0,57,4.5881186263576586e-06
TILE,INTERFACE INC,458665304,3000.0,95,4.5881186263576586e-06
TILE,INTERFACE INC,458665304,3000.0,117,4.5881186263576586e-06
NSZ,NETSCOUT SYS INC,64115T104,3000.0,119,4.5881186263576586e-06
BOH,BANK OF HAWAII CORP,062540109,3000.0,45,4.5881186263576586e-06
CTRE,CARETRUST REIT INC,14174T107,3000.0,75,4.5881186263576586e-06
CAH,CARDINAL HEALTH INC,14149Y108,3000.0,19,4.5881186263576586e-06
THO,THOR INDS INC,885160101,3000.0,33,4.5881186263576586e-06
UPS,UNITED PARCEL SERVICE CL B,911312106,3000.0,39,4.5881186263576586e-06
TKR,TIMKEN CO,887389104,3000.0,41,4.5881186263576586e-06
FCPT,FOUR CORNERS PROPERTY TRUS,35086T109,3000.0,142,4.5881186263576586e-06
FOXA,FOX CORP,35137L105,3000.0,41,4.5881186263576586e-06
DXC,DXC TECHNOLOGY CO,23355L106,3000.0,185,4.5881186263576586e-06
DXPE,DXP ENTERPRISES INC,233377407,3000.0,25,4.5881186263576586e-06
SDGR,SCHRODINGER INC/UNITED STA,80810D103,3000.0,129,4.5881186263576586e-06
AAL,AMERICAN AIRLINE GRP INC,02376R102,3000.0,263,4.5881186263576586e-06
SONO,SONOS INC,83570H108,3000.0,166,4.5881186263576586e-06
STEP,STEPSTONE GROUP INC,85914M107,3000.0,43,4.5881186263576586e-06
CBU,COMMUNITY FINL SYS INC,203607106,3000.0,57,4.5881186263576586e-06
KBH,KB HOME,48666K109,3000.0,47,4.5881186263576586e-06
KBR,KBR INC,48242W106,3000.0,63,4.5881186263576586e-06
HOMB,HOME BANCSHARES INC,436893200,3000.0,114,4.5881186263576586e-06
NXPI,NXP SEMICONDUCTORS NV,N6596X109,3000.0,14,4.5881186263576586e-06
TKO,TKO GROUP HOLDINGS INC,87256C101,3000.0,17,4.5881186263576586e-06
LBTYA,LIBERTY GLOBAL LTD NPV,G61188101,3000.0,218,4.5881186263576586e-06
MRP,MILLROSE PROPERTIES CL A,601137102,3000.0,75,4.5881186263576586e-06
MRP,MILLROSE PROPERTIES CL A,601137102,3000.0,88,4.5881186263576586e-06
MTX,MINERALS TECHNOLOGIES,603158106,3000.0,47,4.5881186263576586e-06
MIR,MIRION TECHNOLOGIES INC,60471A101,3000.0,125,4.5881186263576586e-06
APGE,APOGEE THERAPEUTICS INC,03770N101,3000.0,85,4.5881186263576586e-06
CNMD,CONMED CORP COM,207410101,3000.0,59,4.5881186263576586e-06
STAA,STAAR SURGICAL,852312305,3000.0,117,4.5881186263576586e-06
SBUX,STARBUCKS CORP,855244109,3000.0,30,4.5881186263576586e-06
MSEX,MIDDLESEX WATER CO,596680108,3000.0,53,4.5881186263576586e-06
MBC,MASTERBRAND INC,57638P104,3000.0,199,4.5881186263576586e-06
ALLE,ALLEGION PLC ORD SHS,G0176J109,3000.0,18,4.5881186263576586e-06
SSTK,SHUTTERSTOCK INC,825690100,3000.0,156,4.5881186263576586e-06
DRH,DIAMONDROCK HOSPITALITY CO,252784301,3000.0,389,4.5881186263576586e-06
SLAB,SILICON LABORATORIES,826919102,3000.0,22,4.5881186263576586e-06
UNFI,UNITED NATURAL FOODS,911163103,3000.0,78,4.5881186263576586e-06
JOE,ST JOE COMPANY,790148100,3000.0,63,4.5881186263576586e-06
PAYO,PAYONEER GLOBAL INC,70451X104,3000.0,497,4.5881186263576586e-06
KNX,KNIGHT-SWFT TRANS HLD INC.,499049104,3000.0,67,4.5881186263576586e-06
MTH,MERITAGE HOMES CORP COM,59001A102,3000.0,42,4.5881186263576586e-06
SOBO,SOUTH BOW CORP NPV,83671M105,3000.0,122,4.5881186263576586e-06
EEFT,EURONET WORLDWIDE INC,298736109,3000.0,32,4.5881186263576586e-06
EVR,EVERCORE PARTNERS CL-A,29977A105,3000.0,10,4.5881186263576586e-06
REG,REGENCY CTRS CORP,758849103,3000.0,47,4.5881186263576586e-06
WKC,WORLD KINECT CORP,981475106,3000.0,111,4.5881186263576586e-06
WKC,WORLD KINECT CORP,981475106,3000.0,116,4.5881186263576586e-06
WOR,WORTHINGTON ENTERPRISES,981811102,3000.0,49,4.5881186263576586e-06
WPP,WPP PLC NEW SPON ADR,92937A102,3000.0,107,4.5881186263576586e-06
NYMT,NEW YORK MORTGAGE TRUST IN,649604840,3000.0,488,4.5881186263576586e-06
NWL,NEWELL BRANDS INC.,651229106,3000.0,578,4.5881186263576586e-06
SMTC,SEMTECH CORP,816850101,3000.0,35,4.5881186263576586e-06
SENEA,SENECA FOODS CORP,817070501,3000.0,29,4.5881186263576586e-06
VCEL,VERICEL CORP,92346J108,3000.0,82,4.5881186263576586e-06
VRSN,VERISIGN INC,92343E102,3000.0,10,4.5881186263576586e-06
ED,CONSOLIDATED EDISON INC,209115104,3000.0,31,4.5881186263576586e-06
SSNC,SS&C TECHNOLOGIES HOLDINGS,78467J100,3000.0,30,4.5881186263576586e-06
SSRM,SSR MNG INC COM,784730103,3000.0,140,4.5881186263576586e-06
HUBB,HUBBELL INC,443510607,3000.0,7,4.5881186263576586e-06
HOPE,HOPE BANCORP INC,43940T109,3000.0,269,4.5881186263576586e-06
TD,TORONTO-DOMINION,891160509,3000.0,37,4.5881186263576586e-06
CBT,CABOT CORP,127055101,3000.0,42,4.5881186263576586e-06
CBT,CABOT CORP,127055101,3000.0,34,4.5881186263576586e-06
UCB,UNITED CMNTY BK BLAIRS,90984P303,3000.0,103,4.5881186263576586e-06
NSZ,NETSCOUT SYS INC,64115T104,3000.0,114,4.5881186263576586e-06
QC10,FLAGSTAR FINANCIAL INC,649445400,3000.0,300,4.5881186263576586e-06
MLKN,MILLERKNOLL INC,600544100,3000.0,177,4.5881186263576586e-06
KALU,KAISER ALUMINUM CO PAR 1,483007704,3000.0,35,4.5881186263576586e-06
VLTO,VERALTO CORP,92338C103,3000.0,25,4.5881186263576586e-06
PPL,PPL CORP,69351T106,3000.0,78,4.5881186263576586e-06
PFBC,PREFERRED BANK/LOS ANGELES,740367404,3000.0,34,4.5881186263576586e-06
DCOM,DIME COMMUNITY BANCSHARES,25432X102,3000.0,104,4.5881186263576586e-06
ALEX,ALEXANDER & BALDWIN INCNEW,014491104,3000.0,172,4.5881186263576586e-06
ARE,ALEXANDRIA REAL EST EQ INC,015271109,3000.0,38,4.5881186263576586e-06
ARE,ALEXANDRIA REAL EST EQ INC,015271109,3000.0,39,4.5881186263576586e-06
LSCC,LATTICE SEMICONDUCTOR CORP,518415104,3000.0,44,4.5881186263576586e-06
EZPW,EZCORP INC CL A NON VTG,302301106,3000.0,161,4.5881186263576586e-06
TSA,ACI WORLDWIDE INC,004498101,3000.0,63,4.5881186263576586e-06
WYNN,WYNN RESORTS LTD,983134107,3000.0,20,4.5881186263576586e-06
XEL,XCEL ENERGY INC,98389B100,3000.0,39,4.5881186263576586e-06
CUBI,CUSTOMERS BANCORP INC,23204G100,3000.0,46,4.5881186263576586e-06
CUBI,CUSTOMERS BANCORP INC,23204G100,3000.0,41,4.5881186263576586e-06
AFG,AMERICAN FINL GRP INC OHIO,025932104,3000.0,22,4.5881186263576586e-06
AWR,AMERICAN STATES WATER CO,029899101,3000.0,43,4.5881186263576586e-06
VCEL,VERICEL CORP,92346J108,3000.0,107,4.5881186263576586e-06
GS,GOLDMAN SACHS GROUP,38141G104,3000.0,4,4.5881186263576586e-06
GT,GOODYEAR TIRE & RUBBER CO,382550101,3000.0,409,4.5881186263576586e-06
GT,GOODYEAR TIRE & RUBBER CO,382550101,3000.0,364,4.5881186263576586e-06
BUD,ANHEUSER BUSCH INBEV ADR,03524A108,3000.0,58,4.5881186263576586e-06
ANIP,ANI PHARMACEUTICALS,00182C103,3000.0,29,4.5881186263576586e-06
LTH,LIFE TIME GROUP HOLDINGS I,53190C102,3000.0,116,4.5881186263576586e-06
LFST,LIFESTANCE HEALTH GROUP IN,53228F101,3000.0,608,4.5881186263576586e-06
MTCH,MATCH GROUP INC,57667L107,3000.0,87,4.5881186263576586e-06
BBLU,EA BRIDGEWAY BLUE CHIP ETF,02072L714,3000.0,192,4.5881186263576586e-06
MATX,MATSON INC,57686G105,3000.0,32,4.5881186263576586e-06
MATW,MATTHEWS INTL,577128101,3000.0,104,4.5881186263576586e-06
NXRT,NEXPOINT RESIDENTIAL TRUST,65341D102,3000.0,95,4.5881186263576586e-06
UL,UNILEVER PLC ADR NEW,904767704,3000.0,43,4.5881186263576586e-06
TTE,TOTALENERGIES SE ADR,89151E109,3000.0,52,4.5881186263576586e-06
NOV,NOV INC,62955J103,3000.0,228,4.5881186263576586e-06
H,HYATT HOTELS CORP CL A,448579102,3000.0,19,4.5881186263576586e-06
MTCH,MATCH GROUP INC,57667L107,3000.0,98,4.5881186263576586e-06
FE,FIRSTENERGY CORP,337932107,3000.0,70,4.5881186263576586e-06
N/A,QIAGEN N.V.,N72482206,3000.0,70,4.5881186263576586e-06
WU,WESTERN UNION CO,959802109,3000.0,374,4.5881186263576586e-06
WEX,WEX INC,96208T104,3000.0,22,4.5881186263576586e-06
NWBI,NORTHWEST BANCSHAR,667340103,3000.0,260,4.5881186263576586e-06
NWE,NORTHWESTERN ENERGY GROUP,668074305,3000.0,58,4.5881186263576586e-06
BILL,BILL HOLDINGS INC,090043100,3000.0,59,4.5881186263576586e-06
BUWA,BIO-RAD LABORATORIES CL A,090572207,3000.0,11,4.5881186263576586e-06
CHRW,C H ROBINSON WORLDWIDE NEW,12541W209,3000.0,21,4.5881186263576586e-06
BBW,BUILD-A-BEAR WORKSHOP,120076104,3000.0,39,4.5881186263576586e-06
BBY,BEST BUY INC,086516101,3000.0,36,4.5881186263576586e-06
ITGR,INTEGER HLDNGS CORPORATION,45826H109,3000.0,28,4.5881186263576586e-06
KMPR,KEMPER CORP,488401100,3000.0,56,4.5881186263576586e-06
KW,KENNEDY-WILSON HOLDINGS IN,489398107,3000.0,403,4.5881186263576586e-06
MGM,MGM RESORTS INTERNATIONAL,552953101,3000.0,96,4.5881186263576586e-06
CXW,CORECIVIC INC,21871N101,3000.0,139,4.5881186263576586e-06
CXW,CORECIVIC INC,21871N101,3000.0,166,4.5881186263576586e-06
CORT,CORCEPT THERAPEUTICS INC,218352102,3000.0,41,4.5881186263576586e-06
MGEE,MGE ENERGY INC,55277P104,3000.0,33,4.5881186263576586e-06
GSHD,GOOSEHEAD INSURANCE INC,38267D109,3000.0,34,4.5881186263576586e-06
INGR,INGREDION INC,457187102,3000.0,24,4.5881186263576586e-06
ES,EVERSOURCE ENERGY NPV,30040W108,3000.0,44,4.5881186263576586e-06
ES,EVERSOURCE ENERGY NPV,30040W108,3000.0,45,4.5881186263576586e-06
XHR,XENIA HOTELS & RESORTS INC,984017103,3000.0,207,4.5881186263576586e-06
LYFT,LYFT INC,55087P104,3000.0,135,4.5881186263576586e-06
LYB,LYONDELLBASELL IND NV,N53745100,3000.0,70,4.5881186263576586e-06
ICUI,ICU MEDICAL INC,44930G107,3000.0,21,4.5881186263576586e-06
MMS,MAXIMUS INC,577933104,3000.0,30,4.5881186263576586e-06
MMS,MAXIMUS INC,577933104,3000.0,34,4.5881186263576586e-06
MTH,MERITAGE HOMES CORP COM,59001A102,3000.0,40,4.5881186263576586e-06
KNF,KNIFE RIVER CORP,498894104,3000.0,41,4.5881186263576586e-06
VFC,VF CORP,918204108,3000.0,215,4.5881186263576586e-06
AMGN,AMGEN INC,031162100,3000.0,10,4.5881186263576586e-06
SATS,ECHOSTAR CORP,278768106,3000.0,42,4.5881186263576586e-06
ECVT,ECOVYST INC,27923Q109,3000.0,288,4.5881186263576586e-06
DEA,EASTERLY G COM USD0.01,27616P301,3000.0,148,4.5881186263576586e-06
FOUR,SHIFT4 PAYMENTS INC,82452J109,3000.0,33,4.5881186263576586e-06
PRG,PROG HOLDINGS INC,74319R101,3000.0,89,4.5881186263576586e-06
PRGS,PROGRESS SOFTWARE,743312100,3000.0,67,4.5881186263576586e-06
FOXF,FOX FACTORY HOLDING CORP,35138V102,3000.0,120,4.5881186263576586e-06
DOV,DOVER CORP,260003108,3000.0,20,4.5881186263576586e-06
ICUI,ICU MEDICAL INC,44930G107,3000.0,27,4.5881186263576586e-06
0J7Q,IAC INC,44891N208,3000.0,75,4.5881186263576586e-06
IBEX,IBEX HOLDINGS LTD,G4690M101,3000.0,70,4.5881186263576586e-06
NSP,INSPERITY INC COM,45778Q107,3000.0,51,4.5881186263576586e-06
ANDE,ANDERSONS INC,034164103,3000.0,67,4.5881186263576586e-06
CRBG,COREBRIDGE FINANCIAL INC,21871X109,3000.0,81,4.5881186263576586e-06
KIM,KIMCO REALTY CORP,49446R109,3000.0,120,4.5881186263576586e-06
GNL,GLOBAL NET LEASE INC,379378201,3000.0,406,4.5881186263576586e-06
CCK,CROWN HLDGS INC,228368106,3000.0,35,4.5881186263576586e-06
CSGS,CSG SYSTEMS INTERNATIONAL,126349109,3000.0,52,4.5881186263576586e-06
KIM,KIMCO REALTY CORP,49446R109,3000.0,122,4.5881186263576586e-06
UDR,UDR INC,902653104,3000.0,90,4.5881186263576586e-06
UFPI,UFP INDUSTRIES INC,90278Q108,3000.0,30,4.5881186263576586e-06
NSP,INSPERITY INC COM,45778Q107,3000.0,59,4.5881186263576586e-06
BCO,BRINKS CO,109696104,3000.0,28,4.5881186263576586e-06
BFH,BREAD FINANCIAL HOLDINGS,018581108,3000.0,58,4.5881186263576586e-06
BCO,BRINKS CO,109696104,3000.0,26,4.5881186263576586e-06
VTOL,BRISTOW GROUP INC,11040G103,3000.0,81,4.5881186263576586e-06
VTOL,BRISTOW GROUP INC,11040G103,3000.0,96,4.5881186263576586e-06
PMT,PENNYMAC MTG INVT TR COM,70931T103,3000.0,258,4.5881186263576586e-06
GMED,GLOBUS MED INC,379577208,3000.0,53,4.5881186263576586e-06
CROX,CROCS INC,227046109,3000.0,41,4.5881186263576586e-06
ZION,ZIONS BANCORPORATION NA,989701107,3000.0,59,4.5881186263576586e-06
JXC1,ZIFF DAVIS INC,48123V102,3000.0,68,4.5881186263576586e-06
EXPE,EXPEDIA GROUP INC,30212P303,3000.0,14,4.5881186263576586e-06
WAT,WATERS CORP,941848103,3000.0,9,4.5881186263576586e-06
DV,DOUBLEVERIFY HOLDINGS INC,25862V105,3000.0,227,4.5881186263576586e-06
TRUP,TRUPANION INC,898202106,3000.0,58,4.5881186263576586e-06
NSY,NICE LTD ADR,653656108,3000.0,22,4.5881186263576586e-06
TRIP,TRIPADVISOR INC,896945201,3000.0,199,4.5881186263576586e-06
ALG,ALAMO GROUP INC COM,011311107,3000.0,14,4.5881186263576586e-06
ALG,ALAMO GROUP INC COM,011311107,3000.0,14,4.5881186263576586e-06
HCC,WARRIOR MET COAL INC,93627C101,3000.0,45,4.5881186263576586e-06
DFIN,DONNELLEY FINANCIAL SOLU,25787G100,3000.0,60,4.5881186263576586e-06
DLB,DOLBY LABORATORIES,25659T107,3000.0,47,4.5881186263576586e-06
VICI,VICI PROPERTIES INC,925652109,3000.0,88,4.5881186263576586e-06
VICR,VICOR CORP,925815102,3000.0,66,4.5881186263576586e-06
VICR,VICOR CORP,925815102,3000.0,51,4.5881186263576586e-06
AMCR,AMCOR PLC,G0250X107,3000.0,384,4.5881186263576586e-06
KD,KYNDRYL HOLDINGS INC,50155Q100,3000.0,100,4.5881186263576586e-06
RVMD,REVOLUTION MEDICINES INC,76155X100,3000.0,71,4.5881186263576586e-06
REPL,REPLIMUNE GROUP INC,76029N106,3000.0,785,4.5881186263576586e-06
AIR,AAR CORP,000361105,3000.0,34,4.5881186263576586e-06
ZBH,ZIMMER BIOMET HOLDINGS INC,98956P102,3000.0,31,4.5881186263576586e-06
DNOW,DNOW INC,67011P100,3000.0,198,4.5881186263576586e-06
DOCU,DOCUSIGN INC,256163106,3000.0,44,4.5881186263576586e-06
MDU,MDU RESOURCES GROUP INC,552690109,3000.0,180,4.5881186263576586e-06
AAMI,ACADIAN ASSET MANAGEMENT,10948W103,3000.0,52,4.5881186263576586e-06
AAMI,ACADIAN ASSET MANAGEMENT,10948W103,3000.0,57,4.5881186263576586e-06
GTM,ZOOMINFO TECHNOLOGIES INC,98980F104,3000.0,296,4.5881186263576586e-06
MAC,MACERICH CO,554382101,3000.0,170,4.5881186263576586e-06
ANF,ABERCROMBIE&FITCH CO CL A,002896207,3000.0,32,4.5881186263576586e-06
ANF,ABERCROMBIE&FITCH CO CL A,002896207,3000.0,40,4.5881186263576586e-06
ACHC,ACADIA HEALTHCARE INC,00404A109,3000.0,120,4.5881186263576586e-06
EXPO,EXPONENT INC COM,30214U102,2000.0,28,3.0587457509051057e-06
AIR,AAR CORP,000361105,2000.0,27,3.0587457509051057e-06
XPO,XPO INC,983793100,2000.0,13,3.0587457509051057e-06
TWST,TWIST BIOSCIENCE CORP,90184D100,2000.0,80,3.0587457509051057e-06
MDGL,MADRIGAL PHARMACEUTICALS I,558868105,2000.0,5,3.0587457509051057e-06
MSGS,MADISON SQUARE GARDEN,55825T103,2000.0,10,3.0587457509051057e-06
EXPI,EXP WORLD HOLDINGS INC,30212W100,2000.0,178,3.0587457509051057e-06
ZIMV,ZIMVIE INC,98888T107,2000.0,91,3.0587457509051057e-06
ZIMV,ZIMVIE INC,98888T107,2000.0,86,3.0587457509051057e-06
BWB,BRIDGEWATER BANCSHARES INC,108621103,2000.0,105,3.0587457509051057e-06
UDR,UDR INC,902653104,2000.0,62,3.0587457509051057e-06
BB,BLACKBERRY LTD,09228F103,2000.0,345,3.0587457509051057e-06
NOG,NORTHERN OIL AND GAS INC,665531307,2000.0,65,3.0587457509051057e-06
IRT,INDEPENDENCE REALTY TRUST,45378A106,2000.0,94,3.0587457509051057e-06
THS,TREEHOUSE FOODS INC,89469A104,2000.0,107,3.0587457509051057e-06
BOKF,BOK FINANCIAL CORP,05561Q201,2000.0,15,3.0587457509051057e-06
RHI,ROBERT HALF INC,770323103,2000.0,71,3.0587457509051057e-06
TCOM,TRIP.COM GROUP LTD ADR,89677Q107,2000.0,32,3.0587457509051057e-06
SCHL,SCHOLASTIC CORP,807066105,2000.0,78,3.0587457509051057e-06
SNDR,SCHNEIDER NATIONAL INC,80689H102,2000.0,81,3.0587457509051057e-06
EMN,EASTMAN CHEMICAL CO,277432100,2000.0,25,3.0587457509051057e-06
EGO,ELDORADO GOLD CORP,284902509,2000.0,70,3.0587457509051057e-06
FHB,FIRST HAWAIIAN INC,32051X108,2000.0,94,3.0587457509051057e-06
LQDT,LIQUIDITY SVCS INC,53635B107,2000.0,56,3.0587457509051057e-06
LQDT,LIQUIDITY SVCS INC,53635B107,2000.0,65,3.0587457509051057e-06
PRSU,PURSUIT ATTRACTIONS & HOSP,92552R406,2000.0,45,3.0587457509051057e-06
WST,WEST PHARMACEUTICAL SVC,955306105,2000.0,8,3.0587457509051057e-06
LBRDA,LIBERTY BROADBAND CORP,530307107,2000.0,32,3.0587457509051057e-06
LGIH,LGI HOMES INC,50187T106,2000.0,44,3.0587457509051057e-06
BHVN,BIOHAVEN LTD,G1110E107,2000.0,127,3.0587457509051057e-06
INVA,INNOVIVA INC.,45781M101,2000.0,118,3.0587457509051057e-06
BTI,BRITISH AMER TOBC ADS ADR,110448107,2000.0,42,3.0587457509051057e-06
TVTX,TRAVERE THERAPEUTICS INC,89422G107,2000.0,96,3.0587457509051057e-06
BEPC,BROOKFIELD RENEWABLE CORP,11285B108,2000.0,60,3.0587457509051057e-06
NOMD,NOMAD FOODS LTD,G6564A105,2000.0,116,3.0587457509051057e-06
BDN,BRANDYWINE RLTY TR,105368203,2000.0,596,3.0587457509051057e-06
BRC,BRADY WH CL A NON VTG,104674106,2000.0,26,3.0587457509051057e-06
UAA,UNDER ARMOUR INC,904311107,2000.0,416,3.0587457509051057e-06
UMBF,UMB FINANCIAL,902788108,2000.0,20,3.0587457509051057e-06
BCRX,BIOCRYST PHARMACEUTICALS,09058V103,2000.0,278,3.0587457509051057e-06
BJRI,BJS RESTAURANTS INC,09180C106,2000.0,73,3.0587457509051057e-06
NWN,NORTHWEST NAT HLDG CO,66765N105,2000.0,43,3.0587457509051057e-06
NVS,NOVARTIS AG ADR,66987V109,2000.0,18,3.0587457509051057e-06
H,HYATT HOTELS CORP CL A,448579102,2000.0,15,3.0587457509051057e-06
HURN,HURON CONSULTING GROUP,447462102,2000.0,12,3.0587457509051057e-06
BCC,BOISE CASCADE CO,09739D100,2000.0,32,3.0587457509051057e-06
DRS,LEONARDO DRS INC,52661A108,2000.0,50,3.0587457509051057e-06
MXL,MAXLINEAR INC,57776J100,2000.0,98,3.0587457509051057e-06
EGBN,EAGLE BANCORP INC,268948106,2000.0,74,3.0587457509051057e-06
DVAX,DYNAVAX TECHNOLOGIES,268158201,2000.0,194,3.0587457509051057e-06
FMC,FMC CORP COM NEW,302491303,2000.0,71,3.0587457509051057e-06
BFS,SAUL CENTERS INC,804395101,2000.0,68,3.0587457509051057e-06
BFS,SAUL CENTERS INC,804395101,2000.0,48,3.0587457509051057e-06
QC10,FLAGSTAR FINANCIAL INC,649445400,2000.0,186,3.0587457509051057e-06
PRSU,PURSUIT ATTRACTIONS & HOSP,92552R406,2000.0,53,3.0587457509051057e-06
NWS,NEWS CORP NEW CL B,65249B208,2000.0,72,3.0587457509051057e-06
IART,INTEGRA LIFESCIENCES,457985208,2000.0,153,3.0587457509051057e-06
BRKR,BRUKER BIOSCIENCES CORP,116794108,2000.0,59,3.0587457509051057e-06
HOPE,HOPE BANCORP INC,43940T109,2000.0,164,3.0587457509051057e-06
HUBB,HUBBELL INC,443510607,2000.0,5,3.0587457509051057e-06
TSCO,TRACTOR SUPPLY,892356106,2000.0,40,3.0587457509051057e-06
CABO,CABLE ONE INC,12685J105,2000.0,10,3.0587457509051057e-06
AI,C3.AI INC,12468P104,2000.0,140,3.0587457509051057e-06
ADC,AGREE REALTY CORP,008492100,2000.0,22,3.0587457509051057e-06
AGNC,AGNC INVESTMENT CORP,00123Q104,2000.0,210,3.0587457509051057e-06
DFH,DREAM FINDERS HOMES INC,26154D100,2000.0,90,3.0587457509051057e-06
STNG,SCORPIO TANKERS INC,Y7542C130,2000.0,42,3.0587457509051057e-06
SAIC,SCIENCE APPLICATNS INTL CP,808625107,2000.0,24,3.0587457509051057e-06
SCSC,SCANSOURCE INC,806037107,2000.0,35,3.0587457509051057e-06
MCX,MCCORMICK & CO NON VTG,579780206,2000.0,24,3.0587457509051057e-06
LBRDK,LIBERTY BROADBAND CORP,530307305,2000.0,35,3.0587457509051057e-06
PGR,PROGRESSIVE CORP OHIO,743315103,2000.0,8,3.0587457509051057e-06
CWT,CALIFORNIA WTR SVC GROUP,130788102,2000.0,34,3.0587457509051057e-06
NWL,NEWELL BRANDS INC.,651229106,2000.0,385,3.0587457509051057e-06
NYT,NEW YORK TIMES CO CL A,650111107,2000.0,40,3.0587457509051057e-06
NGNE,NEUROGENE INC NPV,64135M105,2000.0,87,3.0587457509051057e-06
UFCS,UNITED FIRE GROUP INC COM,910340108,2000.0,50,3.0587457509051057e-06
TPG,TPG INC,872657101,2000.0,34,3.0587457509051057e-06
TTVSY,TOTVS SA ADR,89157T100,2000.0,145,3.0587457509051057e-06
7HP,HP INC,40434L105,2000.0,85,3.0587457509051057e-06
ONC,BEONE MEDICINES LTD ADR,07725L102,2000.0,6,3.0587457509051057e-06
MTZ,MASTEC INC,576323109,2000.0,10,3.0587457509051057e-06
WSR,WHITESTONE REIT,966084204,2000.0,140,3.0587457509051057e-06
FFIN,FIRST FINL BANKSHARES,32020R109,2000.0,70,3.0587457509051057e-06
SIGI,SELECTIVE INS GP INC,816300107,2000.0,30,3.0587457509051057e-06
WDFC,WD 40 COMPANY,929236107,2000.0,11,3.0587457509051057e-06
WAY,WAYSTAR HOLDING CORP,946784105,2000.0,42,3.0587457509051057e-06
XIFR,XPLR INFRASTRUCTURE LP,65341B106,2000.0,190,3.0587457509051057e-06
MBUU,MALIBU BOATS INC,56117J100,2000.0,50,3.0587457509051057e-06
XPEL,XPEL INC,98379L100,2000.0,60,3.0587457509051057e-06
EXAS,EXACT SCIENCES CORP,30063P105,2000.0,31,3.0587457509051057e-06
BHE,BENCHMARK ELECTRONICS,08160H101,2000.0,51,3.0587457509051057e-06
BHE,BENCHMARK ELECTRONICS,08160H101,2000.0,60,3.0587457509051057e-06
BHE,BENCHMARK ELECTRONICS,08160H101,2000.0,62,3.0587457509051057e-06
ALRM,ALARM.COM HOLDINGS INC,011642105,2000.0,40,3.0587457509051057e-06
FDP,FRESH DEL MONTE PRODUCE,G36738105,2000.0,46,3.0587457509051057e-06
FMS,FRESENIUS MED CARE AG,358029106,2000.0,94,3.0587457509051057e-06
DV,DOUBLEVERIFY HOLDINGS INC,25862V105,2000.0,205,3.0587457509051057e-06
DTM,DT MIDSTREAM INC,23345M107,2000.0,16,3.0587457509051057e-06
FTRE,FORTREA HOLDINGS INC,34965K107,2000.0,270,3.0587457509051057e-06
PB,PROSPERITY BANCSHARES,743606105,2000.0,37,3.0587457509051057e-06
SAIL,SAILPOINT INC,78781J109,2000.0,92,3.0587457509051057e-06
PRA,PROASSURANCE CORP,74267C106,2000.0,78,3.0587457509051057e-06
PRA,PROASSURANCE CORP,74267C106,2000.0,85,3.0587457509051057e-06
BZH,BEAZER HOMES USA INC,07556Q881,2000.0,70,3.0587457509051057e-06
BCE,BCE INC COM NEW,05534B760,2000.0,68,3.0587457509051057e-06
BBWI,BATH & BODY WORKS INC,070830104,2000.0,76,3.0587457509051057e-06
PRKS,UNITED PARKS & RESORTS INC,81282V100,2000.0,32,3.0587457509051057e-06
UPS,UNITED PARCEL SERVICE CL B,911312106,2000.0,20,3.0587457509051057e-06
NUVL,NUVALENT INC,670703107,2000.0,25,3.0587457509051057e-06
HBNC,HORIZON BANCORP INC,440407104,2000.0,105,3.0587457509051057e-06
RLI,RLI CORP,749607107,2000.0,38,3.0587457509051057e-06
LEG,LEGGETT & PLATT INC,524660107,2000.0,195,3.0587457509051057e-06
MDU,MDU RESOURCES GROUP INC,552690109,2000.0,136,3.0587457509051057e-06
LII,LENNOX INTL INC COM,526107107,2000.0,4,3.0587457509051057e-06
LII,LENNOX INTL INC COM,526107107,2000.0,3,3.0587457509051057e-06
LEN/B,LENNAR CORP CL B,526057302,2000.0,17,3.0587457509051057e-06
FLCA,FRANKLIN FTSE CANADA ETF,35473P827,2000.0,44,3.0587457509051057e-06
FELE,FRANKLIN ELECTRIC CO,353514102,2000.0,26,3.0587457509051057e-06
AFW,ALIGN TECHNOLOGY INC,016255101,2000.0,12,3.0587457509051057e-06
PRMB,PRIMO BRANDS CORP,741623102,2000.0,104,3.0587457509051057e-06
GIII,G-III APPAREL GROUP,36237H101,2000.0,84,3.0587457509051057e-06
OCUL,OCULAR THERAPEUTIX INC,67576A100,2000.0,151,3.0587457509051057e-06
OII,OCEANEERING INTL INC,675232102,2000.0,83,3.0587457509051057e-06
HNI,HNI CORP,404251100,2000.0,48,3.0587457509051057e-06
CPRX,CATALYST PHARMACEUTICALS I,14888U101,2000.0,107,3.0587457509051057e-06
HTH,HILLTOP HOLDINGS INC,432748101,2000.0,45,3.0587457509051057e-06
UHT,UNIVERSAL HLTH RLTY INC B,91359E105,2000.0,39,3.0587457509051057e-06
UHS,UNIV HEALTH SVC CLASS B,913903100,2000.0,12,3.0587457509051057e-06
ECG,EVERUS CONSTR GROUP,300426103,2000.0,25,3.0587457509051057e-06
HIMX,HIMAX TECHNOLOGIES SPN ADR,43289P106,2000.0,265,3.0587457509051057e-06
HOLX,HOLOGIC INC,436440101,2000.0,27,3.0587457509051057e-06
HMC,HONDA MOTOR CO LTD ADR,438128308,2000.0,63,3.0587457509051057e-06
BZH,BEAZER HOMES USA INC,07556Q881,2000.0,78,3.0587457509051057e-06
HCSG,HLTH CARE SERVICES GRP,421906108,2000.0,110,3.0587457509051057e-06
THO,THOR INDS INC,885160101,2000.0,24,3.0587457509051057e-06
CTLP,CANTALOUPE INC,138103106,2000.0,145,3.0587457509051057e-06
OGE,OGE ENERGY CORP,670837103,2000.0,46,3.0587457509051057e-06
OFG,OFG BANCORP,67103X102,2000.0,46,3.0587457509051057e-06
BKE,THE BUCKLE INC,118440106,2000.0,38,3.0587457509051057e-06
BKE,THE BUCKLE INC,118440106,2000.0,34,3.0587457509051057e-06
UPBD,UPBOUND GROUP INC,76009N100,2000.0,78,3.0587457509051057e-06
IBOC,INTERNATIONAL BANCSHARES C,459044103,2000.0,29,3.0587457509051057e-06
TKR,TIMKEN CO,887389104,2000.0,23,3.0587457509051057e-06
FR,FIRST INDUSTRIAL RLTY TR,32054K103,2000.0,41,3.0587457509051057e-06
AEG,AEGON LTD ADR,0076CA104,2000.0,204,3.0587457509051057e-06
AEG,AEGON LTD ADR,0076CA104,2000.0,239,3.0587457509051057e-06
LQDA,LIQUIDIA CORPORATION,53635D202,2000.0,74,3.0587457509051057e-06
LQDA,LIQUIDIA CORPORATION,53635D202,2000.0,80,3.0587457509051057e-06
ELME,ELME COMMUNITIES,939653101,2000.0,138,3.0587457509051057e-06
SIMO,SILICON MOTION ADR,82706C108,2000.0,24,3.0587457509051057e-06
SLGN,SILGAN HOLDINGS INC,827048109,2000.0,42,3.0587457509051057e-06
SLGN,SILGAN HOLDINGS INC,827048109,2000.0,57,3.0587457509051057e-06
DGII,DIGI INTERNATIONAL INC,253798102,2000.0,47,3.0587457509051057e-06
DGII,DIGI INTERNATIONAL INC,253798102,2000.0,45,3.0587457509051057e-06
RELY,REMITLY GLOBAL INC,75960P104,2000.0,137,3.0587457509051057e-06
XHR,XENIA HOTELS & RESORTS INC,984017103,2000.0,149,3.0587457509051057e-06
WYNN,WYNN RESORTS LTD,983134107,2000.0,16,3.0587457509051057e-06
AHCO,ADAPTHEALTH CORP,00653Q102,2000.0,194,3.0587457509051057e-06
ACVA,ACV AUCTIONS INC,00091G104,2000.0,156,3.0587457509051057e-06
T0V,ACUREN CORP,00510N102,2000.0,115,3.0587457509051057e-06
UTL,UNITIL CORP COM,913259107,2000.0,51,3.0587457509051057e-06
UTL,UNITIL CORP COM,913259107,2000.0,52,3.0587457509051057e-06
UTL,UNITIL CORP COM,913259107,2000.0,40,3.0587457509051057e-06
HCSG,HLTH CARE SERVICES GRP,421906108,2000.0,90,3.0587457509051057e-06
TFII,TFI INTERNATIONAL INC,87241L109,2000.0,22,3.0587457509051057e-06
TPL,TEXAS PACIFIC LAND CORP,88262P102,2000.0,2,3.0587457509051057e-06
BWIN,BALDWIN INSURANCE GROUP,05589G102,2000.0,55,3.0587457509051057e-06
NBTB,NBT BANCORP INC,628778102,2000.0,45,3.0587457509051057e-06
NAVI,NAVIENT CORP COM,63938C108,2000.0,149,3.0587457509051057e-06
NWG,NATWEST GROUP PLC ADR,639057207,2000.0,173,3.0587457509051057e-06
NEOG,NEOGEN CORP,640491106,2000.0,385,3.0587457509051057e-06
CAT,CATERPILLAR INC,149123101,2000.0,4,3.0587457509051057e-06
DKS,DICKS SPORTING GOODS,253393102,2000.0,11,3.0587457509051057e-06
SHAK,SHAKE SHACK INC,819047101,2000.0,20,3.0587457509051057e-06
DNOW,DNOW INC,67011P100,2000.0,129,3.0587457509051057e-06
DHC,DIVERSIFIED HEALTHCARE TRU,25525P107,2000.0,511,3.0587457509051057e-06
AA,ALCOA UPSTREAM CORP,013872106,2000.0,50,3.0587457509051057e-06
ACI,ALBERTSONS COS INC,013091103,2000.0,134,3.0587457509051057e-06
WAFD,WAFD INC,938824109,2000.0,50,3.0587457509051057e-06
ALNT,ALLIENT INC,019330109,2000.0,45,3.0587457509051057e-06
DEO,DIAGEO PLC ADR NEW,25243Q205,2000.0,26,3.0587457509051057e-06
POST,POST HOLDINGS INC,737446104,2000.0,14,3.0587457509051057e-06
BANC,BANC OF CALIFORNIA,05990K106,2000.0,111,3.0587457509051057e-06
JKHY,HENRY JACK & ASSOC INC COM,426281101,2000.0,14,3.0587457509051057e-06
CX,CEMEX SAB DE CC ADR,151290889,2000.0,177,3.0587457509051057e-06
HLX,HELIX ENERGY SOLUTIONS GRP,42330P107,2000.0,351,3.0587457509051057e-06
SITC,SITE CENTERS CORP,82981J851,2000.0,199,3.0587457509051057e-06
FUL,FULLER H B CO,359694106,2000.0,27,3.0587457509051057e-06
MDU,MDU RESOURCES GROUP INC,552690109,2000.0,103,3.0587457509051057e-06
YMM,FULL TRUCK ALLIANCE CO LTD,35969L108,2000.0,180,3.0587457509051057e-06
DB,DEUTSCHE BANK NPV,D18190898,2000.0,60,3.0587457509051057e-06
ALE,ALLETE INC,018522300,2000.0,26,3.0587457509051057e-06
LAZ,LAZARD INC,52110M109,2000.0,37,3.0587457509051057e-06
DSGR,LAWSON PRODUCTS,520776105,2000.0,60,3.0587457509051057e-06
AOSL,ALPHA&OMEGA SEMICONDUCTOR,G6331P104,2000.0,79,3.0587457509051057e-06
FUN,SIX FLAGS ENTMT CORP,83001C108,2000.0,94,3.0587457509051057e-06
GIII,G-III APPAREL GROUP,36237H101,2000.0,71,3.0587457509051057e-06
GTX,GARRETT MOTION INC,366505105,2000.0,138,3.0587457509051057e-06
DKS,DICKS SPORTING GOODS,253393102,2000.0,10,3.0587457509051057e-06
DRH,DIAMONDROCK HOSPITALITY CO,252784301,2000.0,278,3.0587457509051057e-06
DRH,DIAMONDROCK HOSPITALITY CO,252784301,2000.0,306,3.0587457509051057e-06
ALHC,ALIGNMENT HEALTHCARE INC,01625V104,2000.0,135,3.0587457509051057e-06
GAP,GAP INC,364760108,2000.0,100,3.0587457509051057e-06
GLPI,GAMING & LEISURE PPTYS INC,36467J108,2000.0,47,3.0587457509051057e-06
PLXS,PLEXUS CORP,729132100,2000.0,17,3.0587457509051057e-06
HTZ,HERTZ GLOBAL HOLDINGS INC,42806J700,2000.0,296,3.0587457509051057e-06
HRTX,HERON THERAPEUTICS INC,427746102,2000.0,1300,3.0587457509051057e-06
HFWA,HERITAGE FINANCIAL CORP,42722X106,2000.0,79,3.0587457509051057e-06
HRI,HERC HOLDINGS INC.,42704L104,2000.0,14,3.0587457509051057e-06
OMF,ONEMAIN HOLDINGS INC,68268W103,2000.0,27,3.0587457509051057e-06
HP,HELMERICH & PAYNE,423452101,2000.0,112,3.0587457509051057e-06
UE,URBAN EDGE PROPERTIES COM,91704F104,2000.0,95,3.0587457509051057e-06
HI,HILLENBRAND INC,431571108,2000.0,61,3.0587457509051057e-06
USNA,USANA HEALTH SCIENCES,90328M107,2000.0,58,3.0587457509051057e-06
CENT,CENTRAL GARDEN & PET CO,153527106,2000.0,47,3.0587457509051057e-06
CENTA,CENTRAL GARDEN & PET CL A,153527205,2000.0,55,3.0587457509051057e-06
CENTA,CENTRAL GARDEN & PET CL A,153527205,2000.0,79,3.0587457509051057e-06
KAR,OPENLANE INC,48238T109,2000.0,73,3.0587457509051057e-06
AVNT,AVIENT CORP,05368V106,2000.0,73,3.0587457509051057e-06
AVY,AVERY DENNISON CORP,053611109,2000.0,11,3.0587457509051057e-06
VVX,V2X INC,92242T101,2000.0,31,3.0587457509051057e-06
FIZZ,NATIONAL BEVERAGE CORP,635017106,2000.0,41,3.0587457509051057e-06
NATH,NATHANS FAMOUS INC NEW,632347100,2000.0,14,3.0587457509051057e-06
UTHR,UTD THERAPEUTICS CORP,91307C102,2000.0,4,3.0587457509051057e-06
LZB,LA-Z-BOY INC,505336107,2000.0,45,3.0587457509051057e-06
LKFN,LAKELAND FINL CORP,511656100,2000.0,30,3.0587457509051057e-06
LADR,LADDER CAPITAL CORP,505743104,2000.0,147,3.0587457509051057e-06
LNTH,LANTHEUS HOLDINGS INC,516544103,2000.0,34,3.0587457509051057e-06
DLX,DELUXE CORPORATION,248019101,2000.0,86,3.0587457509051057e-06
DGX,QUEST DIAGNOSTICS INC,74834L100,2000.0,8,3.0587457509051057e-06
QS,QUANTUMSCAPE CORP,74767V109,2000.0,200,3.0587457509051057e-06
PLAY,DAVE & BUSTERS ENTERTAINM,238337109,2000.0,106,3.0587457509051057e-06
TS,TENARIS SA ADR,88031M109,2000.0,52,3.0587457509051057e-06
HLIT,HARMONIC LIGHTWAVES INC,413160102,2000.0,233,3.0587457509051057e-06
HCI,HCI GROUP INC,40416E103,2000.0,11,3.0587457509051057e-06
INVH,INVITATION HOMES INC,46187W107,2000.0,71,3.0587457509051057e-06
MWA,MUELLER WATER PRODUCTS,624758108,2000.0,85,3.0587457509051057e-06
IPGP,IPG PHOTONICS CORP,44980X109,2000.0,24,3.0587457509051057e-06
HP,HELMERICH & PAYNE,423452101,2000.0,100,3.0587457509051057e-06
AXTA,AXALTA COATING,G0750C108,2000.0,53,3.0587457509051057e-06
AVT,AVNET INC,053807103,2000.0,46,3.0587457509051057e-06
CENX,CENTURY ALUM CO,156431108,2000.0,78,3.0587457509051057e-06
CPF,CENTRAL PACIFIC FINANCIAL,154760409,2000.0,63,3.0587457509051057e-06
DDOG,DATADOG INC,23804L103,2000.0,17,3.0587457509051057e-06
ALT,ALTIMMUNE INC,02155H200,2000.0,660,3.0587457509051057e-06
KD,KYNDRYL HOLDINGS INC,50155Q100,2000.0,72,3.0587457509051057e-06
PBI,PITNEY BOWES,724479100,2000.0,135,3.0587457509051057e-06
SJM,SMUCKER JM CO NEW,832696405,2000.0,20,3.0587457509051057e-06
PNFP,PINNACLE FINANCIAL PRTNRS,72346Q104,2000.0,19,3.0587457509051057e-06
TPD,SOMNIGROUP INTERNATIONAL,88023U101,2000.0,21,3.0587457509051057e-06
SLNO,SOLENO THERAPEUTICS INC,834203309,2000.0,32,3.0587457509051057e-06
WGS,GENEDX HOLDINGS CORP,81663L200,2000.0,17,3.0587457509051057e-06
EZPW,EZCORP INC CL A NON VTG,302301106,2000.0,81,3.0587457509051057e-06
RKT,ROCKET COS INC,77311W101,2000.0,118,3.0587457509051057e-06
WPP,WPP PLC NEW SPON ADR,92937A102,2000.0,69,3.0587457509051057e-06
WRLD,WORLD ACCEPTANCE CORP,981419104,2000.0,12,3.0587457509051057e-06
AVPT,AVEPOINT INC,053604104,2000.0,115,3.0587457509051057e-06
TNC,TENNANT CO,880345103,2000.0,24,3.0587457509051057e-06
PLUS,EPLUS INC,294268107,2000.0,24,3.0587457509051057e-06
WSC,WILLSCOT HOLDINGS CORP,971378104,2000.0,75,3.0587457509051057e-06
WSC,WILLSCOT HOLDINGS CORP,971378104,2000.0,104,3.0587457509051057e-06
QNST,QUINSTREET INC,74874Q100,2000.0,109,3.0587457509051057e-06
QNST,QUINSTREET INC,74874Q100,2000.0,100,3.0587457509051057e-06
SONO,SONOS INC,83570H108,2000.0,153,3.0587457509051057e-06
AIG,AMERICAN INTL GROUP INC,026874784,2000.0,30,3.0587457509051057e-06
IGE,ISHARES S&P NO AMER NATL,464287374,2000.0,40,3.0587457509051057e-06
TFX,TELEFLEX INC,879369106,2000.0,20,3.0587457509051057e-06
OPCH,OPTION CARE HEALTH INC,68404L201,2000.0,70,3.0587457509051057e-06
HIG,HARTFORD INS GROUP INC,416515104,2000.0,14,3.0587457509051057e-06
HRMY,HARMONY BIOSCIENCES HOLDIN,413197104,2000.0,86,3.0587457509051057e-06
IRM,IRON MTN INC,46284V101,2000.0,18,3.0587457509051057e-06
AVEM,AVANTIS EMERGING MARKETS E,025072604,2000.0,25,3.0587457509051057e-06
LNG,CHENIERE ENERGY INC,16411R208,2000.0,7,3.0587457509051057e-06
HAYW,HAYWARD HOLDINGS INC,421298100,2000.0,136,3.0587457509051057e-06
HAYW,HAYWARD HOLDINGS INC,421298100,2000.0,139,3.0587457509051057e-06
MLAB,MESA LABORATORIES INC,59064R109,2000.0,25,3.0587457509051057e-06
LUV,SOUTHWEST AIRLINES,844741108,2000.0,78,3.0587457509051057e-06
SNN,SMITH&NEPHEW PLC SP ADR,83175M205,2000.0,49,3.0587457509051057e-06
AMTM,AMENTUM HOLDINGS,023939101,2000.0,71,3.0587457509051057e-06
KOP,KOPPERS HOLDINGS INC COM,50060P106,2000.0,81,3.0587457509051057e-06
KN,KNOWLES CORP,49926D109,2000.0,95,3.0587457509051057e-06
KNX,KNIGHT-SWFT TRANS HLD INC.,499049104,2000.0,54,3.0587457509051057e-06
KNF,KNIFE RIVER CORP,498894104,2000.0,25,3.0587457509051057e-06
ATMU,ATMUS FILTRATION TECHNOLOG,04956D107,2000.0,52,3.0587457509051057e-06
AUPH,AURINIA PHARMACEUTICAL,05156V102,2000.0,188,3.0587457509051057e-06
MOS,MOSAIC COMPANY,61945C103,2000.0,56,3.0587457509051057e-06
MORN,MORNINGSTAR,617700109,2000.0,8,3.0587457509051057e-06
TDOC,TELADOC HEALTH,87918A105,2000.0,222,3.0587457509051057e-06
CHH,CHOICE HOTELS INTL,169905106,2000.0,19,3.0587457509051057e-06
OTTR,OTTER TAIL PWR CO,689648103,2000.0,19,3.0587457509051057e-06
FICO,FAIR ISACC CORP,303250104,2000.0,1,3.0587457509051057e-06
FDS,FACTSET RESH SYS INC,303075105,2000.0,7,3.0587457509051057e-06
RXRX,RECURSION PHARMACEUTICALS,75629V104,2000.0,324,3.0587457509051057e-06
HLIT,HARMONIC LIGHTWAVES INC,413160102,2000.0,147,3.0587457509051057e-06
JJSF,J AND J SNACK FOODS CORP,466032109,2000.0,17,3.0587457509051057e-06
CRUS,CIRRUS LOGIC INC,172755100,2000.0,15,3.0587457509051057e-06
TGT,TARGET CORP,87612E106,2000.0,20,3.0587457509051057e-06
HAFC,HANMI FINANCIAL CORP,410495204,2000.0,70,3.0587457509051057e-06
OSK,OSHKOSH CORP,688239201,2000.0,15,3.0587457509051057e-06
HNM,ORMAT TECHNOLOGIES INC CO,686688102,2000.0,19,3.0587457509051057e-06
BATRK,ATLANTA BRAVES HOLDINGS IN,047726302,2000.0,56,3.0587457509051057e-06
BATRA,ATLANTA BRAVES HOLDINGS IN,047726104,2000.0,43,3.0587457509051057e-06
ATKR,ATKORE INC,047649108,2000.0,30,3.0587457509051057e-06
COLD,AMERICOLD REALTY TRUST INC,03064D108,2000.0,200,3.0587457509051057e-06
CURB,CURBLINE PPTYS CORP,23128Q101,2000.0,106,3.0587457509051057e-06
GMAB,GENMAB A/S ADR,372303206,2000.0,65,3.0587457509051057e-06
GMAB,GENMAB A/S ADR,372303206,2000.0,80,3.0587457509051057e-06
GEO,GEO GROUP INC,36162J106,2000.0,110,3.0587457509051057e-06
GMED,GLOBUS MED INC,379577208,2000.0,36,3.0587457509051057e-06
PMT,PENNYMAC MTG INVT TR COM,70931T103,2000.0,177,3.0587457509051057e-06
CURB,CURBLINE PPTYS CORP,23128Q101,2000.0,74,3.0587457509051057e-06
CIVI,CIVITAS RESOURCES INC,17888H103,2000.0,53,3.0587457509051057e-06
AHH,ARMADA HOFFLER PROPERTIES,04208T108,2000.0,311,3.0587457509051057e-06
OTIS,OTIS WORLDWIDE CORP,68902V107,2000.0,25,3.0587457509051057e-06
OTIS,OTIS WORLDWIDE CORP,68902V107,2000.0,17,3.0587457509051057e-06
OSIS,OSI SYSTEMS,671044105,2000.0,10,3.0587457509051057e-06
MLTX,MOONLAKE IMMUNOTHERAPEUTIC,61559X104,2000.0,215,3.0587457509051057e-06
JACK,JACK IN THE BOX INC,466367109,2000.0,79,3.0587457509051057e-06
T,AT&T INC,00206R102,2000.0,58,3.0587457509051057e-06
VIAV,VIAVI SOLUTIONS INC USD,925550105,2000.0,124,3.0587457509051057e-06
FOLD,AMICUS THERAPEUTICS INC,03152W109,2000.0,198,3.0587457509051057e-06
ROCK,GIBRALTOR INDUSTRIES INC,374689107,2000.0,26,3.0587457509051057e-06
GTY,GETTY RLTY CORP NEW,374297109,2000.0,89,3.0587457509051057e-06
GOGO,GOGO INC,38046C109,2000.0,257,3.0587457509051057e-06
RAL,RALLIANT CORP,750940108,2000.0,45,3.0587457509051057e-06
FCF,FIRST COMMONWEALTH FINL,319829107,2000.0,113,3.0587457509051057e-06
FCNCA,FIRST CITIZEN BANCSHS A,31946M103,2000.0,1,3.0587457509051057e-06
GBCI,GLACIER BANCORP MONTANA,37637Q105,2000.0,41,3.0587457509051057e-06
HAE,HAEMONETICS CORP MASS,405024100,2000.0,40,3.0587457509051057e-06
OXM,OXFORD INDS INC,691497309,2000.0,44,3.0587457509051057e-06
OXM,OXFORD INDS INC,691497309,2000.0,49,3.0587457509051057e-06
MNDY,MONDAY.COM LTD,M7S64H106,2000.0,8,3.0587457509051057e-06
MNRO,MONRO INC,610236101,2000.0,87,3.0587457509051057e-06
ASTH,ASTRANA HEALTH INC,03763A207,2000.0,74,3.0587457509051057e-06
TALO,TALOS ENERGY INC,87484T108,2000.0,176,3.0587457509051057e-06
KNTK,KINETIK HOLDINGS INC,02215L209,2000.0,49,3.0587457509051057e-06
VIAV,VIAVI SOLUTIONS INC USD,925550105,2000.0,140,3.0587457509051057e-06
VTRS,VIATRIS INC,92556V106,2000.0,240,3.0587457509051057e-06
CRAI,CRA INTL INC,12618T105,2000.0,10,3.0587457509051057e-06
COTY,COTY INC,222070203,2000.0,403,3.0587457509051057e-06
CACC,CREDIT ACCEPTANCE CORP,225310101,2000.0,5,3.0587457509051057e-06
MCB,METROPOLITAN BANK HOLDING,591774104,2000.0,30,3.0587457509051057e-06
KRC,KILROY REALTY CORP,49427F108,2000.0,36,3.0587457509051057e-06
AMRX,AMNEAL PHARMACEUTICALS INC,03168L105,2000.0,249,3.0587457509051057e-06
PCRX,PACIRA BIOSCIENCES INC,695127100,2000.0,82,3.0587457509051057e-06
HALO,HALOZYME THERAPEUTICS INC,40637H109,2000.0,24,3.0587457509051057e-06
ASH,ASHLAND INC,044186104,2000.0,34,3.0587457509051057e-06
ASH,ASHLAND INC,044186104,2000.0,39,3.0587457509051057e-06
HAE,HAEMONETICS CORP MASS,405024100,2000.0,37,3.0587457509051057e-06
ELS,EQUITY LIFESTYLE PPTYS INC,29472R108,2000.0,32,3.0587457509051057e-06
ESAB,ESAB CORP,29605J106,2000.0,18,3.0587457509051057e-06
NLY,ANNALY CAPITAL MANAGEMENT,035710839,2000.0,76,3.0587457509051057e-06
MCHP,MICROCHIP TECHNOLOGY INC,595017104,2000.0,25,3.0587457509051057e-06
CPA,COPA HOLDING SA CL A,P31076105,2000.0,17,3.0587457509051057e-06
CTRA,COTERRA ENERGY INC,127097103,2000.0,69,3.0587457509051057e-06
MGEE,MGE ENERGY INC,55277P104,2000.0,18,3.0587457509051057e-06
MGEE,MGE ENERGY INC,55277P104,2000.0,29,3.0587457509051057e-06
KW,KENNEDY-WILSON HOLDINGS IN,489398107,2000.0,185,3.0587457509051057e-06
KMPR,KEMPER CORP,488401100,2000.0,30,3.0587457509051057e-06
KELYA,KELLY SERVICES INC CL-A,488152208,2000.0,173,3.0587457509051057e-06
WRLD,WORLD ACCEPTANCE CORP,981419104,2000.0,10,3.0587457509051057e-06
MNKD,MANKIND CORP,56400P706,2000.0,344,3.0587457509051057e-06
RC,READY CAP CORP,75574U101,2000.0,404,3.0587457509051057e-06
RYN,RAYONIER INC REIT,754907103,2000.0,71,3.0587457509051057e-06
RES,RPC INC,749660106,2000.0,470,3.0587457509051057e-06
SPRY,ARS PHARMACEUTICALS INC,82835W108,2000.0,235,3.0587457509051057e-06
GPOR,GULFPORT ENERGY CORP,402635502,2000.0,12,3.0587457509051057e-06
PKG,PACKAGING CORP OF AMER,695156109,2000.0,11,3.0587457509051057e-06
ANGO,ANGIODYNAMICS INC,03475V101,2000.0,182,3.0587457509051057e-06
CNR,CORE NAT RES,218937100,2000.0,27,3.0587457509051057e-06
VTMX,CORP INMOBILIARIA VESTA SA,92540K109,2000.0,85,3.0587457509051057e-06
CRVL,CORVEL CORP,221006109,2000.0,24,3.0587457509051057e-06
GDDY,GODADDY INC,380237107,2000.0,14,3.0587457509051057e-06
PSO,PEARSON PLC SPONS ADR,705015105,2000.0,129,3.0587457509051057e-06
ESS,ESSEX PPTY TR INC,297178105,2000.0,9,3.0587457509051057e-06
ADNT,ADIENT LTD,G0084W101,2000.0,78,3.0587457509051057e-06
JUMSY,JUMBO SA ADR,48138V105,2000.0,53,3.0587457509051057e-06
ARCC,ARES CAPITAL CORP,04010L103,2000.0,116,3.0587457509051057e-06
INN,SUMMIT HOTEL PPTYS INC,866082100,2000.0,416,3.0587457509051057e-06
RGR,STURM RUGER & CO INC,864159108,2000.0,38,3.0587457509051057e-06
GBX,GREENBRIER COMPANIES INC,393657101,2000.0,42,3.0587457509051057e-06
PRK,PARK NATIONAL,700658107,2000.0,13,3.0587457509051057e-06
PGRE,PARAMOUNT GROUP INC,69924R108,2000.0,266,3.0587457509051057e-06
GO,GROCERY OUTLET HOLDING COR,39874R101,2000.0,138,3.0587457509051057e-06
HASI,HA SUSTAIN INFRAST CAP INC,41068X100,2000.0,54,3.0587457509051057e-06
CART,MAPLEBEAR INC,565394103,2000.0,62,3.0587457509051057e-06
ERIC,ERICSSON AMERICAN DEPO SHS,294821608,2000.0,250,3.0587457509051057e-06
EQR,EQUITY RESIDENTIAL,29476L107,2000.0,27,3.0587457509051057e-06
PEGA,PEGASYSTEMS INC,705573103,2000.0,30,3.0587457509051057e-06
SPHR,SPHERE ENTERTAINMENT CO,55826T102,2000.0,34,3.0587457509051057e-06
GPK,GRAPHIC PACKAGING HLDG CO,388689101,2000.0,94,3.0587457509051057e-06
MLKN,MILLERKNOLL INC,600544100,2000.0,86,3.0587457509051057e-06
MAA,MID-AMER APT CMNTYS INC,59522J103,2000.0,16,3.0587457509051057e-06
ARI,APOLLO COMM,03762U105,2000.0,181,3.0587457509051057e-06
CMPX,COMPASS THERAPEUTICS INC,20454B104,2000.0,526,3.0587457509051057e-06
APPF,APPFOLIO INC A,03783C100,2000.0,9,3.0587457509051057e-06
ACLX,ARCELLX INC,03940C100,2000.0,30,3.0587457509051057e-06
ABR,ARBOR RLTY TR INC COM,038923108,2000.0,144,3.0587457509051057e-06
GDYN,GRID DYNAMICS HOLDINGS INC,39813G109,2000.0,296,3.0587457509051057e-06
GEF,GREIF BROS CORP CL A,397624107,2000.0,27,3.0587457509051057e-06
STM,STMICROELECTRONICS NV COM,861012102,2000.0,71,3.0587457509051057e-06
KALU,KAISER ALUMINUM CO PAR 1,483007704,2000.0,31,3.0587457509051057e-06
CON,CONCENTRA GROUP HOLDINGS P,20603L102,2000.0,84,3.0587457509051057e-06
CYATY,CONTEMPORARY AMPEREX TECHN,210919106,2000.0,104,3.0587457509051057e-06
STAA,STAAR SURGICAL,852312305,2000.0,90,3.0587457509051057e-06
ARI,APOLLO COMM,03762U105,2000.0,174,3.0587457509051057e-06
APOG,APOGEE ENTPRSE INC,037598109,2000.0,36,3.0587457509051057e-06
PGC,PEAPACK GLADSTONE FINL CP,704699107,2000.0,56,3.0587457509051057e-06
RUN,SUNRUN INC,86771W105,2000.0,106,3.0587457509051057e-06
COLL,COLLEGIUM PHARMACEUTICAL,19459J104,2000.0,53,3.0587457509051057e-06
COLL,COLLEGIUM PHARMACEUTICAL,19459J104,2000.0,50,3.0587457509051057e-06
OBDC,BLUE OWL CAPITAL CORP,69121K104,2000.0,161,3.0587457509051057e-06
AKR,ACADIA RLTY TR COM SH BEN,004239109,2000.0,92,3.0587457509051057e-06
WLK,WESTLAKE CORP,960413102,2000.0,21,3.0587457509051057e-06
PCT,PURECYCLE TECHNOLOGIES INC,74623V103,2000.0,152,3.0587457509051057e-06
FLS,FLOWSERVE CORP,34354P105,2000.0,38,3.0587457509051057e-06
TYL,TYLER TECHNOLOGIES INC,902252105,2000.0,4,3.0587457509051057e-06
TXNM,TXNM ENERGY INC,69349H107,2000.0,42,3.0587457509051057e-06
TRUP,TRUPANION INC,898202106,2000.0,55,3.0587457509051057e-06
TRUP,TRUPANION INC,898202106,2000.0,53,3.0587457509051057e-06
NOMD,NOMAD FOODS LTD,G6564A105,2000.0,123,3.0587457509051057e-06
YETI,YETI HOLDINGS INC,98585X104,2000.0,64,3.0587457509051057e-06
QSR,RESTAURANT BRANDS INTL INC,76131D103,2000.0,25,3.0587457509051057e-06
REX,REX AMERICAN RESOURCES,761624105,2000.0,78,3.0587457509051057e-06
ZM,ZOOM COMMUNICATIONS INC,98980L101,1000.0,8,1.5293728754525529e-06
WABC,WESTAMERICA BANCORP COMM,957090103,1000.0,22,1.5293728754525529e-06
BBIO,BRIDGEBIO PHARMA INC,10806X102,1000.0,17,1.5293728754525529e-06
BIIB,BIOGEN INC,09062X103,1000.0,10,1.5293728754525529e-06
TFIN,TRIUMPH BANCORP INC,89679E300,1000.0,27,1.5293728754525529e-06
ACN,ACCENTURE PLC CL A,G1151C101,1000.0,5,1.5293728754525529e-06
RLI,RLI CORP,749607107,1000.0,16,1.5293728754525529e-06
TNET,TRINET GROUP INC,896288107,1000.0,13,1.5293728754525529e-06
NEXT,NEXTDECADE CORP,65342K105,1000.0,150,1.5293728754525529e-06
DEA,EASTERLY G COM USD0.01,27616P301,1000.0,54,1.5293728754525529e-06
JBSS,SANFILIPPO JOHN B & SON,800422107,1000.0,20,1.5293728754525529e-06
LECO,LINCOLN ELEC HLDG,533900106,1000.0,5,1.5293728754525529e-06
LBRDA,LIBERTY BROADBAND CORP,530307107,1000.0,13,1.5293728754525529e-06
LGIH,LGI HOMES INC,50187T106,1000.0,23,1.5293728754525529e-06
IOSP,INNOSPEC INC,45768S105,1000.0,13,1.5293728754525529e-06
ICHR,ICHOR HLDGS LTD,G4740B105,1000.0,31,1.5293728754525529e-06
0J7Q,IAC INC,44891N208,1000.0,40,1.5293728754525529e-06
CNMD,CONMED CORP COM,207410101,1000.0,15,1.5293728754525529e-06
ARI,APOLLO COMM,03762U105,1000.0,80,1.5293728754525529e-06
MTX,MINERALS TECHNOLOGIES,603158106,1000.0,21,1.5293728754525529e-06
GRAL,GRAIL INC,384747101,1000.0,20,1.5293728754525529e-06
GRAL,GRAIL INC,384747101,1000.0,13,1.5293728754525529e-06
GRAL,GRAIL INC,384747101,1000.0,18,1.5293728754525529e-06
PCTY,PAYLOCITY HOLDINGS CORP,70438V106,1000.0,5,1.5293728754525529e-06
PAYC,PAYCOM SOFTWARE INC,70432V102,1000.0,5,1.5293728754525529e-06
CBU,COMMUNITY FINL SYS INC,203607106,1000.0,23,1.5293728754525529e-06
CNXN,PC CONNECTION INC,69318J100,1000.0,12,1.5293728754525529e-06
PAYO,PAYONEER GLOBAL INC,70451X104,1000.0,210,1.5293728754525529e-06
STEL,STELLAR BANCORP INC,858927106,1000.0,43,1.5293728754525529e-06
STEL,STELLAR BANCORP INC,858927106,1000.0,28,1.5293728754525529e-06
STLA,STELLANTIS NV,N82405106,1000.0,91,1.5293728754525529e-06
BLBD,BLUE BIRD CORP,095306106,1000.0,25,1.5293728754525529e-06
BLMN,BLOOMIN BRANDS INC,094235108,1000.0,107,1.5293728754525529e-06
PTEN,PATTERSON-UTI ENERGY INC,703481101,1000.0,168,1.5293728754525529e-06
PSKY,PARAMOUNT SKYDANCE CORP,69932A204,1000.0,36,1.5293728754525529e-06
GPCR,STRUCTURE THERAPEUTICS INC,86366E106,1000.0,29,1.5293728754525529e-06
RGLD,ROYAL GOLD INC,780287108,1000.0,3,1.5293728754525529e-06
EGFEY,EUROBANK ERGASIAS SERVICES,29873D104,1000.0,349,1.5293728754525529e-06
SHOO,STEVEN MADDEN LTD,556269108,1000.0,43,1.5293728754525529e-06
ARMK,ARAMARK,03852U106,1000.0,18,1.5293728754525529e-06
CON,CONCENTRA GROUP HOLDINGS P,20603L102,1000.0,56,1.5293728754525529e-06
CAG,CONAGRA BRANDS INC,205887102,1000.0,52,1.5293728754525529e-06
CXM,SPRINKLR INC,85208T107,1000.0,180,1.5293728754525529e-06
CEG,CONSTELLATION ENERGY CORP,21037T109,1000.0,4,1.5293728754525529e-06
ANGI,ANGI INC,00183L201,1000.0,61,1.5293728754525529e-06
VBTX,VERITEX HOLDINGS INC,923451108,1000.0,24,1.5293728754525529e-06
AR,ANTERO RES CORP,03674X106,1000.0,18,1.5293728754525529e-06
VRE,VERIS RESIDENTIAL INC,554489104,1000.0,83,1.5293728754525529e-06
JOE,ST JOE COMPANY,790148100,1000.0,28,1.5293728754525529e-06
RL,RALPH LAUREN CORP,751212101,1000.0,4,1.5293728754525529e-06
ARGX,ARGENX SE ADR,04016X101,1000.0,2,1.5293728754525529e-06
SMFG,SUMITOMO MITSUI FIN ADR,86562M209,1000.0,60,1.5293728754525529e-06
GBX,GREENBRIER COMPANIES INC,393657101,1000.0,30,1.5293728754525529e-06
PRK,PARK NATIONAL,700658107,1000.0,6,1.5293728754525529e-06
ARKF,ARK FINTECH INNOVATION ETF,00214Q708,1000.0,19,1.5293728754525529e-06
PGRE,PARAMOUNT GROUP INC,69924R108,1000.0,76,1.5293728754525529e-06
EEFT,EURONET WORLDWIDE INC,298736109,1000.0,7,1.5293728754525529e-06
LOGI,LOGITECH INTL SA,H50430232,1000.0,12,1.5293728754525529e-06
HZO,MARINEMAX INC,567908108,1000.0,49,1.5293728754525529e-06
ADEA,ADEIA INC,00676P107,1000.0,59,1.5293728754525529e-06
ADPT,ADAPTIVE BIOTECHNOLOGIES C,00650F109,1000.0,78,1.5293728754525529e-06
ANY,SPHERE 3D CORP,84841L407,1000.0,1428,1.5293728754525529e-06
MLKN,MILLERKNOLL INC,600544100,1000.0,65,1.5293728754525529e-06
SWK,STANLEY BLACK & DECKER INC,854502101,1000.0,16,1.5293728754525529e-06
COLM,COLUMBIA SPORTSWEAR CO,198516106,1000.0,16,1.5293728754525529e-06
KMPR,KEMPER CORP,488401100,1000.0,24,1.5293728754525529e-06
WOP,WOODSIDE ENERGY GROUP LTD,980228308,1000.0,87,1.5293728754525529e-06
ETD,ETHAN ALLEN INTERIORS INC,297602104,1000.0,50,1.5293728754525529e-06
FRT,FEDERAL REALTY INVESTMENT,313745101,1000.0,9,1.5293728754525529e-06
FBK,FB FINANCIAL CORP,30257X104,1000.0,22,1.5293728754525529e-06
RPRX,ROYALTY PHARMA PLC,G7709Q104,1000.0,22,1.5293728754525529e-06
J,JACOBS SOLUTIONS INC,46982L108,1000.0,8,1.5293728754525529e-06
WLY,JOHN WILEY & SONS INC CL A,968223206,1000.0,30,1.5293728754525529e-06
PACS,PACS GROUP INC,69380Q107,1000.0,60,1.5293728754525529e-06
K,KELLANOVA,487836108,1000.0,11,1.5293728754525529e-06
ED,CONSOLIDATED EDISON INC,209115104,1000.0,10,1.5293728754525529e-06
CXM,SPRINKLR INC,85208T107,1000.0,139,1.5293728754525529e-06
CDP,COPT DEFENSE PROPERTIES,22002T108,1000.0,51,1.5293728754525529e-06
GOGO,GOGO INC,38046C109,1000.0,140,1.5293728754525529e-06
VLTO,VERALTO CORP,92338C103,1000.0,10,1.5293728754525529e-06
PSO,PEARSON PLC SPONS ADR,705015105,1000.0,103,1.5293728754525529e-06
RAMP,LIVERAMP HOLDINGS INC,53815P108,1000.0,55,1.5293728754525529e-06
RAMP,LIVERAMP HOLDINGS INC,53815P108,1000.0,55,1.5293728754525529e-06
VAC,MARRIOTT VACATIONS WORLD,57164Y107,1000.0,14,1.5293728754525529e-06
LPX,LOUISIANA PACIFIC CORP,546347105,1000.0,6,1.5293728754525529e-06
AMN,AMN HEALTHCARE SVCS,001744101,1000.0,30,1.5293728754525529e-06
VSTS,VESTIS CORP,29430C102,1000.0,162,1.5293728754525529e-06
VRT,VERTIV HOLDINGS CO,92537N108,1000.0,6,1.5293728754525529e-06
AOMR,ANGEL OAK MORTGAGE REIT IN,03464Y108,1000.0,130,1.5293728754525529e-06
MGPI,MGP INGREDIENTS INC,55303J106,1000.0,42,1.5293728754525529e-06
MGPI,MGP INGREDIENTS INC,55303J106,1000.0,57,1.5293728754525529e-06
PENN,PENN ENTMT INC,707569109,1000.0,42,1.5293728754525529e-06
CRSR,CORSAIR GAMING INC,22041X102,1000.0,130,1.5293728754525529e-06
CBRL,CRACKER BARREL OLD COUNTRY,22410J106,1000.0,19,1.5293728754525529e-06
VSTS,VESTIS CORP,29430C102,1000.0,209,1.5293728754525529e-06
KMT,KENNAMETAL INC,489170100,1000.0,43,1.5293728754525529e-06
KMT,KENNAMETAL INC,489170100,1000.0,70,1.5293728754525529e-06
AMN,AMN HEALTHCARE SVCS,001744101,1000.0,35,1.5293728754525529e-06
SRVR,PACER DATA&INFRAST R/E,69374H741,1000.0,44,1.5293728754525529e-06
SNCY,SUN COUNTRY AIRLINES HOLDI,866683105,1000.0,93,1.5293728754525529e-06
SNCY,SUN COUNTRY AIRLINES HOLDI,866683105,1000.0,118,1.5293728754525529e-06
TAP,MOLSON COORS BEVERAGE COMP,60871R209,1000.0,26,1.5293728754525529e-06
ARKX,ARK SPACE EXPLORATION & IN,00214Q807,1000.0,49,1.5293728754525529e-06
ARKW,ARK NEXT GENERATION INTERN,00214Q401,1000.0,7,1.5293728754525529e-06
IZRL,ARK ISRAEL INNOVATIVE TECH,00214Q609,1000.0,33,1.5293728754525529e-06
ARKK,ARK INNOVATION ETF,00214Q104,1000.0,9,1.5293728754525529e-06
ASGN,ASGN INC,00191U102,1000.0,27,1.5293728754525529e-06
APAM,ARTISAN PRTS ASSET MGT A,04316A108,1000.0,19,1.5293728754525529e-06
AC,ASSOCIATED CAPITAL GROUP I,045528106,1000.0,23,1.5293728754525529e-06
RXO,RXO INC,74982T103,1000.0,71,1.5293728754525529e-06
RSI,RUSH STREET INTERACTIVE IN,782011100,1000.0,53,1.5293728754525529e-06
WIX,WIX COM LTD SHS,M98068105,1000.0,7,1.5293728754525529e-06
RAMP,LIVERAMP HOLDINGS INC,53815P108,1000.0,42,1.5293728754525529e-06
FCF,FIRST COMMONWEALTH FINL,319829107,1000.0,73,1.5293728754525529e-06
SYY,SYSCO CORP,871829107,1000.0,12,1.5293728754525529e-06
SLVM,SYLVAMO CORP,871332102,1000.0,21,1.5293728754525529e-06
SLVM,SYLVAMO CORP,871332102,1000.0,33,1.5293728754525529e-06
SG,SWEETGREEN INC,87043Q108,1000.0,125,1.5293728754525529e-06
ARKQ,ARK AUTONOMOUS TECHNOLOGY,00214Q203,1000.0,12,1.5293728754525529e-06
JAZZ,JAZZ PHARMACEUTICALS PLC,G50871105,1000.0,5,1.5293728754525529e-06
ASTH,ASTRANA HEALTH INC,03763A207,1000.0,37,1.5293728754525529e-06
ASTE,ASTEC INDUSTRIES INC,046224101,1000.0,28,1.5293728754525529e-06
TNDM,TANDEM DIABETES CARE INC,875372203,1000.0,85,1.5293728754525529e-06
KREF,KKR REAL ESTATE,48251K100,1000.0,110,1.5293728754525529e-06
CRGY,CRESCENT ENERGY INC,44952J104,1000.0,110,1.5293728754525529e-06
CROX,CROCS INC,227046109,1000.0,16,1.5293728754525529e-06
8CW,CROWN CASTLE INC,22822V101,1000.0,10,1.5293728754525529e-06
MFA,MFA FINANCIAL INC,55272X607,1000.0,157,1.5293728754525529e-06
AMN,AMN HEALTHCARE SVCS,001744101,1000.0,26,1.5293728754525529e-06
PMT,PENNYMAC MTG INVT TR COM,70931T103,1000.0,100,1.5293728754525529e-06
VNOM,VIPER ENERGY INC,64361Q101,1000.0,32,1.5293728754525529e-06
CWEN/A,CLEARWAY ENERGY INC CL A,18539C105,1000.0,47,1.5293728754525529e-06
CLX,CLOROX CO,189054109,1000.0,11,1.5293728754525529e-06
CHCO,CITY HOLDING CO,177835105,1000.0,12,1.5293728754525529e-06
SYF,SYNCHRONY FINANCIAL,87165B103,1000.0,21,1.5293728754525529e-06
CCOI,COGENT COMMUN HLDGS INC.,19239V302,1000.0,25,1.5293728754525529e-06
COGT,COGENT BIOSCIENCES INC,19240Q201,1000.0,86,1.5293728754525529e-06
GRFS,GRIFOLS SA ADR,398438408,1000.0,78,1.5293728754525529e-06
ARR,ARMOUR RESIDENTIAL REIT IN,042315705,1000.0,55,1.5293728754525529e-06
VMEO,VIMEO INC,92719V100,1000.0,128,1.5293728754525529e-06
AMSF,AMERISAFE INC,03071H100,1000.0,25,1.5293728754525529e-06
CWI,SPDR MSCI AWWI EX-US,78463X848,1000.0,25,1.5293728754525529e-06
CSGS,CSG SYSTEMS INTERNATIONAL,126349109,1000.0,18,1.5293728754525529e-06
GDEN,GOLDEN ENTERTAINMENT INC,381013101,1000.0,63,1.5293728754525529e-06
FFBC,FIRST FINL BANCORP OH,320209109,1000.0,33,1.5293728754525529e-06
CHD,CHURCH & DWIGHT INC,171340102,1000.0,12,1.5293728754525529e-06
RDDT,REDDIT INC,75734B100,1000.0,5,1.5293728754525529e-06
AUB,ATLANTIC UN BANKSHARES CP,04911A107,1000.0,23,1.5293728754525529e-06
OGN,ORGANON & CO,68622V106,1000.0,102,1.5293728754525529e-06
CINF,CINCINNATI FINANCIAL CORP,172062101,1000.0,7,1.5293728754525529e-06
TPR,TAPESTRY INC,876030107,1000.0,13,1.5293728754525529e-06
HTO,H2O AMERICA,784305104,1000.0,27,1.5293728754525529e-06
JBHT,J B HUNT TRANSPORT SVCS,445658107,1000.0,5,1.5293728754525529e-06
BATRK,ATLANTA BRAVES HOLDINGS IN,047726302,1000.0,27,1.5293728754525529e-06
BATRA,ATLANTA BRAVES HOLDINGS IN,047726104,1000.0,13,1.5293728754525529e-06
CRMT,AMERICAS CAROMART,03062T105,1000.0,27,1.5293728754525529e-06
AMWD,AMERICAN WOODMARK CORP,030506109,1000.0,9,1.5293728754525529e-06
AMWD,AMERICAN WOODMARK CORP,030506109,1000.0,15,1.5293728754525529e-06
AWC,AMERICAN WATER WORKS CO,030420103,1000.0,9,1.5293728754525529e-06
PAHC,PHIBRO ANIMAL HEALTH CORP,71742Q106,1000.0,18,1.5293728754525529e-06
GFS,GLOBALFOUNDRIES INC,G39387108,1000.0,34,1.5293728754525529e-06
AAXJ,ISHARES MSCI ACJPN ETF,464288182,1000.0,12,1.5293728754525529e-06
IWB,ISHARES RUSS 1000 INDEX,464287622,1000.0,2,1.5293728754525529e-06
IRDM,IRIDIUM COMMUNTNS INC CO,46269C102,1000.0,80,1.5293728754525529e-06
IRDM,IRIDIUM COMMUNTNS INC CO,46269C102,1000.0,49,1.5293728754525529e-06
CPK,CHESAPEAKE UTILITIES CORP,165303108,1000.0,9,1.5293728754525529e-06
IRBT,IROBOT CORP,462726100,1000.0,150,1.5293728754525529e-06
CURB,CURBLINE PPTYS CORP,23128Q101,1000.0,40,1.5293728754525529e-06
CUBI,CUSTOMERS BANCORP INC,23204G100,1000.0,20,1.5293728754525529e-06
VOD,VODAFONE GROUP PLC ADR,92857W308,1000.0,80,1.5293728754525529e-06
KOP,KOPPERS HOLDINGS INC COM,50060P106,1000.0,44,1.5293728754525529e-06
PHIN,PHINIA INC,71880K101,1000.0,24,1.5293728754525529e-06
GNL,GLOBAL NET LEASE INC,379378201,1000.0,72,1.5293728754525529e-06
GMRE,GLOBAL MED COM USD0.001,37954A303,1000.0,15,1.5293728754525529e-06
SOBO,SOUTH BOW CORP NPV,83671M105,1000.0,46,1.5293728754525529e-06
AMVOY,AUMOVIO SE ADR,05151Y101,1000.0,75,1.5293728754525529e-06
AMVOY,AUMOVIO SE ADR,05151Y101,1000.0,157,1.5293728754525529e-06
WS,WORTHINGTON STEEL INC,982104101,1000.0,45,1.5293728754525529e-06
WOR,WORTHINGTON ENTERPRISES,981811102,1000.0,25,1.5293728754525529e-06
WRLD,WORLD ACCEPTANCE CORP,981419104,1000.0,7,1.5293728754525529e-06
VLY,VALLEY NATL BANCORP,919794107,1000.0,70,1.5293728754525529e-06
TNC,TENNANT CO,880345103,1000.0,9,1.5293728754525529e-06
OSPN,ONESPAN INC,68287N100,1000.0,64,1.5293728754525529e-06
HTLD,HEARTLAND EXPRESS,422347104,1000.0,146,1.5293728754525529e-06
EQNR,EQUINOR ASA ADR,29446M102,1000.0,55,1.5293728754525529e-06
EQNR,EQUINOR ASA ADR,29446M102,1000.0,26,1.5293728754525529e-06
WGO,WINNEBAGO INDUSTRIES,974637100,1000.0,32,1.5293728754525529e-06
WGO,WINNEBAGO INDUSTRIES,974637100,1000.0,42,1.5293728754525529e-06
ASIX,ADVANSIX INC,00773T101,1000.0,71,1.5293728754525529e-06
CYBR,CYBERARK SOFTWARE LTD,M2682V108,1000.0,3,1.5293728754525529e-06
AWR,AMERICAN STATES WATER CO,029899101,1000.0,15,1.5293728754525529e-06
VPG,VISHAY PRECISION GROUP,92835K103,1000.0,45,1.5293728754525529e-06
VSH,VISHAY INTERTECHNOLOGY INC,928298108,1000.0,71,1.5293728754525529e-06
ERII,ENERGY RECOVERY INC,29270J100,1000.0,82,1.5293728754525529e-06
HRMY,HARMONY BIOSCIENCES HOLDIN,413197104,1000.0,35,1.5293728754525529e-06
EWL,ISHARE MSCI SWITZERLAND,464286749,1000.0,27,1.5293728754525529e-06
IRWD,IRONWOOD PHARMACEUTICAL,46333X108,1000.0,932,1.5293728754525529e-06
IQV,IQVIA HOLDINGS INC,46266C105,1000.0,4,1.5293728754525529e-06
MYGN,MYRIAD GENETICS INC,62855J104,1000.0,204,1.5293728754525529e-06
AMCR,AMCOR PLC,G0250X107,1000.0,148,1.5293728754525529e-06
KN,KNOWLES CORP,49926D109,1000.0,47,1.5293728754525529e-06
KOS,KOSMOS ENERGY LTD,500688106,1000.0,585,1.5293728754525529e-06
AMBA,AMBARELLA INC,G037AX101,1000.0,16,1.5293728754525529e-06
VNO,VORNADO REALTY TRUST,929042109,1000.0,24,1.5293728754525529e-06
GLIBK,GCI LIBERTY INC,36164V800,1000.0,15,1.5293728754525529e-06
CTKB,CYTEK BIOSCIENCES INC,23285D109,1000.0,312,1.5293728754525529e-06
RM,REGIONAL MGMT CORP,75902K106,1000.0,37,1.5293728754525529e-06
WS,WORTHINGTON STEEL INC,982104101,1000.0,25,1.5293728754525529e-06
WS,WORTHINGTON STEEL INC,982104101,1000.0,27,1.5293728754525529e-06
NGVC,NATURAL GROCERS BY VITAMIN,63888U108,1000.0,25,1.5293728754525529e-06
NSA,NATL STORAGE AFFILIATES TR,637870106,1000.0,39,1.5293728754525529e-06
NHC,NATIONAL HEALTHCARE CORP,635906100,1000.0,10,1.5293728754525529e-06
CSR,CENTERSPACE,15202L107,1000.0,23,1.5293728754525529e-06
HWKN,HAWKINS INC COM,420261109,1000.0,7,1.5293728754525529e-06
HAS,HASBRO INC,418056107,1000.0,13,1.5293728754525529e-06
AVNW,AVIAT NETWORKS INC,05366Y201,1000.0,44,1.5293728754525529e-06
CEVA,CEVA INC,157210105,1000.0,50,1.5293728754525529e-06
BGS,B&G FOODS INC,05508R106,1000.0,207,1.5293728754525529e-06
FUN,SIX FLAGS ENTMT CORP,83001C108,1000.0,61,1.5293728754525529e-06
LZB,LA-Z-BOY INC,505336107,1000.0,28,1.5293728754525529e-06
LZB,LA-Z-BOY INC,505336107,1000.0,35,1.5293728754525529e-06
AMAL,AMALGAMATED FINANCIAL CORP,022671101,1000.0,55,1.5293728754525529e-06
DK,DELEK US HOLDINGS INC,24665A103,1000.0,42,1.5293728754525529e-06
QDEL,QUIDELORTHO CORP,219798105,1000.0,22,1.5293728754525529e-06
STBA,S&T BANCORP INC,783859101,1000.0,33,1.5293728754525529e-06
SLP,SIMULATIONS PLUS INC,829214105,1000.0,43,1.5293728754525529e-06
DLX,DELUXE CORPORATION,248019101,1000.0,60,1.5293728754525529e-06
SHEN,SHENANDOAH TELECOM,82312B106,1000.0,90,1.5293728754525529e-06
FUBO,FUBOTV INC,35953D104,1000.0,204,1.5293728754525529e-06
PINC,PREMIER INC,74051N102,1000.0,42,1.5293728754525529e-06
LCII,LCI INDUSTRIES,50189K103,1000.0,13,1.5293728754525529e-06
DECK,DECKERS OUTDOOR CORP,243537107,1000.0,6,1.5293728754525529e-06
SSTK,SHUTTERSTOCK INC,825690100,1000.0,61,1.5293728754525529e-06
ALGT,ALLEGIANT TRAVEL CO,01748X102,1000.0,20,1.5293728754525529e-06
AWM,SKYWORKS SOLUTIONS INC,83088M102,1000.0,17,1.5293728754525529e-06
GLPI,GAMING & LEISURE PPTYS INC,36467J108,1000.0,18,1.5293728754525529e-06
PLYM,PLYMOUTH INDUSTRIAL REIT I,729640102,1000.0,51,1.5293728754525529e-06
OMC,OMNICOM GROUP INC,681919106,1000.0,13,1.5293728754525529e-06
HRI,HERC HOLDINGS INC.,42704L104,1000.0,10,1.5293728754525529e-06
TEVA,TEVA PHARM INDS LTD ADR,881624209,1000.0,26,1.5293728754525529e-06
HSTM,HEALTHSTREAM INC,42222N103,1000.0,45,1.5293728754525529e-06
DFIN,DONNELLEY FINANCIAL SOLU,25787G100,1000.0,27,1.5293728754525529e-06
POWI,POWER INTEGRATIONS,739276103,1000.0,30,1.5293728754525529e-06
PCH,POTLATCHDELTIC CORPORATION,737630103,1000.0,22,1.5293728754525529e-06
OMCL,OMNICELL INC,68213N109,1000.0,40,1.5293728754525529e-06
CNP,CENTERPOINT ENERGY INC,15189T107,1000.0,29,1.5293728754525529e-06
HSII,HEIDRICK & STRUGGLES,422819102,1000.0,27,1.5293728754525529e-06
ODFL,OLD DOMINION FREIGHT,679580100,1000.0,5,1.5293728754525529e-06
GIB/A,CGI INC,12532H104,1000.0,15,1.5293728754525529e-06
CEVA,CEVA INC,157210105,1000.0,43,1.5293728754525529e-06
ROOT,ROOT INC/OH,77664L207,1000.0,11,1.5293728754525529e-06
ROL,ROLLINS INC,775711104,1000.0,24,1.5293728754525529e-06
ROL,ROLLINS INC,775711104,1000.0,15,1.5293728754525529e-06
HGV,HILTON GRAND VACATIONS,43283X105,1000.0,27,1.5293728754525529e-06
HTH,HILLTOP HOLDINGS INC,432748101,1000.0,41,1.5293728754525529e-06
CATY,CATHAY GENERAL BANCORP CO,149150104,1000.0,24,1.5293728754525529e-06
DHT,DHT HOLDINGS INC,Y2065G121,1000.0,103,1.5293728754525529e-06
XHR,XENIA HOTELS & RESORTS INC,984017103,1000.0,98,1.5293728754525529e-06
AHCO,ADAPTHEALTH CORP,00653Q102,1000.0,125,1.5293728754525529e-06
AHCO,ADAPTHEALTH CORP,00653Q102,1000.0,140,1.5293728754525529e-06
UNIT,UNITI GROUP INC,912932100,1000.0,214,1.5293728754525529e-06
UNIT,UNITI GROUP INC,912932100,1000.0,186,1.5293728754525529e-06
TXT,TEXTRON INC,883203101,1000.0,16,1.5293728754525529e-06
CBOE,CBOE GLOBAL MARKETS INC,12503M108,1000.0,5,1.5293728754525529e-06
IPG,INTERPUBLIC GROUP COS INC,460690100,1000.0,30,1.5293728754525529e-06
NBTB,NBT BANCORP INC,628778102,1000.0,23,1.5293728754525529e-06
NEO,NEOGENOMICS INC,64049M209,1000.0,159,1.5293728754525529e-06
NEOG,NEOGEN CORP,640491106,1000.0,227,1.5293728754525529e-06
IPI,INTREPID POTASH INC,46121Y201,1000.0,33,1.5293728754525529e-06
CAT,CATERPILLAR INC,149123101,1000.0,3,1.5293728754525529e-06
DKS,DICKS SPORTING GOODS,253393102,1000.0,4,1.5293728754525529e-06
SFL,SFL CORP LTD,G7738W106,1000.0,144,1.5293728754525529e-06
DLTR,DOLLAR TREE INC,256746108,1000.0,8,1.5293728754525529e-06
TKO,TKO GROUP HOLDINGS INC,87256C101,1000.0,5,1.5293728754525529e-06
UVV,UNIVERSAL CORP,913456109,1000.0,22,1.5293728754525529e-06
U,UNITY SOFTWARE INC,91332U101,1000.0,31,1.5293728754525529e-06
HOLX,HOLOGIC INC,436440101,1000.0,17,1.5293728754525529e-06
THRY,THRYV HOLDINGS INC,886029206,1000.0,97,1.5293728754525529e-06
PRNT,THE 3D PRINTING ETF,00214Q500,1000.0,27,1.5293728754525529e-06
MIDD,THE MIDDLEBY,596278101,1000.0,4,1.5293728754525529e-06
IBOC,INTERNATIONAL BANCSHARES C,459044103,1000.0,18,1.5293728754525529e-06
IHG,INTERNATIONAL HOTELS GROUP,45857P806,1000.0,8,1.5293728754525529e-06
CWH,CAMPING WORLD HOLDING INC,13462K109,1000.0,57,1.5293728754525529e-06
NX,QUANEX BUILDING PROD CORP,747619104,1000.0,46,1.5293728754525529e-06
NX,QUANEX BUILDING PROD CORP,747619104,1000.0,70,1.5293728754525529e-06
AER,AERCAP HLDGS NV,N00985106,1000.0,10,1.5293728754525529e-06
EFC,ELLINGTON FINANCIAL INC,28852N109,1000.0,98,1.5293728754525529e-06
PRAA,PRA GROUP INC NPV,69354N106,1000.0,77,1.5293728754525529e-06
RTO,RENTOKIL GROUP PLC ADR,760125104,1000.0,54,1.5293728754525529e-06
FLLA,FRANKLIN FTSE LATIN AMERIC,35473P561,1000.0,28,1.5293728754525529e-06
DPZ,DOMINOS PIZZA,25754A201,1000.0,3,1.5293728754525529e-06
BZH,BEAZER HOMES USA INC,07556Q881,1000.0,54,1.5293728754525529e-06
CWT,CALIFORNIA WTR SVC GROUP,130788102,1000.0,26,1.5293728754525529e-06
WEN,THE WENDYS COMPANY,95058W100,1000.0,108,1.5293728754525529e-06
CZR,CAESARS ENTERTAINMENT INC,12769G100,1000.0,54,1.5293728754525529e-06
TR,TOOTSIE ROLL INDUSTRIES,890516107,1000.0,31,1.5293728754525529e-06
NPKI,NPK INTERNATIONAL INC,651718504,1000.0,60,1.5293728754525529e-06
RIVN,RIVIAN AUTOMOTIVE INC,76954A103,1000.0,75,1.5293728754525529e-06
RNG,RINGCENTRAL INC CLASS A,76680R206,1000.0,28,1.5293728754525529e-06
SXT,SENSIENT TECHNOLOGIES CORP,81725T100,1000.0,9,1.5293728754525529e-06
LPG,DORIAN LPG LTD,Y2106R110,1000.0,47,1.5293728754525529e-06
ALC,ALCON INC,H01301128,1000.0,7,1.5293728754525529e-06
ALB,ALBEMARLE CORP,012653101,1000.0,9,1.5293728754525529e-06
DBRG,DIGITALBRIDGE GROUP INC,25401T603,1000.0,101,1.5293728754525529e-06
QNC,QUANTUM EMOTION CORP,74767K103,1000.0,1220,1.5293728754525529e-06
FBRT,FRANKLIN BSP REALTY TRUST,35243J101,1000.0,111,1.5293728754525529e-06
FOXF,FOX FACTORY HOLDING CORP,35138V102,1000.0,60,1.5293728754525529e-06
WDFC,WD 40 COMPANY,929236107,1000.0,7,1.5293728754525529e-06
REXR,REXFORD INDL RLTY INC COM,76169C100,1000.0,32,1.5293728754525529e-06
LYB,LYONDELLBASELL IND NV,N53745100,1000.0,30,1.5293728754525529e-06
LXP,LXP INDUSTRIAL TRUST,529043101,1000.0,109,1.5293728754525529e-06
XRX,XEROX HOLDINGS CORP,98421M106,1000.0,396,1.5293728754525529e-06
XERS,XERIS BIOPHARMA HOLDINGS I,98422E103,1000.0,68,1.5293728754525529e-06
RBLX,ROBLOX CORP CL A,771049103,1000.0,6,1.5293728754525529e-06
BHE,BENCHMARK ELECTRONICS,08160H101,1000.0,28,1.5293728754525529e-06
INTA,INTAPP INC,45827U109,1000.0,33,1.5293728754525529e-06
NMRK,NEWMARK GROUP INC,65158N102,1000.0,45,1.5293728754525529e-06
PRGS,PROGRESS SOFTWARE,743312100,1000.0,26,1.5293728754525529e-06
PRG,PROG HOLDINGS INC,74319R101,1000.0,35,1.5293728754525529e-06
DBX,DROPBOX INC,26210C104,1000.0,22,1.5293728754525529e-06
EFC,ELLINGTON FINANCIAL INC,28852N109,1000.0,85,1.5293728754525529e-06
LBTYA,LIBERTY GLOBAL LTD NPV,G61188101,1000.0,110,1.5293728754525529e-06
PLD,PROLOGIS INC,74340W103,1000.0,13,1.5293728754525529e-06
BRBR,BELLRING BRANDS INC,07831C103,1000.0,40,1.5293728754525529e-06
CAL,CALERES INC NPV,129500104,1000.0,88,1.5293728754525529e-06
NTST,NETSTREIT CORP,64119V303,1000.0,68,1.5293728754525529e-06
UFCS,UNITED FIRE GROUP INC COM,910340108,1000.0,34,1.5293728754525529e-06
TRMD,TORM PLC,G89479102,1000.0,28,1.5293728754525529e-06
HUN,HUNTSMAN CORP,447011107,1000.0,109,1.5293728754525529e-06
UNF,UNIFIRST CORP MASS COM,904708104,1000.0,7,1.5293728754525529e-06
EIG,EMPLOYERS HOLDINGS,292218104,1000.0,25,1.5293728754525529e-06
MASI,MASIMO CORPORATION,574795100,1000.0,5,1.5293728754525529e-06
WSR,WHITESTONE REIT,966084204,1000.0,74,1.5293728754525529e-06
WEX,WEX INC,96208T104,1000.0,6,1.5293728754525529e-06
LLYVA,LIBERTY MEDIA CORP-LIBERTY,531229748,1000.0,14,1.5293728754525529e-06
LLYVA,LIBERTY MEDIA CORP-LIBERTY,531229748,1000.0,9,1.5293728754525529e-06
KWR,QUAKER CHEMICAL CORP,747316107,1000.0,7,1.5293728754525529e-06
ESTC,ELASTIC NV,N14506104,1000.0,16,1.5293728754525529e-06
FCPT,FOUR CORNERS PROPERTY TRUS,35086T109,1000.0,53,1.5293728754525529e-06
FCPT,FOUR CORNERS PROPERTY TRUS,35086T109,1000.0,47,1.5293728754525529e-06
IART,INTEGRA LIFESCIENCES,457985208,1000.0,45,1.5293728754525529e-06
NVCR,NOVOCURE LTD,G6674U108,1000.0,81,1.5293728754525529e-06
HOV,HOVNANIAN ENTERPRISES INC,442487401,1000.0,11,1.5293728754525529e-06
HUBG,HUB GROUP INC,443320106,1000.0,40,1.5293728754525529e-06
UCB,UNITED CMNTY BK BLAIRS,90984P303,1000.0,37,1.5293728754525529e-06
BG,BUNGE GLOBAL SA,H11356104,1000.0,17,1.5293728754525529e-06
UNF,UNIFIRST CORP MASS COM,904708104,1000.0,5,1.5293728754525529e-06
UAA,UNDER ARMOUR INC,904311107,1000.0,256,1.5293728754525529e-06
FWRD,FORWARD AIR CORP,34986A104,1000.0,45,1.5293728754525529e-06
WERN,WERNER ENTERPRISES INC,950755108,1000.0,23,1.5293728754525529e-06
WMK,WEIS MARKETS INC,948849104,1000.0,10,1.5293728754525529e-06
WAVE,ECO WAVE POWER GLOBAL AB,27900N103,1000.0,70,1.5293728754525529e-06
LBTYK,LIBERTY GLOBAL LTD NPV,G61188127,1000.0,110,1.5293728754525529e-06
IDA,IDACORP INC,451107106,1000.0,8,1.5293728754525529e-06
LND,BRASILAGRO - CO BRASILEIRA,10554B104,1000.0,170,1.5293728754525529e-06
NOK,NOKIA CORP ADR,654902204,1000.0,308,1.5293728754525529e-06
BDN,BRANDYWINE RLTY TR,105368203,1000.0,241,1.5293728754525529e-06
BDN,BRANDYWINE RLTY TR,105368203,1000.0,248,1.5293728754525529e-06
UMH,UMH PROPERTIES INC,903002103,1000.0,53,1.5293728754525529e-06
UGI,UGI CORP NEW,902681105,1000.0,22,1.5293728754525529e-06
BAM,BROOKFIELD ASSET MGMT,113004105,1000.0,20,1.5293728754525529e-06
BKD,BROOKDALE SENIOR LIVING,112463104,1000.0,122,1.5293728754525529e-06
BLFS,BIOLIFE SOLUTIONS INC,09062W204,1000.0,49,1.5293728754525529e-06
BLFS,BIOLIFE SOLUTIONS INC,09062W204,1000.0,50,1.5293728754525529e-06
BHVN,BIOHAVEN LTD,G1110E107,1000.0,87,1.5293728754525529e-06
DX,DYNEX CAP INC NEW,26817Q886,1000.0,75,1.5293728754525529e-06
PSA,PUBLIC STORAGE INC,74460D109,1000.0,5,1.5293728754525529e-06
SCHL,SCHOLASTIC CORP,807066105,1000.0,50,1.5293728754525529e-06
FIBK,FIRST INST BANSYSTEM CL A,32055Y201,1000.0,31,1.5293728754525529e-06
EXAS,EXACT SCIENCES CORP,30063P105,1000.0,11,1.5293728754525529e-06
EXPD,EXPEDITORS INTL WASH INC,302130109,1000.0,9,1.5293728754525529e-06
TFIN,TRIUMPH BANCORP INC,89679E300,1000.0,22,1.5293728754525529e-06
TWO,TWO HARBORS INVESTMENT COR,90187B804,1000.0,137,1.5293728754525529e-06
EXEL,EXELIXIS INC,30161Q104,1000.0,36,1.5293728754525529e-06
HRB,BLOCK H&R INC,093671105,1000.0,20,1.5293728754525529e-06
FLO,FLOWER FOODS INC,343498101,1000.0,112,1.5293728754525529e-06
ZYME,ZYMEWORKS INC,98985Y108,1000.0,73,1.5293728754525529e-06
ABM,ABM INDS INC,000957100,1000.0,30,1.5293728754525529e-06
YEXT,YEXT INC,98585N106,1000.0,167,1.5293728754525529e-06
YELP,YELP INC,985817105,1000.0,34,1.5293728754525529e-06
MTCH,MATCH GROUP INC,57667L107,1000.0,25,1.5293728754525529e-06
LBRT,LIBERTY OILFIELD SERVICES,53115L104,1000.0,119,1.5293728754525529e-06
LBRT,LIBERTY OILFIELD SERVICES,53115L104,1000.0,52,1.5293728754525529e-06
FWONA,LIBERTY MEDIA CORP-LIBERTY,531229771,1000.0,13,1.5293728754525529e-06
WEA,WESTERN ALLIANCE,957638109,1000.0,12,1.5293728754525529e-06
TRMK,TRUSTMARK CORP,898402102,1000.0,35,1.5293728754525529e-06
TRST,TRUSTCO BANK CORP NY,898349204,1000.0,38,1.5293728754525529e-06
YQ,17 EDUCATION & TECHNOLOGY,81807M304,1000.0,153,1.5293728754525529e-06
ZBRA,ZEBRA TECHNOLOGIES CP CL A,989207105,1000.0,5,1.5293728754525529e-06
ZS,ZSCALER INC,98980G102,1000.0,2,1.5293728754525529e-06
GTM,ZOOMINFO TECHNOLOGIES INC,98980F104,1000.0,115,1.5293728754525529e-06
AGCO,AGCO CORP,001084102,1000.0,5,1.5293728754525529e-06
AFRM,AFFIRM HOLDINGS INC,00827B106,1000.0,12,1.5293728754525529e-06
PCT,PURECYCLE TECHNOLOGIES INC,74623V103,1000.0,85,1.5293728754525529e-06
NI,NISOURCE INC,65473P105,1000.0,24,1.5293728754525529e-06
INDB,INDEPENDENT BK CORP MASS,453836108,1000.0,14,1.5293728754525529e-06
NGVT,INGEVITY CORP,45688C107,1000.0,23,1.5293728754525529e-06
TWO,TWO HARBORS INVESTMENT COR,90187B804,1000.0,135,1.5293728754525529e-06
NMR,NOMURA HLDGS SPONS ADR,65535H208,1000.0,158,1.5293728754525529e-06
QSR,RESTAURANT BRANDS INTL INC,76131D103,1000.0,15,1.5293728754525529e-06
REX,REX AMERICAN RESOURCES,761624105,1000.0,40,1.5293728754525529e-06
HQH,ABRDN HEALTHCARE INVS,87911J103,0.0,13,0.0
ZH,ZHIHU INC ADR,98955N207,0.0,71,0.0
ZIMV,ZIMVIE INC,98888T107,0.0,8,0.0
MSGE,MADISON SQUARE GARDEN SPIN,558256103,0.0,10,0.0
MAGN,MAGNERA CORP,55939A107,0.0,12,0.0
MAGN,MAGNERA CORP,55939A107,0.0,22,0.0
MAGN,MAGNERA CORP,55939A107,0.0,17,0.0
MBC,MASTERBRAND INC,57638P104,0.0,8,0.0
SNDK,SANDISK CORP/DE,80004C200,0.0,2,0.0
SD,SANDRIDGE ENERGY INC,80007P869,0.0,6,0.0
FLNG,FLEX LNG LTD,G35947202,0.0,7,0.0
SPNS,SAPIENS INTERNATIONAL CORP,G7T16G103,0.0,7,0.0
SRPT,SAREPTA THERAPEUTICS INC,803607100,0.0,15,0.0
SSL,SASOL LTD SPON ADR,803866300,0.0,14,0.0
SEIC,SEI INVESTMENTS,784117103,0.0,2,0.0
AGL,AGILON HEALTH INC,00857U107,0.0,401,0.0
BROS,DUTCH BROS INC,26701L100,0.0,3,0.0
FEDU,FOUR SEASONS EDUCATION CAY,35101A309,0.0,29,0.0
FTRE,FORTREA HOLDINGS INC,34965K107,0.0,10,0.0
FTRE,FORTREA HOLDINGS INC,34965K107,0.0,41,0.0
EPC,EDGEWELL PERS CARE CO,28035Q102,0.0,5,0.0
EIG,EMPLOYERS HOLDINGS,292218104,0.0,10,0.0
WEAV,WEAVE COMMUNICATIONS INC,94724R108,0.0,15,0.0
LEN,LENNAR CORP,526057104,0.0,3,0.0
FBIN,FORTUNE BRANDS INNOVATIONS,34964C106,0.0,6,0.0
FBIN,FORTUNE BRANDS INNOVATIONS,34964C106,0.0,8,0.0
DTM,DT MIDSTREAM INC,23345M107,0.0,4,0.0
DKNG,DRAFTKINGS INC,26142V105,0.0,5,0.0
FMS,FRESENIUS MED CARE AG,358029106,0.0,18,0.0
FOX,FOX CORP - CLASS B,35137L204,0.0,8,0.0
LEN/B,LENNAR CORP CL B,526057302,0.0,1,0.0
S,SENTINELONE INC,81730H109,0.0,8,0.0
FTAI,FTAI AVIATION LTD,G3730V105,0.0,1,0.0
FLGB,FRANKLIN FTSE UNITED KINGD,35473P678,0.0,2,0.0
LINE,LINEAGE INC,53566V106,0.0,2,0.0
ASLE,AERSALE CORP,00810F106,0.0,58,0.0
QSG,QUANTASING GROUP LTD,74767N107,0.0,34,0.0
WBD,WARNER BROS DISCOVERY INC,934423104,0.0,14,0.0
AA,ALCOA UPSTREAM CORP,013872106,0.0,14,0.0
IRON,DISC MEDICINE INC,254604101,0.0,2,0.0
ARE,ALEXANDRIA REAL EST EQ INC,015271109,0.0,4,0.0
LVS,LAS VEGAS SANDS,517834107,0.0,9,0.0
GME,GAMESTOP CORP NEW CL A,36467W109,0.0,10,0.0
PSNY,POLESTAR AUTOMOTIVE HOLD,731105201,0.0,373,0.0
FUN,SIX FLAGS ENTMT CORP,83001C108,0.0,2,0.0
WTI,W&T OFFSHORE INC COM,92922P106,0.0,48,0.0
AMR,ALPHA METALLURGICAL RESOUR,020764106,0.0,1,0.0
PLUN,PLUG POWER INC COM NEW,72919P202,0.0,93,0.0
GLIBA,GCI LIBERTY INC,36164V602,0.0,2,0.0
GLIBK,GCI LIBERTY INC,36164V800,0.0,7,0.0
GLIBK,GCI LIBERTY INC,36164V800,0.0,7,0.0
GDS,GDS HOLDINGS LTD ADR,36165L108,0.0,6,0.0
AMBR,AMBER INTERNATIONAL HOLDIN,45113Y203,0.0,7,0.0
ASIX,ADVANSIX INC,00773T101,0.0,10,0.0
SNAP,SNAP INC,83304A106,0.0,13,0.0
SOFI,SOFI TECHNOLOGIES INC,83406F102,0.0,8,0.0
VTLE,VITAL ENERGY INC,516806205,0.0,12,0.0
GLIBA,GCI LIBERTY INC,36164V602,0.0,6,0.0
SOBO,SOUTH BOW CORP NPV,83671M105,0.0,11,0.0
VIST,VISTA ENERGY SAB DE CV,92837L109,0.0,8,0.0
SFGYY,SONY FINANCIAL GROUP ADR,83571B100,0.0,1206,0.0
SFGYY,SONY FINANCIAL GROUP ADR,83571B100,0.0,53,0.0
SFGYY,SONY FINANCIAL GROUP ADR,83571B100,0.0,205,0.0
CVRX,CVRX INC,126638105,0.0,14,0.0
PHAR,PHARMING GROUP NV,71716E105,0.0,3,0.0
GENEUSD,GENETIC TECHNOLOGIES LTD,37185R406,0.0,24,0.0
PWP,PERELLA WEINBERG PARTNERS,71367G102,0.0,20,0.0
PPTA,PERPETUA RESOURCES CORP,714266103,0.0,2,0.0
SPSM,SPDR PORTFOLIO SMALL CAP E,78468R853,0.0,8,0.0
FFBC,FIRST FINL BANCORP OH,320209109,0.0,5,0.0
SPB,SPECTRUM BRANDS HLDGS INC,84790A105,0.0,4,0.0
AMPY,AMPLIFY ENERGY CORP,03212B103,0.0,61,0.0
PNTG,PENNANT GROUP INC,70805E109,0.0,14,0.0
CMT,CORE MOLDING TECHNOLOGIES,218683100,0.0,18,0.0
MGPI,MGP INGREDIENTS INC,55303J106,0.0,14,0.0
S9Q,SPIRIT AEROSYSTEMS HOLDING,848574109,0.0,1,0.0
PENG,PENGUIN SOLUTIONS INC,706915105,0.0,8,0.0
ANL,ADLAI NORTYE LTD,00704R109,0.0,91,0.0
N/A,RTS CONTRA WALGREENS BOOTS,931CVR013,0.0,645,0.0
N/A,RTS CONTRA WALGREENS BOOTS,931CVR013,0.0,19429,0.0
N/A,RTS CONTRA WALGREENS BOOTS,931CVR013,0.0,900,0.0
N/A,RTS CONTRA WALGREENS BOOTS,931CVR013,0.0,6353,0.0
N/A,RTS CONTRA WALGREENS BOOTS,931CVR013,0.0,126,0.0
CNDT,CONDUENT INC,206787103,0.0,18,0.0
ANGI,ANGI INC,00183L201,0.0,12,0.0
ANGI,ANGI INC,00183L201,0.0,21,0.0
N/A,CONTRA BLUEPRINT MEDICINES,096CVR048,0.0,78,0.0
N/A,CONTRA BLUEPRINT MEDICINES,096CVR048,0.0,96,0.0
N/A,CONTRA BLUEPRINT MEDICINES,096CVR048,0.0,35,0.0
CMPO,COMPOSECURE INC,20459V105,0.0,6,0.0
KALV,KALVISTA PHARMACEUTICALS I,483497103,0.0,10,0.0
AIV,APARTMENT INVESTMENT AND M,03748R747,0.0,16,0.0
CCM,CONCORD MEDICAL SERVICES H,206277204,0.0,37,0.0
GRAL,GRAIL INC,384747101,0.0,1,0.0
MRP,MILLROSE PROPERTIES CL A,601137102,0.0,1,0.0
MIRM,MIRUM PHARMACEUTICALS INC,604749101,0.0,2,0.0
ELP,COMPANHIA PARANAENSE DE,20441B605,0.0,4,0.0
ASC,ARDMORE SHIPPING CORP,Y0207T100,0.0,34,0.0
RAPT,RAPT THERAPEUTICS INC,75382E208,0.0,11,0.0
ROST,ROSS STORES INC,778296103,0.0,3,0.0
WDAY,WORKDAY INC CL A,98138H101,0.0,1,0.0
GGAL,GRUPO FIN GALICIA ADS ADR,399909100,0.0,15,0.0
SGHC,SUPER GROUP SGHC LTD,G8588X103,0.0,11,0.0
SMCI,SUPER MICRO COMPUTER,86800U302,0.0,8,0.0
ARKG,ARK GENOMIC REVOLUTION MUL,00214Q302,0.0,12,0.0
JBGS,JBG SMITH PROPERTIES,46590V100,0.0,7,0.0
CMTG,CLAROS MORTGAGE TRUST INC,18270D106,0.0,47,0.0
TALO,TALOS ENERGY INC,87484T108,0.0,34,0.0
MNTK,MONTAUK RENEWABLES INC,61218C103,0.0,90,0.0
GLUE,MONTE ROSA THERAPEUTICS IN,61225M102,0.0,34,0.0
OGN,ORGANON & CO,68622V106,0.0,22,0.0
OGN,ORGANON & CO,68622V106,0.0,25,0.0
HMY,HARMONY GOLD MNG LTD ADR,413216300,0.0,2,0.0
AVTR,AVANTOR INC,05352A100,0.0,0,0.0
AVTR,AVANTOR INC,05352A100,0.0,0,0.0
OGN,ORGANON & CO,68622V106,0.0,23,0.0
EVAX,EVAXION A/S ADR,29970R303,0.0,18,0.0
FSLY,FASTLY INC,31188V100,0.0,10,0.0
AVTR,AVANTOR INC,05352A100,0.0,0,0.0
TS,TENARIS SA ADR,88031M109,0.0,6,0.0
ONIT,ONITY GROUP INC,675746606,0.0,6,0.0
AVTR,AVANTOR INC,05352A100,0.0,0,0.0
INVH,INVITATION HOMES INC,46187W107,0.0,16,0.0
IONR,IONEER LTD ADR,46211L101,0.0,36,0.0
IVT,INVENTRUST PROPERTIES CORP,46124J201,0.0,17,0.0
HTBK,HERITAGE COMMERCE CORP CO,426927109,0.0,7,0.0
HSIC,HENRY SCHEIN INC,806407102,0.0,3,0.0
HLF,HERBALIFE LTD,G4412G101,0.0,10,0.0
NPK,NATIONAL PRESTO INC,637215104,0.0,3,0.0
TTI,TETRA TECHNOLOGIES,88162F105,0.0,34,0.0
CBZ,CBIZ INC,124805102,0.0,0,0.0
FG,F&G ANNUITIES & LIFE INC,30190A104,0.0,10,0.0
FG,F&G ANNUITIES & LIFE INC,30190A104,0.0,1,0.0
ROKU,ROKU INC,77543R102,0.0,1,0.0
CSV,CARRIAGE SERVICES INC,143905107,0.0,2,0.0
NLOP,NET LEASE OFFICE PROPERTIE,64110Y108,0.0,9,0.0
NLOP,NET LEASE OFFICE PROPERTIE,64110Y108,0.0,3,0.0
SAVA,CASSAVA SCIENCES INC,14817C107,0.0,24,0.0
CZR,CAESARS ENTERTAINMENT INC,12769G100,0.0,18,0.0
OXY,OCCIDENTAL PETROLEUM,674599105,0.0,2,0.0
CNQ,CANADIAN NATURAL RES,136385101,0.0,8,0.0
TBPH,THERAVANCE BIOPHARMA INC,G8807B106,0.0,1,0.0
CANG,CANGO INC/KY ADR,137586103,0.0,85,0.0
BAX,BAXTER INTERNATIONAL INC,071813109,0.0,10,0.0
TWI,TITAN INTL INC ILL,88830M102,0.0,2,0.0
EVGO,EVGO INC,30052F100,0.0,57,0.0
XPEV,XPENG INC ADR,98422D105,0.0,10,0.0
NWL,NEWELL BRANDS INC.,651229106,0.0,50,0.0
CVGW,CALAVO GROWERS INC,128246105,0.0,17,0.0
CMCL,CALEDONIA MINING CORP PLC,G1757E113,0.0,7,0.0
CAL,CALERES INC NPV,129500104,0.0,29,0.0
NVAX,NOVAVAX INC COM,670002401,0.0,28,0.0
NUS,NU SKIN ENTERPRISES A,67018T105,0.0,30,0.0
HDSN,HUDSON TECHNOLOGIES INC,444144109,0.0,33,0.0
BF/B,BROWN FORMAN CORP CL B,115637209,0.0,18,0.0
NEXT,NEXTDECADE CORP,65342K105,0.0,4,0.0
IAUX,I-80 GOLD CORP,44955L106,0.0,367,0.0
NOV,NOV INC,62955J103,0.0,34,0.0
BVS,BIOVENTUS INC,09075A108,0.0,4,0.0
THS,TREEHOUSE FOODS INC,89469A104,0.0,4,0.0
TGS,TRANSPORTADORA DE GAS DEL,893870204,0.0,4,0.0
NBN,NORTHEAST BANK,66405S100,0.0,2,0.0
NIO,NIO INC ADR,62914V106,0.0,22,0.0
RLX,RLX TECHNOLOGY INC,74969N103,0.0,163,0.0
XIFR,XPLR INFRASTRUCTURE LP,65341B106,0.0,40,0.0
XPOF,XPONENTIAL FITNESS INC,98422X101,0.0,9,0.0
