ticker,nameOfIssuer,cusip,value,shares,allocation_percent
NVDA,NVIDIA CORPORATION,67066G104,4602908016000.0,24674394,4.435466248062552
MSFT,MICROSOFT CORP,594918104,3617303521000.0,6984229,3.4857154695731216
GOOGL,ALPHABET INC,02079K305,2412927977000.0,9925410,2.3251519612790266
AAPL,APPLE INC,037833100,2229688062000.0,8756615,2.1485778356490624
AMZN,AMAZON COM INC,023135106,1921311065000.0,8749598,1.8514187881256619
AVGO,BROADCOM INC,11135F101,1769511654000.0,5363957,1.7051414431025074
UBS,UBS GROUP AG,H42097107,1442464689000.0,35302882,1.3899915922372725
TMO,THERMO FISHER SCIENTIFIC INC,883556102,1401038432000.0,2890440,1.350072314235549
META,META PLATFORMS INC,30303M102,1289428086000.0,1755623,1.2425220610267562
KLAC,KLA CORP,482480100,1248115356000.0,1157403,1.2027121802093765
SNPS,SYNOPSYS INC,871607107,1159008455000.0,2349839,1.1168467554646055
NXPI,NXP SEMICONDUCTORS N V,N6596X109,1058536537000.0,4648607,1.020029743345737
ECL,ECOLAB INC,278865100,1001684444000.0,3657834,0.9652457809557285
RSG,REPUBLIC SVCS INC,760759100,924981168000.0,4030807,0.8913327697395107
TSLA,TESLA INC,88160R101,912535810000.0,2051952,0.8793401413484647
LRCX,LAM RESEARCH CORP,512807306,908212101000.0,6783663,0.8751737175856431
TT,TRANE TECHNOLOGIES PLC,G8994E103,888501890000.0,2105997,0.8561805125663815
MA,MASTERCARD INCORPORATED,57636Q104,860937852000.0,1513594,0.8296191822542542
CRM,SALESFORCE INC,79466L302,860698479000.0,3630796,0.8293885170186017
V,VISA INC,92826C839,859572472000.0,2518012,0.8283034712114248
PANW,PALO ALTO NETWORKS INC,697435105,822011842000.0,4036866,0.7921091987988854
XYL,XYLEM INC,98419M100,779323454000.0,5283883,0.7509737028254636
GOOG,ALPHABET INC,02079K107,758804067000.0,3115439,0.7312007575150063
FERG,FERGUSON ENTERPRISES INC,31488V107,711344597000.0,3167492,0.6854677390396839
HUBS,HUBSPOT INC,443573100,683227848000.0,1458847,0.6583738039097089
INTU,INTUIT,461202103,676132268000.0,990048,0.6515363425720005
AG8,AGILENT TECHNOLOGIES INC,00846U101,674843304000.0,5258218,0.6502942677147375
AMD,ADVANCED MICRO DEVICES INC,007903107,654088833000.0,4042886,0.6302947901460134
PTC,PTC INC,69370C100,612049259000.0,3014692,0.589784506014381
DT,DYNATRACE INC,268150109,609201473000.0,12571543,0.5870403150288567
EQIX,EQUINIX INC,29444U700,597695778000.0,763115,0.57595316715286
WM,WASTE MGMT INC DEL,94106L109,593068405000.0,2685672,0.5714941258929975
NFLX,NETFLIX INC,64110L106,590855112000.0,492795,0.5693613467098272
WCN,WASTE CONNECTIONS INC,94106B101,583338830000.0,3318282,0.5621184874117412
CDNS,CADENCE DESIGN SYSTEM INC,127387108,580632007000.0,1653046,0.5595101315605606
AMAT,APPLIED MATLS INC,038222105,566272373000.0,2765815,0.5456728635291042
WDAY,WORKDAY INC,98138H101,559188925000.0,2322454,0.5388470928609322
PNR,PENTAIR PLC,G7S00T104,530470625000.0,4789551,0.5111734895847084
PH,PARKER-HANNIFIN CORP,701094104,527480641000.0,695763,0.5082922733909135
LLY,ELI LILLY & CO,532457108,526383692000.0,690380,0.5072352285296143
ISRG,INTUITIVE SURGICAL INC,46120E602,517260706000.0,1156727,0.49844411292532903
DLR,DIGITAL RLTY TR INC,253868103,514435345000.0,2976336,0.4957215311768928
ETN,EATON CORP PLC,G29183103,508522667000.0,1358778,0.490023940954907
CRWD,CROWDSTRIKE HLDGS INC,22788C105,497389246000.0,1014351,0.47929552472340375
VLTO,VERALTO CORP,92338C103,496827147000.0,4660426,0.4787538734164684
NOW,SERVICENOW INC,81762P102,495446356000.0,538300,0.4774233119855557
ACM,AECOM,00766T100,492108946000.0,3771874,0.4742073082419461
XEL,XCEL ENERGY INC,98389B100,484453743000.0,6006866,0.46683058152689133
CLH,CLEAN HARBORS INC,184496107,481071846000.0,2071516,0.4635717091041137
NEE,NEXTERA ENERGY INC,65339F101,474167813000.0,6281098,0.4569188267869864
LIN,LINDE PLC,G54950103,474074700000.0,998052,0.45682910099465684
TTEK,TETRA TECH INC NEW,88162G103,473641448000.0,14189245,0.45641160957049065
ROP,ROPER TECHNOLOGIES INC,776696106,459603052000.0,921502,0.4428838937398695
FI,FISERV INC,337738108,458575797000.0,3555734,0.44189400759293473
TEAM,ATLASSIAN CORPORATION,049468101,456843341000.0,2860065,0.4402245738159523
CNM,CORE & MAIN INC,21874C102,448325656000.0,8328660,0.43201673994271317
JPM,JPMORGAN CHASE & CO.,46625H100,444619126000.0,1409564,0.42844504382033055
UNH,UNITEDHEALTH GROUP INC,91324P102,440464724000.0,1275601,0.4244417681111851
MU,MICRON TECHNOLOGY INC,595112103,440234031000.0,2631456,0.4242194671198103
SRE,SEMPRA,816851109,404581483000.0,4496349,0.3898638656692185
ADSK,AUTODESK INC,052769106,400679712000.0,1261308,0.38610403090432377
BSX,BOSTON SCIENTIFIC CORP,101137107,399302682000.0,4090360,0.3847770936580572
HD,HOME DEPOT INC,437076102,398994192000.0,984704,0.38447982571828765
GFL,GFL ENVIRONMENTAL INC,36168Q104,394476630000.0,8326029,0.3801266008211404
ZTS,ZOETIS INC,98978V103,392313698000.0,2682102,0.3780423506363645
JCI,JOHNSON CTLS INTL PLC,G51502105,391334498000.0,3560201,0.3770987713740795
SPOT,SPOTIFY TECHNOLOGY S A,L8681T102,389364271000.0,557560,0.3752002160848701
SO,SOUTHERN CO,842587107,380038788000.0,4010117,0.36621396979239557
CIT,CINTAS CORP,172908105,373588895000.0,1820253,0.3599987070485669
STN,STANTEC INC,85472N109,373546272000.0,3461686,0.3599576345619489
ESTC,ELASTIC N V,N14506104,371442697000.0,4395524,0.3579305821245908
BKNG,BOOKING HOLDINGS INC,09857L108,369807281000.0,68481,0.35635465828593776
SNOW,SNOWFLAKE INC,833445109,369438992000.0,1637958,0.35599976667755573
AWC,AMERICAN WTR WKS CO INC NEW,030420103,364202427000.0,2616694,0.3509536942310613
ALC,ALCON AG,H01301128,357987414000.0,4806493,0.3449647671664867
CNP,CENTERPOINT ENERGY INC,15189T107,341566721000.0,8803266,0.3291414160766706
LOGI,LOGITECH INTL S A,H50430232,339260934000.0,3110555,0.32691950758356775
BRK/B,BERKSHIRE HATHAWAY INC DEL,084670702,334180204000.0,664733,0.3220236012669122
ADI,ANALOG DEVICES INC,032654105,328260763000.0,1336029,0.31631949406519716
MELI,MERCADOLIBRE INC,58733R102,323084410000.0,138144,0.3113314432634543
PEO,EXELON CORP,30161N101,321125600000.0,7134539,0.3094438896536132
NTNX,NUTANIX INC,67059N108,321023625000.0,4314343,0.3093456242376905
VRTX,VERTEX PHARMACEUTICALS INC,92532F100,310503613000.0,791458,0.29920830278937655
FBIN,FORTUNE BRANDS INNOVATIONS I,34964C106,305854238000.0,5728999,0.294728059904791
MRVL,MARVELL TECHNOLOGY INC,573874104,302365377000.0,3596648,0.29136611455287637
GILD,GILEAD SCIENCES INC,375558103,298969789000.0,2683400,0.28809404917290937
TER,TERADYNE INC,880770102,296192044000.0,2152308,0.285417351278796
ZS,ZSCALER INC,98980G102,289859394000.0,967496,0.27931506654093974
VEEV,VEEVA SYS INC,922475108,289563621000.0,972110,0.279030052989935
WMS,ADVANCED DRAIN SYS INC DEL,00790R104,287297920000.0,2071398,0.27684677227288196
D,DOMINION ENERGY INC,25746U109,284295833000.0,4647635,0.27395389335460657
AXP,AMERICAN EXPRESS CO,025816109,284085487000.0,855267,0.27375119919253077
CSCO,CISCO SYS INC,17275R102,281518823000.0,4114683,0.2712779037231135
PCG,PG&E CORP,69331C108,275292363000.0,18255489,0.26527794607049215
NET,CLOUDFLARE INC,18915M107,271641792000.0,1265387,0.2617601733058895
NXT,NEXTRACKER INC,65290E101,269727659000.0,3645461,0.25991567146351274
PWR,QUANTA SVCS INC,74762E102,269028203000.0,649168,0.2592416598453747
JNJ,JOHNSON & JOHNSON,478160104,266794895000.0,1438871,0.25708959375561247
UBER,UBER TECHNOLOGIES INC,90353T100,265274251000.0,2707709,0.255624266811456
LNT,ALLIANT ENERGY CORP,018802108,259715495000.0,3852774,0.2502677238317765
MAS,MASCO CORP,574599106,259591929000.0,3688003,0.2501486528400246
8CW,CROWN CASTLE INC,22822V101,259010650000.0,2684355,0.24958851925137898
CEG,CONSTELLATION ENERGY CORP,21037T109,255916423000.0,777696,0.24660685214557607
BLD,TOPBUILD CORP,89055F103,252609071000.0,646285,0.24341981297045684
IRM,IRON MTN INC DEL,46284V101,251114890000.0,2464168,0.2419799863714983
STE,STERIS PLC,G8473T100,249589301000.0,1008820,0.24050989431352232
MCHP,MICROCHIP TECHNOLOGY INC.,595017104,248963144000.0,3876798,0.23990651526926723
CGNX,COGNEX CORP,192422103,248443339000.0,5484174,0.23940561941711036
PG,PROCTER AND GAMBLE CO,742718109,244400509000.0,1590634,0.23550985701010102
ABBV,ABBVIE INC,00287Y109,241499680000.0,1043268,0.23271455259033505
CARR,CARRIER GLOBAL CORPORATION,14448C104,241061437000.0,4037933,0.23229225172570928
N/A,AMRIZE LTD,H2927K103,240359566000.0,4981560,0.23161591295896172
WMB,WILLIAMS COS INC,969457100,237353952000.0,3746632,0.22871963534373155
ORCL,ORACLE CORP,68389X105,233523935000.0,830329,0.22502894435578336
ACN,ACCENTURE PLC IRELAND,G1151C101,231095364000.0,937116,0.2226887184238117
SHOP,SHOPIFY INC,82509L107,227359495000.0,1529932,0.21908875057759714
TWLO,TWILIO INC,90138F102,227254268000.0,2269685,0.21898735146093812
WMT,WALMART INC,931142103,226580897000.0,2198532,0.21833847593865047
GRMN,GARMIN LTD,H2906T109,219662218000.0,892138,0.2116714804047386
KO,COCA COLA CO,191216100,216070195000.0,3258039,0.2082101258168601
AEE,AMEREN CORP,023608102,214957980000.0,2059379,0.20713837029275647
COST,COSTCO WHSL CORP NEW,22160K105,214106456000.0,231332,0.20631782251116132
SW,SMURFIT WESTROCK PLC,G8267P108,212542857000.0,4992785,0.20481110315767936
FTNT,FORTINET INC,34959E109,212386387000.0,2525624,0.20466032512748153
PLTR,PALANTIR TECHNOLOGIES INC,69608A108,210739403000.0,1155454,0.20307325410244564
ADBE,ADOBE INC,00724F101,210648154000.0,597146,0.202985324502666
CAT,CATERPILLAR INC,149123101,208724319000.0,437441,0.20113147359370154
RACE,FERRARI N V,N3167Y103,201615522000.0,416870,0.19428127605592213
NI,NISOURCE INC,65473P105,193596463000.0,4471078,0.18655392947152707
CYBR,CYBERARK SOFTWARE LTD,M2682V108,189347989000.0,391891,0.18246000385596653
IR,INGERSOLL RAND INC,45687V106,189259114000.0,2290726,0.18237436189626927
ATO,ATMOS ENERGY CORP,049560105,185973975000.0,1089198,0.17920872767024434
VRT,VERTIV HOLDINGS CO,92537N108,184677293000.0,1225492,0.17795921557365715
XOM,EXXON MOBIL CORP,30231G102,184339430000.0,1634902,0.17763364314688693
FSLR,FIRST SOLAR INC,336433107,184319573000.0,835778,0.177614508492668
REGN,REGENERON PHARMACEUTICALS,75886F107,181676120000.0,323370,0.17506721740644965
LSCC,LATTICE SEMICONDUCTOR CORP,518415104,181566202000.0,2476353,0.17496129793611487
AOS,SMITH A O CORP,831865209,180130725000.0,2453852,0.173578039839008
AMGN,AMGEN INC,031162100,179296412000.0,641187,0.1727740769661988
IDXX,IDEXX LABS INC,45168D104,178517625000.0,279487,0.17202362020257836
LOW,LOWES COS INC,548661107,176650565000.0,702902,0.17022447896744583
VST,VISTRA CORP,92840M102,176367380000.0,900201,0.16995159549788888
ALNY,ALNYLAM PHARMACEUTICALS INC,02043Q107,175968496000.0,387546,0.16956722185567352
OKTA,OKTA INC,679295105,175453505000.0,1912198,0.16907096488277382
DIS,DISNEY WALT CO,254687106,175106866000.0,1529316,0.16873693570395518
GS,GOLDMAN SACHS GROUP INC,38141G104,174459251000.0,219059,0.16811287924567833
HLT,HILTON WORLDWIDE HLDGS INC,43300A203,173890804000.0,670230,0.167565110862398
BLK,BLACKROCK INC,09290D101,173697110000.0,148981,0.16737846294406772
BAC,BANK AMERICA CORP,060505104,172577898000.0,3345030,0.1662999649525435
KMI,KINDER MORGAN INC DEL,49456B101,170297838000.0,6015425,0.1641028475783958
GE,GE AEROSPACE,369604301,168490668000.0,560139,0.16236141770153353
TSM,TAIWAN SEMICONDUCTOR MFG LTD,874039100,167947690000.0,601338,0.1618381918225742
DHR,DANAHER CORPORATION,235851102,167549269000.0,845921,0.1614542643376285
POOL,POOL CORP,73278L105,167340043000.0,539679,0.16125264943287887
UNP,UNION PAC CORP,907818108,167078270000.0,706853,0.16100039905070349
PDD,PDD HOLDINGS INC,722304102,166976176000.0,1263344,0.16090201896368989
CHKP,CHECK POINT SOFTWARE TECH LT,M22465104,166042130000.0,802594,0.16000195111685553
CSL,CARLISLE COS INC,142339100,164417897000.0,499795,0.1584368034698795
IM8N,INSMED INC,457669307,163936086000.0,1140827,0.15797251949526678
NVT,NVENT ELECTRIC PLC,G6700G107,161673130000.0,1639022,0.15579188392228543
BSY,BENTLEY SYS INC,08265T208,156162565000.0,3033354,0.15048177887993108
IBM,INTERNATIONAL BUSINESS MACHS,459200101,154486030000.0,547520,0.14886623184306944
CMS,CMS ENERGY CORP,125896100,153074117000.0,2089472,0.1475056805492065
DE,DEERE & CO,244199105,152064306000.0,332516,0.1465326038351264
WTRG,ESSENTIAL UTILS INC,29670G102,151542131000.0,3798390,0.14602942419737758
PNW,PINNACLE WEST CAP CORP,723484101,149417404000.0,1666489,0.14398198921451713
CPRT,COPART INC,217204106,147289070000.0,3275290,0.14193107844489292
TRU,TRANSUNION,89400J107,146400658000.0,1746751,0.1410749845523632
CVLT,COMMVAULT SYS INC,204166102,145798142000.0,771891,0.14049438651029325
FIVN,FIVE9 INC,338307101,145385259000.0,6005460,0.14009652311512372
MPWR,MONOLITHIC PWR SYS INC,609839105,145236222000.0,157791,0.13995290769180552
PLD,PROLOGIS INC.,74340W103,143975117000.0,1257205,0.1387376783969078
PINS,PINTEREST INC,72352L106,142545495000.0,4431007,0.13736006231019784
ON,ON SEMICONDUCTOR CORP,682189105,141480597000.0,2869207,0.1363339025172559
TLN,TALEN ENERGY CORP,87422Q109,141346543000.0,332283,0.13620472505154274
WELL,WELLTOWER INC,95040Q104,141273447000.0,793079,0.13613428809305012
TIP,ISHARES TR,464287176,137660750000.0,1237400,0.13265301157127815
ADP,AUTOMATIC DATA PROCESSING IN,053015103,135985930000.0,463330,0.13103911714719713
WFC,WELLS FARGO CO NEW,949746101,135709286000.0,1618890,0.13077253673314937
UTHR,UNITED THERAPEUTICS CORP DEL,91307C102,134870472000.0,321495,0.12996423659496076
DASH,DOORDASH INC,25809K105,133714364000.0,491615,0.12885018478352106
MCD,MCDONALDS CORP,580135101,133561054000.0,439505,0.1287024518007791
PKN,REVVITY INC,714046109,131600223000.0,1502786,0.12681295070963788
MRK,MERCK & CO INC,58933Y105,131552532000.0,1567658,0.12676699458361906
QCOM,QUALCOMM INC,747525103,130162535000.0,782434,0.12542756204293448
DWD,MORGAN STANLEY,617446448,128821908000.0,810361,0.12413570355063536
FICO,FAIR ISAAC CORP,303250104,126723100000.0,84641,0.12211324470227161
MDT,MEDTRONIC PLC,G5960L103,126719412000.0,1330603,0.12210969086207622
ETR,ENTERGY CORP NEW,29364G103,126192543000.0,1354136,0.12160198797978372
ULTA,ULTA BEAUTY INC,90384S303,125539999000.0,229603,0.12097318182564924
ARGX,ARGENX SE,04016X101,124751143000.0,169333,0.12021302234594226
UGI,UGI CORP NEW,902681105,123725371000.0,3719945,0.11922456525134201
CVX,CHEVRON CORP NEW,166764100,121635967000.0,783267,0.1172111683100274
BAC,VERIZON COMMUNICATIONS INC,92343V104,121228594000.0,2758541,0.11681861447545344
ABT,ABBOTT LABS,002824100,120821118000.0,902061,0.1164259613877504
MAR,MARRIOTT INTL INC NEW,571903202,120448841000.0,462473,0.11606722685238924
IEX,IDEX CORP,45167R104,120330707000.0,739327,0.11595339025866906
PEP,PEPSICO INC,713448108,116640616000.0,830537,0.11239753512841538
ZBRA,ZEBRA TECHNOLOGIES CORPORATI,989207105,116549400000.0,392219,0.11230963732818196
EIX,EDISON INTL,281020107,114292837000.0,2067526,0.11013516219456312
MMC,MARSH & MCLENNAN COS INC,571748102,112451253000.0,558002,0.10836057020910989
GEV,GE VERNOVA INC,36828A101,112396247000.0,182828,0.10830756518367969
AAON,AAON INC,000360206,111835533000.0,1196870,0.1077672484940628
EFX,EQUIFAX INC,294429105,109355084000.0,426318,0.10537703174819324
WY,WEYERHAEUSER CO MTN BE,962166104,108203045000.0,4364786,0.10426690091716433
RBRK,RUBRIK INC.,781154109,108136713000.0,1314345,0.1042029819020235
BIIB,BIOGEN INC,09062X103,107698024000.0,770855,0.1037802512617125
SFM,SPROUTS FMRS MKT INC,85208M102,107367866000.0,986837,0.1034621035471726
TJX,TJX COS INC NEW,872540109,106970057000.0,740083,0.10307876579926582
PM,PHILIP MORRIS INTL INC,718172109,106819705000.0,658532,0.10293388321221202
TXN,TEXAS INSTRS INC,882508104,106284115000.0,578483,0.10241777657711479
MDB,MONGODB INC,60937P106,105425223000.0,339665,0.10159012882410984
RYN,RAYONIER INC,754907103,103816385000.0,3911695,0.10003981614725524
CFLT,CONFLUENT INC,20717M103,103783145000.0,5241573,0.10000778533161149
FIS,FIDELITY NATL INFORMATION SV,31620M106,103029470000.0,1562473,0.09928152705903937
ITW,ILLINOIS TOOL WKS INC,452308109,101557315000.0,389462,0.09786292521174655
SBUX,STARBUCKS CORP,855244109,101252410000.0,1196837,0.09756911185904331
APG,API GROUP CORP,00187Y100,100313536000.0,2918664,0.09666439164223517
ES,EVERSOURCE ENERGY,30040W108,99232546000.0,1394891,0.09562272523421084
SCHW,SCHWAB CHARLES CORP,808513105,98464961000.0,1031280,0.09488306297109707
DDOG,DATADOG INC,23804L103,97860555000.0,687223,0.09430064368228924
NBIX,NEUROCRINE BIOSCIENCES INC,64125C109,97340019000.0,693446,0.09379904342200251
BMI,BADGER METER INC,056525108,96778649000.0,541954,0.09325809459595175
RL,RALPH LAUREN CORP,751212101,96471751000.0,307666,0.09296236074338156
RTX,RTX CORPORATION,75513E101,95888791000.0,573052,0.09240060730512416
SPGI,S&P GLOBAL INC,78409V104,94325661000.0,193799,0.09089433989064755
T,AT&T INC,00206R102,92716455000.0,3283186,0.08934367260067148
AMT,AMERICAN TOWER CORP NEW,03027X100,91597329000.0,476243,0.08826525748069199
IONS,IONIS PHARMACEUTICALS INC,462222100,90476958000.0,1393124,0.08718564265055977
PCH,POTLATCHDELTIC CORPORATION,737630103,90374454000.0,2217778,0.08708686747827499
DTE,DTE ENERGY CO,233331107,89657238000.0,633937,0.08639574192253666
GEN,GEN DIGITAL INC,668771108,89136760000.0,3138737,0.08589419755236145
MCK,MCKESSON CORP,58155Q103,88122177000.0,114096,0.08491652243117388
MDGL,MADRIGAL PHARMACEUTICALS INC,558868105,87710002000.0,191796,0.08451934128081409
INTC,INTEL CORP,458140100,87358586000.0,2603789,0.08418070887677494
C,CITIGROUP INC,172967424,87157949000.0,858699,0.08398737052664516
COF,CAPITAL ONE FINL CORP,14040H105,86901565000.0,408747,0.08374031310672925
AZO,AUTOZONE INC,053332102,86470502000.0,20156,0.08332493105246215
PGR,PROGRESSIVE CORP,743315103,86452182000.0,350113,0.0833072774861988
PTCT,PTC THERAPEUTICS INC,69366J200,86214711000.0,1407974,0.08307844506075551
PEG,PUBLIC SVC ENTERPRISE GRP IN,744573106,85322159000.0,1022312,0.0822183617706095
NKE,NIKE INC,654106103,85185941000.0,1221662,0.0820870990255626
PKG,PACKAGING CORP AMER,695156109,84663795000.0,388500,0.08158394733286953
IBN,ICICI BANK LIMITED,45104G104,83928577000.0,2776334,0.08087547464285867
OTIS,OTIS WORLDWIDE CORP,68902V107,82540561000.0,902784,0.07953795103856973
RY,ROYAL BK CDA,780087102,81312080000.0,551568,0.07835415896778634
IDA,IDACORP INC,451107106,81022883000.0,613113,0.07807548219908227
ANET,ARISTA NETWORKS INC,040413205,80882229000.0,555364,0.07793994482412574
ALL,ALLSTATE CORP,020002101,80867647000.0,376774,0.0779258932791884
PHM,PULTE GROUP INC,745867101,79181170000.0,599243,0.076300765906312
TD,TORONTO DOMINION BK ONT,891160509,78585482000.0,982601,0.07572674747944108
APP,APPLOVIN CORP,03831W108,76609298000.0,106618,0.07382245189032818
CMCSA,COMCAST CORP NEW,20030N101,75727109000.0,2410141,0.07297235462131682
PFE,PFIZER INC,717081103,74643077000.0,2930460,0.07192775687330488
NU,NU HLDGS LTD,G6683N103,74313404000.0,4641797,0.07161007651573209
ALLE,ALLEGION PLC,G0176J109,74003057000.0,417366,0.07131101912877096
MCX,MCCORMICK & CO INC,579780206,73810645000.0,1103137,0.07112560657463005
GTLB,GITLAB INC,37637K108,73453532000.0,1629404,0.07078148441256675
CSGP,COSTAR GROUP INC,22160N109,71612581000.0,848792,0.06900750240022731
MOD,MODINE MFG CO,607828100,70214956000.0,493915,0.06766071934625363
INCY,INCYTE CORP,45337C102,69705557000.0,826284,0.06716985095100374
IFF,INTERNATIONAL FLAVORS&FRAGRA,459506101,69389427000.0,1127550,0.06686522093447377
RYTM,RHYTHM PHARMACEUTICALS INC,76243J105,68952135000.0,683017,0.06644383647495261
CB,CHUBB LIMITED,H1467J104,68404983000.0,242384,0.06591658843520817
IP,INTERNATIONAL PAPER CO,460146103,68246023000.0,1470893,0.0657634109847049
N/A,QIAGEN NV,N72482206,68168150000.0,1539079,0.06568837080099173
LULU,LULULEMON ATHLETICA INC,550021109,67589253000.0,379861,0.06513053256140944
BMY,BRISTOL-MYERS SQUIBB CO,110122108,67545553000.0,1497745,0.06508842225323762
PYPL,PAYPAL HLDGS INC,70450Y103,67425543000.0,1005314,0.06497277790349618
IVV,ISHARES TR,464287200,67226604000.0,100820,0.06478107578456264
IEMG,ISHARES INC,46434G103,66452594000.0,1011455,0.06403522224616275
EXR,EXTRA SPACE STORAGE INC,30225T102,65876624000.0,467409,0.06348020452996761
TPR,TAPESTRY INC,876030107,65102529000.0,575015,0.06273426908364563
SE,SEA LTD,81141R100,65064432000.0,363998,0.06269755795297235
IGF,ISHARES TR,464288372,64704059000.0,1061920,0.0623502943811919
APH,AMPHENOL CORP NEW,032095101,64517392000.0,521369,0.062170417838960546
VRNS,VARONIS SYS INC,922280102,62927471000.0,1094113,0.06063833401106902
CYTK,CYTOKINETICS INC,23282W605,62869681000.0,1145558,0.06058264626028527
TMUS,T-MOBILE US INC,872590104,62728578000.0,262073,0.06044667621877567
BA,BOEING CO,097023105,61768819000.0,286192,0.0595218307437028
PLNT,PLANET FITNESS INC,72703H101,61607999000.0,593526,0.05936686095514002
ORLY,OREILLY AUTOMOTIVE INC,67103H107,61387986000.0,569414,0.05915485145326798
ICE,INTERCONTINENTAL EXCHANGE IN,45866F104,61364109000.0,364237,0.05913184303614627
RVMD,REVOLUTION MEDICINES INC,76155X100,61189778000.0,1311741,0.05896385374246428
CRNX,CRINETICS PHARMACEUTICALS IN,22663K107,61028162000.0,1465262,0.058808116910301855
DHI,D R HORTON INC,23331A109,60243943000.0,355484,0.05805242574864963
TOL,TOLL BROTHERS INC,889478103,59543727000.0,431039,0.057377681777325974
DECK,DECKERS OUTDOOR CORP,243537107,59387521000.0,585839,0.05722715814349786
SYK,STRYKER CORPORATION,863667101,59375002000.0,160616,0.057215094552010376
HCA,HCA HEALTHCARE INC,40412C101,59082069000.0,138672,0.056932817689225534
BBIO,BRIDGEBIO PHARMA INC,10806X102,58871235000.0,1133351,0.05672965327931479
USB,US BANCORP DEL,902973304,58793744000.0,1216355,0.05665498119943967
RNA,AVIDITY BIOSCIENCES INC,05370A108,58234125000.0,1338091,0.05611571967658361
BK,BANK NEW YORK MELLON CORP,064058100,58161649000.0,533730,0.05604588016411081
TGTX,TG THERAPEUTICS INC,88322Q108,58145030000.0,1609551,0.05602986571991155
DUK,DUKE ENERGY CORP NEW,26441C204,57937488000.0,468233,0.05582987355564158
AU,ANGLOGOLD ASHANTI PLC,G0378L100,57145898000.0,812438,0.05506707953171169
WFG,WEST FRASER TIMBER CO LTD,952845105,56899613000.0,836805,0.054829753736560696
EQR,EQUITY RESIDENTIAL,29476L107,56792011000.0,877389,0.054726066016196735
SYY,SYSCO CORP,871829107,56069258000.0,680948,0.05402960488205228
HIG,HARTFORD INSURANCE GROUP INC,416515104,56035381000.0,420104,0.05399696023880429
CME,CME GROUP INC,12572Q105,55990933000.0,207228,0.05395412914091822
CNHI,CNH INDL N V,N20944109,55527415000.0,5118314,0.05350747271475829
MMYT,MAKEMYTRIP LIMITED MAURITIUS,V5633W109,55488794000.0,592829,0.053470256645836
CI,THE CIGNA GROUP,125523100,55324687000.0,191933,0.05331211942974552
DOCS,DOXIMITY INC,26622P107,55115014000.0,753452,0.05311007378568805
HON,HONEYWELL INTL INC,438516106,55007018000.0,261316,0.05300600639801472
NEM,NEWMONT CORP,651639106,54895086000.0,651114,0.052898146191738084
BNS,BANK NOVA SCOTIA HALIFAX,064149107,54829910000.0,847751,0.05283534112433746
LYV,LIVE NATION ENTERTAINMENT IN,538034109,54815798000.0,335470,0.05282174248202806
PTGX,PROTAGONIST THERAPEUTICS INC,74366E102,54619543000.0,822212,0.05263262672618683
FOLD,AMICUS THERAPEUTICS INC,03152W109,53619642000.0,6788164,0.05166909951219785
KMB,KIMBERLY-CLARK CORP,494368103,53121778000.0,427230,0.051189346503784615
CGON,CG ONCOLOGY INC,156944100,53111879000.0,1318567,0.05117980760354222
BX,BLACKSTONE INC,09260D107,53011167000.0,310279,0.05108275924297927
CVS,CVS HEALTH CORP,126650100,52854474000.0,701066,0.0509317663249388
AFL,AFLAC INC,001055102,52756259000.0,472311,0.050837124130039574
MCO,MOODYS CORP,615369105,51975805000.0,109081,0.0500850610075239
FNF,FIDELITY NATIONAL FINANCIAL,31620R303,51730383000.0,855189,0.04984856681868761
BMO,BANK MONTREAL QUE,063671101,51715249000.0,396783,0.0498339833540681
DXCM,DEXCOM INC,252131107,51622533000.0,767165,0.049744640119915716
MO,ALTRIA GROUP INC,02209S103,51024510000.0,772436,0.049168371634244305
HOOD,ROBINHOOD MKTS INC,770700102,50851006000.0,355274,0.04900117925646297
XENE,XENON PHARMACEUTICALS INC,98420N105,50584462000.0,1262579,0.04874433143080275
MSI,MOTOROLA SOLUTIONS INC,620076307,50081885000.0,109520,0.04826003686901619
INFY,INFOSYS LTD,456788108,49892687000.0,3066545,0.048077721397952265
WST,WEST PHARMACEUTICAL SVSC INC,955306105,49872343000.0,190113,0.048058117459520974
ELV,ELEVANCE HEALTH INC FORMERLY,036752103,49815734000.0,154171,0.04800356774704274
SRRK,SCHOLAR ROCK HLDG CORP,80706P103,49265950000.0,1322931,0.04747378345258187
PRU,PRUDENTIAL FINL INC,744320102,48484734000.0,467360,0.04672098604963537
DB,DEUTSCHE BANK A G,D18190898,48362842000.0,1374281,0.04660352816213696
ENB,ENBRIDGE INC,29250N105,48218109000.0,955608,0.04646406017054353
BMRN,BIOMARIN PHARMACEUTICAL INC,09061G101,48178282000.0,890213,0.04642568197275041
MMM,3M CO,88579Y101,47990346000.0,309256,0.04624458259342362
PNC,PNC FINL SVCS GROUP INC,693475105,47901913000.0,238401,0.04615936655492113
MSFT,MICROSOFT CORP,594918104,47608928000.0,91918,0.04587703958376042
GWW,GRAINGER W W INC,384802104,47395587000.0,49736,0.045671459371959836
AEM,AGNICO EAGLE MINES LTD,008474108,47381834000.0,281278,0.045658206670168365
ALB,ALBEMARLE CORP,012653101,46687486000.0,575820,0.0449891172363356
VTR,VENTAS INC,92276F100,46510665000.0,664533,0.04481872852234817
VLO,VALERO ENERGY CORP,91913Y100,45433193000.0,266802,0.043780452138675055
TRV,TRAVELERS COMPANIES INC,89417E109,45313606000.0,162292,0.04366521540129876
EME,EMCOR GROUP INC,29084Q100,44914770000.0,69154,0.0432808880129688
TDG,TRANSDIGM GROUP INC,893641100,44781181000.0,33987,0.0431521586317705
N/A,CRH PLC,G25508105,44432414000.0,370584,0.042816078864032193
AKRO,AKERO THERAPEUTICS INC,00973Y108,43997202000.0,926441,0.042396698739545303
RARE,ULTRAGENYX PHARMACEUTICAL IN,90400D108,43988784000.0,1458187,0.042388586964392204
BN,BROOKFIELD CORP,11271J107,43984423000.0,640894,0.042384384606178535
AXSM,AXSOME THERAPEUTICS INC,05464T104,43981660000.0,362138,0.04238172211689985
CTSH,COGNIZANT TECHNOLOGY SOLUTIO,192446102,43743554000.0,652207,0.04215227779109754
ONON,ON HLDG AG,H5919C104,43611945000.0,1029798,0.04202545638267222
SYF,SYNCHRONY FINANCIAL,87165B103,43458339000.0,611580,0.04187743816763694
CMI,CUMMINS INC,231021106,43065857000.0,101974,0.04149923363738763
IXG,ISHARES TR,464287333,42689383000.0,365460,0.04113645477792126
BABA,ALIBABA GROUP HLDG LTD,01609W102,42521833000.0,237911,0.0409749998091755
AWR,AMER STATES WTR CO,029899101,42043851000.0,573480,0.04051440554554652
VERA,VERA THERAPEUTICS INC,92337R101,41820856000.0,1439121,0.04029952252104362
SLB,SCHLUMBERGER LTD,806857108,40990780000.0,1192591,0.03949964251724414
IXP*,ISHARES TR,464287275,40942738000.0,330210,0.03945334815968828
COP,CONOCOPHILLIPS,20825C104,40915377000.0,432555,0.039426982481384175
IXN,ISHARES TR,464287291,40725630000.0,398100,0.039244137981505924
IBKR,INTERACTIVE BROKERS GROUP IN,45841N107,40707729000.0,591597,0.03922688817311727
DGX,QUEST DIAGNOSTICS INC,74834L100,40002948000.0,209916,0.038547745264566974
RCL,ROYAL CARIBBEAN GROUP,V7780T103,39933066000.0,123362,0.038480405389151325
CSX,CSX CORP,126408103,39923396000.0,1124286,0.03847108715848722
MIRM,MIRUM PHARMACEUTICALS INC,604749101,39681017000.0,541277,0.038237525273261144
EMB,ISHARES TR,464288281,39439405000.0,413500,0.03800470248657896
DELL,DELL TECHNOLOGIES INC,24703L202,39424863000.0,278130,0.03799068948654613
ABG,CENCORA INC,03073E105,39053017000.0,124960,0.037632370272530996
SHLS,SHOALS TECHNOLOGIES GROUP IN,82489W107,38854150000.0,5243475,0.037440737534425575
BRBR,BELLRING BRANDS INC,07831C103,38815584000.0,1067829,0.03740357446474698
CAH,CARDINAL HEALTH INC,14149Y108,38655215000.0,246344,0.037249039269982506
URI,UNITED RENTALS INC,911363109,38131984000.0,39943,0.03674484204675474
COIN,COINBASE GLOBAL INC,19260Q107,38052335000.0,112751,0.03666809046928156
TFC,TRUIST FINL CORP,89832Q109,37720372000.0,825030,0.03634820341592586
CL,COLGATE PALMOLIVE CO,194162103,37452370000.0,468506,0.03608995062849643
CP,CANADIAN PACIFIC KANSAS CITY,13646K108,37409205000.0,502188,0.03604835585842236
SLNO,SOLENO THERAPEUTICS INC,834203309,37222182000.0,550624,0.0358681362665409
PCVX,VAXCYTE INC,92243G108,37087237000.0,1029629,0.03573810021307987
BAP,CREDICORP LTD,G2519Y108,36779925000.0,138125,0.035441967420748045
N/A,NEWAMSTERDAM PHARMA COMPANY,N62509109,36748746000.0,1292150,0.035411922631308934
TSCO,TRACTOR SUPPLY CO,892356106,36629341000.0,644089,0.03529686127324813
AXON,AXON ENTERPRISE INC,05464C101,36279083000.0,50556,0.034959344744194404
SHW,SHERWIN WILLIAMS CO,824348106,36237494000.0,104654,0.034919268643357836
N/A,KINIKSA PHARMACEUTICALS INTL,G52694109,36193288000.0,932096,0.03487667074214401
USFD,US FOODS HLDG CORP,912008109,36188852000.0,472316,0.034872396112234395
DAR,DARLING INGREDIENTS INC,237266101,36098977000.0,1169387,0.0347857905299245
UPS,UNITED PARCEL SERVICE INC,911312106,35865276000.0,429370,0.0345605909617308
TRI,THOMSON REUTERS CORP,884903808,35755988000.0,230215,0.03445527857364196
TROW,PRICE T ROWE GROUP INC,74144T108,35515096000.0,346005,0.034223149595240865
NOC,NORTHROP GRUMMAN CORP,666807102,35459377000.0,58195,0.034169457506887865
MDLZ,MONDELEZ INTL INC,609207105,35454476000.0,567544,0.034164734792463375
N/A,FERROVIAL SE,N3168P101,35421173000.0,617995,0.03413264326859504
MLYS,MINERALYS THERAPEUTICS INC,603170101,35234088000.0,929169,0.0339523639321116
BLDR,BUILDERS FIRSTSOURCE INC,12008R107,35023548000.0,288854,0.03374948282724898
KRYS,KRYSTAL BIOTECH INC,501147102,34759463000.0,196904,0.03349500454959321
KKR,KKR & CO INC,48251W104,34715882000.0,267148,0.03345300891251229
HWM,HOWMET AEROSPACE INC,443201108,34673755000.0,176723,0.03341241438271013
ACLX,ARCELLX INC,03940C100,34548090000.0,420805,0.033291320747094275
ROK,ROCKWELL AUTOMATION INC,773903109,34262441000.0,98040,0.033016062911419806
MET,METLIFE INC,59156R108,34260028000.0,415948,0.033013737690055535
GPOR,GULFPORT ENERGY CORP,402635502,34120159000.0,188530,0.03287895675884992
AJG,GALLAGHER ARTHUR J & CO,363576109,33941309000.0,109580,0.03270661285458147
OKE,ONEOK INC NEW,682680103,33870358000.0,464163,0.032638242866592934
TRGP,TARGA RES CORP,87612G101,33656908000.0,200839,0.03243255761992757
SMMT,SUMMIT THERAPEUTICS INC,86627T108,33504972000.0,1604163,0.03228614865465537
PAYX,PAYCHEX INC,704326107,33352172000.0,263063,0.03213890711944587
IAU,ISHARES GOLD TR,464285204,33281635000.0,461220,0.032070936071218956
NUVL,NUVALENT INC,670703107,33258132000.0,384576,0.03204828804895437
WAB,WABTEC,929740108,33123331000.0,165279,0.031918390757149556
MSTR,STRATEGY INC,594972408,33052819000.0,102578,0.031850443799487954
LPX,LOUISIANA PAC CORP,546347105,33011256000.0,371581,0.03181039275283931
WAT,WATERS CORP,941848103,32910144000.0,109770,0.03171295894323131
AON,AON PLC,G0403H108,32822832000.0,92049,0.031628823125677566
EMR,EMERSON ELEC CO,291011104,32645455000.0,248860,0.031457898637517516
COCO,VITA COCO CO INC,92846Q107,32108000000.0,756016,0.030939994846247737
NVR,NVR INC,62944T105,32106501000.0,3996,0.03093855037595141
ARRY,ARRAY TECHNOLOGIES INC,04271T100,31980902000.0,3924037,0.030817520339427994
RMD,RESMED INC,761152107,31900203000.0,116579,0.03073975695821156
VKTX,VIKING THERAPEUTICS INC,92686J106,31438895000.0,1196305,0.03029523013802553
VRSN,VERISIGN INC,92343E102,31430056000.0,112362,0.030286712677752518
GPK,GRAPHIC PACKAGING HLDG CO,388689101,31354897000.0,1602192,0.030214287765810036
CLDX,CELLDEX THERAPEUTICS INC NEW,15117B202,31354181000.0,1211990,0.03021359781201939
MPC,MARATHON PETE CORP,56585A102,31218147000.0,161957,0.03008251237353321
ACAD,ACADIA PHARMACEUTICALS INC,004225108,31214589000.0,1463048,0.03007908380427748
MRUS,MERUS N V,N5749R100,31090966000.0,330228,0.029959957886036618
TEL,TE CONNECTIVITY PLC,G87052109,31059763000.0,141483,0.02992988996965479
MNST,MONSTER BEVERAGE CORP NEW,61174X109,30621492000.0,454957,0.029507562123595874
RDDT,REDDIT INC,75734B100,30565256000.0,132869,0.029453371842352145
BRO,BROWN & BROWN INC,115236101,30553550000.0,325827,0.029442091676048728
SON,SONOCO PRODS CO,835495102,30502420000.0,707877,0.029392821651865075
GLW,CORNING INC,219350105,30385771000.0,370493,0.029280416037724678
STX,SEAGATE TECHNOLOGY HLDNGS PL,G7997R103,30352635000.0,128702,0.02924848543883265
RBLX,ROBLOX CORP,771049103,30329647000.0,218955,0.029226333682213564
LEN,LENNAR CORP,526057104,30201208000.0,239599,0.029102566957470287
UFPI,UFP INDUSTRIES INC,90278Q108,30136688000.0,322352,0.029040394026503553
NSC,NORFOLK SOUTHN CORP,655844108,30134728000.0,100312,0.0290385053261828
ILMN,ILLUMINA INC,452327109,29915619000.0,323430,0.028827366939152575
EA,ELECTRONIC ARTS INC,285512109,29772130000.0,147606,0.028689097694089248
CTVA,CORTEVA INC,22052L104,29196707000.0,431705,0.028134607079463223
CM,CANADIAN IMPERIAL BANK OF CO,136069101,29047143000.0,363426,0.02799048382702819
CELH,CELSIUS HLDGS INC,15118V207,28776620000.0,500550,0.027729801746992324
ELVN,ENLIVEN THERAPEUTICS INC,29337E102,28618841000.0,1398087,0.027577762334794552
WPM,WHEATON PRECIOUS METALS CORP,962879102,28484694000.0,254489,0.027448495252178393
SPG,SIMON PPTY GROUP INC NEW,828806109,28381709000.0,151232,0.02734925657741694
CNI,CANADIAN NATL RY CO,136375102,28210375000.0,299085,0.027184155260704994
JAZZ,JAZZ PHARMACEUTICALS PLC,G50871105,28179173000.0,218243,0.027154088307945787
IDYA,IDEAYA BIOSCIENCES INC,45166A102,28107903000.0,1032999,0.02708541092434382
TTWO,TAKE-TWO INTERACTIVE SOFTWAR,874054109,28052975000.0,108578,0.02703248106147741
CBRE,CBRE GROUP INC,12504L109,28046701000.0,177986,0.02702643529320578
AEP,AMERICAN ELEC PWR CO INC,025537101,27868502000.0,247808,0.026854718707258154
EW,EDWARDS LIFESCIENCES CORP,28176E108,27848404000.0,358116,0.026835351819989563
A4S,AMERIPRISE FINL INC,03076C106,27727266000.0,56442,0.02671862050394108
LNG,CHENIERE ENERGY INC,16411R208,27643047000.0,117640,0.026637465171128194
PSX,PHILLIPS 66,718546104,27629308000.0,203098,0.0266242259600533
SNY,SANOFI SA,80105N105,27602409000.0,604653,0.02659830547539623
BKR,BAKER HUGHES COMPANY,05722G100,27124303000.0,556297,0.02613759172256329
VITL,VITAL FARMS INC,92847W103,26907738000.0,653894,0.025928904791459585
GM,GENERAL MTRS CO,37045V100,26595954000.0,436208,0.025628462678804097
ALKS,ALKERMES PLC,G01767105,26565312000.0,893046,0.02559893535470796
FAST,FASTENAL CO,311900104,26388911000.0,538142,0.025428951362217837
DD,DUPONT DE NEMOURS INC,26614N102,26103909000.0,335149,0.025154316990373737
EXPD,EXPEDITORS INTL WASH INC,302130109,26043505000.0,212441,0.02509611033008058
FCX,FREEPORT-MCMORAN INC,35671D857,26041139000.0,663976,0.0250938303989791
KR,KROGER CO,501044101,25849067000.0,383496,0.024908745476526488
EBA,EBAY INC.,278642103,25812065000.0,283805,0.02487308951261404
SNA,SNAP ON INC,833034101,25759532000.0,74341,0.024822467525904873
APO,APOLLO GLOBAL MGMT INC,03769M106,25720577000.0,192996,0.024784929607029965
YUM,YUM BRANDS INC,988498101,25547552000.0,168076,0.02461819880448007
CMG,CHIPOTLE MEXICAN GRILL INC,169656105,25406131000.0,648206,0.024481922330979657
WDC,WESTERN DIGITAL CORP,958102105,25351298000.0,211269,0.024429084012261446
NDAQ,NASDAQ INC,631103108,25244295000.0,285402,0.024325973501842454
OMC,OMNICOM GROUP INC,681919106,24718577000.0,303221,0.023819379749177087
ITGR,INTEGER HLDGS CORP,45826H109,24672311000.0,238772,0.023774796785381257
TGT,TARGET CORP,87612E106,24506309000.0,273203,0.023614833504439842
SUPN,SUPERNUS PHARMACEUTICALS INC,868459108,24226548000.0,508925,0.02334524947870853
APD,AIR PRODS & CHEMS INC,009158106,24200627000.0,88738,0.023320271416966607
ESNT,ESSENT GROUP LTD,G3198U102,24168436000.0,380246,0.023289251441443514
BDX,BECTON DICKINSON & CO,075887109,24149048000.0,129022,0.023270568726229887
O,REALTY INCOME CORP,756109104,24117399000.0,396733,0.023240071034162837
EOG,EOG RES INC,26875P101,23994162000.0,213969,0.023121317074250445
PCTY,PAYLOCITY HLDG CORP,70438V106,23853868000.0,149770,0.022986126603434465
MLM,MARTIN MARIETTA MATLS INC,573284106,23537176000.0,37344,0.022680955030996198
PCAR,PACCAR INC,693718108,23520110000.0,239220,0.022664509847489096
CHEF,CHEFS WHSE INC,163086101,23071557000.0,395535,0.022232274033727135
KDP,KEURIG DR PEPPER INC,49271V100,23051170000.0,903606,0.022212628659523496
FAF,FIRST AMERN FINL CORP,31847R102,22887684000.0,356284,0.022055089853075457
MSCI,MSCI INC,55354G100,22776267000.0,40139,0.021947725912444326
ABNB,AIRBNB INC,009066101,22752651000.0,187388,0.021924969000824513
STT,STATE STR CORP,857477103,22659189000.0,195321,0.02183490690420311
VRDN,VIRIDIAN THERAPEUTICS INC,92790C104,22645728000.0,1049385,0.021821935580214526
VTRS,VIATRIS INC,92556V106,22396623000.0,2321323,0.021581892369295926
ED,CONSOLIDATED EDISON INC,209115104,22346400000.0,222308,0.021533496350821926
AIG,AMERICAN INTL GROUP INC,026874784,22230046000.0,283045,0.021421375005352253
LHX,L3HARRIS TECHNOLOGIES INC,502431109,22202085000.0,72696,0.02139443115348057
CNQ,CANADIAN NAT RES LTD,136385101,21905872000.0,684940,0.021108993608526305
HDB,HDFC BANK LTD,40415F101,21877840000.0,640452,0.021081981339449128
B,BARRICK MNG CORP,06849F108,21828942000.0,664455,0.021034862120936863
KNTK,KINETIK HOLDINGS INC,02215L209,21814795000.0,510407,0.02102122975183602
ROST,ROSS STORES INC,778296103,21471751000.0,140900,0.02069066479630979
ODFL,OLD DOMINION FREIGHT LINE IN,679580100,21361309000.0,151733,0.020584240387725966
NRG,NRG ENERGY INC,629377508,21212677000.0,130974,0.020441015231565902
RJF,RAYMOND JAMES FINL INC,754730109,21113813000.0,122328,0.02034574764559108
TRP,TC ENERGY CORP,87807B107,21084597000.0,387698,0.020317594447340555
AME,AMETEK INC,031100100,21069160000.0,112070,0.02030271900506942
FDX,FEDEX CORP,31428X106,20986383000.0,88997,0.020222953216063946
MFC,MANULIFE FINL CORP,56501R106,20950362000.0,672324,0.020188242565934485
HUM,HUMANA INC,444859102,20939333000.0,80491,0.020177614772139817
CHRW,C H ROBINSON WORLDWIDE INC,12541W209,20918062000.0,158005,0.020157117555546614
WTW,WILLIS TOWERS WATSON PLC LTD,G96629103,20813017000.0,60249,0.020055893818203146
NGVT,INGEVITY CORP,45688C107,20784223000.0,376594,0.020028147268695146
N/A,STEVANATO GROUP S P A,T9224W109,20519068000.0,796857,0.019772637914843866
WSM,WILLIAMS SONOMA INC,969904101,20509262000.0,104936,0.01976318863150444
F,FORD MTR CO,345370860,20503411000.0,1714332,0.019757550475597956
ACGL,ARCH CAP GROUP LTD,G0450A105,20350779000.0,224317,0.019610470828987377
WBD,WARNER BROS DISCOVERY INC,934423104,20337509000.0,1041671,0.019597683556917808
QXO,QXO INC,82846H405,20293982000.0,1064742,0.019555739955457965
PSA,PUBLIC STORAGE OPER CO,74460D109,20132743000.0,69700,0.0194003664090205
ROL,ROLLINS INC,775711104,20128191000.0,342677,0.019395979998887817
KYMR,KYMERA THERAPEUTICS INC,501575104,19782977000.0,346817,0.019063323982292185
DUOL,DUOLINGO INC,26603R106,19689206000.0,61177,0.018972964126283482
HPE,HEWLETT PACKARD ENTERPRISE C,42824C109,19656069000.0,800570,0.01894103256376884
OC,OWENS CORNING NEW,690742101,19509173000.0,137913,0.01879948025646429
AER,AERCAP HOLDINGS NV,N00985106,19400145000.0,160329,0.018694418410254727
FOXA,FOX CORP,35137L105,19381709000.0,307357,0.018676653063768325
GRFS,GRIFOLS S A,398438408,19150022000.0,1922693,0.01845339423151647
KVUE,KENVUE INC,49177J102,18977674000.0,1169296,0.018287315801475322
IQV,IQVIA HLDGS INC,46266C105,18976146000.0,99906,0.018285843386123227
YUMC,YUM CHINA HLDGS INC,98850P109,18964848000.0,440588,0.01827495637784576
XYZ,BLOCK INC,852234103,18899860000.0,261434,0.01821233247149632
CVNA,CARVANA CO,146869102,18803145000.0,49841,0.018119135710516036
WEC,WEC ENERGY GROUP INC,92939U106,18731225000.0,163463,0.01804983197221586
LRN,STRIDE INC,86333M108,18652203000.0,125233,0.017973684586120798
MRNA,MODERNA INC,60770K107,18639023000.0,734489,0.017960984040086364
VMC,VULCAN MATLS CO,929160109,18554716000.0,60317,0.01787974390848357
KGC,KINROSS GOLD CORP,496902404,18499469000.0,745663,0.01782650665000373
DG,DOLLAR GEN CORP NEW,256677105,18438448000.0,178414,0.017767705434558582
NRIX,NURIX THERAPEUTICS INC,67080M103,18300190000.0,1980540,0.017634476899381912
SLF,SUN LIFE FINANCIAL INC.,866796105,18242813000.0,303734,0.017579187124737175
CHTR,CHARTER COMMUNICATIONS INC N,16119P108,18186106000.0,66103,0.0175245429772429
MTD,METTLER TOLEDO INTERNATIONAL,592688105,18093195000.0,14740,0.017435011836681055
KEYS,KEYSIGHT TECHNOLOGIES INC,49338L103,17982126000.0,102802,0.017327983236719118
CPA,COPA HOLDINGS SA,P31076105,17856032000.0,150278,0.01720647620700245
6RJ0,ROCKET LAB CORP,773121108,17844996000.0,372508,0.017195841667849494
VRSK,VERISK ANALYTICS INC,92345Y106,17747300000.0,70563,0.017101699593086224
SCCO,SOUTHERN COPPER CORP,84265V105,17720623000.0,146017,0.017075993032649155
NTRS,NORTHERN TR CORP,665859104,17632600000.0,131000,0.016991172079417836
CHWY,CHEWY INC,16679L109,17568042000.0,434315,0.016928962530791822
GIS,GENERAL MLS INC,370334104,17487874000.0,346844,0.016851710833182692
SU,SUNCOR ENERGY INC NEW,867224107,17398959000.0,415675,0.016766030328580903
SYRE,SPYRE THERAPEUTICS INC,00773J202,17367014000.0,1036218,0.016735247404220516
WRB,BERKLEY W R CORP,084423102,17327048000.0,226178,0.01669673526288424
AMZN,AMAZON COM INC,023135106,16999109000.0,77420,0.01638072582692175
SOBO,SOUTH BOW CORP,83671M105,16949447000.0,598869,0.016332870400733435
CCJ,CAMECO CORP,13321L108,16891426000.0,201222,0.016276960053126167
BR,BROADRIDGE FINL SOLUTIONS IN,11133T103,16881727000.0,70881,0.016267613877406294
FFIV,F5 INC,315616102,16805776000.0,52000,0.01619442577635461
CBOE,CBOE GLOBAL MKTS INC,12503M108,16782980000.0,68427,0.016172459035277156
DAWN,DAY ONE BIOPHARMACEUTICALS I,23954D109,16730588000.0,2373133,0.016121972919356367
CCEP,COCA-COLA EUROPACIFIC PARTNE,G25839104,16717443000.0,184872,0.016109306100113376
ABVX,ABIVAX SA,00370M103,16711376000.0,196836,0.016103459801722564
AS,AMER SPORTS INC,G0260P102,16654042000.0,479253,0.016048211462850175
SCI,SERVICE CORP INTL,817565104,16489128000.0,198139,0.0158892966033113
TVTX,TRAVERE THERAPEUTICS INC,89422G107,16451023000.0,684384,0.015852577763657127
JKHY,HENRY JACK & ASSOC INC,426281101,16298791000.0,109417,0.015705883566091598
YMM,FULL TRUCK ALLIANCE CO LTD,35969L108,16174420000.0,1247064,0.015586036858136488
PFG,PRINCIPAL FINANCIAL GROUP IN,74251V102,16165316000.0,194981,0.015577264037871125
QFIN,QFIN HOLDINGS INC,88557W101,16150588000.0,561174,0.015563071804032345
FNV,FRANCO NEV CORP,351858105,16114986000.0,72384,0.015528764911777578
TME,TENCENT MUSIC ENTMT GROUP,88034P109,16093397000.0,689520,0.01550796126319356
OLMA,OLEMA PHARMACEUTICALS INC,68062P106,16020082000.0,1636372,0.015437313271348766
KBH,KB HOME,48666K109,16010360000.0,251577,0.015427944932308799
NTR,NUTRIEN LTD,67077M108,15867559000.0,270136,0.015290338659602963
GH,GUARDANT HEALTH INC,40131M109,15863060000.0,255770,0.01528600332146875
LPLA,LPL FINL HLDGS INC,50212V100,15810197000.0,47521,0.015235063339297415
GIB/A,CGI INC,12532H104,15777620000.0,177098,0.015203671405445847
GEHC,GE HEALTHCARE TECHNOLOGIES I,36266G107,15755454000.0,209793,0.015182311746614344
RF,REGIONS FINANCIAL CORP NEW,7591EP100,15733608000.0,596648,0.01516126044701888
GD,GENERAL DYNAMICS CORP,369550108,15712598000.0,46078,0.015141014735927574
DOV,DOVER CORP,260003108,15700578000.0,94112,0.015129431992123788
CFG,CITIZENS FINL GROUP INC,174610105,15668219000.0,294737,0.015098250128001771
FTS,FORTIS INC,349553107,15582678000.0,307174,0.015015820886094992
FLUT,FLUTTER ENTMT PLC,G3643J108,15542609000.0,61147,0.014977209491629615
7HP,HP INC,40434L105,15247818000.0,560116,0.014693142218030506
PODD,INSULET CORP,45784P101,15138995000.0,49026,0.014588277914456532
EXEL,EXELIXIS INC,30161Q104,15134811000.0,372399,0.014584246117445295
FUTU,FUTU HLDGS LTD,36118L106,15087613000.0,86765,0.014538765057374496
K,KELLANOVA,487836108,15039172000.0,183360,0.014492086214396203
NUE,NUCOR CORP,670346105,15025688000.0,110948,0.014479092727087532
MEDP,MEDPACE HLDGS INC,58506Q109,14928193000.0,29713,0.014385144340469403
NTAP,NETAPP INC,64110D104,14859504000.0,125439,0.014318954066830624
CF,CF INDS HLDGS INC,125269100,14846761000.0,165510,0.01430667462387791
ASND,ASCENDIS PHARMA A/S,04351P101,14764313000.0,77058,0.014227225866711988
HBAN,HUNTINGTON BANCSHARES INC,446150104,14674941000.0,849736,0.01414110498657623
VICI,VICI PPTYS INC,925652109,14657641000.0,449483,0.014124434315377772
HUBB,HUBBELL INC,443510607,14615909000.0,33966,0.014084220416507597
JANX,JANUX THERAPEUTICS INC,47103J105,14537670000.0,594831,0.014008827546918224
PPG,PPG INDS INC,693506107,14490570000.0,137861,0.013963440921863465
KT,KT CORP,48268K101,14474460000.0,742280,0.013947916961574032
STLA,STELLANTIS N.V,N82405106,14445269000.0,1563307,0.013919787853888818
EQH,EQUITABLE HLDGS INC,29452E101,14254103000.0,280640,0.013735575973523246
LH,LABCORP HOLDINGS INC,504922105,13978961000.0,48697,0.013470442920639657
BBY,BEST BUY INC,086516101,13796306000.0,182442,0.013294432432330158
MTB,M & T BK CORP,55261F104,13724709000.0,69450,0.01322543994413386
AVB,AVALONBAY CMNTYS INC,053484101,13721831000.0,71035,0.013222666638254717
TRMB,TRIMBLE INC,896239100,13718995000.0,168019,0.013219933804525305
LMT,LOCKHEED MARTIN CORP,539830109,13669368000.0,27382,0.013172112105128435
WPC,WP CAREY INC,92936U109,13611099000.0,201430,0.013115962779113234
FITB,FIFTH THIRD BANCORP,316773100,13605748000.0,305404,0.013110806434513064
CHD,CHURCH & DWIGHT CO INC,171340102,13331941000.0,152139,0.012846959817817331
RPRX,ROYALTY PHARMA PLC,G7709Q104,13261838000.0,376049,0.012779406981804298
TTD,THE TRADE DESK INC,88339J105,13202799000.0,269333,0.012722515666377377
SLVM,SYLVAMO CORP,871332102,13149038000.0,297355,0.012670710351099903
DRI,DARDEN RESTAURANTS INC,237194105,13119040000.0,68917,0.012641803599966299
ARES,ARES MANAGEMENT CORPORATION,03990B101,13045734000.0,81571,0.012571164280725019
LII,LENNOX INTL INC,526107107,13009767000.0,24577,0.012536505666216639
WIX,WIX COM LTD,M98068105,12960062000.0,72961,0.012488608804255983
SBAC,SBA COMMUNICATIONS CORP NEW,78410G104,12925302000.0,66841,0.01245511328224105
FDS,FACTSET RESH SYS INC,303075105,12892140000.0,44988,0.01242315762916109
GLTR,ABRDN PRECIOUS METALS BASKET,003263100,12860429000.0,77730,0.012392600192492057
CCL,CARNIVAL CORP,143658300,12860355000.0,444802,0.012392528884418722
EQT,EQT CORP,26884L109,12789689000.0,234975,0.012324433528874778
IEI,ISHARES TR,464288661,12548550000.0,105000,0.012092066535688365
EL,LAUDER ESTEE COS INC,518439104,12358974000.0,140245,0.011909386815276871
CLS,CELESTICA INC,15101Q207,12355404000.0,50198,0.011905946682549792
CRSP,CRISPR THERAPEUTICS AG,H17182108,12292789000.0,192593,0.011845609452660113
ADM,ARCHER DANIELS MIDLAND CO,039483102,12258588000.0,205199,0.011812652595685634
TDY,TELEDYNE TECHNOLOGIES INC,879360105,12227725000.0,20865,0.011782912310992108
JBL,JABIL INC,466313103,12166466000.0,56041,0.011723881753365152
HSY,HERSHEY CO,427866108,12132063000.0,64860,0.011690730244622924
OXY,OCCIDENTAL PETE CORP,674599105,11993515000.0,253831,0.011557222258888594
GPC,GENUINE PARTS CO,372460105,11808443000.0,85198,0.011378882694724373
IT,GARTNER INC,366651107,11743454000.0,44674,0.011316257824752316
IMO,IMPERIAL OIL LTD,453038408,11699111000.0,128955,0.01127352790724057
HEEM,ISHARES INC,46434G509,11695813000.0,348297,0.011270349879864123
LGND,LIGAND PHARMACEUTICALS INC,53220K504,11605454000.0,66968,0.011183277904209706
STLD,STEEL DYNAMICS INC,858119100,11592071000.0,83139,0.01117038174278491
RBA,RB GLOBAL INC,74935Q107,11530841000.0,106435,0.01111137913021372
EXPE,EXPEDIA GROUP INC,30212P303,11465550000.0,53640,0.011048463246212649
NIO,NIO INC,62914V106,11435136000.0,1500674,0.011019155628072192
ZBH,ZIMMER BIOMET HOLDINGS INC,98956P102,11417234000.0,115911,0.011001904856060932
SOFI,SOFI TECHNOLOGIES INC,83406F102,11393811000.0,430971,0.010979333923605356
BZ,KANZHUN LIMITED,48553T106,11245621000.0,481405,0.010836534688640069
TEVA,TEVA PHARMACEUTICAL INDS LTD,881624209,11229320000.0,556253,0.010820826676431626
GDDY,GODADDY INC,380237107,11203463000.0,81859,0.010795910286536915
EXP,EAGLE MATLS INC,26969P108,11195009000.0,48039,0.01078776382096976
GRAB,GRAB HOLDINGS LIMITED,G4124C109,11092213000.0,1841365,0.01068870727088209
KAI,KADANT INC,48282T104,11047062000.0,37123,0.01064519874629934
N/A,APTIV PLC,G3265R107,10985980000.0,127418,0.010586338749874821
KEY,KEYCORP,493267108,10971908000.0,587047,0.010572778652469923
FTV,FORTIVE CORP,34959J108,10962247000.0,223765,0.010563469094409328
TSLA,TESLA INC,88160R101,10959680000.0,24644,0.010560995475162713
RE,EVEREST GROUP LTD,G3223R108,10941765000.0,31246,0.010543732176057488
IMVT,IMMUNOVANT INC,45258J102,10906421000.0,676577,0.010509673898436779
BG,BUNGE GLOBAL SA,H11356104,10875064000.0,133780,0.010479457584172614
PSTG,PURE STORAGE INC,74624M102,10870305000.0,129721,0.010474871704159118
CINF,CINCINNATI FINL CORP,172062101,10814989000.0,68406,0.01042156795571901
PBA,PEMBINA PIPELINE CORP,706327103,10801664000.0,267095,0.010408727684405747
SSNC,SS&C TECHNOLOGIES HLDGS INC,78467J100,10737652000.0,120974,0.010347044273726227
AGIO,AGIOS PHARMACEUTICALS INC,00847X104,10694859000.0,272161,0.010305807971264054
HOLX,HOLOGIC INC,436440101,10664133000.0,158020,0.010276199702868458
META,META PLATFORMS INC,30303M102,10619869000.0,14461,0.010233545911543108
FCNCA,FIRST CTZNS BANCSHARES INC D,31946M103,10618665000.0,5935,0.010232385709917505
HAL,HALLIBURTON CO,406216101,10610423000.0,431318,0.010224443532344227
SBS,COMPANHIA DE SANEAMENTO BASI,20441A102,10515834000.0,422749,0.010133295433038394
BFAM,BRIGHT HORIZONS FAM SOL IN D,109194100,10514136000.0,96842,0.010131659201842152
ARIS,ARIS MNG CORP,04040Y109,10460313000.0,1067044,0.010079794141962695
GPN,GLOBAL PMTS INC,37940X102,10457030000.0,125867,0.01007663056892544
TYL,TYLER TECHNOLOGIES INC,902252105,10159244000.0,19419,0.009789677245601508
SMCI,SUPER MICRO COMPUTER INC,86800U302,10150268000.0,211840,0.009781027769030563
TECK,TECK RESOURCES LTD,878742204,10088819000.0,229928,0.009721814123107209
MBB,ISHARES TR,464288588,10085900000.0,106000,0.009719001308700948
MKL,MARKEL GROUP INC,570535104,10076690000.0,5272,0.009710126344438649
J,JACOBS SOLUTIONS INC,46982L108,9956549000.0,66439,0.009594355760134954
REG,REGENCY CTRS CORP,758849103,9915275000.0,136012,0.00955458320042136
KHC,KRAFT HEINZ CO,500754106,9903637000.0,380324,0.0095433685604556
SBSW,SIBANYE STILLWATER LTD,82575P107,9848106000.0,876166,0.009489857633153775
ARWR,ARROWHEAD PHARMACEUTICALS IN,04280A100,9842906000.0,291023,0.009484846795568111
LDOS,LEIDOS HOLDINGS INC,525327102,9742967000.0,51561,0.00938854331528472
FE,FIRSTENERGY CORP,337932107,9693038000.0,211546,0.009340430601858834
COO,COOPER COS INC,216648501,9624034000.0,140436,0.009273936787097078
HTHT,H WORLD GROUP LTD,44332N106,9572642000.0,244762,0.009224414293788919
CDW,CDW CORP,12514G108,9543261000.0,59915,0.009196102097807307
CLX,CLOROX CO DEL,189054109,9502484000.0,77068,0.00915680845853219
UNH,UNITEDHEALTH GROUP INC,91324P102,9496095000.0,27501,0.009150651873660114
SJM,SMUCKER J M CO,832696405,9322659000.0,85862,0.00898352502221643
DLTR,DOLLAR TREE INC,256746108,9289558000.0,98438,0.008951628150115841
BAM,BROOKFIELD ASSET MANAGMT LTD,113004105,9257478000.0,162549,0.008920715136702747
FANG,DIAMONDBACK ENERGY INC,25278X109,9220753000.0,64435,0.008885326096253997
OTX,OPEN TEXT CORP,683715106,9161029000.0,245027,0.008827774699337425
XP,XP INC,G98239109,9083011000.0,483396,0.008752594790345443
BCRX,BIOCRYST PHARMACEUTICALS INC,09058V103,9033371000.0,1196319,0.00870476056385461
FWONK,LIBERTY MEDIA CORP DEL,531229755,9010679000.0,86272,0.008682894039528863
ATHM,AUTOHOME INC,05278C107,8956135000.0,313700,0.0086303342077457
EXE,EXPAND ENERGY CORPORATION,165167735,8929564000.0,84021,0.008604729791305573
BURL,BURLINGTON STORES INC,122017106,8768289000.0,34453,0.008449321554454053
DVN,DEVON ENERGY CORP NEW,25179M103,8686851000.0,247771,0.008370846056126884
GGG,GRACO INC,384109104,8645230000.0,101761,0.008330739119366711
HEI/A,HEICO CORP NEW,422806208,8640896000.0,34008,0.008326562778963582
DAL,DELTA AIR LINES INC DEL,247361702,8605813000.0,151630,0.008292756006844768
STZ,CONSTELLATION BRANDS INC,21036P108,8567705000.0,63620,0.008256034276322754
DPZ,DOMINOS PIZZA INC,25754A201,8558427000.0,19824,0.008247093785722795
VIPS,VIPSHOP HLDGS LTD,92763W103,8484480000.0,432000,0.00817583678438682
CNC,CENTENE CORP DEL,15135B101,8445065000.0,236835,0.008137855599110103
JBHT,HUNT J B TRANS SVCS INC,445658107,8403497000.0,62632,0.008097799734348397
MBC,MASTERBRAND INC,57638P104,8305832000.0,630663,0.008003687531886119
AMCR,AMCOR PLC,G0250X107,8294716000.0,1014024,0.007992975902924151
TERN,TERNS PHARMACEUTICALS INC,880881107,8292572000.0,1104204,0.007990909896042678
CPAY,CORPAY INC,219948106,8278844000.0,28740,0.007977681284816527
WSO,WATSCO INC,942622200,8256427000.0,20425,0.007956079756709252
APLS,APELLIS PHARMACEUTICALS INC,03753U106,8231951000.0,363450,0.00793249412964258
SOY,SUNOPTA INC,8676EP108,8217036000.0,1402244,0.007918121698375238
AVY,AVERY DENNISON CORP,053611109,8188125000.0,50491,0.00789026240502156
DOCU,DOCUSIGN INC,256163106,8155450000.0,112823,0.007858776036153953
DOC,HEALTHPEAK PROPERTIES INC,42250P103,8109909000.0,423535,0.007814891698752277
L,LOEWS CORP,540424108,8086916000.0,80555,0.007792735124020131
ZM,ZOOM COMMUNICATIONS INC,98980L101,8078318000.0,97919,0.007784449896796759
BEAM,BEAM THERAPEUTICS INC,07373V105,8075414000.0,337514,0.007781651536729688
ESS,ESSEX PPTY TR INC,297178105,7986439000.0,29838,0.007695913214771146
VRNA,VERONA PHARMA PLC,925050106,7959076000.0,74656,0.007669545609221816
NTRA,NATERA INC,632307104,7957713000.0,49436,0.007668232191600804
MTH,MERITAGE HOMES CORP,59001A102,7947382000.0,109725,0.007658277006389749
MAA,MID-AMER APT CMNTYS INC,59522J103,7857856000.0,56236,0.007572007728371648
BALL,BALL CORP,058498106,7837638000.0,155447,0.007552525206389543
TSN,TYSON FOODS INC,902494103,7778352000.0,143329,0.007495395876177302
LYB,LYONDELLBASELL INDUSTRIES N,N53745100,7764405000.0,158328,0.007481956231598984
QSR,RESTAURANT BRANDS INTL INC,76131D103,7704082000.0,120068,0.007423827624737448
LVS,LAS VEGAS SANDS CORP,517834107,7644527000.0,142118,0.007366439080042409
ASML,ASML HOLDING N V,N07059210,7622741000.0,7874,0.007345445597803705
TPL,TEXAS PACIFIC LAND CORPORATI,88262P102,7611874000.0,8154,0.00733497391087228
DAY,DAYFORCE INC,15677J108,7602838000.0,110362,0.007326266616944577
CTRA,COTERRA ENERGY INC,127097103,7525458000.0,318205,0.0072517014991794505
CG,CARLYLE GROUP INC,14316J108,7500812000.0,119595,0.0072279520562686305
INVH,INVITATION HOMES INC,46187W107,7456681000.0,254253,0.007185426426750761
DKS,DICKS SPORTING GOODS INC,253393102,7439926000.0,33480,0.007169280929876186
NLY,ANNALY CAPITAL MANAGEMENT IN,035710839,7420789000.0,366582,0.00715084008393833
HEI,HEICO CORP NEW,422806109,7402961000.0,22969,0.007133660620000405
KIM,KIMCO RLTY CORP,49446R109,7375336000.0,337544,0.007107040545326567
CVE,CENOVUS ENERGY INC,15135U109,7352371000.0,432928,0.007084910952027573
PBR,PETROLEO BRASILEIRO SA PETRO,71654V408,7301364000.0,576727,0.007035759453425276
DNLI,DENALI THERAPEUTICS INC,24823R105,7247832000.0,499162,0.0069841748077260945
AFRM,AFFIRM HLDGS INC,00827B106,7090733000.0,97027,0.006832790658904907
TW,TRADEWEB MKTS INC,892672106,7000434000.0,63069,0.006745776500607245
RCI,ROGERS COMMUNICATIONS INC,775109200,6993538000.0,203106,0.006739131359070566
AKAM,AKAMAI TECHNOLOGIES INC,00971T101,6964590000.0,91920,0.006711236411680221
VEON,VEON LTD,91822M502,6913971000.0,127025,0.006662458798651624
GMED,GLOBUS MED INC,379577208,6883342000.0,120296,0.006632944001649452
SOLV,SOLVENTUM CORP,83444M101,6821923000.0,93451,0.006573759264404476
DOW,DOW INC,260557103,6708653000.0,292571,0.006464609731072144
BVN,COMPANIA DE MINAS BUENAVENTU,204448104,6690142000.0,274975,0.006446772112889795
PPL,PPL CORP,69351T106,6689432000.0,180017,0.00644608794083483
SUI,SUN CMNTYS INC,866674104,6662386000.0,51646,0.006420025803653702
BXP,BXP INC,101121101,6622417000.0,89022,0.006381510771449589
EMA,EMERA INC,290876101,6533837000.0,136171,0.006296153080423034
MOH,MOLINA HEALTHCARE INC,60855R100,6531937000.0,34126,0.006294322197459041
DKNG,DRAFTKINGS INC NEW,26142V105,6492331000.0,173456,0.006256156960263311
PAAS,PAN AMERN SILVER CORP,697900108,6454972000.0,166539,0.006220156983078157
FOX,FOX CORP,35137L204,6417793000.0,112038,0.006184330457963274
CCK,CROWN HLDGS INC,228368106,6398218000.0,66241,0.006165467545321089
NDSN,NORDSON CORP,655663102,6331451000.0,27898,0.006101129354343779
JBS,JBS N.V.,N4732M103,6293443000.0,421530,0.006064503986083029
RIVN,RIVIAN AUTOMOTIVE INC,76954A103,6266319000.0,426861,0.006038366686338117
GLPI,GAMING & LEISURE PPTYS INC,36467J108,6254083000.0,134179,0.0060265758000500064
CRBG,COREBRIDGE FINL INC,21871X109,6219505000.0,193874,0.005993255657350568
WTS,WATTS WATER TECHNOLOGIES INC,942749102,6204205000.0,22215,0.005978512231377365
TOST,TOAST INC,888787108,6200676000.0,169835,0.005975111607177402
BNTX,BIONTECH SE,09075V102,6152734000.0,62719,0.005928913611882809
OKLO,OKLO INC,02156V109,6146571000.0,55062,0.005922974805721185
EVGO,EVGO INC,30052F100,6037301000.0,1276385,0.005817679762839365
RPM,RPM INTL INC,749685103,6024965000.0,51111,0.00580579251428999
HRMY,HARMONY BIOSCIENCES HLDGS IN,413197104,6004550000.0,217261,0.005786120158653197
TAL,TAL EDUCATION GROUP,874080104,5965120000.0,532600,0.005748124519037289
NWSA,NEWS CORP NEW,65249B109,5864424000.0,190851,0.005651091576436139
RS,RELIANCE INC,759509102,5828065000.0,20753,0.005616055221863611
EM,SMART SH GLOBAL LTD,83193E102,5822711000.0,4313119,0.005610895986395603
AGI,ALAMOS GOLD INC NEW,011532108,5760223000.0,165219,0.005550681136577728
ENTG,ENTEGRIS INC,29362U104,5754803000.0,62241,0.005545458302017286
ARE,ALEXANDRIA REAL ESTATE EQ IN,015271109,5668310000.0,68010,0.005462111691383284
CAE,CAE INC,124765108,5648323000.0,190708,0.005442851766224697
TCOM,TRIP COM GROUP LTD,89677Q107,5632254000.0,74897,0.005427367314462384
MGA,MAGNA INTL INC,559222401,5475759000.0,115544,0.005276565193699223
UHS,UNIVERSAL HLTH SVCS INC,913903100,5448027000.0,26685,0.005249842011405834
AFW,ALIGN TECHNOLOGY INC,016255101,5391483000.0,43035,0.005195354934397417
FSV,FIRSTSERVICE CORP NEW,33767E202,5339408000.0,28018,0.005145174286844834
BAX,BAXTER INTL INC,071813109,5272416000.0,231551,0.005080619280779684
AVGO,BROADCOM INC,11135F101,5261735000.0,15949,0.005070326827654209
BAH,BOOZ ALLEN HAMILTON HLDG COR,099502106,5248674000.0,52513,0.005057740952710679
CPT,CAMDEN PPTY TR,133131102,5207020000.0,48764,0.005017602216404289
BMA,BANCO MACRO SA,05961W105,5206110000.0,123105,0.0050167253198267975
AFG,AMERICAN FINL GROUP INC OHIO,025932104,5163880000.0,35437,0.004976031536895533
UDR,UDR INC,902653104,5037776000.0,135206,0.004854514870952739
N/A,INDIVIOR PLC,G4766E116,4951808000.0,205463,0.004771674162190367
TXT,TEXTRON INC,883203101,4911130000.0,58132,0.004732475921553901
BRKR,BRUKER CORP,116794108,4816415000.0,148243,0.0046412064057988756
HSAI,HESAI GROUP,428050108,4784615000.0,170271,0.004610563206717317
PAYC,PAYCOM SOFTWARE INC,70432V102,4755986000.0,22835,0.004582975654940401
Z,ZILLOW GROUP INC,98954M200,4585554000.0,59514,0.0044187435258250495
XLF,SELECT SECTOR SPDR TR,81369Y605,4573024000.0,84890,0.004406669334488826
HRL,HORMEL FOODS CORP,440452100,4531551000.0,183167,0.00436670501387532
SPPP,SPROTT ASSET MANAGEMENT LP,85207Q104,4515377000.0,332502,0.004351119381738681
COKE,COCA COLA CONS INC,191098102,4491914000.0,38340,0.004328509904378599
PSLV/U,SPROTT ASSET MANAGEMENT LP,85207K107,4481471000.0,285444,0.004318446793434929
RYAN,RYAN SPECIALTY HOLDINGS INC,78351F107,4448551000.0,78931,0.004286724337027228
DRS,LEONARDO DRS INC,52661A108,4412063000.0,97182,0.0042515636751376705
UAL,UNITED AIRLS HLDGS INC,910047109,4328604000.0,44856,0.004171140695510382
ELS,EQUITY LIFESTYLE PPTYS INC,29472R108,4314617000.0,71081,0.00415766250602756
OKLO,OKLO INC,02156V109,4308583000.0,38597,0.004151848007182965
TARS,TARSUS PHARMACEUTICALS INC,87650L103,4284343000.0,73647,0.004128489795052871
AMH,AMERICAN HOMES 4 RENT,02665T306,4258273000.0,128125,0.0041033681535416686
TAP,MOLSON COORS BEVERAGE CO,60871R209,4076171000.0,89991,0.0039278905485369536
CHYM,CHIME FINL INC,16935C109,4070064000.0,201788,0.003922005705241636
KSPI,KASPI KZ JSC,48581R205,4067337000.0,49796,0.003919377906377
FIX,COMFORT SYS USA INC,199908104,4062361000.0,4923,0.003914582920256565
IOT,SAMSARA INC,79589L106,4057084000.0,108915,0.00390949788372973
GIL,GILDAN ACTIVEWEAR INC,375916103,3924863000.0,67950,0.0037820867382654926
ROIV,ROIVANT SCIENCES LTD,G76279101,3923588000.0,259743,0.0037808581194343923
PHYS/U,SPROTT ASSET MANAGEMENT LP,85207H104,3833006000.0,129406,0.003693571255937357
RELY,REMITLY GLOBAL INC,75960P104,3793809000.0,232749,0.0036558001403901924
ESLT,ELBIT SYS LTD,M3760D101,3747708000.0,7382,0.0036113761743254455
N/A,ENLIGHT RENEWABLE ENERGY LTD,M4056D110,3746456000.0,121456,0.003610169718814436
ACI,ALBERTSONS COS INC,013091103,3717303000.0,212296,0.003582077228788503
DSGX,DESCARTES SYS GROUP INC,249906108,3671079000.0,38980,0.0035375347371424037
ALAB,ASTERA LABS INC,04626A103,3657544000.0,18680,0.003524492105080489
LEGN,LEGEND BIOTECH CORP,52490G102,3634287000.0,111447,0.003502081133978608
EVRG,EVERGY INC,30034W106,3565338000.0,46900,0.003435640318460546
NVMI,NOVA LTD,M7516K103,3477154000.0,10945,0.0033506642219885913
T,TELUS CORPORATION,87971M103,3420191000.0,217101,0.0032957733871054845
FLEX,FLEX LTD,Y2573F102,3377390000.0,58261,0.0032545293756624095
SNAP,SNAP INC,83304A106,3372220000.0,436346,0.0032495474467551244
ERIE,ERIE INDTY CO,29530P102,3355634000.0,10547,0.003233564802102083
TRL,DAVITA INC,23918K108,3265413000.0,24576,0.0031466258063682063
NYT,NEW YORK TIMES CO,650111107,3236238000.0,56386,0.0031185121166447958
AIQ,GLOBAL X FDS,37954Y632,3210350000.0,65000,0.0030935658544490913
CRDO,CREDO TECHNOLOGY GROUP HOLDI,G25457105,3139934000.0,21564,0.0030257114045583043
ADMA,ADMA BIOLOGICS INC,000899104,3029727000.0,206200,0.002919513447288452
CIEN,CIENA CORP,171779309,2987983000.0,20512,0.0028792879849469247
CASY,CASEYS GEN STORES INC,147528103,2971322000.0,5256,0.0028632330685979357
SMR,NUSCALE PWR CORP,67079K100,2948652000.0,81907,0.0028413877439696675
TWST,TWIST BIOSCIENCE CORP,90184D100,2892416000.0,106767,0.0027871974627259404
TFII,TFI INTL INC,87241L109,2874576000.0,32640,0.0027700064353166636
UHAL/B,U HAUL HOLDING COMPANY,023586506,2824469000.0,55470,0.002721722197065731
CW,CURTISS WRIGHT CORP,231561101,2816773000.0,5188,0.002714306157438949
THC,TENET HEALTHCARE CORP,88033G407,2736776000.0,13479,0.002637219239296577
TXG,10X GENOMICS INC,88025U109,2702255000.0,237903,0.0026039540230860586
TKO,TKO GROUP HOLDINGS INC,87256C101,2687886000.0,13309,0.0025901077297652126
BE,BLOOM ENERGY CORP,093712107,2673173000.0,31609,0.0025759299502656225
GWRE,GUIDEWIRE SOFTWARE INC,40171V100,2583397000.0,11239,0.002489419766594365
LKQ1,LKQ CORP,501889208,2572107000.0,84251,0.002478540467297799
SWK,STANLEY BLACK & DECKER INC,854502101,2540153000.0,34174,0.0024477488703338957
H,HYATT HOTELS CORP,448579102,2473414000.0,17427,0.002383437660789741
MNDY,MONDAY COM LTD,M7S64H106,2468966000.0,12747,0.002379151467408773
AWM,SKYWORKS SOLUTIONS INC,83088M102,2464823000.0,32019,0.002375159178924657
FTAI,FTAI AVIATION LTD,G3730V105,2461686000.0,14753,0.002372136294788844
BWXT,BWX TECHNOLOGIES INC,05605H100,2436818000.0,13217,0.00234817292765802
COHR,COHERENT CORP,19247G107,2408942000.0,22363,0.0023213109837084125
SUPV,GRUPO SUPERVIELLE S.A.,40054A108,2407284000.0,486320,0.002319713297416676
HST,HOST HOTELS & RESORTS INC,44107P104,2383072000.0,140016,0.002296382066719736
USIG,ISHARES TR,464288620,2361597000.0,45224,0.002275688271113558
HII,HUNTINGTON INGALLS INDS INC,446413106,2303280000.0,8000,0.0022194926912129528
FTI,TECHNIPFMC PLC,G87110105,2283563000.0,57885,0.002200492944159774
PFGC,PERFORMANCE FOOD GROUP CO,71377A103,2271297000.0,21831,0.0021886731491932835
BF/B,BROWN FORMAN CORP,115637209,2260936000.0,83491,0.0021786890553038485
TPD,SOMNIGROUP INTERNATIONAL INC,88023U101,2253551000.0,26723,0.0021715727023095934
PEPG,PEPGEN INC,713317105,2223906000.0,481365,0.002143006109958248
IONQ,IONQ INC,46222L108,2190077000.0,35611,0.0021104077205956677
KTOS,KRATOS DEFENSE & SEC SOLUTIO,50077B207,2184931000.0,23913,0.0021054489186310863
WWD,WOODWARD INC,980745103,2175833000.0,8610,0.0020966818801014
SNDK,SANDISK CORP,80004C200,2173426000.0,19371,0.002094362440472805
BCC,BOISE CASCADE CO DEL,09739D100,2131558000.0,27568,0.0020540174889273123
NCLH,NORWEGIAN CRUISE LINE HLDG L,G66721104,2095865000.0,85094,0.0020196229070147944
GL,GLOBE LIFE INC,37959E102,2093367000.0,14642,0.0020172157777284504
XPO,XPO INC,983793100,2093140000.0,16192,0.0020169970353953836
PNFP,PINNACLE FINL PARTNERS INC,72346Q104,2075999000.0,22115,0.0020004795801923337
KOF,COCA-COLA FEMSA SAB DE CV,191241108,2062791000.0,24823,0.001987752052724748
EWBC,EAST WEST BANCORP INC,27579R104,2042137000.0,19184,0.001967849391283537
MOS,MOSAIC CO NEW,61945C103,2015324000.0,58112,0.001942011778171153
WYNN,WYNN RESORTS LTD,983134107,2009221000.0,15664,0.0019361307893662862
ACMR,ACM RESH INC,00108J109,1991443000.0,50893,0.0019189995065589925
ICL,ICL GROUP LTD,M53213100,1990913000.0,317671,0.0019184887865742997
JLL,JONES LANG LASALLE INC,48020Q107,1987440000.0,6663,0.0019151421252406441
ITT,ITT INC,45073V108,1969935000.0,11020,0.0018982739114065978
GNRC,GENERAC HLDGS INC,368736104,1966280000.0,11746,0.0018947518707574439
HAS,HASBRO INC,418056107,1960798000.0,25851,0.001889469291595019
AIZ,ASSURANT INC,04621X108,1942036000.0,8966,0.0018713898041368996
RGLD,ROYAL GOLD INC,780287108,1906713000.0,9506,0.001837351762591054
COOP,MR COOPER GROUP INC,62482R107,1887414000.0,8954,0.0018187548097899535
MTZ,MASTEC INC,576323109,1871664000.0,8795,0.0018035777536410684
NTES,NETEASE INC,64110W102,1869477000.0,12300,0.0018014703109872517
LECO,LINCOLN ELEC HLDGS INC,533900106,1867066000.0,7917,0.0017991470168682066
EVR,EVERCORE INC,29977A105,1867066000.0,5535,0.0017991470168682066
RGA,REINSURANCE GRP OF AMERICA I,759351604,1860203000.0,9682,0.0017925336748777431
IPG,INTERPUBLIC GROUP COS INC,460690100,1836841000.0,65813,0.0017700215234015366
BEPC,BROOKFIELD RENEWABLE CORP,11285B108,1830145000.0,53151,0.0017635691063873822
SPRY,ARS PHARMACEUTICALS INC,82835W108,1818396000.0,186726,0.0017522475043116202
FN,FABRINET,G3323L100,1812161000.0,4970,0.001746239317321887
EHC,ENCOMPASS HEALTH CORP,29261A100,1811305000.0,14260,0.0017454144563654778
ROKU,ROKU INC,77543R102,1806746000.0,18044,0.0017410213008745084
RNR,RENAISSANCERE HLDGS LTD,G7496G103,1803665000.0,7103,0.0017380523796050027
STNE,STONECO LTD,G85158106,1794181000.0,94880,0.0017289133827468421
BJ,BJS WHSL CLUB HLDGS INC,05550J101,1758602000.0,18859,0.001694628653812164
AES,AES CORP,00130H105,1748701000.0,132880,0.001685087826324538
NIO 3.875 10/15/29,NIO INC,62914VAJ5,1745279000.0,1613000,0.0016817903097441262
CRS,CARPENTER TECHNOLOGY CORP,144285103,1744316000.0,7104,0.0016808623411681657
UNM,UNUM GROUP,91529Y106,1741728000.0,22393,0.0016783684858466855
U,UNITY SOFTWARE INC,91332U101,1735654000.0,43348,0.0016725154420975854
BIDUN,BAIDU INC,056752108,1726187000.0,13100,0.0016633928268238397
OHI,OMEGA HEALTHCARE INVS INC,681936100,1724138000.0,40837,0.0016614183640905659
SCHP,SCHWAB STRATEGIC TR,808524870,1723183000.0,63940,0.0016604981044955063
MANH,MANHATTAN ASSOCIATES INC,562750109,1721217000.0,8397,0.0016586036224390803
TECH,BIO-TECHNE CORP,09073M104,1693266000.0,30438,0.0016316694067935256
APA,APA CORPORATION,03743Q108,1684619000.0,69383,0.0016233369620621348
SUX,TD SYNNEX CORPORATION,87162W100,1684169000.0,10285,0.0016229033318864519
RBC,RBC BEARINGS INC,75524B104,1667319000.0,4272,0.0016066662908636768
CDE,COEUR MNG INC,192108504,1663355000.0,88665,0.0016028464908272209
GME,GAMESTOP CORP NEW,36467W109,1650958000.0,60519,0.001590900461298476
EPAM,EPAM SYS INC,29414B104,1648135000.0,10930,0.0015881801546630283
ATI,ATI INC,01741R102,1645752000.0,20233,0.0015858838419771366
FHN,FIRST HORIZON CORPORATION,320517105,1632985000.0,72224,0.0015735812720817201
BEKE,KE HLDGS INC,482497104,1617850000.0,85150,0.0015589968438396006
DTM,DT MIDSTREAM INC,23345M107,1615967000.0,14293,0.001557182342460023
MTCH,MATCH GROUP INC NEW,57667L107,1614936000.0,45723,0.001556188847546404
SF,STIFEL FINL CORP,860630102,1594821000.0,14055,0.001536805578693399
LITE,LUMENTUM HLDGS INC,55024U109,1590328000.0,9774,0.0015324760222948633
SATS,ECHOSTAR CORP,278768106,1584088000.0,20745,0.001526463017192067
FRT,FEDERAL RLTY INVT TR NEW,313745101,1581753000.0,15613,0.0015242129583915814
IVZ,INVESCO LTD,G491BT108,1567077000.0,68312,0.0015100708329286586
CAG,CONAGRA BRANDS INC,205887102,1560177000.0,85209,0.001503421836901528
TXRH,TEXAS ROADHOUSE INC,882681109,1555496000.0,9362,0.001498911119451818
RMBS,RAMBUS INC DEL,750917106,1553101000.0,14905,0.0014966032432945748
ALLY,ALLY FINL INC,02005N100,1543696000.0,39380,0.001487540372622812
HLI,HOULIHAN LOKEY INC,441593100,1542364000.0,7512,0.0014862568273027918
LAMR,LAMAR ADVERTISING CO NEW,512816109,1530495000.0,12502,0.0014748195905135146
AYI,ACUITY INC,00508Y102,1525648000.0,4430,0.0014701489117101086
HIMS,HIMS & HERS HEALTH INC,433000106,1506880000.0,26567,0.0014520636425163133
SSB,SOUTHSTATE BK CORP,84472E102,1502123000.0,15190,0.0014474796897480438
EXAS,EXACT SCIENCES CORP,30063P105,1496319000.0,27350,0.0014418868241043532
OGE,OGE ENERGY CORP,670837103,1495817000.0,32328,0.0014414030855528141
MLI,MUELLER INDS INC,624756102,1491575000.0,14752,0.0014373153984300476
CA8A,CACI INTL INC,127190304,1490853000.0,2989,0.0014366196629037305
OVV,OVINTIV INC,69047Q102,1481179000.0,36681,0.0014272975777491709
WCC,WESCO INTL INC,95082P105,1473098000.0,6965,0.001419510543416527
AIT,APPLIED INDL TECHNOLOGIES IN,03820C105,1463446000.0,5606,0.0014102096579594451
HSIC,HENRY SCHEIN INC,806407102,1454830000.0,21920,0.0014019070855290456
FIGR,FIGURE TECHNOLOGY SOLUTIO,349381103,1454800000.0,40000,0.0014018781768506668
ELAN,ELANCO ANIMAL HEALTH INC,28414H103,1447844000.0,71889,0.001395175217957229
EMN,EASTMAN CHEM CO,277432100,1431802000.0,22709,0.0013797167840054567
AGNC,AGNC INVT CORP,00123Q104,1430368000.0,146105,0.0013783349491789487
JPX,AEROVIRONMENT INC,008073108,1428971000.0,4538,0.001376988768389108
JEF,JEFFERIES FINL GROUP INC,47233W109,1421511000.0,21729,0.0013698001436989056
ORI,OLD REP INTL CORP,680223104,1416120000.0,33344,0.0013646052541942304
WB,WEIBO CORP,948596101,1409880000.0,113700,0.001358592249091434
ARMK,ARAMARK,03852U106,1402714000.0,36529,0.0013516869294493443
OWL,BLUE OWL CAPITAL INC,09581B103,1396556000.0,82490,0.0013457529414007835
AR,ANTERO RESOURCES CORP,03674X106,1393613000.0,41526,0.0013429170000518204
DCI,DONALDSON INC,257651109,1393087000.0,17020,0.0013424101345575782
ENSG,ENSIGN GROUP INC,29358P101,1389935000.0,8045,0.0013393727960825759
RGTI,RIGETTI COMPUTING INC,76655K103,1387737000.0,46584,0.0013372547535800204
ASTS,AST SPACEMOBILE INC,00217D100,1387148000.0,28263,0.0013366871798611828
STRL,STERLING INFRASTRUCTURE INC,859241101,1386913000.0,4083,0.0013364607285472152
CUBE,CUBESMART,229663109,1383416000.0,34024,0.0013330909402708565
WBS,WEBSTER FINL CORP,947890109,1378889000.0,23198,0.0013287286207034911
REXR,REXFORD INDL RLTY INC,76169C100,1344790000.0,32712,0.001295870053235502
EQX,EQUINOX GOLD CORP,29446Y502,1341206000.0,119702,0.0012924164297918445
BWA,BORGWARNER INC,099724106,1325746000.0,30158,0.0012775188242006214
KNSL,KINSALE CAP GROUP INC,49714P108,1321708000.0,3108,0.001273627716090831
HALO,HALOZYME THERAPEUTICS INC,40637H109,1320780000.0,18009,0.0012727334743063126
RRX,REGAL REXNORD CORPORATION,758750103,1318787000.0,9194,0.0012708129744393457
BEN,FRANKLIN RESOURCES INC,354613101,1316328000.0,56910,0.0012684434264348945
MHK,MOHAWK INDS INC,608190104,1307636000.0,10143,0.001260067618685935
FYBR,FRONTIER COMMUNICATIONS PARE,35909D109,1301760000.0,34853,0.0012544053722141353
UMBF,UMB FINL CORP,902788108,1297116000.0,10960,0.0012499303088010926
PEN,PENUMBRA INC,70975L107,1289905000.0,5092,0.0012429816261414347
OR,OR ROYALTIES INC.,68390D106,1289106000.0,32156,0.0012422116916739453
WEA,WESTERN ALLIANCE BANCORP,957638109,1285537000.0,14824,0.0012387725225694772
IAG,IAMGOLD CORP,450913108,1285259000.0,99461,0.0012385046354831668
CRL,CHARLES RIV LABS INTL INC,159864107,1285162000.0,8214,0.0012384111640897418
LW,LAMB WESTON HLDGS INC,513272104,1277702000.0,21999,0.00123122253939954
W,WAYFAIR INC,94419L101,1272863000.0,14249,0.001226559569577035
VIST,VISTA ENERGY S.A.B. DE C.V.,92837L109,1271493000.0,36962,0.001225239406597735
EGP,EASTGROUP PPTYS INC,277276101,1270804000.0,7508,0.0012245754706176346
NFG,NATIONAL FUEL GAS CO,636180101,1270549000.0,13755,0.0012243297468514146
WF2,WINTRUST FINL CORP,97650W108,1268378000.0,9577,0.0012222377221594
KMX,CARMAX INC,143130102,1263405000.0,28157,0.0012174456269068027
SEIC,SEI INVTS CO,784117103,1253998000.0,14779,0.0012083808289898147
ALV,AUTOLIV INC,052800109,1253031000.0,10146,0.0012074490059234037
CPB,THE CAMPBELLS COMPANY,134429109,1251610000.0,39633,0.0012060796981908598
GTLS,CHART INDS INC,16115Q308,1251338000.0,6252,0.0012058175928402251
PRI,PRIMERICA INC,74164M108,1251098000.0,4507,0.0012055863234131947
LYFT,LYFT INC,55087P104,1245590000.0,56592,0.0012002786900628417
SGML,SIGMA LITHIUM CORPORATION,826599102,1243155000.0,193940,0.0011979322690010934
IDCC,INTERDIGITAL INC,45867G101,1236959000.0,3583,0.0011919616632932526
CMA,COMERICA INC,200340107,1236580000.0,18047,0.0011915964503230667
ATR,APTARGROUP INC,038336103,1221652000.0,9140,0.0011772114919617617
BTI,BRITISH AMERN TOB PLC,110448107,1219088000.0,22967,0.0011747407635829842
CR,CRANE COMPANY,224408104,1215876000.0,6603,0.0011716456077512244
AWI,ARMSTRONG WORLD INDS INC NEW,04247X102,1213498000.0,6191,0.001169354113178396
ZION,ZIONS BANCORPORATION N A,989701107,1212566000.0,21431,0.001168456016903427
AA,ALCOA CORP,013872106,1205715000.0,36659,0.0011618542383843153
BRX,BRIXMOR PPTY GROUP INC,11120U105,1205519000.0,43552,0.00116166536835224
BTG,B2GOLD CORP,11777Q209,1198947000.0,242473,0.0011553324405420514
RRC,RANGE RES CORP,75281A109,1198420000.0,31839,0.0011548246114251965
ADC,AGREE RLTY CORP,008492100,1197663000.0,16859,0.0011540951491074375
OSK,OSHKOSH CORP,688239201,1197650000.0,9234,0.0011540826220134733
AVTR,AVANTOR INC,05352A100,1195908000.0,95826,0.001152403991422276
SPXC,SPX TECHNOLOGIES INC,78473E103,1192590000.0,6385,0.0011492066915935776
FIVE,FIVE BELOW INC,33829M101,1191190000.0,7700,0.0011478576199358988
MP,MP MATERIALS CORP,553368101,1187743000.0,17709,0.0011445360127901715
BPOP,POPULAR INC,733174700,1184114000.0,9323,0.001141039026328946
DY,DYCOM INDS INC,267475101,1183962000.0,4058,0.0011408925556918264
MGM,MGM RESORTS INTERNATIONAL,552953101,1179896000.0,34042,0.0011369744661488825
MKSI,MKS INC.,55306N104,1175196000.0,9495,0.0011324454398695327
PCOR,PROCORE TECHNOLOGIES INC,74275K108,1168251000.0,16021,0.001125753080824834
LAD,LITHIA MTRS INC,536797103,1161616000.0,3676,0.0011193594447900497
CIGI,COLLIERS INTL GROUP INC,194693107,1148683000.0,7343,0.0011068969135409365
LIF,LIFE360 INC,532206109,1148040000.0,10800,0.001106277304201017
CORT,CORCEPT THERAPEUTICS INC,218352102,1141350000.0,13733,0.0010998306689225382
INGR,INGREDION INC,457187102,1139286000.0,9330,0.0010978417518500748
PSKY,PARAMOUNT SKYDANCE CORP,69932A204,1138757000.0,60188,0.0010973319954879948
MTSI,MACOM TECH SOLUTIONS HLDGS I,55405Y100,1138088000.0,9142,0.001096687331960147
COLB,COLUMBIA BKG SYS INC,197236102,1125687000.0,43733,0.0010847374479409518
PR,PERMIAN RESOURCES CORP,71424F105,1124275000.0,87834,0.0010833768128119215
HQY,HEALTHEQUITY INC,42226A107,1122930000.0,11849,0.0010820807403979372
NNN,NNN REIT INC,637417106,1120485000.0,26321,0.0010797246831100629
TTC,TORO CO,891092108,1118997000.0,14685,0.0010782908126624729
DINO,HF SINCLAIR CORP,403949100,1111963000.0,21245,0.00107151269120525
SAIA,SAIA INC,78709Y105,1111823000.0,3714,0.0010713777840394823
TSEM,TOWER SEMICONDUCTOR LTD,M87915274,1102144000.0,15467,0.0010620508807718595
ON1,OLD NATL BANCORP IND,680033107,1101034000.0,50161,0.001060981259671843
PRIM,PRIMORIS SVCS CORP,74164F103,1098915000.0,8002,0.0010589393433556849
FND,FLOOR & DECOR HLDGS INC,339750101,1097909000.0,14897,0.0010579699390073816
R,RYDER SYS INC,783549108,1094678000.0,5803,0.0010548564743459818
QRVO,QORVO INC,74736K101,1085947000.0,11923,0.00104644308531513
RIOT,RIOT PLATFORMS INC,767292105,1083283000.0,56925,0.00104387599467509
VMI,VALMONT INDS INC,920253101,1072461000.0,2766,0.0010334476707612337
MUSA,MURPHY USA INC,626755102,1071986000.0,2761,0.0010329899500202357
VOYA,VOYA FINANCIAL INC,929089100,1071734000.0,14328,0.0010327471171218535
ALSN,ALLISON TRANSMISSION HLDGS I,01973R101,1071610000.0,12625,0.0010326276279178878
HBM,HUDBAY MINERALS INC,443628102,1060484000.0,69998,0.0010219063627297928
PAGS,PAGSEGURO DIGITAL LTD,G68707101,1055000000.0,105500,0.0010166218563221429
CTRE,CARETRUST REIT INC,14174T107,1053232000.0,30370,0.0010149181715430173
OLLI,OLLIES BARGAIN OUTLET HLDGS,681116109,1048900000.0,8169,0.0010107437583851144
QBTS,D-WAVE QUANTUM INC,26740W109,1044912000.0,42287,0.0010069008314059554
TGS,TRANSPORTADORA DE GAS SUR,893870204,1037746000.0,49346,0.000999995511763866
FLR,FLUOR CORP NEW,343412102,1037026000.0,24650,0.000999301703482774
ELF,E L F BEAUTY INC,26856L103,1035994000.0,7820,0.0009983072449465421
AXS,AXIS CAP HLDGS LTD,G0692U109,1035311000.0,10807,0.0009976490907021174
CFR,CULLEN FROST BANKERS INC,229899109,1034316000.0,8159,0.000996690286202553
ZWS,ZURN ELKAY WATER SOLNS CORP,98983L108,1031932000.0,21942,0.0009943930098940488
LBRDK,LIBERTY BROADBAND CORP,530307305,1030365000.0,16216,0.0009928830132600614
HL,HECLA MNG CO,422704106,1017489000.0,84090,0.000980475408499868
TPG,TPG INC,872657101,1017210000.0,17706,0.000980206557790945
CBSH,COMMERCE BANCSHARES INC,200525103,1016338000.0,17007,0.0009793662788727337
EAGG,ISHARES TR,46435U549,1009398000.0,21016,0.0009726787379410979
MASI,MASIMO CORP,574795100,1009390000.0,6841,0.0009726710289601969
SSD,SIMPSON MFG INC,829073105,1008947000.0,6025,0.000972244144142803
MARA,MARA HOLDINGS INC,565788106,1002803000.0,54918,0.0009663236468108187
FSS,FEDERAL SIGNAL CORP,313855108,1002372000.0,8424,0.0009659083254647762
VNO,VORNADO RLTY TR,929042109,1002145000.0,24726,0.0009656895831317098
EGO,ELDORADO GOLD CORP NEW,284902509,1001370000.0,34668,0.0009649427756069234
CADE,CADENCE BANK,12740C103,1001079000.0,26667,0.0009646623614266487
TEM,TEMPUS AI INC,88023B103,1000158000.0,12392,0.0009637748650004187
HRB,BLOCK H & R INC,093671105,997847000.0,19732,0.0009615479331426363
JXN,JACKSON FINANCIAL INC,46817M107,994484000.0,9824,0.0009583072702963696
ETSY,ETSY INC,29786A106,989410000.0,14903,0.000953417849159897
JBTM,JBT MAREL CORPORATION,477839104,988066000.0,7035,0.0009521227403685255
MIDD,MIDDLEBY CORP,596278101,982884000.0,7394,0.0009471292479898892
LNC,LINCOLN NATL CORP IND,534187109,981632000.0,24340,0.0009459227924788795
WNS,WNS HLDGS LTD,G98196101,980146000.0,12851,0.0009444908492765148
MTG,MGIC INVT CORP WIS,552848103,978793000.0,34501,0.0009431870678816295
FR,FIRST INDL RLTY TR INC,32054K103,978754000.0,19016,0.0009431494865997371
CRUS,CIRRUS LOGIC INC,172755100,977763000.0,7804,0.0009421945365906231
NGD,NEW GOLD INC CDA,644535106,977023000.0,136352,0.0009414814558572787
PAM,PAMPA ENERGIA S A,697660207,973873000.0,16215,0.0009384460446275016
TIGO,MILLICOM INTL CELLULAR S A,L6388F110,973324000.0,20052,0.000937917015813169
STAG,STAG INDL INC,85254J102,973122000.0,27575,0.0009377223640454184
LNW,LIGHT & WONDER INC,80874P109,970682000.0,11564,0.000935371124870607
AEIS,ADVANCED ENERGY INDS,007973100,970308000.0,5703,0.0009350107300134842
AM,ANTERO MIDSTREAM CORP,03676B102,970056000.0,49900,0.0009347678971151019
RGEN,REPLIGEN CORP,759916109,967236000.0,7236,0.000932050481347492
G,GENPACT LIMITED,G3922B107,962130000.0,22968,0.0009271302242874154
KD,KYNDRYL HLDGS INC,50155Q100,960810000.0,31995,0.0009258582424387469
SNV,SYNOVUS FINL CORP,87161C501,960250000.0,19565,0.0009253186137756756
GLXY,GALAXY DIGITAL INC.,36317J209,959325000.0,28374,0.0009244272628589949
MLTX,MOONLAKE IMMUNOTHERAPEUTICS,61559X104,946375000.0,131991,0.0009119483500254672
WING,WINGSTOP INC,974155103,944303000.0,3752,0.0009099517239721029
EXLS,EXLSERVICE HOLDINGS INC,302081104,940569000.0,21362,0.0009063535571365513
AL,AIR LEASE CORP,00912X302,939474000.0,14760,0.0009052983903757241
FLS,FLOWSERVE CORP,34354P105,936539000.0,17624,0.0009024701580076619
THG,HANOVER INS GROUP INC,410867105,936484000.0,5156,0.0009024171587639674
ONTO,ONTO INNOVATION INC,683344105,936070000.0,7244,0.0009020182190023397
AG,FIRST MAJESTIC SILVER CORP,32076V103,933010000.0,75962,0.0008990695338076991
CHE,CHEMED CORP NEW,16359R103,931747000.0,2081,0.0008978524784479504
AGCO,AGCO CORP,001084102,931509000.0,8700,0.0008976231362661449
MSA,MSA SAFETY INC,553498106,929866000.0,5404,0.0008960399043135978
ESAB,ESAB CORPORATION,29605J106,929677000.0,8320,0.0008958577796398112
LOPE,GRAND CANYON ED INC,38526M106,926155000.0,4219,0.0008924639007981367
SITM,SITIME CORP,82982T106,924720000.0,3069,0.0008910811023490161
AMG,AFFILIATED MANAGERS GROUP IN,008252108,922247000.0,3868,0.0008886980636279879
LFUS,LITTELFUSE INC,537008104,918190000.0,3545,0.0008847886466885577
HNM,ORMAT TECHNOLOGIES INC,686688102,913798000.0,9494,0.0008805564161738972
OMF,ONEMAIN HLDGS INC,68268W103,913692000.0,16183,0.0008804542721769586
GTES,GATES INDL CORP PLC,G39108108,911539000.0,36726,0.0008783795926919713
STWD,STARWOOD PPTY TR INC,85571B105,910158000.0,46988,0.0008770488298639326
VNT,VONTIER CORPORATION,928881101,908357000.0,21643,0.0008753133455385903
PB,PROSPERITY BANCSHARES INC,743606105,907403000.0,13676,0.0008743940495661435
DBX,DROPBOX INC,26210C104,906240000.0,29998,0.0008732733564676576
AHR,AMERICAN HEALTHCARE REIT INC,398182303,905652000.0,21558,0.0008727067463714325
CLF,CLEVELAND-CLIFFS INC NEW,185899101,904813000.0,74165,0.0008718982669994379
NEU,NEWMARKET CORP,651587107,902749000.0,1090,0.0008699093499269745
CHDN,CHURCHILL DOWNS INC,171484108,899865000.0,9276,0.0008671302623121565
LUMN,LUMEN TECHNOLOGIES INC,550241103,899793000.0,147025,0.0008670608814840472
TMHC,TAYLOR MORRISON HOME CORP,87724P106,897670000.0,13599,0.0008650151106774388
PIPR,PIPER SANDLER COMPANIES,724078100,897316000.0,2586,0.0008646739882725688
CMC,COMMERCIAL METALS CO,201723103,895516000.0,15634,0.000862939467569839
AXTA,AXALTA COATING SYS LTD,G0750C108,894203000.0,31244,0.0008616742310794589
OLED,UNIVERSAL DISPLAY CORP,91347P105,891224000.0,6205,0.0008588035993164412
OGS,ONE GAS INC,68235P108,884189000.0,10924,0.0008520245142366058
UEC,URANIUM ENERGY CORP,916896103,880854000.0,66031,0.0008488108328234928
SMTC,SEMTECH CORP,816850101,877906000.0,12287,0.0008459700733614665
SITE,SITEONE LANDSCAPE SUPPLY INC,82982L103,877643000.0,6814,0.0008457166406143455
APPF,APPFOLIO INC,03783C100,875496000.0,3176,0.0008436477428650339
KNX,KNIGHT-SWIFT TRANSN HLDGS IN,499049104,874791000.0,22141,0.0008429683889231314
SANM,SANMINA CORPORATION,801056102,873685000.0,7590,0.0008419026223135652
FINV,FINVOLUTION GROUP,31810T101,873345000.0,118500,0.0008415749906252719
KBR,KBR INC,48242W106,873304000.0,18467,0.0008415354820981541
MKTX,MARKETAXESS HLDGS INC,57060D108,872993000.0,5010,0.0008412357954656269
CART,MAPLEBEAR INC,565394103,870477000.0,23680,0.0008388113209722558
BROS,DUTCH BROS INC,26701L100,868844000.0,16600,0.000837237725245835
TXNM,TXNM ENERGY INC,69349H107,868099000.0,15351,0.0008365198263994275
OPEN,OPENDOOR TECHNOLOGIES INC,683712103,865494000.0,108594,0.0008340095894935325
MOG/A,MOOG INC,615394202,864115000.0,4161,0.0008326807539107189
VNOM,VIPER ENERGY INC,64361Q101,861861000.0,22550,0.0008305087485418562
CWST,CASELLA WASTE SYS INC,147448104,857146000.0,9034,0.0008259652679233171
GBCI,GLACIER BANCORP INC NEW,37637Q105,854207000.0,17551,0.0008231331810648044
GNTX,GENTEX CORP,371901109,849934000.0,30033,0.0008190156216410467
SOUN,SOUNDHOUND AI INC,836100107,849651000.0,52839,0.000818742916441673
HR,HEALTHCARE RLTY TR,42226K105,849177000.0,47098,0.0008182861593232875
FNB,F N B CORP,302520101,846758000.0,52561,0.0008159551562233413
SSRM,SSR MINING IN,784730103,846057000.0,34644,0.0008152796567718893
MORN,MORNINGSTAR INC,617700109,845908000.0,3646,0.0008151360770026079
TTMI,TTM TECHNOLOGIES INC,87305R109,844762000.0,14666,0.0008140317654885365
REZI,RESIDEO TECHNOLOGIES INC,76118Y104,844644000.0,19561,0.0008139180580202464
BB4,AXOS FINANCIAL INC,05465C100,844045000.0,9971,0.0008133408480752825
CHRD,CHORD ENERGY CORPORATION,674215207,843552000.0,8489,0.0008128657821272571
TREX,TREX CO INC,89531P105,841343000.0,16283,0.0008107371397759627
WH,WYNDHAM HOTELS & RESORTS INC,98311A105,841187000.0,10528,0.0008105868146483929
FCFS,FIRSTCASH HOLDINGS INC,33768G107,840101000.0,5303,0.0008095403204910792
SR,SPIRE INC,84857L101,839085000.0,10293,0.0008085612799166496
RITM,RITHM CAPITAL CORP,64828T201,838987000.0,73660,0.000808466844900612
ATGE,ADTALEM GLOBAL ED INC,00737L103,838972000.0,5432,0.0008084523905614225
GATX,GATX CORP,361448103,832922000.0,4765,0.0008026224737550255
NJR,NEW JERSEY RES CORP,646025106,832514000.0,17290,0.0008022293157290734
ARW,ARROW ELECTRS INC,042735100,831270000.0,6870,0.0008010305691989646
FCN,FTI CONSULTING INC,302941109,830719000.0,5139,0.0008004996131394067
NXE,NEXGEN ENERGY LTD,65340P106,827049000.0,92356,0.0007969631181510635
POR,PORTLAND GEN ELEC CO,736508847,824076000.0,18729,0.0007940982681237215
ROAD,CONSTRUCTION PARTNERS INC,21044C107,822198000.0,6474,0.0007922885848572068
AN,AUTONATION INC,05329W102,819075000.0,3744,0.0007892791914379708
OZK,BANK OZK LITTLE ROCK ARK,06417N103,818076000.0,16047,0.0007883165324479557
BIPC,BROOKFIELD INFRASTRUCTURE CO,11276H106,812499000.0,19778,0.0007829424091373316
APLD,APPLIED DIGITAL CORP,038169207,801730000.0,34949,0.0007725651572219446
PEGA,PEGASYSTEMS INC,705573103,801665000.0,13942,0.0007725025217521239
TFX,TELEFLEX INCORPORATED,879369106,799256000.0,6532,0.000770181154878304
IRTC,IRHYTHM TECHNOLOGIES INC,450056106,796314000.0,4630,0.0007673461771519535
HOMB,HOME BANCSHARES INC,436893200,791947000.0,27984,0.0007631380372026086
NXST,NEXSTAR MEDIA GROUP INC,65336K103,791751000.0,4004,0.0007629491671705336
CAMT,CAMTEK LTD,M20791105,789577000.0,7539,0.0007608542516106811
GPI,GROUP 1 AUTOMOTIVE INC,398905109,787956000.0,1801,0.0007592922193556118
JHG,JANUS HENDERSON GROUP PLC,G4474Y214,787426000.0,17691,0.0007587814993709191
EPRT,ESSENTIAL PPTYS RLTY TR INC,29670E107,786438000.0,26426,0.000757829440229643
ESE,ESCO TECHNOLOGIES INC,296315104,783218000.0,3710,0.000754726575416982
MTN,VAIL RESORTS INC,91879Q109,781503000.0,5225,0.0007530739626363257
ESI,ELEMENT SOLUTIONS INC,28618M106,780069000.0,30992,0.0007516921278098176
GXO,GXO LOGISTICS INCORPORATED,36262G101,779863000.0,14745,0.0007514936215516164
HLNE,HAMILTON LANE INC,407497106,779221000.0,5781,0.0007508749758343095
TRNO,TERRENO RLTY CORP,88146M101,778270000.0,13714,0.0007499585707297006
MTDR,MATADOR RES CO,576485205,775537000.0,17261,0.0007473249901293892
IBP,INSTALLED BLDG PRODS INC,45780R101,773279000.0,3135,0.0007451491302700762
CZR,CAESARS ENTERTAINMENT INC NE,12769G100,772861000.0,28598,0.0007447463360179978
MC,MOELIS & CO,60786M105,764336000.0,10717,0.0007365314532453473
PRMB,PRIMO BRANDS CORPORATION,741623102,757875000.0,34293,0.0007303054875451602
NOV,NOV INC,62955J103,755807000.0,57042,0.0007283127159822463
TSA,ACI WORLDWIDE INC,004498101,755666000.0,14320,0.0007281768451938657
S,SENTINELONE INC,81730H109,753373000.0,42781,0.0007259672585431106
RLI,RLI CORP,749607107,751530000.0,11523,0.0007241913020680379
BILL,BILL HOLDINGS INC,090043100,750055000.0,14160,0.0007227699587144122
QS,QUANTUMSCAPE CORP,74767V109,748415000.0,60748,0.0007211896176297029
TKR,TIMKEN CO,887389104,747590000.0,9944,0.000720394628974285
RDNT,RADNET INC,750491102,747010000.0,9802,0.0007198357278589611
HWC,HANCOCK WHITNEY CORPORATION,410120109,744245000.0,11887,0.0007171713113350457
GAP,GAP INC,364760108,741078000.0,34646,0.000714119518520854
MAT,MATTEL INC,577081102,740520000.0,44000,0.0007135818171030078
EAT,BRINKER INTL INC,109641100,740318000.0,5844,0.000713387165335257
BCPC,BALCHEM CORP,057665200,739496000.0,4928,0.0007125950675476771
AUR,AURORA INNOVATION INC,051774107,738721000.0,137054,0.0007118482600228908
BYD,BOYD GAMING CORP,103304101,738456000.0,8542,0.0007115929000305444
SLM,SLM CORP,78442P106,737118000.0,26630,0.0007103035729748487
SWX,SOUTHWEST GAS HLDGS INC,844895102,736553000.0,9402,0.0007097591261987139
CAVA,CAVA GROUP INC,148929102,735613000.0,12177,0.0007088533209428441
BBWI,BATH & BODY WORKS INC,070830104,735293000.0,28544,0.0007085449617068031
VFC,V F CORP,918204108,732294000.0,50748,0.000705655057491533
VLY,VALLEY NATL BANCORP,919794107,730181000.0,68885,0.0007036189229110508
LEA,LEAR CORP,521865204,729724000.0,7253,0.0007031785473770799
ITRI,ITRON INC,465741106,728551000.0,5849,0.0007020482180524677
SEE,SEALED AIR CORP NEW,81211K100,723791000.0,20475,0.0006974613744163602
LAZ,LAZARD INC,52110M109,723561000.0,13709,0.000697239741215456
RAL,RALLIANT CORP,750940108,722769000.0,16528,0.0006964765521062548
THO,THOR INDS INC,885160101,721682000.0,6960,0.0006954290943263287
PATH,UIPATH INC,90364P105,721236000.0,53904,0.0006949993186410967
GLBE,GLOBAL E ONLINE LTD,M5216V106,721172000.0,20167,0.0006949376467938885
WFRD,WEATHERFORD INTL PLC,G48833118,719952000.0,10521,0.0006937620272064828
RHP,RYMAN HOSPITALITY PPTYS INC,78377T107,718870000.0,8024,0.0006927193875396197
MMSI,MERIT MED SYS INC,589889104,717276000.0,8618,0.0006911833730950913
ACHR,ARCHER AVIATION INC,03945R102,717130000.0,74857,0.0006910426841936476
LEU,CENTRUS ENERGY CORP,15643U104,716572000.0,2311,0.0006905049827758015
MAC,MACERICH CO,554382101,715952000.0,39338,0.0006899075367559724
CROX,CROCS INC,227046109,715272000.0,8561,0.0006892522733793855
ACA,ARCOSA INC,039653100,712196000.0,7600,0.000686288170222943
AQN,ALGONQUIN PWR UTILS CORP,015857105,708364000.0,131767,0.0006825955683713539
BOOT,BOOT BARN HLDGS INC,099406100,706796000.0,4265,0.0006810846081147539
RDN,RADIAN GROUP INC,750236101,706036000.0,19493,0.0006803522549291568
INTR,INTER & CO INC,G4R20B107,702948000.0,76159,0.0006773765883013627
KRG,KITE RLTY GROUP TR,49803T300,701157000.0,31442,0.0006756507402021466
ATAT,ATOUR LIFESTYLE HLDGS LTD,04965M106,698046000.0,18570,0.0006726529102542621
CNX,CNX RES CORP,12653C108,697711000.0,21722,0.0006723300966790319
UBSI,UNITED BANKSHARES INC WEST V,909907107,697688000.0,18750,0.0006723079333589414
GVA,GRANITE CONSTR INC,387328107,697264000.0,6359,0.0006718993573711873
POST,POST HLDGS INC,737446104,696578000.0,6481,0.0006712383122589248
AUB,ATLANTIC UN BANKSHARES CORP,04911A107,696519000.0,19737,0.0006711814585247797
BCO,BRINKS CO,109696104,691344000.0,5916,0.0006661947115044318
CORZ,CORE SCIENTIFIC INC NEW,21874A106,690905000.0,38512,0.0006657716811774882
NWE,NORTHWESTERN ENERGY GROUP IN,668074305,689957000.0,11772,0.0006648581669407173
WEX,WEX INC,96208T104,687776000.0,4366,0.0006627565060225764
CUZ,COUSINS PPTYS INC,222795502,686659000.0,23727,0.0006616801395642714
MMS,MAXIMUS INC,577933104,684179000.0,7488,0.0006592903554849548
WK,WORKIVA INC,98139A105,683561000.0,7941,0.000658694836710351
BUWA,BIO RAD LABS INC,090572207,678544000.0,2420,0.0006538603420627983
HXL,HEXCEL CORP NEW,428291108,678289000.0,10818,0.0006536146182965782
MDU,MDU RES GROUP INC,552690109,676851000.0,38004,0.0006522289289796196
QLYS,QUALYS INC,74758T303,674354000.0,5096,0.0006498227633158885
NPO,ENPRO INC,29355X107,674158000.0,2983,0.0006496338932838134
BOX,BOX INC,10316T104,673733000.0,20878,0.0006492243536734468
LUV,SOUTHWEST AIRLS CO,844741108,673110000.0,21094,0.0006486240167857797
CLSK,CLEANSPARK INC,18452B209,672858000.0,46404,0.0006483811838873975
PI,IMPINJ INC,453204109,670944000.0,3712,0.0006465368102068282
ABCB,AMERIS BANCORP,03076K108,668147000.0,9114,0.0006438415577593088
FTDR,FRONTDOOR INC,35905A109,667651000.0,9922,0.0006433636009434455
CWAN,CLEARWATER ANALYTICS HLDGS I,185123106,666109000.0,36965,0.0006418776948747737
QTWO,Q2 HLDGS INC,74736L109,660124000.0,9119,0.0006361104135381975
TAC,TRANSALTA CORP,89346D107,656251000.0,48033,0.0006323783031594906
FOUR,SHIFT4 PMTS INC,82452J109,655268000.0,8466,0.0006314310621312777
S9Q,SPIRIT AEROSYSTEMS HLDGS INC,848574109,653382000.0,16927,0.0006296136698838619
CE,CELANESE CORP DEL,150870103,652787000.0,15513,0.0006290403144293485
VVV,VALVOLINE INC,92047W101,651874000.0,18153,0.0006281605269840195
MIR,MIRION TECHNOLOGIES INC,60471A101,649396000.0,27919,0.0006257726701499282
BCE,BCE INC,05534B760,644440000.0,27573,0.0006209969564817457
FROG,JFROG LTD,M6191J100,644209000.0,13611,0.0006207743596582288
KNF,KNIFE RIVER CORP,498894104,644017000.0,8378,0.0006205893441166043
ENPH,ENPHASE ENERGY INC,29355A107,643213000.0,18175,0.0006198145915360517
FRO,FRONTLINE PLC,M46528101,642745000.0,28128,0.0006193636161533419
PECO,PHILLIPS EDISON & CO INC,71844V201,640392000.0,18654,0.0006170962121458291
MGY,MAGNOLIA OIL & GAS CORP,559663109,639406000.0,26787,0.0006161460802497783
SBRA,SABRA HEALTH CARE REIT INC,78573L106,638569000.0,34258,0.0006153395281230089
LLYVK,LIBERTY MEDIA CORP DEL,531229722,637093000.0,6570,0.0006139172211467706
KTB,KONTOOR BRANDS INC,50050N103,632417000.0,7928,0.0006094113218101238
WHR,WHIRLPOOL CORP,963320106,631944000.0,8040,0.0006089555283143509
BDC,BELDEN INC,077454106,630215000.0,5240,0.0006072894248171178
SLG,SL GREEN RLTY CORP,78440X887,629261000.0,10521,0.000606370128844671
GKOS,GLAUKOS CORP,377322102,628669000.0,7709,0.0006057996642579955
SAIC,SCIENCE APPLICATIONS INTL CO,808625107,627720000.0,6317,0.0006048851863986118
PLXS,PLEXUS CORP,729132100,627521000.0,4337,0.000604693425498699
SIGI,SELECTIVE INS GROUP INC,816300107,626509000.0,7728,0.0006037182394147198
AROC,ARCHROCK INC,03957W106,626204000.0,23801,0.0006034243345178683
STEP,STEPSTONE GROUP INC,85914M107,625866000.0,9583,0.0006030986300748002
OTTR,OTTER TAIL CORP,689648103,625431000.0,7630,0.0006026794542383073
M,MACYS INC,55616P104,625237000.0,34871,0.0006024925114514575
OPCH,OPTION CARE HEALTH INC,68404L201,624822000.0,22508,0.000602092608067217
MRP,MILLROSE PPTYS INC,601137102,624171000.0,18571,0.0006014652897463964
PJT,PJT PARTNERS INC,69343T107,622588000.0,3503,0.0005999398751506069
ST,SENSATA TECHNOLOGIES HLDG PL,G8060N102,622365000.0,20372,0.0005997249873079909
AVA,AVISTA CORP,05379B107,622201000.0,16456,0.00059956695319952
DLB,DOLBY LABORATORIES INC,25659T107,621948000.0,8594,0.0005993231566785252
FFIN,FIRST FINL BANKSHARES INC,32020R109,621616000.0,18473,0.0005990032339711329
SFBS,SERVISFIRST BANCSHARES INC,81768T108,620967000.0,7711,0.0005983778428955375
SNEX,STONEX GROUP INC,861896108,619346000.0,6137,0.0005968158106404682
WULF,TERAWULF INC,88080T104,618530000.0,54162,0.000596029494588564
HUT,HUT 8 CORP,44812J104,617947000.0,17752,0.000595467702605402
ASB,ASSOCIATED BANC CORP,045487105,617837000.0,24031,0.000595361704118013
UPST,UPSTART HLDGS INC,91680M107,617779000.0,12161,0.0005953058140064807
ENS,ENERSYS,29275Y102,616875000.0,5461,0.0005944346991646653
JOYY,JOYY INC,46591M109,615405000.0,10500,0.0005930181739241027
RUN,SUNRUN INC,86771W105,613951000.0,35509,0.0005916170666453421
LSTR,LANDSTAR SYS INC,515098101,612923000.0,5001,0.0005906264625995609
URBN,URBAN OUTFITTERS INC,917047102,610155000.0,8542,0.0005879591552078076
ANF,ABERCROMBIE & FITCH CO,002896207,609972000.0,7130,0.0005877828122696968
PSN,PARSONS CORP DEL,70202L102,609794000.0,7354,0.0005876112874446491
ECG,EVERUS CONSTR GROUP,300426103,609425000.0,7107,0.0005872557107005895
UUUU,ENERGY FUELS INC,292671708,607618000.0,39562,0.0005855144446395715
KRC,KILROY RLTY CORP,49427F108,605992000.0,14343,0.0005839475942714388
BC,BRUNSWICK CORP,117043109,604638000.0,9561,0.000582642849253941
MGEE,MGE ENERGY INC,55277P104,603318000.0,7167,0.0005813708674052726
SKY,CHAMPION HOMES INC,830830105,603247000.0,7899,0.000581302450199776
MUR,MURPHY OIL CORP,626717102,601951000.0,21188,0.0005800535952938106
FMC,FMC CORP,302491303,601271000.0,17879,0.0005793983319172238
SIRI,SIRIUSXM HOLDINGS INC,829933100,600984000.0,25821,0.0005791217722273997
SAND,SANDSTORM GOLD LTD,80013R206,600623000.0,47974,0.0005787739044642411
LAUR,LAUREATE EDUCATION INC,518613203,599796000.0,19017,0.0005779769885635981
CCCS,CCC INTELLIGENT SOLUTIONS HL,12510Q100,598272000.0,65672,0.0005765084277019536
IQ,IQIYI INC,46267X108,597248000.0,233300,0.0005755216781466229
CSW,CSW INDUSTRIALS INC,126402106,595951000.0,2455,0.0005742718596180448
SARO,STANDARDAERO INC,85423L103,595195000.0,21810,0.0005735433609228984
PFSI,PENNYMAC FINL SVCS INC NEW,70932M107,593633000.0,4792,0.000572038182401974
CPK,CHESAPEAKE UTILS CORP,165303108,593175000.0,4404,0.0005715968432453906
VRRM,VERRA MOBILITY CORP,92511U102,591417000.0,23944,0.0005699027946923913
CBT,CABOT CORP,127055101,586117000.0,7707,0.0005647955948454649
WTM,WHITE MTNS INS GROUP LTD,G9618E107,585032000.0,350,0.0005637500643107639
WD5A,TRAVEL PLUS LEISURE CO,894164102,584787000.0,9830,0.0005635139767706701
ADT,ADT INC DEL,00090Q103,584188000.0,67071,0.0005629367668257061
AWG,ASBURY AUTOMOTIVE GROUP INC,043436104,582524000.0,2383,0.0005613332987982938
IRT,INDEPENDENCE RLTY TR INC,45378A106,581697000.0,35491,0.0005605363828976507
MRCY,MERCURY SYS INC,589378108,579803000.0,7491,0.0005587112816693339
ONC,BEONE MEDICINES LTD,07725L102,579190000.0,1700,0.0005581205810077933
CVCO,CAVCO INDS INC DEL,149568107,577826000.0,995,0.0005568061997641691
TENB,TENABLE HLDGS INC,88025T102,577193000.0,19794,0.0005561962266503759
FHI,FEDERATED HERMES INC,314211103,576631000.0,11104,0.0005556546707420792
ULS,UL SOLUTIONS INC,903731107,575383000.0,8120,0.0005544520697215199
PVH,PVH CORPORATION,693656100,575081000.0,6865,0.0005541610556925063
SPSC,SPS COMM INC,78463M107,573916000.0,5511,0.0005530384353487952
GNW,GENWORTH FINL INC,37247D106,573365000.0,64423,0.0005525074792892374
CWK,CUSHMAN WAKEFIELD PLC,G2717B108,569124000.0,35749,0.0005484207557890836
AVT,AVNET INC,053807103,569120000.0,10886,0.0005484169012986332
AGO,ASSURED GUARANTY LTD,G0585R106,564277000.0,6666,0.0005437500769856776
OSCR,OSCAR HEALTH INC,687793109,561805000.0,29678,0.000541368001887262
MWA,MUELLER WTR PRODS INC,624758108,558684000.0,21892,0.0005383605357132513
CWT,CALIFORNIA WTR SVC GROUP,130788102,557472000.0,12148,0.0005371926251067466
ATMU,ATMUS FILTRATION TECHNOLOGIE,04956D107,557312000.0,12360,0.0005370384454887261
EPR,EPR PPTYS,26884U109,556780000.0,9598,0.0005365257982588083
AMTM,AMENTUM HOLDINGS INC,023939101,555401000.0,23190,0.0005351969626759947
HESM,HESS MIDSTREAM LP,428103105,554873000.0,16060,0.0005346881699365274
EBC,EASTERN BANKSHARES INC,27627N105,553430000.0,30492,0.0005332976625065057
WSC,WILLSCOT HLDGS CORP,971378104,553272000.0,26209,0.0005331454101337106
WAY,WAYSTAR HLDG CORP,946784105,549612000.0,14494,0.0005296185513714934
COMP,COMPASS INC,20464U100,548850000.0,68350,0.0005288842709406712
SKT,TANGER INC,875465106,547430000.0,16177,0.00052751592683074
CVAC,CUREVAC N V,N2451R105,545598000.0,101918,0.0005257505702044061
NOVT,NOVANTA INC,67000B104,545217000.0,5444,0.000525383429988995
TCBI,TEXAS CAP BANCSHARES INC,88224Q107,544373000.0,6440,0.0005245701325039373
MZTI,MARZETTI COMPANY,513847103,543079000.0,3143,0.0005233232048431972
CNO,CNO FINL GROUP INC,12621E103,539581000.0,13643,0.0005199524529442257
DORM,DORMAN PRODS INC,258278100,537942000.0,3451,0.000518373075482129
OSIS,OSI SYSTEMS INC,671044105,534620000.0,2145,0.0005151719211629801
SLAB,SILICON LABORATORIES INC,826919102,532650000.0,4062,0.0005132735846161036
MSM,MSC INDL DIRECT INC,553530106,532385000.0,5778,0.0005130182246237574
GHC,GRAHAM HLDGS CO,384637104,529790000.0,450,0.0005105176239439886
NG,NOVAGOLD RES INC,66987E206,528226000.0,59754,0.0005090105181778391
MHO,M/I HOMES INC,55305B101,526050000.0,3642,0.0005069136753727614
UCB,UNITED CMNTY BKS BLAIRSVLE G,90984P303,525990000.0,16778,0.0005068558580160037
TDS,TELEPHONE & DATA SYS INC,879433829,525227000.0,13385,0.0005061206139625688
CIFR,CIPHER MINING INC,17253J106,522875000.0,41531,0.0005038541735776686
AGX,ARGAN INC,04010E109,522547000.0,1935,0.0005035381053607269
FBP,FIRST BANCORP P R,318672706,521924000.0,23670,0.0005029377684730598
CALM,CAL MAINE FOODS INC,128030202,521314000.0,5540,0.000502349958679357
RLX,RLX TECHNOLOGY INC,74969N103,520916000.0,198067,0.0005019664368795311
SXT,SENSIENT TECHNOLOGIES CORP,81725T100,520492000.0,5546,0.000501557860891777
RHI,ROBERT HALF INC.,770323103,518569000.0,15261,0.0004997048146076941
KFY,KORN FERRY,500643200,517012000.0,7388,0.0004982044541998329
KRMN,KARMAN HLDGS INC,485924104,516302000.0,7151,0.0004975202821448673
QC10,FLAGSTAR FINANCIAL INC,649445400,515788000.0,44657,0.0004970249801219767
VC,VISTEON CORP,92839U206,515398000.0,4300,0.0004966491673030519
EEFT,EURONET WORLDWIDE INC,298736109,513952000.0,5853,0.0004952557690051924
TEX,TEREX CORP NEW,880779103,513256000.0,10005,0.0004945850876668036
MYRG,MYR GROUP INC DEL,55405W104,512586000.0,2464,0.000493939460516343
ORLA,ORLA MNG LTD NEW,68634K106,512254000.0,47485,0.0004936195378089507
BGC,BGC GROUP INC,088929104,512250000.0,54149,0.0004936156833185002
CALX,CALIX INC,13100M509,510721000.0,8322,0.0004921423043437926
AWN,ADVANCE AUTO PARTS INC,00751Y106,510541000.0,8315,0.0004919688522735196
EXPO,EXPONENT INC,30214U102,510192000.0,7343,0.0004916325479817125
PII,POLARIS INC,731068102,508463000.0,8747,0.0004899664444844794
ALGM,ALLEGRO MICROSYSTEMS INC,01749D105,508080000.0,17400,0.0004895973770238431
TMDX,TRANSMEDICS GROUP INC,89377M109,502207000.0,4476,0.000483938021419881
LNTH,LANTHEUS HLDGS INC,516544103,502180000.0,9791,0.00048391200360934
SIG,SIGNET JEWELERS LIMITED,G81276100,500511000.0,5218,0.0004823037174688645
N/A,HAFNIA LTD,Y2990R101,498919000.0,82803,0.0004807696302695613
HRI,HERC HLDGS INC,42704L104,497205000.0,4262,0.0004791179811115176
SLGN,SILGAN HLDGS INC,827048109,496636000.0,11547,0.0004785696798449325
HIW,HIGHWOODS PPTYS INC,431284108,496074000.0,15590,0.0004780281239366357
HASI,HA SUSTAINABLE INFRA CAP INC,41068X100,495344000.0,16135,0.00047732467942941757
BB,BLACKBERRY LTD,09228F103,493600000.0,101148,0.000475644121592995
MGNI,MAGNITE INC,55955D100,493121000.0,22641,0.0004751825463615464
ODD,ODDITY TECH LTD,M7518J104,492357000.0,7903,0.0004744463386854988
TPH,TRI POINTE HOMES INC,87265H109,491478000.0,14468,0.00047359931440899916
SHAK,SHAKE SHACK INC,819047101,491453000.0,5250,0.00047357522384368345
AMKR,AMKOR TECHNOLOGY INC,031652100,488338000.0,17195,0.0004705735394053484
HCC,WARRIOR MET COAL INC,93627C101,485764000.0,7633,0.00046809317480044494
ZETA,ZETA GLOBAL HOLDINGS CORP,98956A105,483795000.0,24348,0.00046619580187618116
IBOC,INTERNATIONAL BANCSHARES COR,459044103,483381000.0,7031,0.0004657968621145533
NE,NOBLE CORP PLC,G65431127,480986000.0,17008,0.00046348898595731017
HWKN,HAWKINS INC,420261109,480919000.0,2632,0.0004634244232422641
NHI,NATIONAL HEALTH INVS INC,63633D104,480578000.0,6045,0.0004630958279313581
FELE,FRANKLIN ELEC INC,353514102,479046000.0,5032,0.00046161955808881255
CWEN,CLEARWAY ENERGY INC,18539C204,478216000.0,16928,0.0004608197513203317
IESC,IES HLDGS INC,44951W106,477578000.0,1201,0.00046020496009347524
CRC,CALIFORNIA RES CORP,13057Q305,476706000.0,8964,0.0004593646811752639
BRC,BRADY CORP,104674106,475983000.0,6100,0.0004586679820263341
CXT,CRANE NXT CO,224441105,475929000.0,7096,0.00045861594640525223
FULT,FULTON FINL CORP PA,360271100,475121000.0,25503,0.0004578373393342491
INDB,INDEPENDENT BK CORP MASS,453836108,474506000.0,6860,0.00045724471142748316
POWL,POWELL INDS INC,739128106,473980000.0,1555,0.000456737845933241
EOSE,EOS ENERGY ENTERPRISES INC,29415C101,472343000.0,41470,0.00045516039571636964
PBH,PRESTIGE CONSMR HEALTHCARE I,74112D101,470746000.0,7544,0.0004536214904040033
PLMR,PALOMAR HLDGS INC,69753M105,470736000.0,4032,0.00045361185417787706
BNL,BROADSTONE NET LEASE INC,11135E203,470553000.0,26332,0.00045343551123976615
SM,SM ENERGY CO,78454L100,470135000.0,18828,0.00045303271698768783
FUL,FULLER H B CO,359694106,469557000.0,7921,0.00045247574311758904
TBBK,BANCORP INC DEL,05969A105,467763000.0,6246,0.00045074700415053504
OLN,OLIN CORP,680665205,466588000.0,18671,0.00044961474758069763
PSMT,PRICESMART INC,741511109,464764000.0,3835,0.0004478570999352649
COMM,COMMSCOPE HLDG CO INC,20337X109,464183000.0,29986,0.0004472972351973282
NMIH,NMI HLDGS INC,629209305,464067000.0,12104,0.0004471854549742634
LTH,LIFE TIME GROUP HOLDINGS INC,53190C102,463818000.0,16805,0.00044694551294371915
HAYW,HAYWARD HLDGS INC,421298100,462929000.0,30617,0.00044608885244109317
IEI,INSIGHT ENTERPRISES INC,45765U103,462486000.0,4078,0.0004456619676236991
WSBC,WESBANCO INC,950810101,460399000.0,14419,0.0004436508872311453
NWN,NORTHWEST NAT HLDG CO,66765N105,459903000.0,10236,0.00044317293041528196
ASO,ACADEMY SPORTS & OUTDOORS IN,00402L107,459834000.0,9193,0.00044310644045501065
CNK,CINEMARK HLDGS INC,17243V102,459724000.0,16407,0.0004430004419676216
BTDR,BITDEER TECHNOLOGIES GROUP,G11448100,458832000.0,26848,0.00044214089059715775
PRGO,PERRIGO CO PLC,G97822103,458762000.0,20600,0.00044207343701427386
HOG,HARLEY DAVIDSON INC,412822108,458704000.0,16441,0.00044201754690274147
BKH,BLACK HILLS CORP,092113109,454288000.0,7376,0.00043776218944537786
CATY,CATHAY GEN BANCORP,149150104,454031000.0,9457,0.0004375145384339326
MSGS,MADISON SQUARE GRDN SPRT COR,55825T103,454000000.0,2000,0.0004374846661329411
ABM,ABM INDS INC,000957100,453544000.0,9834,0.0004370452542215829
CACC,CREDIT ACCEP CORP MICH,225310101,452922000.0,970,0.0004364458809565286
PRM,PERIMETER SOLUTIONS INC,71385M107,452345000.0,20203,0.00043588987070904237
PAG,PENSKE AUTOMOTIVE GRP INC,70959W103,452166000.0,2600,0.00043571738226138207
ICUI,ICU MED INC,44930G107,451170000.0,3761,0.00043475761413920496
BHF,BRIGHTHOUSE FINL INC,10922N103,450808000.0,8493,0.00043440878275343374
TIGR,UP FINTECH HLDG LTD,91531W106,449207000.0,42100,0.00043286602295061695
CARG,CARGURUS INC,141788109,449068000.0,12062,0.0004327320794074617
RUSHA,RUSH ENTERPRISES INC,781846209,449041000.0,8398,0.0004327060615969207
KMPR,KEMPER CORP,488401100,448949000.0,8709,0.00043261740831655894
VSAT,VIASAT INC,92552V100,447938000.0,15288,0.0004316431858551924
TUYA,TUYA INC,90114C107,447068000.0,180999,0.0004308048341822064
FSM,FORTUNA MNG CORP,349942102,445951000.0,49799,0.0004297284677239014
RH,RH,74967X103,444717000.0,2189,0.0004285393574199189
BXMT,BLACKSTONE MTG TR INC,09257W100,443773000.0,24105,0.00042762969767359837
JOBY,JOBY AVIATION INC,G65163100,442817000.0,27436,0.00042670847445592635
TGNA,TEGNA INC,87901J105,442442000.0,21763,0.00042634711597619104
RNST,RENASANT CORP,75970E107,442090000.0,11984,0.0004260079208165461
FMF,FORMFACTOR INC,346375108,440755000.0,12102,0.00042472148462868823
NVST,ENVISTA HOLDINGS CORPORATION,29415F104,440725000.0,21636,0.0004246925759503094
AZZ,AZZ INC,002474104,439139000.0,4024,0.000423164270486682
WSFS,WSFS FINL CORP,929328102,433381000.0,8036,0.0004176157314831721
LIVN,LIVANOVA PLC,G5509L101,433235000.0,8271,0.00041747504258172845
AVNT,AVIENT CORPORATION,05368V106,431151000.0,13085,0.00041546685305701253
AMBA,AMBARELLA INC,G037AX101,431002000.0,5223,0.00041532327328773104
LC,LENDINGCLUB CORP,52603A208,430485000.0,28340,0.00041482508039700255
DXC,DXC TECHNOLOGY CO,23355L106,430231000.0,31565,0.00041458032025339515
MLCO,MELCO RESORTS AND ENTMNT LTD,585464100,429404000.0,46827,0.00041378340435275205
DNN,DENISON MINES CORP,248356107,425968000.0,154750,0.0004104723970557636
FRHC,FREEDOM HLDG CORP NEV,356390104,425505000.0,2472,0.00041002623978611693
GTM,ZOOMINFO TECHNOLOGIES INC,98980F104,425283000.0,38981,0.0004098123155661136
LCID,LUCID GROUP INC,549498202,424414000.0,17840,0.00040897492751574026
EXTR,EXTREME NETWORKS,30226D106,423387000.0,20503,0.00040798528709257164
HTO,H2O AMERICA,784305104,422521000.0,8676,0.00040715078991003615
MEOH,METHANEX CORP,59151K108,422431000.0,10623,0.0004070640638748996
MGRC,MCGRATH RENTCORP,580589109,422163000.0,3599,0.00040680581301471544
REVG,REV GROUP INC,749527107,421908000.0,7445,0.0004065600892484954
PL,PLANET LABS PBC,72703X106,420552000.0,32400,0.00040525341698577236
VIRT,VIRTU FINL INC,928254101,420143000.0,11835,0.0004048592953372077
ACLS,AXCELIS TECHNOLOGIES INC,054540208,419852000.0,4300,0.000404578881156933
FHB,FIRST HAWAIIAN INC,32051X108,418907000.0,16871,0.0004036682577879999
PBF,PBF ENERGY INC,69318G106,418579000.0,13874,0.000403352189571058
AGYS,AGILYSYS INC,00847J105,418369000.0,3975,0.0004031498288224062
RRR,RED ROCK RESORTS INC,75700L108,418261000.0,6850,0.00040304575758024245
XRAY,DENTSPLY SIRONA INC,24906P109,417894000.0,32931,0.00040269210808140815
CBU,COMMUNITY FINANCIAL SYSTEM I,203607106,417048000.0,7112,0.00040187688335112517
GEO,GEO GROUP INC NEW,36162J106,416254000.0,20315,0.0004011117669966988
LMND,LEMONADE INC,52567D107,415232000.0,7757,0.00040012694468659343
DJT,TRUMP MEDIA & TECHNOLOGY GRO,25400Q105,415016000.0,25275,0.0003999188022022658
OGN,ORGANON & CO,68622V106,414982000.0,38856,0.0003998860390334365
GFF,GRIFFON CORP,398433102,414941000.0,5449,0.00039984653050631876
NATL,NCR ATLEOS CORPORATION,63001N106,414681000.0,10549,0.0003995959886270356
WDFC,WD 40 CO,929236107,413774000.0,2094,0.00039872198291738235
PATK,PATRICK INDS INC,703343103,412375000.0,3987,0.0003973738748823163
WD,WALKER & DUNLOP INC,93148P102,412330000.0,4931,0.000397330511864748
BOKF,BOK FINL CORP,05561Q201,411882000.0,3696,0.00039689880893429083
BFH,BREAD FINANCIAL HOLDINGS INC,018581108,411192000.0,7373,0.00039623390933157777
UE,URBAN EDGE PPTYS,91704F104,410853000.0,20071,0.000395907241265897
ENVA,ENOVA INTL INC,29357K103,410641000.0,3568,0.00039570295327201997
BTSG,BRIGHTSPRING HEALTH SVCS INC,10950A106,410234000.0,13878,0.0003953107588686805
CUCA,AVIS BUDGET GROUP,053774105,410109000.0,2554,0.0003951903060421021
BL,BLACKLINE INC,09239B109,409985000.0,7721,0.0003950708168381362
AEO,AMERICAN EAGLE OUTFITTERS IN,02553E106,409494000.0,23933,0.00039459767813533603
HE,HAWAIIAN ELEC INDUSTRIES,419870100,409043000.0,37051,0.000394163084337041
COLD,AMERICOLD REALTY TRUST INC,03064D108,408033000.0,33336,0.0003931898254982871
INFA,INFORMATICA INC,45674M101,407451000.0,16403,0.0003926289971377379
CIVI,CIVITAS RESOURCES INC,17888H103,406673000.0,12513,0.00039187929874511353
ATS,ATS CORPORATION,00217Y104,406597000.0,15538,0.0003918060634265539
CDP,COPT DEFENSE PROPERTIES,22002T108,405765000.0,13963,0.00039100432941284767
HGV,HILTON GRAND VACATIONS INC,43283X105,405473000.0,9698,0.0003907229516099604
WHD,CACTUS INC,127203107,405436000.0,10272,0.00039068729757329323
SXI,STANDEX INTL CORP,854231107,404517000.0,1909,0.0003898017283922884
FRPT,FRESHPET INC,358039105,401146000.0,7279,0.0003865533565651207
SYM,SYMBOTIC INC,87151X101,399507000.0,7412,0.00038497397910302396
YETI,YETI HLDGS INC,98585X104,398724000.0,12017,0.0003842194625973366
MPW,MEDICAL PPTYS TRUST INC,58463J304,398588000.0,78617,0.0003840884099220192
WRBY,WARBY PARKER INC,93403J106,396904000.0,14391,0.0003824656694423543
PLUN,PLUG POWER INC,72919P202,396018000.0,169965,0.00038161189980756626
FLO,FLOWERS FOODS INC,343498101,395624000.0,30316,0.00038123223249819096
NMRK,NEWMARK GROUP INC,65158N102,394634000.0,21160,0.00038027824611168963
PENN,PENN ENTERTAINMENT INC,707569109,394079000.0,20461,0.00037974343556168127
VSEC,VSE CORP,918284100,389500000.0,2343,0.00037533100761845937
CHH,CHOICE HOTELS INTL INC,169905106,389473000.0,3643,0.00037530498980791843
LXP,LXP INDUSTRIAL TRUST,529043101,389330000.0,43452,0.00037516719177431267
SYNA,SYNAPTICS INC,87157D109,387693000.0,5673,0.00037358974155744123
APAM,ARTISAN PARTNERS ASSET MGMT,04316A108,387345000.0,8925,0.00037325440088824686
KAR,OPENLANE INC,48238T109,386055000.0,13414,0.0003720113277179572
BSAC,BANCO SANTANDER CHILE NEW,05965X109,384807000.0,14521,0.0003708087266973979
FCPT,FOUR CORNERS PPTY TR INC,35086T109,384739000.0,15768,0.00037074320035973925
WU,WESTERN UN CO,959802109,384519000.0,48125,0.0003705312033849612
VIAV,VIAVI SOLUTIONS INC,925550105,383136000.0,30192,0.0003691985133116972
SHC,SOTERA HEALTH CO,83601L102,382805000.0,24336,0.0003688795542269174
BANF,BANCFIRST CORP,05945F103,381753000.0,3019,0.00036786582323843314
KVYO,KLAVIYO INC,49845K101,381734000.0,13786,0.00036784751440879326
VAL,VALARIS LTD,G9460G101,379918000.0,7790,0.00036609757574426147
CAKE,CHEESECAKE FACTORY INC,163072101,379092000.0,6938,0.00036530162346623107
DIOD,DIODES INC,254543101,377844000.0,7101,0.00036409902244567184
TPC,TUTOR PERINI CORP,901109108,377602000.0,5757,0.0003638658257734159
FIBK,FIRST INTST BANCSYSTEM INC,32055Y201,377468000.0,11844,0.00036373670034332384
VCYT,VERACYTE INC,92337F107,377218000.0,10988,0.0003634957946901669
BKU,BANKUNITED INC,06652K103,376868000.0,9876,0.00036315852677574724
AIR,AAR CORP,000361105,376704000.0,4201,0.0003630004926672763
PTON,PELOTON INTERACTIVE INC,70614W100,375363000.0,41707,0.00036170827474374265
LOAR,LOAR HOLDINGS INC,53947R105,374880000.0,4686,0.0003612428450218435
DEI,DOUGLAS EMMETT INC,25960P109,374754000.0,24069,0.00036112142857265246
WAFD,WAFD INC,938824109,374566000.0,12366,0.00036094026752147846
CBZ,CBIZ INC,124805102,374374000.0,7069,0.0003607552519798539
HBI,HANESBRANDS INC,410345102,372421000.0,56513,0.00035887329701739224
PINC,PREMIER INC,74051N102,371964000.0,13380,0.00035843292148342136
UNF,UNIFIRST CORP MASS,904708104,370159000.0,2214,0.0003566935826676285
NOG,NORTHERN OIL & GAS INC,665531307,370066000.0,14922,0.00035660396576465416
LCII,LCI INDS,50189K103,365614000.0,3925,0.00035231391789323596
EPAC,ENERPAC TOOL GROUP CORP,292765104,364203000.0,8883,0.0003509542463868184
YOU,CLEAR SECURE INC,18467V109,363909000.0,10902,0.00035067094133870585
INDA,ISHARES TR,46429B598,360776000.0,6930,0.0003476519116933435
HAE,HAEMONETICS CORP MASS,405024100,359555000.0,7377,0.0003464753284833252
ABR,ARBOR REALTY TRUST INC,038923108,359328000.0,29429,0.00034625658615025873
CGAU,CENTERRA GOLD INC,152006102,358380000.0,33444,0.0003453430719134877
SMPL,SIMPLY GOOD FOODS CO,82900L102,357358000.0,14398,0.0003443582496033823
AKR,ACADIA RLTY TR,004239109,355708000.0,17653,0.0003427682722925467
DOO,BRP INC,05577W200,355411000.0,5844,0.0003424820763765963
ERO,ERO COPPER CORP,296006109,355141000.0,17529,0.00034222189827118685
CVBF,CVB FINL CORP,126600105,354563000.0,18750,0.0003416649244010881
DAN,DANA INC,235825205,354468000.0,17688,0.00034157338025288844
CPRI,CAPRI HOLDINGS LIMITED,G1890L107,354456000.0,17794,0.00034156181678153693
BILI,BILIBILI INC,090040106,353934000.0,12600,0.0003410588057777453
HHH,HOWARD HUGHES HOLDINGS INC,44267T102,353742000.0,4305,0.0003408737902361208
SMG,SCOTTS MIRACLE-GRO CO,810186106,353716000.0,6211,0.0003408487360481925
SHOO,MADDEN STEVEN LTD,556269108,351640000.0,10503,0.0003388482555043776
SEA,SEABRIDGE GOLD INC,811916105,350852000.0,14542,0.000338088920885627
UNFI,UNITED NAT FOODS INC,911163103,350844000.0,9326,0.000338081211904726
NOAH,NOAH HLDGS LTD,65487X102,350018000.0,30200,0.00033728525962669557
INTA,INTAPP INC,45827U109,349572000.0,8547,0.0003368554839414636
FBK,FB FINL CORP,30257X104,347427000.0,6233,0.0003347885134373774
BOH,BANK HAWAII CORP,062540109,347236000.0,5290,0.00033460446151836547
CPRX,CATALYST PHARMACEUTICALS INC,14888U101,347232000.0,17626,0.00033460060702791497
PRVA,PRIVIA HEALTH GROUP INC,74276R102,347206000.0,13944,0.00033457555283998667
AMSC,AMERICAN SUPERCONDUCTOR CORP,030111207,346184000.0,5829,0.00033359073052988125
FBNC,FIRST BANCORP N C,318910106,345953000.0,6541,0.00033336813370636424
PRDO,PERDOCEO ED CORP,71363P106,345832000.0,9183,0.00033325153537023633
VCTR,VICTORY CAP HLDGS INC,92645B103,345495000.0,5335,0.00033292679454978083
BUR,BURFORD CAP LTD,G17977110,345158000.0,28893,0.0003326020537293253
QURE,UNIQURE NV,N90064101,344383000.0,5900,0.0003318552462045389
NSA,NATIONAL STORAGE AFFILIATES,637870106,343239000.0,11358,0.00033075286193569287
MTX,MINERALS TECHNOLOGIES INC,603158106,340915000.0,5488,0.0003285134029839463
HCI,HCI GROUP INC,40416E103,340676000.0,1775,0.0003282830971795283
QUBT,QUANTUM COMPUTING INC,74766W108,340640000.0,18503,0.0003282484067654737
CRVL,CORVEL CORP,221006109,340338000.0,4396,0.00032795739273646014
POWI,POWER INTEGRATIONS INC,739276103,340177000.0,8460,0.00032780224949582713
PHIN,PHINIA INC,71880K101,340052000.0,5916,0.00032768179666924866
HP,HELMERICH & PAYNE INC,423452101,339037000.0,15348,0.0003267037197174316
TRN,TRINITY INDS INC,896522109,338471000.0,12071,0.0003261583093186844
MQ,MARQETA INC,57142B104,338374000.0,64086,0.0003260648379252595
NCNO,NCINO INC,63947X101,338062000.0,12470,0.0003257641876701197
BANC,BANC OF CALIFORNIA INC,05990K106,337951000.0,20420,0.00032565722556011803
CNTA,CENTESSA PHARMACEUTICALS PLC,152309100,336323000.0,13869,0.00032408844794676024
BHC,BAUSCH HEALTH COS INC,071734107,335211000.0,52055,0.0003230168996015183
N/A,INTERCORP FINL SVCS INC,P5626F128,334822000.0,8300,0.00032264205040520615
HNI,HNI CORP,404251100,333572000.0,7120,0.00032143752213942164
SFNC,SIMMONS 1ST NATL CORP,828730200,332657000.0,17353,0.00032055580744886735
KWR,QUAKER HOUGHTON,747316107,332274000.0,2522,0.000320186739988231
INSP,INSPIRE MED SYS INC,457730109,332119000.0,4476,0.0003200373784832737
EXK,ENDEAVOUR SILVER CORP,29258Y103,331583000.0,42327,0.0003195208767629053
UPWK,UPWORK INC,91688F104,331345000.0,17843,0.00031929153458109996
RIG,TRANSOCEAN LTD,H8817H100,330957000.0,106076,0.0003189176490074004
PRK,PARK NATL CORP,700658107,330098000.0,2031,0.00031808989718315326
ACHC,ACADIA HEALTHCARE COMPANY IN,00404A109,329803000.0,13320,0.00031780562851242813
BUSE,FIRST BUSEY CORP,319383204,328475000.0,14189,0.00031652593768285867
RNG,RINGCENTRAL INC,76680R206,326505000.0,11521,0.00031462760113598224
LINE,LINEAGE INC,53566V106,326315000.0,8445,0.00031444451283958296
PBI,PITNEY BOWES INC,724479100,325698000.0,28545,0.00031384995768759177
WWW,WOLVERINE WORLD WIDE INC,978097103,325521000.0,11863,0.00031367939648515664
GRBK,GREEN BRICK PARTNERS INC,392709101,324245000.0,4390,0.00031244981403144383
MCY,MERCURY GENL CORP NEW,589400100,323520000.0,3816,0.00031175118763728877
CON,CONCENTRA GROUP HOLDINGS PAR,20603L102,323117000.0,15438,0.0003113628477243998
XMTR,XOMETRY INC,98423F109,322898000.0,5928,0.0003111518143722344
RSI,RUSH STREET INTERACTIVE INC,782011100,322642000.0,15754,0.0003109051269834017
HURN,HURON CONSULTING GROUP INC,447462102,321720000.0,2192,0.00031001666693455905
ATKR,ATKORE INC,047649108,321605000.0,5126,0.00030990585033410686
IVT,INVENTRUST PPTYS CORP,46124J201,321574000.0,11236,0.0003098759780331154
FUN,SIX FLAGS ENTERTAINMENT CORP,83001C108,319034000.0,14042,0.00030742837659704126
OI,O-I GLASS INC,67098H104,317311000.0,24465,0.00030576805483548385
GT,GOODYEAR TIRE & RUBR CO,382550101,317182000.0,42404,0.00030564374751845493
APLE,APPLE HOSPITALITY REIT INC,03784Y200,316800000.0,26378,0.00030527564368043115
BRZE,BRAZE INC,10576N102,315712000.0,11101,0.0003042272222778923
FFBC,FIRST FINL BANCORP OH,320209109,315347000.0,12489,0.0003038755000242832
MTRN,MATERION CORP,576690101,314952000.0,2607,0.00030349486909229533
INOD,INNODATA INC,457642205,314291000.0,4078,0.00030285791454534843
PTEN,PATTERSON-UTI ENERGY INC,703481101,313478000.0,60517,0.0003020744893612822
OUT,OUTFRONT MEDIA INC,69007J304,313382000.0,17106,0.0003019819815904699
AVDX,AVIDXCHANGE HOLDINGS INC,05368X102,313077000.0,31465,0.0003016880766936185
IOSP,INNOSPEC INC,45768S105,312652000.0,4052,0.00030127853708325177
ROCK,GIBRALTAR INDS INC,374689107,311488000.0,4960,0.00030015688036215323
TOWN,TOWNEBANK PORTSMOUTH VA,89214P109,311234000.0,9003,0.00029991212021854584
TRMK,TRUSTMARK CORP,898402102,310900000.0,7851,0.00029959027026592815
EYE,NATIONAL VISION HLDGS INC,63845R107,309764000.0,10612,0.0002984955949779832
ENOV,ENOVIS CORPORATION,194014502,308618000.0,10172,0.00029739128346391194
SBCF,SEACOAST BKG CORP FLA,811707801,308225000.0,10129,0.0002970125797771493
NWL,NEWELL BRANDS INC,651229106,308128000.0,58803,0.0002969191083837244
BLKB,BLACKBAUD INC,09227Q100,307466000.0,4781,0.0002962811902141649
LBRT,LIBERTY ENERGY INC,53115L104,306760000.0,24859,0.0002956008726496498
YELP,YELP INC,985817105,306571000.0,9826,0.0002954187479758632
0J7Q,IAC INC,44891N208,306323000.0,8991,0.00029517976956793153
TNET,TRINET GROUP INC,896288107,305821000.0,4572,0.00029469603101639247
OII,OCEANEERING INTL INC,675232102,305513000.0,12329,0.0002943992352517032
LBTYA,LIBERTY GLOBAL LTD,G61188101,305443000.0,26653,0.00029433178166881924
EFSC,ENTERPRISE FINL SVCS CORP,293712105,305207000.0,5264,0.0002941043667322391
QDEL,QUIDELORTHO CORP,219798105,305073000.0,10359,0.000293975241302147
JBGS,JBG SMITH PPTYS,46590V100,305025000.0,13709,0.00029392898741674087
ASH,ASHLAND INC,044186104,304420000.0,6354,0.0002933459957361012
LTC,LTC PPTYS INC,502175102,304169000.0,8252,0.00029310412646033166
BTE,BAYTEX ENERGY CORP,07317Q105,302542000.0,129128,0.00029153631246958646
DBRG,DIGITALBRIDGE GROUP INC,25401T603,301626000.0,25780,0.0002906536341564196
ADUS,ADDUS HOMECARE CORP,006739106,301346000.0,2554,0.0002903838198248839
DDS,DILLARDS INC,254067101,300481000.0,489,0.00028955028626496097
EVTC,EVERTEC INC,30040P103,299629000.0,8870,0.0002887292797990022
AVPT,AVEPOINT INC,053604104,299443000.0,19904,0.0002885500459930535
ZIM,ZIM INTEGRATED SHIPPING SERV,M9T951109,298520000.0,22031,0.0002876606223215982
STEL,STELLAR BANCORP INC,858927106,296665000.0,9778,0.00028587310237517395
ASGN,ASGN INC,00191U102,296222000.0,6256,0.0002854462175577799
BELFB,BEL FUSE INC,077347300,296142000.0,2100,0.0002853691277487697
IPGP,IPG PHOTONICS CORP,44980X109,295933000.0,3737,0.0002851677306227305
LEVI,LEVI STRAUSS & CO NEW,52736R102,295491000.0,12682,0.0002847418094279491
IREN,IREN LIMITED,Q4982L109,295237000.0,6291,0.0002844970492843417
PFS,PROVIDENT FINL SVCS INC,74386T105,295215000.0,15312,0.0002844758495868639
IPAR,INTERPARFUMS INC,458334109,295042000.0,2999,0.0002843091428748793
VSCO,VICTORIAS SECRET AND CO,926400102,294985000.0,10869,0.00028425421638595956
AI,C3 AI INC,12468P104,294034000.0,16957,0.0002833378112813507
FRSH,FRESHWORKS INC,358054104,292661000.0,24865,0.0002820147574342129
SUZ,SUZANO S A,86959K105,292462000.0,31113,0.00028182299653430005
INSW,INTERNATIONAL SEAWAYS INC,Y41053102,292009000.0,6337,0.00028138647549077973
PLUS,EPLUS INC,294268107,291993000.0,4112,0.0002813710575289777
ALRM,ALARM COM HLDGS INC,011642105,291462000.0,5491,0.00028085937392167244
DOCN,DIGITALOCEAN HLDGS INC,25402D102,291180000.0,8524,0.0002805876323449114
CUBI,CUSTOMERS BANCORP INC,23204G100,290439000.0,4443,0.0002798735879889544
AAL,AMERICAN AIRLS GROUP INC,02376R102,289846000.0,25787,0.00027930215977966616
WT,WISDOMTREE INC,97717P104,289662000.0,20839,0.0002791248532189427
WGS,GENEDX HOLDINGS CORP,81663L200,288312000.0,2676,0.0002778239626918954
SII,SPROTT INC,852066208,287720000.0,3461,0.00027725349810521987
VBTX,VERITEX HLDGS INC,923451108,287587000.0,8577,0.0002771253362977404
BTBT,BIT DIGITAL INC,G1144A105,286827000.0,95609,0.0002763929831121434
HUBG,HUB GROUP INC,443320106,286472000.0,8318,0.0002760508970846606
SYBT,STOCK YDS BANCORP INC,861025104,286469000.0,4093,0.0002760480062168227
TDC,TERADATA CORP DEL,88076W103,286191000.0,13305,0.00027578011913051225
FRME,FIRST MERCHANTS CORP,320817109,285653000.0,7577,0.00027526169016491855
DK,DELEK US HLDGS INC NEW,24665A103,285267000.0,8840,0.0002748897318364443
CLBT,CELLEBRITE DI LTD,M2197Q107,284788000.0,15369,0.0002744281566049957
PK,PARK HOTELS & RESORTS INC,700517105,284379000.0,25666,0.00027403403495643096
KGS,KODIAK GAS SVCS INC,50012A108,283375000.0,7665,0.0002730665578533528
UTL,UNITIL CORP,913259107,282470000.0,5902,0.0002721944793889248
SPNT,SIRIUSPOINT LTD,G8192H106,282349000.0,15608,0.0002720778810527969
LQDA,LIQUIDIA CORPORATION,53635D202,282181000.0,12409,0.00027191599245387544
CXW,CORECIVIC INC,21871N101,282031000.0,13859,0.0002717714490619813
CRK,COMSTOCK RES INC,205768302,282002000.0,14221,0.0002717435040062151
OSW,ONESPAWORLD HOLDINGS LIMITED,P73684113,281500000.0,13316,0.00027125976545467603
FW2N,BANNER CORP,06652V208,280995000.0,4290,0.0002707731360352991
MAN,MANPOWERGROUP INC WIS,56418H100,278224000.0,7341,0.00026810293777570793
ARLO,ARLO TECHNOLOGIES INC,04206A101,278166000.0,16411,0.00026804704766417555
STC,STEWART INFORMATION SVCS COR,860372101,278103000.0,3793,0.00026798633943957996
STRA,STRATEGIC ED INC,86272C103,277812000.0,3230,0.00026770592525930534
SDRL,SEADRILL LTD,G7997W102,277690000.0,9192,0.0002675883633005648
ATRC,ATRICURE INC,04963C209,277030000.0,7859,0.0002669523723762306
LSPD,LIGHTSPEED COMMERCE INC,53229C107,276842000.0,23970,0.00026677121132505653
BLBD,BLUE BIRD CORP,095306106,276355000.0,4802,0.0002663019271127069
GOLF,ACUSHNET HLDGS CORP,005098108,275814000.0,3514,0.00026578060727927533
LBTYK,LIBERTY GLOBAL LTD,G61188127,275220000.0,23423,0.0002652082154473745
ALHC,ALIGNMENT HEALTHCARE INC,01625V104,274331000.0,15721,0.0002643515549447486
KSS,KOHLS CORP,500255104,274032000.0,17829,0.0002640634317835729
ALKT,ALKAMI TECHNOLOGY INC,01644J108,273165000.0,10997,0.0002632279709784248
NSZ,NETSCOUT SYS INC,64115T104,272765000.0,10560,0.00026284252193337375
SONO,SONOS INC,83570H108,272329000.0,17236,0.0002624223824742681
RAMP,LIVERAMP HLDGS INC,53815P108,272214000.0,10030,0.00026231156587381595
CWEN/A,CLEARWAY ENERGY INC,18539C105,272074000.0,10103,0.00026217665870804805
PRCT,PROCEPT BIOROBOTICS CORP,74276L105,271387000.0,7604,0.0002615146499731729
PAYO,PAYONEER GLOBAL INC,70451X104,270919000.0,44780,0.00026106367459046315
MSEX,MIDDLESEX WTR CO,596680108,270600000.0,5000,0.0002607562789770349
LMAT,LEMAITRE VASCULAR INC,525558201,270406000.0,3090,0.00026056933619018517
PAX,PATRIA INVESTMENTS LIMITED,G69451105,270100000.0,18500,0.0002602744676707211
ADEA,ADEIA INC,00676P107,269623000.0,16049,0.0002598148196844977
ENVX,ENOVIX CORPORATION,293594107,268682000.0,26949,0.0002589080508060152
PPTA,PERPETUA RESOURCES CORP,714266103,267987000.0,13247,0.0002582383330902389
TFPM,TRIPLE FLAG PRECIOUS METAL,89679M104,267149000.0,9124,0.000257430817340857
CSTM,CONSTELLIUM SE,F21107101,266352000.0,17900,0.00025666281011859276
CRGY,CRESCENT ENERGY COMPANY,44952J104,265539000.0,29769,0.00025587938493452656
CURB,CURBLINE PPTYS CORP,23128Q101,264723000.0,11871,0.0002550930688826224
BWIN,THE BALDWIN INSURANCE GRP IN,05589G102,264271000.0,9368,0.0002546575114617147
CCS,CENTURY CMNTYS INC,156504300,264190000.0,4169,0.0002545794580300919
GO,GROCERY OUTLET HLDG CORP,39874R101,263750000.0,16433,0.0002541554640805357
HLIO,HELIOS TECHNOLOGIES INC,42328H109,263621000.0,5057,0.00025403115676350674
XIFR,XPLR INFRASTRUCTURE LP,65341B106,263128000.0,25873,0.0002535560908154813
NBTB,NBT BANCORP INC,628778102,263046000.0,6299,0.00025347707376124586
VYX,NCR VOYIX CORPORATION,62886E108,262094000.0,20884,0.00025255970503402435
BATRK,ATLANTA BRAVES HLDGS INC,047726302,262017000.0,6300,0.000252485506092852
ADNT,ADIENT PLC,G0084W101,261942000.0,10878,0.00025241323439690493
PRGS,PROGRESS SOFTWARE CORP,743312100,261823000.0,5960,0.0002522985633060023
CSGS,CSG SYS INTL INC,126349109,261576000.0,4063,0.00025206054852068327
ELME,ELME COMMUNITIES,939653101,261397000.0,15504,0.0002518880600730229
CNS,COHEN & STEERS INC,19247A100,260931000.0,3977,0.00025143901193553844
VAC,MARRIOTT VACATIONS WORLDWIDE,57164Y107,260050000.0,3907,0.0002505900604138135
ARCB,ARCBEST CORP,03937C105,259847000.0,3719,0.0002503944450234501
ARR,ARMOUR RESIDENTIAL REIT INC,042315705,258044000.0,17272,0.0002486570334528825
SHO,SUNSTONE HOTEL INVS INC NEW,867892101,256925000.0,27420,0.0002475787397493522
VERX,VERTEX INC,92538J106,256899000.0,10363,0.00024755368556142384
PPC,PILGRIMS PRIDE CORP,72147K108,256780000.0,6306,0.0002474390144705212
KLIC,KULICKE & SOFFA INDS INC,501242101,256764000.0,6318,0.00024742359650871913
ANIP,ANI PHARMACEUTICALS INC,00182C103,256297000.0,2798,0.000246973584748622
NIC,NICOLET BANKSHARES INC,65406E102,255954000.0,1903,0.00024664306219249074
WEN,WENDYS CO,95058W100,255711000.0,27916,0.0002464089018976222
KN,KNOWLES CORP,49926D109,255244000.0,10950,0.00024595889013752516
PGNY,PROGYNY INC,74340E103,255141000.0,11856,0.0002458596370084245
NWBI,NORTHWEST BANCSHARES INC MD,667340103,254168000.0,20514,0.0002449220322063378
VSH,VISHAY INTERTECHNOLOGY INC,928298108,253796000.0,16588,0.00024456356459444037
SKWD,SKYWARD SPECIALTY INS GROUP,830940102,253780000.0,5336,0.0002445481466326383
SAM,BOSTON BEER INC,100557107,253704000.0,1200,0.0002444749113140786
HI,HILLENBRAND INC,431571108,253581000.0,9378,0.0002443563857327254
CCOI,COGENT COMMUNICATIONS HLDGS,19239V302,253494000.0,6610,0.0002442725505654268
SRPT,SAREPTA THERAPEUTICS INC,803607100,253111000.0,13135,0.00024390348310479045
PARR,PAR PAC HOLDINGS INC,69888T207,253005000.0,7143,0.00024380133910785188
ICFI,ICF INTL INC,44925C103,251859000.0,2714,0.00024269702759378066
CASH,PATHWARD FINANCIAL INC,59100U108,251190000.0,3394,0.00024205236406593276
BBAI,BIGBEAR AI HLDGS INC,08975B109,251183000.0,38525,0.0002420456187076444
IGV,ISHARES TR,464287515,251182000.0,2184,0.00024204465508503175
BKE,BUCKLE INC,118440106,250830000.0,4276,0.00024170545992538683
EFXT,ENERFLEX LTD,29269R105,249811000.0,23157,0.00024072352848311928
SGRY,SURGERY PARTNERS INC,86881A100,249466000.0,11528,0.00024039107868176272
IRDM,IRIDIUM COMMUNICATIONS INC,46269C102,248246000.0,14218,0.00023921545909435705
ARQT,ARCUTIS BIOTHERAPEUTICS INC,03969K108,248047000.0,13159,0.00023902369819444415
LION,LIONSGATE STUDIOS CORP,53626N102,248014000.0,35944,0.00023899189864822742
DV,DOUBLEVERIFY HLDGS INC,25862V105,247698000.0,20676,0.0002386873939026371
DRH,DIAMONDROCK HOSPITALITY CO,252784301,247070000.0,31039,0.00023808223890190697
SEDG,SOLAREDGE TECHNOLOGIES INC,83417M104,246790000.0,6670,0.00023781242457037124
LKFN,LAKELAND FINL CORP,511656100,246721000.0,3843,0.0002377459346100999
DAVE,DAVE INC,23834J201,246596000.0,1237,0.00023762548178352146
XLI,SELECT SECTOR SPDR TR,81369Y704,245534000.0,1592,0.00023660211456891093
AMRX,AMNEAL PHARMACEUTICALS INC,03168L105,244965000.0,24472,0.0002360538133023258
GSAT,GLOBALSTAR INC,378973507,244905000.0,6730,0.00023599599594556817
SEM,SELECT MED HLDGS CORP,81619Q105,243921000.0,18997,0.00023504779129474254
PRKS,UNITED PARKS & RESORTS INC,81282V100,243404000.0,4708,0.0002345495984040141
FLYW,FLYWIRE CORPORATION,302492103,243084000.0,17953,0.00023424123916797324
UFPT,UFP TECHNOLOGIES INC,902673102,242913000.0,1217,0.00023407645970121392
PGY,PAGAYA TECHNOLOGIES LTD,M7S64L123,242686000.0,8174,0.00023385771736814744
WLY,WILEY JOHN & SONS INC,968223206,241565000.0,5969,0.00023277749641939188
TRUP,TRUPANION INC,898202106,241459000.0,5579,0.00023267535242245334
COLM,COLUMBIA SPORTSWEAR CO,198516106,241312000.0,4614,0.00023253369989839707
JJSF,J & J SNACK FOODS CORP,466032109,240994000.0,2508,0.00023222726790758153
AIN,ALBANY INTL CORP,012348108,240863000.0,4519,0.00023210103334532728
RXO,RXO INC,74982T103,239990000.0,15604,0.00023125979080450339
CTRI,CENTURI HOLDINGS INC,155923105,239771000.0,11326,0.00023104875745233794
BHLB,BEACON FINANCIAL CORP.,084680107,239661000.0,10108,0.0002309427589649489
NSP,INSPERITY INC,45778Q107,239653000.0,4871,0.00023093504998404786
ADPT,ADAPTIVE BIOTECHNOLOGIES COR,00650F109,238447000.0,15939,0.00022977292111321895
JXC1,ZIFF DAVIS INC,48123V102,237858000.0,6243,0.00022920534739438129
VECO,VEECO INSTRS INC DEL,922417100,236928000.0,7786,0.00022830917836463762
REYN,REYNOLDS CONSUMER PRODS INC,76171L106,236845000.0,9679,0.0002282291976877895
N/A,BW LPG LTD,Y10230103,236751000.0,16554,0.00022813861716220252
ETNB,89BIO INC,282559103,236302000.0,16075,0.00022770595060913273
PCT,PURECYCLE TECHNOLOGIES INC,74623V103,236213000.0,17963,0.00022762018819660884
ENR,ENERGIZER HLDGS INC NEW,29272W109,235932000.0,9479,0.00022734941024246048
IRON,DISC MEDICINE INC,254604101,235443000.0,3563,0.0002268781987848856
LNN,LINDSAY CORP,535555106,235157000.0,1673,0.00022660260271767407
HUN,HUNTSMAN CORP,447011107,234953000.0,26164,0.00022640602370469805
GSHD,GOOSEHEAD INS INC,38267D109,234572000.0,3152,0.00022603888348928693
TRIP,TRIPADVISOR INC,896945201,233770000.0,14377,0.00022526605815395957
ALG,ALAMO GROUP INC,011311107,233280000.0,1222,0.000224793883073772
MNKD,MANNKIND CORP,56400P706,232918000.0,43374,0.00022444505168800084
FUBO,FUBOTV INC,35953D104,232300000.0,55976,0.00022384953291339693
NHC,NATIONAL HEALTHCARE CORP,635906100,230991000.0,1901,0.0002225881509134674
AMR,ALPHA METALLURGICAL RESOUR I,020764106,230218000.0,1403,0.00022184327063390623
MBLY,MOBILEYE GLOBAL INC,60741F104,230029000.0,16291,0.00022166114596011962
ALIT,ALIGHT INC,01626W101,229631000.0,70439,0.00022127762416029382
CNXC,CONCENTRIX CORP,20602D101,229366000.0,4970,0.0002210222641679475
STBA,S & T BANCORP INC,783859101,229299000.0,6100,0.00022095770145290147
ACVA,ACV AUCTIONS INC,00091G104,229258000.0,23134,0.0002209181929257837
SEI,SOLARIS ENERGY INFRAS INC,83418M103,229228000.0,5735,0.0002208892842474049
SKE,SKEENA RES LTD NEW,83056P715,228762000.0,12419,0.0002204402361099204
FCF,FIRST COMWLTH FINL CORP PA,319829107,228504000.0,13402,0.0002201916214758625
GTX,GARRETT MOTION INC,366505105,227481000.0,16702,0.00021920583554314442
HTH,HILLTOP HOLDINGS INC,432748101,226521000.0,6778,0.00021828075783502193
HMN,HORACE MANN EDUCATORS CORP N,440327104,226211000.0,5008,0.00021798203482510737
WOR,WORTHINGTON ENTERPRISES INC,981811102,226066000.0,4074,0.00021784230954627635
PD,PAGERDUTY INC,69553P100,225184000.0,13631,0.0002169923944019388
SPB,SPECTRUM BRANDS HLDGS INC NE,84790A105,224723000.0,4278,0.00021654816437751743
SPHR,SPHERE ENTERTAINMENT CO,55826T102,224626000.0,3616,0.0002164546929840926
BNT,BROOKFIELD WEALTH SOL LTD,G17434104,223954000.0,3266,0.00021580713858840683
T0V,ACUREN CORP,00510N102,223289000.0,16776,0.00021516632955100943
PAR,PAR TECHNOLOGY CORP,698884103,222756000.0,5628,0.00021465271869847892
NPKI,NPK INTERNATIONAL INC,651718504,221868000.0,19617,0.0002137970218184656
TGB,TASEKO MINES LTD,876511106,221540000.0,52246,0.00021348095360152375
HLMN,HILLMAN SOLUTIONS CORP,431636109,220898000.0,24063,0.0002128623078842168
VCEL,VERICEL CORP,92346J108,220384000.0,7003,0.00021236700586132616
MCRI,MONARCH CASINO & RESORT INC,609027107,219300000.0,2072,0.00021132243894923783
GNL,GLOBAL NET LEASE INC,379378201,219290000.0,26973,0.00021131280272311157
SEZL,SEZZLE INC,78435P105,219105000.0,2755,0.0002111345325397755
OFG,OFG BANCORP,67103X102,218929000.0,5034,0.00021096493495995303
ATEC,ALPHATEC HLDGS INC,02081G201,218085000.0,14999,0.0002101516374748953
ASAN,ASANA INC,04342Y104,218075000.0,16323,0.000210142001248769
WKC,WORLD KINECT CORPORATION,981475106,218006000.0,8401,0.0002100755112884977
KMT,KENNAMETAL INC,489170100,217525000.0,10393,0.00020961200881182383
TILE,INTERFACE INC,458665304,216442000.0,7479,0.00020856840552234808
CRCL,CIRCLE INTERNET GROUP INC,172573107,215708000.0,1627,0.00020786110652467943
NNI,NELNET INC,64031N108,214901000.0,1714,0.00020708346307628893
PRG,PROG HOLDINGS INC,74319R101,214838000.0,6639,0.00020702275485169337
TPB,TURNING PT BRANDS INC,90041L105,214823000.0,2173,0.000207008300512504
CCB,COASTAL FINL CORP WA,19046P209,212987000.0,1969,0.00020523908939571966
UCTT,ULTRA CLEAN HLDGS INC,90385V107,212932000.0,7814,0.00020518609015202516
GRAL,GRAIL INC,384747101,212868000.0,3600,0.00020512441830481697
CLMT,CALUMET INC,131428104,212722000.0,11656,0.00020498372940337334
MSGE,MADISON SQUARE GARDEN ENTMT,558256103,212538000.0,4698,0.00020480642284264987
DNOW,DNOW INC,67011P100,212524000.0,13936,0.00020479293212607305
VZLA,VIZSLA SILVER CORP,92859G608,212523000.0,49202,0.00020479196850346044
GABC,GERMAN AMERN BANCORP INC,373865104,212411000.0,5409,0.00020468404277084617
N/A,AURA MINERALS INC,G06973112,211943000.0,6415,0.00020423306738813642
NSSC,NAPCO SEC TECHNOLOGIES INC,630402105,211443000.0,4923,0.0002037512560818226
AGM,FEDERAL AGRIC MTG CORP,313148306,210983000.0,1256,0.0002033079896800139
GTY,GETTY RLTY CORP NEW,374297109,210481000.0,7845,0.00020282425112847484
PENG,PENGUIN SOLUTIONS INC,706915105,209977000.0,7990,0.00020233858533171052
BBUC,BROOKFIELD BUSINESS CORP,11259V106,209592000.0,6242,0.00020196759062584885
DXPE,DXP ENTERPRISES INC,233377407,209563000.0,1760,0.00020193964557008265
HG,HAMILTON INSURANCE GROUP LTD,G42706104,209560000.0,8450,0.0002019367547022448
COLL,COLLEGIUM PHARMACEUTICAL INC,19459J104,209065000.0,5975,0.0002014597615089941
CRAI,CRA INTL INC,12618T105,208530000.0,1000,0.00020094422341123834
COTY,COTY INC,222070203,208197000.0,51534,0.00020062333708123335
RXRX,RECURSION PHARMACEUTICALS IN,75629V104,207317000.0,42483,0.00019977534918212103
BITF,BITFARMS LTD,09173B107,207242000.0,73373,0.00019970307748617397
NVCR,NOVOCURE LTD,G6674U108,207159000.0,16034,0.0001996230968093259
FDP,FRESH DEL MONTE PRODUCE INC,G36738105,206792000.0,5956,0.00019926944731049154
BHVN,BIOHAVEN LTD,G1110E107,206372000.0,13749,0.0001988647258131879
TCBK,TRICO BANCSHARES,896095106,206284000.0,4645,0.00019877992702327672
SVM,SILVERCORP METALS INC,82835P103,206122000.0,32665,0.00019862382016003102
OMCL,OMNICELL COM,68213N109,206055000.0,6767,0.000198559257444985
ACT,ENACT HLDGS INC,29249E109,205962000.0,5372,0.0001984696405420106
TRS,TRIMAS CORP,896215209,205951000.0,5330,0.00019845904069327167
AAMI,ACADIAN ASSET MANAGEMENT INC,10948W103,205643000.0,4270,0.0001981622449285824
TMC,TMC THE METALS COMPANY INC,87261Y106,205133000.0,32203,0.0001976707973961423
DFIN,DONNELLEY FINL SOLUTIONS INC,25787G100,204949000.0,3985,0.0001974934908354188
FA,FIRST ADVANTAGE CORP NEW,31846B108,203779000.0,13241,0.0001963660523786445
TDOC,TELADOC HEALTH INC,87918A105,203655000.0,26346,0.00019624656317467868
NTST,NETSTREIT CORP,64119V303,203374000.0,11261,0.00019597578522053034
CC,CHEMOURS CO,163851108,203148000.0,12825,0.00019575800651007647
CNR,CORE NATURAL RESOURCES INC,218937100,202189000.0,2422,0.00019483389242456656
VRE,VERIS RESIDENTIAL INC,554489104,201674000.0,13268,0.00019433762677906335
OUST,OUSTER INC,68989M202,201658000.0,7455,0.0001943222088172613
ALK,ALASKA AIR GROUP INC,011659109,201261000.0,4043,0.00019393965064004817
ASTH,ASTRANA HEALTH INC,03763A207,200576000.0,7075,0.00019327956915039823
GEF,GREIF INC,397624107,200435000.0,3354,0.00019314369836201774
COGT,COGENT BIOSCIENCES INC,19240Q201,199231000.0,13874,0.00019198349673641408
OS,ONESTREAM INC,68278B107,198878000.0,10791,0.00019164333795415654
BKD,BROOKDALE SR LIVING INC,112463104,196623000.0,23214,0.00018947036896268122
LAC,LITHIUM AMERS CORP NEW,53681J103,195922000.0,34290,0.00018879486951122926
AAUC,ALLIED GOLD CORP,01921D204,195728000.0,11198,0.0001886079267243795
MD,PEDIATRIX MEDICAL GROUP INC,58502B106,194082000.0,11587,0.00018702180390399445
VET,VERMILION ENERGY INC,923725105,193580000.0,24779,0.00018653806535245536
PGRE,PARAMOUNT GROUP INC,69924R108,193434000.0,29577,0.00018639737645101173
EFC,ELLINGTON FINANCIAL INC,28852N109,193233000.0,14887,0.00018620368830587358
ENIC,ENEL CHILE S.A.,29278D105,192629000.0,49519,0.00018562166024784648
DX,DYNEX CAP INC,26817Q886,192449000.0,15659,0.00018544820817757355
TALO,TALOS ENERGY INC,87484T108,192414000.0,20064,0.00018541448138613157
TLRY,TILRAY BRANDS INC,88688T100,191748000.0,110837,0.00018477270872612156
CRMD,CORMEDIX INC,21900C308,191081000.0,16430,0.00018412997244349893
LUNR,INTUITIVE MACHINES INC,46125A100,190675000.0,18125,0.00018373874166277213
SNDX,SYNDAX PHARMACEUTICALS INC,87164F105,190097000.0,12356,0.00018318176779267336
DVAX,DYNAVAX TECHNOLOGIES CORP,268158201,189216000.0,19055,0.0001823328162709484
XERS,XERIS BIOPHARMA HOLDINGS INC,98422E103,188815000.0,23196,0.00018194640360328474
CLOV,CLOVER HEALTH INVESTMENTS CO,18914F103,187376000.0,61234,0.0001805597506637136
RLJ,RLJ LODGING TR,74965L101,186293000.0,25874,0.00017951614737423787
LZ,LEGALZOOM COM INC,52466B103,184037000.0,17730,0.00017734221476014994
PRCH,PORCH GROUP INC,733245104,183053000.0,10909,0.00017639401010932437
OCUL,OCULAR THERAPEUTIX INC,67576A100,182551000.0,15616,0.0001759102715577853
XPRO,EXPRO GROUP HOLDINGS NV,N3144W105,181907000.0,15312,0.00017528969859525312
MODG,TOPGOLF CALLAWAY BRANDS CORP,131193104,180329000.0,18982,0.00017376910211252674
PEB,PEBBLEBROOK HOTEL TR,70509V100,179176000.0,15731,0.00017265804524016707
ARDX,ARDELYX INC,039697107,178959000.0,32479,0.0001724489391332269
KRP,KIMBELL RTY PARTNERS LP,49435R102,178810000.0,13255,0.00017230535936394538
WTTR,SELECT WATER SOLUTIONS INC,81617J301,178662000.0,16713,0.00017216274321727647
COUR,COURSERA INC,22266M104,178636000.0,15255,0.00017213768902934817
LEG,LEGGETT & PLATT INC,524660107,178603000.0,20113,0.00017210588948313144
SBH,SALLY BEAUTY HLDGS INC,79546E104,177322000.0,10892,0.00017087148891635546
MRC,MRC GLOBAL INC,55345K103,175636000.0,12180,0.0001692468211914653
AMPL,AMPLITUDE INC,03213A104,174489000.0,16277,0.0001681415460547814
AVXL,ANAVEX LIFE SCIENCES CORP,032797300,174467000.0,19603,0.0001681203463573036
NEOG,NEOGEN CORP,640491106,173367000.0,30362,0.0001670603614834132
HOPE,HOPE BANCORP INC,43940T109,172105000.0,15980,0.00016584426974627713
UAA,UNDER ARMOUR INC,904311107,171327000.0,34334,0.00016509457135365285
HCSG,HEALTHCARE SVCS GROUP INC,421906108,171195000.0,10172,0.00016496737316878601
IMNM,IMMUNOME INC,45257U108,171188000.0,14619,0.00016496062781049762
AMPX,AMPRIUS TECHNOLOGIES INC,03214Q108,169361000.0,16099,0.00016320008929722696
CERT,CERTARA INC,15687V109,166620000.0,13635,0.00016055879971601462
VMEO,VIMEO INC,92719V100,163796000.0,21135,0.00015783752945795423
TWO,TWO HBRS INVT CORP,90187B804,163654000.0,16581,0.0001577006950469611
EURN,CMB.TECH NV,B38564108,163366000.0,17086,0.00015742317173452435
UMH,UMH PPTYS INC,903002103,163291000.0,10996,0.00015735090003857728
JBI,JANUS INTERNATIONAL GROUP IN,47103N106,161444000.0,16357,0.00015557108907305407
ESRT,EMPIRE ST RLTY TR INC,292104106,161235000.0,21049,0.00015536969194701489
HLIT,HARMONIC INC,413160102,160508000.0,15767,0.0001546691383076346
KK0,NEXTNAV INC,65345N106,160303000.0,11210,0.00015447159567204594
INDI,INDIE SEMICONDUCTOR INC,45569U101,159308000.0,39142,0.00015351279117248147
FSLY,FASTLY INC,31188V100,159295000.0,18631,0.0001535002640785173
BV,BRIGHTVIEW HLDGS INC,10948C107,159219000.0,11882,0.0001534270287599576
AVDL,AVADEL PHARMACEUTICALS PLC,G29687103,159159000.0,10423,0.00015336921140319995
AIV,APARTMENT INVT & MGMT CO,03748R747,158013000.0,19926,0.00015226489988912867
XHR,XENIA HOTELS & RESORTS INC,984017103,151414000.0,11036,0.000145905954268399
MOMO,HELLO GROUP INC,423403104,149743000.0,20181,0.00014429574088269822
PDM,PIEDMONT REALTY TRUST INC,720190206,148770000.0,16530,0.00014335813608061157
LADR,LADDER CAP CORP,505743104,148092000.0,13574,0.00014270479994925002
TDUP,THREDUP INC,88556E102,146324000.0,15484,0.0001410011151701244
HLX,HELIX ENERGY SOLUTIONS GRP I,42330P107,145350000.0,22157,0.00014006254674542507
LILAK,LIBERTY LATIN AMERICA LTD,G9001E128,143851000.0,17044,0.0001386180764490963
NVRI,ENVIRI CORP,415864107,142369000.0,11219,0.00013718998773718216
UNIT,UNITI GROUP LLC,912932100,141739000.0,23160,0.00013658290549122676
ADTN,ADTRAN HOLDINGS INC,00486H105,141713000.0,15108,0.0001365578513032984
NVAX,NOVAVAX INC,670002401,141243000.0,16291,0.00013610494867536343
ARI,APOLLO COML REAL EST FIN INC,03762U105,140149000.0,13835,0.0001350507455371488
CLVT,CLARIVATE PLC,G21810109,139106000.0,36320,0.0001340456871521782
AMC,AMC ENTMT HLDGS INC,00165C302,138835000.0,47874,0.0001337845454241561
AUPH,AURINIA PHARMACEUTICALS INC,05156V102,137186000.0,12415,0.00013219553173593316
MFA,MFA FINL INC,55272X607,137142000.0,14923,0.00013215313234097754
NEO,NEOGENOMICS INC,64049M209,136420000.0,17671,0.00013145739681466042
NAVI,NAVIENT CORPORATION,63938C108,132736000.0,10094,0.00012790741110974024
REAL,THE REALREAL INC,88339P101,132099000.0,12427,0.00012729358350549645
UWMC,UWM HOLDINGS CORPORATION,91823B109,128201000.0,21051,0.000123537382561474
FBRT,FRANKLIN BSP RLTY TR INC,35243J101,126052000.0,11607,0.00012146655756693719
XNCR,XENCOR INC,98401F105,125980000.0,10740,0.00012139717673882803
FIGS,FIGS INC,30260D103,125611000.0,18776,0.00012104159999476842
NEXT,NEXTDECADE CORP,65342K105,125106000.0,18425,0.00012055497057539147
VINP,VINCI COMPASS INVESTMENTS LT,G9451V109,124657000.0,11596,0.00012012230402232167
DEFI,DEFI TECHNOLOGIES INC,244916102,122189000.0,59654,0.00011774408341435671
KW,KENNEDY-WILSON HOLDINGS INC,489398107,121846000.0,14645,0.00011741356085822542
MVST,MICROVAST HOLDINGS INC,59516C106,121826000.0,31643,0.00011739428840597287
ECVT,ECOVYST INC,27923Q109,121738000.0,13897,0.00011730948961606164
EXPI,EXP WORLD HLDGS INC,30212W100,118987000.0,11162,0.00011465856380872304
SG,SWEETGREEN INC,87043Q108,118471000.0,14846,0.00011416133454060719
AIOT,POWERFLEET INC,73931J109,117156000.0,22358,0.00011289417080500186
ACEL,ACCEL ENTERTAINMENT INC,00436Q106,116490000.0,10523,0.00011225239814499186
GCI,GANNETT CO INC,36472T109,116416000.0,28188,0.00011218109007165741
DHC,DIVERSIFIED HEALTHCARE TR,25525P107,116199000.0,26349,0.00011197198396471723
WVE,WAVE LIFE SCIENCES LTD,Y95308105,115114000.0,15726,0.00011092645343001626
BRSP,BRIGHTSPIRE CAPITAL INC,10949T109,113650000.0,20930,0.00010951570992512942
GBTG,GLOBAL BUSINESS TRAVEL GROUP,37890B100,109710000.0,13578,0.00010571903683137658
KOS,KOSMOS ENERGY LTD,500688106,109311000.0,65850,0.00010533455140893815
I9DN,ARBUTUS BIOPHARMA CORP,03879J100,108629000.0,23927,0.00010467736078712613
NVTS,NAVITAS SEMICONDUCTOR CORP,63942X106,106387000.0,14735,0.00010251691888961498
HTZ,HERTZ GLOBAL HLDGS INC,42806J700,106304000.0,15633,0.00010243693821276691
EVH,EVOLENT HEALTH INC,30050B101,105259000.0,12442,0.00010142995258257102
CXM,SPRINKLR INC,85208T107,104637000.0,13554,0.00010083057931751666
BLND,BLEND LABS INC,09352U108,104339000.0,28586,0.00010054341977895361
MDXG,MIMEDX GROUP INC,602496101,103360000.0,14808,9.960003324119117e-05
TRVI,TREVI THERAPEUTICS INC,89532M101,103020000.0,11259,9.927240155289778e-05
LFST,LIFESTANCE HEALTH GROUP INC,53228F101,102311000.0,18602,9.858919312054478e-05
TBLA,TABOOLA.COM LTD,M8744T106,102136000.0,29952,9.842055916333495e-05
XCY,OPKO HEALTH INC,68375N103,101517000.0,65495,9.782407676611846e-05
GERN,GERON CORP,374163103,97993000.0,71528,9.442827067921872e-05
MYGN,MYRIAD GENETICS INC,62855J104,95610000.0,13224,9.213195799332708e-05
AHCO,ADAPTHEALTH CORP,00653Q102,93733000.0,10473,9.032323834942504e-05
CFFN,CAPITOL FED FINL INC,14057J101,93720000.0,14759,9.031071125546088e-05
RWT,REDWOOD TRUST INC,758075402,93416000.0,16134,9.001776998122208e-05
SXC,SUNCOKE ENERGY INC,86722A103,93359000.0,11441,8.996284349230231e-05
AHH,ARMADA HOFFLER PPTYS INC,04208T108,92083000.0,13136,8.873326103858946e-05
ZLAB,ZAI LAB LTD,98887Q104,91503000.0,2700,8.817435992326544e-05
HPP,HUDSON PAC PPTYS INC,444097109,89374000.0,32382,8.612280738098123e-05
PUMP,PROPETRO HLDG CORP,74347M108,87571000.0,16712,8.438539581041363e-05
UA,UNDER ARMOUR INC,904311206,87491000.0,18114,8.430830600140342e-05
GDYN,GRID DYNAMICS HLDGS INC,39813G109,85234000.0,11055,8.213340976470286e-05
SLS,SOLARIS RES INC,83419D201,84767000.0,13282,8.168339800460576e-05
ORC,ORCHID IS CAP INC,68571X301,84393000.0,12039,8.132300314748304e-05
STGW,STAGWELL INC,85256A109,83656000.0,14859,8.061281328197648e-05
IBRX,IMMUNITYBIO INC,45256X103,82821000.0,33667,7.980818840043241e-05
FIP,FTAI INFRASTRUCTURE INC,35953C106,81602000.0,18716,7.863353243563934e-05
DQ,DAQO NEW ENERGY CORP,23703Q203,81577000.0,2900,7.860944187032365e-05
BDN,BRANDYWINE RLTY TR,105368203,81432000.0,19528,7.846971659149264e-05
BMBL,BUMBLE INC,12047B105,79517000.0,13057,7.662437928831075e-05
VIR,VIR BIOTECHNOLOGY INC,92764N102,77016000.0,13488,7.421435913412906e-05
BLMN,BLOOMIN BRANDS INC,094235108,76776000.0,10708,7.398308970709843e-05
CRON,CRONOS GROUP INC,22717L101,75489000.0,27282,7.274290740464668e-05
NUVB,NUVATION BIO INC,67080N101,75476000.0,20399,7.273038031068251e-05
MCW,MISTER CAR WASH INC,60646V105,74338000.0,13947,7.163377777751227e-05
INN,SUMMIT HOTEL PPTYS INC,866082100,73379000.0,13366,7.070966369200239e-05
SABR,SABRE CORP,78573M104,72768000.0,39764,7.012089027568691e-05
AKBA,AKEBIA THERAPEUTICS INC,00972D105,72744000.0,26646,7.009776333298385e-05
NYMT,ADAMAS TRUST INC.,649604840,72091000.0,10343,6.946851776693801e-05
RC,READY CAPITAL CORP,75574U101,71622000.0,18507,6.901657876161565e-05
VSTS,VESTIS CORPORATION,29430C102,70351000.0,15530,6.779181442096594e-05
LU,LUFAX HOLDING LTD,54975P201,70165000.0,17282,6.761258061501721e-05
RES,RPC INC,749660106,66569000.0,13985,6.414739370000827e-05
ATUS,ALTICE USA INC,02156K103,64458000.0,26746,6.211318636475137e-05
XRX,XEROX HOLDINGS CORP,98421M106,61499000.0,16356,5.9261827053986224e-05
JBLU,JETBLUE AWYS CORP,477143101,59680000.0,12130,5.750899752161657e-05
IOVA,IOVANCE BIOTHERAPEUTICS INC,462260100,58855000.0,27122,5.671400886619879e-05
VTEX,VTEX,G9470A102,57798000.0,13196,5.569545976465139e-05
TIXT,TELUS INTL CDA INC,87975H100,56481000.0,12655,5.4426368783820807e-05
TROX,TRONOX HOLDINGS PLC,G9087Q102,53836000.0,13392,5.187758697342075e-05
AGL,AGILON HEALTH INC,00857U107,52708000.0,51173,5.079062066637679e-05
ASTL,ALGOMA STL GROUP INC,015658107,49354000.0,13901,4.755863042362373e-05
WOOF,PETCO HEALTH & WELLNESS CO I,71601V105,46030000.0,11894,4.435554885924951e-05
PSNY,POLESTAR AUTOMOTIVE HLDG UK,731105201,43393000.0,46158,4.1814476029750465e-05
KIND,NEXTDOOR HOLDINGS INC,65345M108,42371000.0,20273,4.082965371964504e-05
NFE,NEW FORTRESS ENERGY INC,644393100,41086000.0,18591,3.959139866241854e-05
CCO,CLEAR CHANNEL OUTDOOR HLDGS,18453H106,35778000.0,22644,3.4476489834591115e-05
OLPX,OLAPLEX HLDGS INC,679369108,18834000.0,14377,1.814886828622866e-05
FLB,STANDARD BIOTOOLS INC,34385P108,14776000.0,11366,1.4238487724185765e-05
XOM,EXXON MOBIL CORP,30231G102,0.0,0,0.0
