ticker,nameOfIssuer,cusip,value,shares,allocation_percent
XLY,SELECT SECTOR SPDR TR,81369Y407,403990300000.0,3383220,0.5698210947827542
XLK,SELECT SECTOR SPDR TR,81369Y803,403338722000.0,2801547,0.5689020556640022
VUG,VANGUARD INDEX FDS,922908736,398503562000.0,816840,0.5620821489369104
IWF,ISHARES TR,464287614,385166334000.0,813789,0.5432702273132299
SATS 3.875 11/30/30,ECHOSTAR CORP,278768AB2,342403440000.0,102516000,0.4829539299289638
QQQ,INVESCO QQQ TR,46090E103,321331432000.0,523077,0.4532322394135456
SPY,SPDR S&P 500 ETF TR,78462F103,316545218000.0,464197,0.44648137014429695
VNQ,VANGUARD INDEX FDS,922908553,316210166000.0,3573400,0.44600878528904386
MU,MICRON TECHNOLOGY INC,595112103,296794719000.0,1039889,0.4186236444447302
AMD,ADVANCED MICRO DEVICES INC,007903107,287465041000.0,1342291,0.40546430044085047
WDC 3 11/15/28,WESTERN DIGITAL CORP,958102AT2,286872539000.0,62584000,0.40462858696381654
PLTR,PALANTIR TECHNOLOGIES INC,69608A108,278064990000.0,1564360,0.39220569657874355
IVV,ISHARES TR,464287200,269017034000.0,392760,0.37944371641866004
GM,GENERAL MTRS CO,37045V100,268521486000.0,3302035,0.37874475482508363
AMZN,AMAZON COM INC,023135106,265036064000.0,1148237,0.37382862941360745
TSM,TAIWAN SEMICONDUCTOR MFG LTD,874039100,263912967000.0,868449,0.3722445211761393
ISRG,INTUITIVE SURGICAL INC,46120E602,260457070000.0,459879,0.36737004024925457
MSFT,MICROSOFT CORP,594918104,260300727000.0,538234,0.36714952124317546
RIVN,RIVIAN AUTOMOTIVE INC,76954A103,260240670000.0,13203484,0.36706481191849766
ABNB,AIRBNB INC,009066101,259699541000.0,1913495,0.36630155913941187
ADBE,ADOBE INC,00724F101,259684180000.0,741976,0.3662798927235673
TJX,TJX COS INC NEW,872540109,258161574000.0,1680630,0.36413228418484056
SCHW,SCHWAB CHARLES CORP,808513105,257683376000.0,2579155,0.36345779445604526
TSLA,TESLA INC,88160R101,255601960000.0,568358,0.36052199440386995
MA,MASTERCARD INCORPORATED,57636Q104,252041236000.0,441496,0.35549965686779733
BMY,BRISTOL-MYERS SQUIBB CO,110122108,251470545000.0,4662042,0.3546947074162816
IBB,ISHARES TR,464287556,248936931000.0,1475007,0.35112109017042964
NET,CLOUDFLARE INC,18915M107,247935446000.0,1257598,0.34970851348453275
SOFI,SOFI TECHNOLOGIES INC,83406F102,247298977000.0,9446103,0.34881078534013105
NOW,SERVICENOW INC,81762P102,247151231000.0,1613364,0.3486023922488371
ALNY,ALNYLAM PHARMACEUTICALS INC,02043Q107,245000118000.0,616120,0.3455682858243477
SCHH,SCHWAB STRATEGIC TR,808524847,244025219000.0,11681437,0.3441932082160917
RBLX,ROBLOX CORP,771049103,243679250000.0,3007272,0.3437052251275351
AAPL,APPLE INC,037833100,242456438000.0,891843,0.34198047066547627
TMUS,T-MOBILE US INC,872590104,240371950000.0,1183865,0.3390403376122284
BSX,BOSTON SCIENTIFIC CORP,101137107,235642650000.0,2471344,0.3323697445223545
USMV,ISHARES TR,46429B697,234703216000.0,2492600,0.33104468966248257
LMT,LOCKHEED MARTIN CORP,539830109,234345370000.0,484515,0.3305399542777874
MMC,MARSH & MCLENNAN COS INC,571748102,231883674000.0,1249912,0.32706777608503784
XLRE,SELECT SECTOR SPDR TR,81369Y860,231435495000.0,5735700,0.3264356276190013
TTD,THE TRADE DESK INC,88339J105,229435365000.0,6044135,0.3236144800164281
SMH,VANECK ETF TRUST,92189F676,229313138000.0,636751,0.32344208101835314
AMGN,AMGEN INC,031162100,229243996000.0,700388,0.3233445574636156
CIT,CINTAS CORP,172908105,228981243000.0,1217532,0.3229739490551527
IBKR,INTERACTIVE BROKERS GROUP IN,45841N107,226809859000.0,3526821,0.3199112507476098
MSI,MOTOROLA SOLUTIONS INC,620076307,226225114000.0,590173,0.31908647838038035
NVDA,NVIDIA CORPORATION,67066G104,224861372000.0,1205691,0.3171629446731571
COST,COSTCO WHSL CORP NEW,22160K105,223452990000.0,259124,0.31517644704409936
GH,GUARDANT HEALTH INC,40131M109,221838172000.0,2171903,0.31289877512812786
AER,AERCAP HOLDINGS NV,N00985106,221231689000.0,1538896,0.31204334170057496
RSG,REPUBLIC SVCS INC,760759100,221221859000.0,1043844,0.31202947666133585
SE,SEA LTD,81141R100,218232213000.0,1710686,0.3078126344333594
ARGX,ARGENX SE,04016X101,217432668000.0,258556,0.30668489050676495
BRK/B,BERKSHIRE HATHAWAY INC DEL,084670702,217222208000.0,432154,0.3063880404398005
REGN,REGENERON PHARMACEUTICALS,75886F107,217012022000.0,281151,0.30609157684493693
MRNA,MODERNA INC,60770K107,216518411000.0,7342096,0.3053953473552269
ON,ON SEMICONDUCTOR CORP,682189105,216240769000.0,3993366,0.30500373827848004
PGR,PROGRESSIVE CORP,743315103,215486198000.0,946277,0.30393942937474816
LRCX,LAM RESEARCH CORP,512807306,215251489000.0,1257457,0.30360837652685707
XBI,SPDR SERIES TRUST,78464A870,214913818000.0,1762600,0.3031320976189319
MSCI,MSCI INC,55354G100,213780978000.0,372616,0.30153424705416904
ANET,ARISTA NETWORKS INC,040413205,213682676000.0,1630792,0.3013955938408139
AMT,AMERICAN TOWER CORP NEW,03027X100,213567562000.0,1216424,0.30123322760205806
KMB,KIMBERLY-CLARK CORP,494368103,213503721000.0,2116203,0.30114318101303844
UNP,UNION PAC CORP,907818108,211009641000.0,912198,0.29762532576731654
IONS,IONIS PHARMACEUTICALS INC,462222100,210325485000.0,2658646,0.2966603359620608
NU,NU HLDGS LTD,G6683N103,209955156000.0,12542124,0.2961379935290623
PG,PROCTER AND GAMBLE CO,742718109,209793515000.0,1463914,0.29591000178871163
EQIX,EQUINIX INC,29444U700,209062079000.0,272870,0.2948783243888248
AME,AMETEK INC,031100100,207459801000.0,1010471,0.29261833991863745
IYW,ISHARES TR,464287721,207312568000.0,1038224,0.29241067040467106
VRSK,VERISK ANALYTICS INC,92345Y106,206843235000.0,924687,0.2917486845998691
GDDY,GODADDY INC,380237107,206421846000.0,1663619,0.29115432294982596
W,WAYFAIR INC,94419L101,204436668000.0,2036019,0.2883542648759102
V,VISA INC,92826C839,201117806000.0,573459,0.28367306936633274
AZN,ASTRAZENECA PLC,046353108,200451159000.0,2180476,0.2827327756925152
C,CITIGROUP INC,172967424,200395588000.0,1717333,0.2826543937906275
ROKU,ROKU INC,77543R102,199649482000.0,1840257,0.281602024618041
RL,RALPH LAUREN CORP,751212101,199417299000.0,563947,0.2812745346479849
WM,WASTE MGMT INC DEL,94106L109,199106036000.0,906222,0.28083550375188326
DWD,MORGAN STANLEY,617446448,198267812000.0,1116813,0.27965320378737135
MCD,MCDONALDS CORP,580135101,197514610000.0,646254,0.2785908258336617
VLO,VALERO ENERGY CORP,91913Y100,197417061000.0,1212710,0.27845323471334277
F,FORD MTR CO,345370860,195334037000.0,14888265,0.2755151666059185
AAL,AMERICAN AIRLS GROUP INC,02376R102,192895826000.0,12582898,0.27207611358575606
WCN,WASTE CONNECTIONS INC,94106B101,189237114000.0,1079135,0.2669155657277139
ETN,EATON CORP PLC,G29183103,188534350000.0,591926,0.2659243296711702
SPLV,INVESCO EXCH TRADED FD TR II,46138E354,188134564000.0,2634200,0.26536043866636433
FCX,FREEPORT-MCMORAN INC,35671D857,187278323000.0,3687307,0.2641527260454973
DELL,DELL TECHNOLOGIES INC,24703L202,185596465000.0,1474392,0.26178049540820436
DG,DOLLAR GEN CORP NEW,256677105,184441296000.0,1389179,0.26015115018818524
CB,CHUBB LIMITED,H1467J104,182911996000.0,586031,0.25799409988214755
HPE,HEWLETT PACKARD ENTERPRISE C,42824C109,182288044000.0,7589011,0.25711402674244127
T,AT&T INC,00206R102,182200903000.0,7334980,0.25699111592002677
KEY,KEYCORP,493267108,180280617000.0,8734526,0.2542825868518388
AKAM,AKAMAI TECHNOLOGIES INC,00971T101,178736598000.0,2048557,0.25210477565947753
ALB,ALBEMARLE CORP,012653101,178420620000.0,1261458,0.2516590943401803
STX 3.5 06/01/28,SEAGATE HDD CAYMAN,81180WBL4,176321250000.0,52500000,0.24869797049202344
BA,BOEING CO,097023105,175635099000.0,808931,0.24773016677493842
TXN,TEXAS INSTRS INC,882508104,172831605000.0,996205,0.24377588861455465
HEI,HEICO CORP NEW,422806109,172009442000.0,531566,0.2426162424033712
SNDK,SANDISK CORP,80004C200,169780111000.0,715225,0.2394718108884236
ACGL,ARCH CAP GROUP LTD,G0450A105,169066194000.0,1762575,0.2384648437247961
BE,BLOOM ENERGY CORP,093712107,168390822000.0,1937977,0.23751224359448206
IM8N,INSMED INC,457669307,167453630000.0,962156,0.23619035103552297
CVNA,CARVANA CO,146869102,166078375000.0,393532,0.2342505784476528
CAH,CARDINAL HEALTH INC,14149Y108,165591078000.0,805796,0.23356325474204812
VIK,VIKING HOLDINGS LTD,G93A5A101,163039313000.0,2283144,0.22996403583523695
ALB 7.25 03/01/27,ALBEMARLE CORP,012653200,162417278000.0,2734758,0.22908666658975457
BKNG,BOOKING HOLDINGS INC,09857L108,162164748000.0,30281,0.22873047754000392
FOXA,FOX CORP,35137L105,161613522000.0,2211763,0.22795298312295303
IYR,ISHARES TR,464287739,160871408000.0,1713403,0.22690624459498934
LEN,LENNAR CORP,526057104,157929481000.0,1536279,0.2227567091632947
CPB,THE CAMPBELLS COMPANY,134429109,157039368000.0,5634710,0.2215012206920607
NFLX,NETFLIX INC,64110L106,151782345000.0,1618839,0.21408628374640107
UAL,UNITED AIRLS HLDGS INC,910047109,150011897000.0,1341548,0.21158909849810195
BBIO,BRIDGEBIO PHARMA INC,10806X102,148929625000.0,1947047,0.2100625731931807
TEAM,ATLASSIAN CORPORATION,049468101,148274111000.0,914482,0.2091379824168046
ORCL,ORACLE CORP,68389X105,144509003000.0,741414,0.20382736490312836
MPC,MARATHON PETE CORP,56585A102,144339654000.0,887534,0.20358850116659719
MOH,MOLINA HEALTHCARE INC,60855R100,142847021000.0,823136,0.20148316900845165
SPLG,SPDR SERIES TRUST,78464A854,142109730000.0,1771500,0.20044323323575244
NDAQ,NASDAQ INC,631103108,141718595000.0,1459061,0.19989154431176628
BCE,BCE INC,05534B760,141688577000.0,5948303,0.19984920445948964
CDNS,CADENCE DESIGN SYSTEM INC,127387108,140449696000.0,449324,0.19810178496024533
NBIX,NEUROCRINE BIOSCIENCES INC,64125C109,139675744000.0,984811,0.19701013950254673
SNAP,SNAP INC,83304A106,139428602000.0,17277398,0.19666155013045836
AWM,SKYWORKS SOLUTIONS INC,83088M102,138981784000.0,2191796,0.19603132133058704
ARM,ARM HOLDINGS PLC,042068205,137638233000.0,1259155,0.19413626666784772
AL,AIR LEASE CORP,00912X302,137095595000.0,2134448,0.19337088547124295
WSO,WATSCO INC,942622200,136398371000.0,404803,0.19238746348564376
NYT,NEW YORK TIMES CO,650111107,134582402000.0,1938669,0.18982607168076246
BTI,BRITISH AMERN TOB PLC,110448107,134017841000.0,2366970,0.18902976848464204
LITE,LUMENTUM HLDGS INC,55024U109,133687593000.0,362700,0.18856395958549318
GEV,GE VERNOVA INC,36828A101,128995111000.0,197370,0.18194529762631156
JPM,JPMORGAN CHASE & CO.,46625H100,127925851000.0,397014,0.1804371255147351
BE 3 06/01/28,BLOOM ENERGY CORP,093712AK3,125826901000.0,27027000,0.17747659406906854
VTR,VENTAS INC,92276F100,125726792000.0,1624797,0.1773353921145226
DECK,DECKERS OUTDOOR CORP,243537107,124624713000.0,1202129,0.17578092939025153
SU,SUNCOR ENERGY INC NEW,867224107,123361123000.0,2780909,0.1739986582883054
GAP,GAP INC,364760108,122496179000.0,4785007,0.17277867024154842
CCK,CROWN HLDGS INC,228368106,122452130000.0,1189202,0.1727165399146468
FIG,FIGMA INC,316841105,122232337000.0,3270868,0.17240652581805688
ADC,AGREE RLTY CORP,008492100,121762969000.0,1690448,0.17174449064638075
INTC,INTEL CORP,458140100,121169895000.0,3283737,0.17090797037357422
EXE,EXPAND ENERGY CORPORATION,165167735,120437413000.0,1091314,0.16987481760938988
IBN,ICICI BANK LIMITED,45104G104,120159918000.0,4032212,0.1694834158735147
LNG,CHENIERE ENERGY INC,16411R208,117566294000.0,604796,0.1658251555956446
EIX,EDISON INTL,281020107,117555052000.0,1958598,0.16580929895565213
PNW,PINNACLE WEST CAP CORP,723484101,116145643000.0,1309421,0.1638213527614572
BRK/B,BERKSHIRE HATHAWAY INC DEL,084670702,116061885000.0,230900,0.16370321360005452
CRS,CARPENTER TECHNOLOGY CORP,144285103,115931014000.0,368222,0.1635186223945347
CLH,CLEAN HARBORS INC,184496107,115548461000.0,492786,0.16297903822810195
SJM,SMUCKER J M CO,832696405,115200814000.0,1177802,0.16248868835054808
KMX,CARMAX INC,143130102,114684525000.0,2968026,0.16176047194732185
ROST,ROSS STORES INC,778296103,114068791000.0,633223,0.16089199014967728
RIVN,RIVIAN AUTOMOTIVE INC,76954A103,113894235000.0,5778500,0.16064578203274751
HON,HONEYWELL INTL INC,438516106,113298518000.0,580750,0.15980553385569796
GIS,GENERAL MLS INC,370334104,112975331000.0,2429577,0.15934968437079808
AZO,AUTOZONE INC,053332102,112150122000.0,33068,0.15818574183107725
BRK/B,BERKSHIRE HATHAWAY INC DEL,084670702,111135915000.0,221100,0.15675522099165032
RKT,ROCKET COS INC,77311W101,108735033000.0,5616479,0.1533688198585434
BTG,B2GOLD CORP,11777Q209,108503781000.0,24058488,0.15304264304734097
EVRG 4.5 12/15/27,EVERGY INC,30034WAD8,107704500000.0,88500000,0.1519152714880262
CAG,CONAGRA BRANDS INC,205887102,107387778000.0,6203800,0.15146854077003175
JBL,JABIL INC,466313103,107335171000.0,470727,0.1513943395371476
MCO,MOODYS CORP,615369105,106901493000.0,209262,0.15078264447233244
TRV,TRAVELERS COMPANIES INC,89417E109,106602561000.0,367519,0.15036100623125193
CLX,CLOROX CO DEL,189054109,106174494000.0,1053005,0.1497572253816118
ALAB,ASTERA LABS INC,04626A103,105368099000.0,633374,0.14861981965249565
HRL,HORMEL FOODS CORP,440452100,105322468000.0,4443986,0.1485554579428803
ALL,ALLSTATE CORP,020002101,105094935000.0,504900,0.14823452671468199
PODD,INSULET CORP,45784P101,104237061000.0,366722,0.14702451077651302
MDB,MONGODB INC,60937P106,103979457000.0,247753,0.14666116494048573
OEF,ISHARES TR,464287101,103474049000.0,301700,0.14594829599320663
VTI,VANGUARD INDEX FDS,922908769,101814458000.0,303679,0.14360747256127868
OXY,OCCIDENTAL PETE CORP,674599105,101559081000.0,2469822,0.14324726786893252
VALE,VALE S A,91912E105,101095744000.0,7758691,0.1425937393149218
CDE,COEUR MNG INC,192108504,100429704000.0,5632625,0.14165430180375108
CRCL,CIRCLE INTERNET GROUP INC,172573107,100331391000.0,1265213,0.14151563307509257
RIG,TRANSOCEAN LTD,H8817H100,100094345000.0,24235919,0.14118128393048718
CMG,CHIPOTLE MEXICAN GRILL INC,169656105,99376820000.0,2685860,0.14016922774737092
CNC,CENTENE CORP DEL,15135B101,98386358000.0,2390920,0.13877219880588218
PCTY,PAYLOCITY HLDG CORP,70438V106,96920765000.0,635546,0.13670500608426003
MKTX,MARKETAXESS HLDGS INC,57060D108,96701769000.0,533527,0.13639611614191974
LHX,L3HARRIS TECHNOLOGIES INC,502431109,96270410000.0,327930,0.13578769198514073
LITE 1.5 12/15/29,LUMENTUM HLDGS INC,55024UAH2,95961280000.0,18065000,0.13535166964740097
OC,OWENS CORNING NEW,690742101,95590277000.0,854171,0.1348283765494536
DDOG,DATADOG INC,23804L103,95583291000.0,702870,0.13481852292136365
FI,FISERV INC,337738108,95240141000.0,1417897,0.1343345159819032
TSN,TYSON FOODS INC,902494103,95183697000.0,1623741,0.13425490272912483
ENPH,ENPHASE ENERGY INC,29355A107,94986713000.0,2963704,0.1339770603192088
DPZ,DOMINOS PIZZA INC,25754A201,94217159000.0,226038,0.13289161816187373
TEM,TEMPUS AI INC,88023B103,93976953000.0,1591481,0.1325528118937693
STM,STMICROELECTRONICS N V,861012102,93457721000.0,3602842,0.13182044444166405
HLT,HILTON WORLDWIDE HLDGS INC,43300A203,93298226000.0,324798,0.1315954795959428
MDT,MEDTRONIC PLC,G5960L103,93024312000.0,968398,0.13120912879653915
ODFL,OLD DOMINION FREIGHT LINE IN,679580100,92771190000.0,591653,0.1308521047413735
MGK,VANGUARD WORLD FD,921910816,91271702000.0,221120,0.1287371037282957
FTNT,FORTINET INC,34959E109,90684632000.0,1141980,0.12790905199013733
VEEV,VEEVA SYS INC,922475108,90067055000.0,403472,0.12703797067394573
TER,TERADYNE INC,880770102,89990689000.0,464924,0.1269302577963737
ECL,ECOLAB INC,278865100,89377034000.0,340458,0.12606470839105652
PL,PLANET LABS PBC,72703X106,88675318000.0,4496720,0.12507495051977452
PCG 4.25 12/01/27,PG&E CORP,69331CAL2,88302696000.0,85931000,0.12454937385127496
VGT,VANGUARD WORLD FD,92204A702,88282714000.0,117120,0.12452118959755414
DOW,DOW INC,260557103,87937394000.0,3761223,0.12403412191189342
VTR 3.75 06/01/26,VENTAS RLTY LTD PARTNERSHIP,92277GAZ0,87539764000.0,61997000,0.12347327190653817
CHD,CHURCH & DWIGHT CO INC,171340102,87480705000.0,1043300,0.12338997024301612
CHWY,CHEWY INC,16679L109,86612879000.0,2620662,0.12216591718678942
CBOE,CBOE GLOBAL MKTS INC,12503M108,85755154000.0,341654,0.12095611141045633
VKTX,VIKING THERAPEUTICS INC,92686J106,85689228000.0,2435737,0.1208631239662166
BABA 0.5 06/01/31,ALIBABA GROUP HLDG LTD,01609WBG6,85570300000.0,55100000,0.12069537814865532
CARR,CARRIER GLOBAL CORPORATION,14448C104,85547907000.0,1618999,0.12066379322254331
EHC,ENCOMPASS HEALTH CORP,29261A100,85436968000.0,804946,0.12050731574663831
RIVN 3.625 10/15/30,RIVIAN AUTOMOTIVE INC,76954AAD5,84618240000.0,75552000,0.11935251454153685
FNV,FRANCO NEV CORP,351858105,84279426000.0,406597,0.11887462345254853
CPRT,COPART INC,217204106,84234788000.0,2151591,0.11881166235167825
GWRE,GUIDEWIRE SOFTWARE INC,40171V100,84023989000.0,418009,0.11851433413127516
WELL,WELLTOWER INC,95040Q104,83362834000.0,449129,0.11758178682526041
MORN,MORNINGSTAR INC,617700109,83111079000.0,382454,0.11722669089915269
TOL,TOLL BROTHERS INC,889478103,82630643000.0,611083,0.11654904451137296
OHI,OMEGA HEALTHCARE INVS INC,681936100,82397155000.0,1858303,0.11621971386215037
HUBS,HUBSPOT INC,443573100,82240817000.0,204936,0.1159992019084818
FDN,FIRST TR EXCHANGE-TRADED FD,33733E302,82223723000.0,305460,0.1159750911271234
ALLY,ALLY FINL INC,02005N100,82023632000.0,1811076,0.11569286634926072
STX,SEAGATE TECHNOLOGY HLDNGS PL,G7997R103,81900986000.0,297400,0.1155198763591775
BKH,BLACK HILLS CORP,092113109,81703452000.0,1176944,0.11524125818409552
PINS,PINTEREST INC,72352L106,81239946000.0,3137889,0.11458749125860654
QUAL,ISHARES TR,46432F339,81195856000.0,408800,0.114525303101938
RUN,SUNRUN INC,86771W105,79882956000.0,4341465,0.1126734811266572
DTM,DT MIDSTREAM INC,23345M107,79870483000.0,667367,0.11265588818317508
CF,CF INDS HLDGS INC,125269100,79258496000.0,1024806,0.11179269146203398
GOOGL,ALPHABET INC,02079K305,78907300000.0,252100,0.11129733578343642
CL,COLGATE PALMOLIVE CO,194162103,78825058000.0,997533,0.1111813349129276
DIS,DISNEY WALT CO,254687106,77954066000.0,685190,0.10995281627030914
MFC,MANULIFE FINL CORP,56501R106,77919100000.0,2147715,0.10990349735250302
META,META PLATFORMS INC,30303M102,77824611000.0,117900,0.10977022230747117
IT,GARTNER INC,366651107,77120482000.0,305694,0.10877706094283375
KR,KROGER CO,501044101,76295328000.0,1221116,0.10761319597962951
FIVE,FIVE BELOW INC,33829M101,76121550000.0,404128,0.10736808521778904
LITE,LUMENTUM HLDGS INC,55024U109,75896735000.0,205911,0.10705098767999274
CDW,CDW CORP,12514G108,75092644000.0,551341,0.10591683170168101
IWY,ISHARES TR,464289438,74563326000.0,269240,0.10517023812691394
META,META PLATFORMS INC,30303M102,74458152000.0,112800,0.10502189208043045
CNI,CANADIAN NATL RY CO,136375102,74229430000.0,750930,0.1046992837889915
GOOGL,ALPHABET INC,02079K305,74212300000.0,237100,0.10467512223027678
BBD,BANCO BRADESCO S A,059460303,73806373000.0,22164076,0.10410256945477232
AIT,APPLIED INDL TECHNOLOGIES IN,03820C105,73633163000.0,286767,0.10385825984677599
TYL,TYLER TECHNOLOGIES INC,902252105,73198076000.0,161247,0.10324457741265382
RH,RH,74967X103,72775567000.0,406227,0.10264863602263638
VONG,VANGUARD SCOTTSDALE FDS,92206C680,72331675000.0,594100,0.10202253429344806
KVYO,KLAVIYO INC,49845K101,72213637000.0,2224011,0.10185604380497354
POST,POST HLDGS INC,737446104,71909012000.0,725987,0.10142637568918414
DXCM,DEXCOM INC,252131107,71872936000.0,1082913,0.10137549113622486
NVDA,NVIDIA CORPORATION,67066G104,71709250000.0,384500,0.10114461495993891
LYFT,LYFT INC,55087P104,71140799000.0,3672731,0.1003428249883719
MNST,MONSTER BEVERAGE CORP NEW,61174X109,70913693000.0,924921,0.10002249603603881
N/A,AMRIZE LTD,H2927K103,70755838000.0,1308355,0.09979984438099429
U,UNITY SOFTWARE INC,91332U101,70014309000.0,1585110,0.09875393098507078
RIVN 4.625 03/15/29,RIVIAN AUTOMOTIVE INC,76954AAB9,69734438000.0,55510000,0.09835917794367857
FDS,FACTSET RESH SYS INC,303075105,69726273000.0,240278,0.0983476613571692
BFAM,BRIGHT HORIZONS FAM SOL IN D,109194100,69635943000.0,686745,0.09822025250727422
BWXT,BWX TECHNOLOGIES INC,05605H100,69511236000.0,402171,0.09804435551354175
AFL,AFLAC INC,001055102,69159469000.0,627183,0.09754819444965374
PATH,UIPATH INC,90364P105,68750723000.0,4194675,0.09697166552505314
RF,REGIONS FINANCIAL CORP NEW,7591EP100,68630967000.0,2532508,0.09680275182829655
NTAP,NETAPP INC,64110D104,68371396000.0,638448,0.09643663157393932
AAPL,APPLE INC,037833100,68236860000.0,251000,0.09624687095144989
IDA,IDACORP INC,451107106,67587723000.0,534037,0.09533127481955268
NCLH,NORWEGIAN CRUISE LINE HLDG L,G66721104,67559939000.0,3026879,0.09529208598433203
RBC,RBC BEARINGS INC,75524B104,67317863000.0,150119,0.0949506421146633
DYNF,BLACKROCK ETF TRUST,09290C103,66696408000.0,1096800,0.0940740909488105
IVE,ISHARES TR,464287408,66314289000.0,312700,0.0935351189316178
NVDA,NVIDIA CORPORATION,67066G104,66263450000.0,355300,0.09346341143112172
SLF,SUN LIFE FINANCIAL INC.,866796105,66117854000.0,1059581,0.09325805087638565
EFX,EQUIFAX INC,294429105,66027231000.0,304301,0.09313022875522953
ZION,ZIONS BANCORPORATION N A,989701107,65897776000.0,1125688,0.09294763479239156
AAPL,APPLE INC,037833100,65518260000.0,241000,0.09241233426015706
EXLS,EXLSERVICE HOLDINGS INC,302081104,64880108000.0,1528749,0.09151223227434749
MP,MP MATERIALS CORP,553368101,64877784000.0,1284200,0.09150895431390073
ALK,ALASKA AIR GROUP INC,011659109,64864164000.0,1289546,0.09148974354742703
STWD 6.75 07/15/27,STARWOOD PPTY TR INC,85571BBA2,64794925000.0,62725000,0.09139208317592389
MCHP,MICROCHIP TECHNOLOGY INC.,595017104,64769405000.0,1016469,0.09135608767222281
DT,DYNATRACE INC,268150109,64452128000.0,1487128,0.09090857413665179
GFS,GLOBALFOUNDRIES INC,G39387108,64401804000.0,1844267,0.0908375930344475
TW,TRADEWEB MKTS INC,892672106,64290101000.0,597825,0.09068003795020285
GGG,GRACO INC,384109104,63717002000.0,777321,0.08987169205774231
CLF,CLEVELAND-CLIFFS INC NEW,185899101,63653351000.0,4793174,0.08978191346032545
7HP,HP INC,40434L105,63530551000.0,2851461,0.08960870625599573
ASML,ASML HOLDING N V,N07059210,62610347000.0,58522,0.08831077496729037
LTM,LATAM AIRLINES GROUP SA,51817R205,61928136000.0,1146605,0.08734852854975798
DOX,AMDOCS LTD,G02602103,61753424000.0,767028,0.08710210039761748
EOSE,EOS ENERGY ENTERPRISES INC,29415C101,61310920000.0,5349993,0.08647795641761165
NTRA,NATERA INC,632307104,61222012000.0,267240,0.08635255327329125
VRSN,VERISIGN INC,92343E102,60708832000.0,249882,0.08562872205897593
OSCR,OSCAR HEALTH INC,687793109,60386146000.0,4202237,0.08517357922561812
ARCC,ARES CAPITAL CORP,04010L103,60037360000.0,2967739,0.08468162280892964
FLNC,FLUENCE ENERGY INC,34379V103,60033032000.0,3035037,0.08467551824231451
COP,CONOCOPHILLIPS,20825C104,59989032000.0,640840,0.08461345702903676
NGD,NEW GOLD INC CDA,644535106,59756862000.0,6860719,0.08428598539524826
QS,QUANTUMSCAPE CORP,74767V109,59549758000.0,5714948,0.08399386890627837
ITUB,ITAU UNIBANCO HLDG S A,465562106,59070573000.0,8250080,0.08331798703163071
EPRT,ESSENTIAL PPTYS RLTY TR INC,29670E107,58972118000.0,1988271,0.08317911801451114
STWD,STARWOOD PPTY TR INC,85571B105,58322107000.0,3238318,0.0822622891212411
LTH,LIFE TIME GROUP HOLDINGS INC,53190C102,58254987000.0,2191685,0.08216761756135015
XOP,SPDR SERIES TRUST,78468R556,57876826000.0,458394,0.08163422823238818
RY,ROYAL BK CDA,780087102,57867204000.0,339417,0.08162065657343003
F 0 03/15/26,FORD MTR CO,345370CZ1,57117500000.0,55000000,0.08056321248617593
URI,UNITED RENTALS INC,911363109,56490536000.0,69800,0.07967889097432435
PLUN,PLUG POWER INC,72919P202,55892830000.0,28371995,0.07883583734833823
MRP,MILLROSE PPTYS INC,601137102,55761585000.0,1866809,0.07865071862250554
J,JACOBS SOLUTIONS INC,46982L108,55554386000.0,419405,0.07835846813773427
CPT,CAMDEN PPTY TR,133131102,55378056000.0,503071,0.0781097578255237
LRN,STRIDE INC,86333M108,55112649000.0,848801,0.07773540599751445
PBF,PBF ENERGY INC,69318G106,55053437000.0,2029994,0.07765188853022804
RBRK,RUBRIK INC.,781154109,54780100000.0,716267,0.07726635157900759
SBAC,SBA COMMUNICATIONS CORP NEW,78410G104,54759453000.0,283097,0.07723722935467701
EQX,EQUINOX GOLD CORP,29446Y502,54647176000.0,3892249,0.07707886465369551
GLD,SPDR GOLD TR,78463V107,54611518000.0,137800,0.07702856968226238
GLD,SPDR GOLD TR,78463V107,54611518000.0,137800,0.07702856968226238
MNDY,MONDAY COM LTD,M7S64H106,54298981000.0,367979,0.07658774183193993
FANG,DIAMONDBACK ENERGY INC,25278X109,54113689000.0,359966,0.0763263907789704
LMND,LEMONADE INC,52567D107,54042846000.0,759242,0.07622646799414685
TT,TRANE TECHNOLOGIES PLC,G8994E103,53866448000.0,138403,0.07597766176915213
STN,STANTEC INC,85472N109,53803411000.0,570193,0.07588874920775691
SMTC,SEMTECH CORP,816850101,53793700000.0,730000,0.07587505201589008
WDC,WESTERN DIGITAL CORP,958102105,53447973000.0,310257,0.07538741026400654
MHK,MOHAWK INDS INC,608190104,53418408000.0,488732,0.07534570936013026
CNX 2.25 05/01/26,CNX RES CORP,12653CAG3,53071550000.0,18550000,0.07485647235296905
TMDX,TRANSMEDICS GROUP INC,89377M109,53035629000.0,435969,0.07480580642473839
PPG,PPG INDS INC,693506107,52957578000.0,516861,0.07469571688479425
ASND,ASCENDIS PHARMA A/S,04351P101,52860490000.0,247892,0.07455877599673266
MAGS,LISTED FDS TR,53656G498,52840556000.0,801100,0.0745306594461536
AKAM 1.125 02/15/29,AKAMAI TECHNOLOGIES INC,00971TAN1,52731536000.0,53372000,0.07437688868543678
SRPT,SAREPTA THERAPEUTICS INC,803607100,52540112000.0,2441455,0.07410688855610771
STT,STATE STR CORP,857477103,52517391000.0,407080,0.07407484099186035
TMDX 1.5 06/01/28,TRANSMEDICS GROUP INC,89377MAB5,52349500000.0,35000000,0.07383803373826002
SCCO,SOUTHERN COPPER CORP,84265V105,52044890000.0,362758,0.07340838677970242
CNQ,CANADIAN NAT RES LTD,136385101,52029989000.0,1537075,0.07338736918563306
ZM,ZOOM COMMUNICATIONS INC,98980L101,51631017000.0,598343,0.07282462631327286
WEC 4.375 06/01/29,WEC ENERGY GROUP INC,92939UAR7,51612959000.0,44246000,0.07279915582715081
CNX,CNX RES CORP,12653C108,51511902000.0,1400922,0.07265661673555514
PFE,PFIZER INC,717081103,51495889000.0,2068108,0.0726340306853684
PAAS,PAN AMERN SILVER CORP,697900108,51225324000.0,988715,0.07225240359058446
GVA 3.25 06/15/30,GRANITE CONSTR INC,387328AF4,50816700000.0,31860000,0.07167604674480249
WPM,WHEATON PRECIOUS METALS CORP,962879102,50790029000.0,432182,0.07163842777618133
WU,WESTERN UN CO,959802109,50777662000.0,5454099,0.07162098434380393
SIRI,SIRIUSXM HOLDINGS INC,829933100,50363146000.0,2518787,0.07103631693737122
RAL,RALLIANT CORP,750940108,50307124000.0,988158,0.07095729890804746
CP,CANADIAN PACIFIC KANSAS CITY,13646K108,50219342000.0,682050,0.07083348396659411
OTIS,OTIS WORLDWIDE CORP,68902V107,50151566000.0,574145,0.07073788713043247
POR,PORTLAND GEN ELEC CO,736508847,50137888000.0,1044757,0.0707185945559958
ED,CONSOLIDATED EDISON INC,209115104,50081216000.0,504241,0.07063865971329407
GPN 1.5 03/01/31,GLOBAL PMTS INC,37940XAU6,49693800000.0,55400000,0.07009221637231197
CW,CURTISS WRIGHT CORP,231561101,49669978000.0,90101,0.07005861586725055
SEI,SOLARIS ENERGY INFRAS INC,83418M103,49644428000.0,1079931,0.07002257804908586
COMM,COMMSCOPE HLDG CO INC,20337X109,49580002000.0,2734694,0.06993170632802605
GE,GE AEROSPACE,369604301,49263854000.0,159932,0.06948578522676847
MBLY,MOBILEYE GLOBAL INC,60741F104,48970929000.0,4690702,0.06907261975178247
CHH,CHOICE HOTELS INTL INC,169905106,48966117000.0,514026,0.06906583251182127
EMN,EASTMAN CHEM CO,277432100,48583758000.0,761143,0.06852652197891977
FOUR 6 05/01/28,SHIFT4 PMTS INC,82452J307,48515904000.0,606373,0.06843081512515276
SFM,SPROUTS FMRS MKT INC,85208M102,48483975000.0,608560,0.06838577984154491
EXPE 0 02/15/26,EXPEDIA GROUP INC,30212PBE4,48467360000.0,43449000,0.06836234468112197
ONDS,ONDAS HLDGS INC,68236H204,48391329000.0,4958128,0.06825510431506014
FTEC,FIDELITY COVINGTON TRUST,316092808,48323821000.0,215088,0.06815988548810664
HALO,HALOZYME THERAPEUTICS INC,40637H109,48278934000.0,717369,0.0680965731771885
IONS 1.75 06/15/28,IONIS PHARMACEUTICALS INC,462222AF7,48046075000.0,30250000,0.06776812972121933
TCOM 0.75 06/15/29,TRIP COM GROUP LTD,89677QAB3,47949271000.0,38999000,0.06763158941007981
DX,DYNEX CAP INC,26817Q886,47920392000.0,3420442,0.06759085609693781
TAP,MOLSON COORS BEVERAGE CO,60871R209,47598429000.0,1019675,0.06713673304215273
OR,OR ROYALTIES INC.,68390D106,47419910000.0,1339924,0.06688493518458158
DLR,DIGITAL RLTY TR INC,253868103,47329193000.0,305922,0.06675698047810619
BLK,BLACKROCK INC,09290D101,47118507000.0,44022,0.06645981164218266
CHE,CHEMED CORP NEW,16359R103,47031655000.0,109923,0.06633730844910087
PSTG,PURE STORAGE INC,74624M102,46952433000.0,700678,0.06622556723459429
PAYC,PAYCOM SOFTWARE INC,70432V102,46844828000.0,293956,0.0660737923060772
LYV 3.125 01/15/29,LIVE NATION ENTERTAINMENT IN,538034BA6,46496000000.0,32000000,0.0655817766491397
LEVI,LEVI STRAUSS & CO NEW,52736R102,46073391000.0,2221475,0.06498569421091024
IEX,IDEX CORP,45167R104,45732004000.0,257008,0.06450417395142728
GIB/A,CGI INC,12532H104,45554757000.0,493551,0.06425417022711272
AWI,ARMSTRONG WORLD INDS INC NEW,04247X102,45463837000.0,237906,0.06412592919276697
WULF,TERAWULF INC,88080T104,45455922000.0,3956129,0.06411476522678757
ZS,ZSCALER INC,98980G102,45302712000.0,201417,0.06389866526119022
NEE 3 03/01/27,NEXTERA ENERGY CAP HLDGS INC,65339KCY4,44697097000.0,36017000,0.06304445613211741
UMC,UNITED MICROELECTRONICS CORP,910873405,44608589000.0,5675393,0.06291961718064498
BIIB,BIOGEN INC,09062X103,44307770000.0,251763,0.06249531735980411
TVTX,TRAVERE THERAPEUTICS INC,89422G107,44201595000.0,1156807,0.06234555942071855
BEN,FRANKLIN RESOURCES INC,354613101,44152996000.0,1848179,0.06227701140017115
SPHQ,INVESCO EXCHANGE TRADED FD T,46137V241,44039340000.0,586800,0.06211670164434625
SMCI,SUPER MICRO COMPUTER INC,86800U302,43896219000.0,1499700,0.06191483203285705
TOST,TOAST INC,888787108,43785286000.0,1233041,0.061758363019844775
TPR,TAPESTRY INC,876030107,43658370000.0,341695,0.061579350271109355
FROG,JFROG LTD,M6191J100,43416758000.0,695113,0.06123856086514429
SOLS,SOLSTICE ADVANCED MATLS INC,83443Q103,43149242000.0,888210,0.06086123433034406
DHI,D R HORTON INC,23331A109,43134969000.0,299486,0.06084110251904603
BURL,BURLINGTON STORES INC,122017106,42923110000.0,148600,0.060542279187595804
REAL,THE REALREAL INC,88339P101,42899997000.0,2718631,0.060509678714357425
NOVT 6.5 11/01/28,NOVANTA INC,67000B203,42812816000.0,778698,0.060386711472658165
FELC,FIDELITY COVINGTON TRUST,316092113,42521380000.0,1114000,0.059975646205548766
SYM,SYMBOTIC INC,87151X101,42441707000.0,713306,0.05986326886360608
HOOD,ROBINHOOD MKTS INC,770700102,42322020000.0,374200,0.05969445249011577
TFII,TFI INTL INC,87241L109,42205556000.0,408375,0.05953018210049805
MP,MP MATERIALS CORP,553368101,42141157000.0,834148,0.05943934846245547
TSLA,TESLA INC,88160R101,41958876000.0,93300,0.05918224437114908
TDY,TELEDYNE TECHNOLOGIES INC,879360105,41861984000.0,81965,0.059045579937583
MSTR,STRATEGY INC,594972408,41634300000.0,274000,0.05872443572658458
DCI,DONALDSON INC,257651109,41623742000.0,469476,0.05870954385636216
ATEC,ALPHATEC HLDGS INC,02081G201,41411117000.0,1968209,0.05840964009560804
KBH,KB HOME,48666K109,41393658000.0,733800,0.058385014488275856
BURL 1.25 12/15/27,BURLINGTON STORES INC,122017AD8,41068130000.0,27730000,0.05792586306473316
BAH,BOOZ ALLEN HAMILTON HLDG COR,099502106,40933328000.0,485222,0.05773572725399982
LIN,LINDE PLC,G54950103,40885684000.0,95888,0.05766852624387698
CFR,CULLEN FROST BANKERS INC,229899109,40884775000.0,322868,0.05766724411562995
CBSH,COMMERCE BANCSHARES INC,200525103,40768830000.0,778923,0.05750370576623248
TRI,THOMSON REUTERS CORP,884903808,40553405000.0,307479,0.05719985265554251
MTH,MERITAGE HOMES CORP,59001A102,40471080000.0,615062,0.05708373471501772
NVT,NVENT ELECTRIC PLC,G6700G107,40468834000.0,396870,0.05708056677217633
XLP,SELECT SECTOR SPDR TR,81369Y308,40360042000.0,519568,0.05692711760138285
TIP,ISHARES TR,464287176,39864357000.0,362700,0.056227962771756027
DNN,DENISON MINES CORP,248356107,39602631000.0,14888207,0.055858802928430304
UNM,UNUM GROUP,91529Y106,39510585000.0,509814,0.055728973691217494
SPOT 0 03/15/26,SPOTIFY USA INC,84921RAB6,39392445000.0,34707000,0.05556233933356674
MARA,MARA HOLDINGS INC,565788106,39265948000.0,4372600,0.05538391757683958
ALC,ALCON AG,H01301128,39219402000.0,497645,0.055318265276084445
EL,LAUDER ESTEE COS INC,518439104,38957411000.0,372015,0.05494873165499694
PLTR,PALANTIR TECHNOLOGIES INC,69608A108,38802825000.0,218300,0.054730690866002525
DINO,HF SINCLAIR CORP,403949100,38732820000.0,840556,0.05463195006519552
WST,WEST PHARMACEUTICAL SVSC INC,955306105,38502816000.0,139939,0.05430753353567881
JGRO,J P MORGAN EXCHANGE TRADED F,46654Q609,38447040000.0,414300,0.05422886248495655
JQUA,J P MORGAN EXCHANGE TRADED F,46641Q761,38375532000.0,607400,0.05412800172952324
BIP,BROOKFIELD INFRAST PARTNERS,G16252101,38362583000.0,1104277,0.054109737396552025
JAZZ 2 06/15/26,JAZZ INVESTMENTS I LTD,472145AF8,38148000000.0,33000000,0.05380707191180705
SEDG,SOLAREDGE TECHNOLOGIES INC,83417M104,37870328000.0,1312663,0.053415420520596626
ZBRA,ZEBRA TECHNOLOGIES CORPORATI,989207105,37802460000.0,155681,0.05331969392007995
PTC,PTC INC,69370C100,37751133000.0,216699,0.05324729810430933
THC,TENET HEALTHCARE CORP,88033G407,37742890000.0,189930,0.053235671500194585
TXT,TEXTRON INC,883203101,37656220000.0,431986,0.05311342501485863
MSTR 0.625 09/15/28,STRATEGY INC,594972AQ4,37597200000.0,32300000,0.05303017836013925
QTWO,Q2 HLDGS INC,74736L109,37570681000.0,520658,0.05299277378480033
LUNR,INTUITIVE MACHINES INC,46125A100,37485051000.0,2309615,0.052871994200869105
ESNT,ESSENT GROUP LTD,G3198U102,37459087000.0,576205,0.05283537244310676
JXN,JACKSON FINANCIAL INC,46817M107,37417833000.0,350847,0.05277718441373039
MCX,MCCORMICK & CO INC,579780206,37416160000.0,549349,0.05277482467714373
HOOD,ROBINHOOD MKTS INC,770700102,37300380000.0,329800,0.052611519057296045
ADT,ADT INC DEL,00090Q103,37182210000.0,4607461,0.0524448423851817
SMR,NUSCALE PWR CORP,67079K100,36929386000.0,2606167,0.05208823865368776
ACM,AECOM,00766T100,36912443000.0,387207,0.05206434085512947
DBX,DROPBOX INC,26210C104,36890405000.0,1326993,0.052033256650170036
RSPT,INVESCO EXCHANGE TRADED FD T,46137V282,36690162000.0,806200,0.05175081747902512
DOV,DOVER CORP,260003108,36667439000.0,187807,0.051718767093813525
CPNG,COUPANG INC,22266T109,36531993000.0,1548622,0.051527722932594944
EXPO,EXPONENT INC,30214U102,36376480000.0,523704,0.05130837462667535
DSGX,DESCARTES SYS GROUP INC,249906108,36370923000.0,414909,0.05130053657753479
AVB,AVALONBAY CMNTYS INC,053484101,36363715000.0,200561,0.0512903698224142
RHI,ROBERT HALF INC.,770323103,36248469000.0,1334627,0.05112781740001858
AG8,AGILENT TECHNOLOGIES INC,00846U101,36109440000.0,265374,0.05093171948136421
IVW,ISHARES TR,464287309,36090528000.0,292800,0.050905044443511745
SIRI 3.75 03/15/28,LIBERTY MEDIA CORP DEL,531229AP7,36024524000.0,35881000,0.05081194698166664
ATGE,ADTALEM GLOBAL ED INC,00737L103,35964310000.0,347582,0.05072701621129604
GLD,SPDR GOLD TR,78463V107,35918764000.0,90633,0.05066277439266085
WWD,WOODWARD INC,980745103,35858175000.0,118610,0.05057731469149528
KMI,KINDER MORGAN INC DEL,49456B101,35814934000.0,1302835,0.05051632403414657
TTEK 2.25 08/15/28,TETRA TECH INC NEW,88162GAB9,35762100000.0,33000000,0.05044180262182119
LUMN,LUMEN TECHNOLOGIES INC,550241103,35707268000.0,4595530,0.050364463066220166
USRT,ISHARES TR,464288521,35582912000.0,624700,0.05018906115171182
HOG,HARLEY DAVIDSON INC,412822108,35292242000.0,1722413,0.049779076313906295
BCRX,BIOCRYST PHARMACEUTICALS INC,09058V103,35219473000.0,4515317,0.04967643694051974
SIMO,SILICON MOTION TECHNOLOGY CO,82706C108,35210890000.0,379837,0.04966433077248422
PAGP,PLAINS GP HLDGS L P,72651A207,35120962000.0,1834951,0.04953748893640147
PLTR,PALANTIR TECHNOLOGIES INC,69608A108,34963425000.0,196700,0.04931528581467109
BA,BOEING CO,097023105,34804336000.0,160300,0.049090893624690546
QURE,UNIQURE NV,N90064101,34729226000.0,1451284,0.04898495231266119
SPHR,SPHERE ENTERTAINMENT CO,55826T102,34702869000.0,364986,0.048947776235425705
MRX,MAREX GROUP PLC,G5S37H101,34643798000.0,903123,0.04886445764611821
EXK,ENDEAVOUR SILVER CORP,29258Y103,34461707000.0,3666139,0.04860762154641461
CVLT,COMMVAULT SYS INC,204166102,34434386000.0,274684,0.04856908576441549
CPA,COPA HOLDINGS SA,P31076105,34336582000.0,284691,0.04843113497115601
ULS,UL SOLUTIONS INC,903731107,34263881000.0,434490,0.04832859151055362
TREX,TREX CO INC,89531P105,34259549000.0,976612,0.04832248130201
INTU,INTUIT,461202103,34190146000.0,51614,0.04822458961143919
BA,BOEING CO,097023105,34152976000.0,157300,0.0481721619910407
SOFI,SOFI TECHNOLOGIES INC,83406F102,34083742000.0,1301900,0.04807450867194816
STRL,STERLING INFRASTRUCTURE INC,859241101,34046039000.0,111178,0.04802132926457973
DJT,TRUMP MEDIA & TECHNOLOGY GRO,25400Q105,33957952000.0,2564800,0.0478970841260798
ALKS,ALKERMES PLC,G01767105,33950848000.0,1213397,0.04788706406109968
HSY,HERSHEY CO,427866108,33949461000.0,186556,0.04788510772239931
OI,O-I GLASS INC,67098H104,33942081000.0,2299599,0.04787469836435409
DK,DELEK US HLDGS INC NEW,24665A103,33813705000.0,1140044,0.047693626311723546
KGS,KODIAK GAS SVCS INC,50012A108,33786823000.0,903391,0.04765570973137508
RVMD,REVOLUTION MEDICINES INC,76155X100,33591193000.0,421735,0.0473797771142495
MMSI,MERIT MED SYS INC,589889104,33470284000.0,379740,0.0472092371316086
PAYX,PAYCHEX INC,704326107,33404175000.0,297773,0.04711599156914091
EW,EDWARDS LIFESCIENCES CORP,28176E108,33365657000.0,391386,0.04706166261884472
CNP 4.25 08/15/26,CENTERPOINT ENERGY INC,15189TBD8,33351750000.0,30500000,0.0470420470440026
TSLA,TESLA INC,88160R101,33054420000.0,73500,0.04662266839527821
FTS,FORTIS INC,349553107,33024231000.0,635815,0.04658008735055908
BOKF,BOK FINL CORP,05561Q201,32855710000.0,277357,0.04634239149322319
RS,RELIANCE INC,759509102,32843941000.0,113698,0.046325791529153504
BOH,BANK HAWAII CORP,062540109,32779313000.0,479440,0.04623463489070546
FSM,FORTUNA MNG CORP,349942102,32776054000.0,3341086,0.04623003812947655
JBLU,JETBLUE AWYS CORP,477143101,32553876000.0,7154698,0.04591666003303056
APO 6.75 07/31/26,APOLLO GLOBAL MGMT INC,03769M304,32294316000.0,427626,0.04555055529397665
CSGS 3.875 09/15/28,CSG SYS INTL INC,126349AH2,32270964000.0,27302000,0.045517617715511605
MEDP,MEDPACE HLDGS INC,58506Q109,32228039000.0,57381,0.0454570727705128
DUOL,DUOLINGO INC,26603R106,32008743000.0,182386,0.04514775968353651
FXI,ISHARES TR,464287184,31949176000.0,834400,0.045063741495097516
BIZD,VANECK ETF TRUST,92189F411,31936196000.0,2252200,0.045045433437180586
FSLY,FASTLY INC,31188V100,31791845000.0,3122971,0.04484182893268385
CI,THE CIGNA GROUP,125523100,31750808000.0,115361,0.04478394697792751
TGTX,TG THERAPEUTICS INC,88322Q108,31611955000.0,1060448,0.04458809730412626
WKC 3.25 07/01/28,WORLD KINECT CORPORATION,98149GAB6,31479000000.0,30000000,0.04440056665386847
ESTC,ELASTIC N V,N14506104,31462101000.0,417048,0.04437673091652345
CECO,CECO ENVIRONMENTAL CORP,125141101,31455185000.0,525567,0.044366976022181884
GS,GOLDMAN SACHS GROUP INC,38141G104,31404912000.0,35728,0.0442960668545657
GLOB,GLOBANT S A,L44385109,31348968000.0,479562,0.044217158842847284
SFD,SMITHFIELD FOODS INC,832248207,31312421000.0,1402258,0.04416560995280951
AUPH,AURINIA PHARMACEUTICALS INC,05156V102,31305735000.0,1962742,0.04415617946935554
SYK,STRYKER CORPORATION,863667101,31290671000.0,89028,0.044134931966700625
TPB,TURNING PT BRANDS INC,90041L105,31238712000.0,288180,0.044061644726230205
SMCI,SUPER MICRO COMPUTER INC,86800U302,31099375000.0,1062500,0.0438651123790829
BCPC,BALCHEM CORP,057665200,31087452000.0,202709,0.043848295200766746
XYL,XYLEM INC,98419M100,31081042000.0,228235,0.04383925401037788
ARR,ARMOUR RESIDENTIAL REIT INC,042315705,31061853000.0,1755899,0.04381218826897818
BEAM,BEAM THERAPEUTICS INC,07373V105,31057183000.0,1120389,0.04380560131747802
SOFI,SOFI TECHNOLOGIES INC,83406F102,30910726000.0,1180700,0.04359902633763668
MTSI 0.25 03/15/26,MACOM TECH SOLUTIONS HLDGS I,55405YAB6,30847589000.0,14857000,0.04350997272802947
FTAI,FTAI AVIATION LTD,G3730V105,30824151000.0,156587,0.04347691384810211
SBSW,SIBANYE STILLWATER LTD,82575P107,30736766000.0,2156966,0.043353658868050385
GDXJ,VANECK ETF TRUST,92189F791,30720600000.0,270000,0.04333085701409929
MIRM,MIRUM PHARMACEUTICALS INC,604749101,30690933000.0,388542,0.04328901224104677
RRC,RANGE RES CORP,75281A109,30660157000.0,869545,0.04324560324332323
WLDN,WILLDAN GROUP INC,96924N100,30656097000.0,295737,0.04323987668591624
STWD,STARWOOD PPTY TR INC,85571B105,30588184000.0,1698400,0.04314408661370415
LAMR,LAMAR ADVERTISING CO NEW,512816109,30506033000.0,241002,0.04302821409706824
SPY,SPDR S&P 500 ETF TR,78462F103,30481824000.0,44700,0.0429940677354264
HTGC,HERCULES CAPITAL INC,427096508,30421702000.0,1616456,0.04290926672941083
RDN,RADIAN GROUP INC,750236101,30204356000.0,839243,0.04260270408256844
XLF,SELECT SECTOR SPDR TR,81369Y605,30196344000.0,551330,0.04259140329982341
ORC,ORCHID IS CAP INC,68571X301,30034519000.0,4171461,0.04236315203076269
SPY,SPDR S&P 500 ETF TR,78462F103,30004480000.0,44000,0.04232078255836155
ACAD,ACADIA PHARMACEUTICALS INC,004225108,29891615000.0,1119117,0.04216158849389353
BXSL,BLACKSTONE SECD LENDING FD,09261X102,29656611000.0,1126343,0.04183011955377708
OVV,OVINTIV INC,69047Q102,29530566000.0,753523,0.041652335334968135
ROP,ROPER TECHNOLOGIES INC,776696106,29394605000.0,66036,0.04146056477545777
CRAI,CRA INTL INC,12618T105,29334585000.0,146165,0.041375907638618446
AEP,AMERICAN ELEC PWR CO INC,025537101,29217248000.0,253380,0.041210405898110015
SIL,GLOBAL X FDS,37954Y848,29173536000.0,349300,0.041148750903682814
INGR,INGREDION INC,457187102,29154288000.0,264414,0.041121601943838036
SKWD,SKYWARD SPECIALTY INS GROUP,830940102,29102903000.0,569417,0.04104912432010447
TENB,TENABLE HLDGS INC,88025T102,29014584000.0,1233089,0.04092455194975271
JETS,ETF SER SOLUTIONS,26922A842,28884030000.0,1029000,0.04074040786706491
SMCI 3.5 03/01/29,SUPER MICRO COMPUTER INC,86800UAB0,28882750000.0,32500000,0.04073860244995138
AGO,ASSURED GUARANTY LTD,G0585R106,28794258000.0,320399,0.04061378606619287
XOM,EXXON MOBIL CORP,30231G102,28472444000.0,236600,0.04015987317324367
STAG,STAG INDL INC,85254J102,28441065000.0,773696,0.04011561365480179
IDCC,INTERDIGITAL INC,45867G101,28277556000.0,88817,0.03988498713385108
BOX,BOX INC,10316T104,28260254000.0,944843,0.039860582972211726
PFSI,PENNYMAC FINL SVCS INC NEW,70932M107,28104465000.0,213171,0.03964084537322703
EQXCN 4.75 10/15/28,EQUINOX GOLD CORP,29446YAC0,27958893000.0,11905000,0.039435518670061835
TEL,TE CONNECTIVITY PLC,G87052109,27935498000.0,122788,0.03940252044086563
PRU,PRUDENTIAL FINL INC,744320102,27853817000.0,246756,0.039287310850826096
OMCL,OMNICELL COM,68213N109,27739228000.0,612345,0.03912568511518328
GMAB,GENMAB A/S,372303206,27591964000.0,895843,0.038917971876271135
DFAC,DIMENSIONAL ETF TRUST,25434V708,27590271000.0,696900,0.03891558393004206
RLI,RLI CORP,749607107,27564439000.0,430829,0.038879148355919546
ORA 2.5 07/15/27,ORMAT TECHNOLOGIES INC,686688AB8,27490500000.0,20500000,0.038774858718452654
AR,ANTERO RESOURCES CORP,03674X106,27452973000.0,796662,0.038721927555937334
QLYS,QUALYS INC,74758T303,27433883000.0,206425,0.03869500145226751
IONS 0 04/01/26,IONIS PHARMACEUTICALS INC,462222AD2,27400000000.0,20000000,0.038647210086597286
GVA,GRANITE CONSTR INC,387328107,27199761000.0,235802,0.03836477655738086
BAC 0.6 05/25/27 MTN,BOFA FIN LLC,09709UV70,27137500000.0,25000000,0.038276958530110726
TCOM,TRIP COM GROUP LTD,89677Q107,27136173000.0,377363,0.038275086820337555
CSIQ,CANADIAN SOLAR INC,136635109,26937971000.0,1133276,0.03799552644319946
AG,FIRST MAJESTIC SILVER CORP,32076V103,26928074000.0,1616331,0.037981566901658326
CDP,COPT DEFENSE PROPERTIES,22002T108,26907676000.0,967902,0.03795279588737561
WPC,WP CAREY INC,92936U109,26902158000.0,417995,0.03794501284703773
VITL,VITAL FARMS INC,92847W103,26890542000.0,841908,0.037928628686732406
AXON,AXON ENTERPRISE INC,05464C101,26806296000.0,47200,0.0378098012100552
N/A,AURA MINERALS INC,G06973112,26705783000.0,529719,0.03766802942073279
MARA 0 03/01/30,MARA HOLDINGS INC,565788AF3,26656000000.0,34000000,0.03759781138935537
IWB,ISHARES TR,464287622,26648678000.0,71360,0.037587483839273114
SKYY,FIRST TR EXCHANGE TRADED FD,33734X192,26640384000.0,204800,0.03757578530057025
ARIS,ARIS MNG CORP,04040Y109,26638883000.0,1641336,0.037573668166908214
XPO,XPO INC,983793100,26598810000.0,195709,0.0375171459169155
AXSM,AXSOME THERAPEUTICS INC,05464T104,26591836000.0,145597,0.03750730921461098
FNF,FIDELITY NATIONAL FINANCIAL,31620R303,26587295000.0,487036,0.03750090421530429
REM,ISHARES TR,46435G342,26422102000.0,1191258,0.037267902442463585
TNDM,TANDEM DIABETES CARE INC,875372203,26409563000.0,1201527,0.03725021640716155
TSA,ACI WORLDWIDE INC,004498101,26386482000.0,551903,0.03721766106935101
RPRX,ROYALTY PHARMA PLC,G7709Q104,26323423000.0,681248,0.03712871747734916
WIX,WIX COM LTD,M98068105,26314298000.0,253290,0.037115846828004624
ABBV,ABBVIE INC,00287Y109,26210545000.0,114712,0.036969505076613576
TLT,ISHARES TR,464287432,26182864000.0,300400,0.036930461521051276
LII,LENNOX INTL INC,526107107,26164022000.0,53882,0.0369038852169472
CIB1N,GRUPO CIBEST SA,40090E106,26146191000.0,411039,0.03687873491026639
CALF,PACER FDS TR,69374H857,26093997000.0,588100,0.03680511620649778
UWMC,UWM HOLDINGS CORPORATION,91823B109,26002654000.0,5936679,0.0366762785382153
GL,GLOBE LIFE INC,37959E102,25853401000.0,184852,0.03646575985036658
KT,KT CORP,48268K101,25806617000.0,1360391,0.0363997718548669
SBSW,SIBANYE STILLWATER LTD,82575P107,25801050000.0,1810600,0.03639191970090514
RPM,RPM INTL INC,749685103,25764232000.0,247733,0.03633998857021287
RELX,RELX PLC,759530108,25674056000.0,635182,0.03621279693456436
CNA,CNA FINL CORP,126117100,25662446000.0,537546,0.03619642123715176
NTST,NETSTREIT CORP,64119V303,25660679000.0,1454687,0.03619392891524581
TPH,TRI POINTE HOMES INC,87265H109,25652361000.0,815137,0.03618219652497208
TEX,TEREX CORP NEW,880779103,25633183000.0,480202,0.036155146298875694
PGY,PAGAYA TECHNOLOGIES LTD,M7S64L123,25546363000.0,1222314,0.036032688241221744
WDFC,WD 40 CO,929236107,25451491000.0,129261,0.03589887298153796
FHB,FIRST HAWAIIAN INC,32051X108,25379847000.0,1003156,0.03579782040053634
CLS,CELESTICA INC,15101Q207,25351514000.0,85760,0.035757857210631835
EWBC,EAST WEST BANCORP INC,27579R104,25348665000.0,225542,0.0357538387470721
CTRE,CARETRUST REIT INC,14174T107,25295041000.0,699531,0.03567820305387197
AMZN,AMAZON COM INC,023135106,25159380000.0,109000,0.03548685563899759
DVAX,DYNAVAX TECHNOLOGIES CORP,268158201,25109542000.0,1632610,0.035416560031103585
FCPT,FOUR CORNERS PPTY TR INC,35086T109,24972873000.0,1082952,0.035223790850252304
RWR,SPDR SERIES TRUST,78464A607,24901305000.0,253500,0.035122845465891804
CTRI,CENTURI HOLDINGS INC,155923105,24889910000.0,985739,0.03510677302213498
Q,QNITY ELECTRONICS INC,74743L100,24754974000.0,303184,0.034916448206797575
RIG 4.625 09/30/29 *,TRANSOCEAN INC,893830BW8,24750000000.0,18000000,0.03490943246873295
XLC,SELECT SECTOR SPDR TR,81369Y852,24710605000.0,209910,0.03485386652561757
CRSP,CRISPR THERAPEUTICS AG,H17182108,24679365000.0,470621,0.03480980306419036
RYAAY,RYANAIR HOLDINGS PLC,783513203,24610437000.0,340912,0.03471258135262653
ATR,APTARGROUP INC,038336103,24350168000.0,199657,0.03434547658174958
RE,EVEREST GROUP LTD,G3223R108,24342594000.0,71733,0.034334793590173086
AMZN,AMAZON COM INC,023135106,24282264000.0,105200,0.03424969920387658
NTLA,INTELLIA THERAPEUTICS INC,45826J105,24261655000.0,2698738,0.034220630577866555
NBR 1.75 06/15/29,NABORS INDS INC,62957HAL9,24242392000.0,30126000,0.03419346046078998
SNDX,SYNDAX PHARMACEUTICALS INC,87164F105,24097125000.0,1146936,0.03398856395467137
LAC,LITHIUM AMERS CORP NEW,53681J103,24092789000.0,5525869,0.03398244810419928
IRM,IRON MTN INC DEL,46284V101,24068772000.0,290160,0.03394857255512447
GSL,GLOBAL SHIP LEASE INC NEW,Y27183600,24042170000.0,686135,0.033911050909769584
FCN,FTI CONSULTING INC,302941109,23968645000.0,140307,0.033807345211900354
EZPW,EZCORP INC,302301106,23965076000.0,1234041,0.033802311201214255
FAF,FIRST AMERN FINL CORP,31847R102,23956378000.0,389915,0.033790042827734935
WEA,WESTERN ALLIANCE BANCORP,957638109,23933720000.0,284688,0.03375808412386114
ARES 6.75 10/01/27 B,ARES MANAGEMENT CORPORATION,03990B309,23873976000.0,473690,0.03367381628008692
OPEN,OPENDOOR TECHNOLOGIES INC,683712103,23806770000.0,4083494,0.03357902341873364
PTON,PELOTON INTERACTIVE INC,70614W100,23693688000.0,3846378,0.033419523279645584
RSI,RUSH STREET INTERACTIVE INC,782011100,23657774000.0,1217590,0.033368867224789746
FITB,FIFTH THIRD BANCORP,316773100,23621309000.0,504621,0.033317433994285814
IWM,ISHARES TR,464287655,23557512000.0,95700,0.03322744946647944
PRI,PRIMERICA INC,74164M108,23514894000.0,91016,0.03316733753949146
IXN,ISHARES TR,464287291,23509500000.0,223900,0.03315972939893646
MANH,MANHATTAN ASSOCIATES INC,562750109,23475013000.0,135451,0.033111086102065784
T,TELUS CORPORATION,87971M103,23443100000.0,1780038,0.03306607338617185
HLF,HERBALIFE LTD,G4412G101,23420266000.0,1816933,0.03303386643744494
IMAX,IMAX CORP,45245E109,23361825000.0,632084,0.03295143645187302
DLO,DLOCAL LTD,G29018101,23354345000.0,1651651,0.0329408860456158
CVI,CVR ENERGY INC,12662P108,23259080000.0,914272,0.03280651646645888
CSWC,CAPITAL SOUTHWEST CORP,140501107,23243811000.0,1049382,0.032784979814969376
APPF,APPFOLIO INC,03783C100,23236151000.0,99876,0.03277417552193057
EQX,EQUINOX GOLD CORP,29446Y502,23229180000.0,1654500,0.03276434305107241
VRNS,VARONIS SYS INC,922280102,23224696000.0,708070,0.032758018449246556
MHO,M/I HOMES INC,55305B101,23192089000.0,181259,0.03271202685876139
PFG,PRINCIPAL FINANCIAL GROUP IN,74251V102,23140747000.0,262337,0.03263960988575898
METC,RAMACO RES INC,75134P600,23132844000.0,1285158,0.03262846284556502
TE,T1 ENERGY INC,35834F104,23119300000.0,3460973,0.03260935927573243
COCO,VITA COCO CO INC,92846Q107,23108384000.0,435925,0.03259396245291107
FMDE,FIDELITY COVINGTON TRUST,31609A503,23079472000.0,634400,0.032553182593859115
ITW,ILLINOIS TOOL WKS INC,452308109,23066980000.0,93654,0.03253556285121671
OBDC,BLUE OWL CAPITAL CORPORATION,69121K104,23024126000.0,1852303,0.03247511805044843
ASAN,ASANA INC,04342Y104,22871077000.0,1668204,0.032259245172472376
TKR,TIMKEN CO,887389104,22811008000.0,271140,0.032174518922009177
IWM,ISHARES TR,464287655,22745184000.0,92400,0.032081675346945664
DOO,BRP INC,05577W200,22673627000.0,320430,0.03198074547788849
CCJ,CAMECO CORP,13321L108,22566100000.0,246651,0.03182908056697675
GBX 2.875 04/15/28,GREENBRIER COS INC,393657AM3,22560300000.0,21000000,0.03182089977068105
PENN 2.75 05/15/26,PENN ENTERTAINMENT INC,707569AU3,22539244000.0,22813000,0.03179120065916341
SII,SPROTT INC,852066208,22525027000.0,230035,0.031771147834864094
RNG,RINGCENTRAL INC,76680R206,22519469000.0,779760,0.03176330837524142
NDSN,NORDSON CORP,655663102,22480205000.0,93500,0.03170792720528375
BAC,BANK AMERICA CORP,060505104,22459195000.0,408349,0.03167829297594363
IAI,ISHARES TR,464288794,22403313000.0,124900,0.03159947241411665
BNL,BROADSTONE NET LEASE INC,11135E203,22296167000.0,1283602,0.03144834489689261
AIZ,ASSURANT INC,04621X108,22250446000.0,92383,0.031383856243886434
UNH,UNITEDHEALTH GROUP INC,91324P102,22183392000.0,67200,0.03128927777581538
MLYS,MINERALYS THERAPEUTICS INC,603170101,22151525000.0,610403,0.031244329942098976
EXP,EAGLE MATLS INC,26969P108,22132741000.0,107087,0.031217835445957857
PSKY,PARAMOUNT SKYDANCE CORP,69932A204,22097431000.0,1649062,0.031168031322302465
TRNO,TERRENO RLTY CORP,88146M101,22069500000.0,375907,0.031128635146210174
RDDT,REDDIT INC,75734B100,22067520000.0,96000,0.031125842391612677
EVLV,EVOLV TECHNOLOGIES HLDNGS IN,30049H102,22061779000.0,3081254,0.031117744813762047
GS,GOLDMAN SACHS GROUP INC,38141G104,21975000000.0,25000,0.030995344585875013
GS,GOLDMAN SACHS GROUP INC,38141G104,21975000000.0,25000,0.030995344585875013
TTAN,SERVICETITAN INC,81764X103,21974678000.0,206335,0.030994890410632386
NJR,NEW JERSEY RES CORP,646025106,21960038000.0,476150,0.030974240952396342
OTTR,OTTER TAIL CORP,689648103,21952279000.0,271653,0.03096329702162766
COMP,COMPASS INC,20464U100,21946480000.0,2076299,0.030955117635814076
BCC,BOISE CASCADE CO DEL,09739D100,21920288000.0,297830,0.03091817428812837
N/A,KINIKSA PHARMACEUTICALS INTL,G52694109,21882960000.0,530496,0.030865523811554926
AMKR,AMKOR TECHNOLOGY INC,031652100,21823833000.0,552782,0.030782126235248713
TLT,ISHARES TR,464287432,21735176000.0,249371,0.030657077121940414
JMIA,JUMIA TECHNOLOGIES AG,48138M105,21541028000.0,1724662,0.03038323483931659
STE,STERIS PLC,G8473T100,21474919000.0,84707,0.030289989276848894
SPB,SPECTRUM BRANDS HLDGS INC NE,84790A105,21388142000.0,362020,0.030167591869926097
TTEK,TETRA TECH INC NEW,88162G103,21356561000.0,636749,0.030123047434095995
LPX,LOUISIANA PAC CORP,546347105,21333723000.0,264162,0.030090834843440602
ESTA,ESTABLISHMENT LABS HLDGS INC,G31249108,21301002000.0,292275,0.03004468245799376
EEFT,EURONET WORLDWIDE INC,298736109,21237049000.0,279031,0.029954477894976673
MSGS,MADISON SQUARE GRDN SPRT COR,55825T103,21125239000.0,81675,0.029796771889145195
ARKW,ARK ETF TR,00214Q401,21114606000.0,142927,0.02978177423276378
PAG,PENSKE AUTOMOTIVE GRP INC,70959W103,21057477000.0,133031,0.029701194799733224
SOBO,SOUTH BOW CORP,83671M105,21040152000.0,765932,0.02967675819700511
FOLD,AMICUS THERAPEUTICS INC,03152W109,20980376000.0,1473341,0.029592445217803052
MTZ,MASTEC INC,576323109,20933600000.0,96304,0.029526468506160326
AHR,AMERICAN HEALTHCARE REIT INC,398182303,20880193000.0,443693,0.029451138887580223
SHAK,SHAKE SHACK INC,819047101,20877249000.0,257204,0.02944698642821909
KYMR,KYMERA THERAPEUTICS INC,501575104,20661045000.0,265532,0.029142034551957678
GRAB,GRAB HOLDINGS LIMITED,G4124C109,20568795000.0,4122003,0.0290119175763924
CELH,CELSIUS HLDGS INC,15118V207,20497786000.0,448137,0.028911760651536958
CRC,CALIFORNIA RES CORP,13057Q305,20491264000.0,458315,0.02890256148715065
CORZ,CORE SCIENTIFIC INC NEW,21874A106,20337801000.0,1396827,0.02868610466957695
AORT,ARTIVION INC,228903100,20226530000.0,443467,0.028529158913608126
SLM,SLM CORP,78442P106,20158428000.0,744953,0.028433102260275372
MCY,MERCURY GENL CORP NEW,589400100,20136929000.0,214086,0.02840277830517859
GOLF,ACUSHNET HLDGS CORP,005098108,20093328000.0,251733,0.028341279874266705
SXT,SENSIENT TECHNOLOGIES CORP,81725T100,20079088000.0,213721,0.028321194608878632
SLGN,SILGAN HLDGS INC,827048109,20021986000.0,495962,0.028240653258865316
NKTR,NEKTAR THERAPEUTICS,640268306,19999032000.0,473014,0.02820827705228401
FHI,FEDERATED HERMES INC,314211103,19982435000.0,383761,0.02818486728053922
UGI 5 06/01/28,UGI CORP NEW,902681AB1,19958445000.0,14085000,0.02815102981448165
CCL,CARNIVAL CORP,143658300,19948545000.0,653194,0.028137066041494158
DUK 4.125 04/15/26,DUKE ENERGY CORP NEW,26441CBY0,19886210000.0,19307000,0.028049143638547144
ABCL,ABCELLERA BIOLOGICS INC,00288U106,19873569000.0,5810985,0.028031313734068877
BRKR,BRUKER CORP,116794108,19862754000.0,421625,0.02801605936994163
JBLU 2.5 09/01/29,JETBLUE AIRWAYS CORP,477143AR2,19833750000.0,20500000,0.027975149746534634
MAN,MANPOWERGROUP INC WIS,56418H100,19833418000.0,667118,0.027974681466470808
CCL,CARNIVAL CORP,143658300,19814352000.0,648800,0.027947789214371865
IGV,ISHARES TR,464287515,19785168000.0,187200,0.027906625704183282
CIFR,CIPHER MINING INC,17253J106,19746902000.0,1337866,0.02785265219538132
ROL,ROLLINS INC,775711104,19676417000.0,327831,0.027753234363156725
IQV,IQVIA HLDGS INC,46266C105,19616305000.0,87025,0.027668447461962363
XENE,XENON PHARMACEUTICALS INC,98420N105,19574821000.0,436743,0.02760993502169841
SAP,SAP SE,803054204,19532393000.0,80410,0.02755009108631322
CUZ,COUSINS PPTYS INC,222795502,19514944000.0,756980,0.027525479583802234
HDB,HDFC BANK LTD,40415F101,19512068000.0,533992,0.02752142303722526
SMG,SCOTTS MIRACLE-GRO CO,810186106,19476938000.0,333795,0.02747187280035146
UNH,UNITEDHEALTH GROUP INC,91324P102,19476490000.0,59000,0.027471240904361722
GNRC,GENERAC HLDGS INC,368736104,19466954000.0,142751,0.02745779054686589
HPE 7.625 09/01/27,HEWLETT PACKARD ENTERPRISE C,42824C208,19430865000.0,291361,0.027406887657639056
HTZ 8 07/15/29,HERTZ CORP,428040DE6,19393326000.0,17140999,0.0273539395693383
ABG,CENCORA INC,03073E105,19354426000.0,57304,0.027299071814872292
MPW,MEDICAL PPTYS TRUST INC,58463J304,19328415000.0,3865683,0.027262383764450303
WAB,WABTEC,929740108,19322988000.0,90527,0.027254729077985342
SNOW 0 10/01/29,SNOWFLAKE INC,833445AD1,19300000000.0,12500000,0.027222304915011958
RDDT,REDDIT INC,75734B100,19286093000.0,83900,0.02720268934016983
SCI,SERVICE CORP INTL,817565104,19285802000.0,247349,0.027202278889872925
PHM,PULTE GROUP INC,745867101,19207774000.0,163805,0.027092221791017557
TRP,TC ENERGY CORP,87807B107,19200525000.0,349037,0.027081997206130047
AROC,ARCHROCK INC,03957W106,19103650000.0,734191,0.02694535675076001
SFNC,SIMMONS 1ST NATL CORP,828730200,19080064000.0,1012205,0.026912089119478896
AFW,ALIGN TECHNOLOGY INC,016255101,18983936000.0,121575,0.026776502294252456
URBN,URBAN OUTFITTERS INC,917047102,18976357000.0,252144,0.026765812250265367
KNX,KNIGHT-SWIFT TRANSN HLDGS IN,499049104,18903350000.0,361579,0.026662837182134264
WD,WALKER & DUNLOP INC,93148P102,18867311000.0,313671,0.026612004817013427
TXG,10X GENOMICS INC,88025U109,18849320000.0,1155691,0.026586628833193432
XOM,EXXON MOBIL CORP,30231G102,18833210000.0,156500,0.026563905966241055
NHI,NATIONAL HEALTH INVS INC,63633D104,18828031000.0,246537,0.02655660107934184
DBX 0 03/01/26,DROPBOX INC,26210CAC8,18819500000.0,19000000,0.026544568256376556
STNG,SCORPIO TANKERS INC,Y7542C130,18799882000.0,369858,0.026516897418147403
BLDR,BUILDERS FIRSTSOURCE INC,12008R107,18794916000.0,182670,0.026509892963939734
VCR,VANGUARD WORLD FD,92204A108,18663930000.0,47380,0.02632513955297612
FSLR,FIRST SOLAR INC,336433107,18586253000.0,71149,0.026215577533344858
AMTM,AMENTUM HOLDINGS INC,023939101,18501594000.0,637986,0.02609616752755211
BANC,BANC OF CALIFORNIA INC,05990K106,18362460000.0,951916,0.02589992150827515
ZG,ZILLOW GROUP INC,98954M101,18255960000.0,267565,0.025749705162500604
XHB,SPDR SERIES TRUST,78464A888,18243585000.0,177191,0.025732250446266237
FUBO,FUBOTV INC,35953D104,18195589000.0,7220472,0.025664552946437175
LULU,LULULEMON ATHLETICA INC,550021109,18121032000.0,87200,0.025559391631020154
HWC,HANCOCK WHITNEY CORPORATION,410120109,18076905000.0,283871,0.02549715128651317
SMPL,SIMPLY GOOD FOODS CO,82900L102,18067623000.0,899782,0.025484059191475807
NMIH,NMI HLDGS INC,629209305,18013068000.0,441605,0.025407110339422
AXS,AXIS CAP HLDGS LTD,G0692U109,17939931000.0,167522,0.025303951908615306
HUBG,HUB GROUP INC,443320106,17934805000.0,420906,0.02529672177726845
NNN,NNN REIT INC,637417106,17886248000.0,451331,0.025228232996970093
SRRK,SCHOLAR ROCK HLDG CORP,80706P103,17863288000.0,405523,0.02519584832749607
CR,CRANE COMPANY,224408104,17848767000.0,96778,0.02517536671663229
PCG,PG&E CORP,69331C108,17810285000.0,1108294,0.02512108854369242
QRVO,QORVO INC,74736K101,17807440000.0,210714,0.025117075722061167
KMPR,KEMPER CORP,488401100,17759155000.0,438065,0.02504897059289944
FSS,FEDERAL SIGNAL CORP,313855108,17755442000.0,163509,0.025043733472788068
CRDO,CREDO TECHNOLOGY GROUP HOLDI,G25457105,17651274000.0,122672,0.02489680637131724
LEG,LEGGETT & PLATT INC,524660107,17631097000.0,1602827,0.024868347073583034
GLXY,GALAXY DIGITAL INC.,36317J209,17594838000.0,786889,0.02481720440239581
ESPR,ESPERION THERAPEUTICS INC NE,29664W105,17545703000.0,4742082,0.024747900363432124
CMPO,COMPOSECURE INC,20459V105,17533907000.0,909435,0.02473126231634521
SOXX,ISHARES TR,464287523,17529640000.0,58209,0.024725243789139387
ADSK,AUTODESK INC,052769106,17503367000.0,59131,0.024688186192401974
NVO,NOVO-NORDISK A S,670100205,17461558000.0,343191,0.024629215345449033
PARR,PAR PAC HOLDINGS INC,69888T207,17451684000.0,496633,0.024615288244996657
PRGS 3.5 03/01/30,PROGRESS SOFTWARE CORP,743312AD2,17431125000.0,17250000,0.02458629014309263
NOC,NORTHROP GRUMMAN CORP,666807102,17416494000.0,30544,0.02456565337919566
CYTK,CYTOKINETICS INC,23282W605,17411040000.0,274017,0.02455796060971346
AVA,AVISTA CORP,05379B107,17402159000.0,451535,0.024545434118006193
QC10,FLAGSTAR BANK NATIONAL ASSOC,649445400,17331961000.0,1376645,0.024446421094150027
GFF,GRIFFON CORP,398433102,17287717000.0,234728,0.024384015723235012
TCBI,TEXAS CAP BANCSHARES INC,88224Q107,17257829000.0,190610,0.024341859233633984
VFLO,VICTORY PORTFOLIOS II,92647X830,17236626000.0,437700,0.02431195278124471
BPOP,POPULAR INC,733174700,17228836000.0,138362,0.02430096512553031
BLDP,BALLARD PWR SYS INC NEW,058586108,17193730000.0,6769185,0.024251448740227385
CWEN,CLEARWAY ENERGY INC,18539C204,17151151000.0,515669,0.024191391822042087
SKYW,SKYWEST INC,830879102,17135067000.0,170651,0.02416870562762483
EWY,ISHARES INC,464286772,17091762000.0,175805,0.024107624699420446
BBWI,BATH & BODY WORKS INC,070830104,17040671000.0,848639,0.024035561757430143
LAZ,LAZARD INC,52110M109,17035722000.0,350818,0.024028581281418514
COLL,COLLEGIUM PHARMACEUTICAL INC,19459J104,16950384000.0,366099,0.023908213558266323
KIE,SPDR SERIES TRUST,78464A789,16932225000.0,281500,0.023882600613450173
PSEC,PROSPECT CAP CORP,74348T102,16919869000.0,6532768,0.023865172696376086
VSH,VISHAY INTERTECHNOLOGY INC,928298108,16867374000.0,1164070,0.023791129437489372
EA,ELECTRONIC ARTS INC,285512109,16815746000.0,82297,0.023718309066600655
PNW 4.75 06/15/27,PINNACLE WEST CAP CORP,723484AK7,16813125000.0,15750000,0.02371461219296427
FRO,FRONTLINE PLC,M46528101,16789574000.0,769458,0.023681393928557355
INVA,INNOVIVA INC,45781M101,16788901000.0,839865,0.02368044467409063
AVT,AVNET INC,053807103,16766698000.0,348725,0.02364912773958141
ARDX,ARDELYX INC,039697107,16755239000.0,2873969,0.023632965024968915
HUN,HUNTSMAN CORP,447011107,16733160000.0,1673316,0.023601822990242563
ICFI,ICF INTL INC,44925C103,16708393000.0,195878,0.02356688957957779
OZK,BANK OZK LITTLE ROCK ARK,06417N103,16692374000.0,362720,0.02354429506649833
UPWK,UPWORK INC,91688F104,16684496000.0,841801,0.023533183288357375
ARW,ARROW ELECTRS INC,042735100,16555096000.0,150255,0.023350666902036
RUN 4 03/01/30,SUNRUN INC,86771WAD7,16514639000.0,11667000,0.023293603026909228
COKE,COCA COLA CONS INC,191098102,16506578000.0,107675,0.023282233130540324
TKO,TKO GROUP HOLDINGS INC,87256C101,16469409000.0,78801,0.023229806920623947
SPHR 3.5 12/01/28,SPHERE ENTERTAINMENT CO,55826TAB8,16432860000.0,6000000,0.023178255209621936
TMHC,TAYLOR MORRISON HOME CORP,87724P106,16421080000.0,278938,0.023161639730248942
JBTM 0.25 05/15/26,JBT MAREL CORPORATION,477839AB0,16339200000.0,16000000,0.02304614945426753
LULU,LULULEMON ATHLETICA INC,550021109,16333866000.0,78600,0.023038625942639727
PII,POLARIS INC,731068102,16292884000.0,257595,0.022980821564399984
FLNC 2.25 06/15/30,FLUENCE ENERGY INC,34379VAB9,16231227000.0,13435000,0.0228938554683303
LYV,LIVE NATION ENTERTAINMENT IN,538034109,16216500000.0,113800,0.022873083298149813
MCHP 0.75 06/01/30,MICROCHIP TECHNOLOGY INC.,595017BG8,16171650000.0,16500000,0.02280982317507011
DUK,DUKE ENERGY CORP NEW,26441C204,16116258000.0,137499,0.022731693749481904
COHR,COHERENT CORP,19247G107,16008125000.0,86732,0.02257917408640548
XEL,XCEL ENERGY INC,98389B100,15980350000.0,216360,0.022539997945523905
ORLY,OREILLY AUTOMOTIVE INC,67103H107,15939768000.0,174759,0.02248275776013214
SMTC,SEMTECH CORP,816850101,15869436000.0,215354,0.0223835557316719
DFAR,DIMENSIONAL ETF TRUST,25434V823,15863661000.0,692700,0.022375410197429196
BAP,CREDICORP LTD,G2519Y108,15858185000.0,55255,0.02236768639734036
ALRM,ALARM COM HLDGS INC,011642105,15797527000.0,309634,0.022282129372908504
KBIA,KB FINL GROUP INC,48241A105,15762786000.0,183203,0.022233127813579362
WFG,WEST FRASER TIMBER CO LTD,952845105,15746030000.0,257667,0.0222094937751775
CHCO,CITY HLDG CO,177835105,15737499000.0,132026,0.022197460952212214
USB,US BANCORP DEL,902973304,15736824000.0,294918,0.022196508876781252
FRSH,FRESHWORKS INC,358054104,15671045000.0,1279269,0.02210372877341314
LNT,ALLIANT ENERGY CORP,018802108,15663704000.0,240943,0.022093374424170593
WSBC,WESBANCO INC,950810101,15595643000.0,469183,0.021997375600604756
SNV,SYNOVUS FINL CORP,87161C501,15588573000.0,311460,0.021987403492016718
SVM,SILVERCORP METALS INC,82835P103,15572006000.0,1867147,0.02196403603473553
BCO,BRINKS CO,109696104,15567463000.0,133363,0.0219576282144646
FLS,FLOWSERVE CORP,34354P105,15562420000.0,224307,0.021950515153133697
OGN,ORGANON & CO,68622V106,15562313000.0,2170476,0.021950364231546865
RNR,RENAISSANCERE HLDGS LTD,G7496G103,15527904000.0,55228,0.021901830952281546
VIV,TELEFONICA BRASIL SA,87936R205,15527835000.0,1309261,0.02190173362901527
FLR,FLUOR CORP NEW,343412102,15498738000.0,391086,0.02186069283077112
SOXQ,INVESCO EXCH TRADED FD TR II,46138G615,15465021000.0,277300,0.021813135605132806
TPC,TUTOR PERINI CORP,901109108,15401665000.0,229807,0.021723773099941328
DOLE,DOLE PLC,G27907107,15398882000.0,1027277,0.02171984772820151
YOU,CLEAR SECURE INC,18467V109,15383071000.0,438514,0.021697546595403
MYRG,MYR GROUP INC DEL,55405W104,15336297000.0,70189,0.021631572704724517
UPS,UNITED PARCEL SERVICE INC,911312106,15334774000.0,154600,0.02162942454045583
WT,WISDOMTREE INC,97717P104,15256772000.0,1251581,0.021519404114135585
GFL,GFL ENVIRONMENTAL INC,36168Q104,15230285000.0,354605,0.0214820446742245
ITT,ITT INC,45073V108,15194444000.0,87571,0.02143149158456342
LYB,LYONDELLBASELL INDUSTRIES N,N53745100,15165868000.0,350251,0.02139118564750376
TFPM,TRIPLE FLAG PRECIOUS METAL,89679M104,15148685000.0,456011,0.021366949333236677
RBA,RB GLOBAL INC,74935Q107,15148636000.0,147260,0.0213668802196128
APH,AMPHENOL CORP NEW,032095101,15143248000.0,112056,0.021359280541950517
N/A,EQV VENTURES AC CORP. II,G3106Q102,15117808000.0,1507259,0.02132339787681902
HOOD,ROBINHOOD MKTS INC,770700102,15112196000.0,133618,0.021315482251161866
LTC,LTC PPTYS INC,502175102,15100315000.0,439218,0.021298724313094753
ATRC,ATRICURE INC,04963C209,15052540000.0,380499,0.021231338529814202
CRWD,CROWDSTRIKE HLDGS INC,22788C105,14953444000.0,31900,0.021091565393655753
HLF 4.25 06/15/28,HERBALIFE LTD,42703MAF0,14936913000.0,13869000,0.02106824871373088
N/A,QIAGEN NV,N72482206,14925543000.0,331900,0.021052211532027063
BHLB,BEACON FINANCIAL CORP.,084680107,14915004000.0,565605,0.021037346460964924
IBIT,ISHARES BITCOIN TRUST ETF,46438F101,14895000000.0,300000,0.021009131176637465
TBLA,TABOOLA.COM LTD,M8744T106,14871496000.0,3225921,0.02097597920489019
IDCC 3.5 06/01/27,INTERDIGITAL INC,45867GAD3,14866764000.0,3608000,0.02096930480349859
CVNA,CARVANA CO,146869102,14855104000.0,35200,0.02095285858197999
SNOW 0 10/01/27,SNOWFLAKE INC,833445AB5,14855000000.0,10000000,0.020952711891839514
AVPT,AVEPOINT INC,053604104,14847354000.0,1068924,0.020941927345550386
IYC,ISHARES TR,464287580,14819781000.0,143700,0.020903036122057038
WLK,WESTLAKE CORPORATION,960413102,14668143000.0,198379,0.02068915343435224
UAMY,UNITED STATES ANTIMONY CORP,911549103,14666944000.0,2921702,0.02068746226629042
ADNT,ADIENT PLC,G0084W101,14649407000.0,764184,0.02066272664135288
SHG,SHINHAN FINANCIAL GROUP CO L,824596100,14608276000.0,272390,0.020604712101277265
ACT,ENACT HLDGS INC,29249E109,14581772000.0,367855,0.02056732868317014
DFAT,DIMENSIONAL ETF TRUST,25434V609,14533714000.0,244100,0.02049954373344964
N/A,CANTOR EQUITY PARTNERS IV IN,G1828E100,14508771000.0,1411359,0.020464362077931758
HOPE,HOPE BANCORP INC,43940T109,14508322000.0,1323752,0.020463728771459903
GEO,GEO GROUP INC NEW,36162J106,14471907000.0,897761,0.020412366065061967
NSP,INSPERITY INC,45778Q107,14441631000.0,372976,0.020369662308398397
FE,FIRSTENERGY CORP,337932107,14389615000.0,321412,0.020296294670447138
RYN,RAYONIER INC,754907103,14380904000.0,664245,0.020284007960700266
INTR,INTER & CO INC,G4R20B107,14363059000.0,1693757,0.02025883790726978
JEF,JEFFERIES FINL GROUP INC,47233W109,14348348000.0,231537,0.020238088304803212
WERN,WERNER ENTERPRISES INC,950755108,14302796000.0,476601,0.0201738380232753
ANIP,ANI PHARMACEUTICALS INC,00182C103,14300060000.0,181151,0.020169978944195123
HIVE,HIVE DIGITAL TECHNOLOGIES LT,433921103,14289549000.0,5538585,0.02015515336663234
POST 2.5 08/15/27,POST HLDGS INC,737446AT1,14287128000.0,13278000,0.020151738589419946
KAR,OPENLANE INC,48238T109,14241868000.0,478236,0.020087900168671066
ARKK,ARK ETF TR,00214Q104,14237892000.0,185100,0.020082292091762145
WT 3.25 06/15/26,WISDOMTREE INC,97717PAD6,14216094000.0,12295000,0.020051546402511503
BHVN,BIOHAVEN LTD,G1110E107,14214460000.0,1259031,0.020049241674727505
AXGN,AXOGEN INC,05463X106,14187571000.0,433473,0.020011315221004203
AI,C3 AI INC,12468P104,14158421000.0,1050328,0.019970199667207693
TLT,ISHARES TR,464287432,14128636000.0,162100,0.01992818845726502
APLS,APELLIS PHARMACEUTICALS INC,03753U106,14126508000.0,562361,0.01992518695131377
LOGI,LOGITECH INTL S A,H50430232,14099551000.0,140686,0.01988716458480631
LLY,ELI LILLY & CO,532457108,14043918000.0,13068,0.019808695233027196
PBW,INVESCO EXCHANGE TRADED FD T,46137V134,14004331000.0,458557,0.019752858477344783
INOD,INNODATA INC,457642205,13996322000.0,274707,0.019741561926046113
PRDO,PERDOCEO ED CORP,71363P106,13977769000.0,476569,0.019715393251274704
SHW,SHERWIN WILLIAMS CO,824348106,13977682000.0,43137,0.019715270539330268
LPG,DORIAN LPG LTD,Y2106R110,13972742000.0,574065,0.01970830275765772
MGM,MGM RESORTS INTERNATIONAL,552953101,13940056000.0,382024,0.019662199739085076
BNS,BANK NOVA SCOTIA HALIFAX,064149107,13931168000.0,189051,0.01964966337400297
ZTS,ZOETIS INC,98978V103,13930539000.0,110718,0.01964877618074952
MSDL,MORGAN STANLEY DIRECT LENDIN,61774A103,13921810000.0,844770,0.019636464082324487
GPRE,GREEN PLAINS INC,393222104,13880896000.0,1416418,0.0195787556168689
ATKR,ATKORE INC,047649108,13872686000.0,219331,0.019567175558664125
AWC,AMERICAN WTR WKS CO INC NEW,030420103,13843571000.0,106081,0.019526109371741814
GGB,GERDAU SA,373737105,13841437000.0,3751067,0.019523099402897842
WT 3.25 08/15/29,WISDOMTREE INC,97717PAH7,13824054000.0,11526000,0.019498580992206773
ICF,ISHARES TR,464287564,13796718000.0,231217,0.019460024052975852
PEY,INVESCO EXCHANGE TRADED FD T,46137V563,13743972000.0,674200,0.01938562676307703
GEV,GE VERNOVA INC,36828A101,13724970000.0,21000,0.019358824781833765
FIGS,FIGS INC,30260D103,13713928000.0,1207212,0.01934325023826529
AMD,ADVANCED MICRO DEVICES INC,007903107,13706240000.0,64000,0.019332406451727124
ONTO,ONTO INNOVATION INC,683344105,13647786000.0,86455,0.019249958129887636
NLY,ANNALY CAPITAL MANAGEMENT IN,035710839,13643491000.0,610174,0.019243900109182456
UVV,UNIVERSAL CORP VA,913456109,13630758000.0,258403,0.019225940440349146
PRGS,PROGRESS SOFTWARE CORP,743312100,13620382000.0,317048,0.01921130527787256
XERS,XERIS BIOPHARMA HOLDINGS INC,98422E103,13601436000.0,1732667,0.01918458228362801
CRWD,CROWDSTRIKE HLDGS INC,22788C105,13594040000.0,29000,0.019174150357868867
MARA 2.125 09/01/31,MARA HOLDINGS INC,565788AD8,13585957000.0,16919000,0.01916274943089332
MODG,TOPGOLF CALLAWAY BRANDS CORP,131193104,13551204000.0,1161200,0.019113730945778742
IVR,INVESCO MORTGAGE CAPITAL INC,46131B704,13527754000.0,1608532,0.01908065514006594
AMRK,GOLD COM INC,00181T107,13464936000.0,395446,0.018992051474254996
ARCB,ARCBEST CORP,03937C105,13393447000.0,180529,0.01889121751798198
QGRO,AMERICAN CENTY ETF TR,025072307,13375936000.0,116800,0.018866518565579554
MUX,MCEWEN INC.,58039P305,13353891000.0,721442,0.018835424487245282
CASH,PATHWARD FINANCIAL INC,59100U108,13347290000.0,187990,0.0188261138947715
AAMI,ACADIAN ASSET MANAGEMENT INC,10948W103,13323936000.0,283488,0.018793173495342215
SCHG,SCHWAB STRATEGIC TR,808524300,13312972000.0,408123,0.0187777089693791
EC,ECOPETROL S A,279158109,13306600000.0,1328004,0.018768721377310782
RMBS,RAMBUS INC DEL,750917106,13269192000.0,144403,0.018715958062167738
ARRY,ARRAY TECHNOLOGIES INC,04271T100,13244761000.0,1436525,0.01868149857349527
INVA 2.125 03/15/28,INNOVIVA INC,45781MAD3,13221000000.0,13000000,0.018647984107843164
ABM,ABM INDS INC,000957100,13211432000.0,312327,0.018634488614919495
RLAY,RELAY THERAPEUTICS INC,75943R102,13199842000.0,1560265,0.01861814112714929
MZTI,MARZETTI COMPANY,513847103,13192239000.0,80235,0.01860741723159132
CVNA,CARVANA CO,146869102,13167024000.0,31200,0.018571851924936808
LAD,LITHIA MTRS INC,536797103,13095131000.0,39404,0.01847044813388733
KBR,KBR INC,48242W106,13052779000.0,324696,0.018410711395143258
HLNE,HAMILTON LANE INC,407497106,13038949000.0,97081,0.018391204427424365
ALV,AUTOLIV INC,052800109,13027800000.0,109754,0.018375478962269057
CVBF,CVB FINL CORP,126600105,13009268000.0,699423,0.018349339907622164
ATEN,A10 NETWORKS INC,002121101,12979754000.0,733734,0.018307710938333995
FNB,F N B CORP,302520101,12965083000.0,758192,0.018287017755152228
HTZ,HERTZ GLOBAL HLDGS INC,42806J700,12961589000.0,2521710,0.018282089530625125
ELS,EQUITY LIFESTYLE PPTYS INC,29472R108,12945690000.0,213590,0.01825966427540006
LADR,LADDER CAP CORP,505743104,12937043000.0,1177165,0.018247467836508862
ONEQ,FIDELITY COMWLTH TR,315912808,12859980000.0,140700,0.018138771852899246
CCEP,COCA-COLA EUROPACIFIC PARTNE,G25839104,12820808000.0,141354,0.01808352044729661
NKE,NIKE INC,654106103,12805710000.0,201000,0.018062224988249626
UUUU,ENERGY FUELS INC,292671708,12767210000.0,878075,0.018007921426631598
VXX,BARCLAYS BANK PLC,06748M196,12767169000.0,482326,0.018007863596864678
AMN,AMN HEALTHCARE SVCS INC,001744101,12759895000.0,809638,0.017997603749924172
CHTR,CHARTER COMMUNICATIONS INC N,16119P108,12754625000.0,61100,0.01799017050915204
WVE,WAVE LIFE SCIENCES LTD,Y95308105,12740616000.0,749448,0.017970411065133675
RUSHA,RUSH ENTERPRISES INC,781846209,12723097000.0,235875,0.017945700828874294
BLBD,BLUE BIRD CORP,095306106,12621051000.0,268533,0.017801766770462
COHU,COHU INC,192576106,12610525000.0,541922,0.017786920035667418
RXRX,RECURSION PHARMACEUTICALS IN,75629V104,12577253000.0,3075123,0.01773999047457248
CA8A,CACI INTL INC,127190304,12573783000.0,23599,0.01773509610161626
NBR,NABORS INDUSTRIES LTD,G6359F137,12527064000.0,230701,0.017669199787454373
TLN,TALEN ENERGY CORP,87422Q109,12526778000.0,33419,0.017668796389568066
BBNX,BETA BIONICS INC,08659B102,12511073000.0,410603,0.01764664476787427
TXN,TEXAS INSTRS INC,882508104,12491280000.0,72000,0.017618727095274123
IMCR,IMMUNOCORE HLDGS PLC,45258D105,12471060000.0,359293,0.017590207146808756
NAK,NORTHERN DYNASTY MINERALS LT,66510M204,12442691000.0,6316087,0.017550193179547927
ANAB,ANAPTYSBIO INC,032724106,12441665000.0,256635,0.017548746024892863
FTDR,FRONTDOOR INC,35905A109,12435599000.0,215559,0.017540190040353253
GPK,GRAPHIC PACKAGING HLDG CO,388689101,12410765000.0,824088,0.017505162127386446
GTY,GETTY RLTY CORP NEW,374297109,12388784000.0,452641,0.01747415831990785
STRA,STRATEGIC ED INC,86272C103,12382880000.0,154400,0.017465830833471672
NVTS,NAVITAS SEMICONDUCTOR CORP,63942X106,12352536000.0,1730047,0.017423031164023946
CGAU,CENTERRA GOLD INC,152006102,12268359000.0,853748,0.017304301010613015
IAK,ISHARES TR,464288786,12212655000.0,89700,0.017225731514603385
IOSP,INNOSPEC INC,45768S105,12209202000.0,159514,0.017220861119843205
NKE,NIKE INC,654106103,12194094000.0,191400,0.017199551555975016
BR,BROADRIDGE FINL SOLUTIONS IN,11133T103,12179726000.0,54576,0.017179285748875592
IRDM,IRIDIUM COMMUNICATIONS INC,46269C102,12175455000.0,700544,0.017173261579741292
DOCU,DOCUSIGN INC,256163106,12159947000.0,177777,0.017151387823025124
VFC,V F CORP,918204108,12115553000.0,670108,0.017088770879792117
BXMT,BLACKSTONE MTG TR INC,09257W100,12092073000.0,632100,0.017055652759615722
CYTK 3.5 07/01/27,CYTOKINETICS INC,23282WAC4,12091250000.0,8500000,0.017054491932831
LQDA,LIQUIDIA CORPORATION,53635D202,12073156000.0,350048,0.017028970669352647
AMPL,AMPLITUDE INC,03213A104,12057953000.0,1041274,0.017007527109683066
VST,VISTRA CORP,92840M102,12051351000.0,74700,0.016998215106727166
ASB,ASSOCIATED BANC CORP,045487105,12037081000.0,467278,0.016978087526875494
TSEM,TOWER SEMICONDUCTOR LTD,M87915274,12024395000.0,102405,0.016960194150701824
IOVA,IOVANCE BIOTHERAPEUTICS INC,462260100,12006510000.0,4397989,0.01693496767798654
EXEL,EXELIXIS INC,30161Q104,12000260000.0,273791,0.01692615216473686
NCLH,NORWEGIAN CRUISE LINE HLDG L,G66721104,11988072000.0,537100,0.016908961208658924
TKC,TURKCELL ILETISIM HIZMETLERI,900111204,11910033000.0,2177337,0.01679888859450024
AEO,AMERICAN EAGLE OUTFITTERS IN,02553E106,11909694000.0,451638,0.016798410441061576
GLIBK,GCI LIBERTY INC,36164V800,11811347000.0,317424,0.016659693756010972
ARVN,ARVINAS INC,04335A105,11770611000.0,992463,0.016602236356372736
FLNG,FLEX LNG LTD,G35947202,11762328000.0,471436,0.016590553332973202
PPL,PPL CORP,69351T106,11745708000.0,335400,0.01656711112013965
WLFC,WILLIS LEASE FIN CORP,970646105,11737200000.0,86532,0.016555110738263126
PCRX,PACIRA BIOSCIENCES INC,695127100,11693930000.0,451852,0.016494079176932942
PNFP,PINNACLE FINL PARTNERS INC,72346Q104,11693068000.0,122556,0.016492863341345546
VST,VISTRA CORP,92840M102,11680292000.0,72400,0.01647484302178108
TXRH,TEXAS ROADHOUSE INC,882681109,11653034000.0,70199,0.016436396100155515
AMD,ADVANCED MICRO DEVICES INC,007903107,11650304000.0,54400,0.016432545483968056
ARQT,ARCUTIS BIOTHERAPEUTICS INC,03969K108,11641032000.0,400862,0.01641946749375189
KRUS,KURA SUSHI USA INC,501270102,11624848000.0,222145,0.016396640251122637
LMAT,LEMAITRE VASCULAR INC,525558201,11622279000.0,143308,0.01639301672255649
SPXC,SPX TECHNOLOGIES INC,78473E103,11616884000.0,58067,0.016385407171519366
RIGL,RIGEL PHARMACEUTICALS INC,766559702,11616695000.0,271228,0.016385140590398695
SG,SWEETGREEN INC,87043Q108,11611659000.0,1717701,0.016378037402442636
RPD,RAPID7 INC,753422104,11572186000.0,761328,0.016322361441721896
BHC,BAUSCH HEALTH COS INC,071734107,11555626000.0,1662680,0.01629900385781554
PACS,PACS GROUP INC,69380Q107,11552204000.0,300917,0.016294177188001076
DIOD,DIODES INC,254543101,11514871000.0,233378,0.016241519659017028
NOMD,NOMAD FOODS LTD,G6564A105,11481328000.0,917772,0.016194207857267585
LEGN,LEGEND BIOTECH CORP,52490G102,11436762000.0,526070,0.016131348311109947
VET,VERMILION ENERGY INC,923725105,11419353000.0,1369227,0.016106793227883758
MFA,MFA FINL INC,55272X607,11417533000.0,1226373,0.016104226150425453
BBY,BEST BUY INC,086516101,11382852000.0,170071,0.016055309220023507
ALRM 2.25 06/01/29,ALARM COM HLDGS INC,011642AD7,11376400000.0,11950000,0.016046208789385598
XP,XP INC,G98239109,11349501000.0,693311,0.016008268230841095
CMPS,COMPASS PATHWAYS PLC,20451W101,11345270000.0,1644242,0.01600230048099159
AMPX,AMPRIUS TECHNOLOGIES INC,03214Q108,11337449000.0,1436939,0.01599126910033147
FTXL,FIRST TR EXCHANGE TRADED FD,33738R811,11334286000.0,87500,0.015986807745386074
VIAV,VIAVI SOLUTIONS INC,925550105,11328370000.0,635711,0.015978463333164456
CUBE,CUBESMART,229663109,11315194000.0,313875,0.015959878820752012
BKE,BUCKLE INC,118440106,11308693000.0,211694,0.015950709276490223
APPN,APPIAN CORP,03782L101,11302593000.0,319102,0.015942105335558537
VEON,VEON LTD,91822M502,11294402000.0,214845,0.015930552076514035
ERIE,ERIE INDTY CO,29530P102,11293150000.0,39397,0.01592878615289986
PEB,PEBBLEBROOK HOTEL TR,70509V100,11281693000.0,996616,0.015912626259251605
BRBR,BELLRING BRANDS INC,07831C103,11278029000.0,421924,0.015907458252764115
GDX,VANECK ETF TRUST,92189F106,11244790000.0,131104,0.015860575237579135
VLY,VALLEY NATL BANCORP,919794107,11210125000.0,959771,0.01581168087489111
GKOS,GLAUKOS CORP,377322102,11138684000.0,98651,0.015710914621759848
TXN,TEXAS INSTRS INC,882508104,11138058000.0,64200,0.01571003165995276
PAGS,PAGSEGURO DIGITAL LTD,G68707101,11131964000.0,1154768,0.015701436181913792
GNTX,GENTEX CORP,371901109,11121710000.0,477942,0.015686973098255834
CCS,CENTURY CMNTYS INC,156504300,11107709000.0,187156,0.015667224938094432
GTX,GARRETT MOTION INC,366505105,11100278000.0,636849,0.01565674364546109
UFPI,UFP INDUSTRIES INC,90278Q108,11092713000.0,121831,0.015646073348223682
WFC,WELLS FARGO CO NEW,949746101,11090800000.0,119000,0.015643375095928218
WMK,WEIS MKTS INC,948849104,11060973000.0,172585,0.015601304645736506
EPC,EDGEWELL PERS CARE CO,28035Q102,11058425000.0,648588,0.015597710737294877
DV,DOUBLEVERIFY HLDGS INC,25862V105,11046533000.0,965606,0.015580937283924444
CNMD,CONMED CORP,207410101,11036704000.0,271840,0.015567073655167466
DXCM 0.375 05/15/28,DEXCOM INC,252131AM9,11034000000.0,12000000,0.015563259711515127
LGIH,LGI HOMES INC,50187T106,11029336000.0,256735,0.015556681222907685
VRTS,VIRTUS INVT PARTNERS INC,92828Q109,11013767000.0,67507,0.015534721426782201
DAR,DARLING INGREDIENTS INC,237266101,11011968000.0,305888,0.015532183969448415
RDDT,REDDIT INC,75734B100,10990315000.0,47811,0.015501642800105162
ANDE,ANDERSONS INC,034164103,10980775000.0,206522,0.015488186800680852
MRCY,MERCURY SYS INC,589378108,10964423000.0,150177,0.015465122597055448
EWJ,ISHARES INC,46434G822,10932196000.0,135400,0.015419666989775857
TRMK,TRUSTMARK CORP,898402102,10882357000.0,279393,0.01534936997139973
HL,HECLA MNG CO,422704106,10848779000.0,565335,0.015302008802776088
WFC,WELLS FARGO CO NEW,949746101,10811200000.0,116000,0.015249004295190532
SBLK,STAR BULK CARRIERS CORP.,Y8162K204,10809328000.0,562400,0.015246363872661988
FIVN,FIVE9 INC,338307101,10805326000.0,538919,0.015240719123217953
CME,CME GROUP INC,12572Q105,10777102000.0,39465,0.015200909675864516
AFRM 0.75 12/15/29,AFFIRM HLDGS INC,00827BAD8,10733050000.0,9700000,0.015138775117516535
BKNG,BOOKING HOLDINGS INC,09857L108,10710660000.0,2000,0.01510719442285088
WMG,WARNER MUSIC GROUP CORP,934550203,10688372000.0,348496,0.01507575759736146
ASGN,ASGN INC,00191U102,10644221000.0,220972,0.015013483401283601
VERA,VERA THERAPEUTICS INC,92337R101,10631919000.0,209951,0.01499613165024399
APA,APA CORPORATION,03743Q108,10580051000.0,432545,0.014922972763646486
PMT 8.5 06/01/29,PENNYMAC CORP,70932AAH6,10580000000.0,10000000,0.014922900829058368
PR,PERMIAN RESOURCES CORP,71424F105,10531900000.0,750670,0.014855056639088829
GOSS,GOSSAMER BIO INC,38341P102,10531041000.0,3397110,0.014853845034947796
BILL,BILL HOLDINGS INC,090043100,10503640000.0,192586,0.014815196414379077
ESGU,ISHARES TR,46435G425,10503090000.0,70500,0.014814420649213105
CIM,CHIMERA INVT CORP,16934Q802,10497110000.0,844498,0.014805985966135811
HD,HOME DEPOT INC,437076102,10495050000.0,30500,0.014803080372968716
GTM,ZOOMINFO TECHNOLOGIES INC,98980F104,10470391000.0,1029537,0.0147682992943729
FRMI,FERMI INC,314911108,10468840000.0,1308605,0.01476611163660486
ACHC,ACADIA HEALTHCARE COMPANY IN,00404A109,10441839000.0,735859,0.014728027208884121
QCOM,QUALCOMM INC,747525103,10416945000.0,60900,0.014692914666990116
VSAT,VIASAT INC,92552V100,10407299000.0,302011,0.014679309156461089
CXT,CRANE NXT CO,224441105,10397057000.0,220885,0.014664862998588574
GEV,GE VERNOVA INC,36828A101,10391763000.0,15900,0.014657395906245565
IHI,ISHARES TR,464288810,10391480000.0,167200,0.01465699673980562
CNS,COHEN & STEERS INC,19247A100,10362530000.0,165061,0.014616163282433101
MLTX,MOONLAKE IMMUNOTHERAPEUTICS,61559X104,10343809000.0,784811,0.014589757646665539
EOSE,EOS ENERGY ENTERPRISES INC,29415C101,10322022000.0,900700,0.014559027472718216
LKFN,LAKELAND FINL CORP,511656100,10321070000.0,180881,0.014557684693740025
PBI,PITNEY BOWES INC,724479100,10311669000.0,975560,0.014544424751330385
BNTX,BIONTECH SE,09075V102,10306162000.0,108258,0.014536657226295829
GWW,WW GRAINGER INC,384802104,10292310000.0,10200,0.014517119227970297
HD,HOME DEPOT INC,437076102,10288590000.0,29900,0.014511872234484085
HTH,HILLTOP HOLDINGS INC,432748101,10285042000.0,303036,0.014506867843922508
PPC,PILGRIMS PRIDE CORP,72147K108,10282599000.0,263724,0.014503422036103473
OXM,OXFORD INDS INC,691497309,10263454000.0,300101,0.014476418355917054
BBCN 3 02/15/29,BLACKBERRY LTD,09228FAM5,10244190000.0,8140000,0.01444924682835836
IMKTA,INGLES MKTS INC,457030104,10237668000.0,149346,0.014440047663972054
COIN 0.25 04/01/30,COINBASE GLOBAL INC,19260QAF4,10230000000.0,10000000,0.014429232087076287
GROY,GOLD ROYALTY CORP,38071H106,10177136000.0,2519093,0.014354668360287313
BKNG,BOOKING HOLDINGS INC,09857L108,10175127000.0,1900,0.014351834701708335
FMC,FMC CORP,302491303,10150121000.0,731804,0.014316564185816897
NBHC,NATIONAL BK HLDGS CORP,633707104,10134226000.0,266620,0.014294144572520309
SMMT,SUMMIT THERAPEUTICS INC,86627T108,10113558000.0,578248,0.014264992728065206
TGB,TASEKO MINES LTD,876511106,10082498000.0,1781360,0.014221183153419597
ORRF,ORRSTOWN FINL SVCS INC,687380105,10079611000.0,284574,0.014217111091539305
CGNX,COGNEX CORP,192422103,10059828000.0,279595,0.014189207523760357
PFBC,PREFERRED BK LOS ANGELES CA,740367404,10056228000.0,106494,0.014184129788128542
TBPH,THERAVANCE BIOPHARMA INC,G8807B106,10053650000.0,537341,0.014180493565223315
ANF,ABERCROMBIE & FITCH CO,002896207,10004651000.0,79484,0.014111381351827944
PCT 7.25 08/15/30,PURECYCLE TECHNOLOGIES INC,74623VAB9,10000000000.0,10000000,0.014104821199488062
NAVI,NAVIENT CORPORATION,63938C108,9994010000.0,768770,0.014096372411589566
CRUS,CIRRUS LOGIC INC,172755100,9989076000.0,84296,0.014089413092809741
QCOM,QUALCOMM INC,747525103,9955110000.0,58200,0.01404150465712356
N/A,M3-BRIGADE ACQUISITION VI CO,G63221108,9943170000.0,994317,0.01402466350061137
OCFC,OCEANFIRST FINL CORP,675234108,9940979000.0,553815,0.014021573134286562
BMO,BANK MONTREAL QUE,063671101,9921148000.0,76440,0.013993601863365856
VIRT,VIRTU FINL INC,928254101,9918264000.0,297667,0.013989534032931924
IREN,IREN LIMITED,Q4982L109,9916740000.0,262556,0.013987384458181122
CSWC 5.125 11/15/29,CAPITAL SOUTHWEST CORP,140501AE7,9875000000.0,10000000,0.013928510934494459
KSS,KOHLS CORP,500255104,9848090000.0,482513,0.013890554860646637
OLMA,OLEMA PHARMACEUTICALS INC,68062P106,9841450000.0,393658,0.013881189259370177
LOB,LIVE OAK BANCSHARES INC,53803X105,9829596000.0,286160,0.013864469404320304
MRTN,MARTEN TRANS LTD,573075108,9813611000.0,862356,0.013841922847632922
UVE,UNIVERSAL INS HLDGS INC,91359V107,9797133000.0,289856,0.013818680923260407
RARE,ULTRAGENYX PHARMACEUTICAL IN,90400D108,9753127000.0,424049,0.013756611247089939
FLY,FIREFLY AEROSPACE INC,31816X106,9750479000.0,435873,0.013752876290436315
BITF,BITFARMS LTD,09173B107,9742515000.0,4145751,0.013741643210833042
RCI,ROGERS COMMUNICATIONS INC,775109200,9722342000.0,257682,0.013713189555027315
SAH,SONIC AUTOMOTIVE INC,83545G102,9722289000.0,157166,0.013713114799474957
PRCH,PORCH GROUP INC,733245104,9716886000.0,1064281,0.013705493964580873
CRNC,CERENCE INC,156727109,9710294000.0,908353,0.013696196066446172
TRTX,TPG RE FIN TR INC,87266M107,9652990000.0,1121137,0.013615369799044626
USMC,PRINCIPAL EXCHANGE TRADED FD,74255Y870,9651450000.0,141000,0.013613197656579904
HTO,H2O AMERICA,784305104,9646670000.0,196911,0.013606455552046549
DQ,DAQO NEW ENERGY CORP,23703Q203,9637591000.0,326698,0.013593649784879534
IRWD,IRONWOOD PHARMACEUTICALS INC,46333X108,9615301000.0,2853205,0.013562210138425875
N/A,REPUBLIC DIGITAL ACQUISITION,G7515A103,9615004000.0,949630,0.01356179122523625
SPB,SPECTRUM BRANDS HLDGS INC NE,84790A105,9606408000.0,162600,0.013549666720933171
CAE,CAE INC,124765108,9586863000.0,315150,0.01352209884789877
GCMG,GCM GROSVENOR INC,36831E108,9585153000.0,846745,0.01351968692347366
MTB,M & T BK CORP,55261F104,9545115000.0,47375,0.013463214040355147
ULCC,FRONTIER GROUP HLDGS INC,35909R108,9536902000.0,2024820,0.013451629750704007
BOW,BOWHEAD SPECIALTY HLDGS INC,10240L102,9531960000.0,333986,0.013444659148067223
LRGF,ISHARES TR,46434V282,9498024000.0,136800,0.01339679302684464
SITE,SITEONE LANDSCAPE SUPPLY INC,82982L103,9487860000.0,76171,0.013382456886577479
BV,BRIGHTVIEW HLDGS INC,10948C107,9482481000.0,748420,0.013374869903254276
PTEN,PATTERSON-UTI ENERGY INC,703481101,9470225000.0,1549955,0.013357583034392183
CE,CELANESE CORP DEL,150870103,9456979000.0,223675,0.013338899788231339
GLNG,GOLAR LNG LTD,G9456A100,9443972000.0,253802,0.013320553647297166
TPL,TEXAS PACIFIC LAND CORPORATI,88262P102,9443794000.0,32880,0.013320302581479815
PRGS 1 04/15/26,PROGRESS SOFTWARE CORP,743312AB6,9441444000.0,9508000,0.013316987948497935
APP,APPLOVIN CORP,03831W108,9433480000.0,14000,0.013305754868894664
FFC0,OAKTREE SPECIALTY LENDING CO,67401P405,9428670000.0,740084,0.013298970449897708
SES,SES AI CORPORATION,78397Q109,9428008000.0,5237782,0.013298036710734302
SYNA,SYNAPTICS INC,87157D109,9426891000.0,127356,0.01329646120220632
RUN,SUNRUN INC,86771W105,9407920000.0,511300,0.013269702945908771
DFSV,DIMENSIONAL ETF TRUST,25434V815,9390095000.0,285500,0.013244561102120685
N/A,BANK OF NT BUTTERFIELD&SON L,G0772R208,9365114000.0,187979,0.013209325848282242
HCKT,HACKETT GROUP INC,404609109,9346824000.0,476150,0.013183528130308379
IBRX,IMMUNITYBIO INC,45256X103,9341329000.0,4717843,0.013175777531059262
OFG,OFG BANCORP,67103X102,9330777000.0,227691,0.01316089412372956
MGY,MAGNOLIA OIL & GAS CORP,559663109,9325337000.0,426009,0.013153221100997039
AAUC,ALLIED GOLD CORP,01921D204,9319436000.0,407318,0.01314489784600722
JAZZ 3.125 09/15/30,JAZZ INVESTMENTS I LTD,472145AH4,9317000000.0,7000000,0.013141461911563027
PAYO,PAYONEER GLOBAL INC,70451X104,9307799000.0,1656192,0.013128484065577376
COTY,COTY INC,222070203,9283967000.0,3014275,0.013094869455694758
AMSC,AMERICAN SUPERCONDUCTOR CORP,030111207,9254813000.0,321571,0.013053748259969768
WGO,WINNEBAGO INDS INC,974637100,9246137000.0,228187,0.013041510917097095
IAG,IAMGOLD CORP,450913108,9237583000.0,560193,0.013029445653043053
CGBD,CARLYLE SECURED LENDING INC,872280102,9210126000.0,737400,0.012990718045475618
ADMA,ADMA BIOLOGICS INC,000899104,9196134000.0,504174,0.012970982579653295
AAOI,APPLIED OPTOELECTRONICS INC,03823U102,9189654000.0,263616,0.012961842655516025
EAT,BRINKER INTL INC,109641100,9189299000.0,64028,0.012961341934363444
SPT,SPROUT SOCIAL INC,85209W109,9179933000.0,814546,0.012948131358828002
RIOT 0.75 01/15/30,RIOT PLATFORMS INC,767292AB1,9142875000.0,8100000,0.012895861712426938
C,CITIGROUP INC,172967424,9101820000.0,78000,0.012837954368992443
QBTS,D-WAVE QUANTUM INC,26740W109,9081424000.0,347282,0.012809186175673967
REYN,REYNOLDS CONSUMER PRODS INC,76171L106,9081202000.0,396213,0.012808873048643338
N/A,K&F GROWTH ACQUISITION CORP,G52258111,9049464000.0,876886,0.012764107167120403
TFC,TRUIST FINL CORP,89832Q109,9017044000.0,183236,0.012718379336791662
OMER,OMEROS CORP,682143102,9012701000.0,524757,0.012712253612944726
GRPN,GROUPON INC,399473206,9003042000.0,511246,0.01269862976614814
SCL,STEPAN CO,858586100,8954450000.0,189072,0.012630091618975587
CLSK 0 06/15/30,CLEANSPARK INC,18452BAC4,8945491000.0,8648000,0.012617455109662966
HAL,HALLIBURTON CO,406216101,8940390000.0,316362,0.012610260240369106
PLTK,PLAYTIKA HLDG CORP,72815L107,8930045000.0,2260771,0.012595668802838236
MLPX,GLOBAL X FDS,37954Y293,8928175000.0,147500,0.012593031201273931
PJT,PJT PARTNERS INC,69343T107,8893034000.0,53188,0.01254346544909681
N/A,D. BORAL ARC ACQ I CORP.,G2616F101,8882337000.0,885577,0.012528377521859717
WABC,WESTAMERICA BANCORPORATION,957090103,8882079000.0,185701,0.012528013617472772
ECPG,ENCORE CAP GROUP INC,292554102,8842691000.0,162699,0.012472457547732229
DAC,DANAOS CORPORATION,Y1968P121,8842654000.0,93891,0.012472405359893789
FBT,FIRST TR EXCHANGE-TRADED FD,33733E203,8818404000.0,42700,0.012438201168485031
UPS,UNITED PARCEL SERVICE INC,911312106,8817991000.0,88900,0.012437618639369492
SCHM,SCHWAB STRATEGIC TR,808524508,8810510000.0,293000,0.012427066822630155
WAY,WAYSTAR HLDG CORP,946784105,8782175000.0,268158,0.012387100811761406
N/A,DRUGS MADE IN AMER ACQ II CO,G2851K104,8776786000.0,886544,0.012379499723617002
CC,CHEMOURS CO,163851108,8766018000.0,743513,0.012364311652149391
BCSF,BAIN CAP SPECIALTY FIN INC,05684B107,8763064000.0,629983,0.012360145087967064
N/A,TITAN ACQUISITION CORP,G8901A103,8755482000.0,854110,0.012349450812533611
OPCH,OPTION CARE HEALTH INC,68404L201,8726486000.0,273901,0.012308552472983578
CSCO,CISCO SYS INC,17275R102,8719796000.0,113200,0.012299116347601119
N/A,TRAILBLAZER ACQUISITION CORP,G9009S103,8708690000.0,869999,0.012283451533176969
MSFT,MICROSOFT CORP,594918104,8705160000.0,18000,0.01227847253129355
PYPL,PAYPAL HLDGS INC,70450Y103,8698620000.0,149000,0.012269247978229083
MLM,MARTIN MARIETTA MATLS INC,573284106,8694202000.0,13963,0.01226301646822315
GRAL,GRAIL INC,384747101,8683020000.0,101449,0.012247244457157882
NMRK,NEWMARK GROUP INC,65158N102,8660272000.0,499439,0.012215158809893286
N/A,RICE ACQUISITION CORP 3,G7553X106,8655469000.0,843613,0.012208384264271174
GES,GUESS INC,401617105,8644575000.0,516094,0.012193018472056451
C,CITIGROUP INC,172967424,8635060000.0,74000,0.012179597734685136
VNDA,VANDA PHARMACEUTICALS INC,921659108,8634692000.0,978990,0.012179078677264995
NXE,NEXGEN ENERGY LTD,65340P106,8619360000.0,936887,0.01215745316540194
N/A,CARTESIAN GROWTH CORP III,G19307100,8616637000.0,836973,0.01215361242258932
N/A,BAIN CAP GSS INVT CORP,G0R78B106,8615940000.0,854756,0.012152629316551715
UHAL,U HAUL HOLDING COMPANY,023586100,8608566000.0,170771,0.012142228421399214
JKS,JINKOSOLAR HLDG CO LTD,47759T100,8606654000.0,333462,0.012139531579585871
ALAB,ASTERA LABS INC,04626A103,8600812000.0,51700,0.01213129154304113
BYND 7 10/15/30,BEYOND MEAT INC,08862EAD1,8524032000.0,11099000,0.01202299472587146
AXTI,AXT INC,00246W103,8479944000.0,518651,0.011960809390167158
FFIC,FLUSHING FINL CORP,343873105,8479833000.0,558987,0.011960652826651845
EPR,EPR PPTYS,26884U109,8475814000.0,169856,0.01195498409901177
B,BARRICK MNG CORP,06849F108,8470475000.0,194500,0.011947453534973363
FREL,FIDELITY COVINGTON TRUST,316092857,8467661000.0,314900,0.011943484438287827
ARM,ARM HOLDINGS PLC,042068205,8460594000.0,77400,0.011933516561146149
ALSN,ALLISON TRANSMISSION HLDGS I,01973R101,8446616000.0,86278,0.011913800842073503
HELE,HELEN OF TROY LTD,G4388N106,8436059000.0,396991,0.011898910382333205
N/A,WEN ACQUISITION CORP,G9R39C103,8420309000.0,833694,0.011876695288944012
N/A,AMERICAN EXCEPTIONALISM ACQU,G0273J101,8411572000.0,738505,0.011864371906662018
SWBI,SMITH & WESSON BRANDS INC,831754106,8395975000.0,850656,0.011842372617037177
PRCT,PROCEPT BIOROBOTICS CORP,74276L105,8383335000.0,266476,0.011824544123041025
FCF,FIRST COMWLTH FINL CORP PA,319829107,8377144000.0,496865,0.011815811828236421
BUSE,FIRST BUSEY CORP,319383204,8339561000.0,350549,0.011762801678722385
DGX,QUEST DIAGNOSTICS INC,74834L100,8326664000.0,47984,0.011744610690821406
RXST,RXSIGHT INC,78349D107,8318901000.0,798359,0.011733661118124242
TGT,TARGET CORP,87612E106,8318525000.0,85100,0.011733130776847142
IJS,ISHARES TR,464287879,8312932000.0,73100,0.011725241950350268
EXTR,EXTREME NETWORKS,30226D106,8283458000.0,497505,0.011683669400346897
GOOGL,ALPHABET INC,02079K305,8263200000.0,26400,0.011655095853560974
KREF,KKR REAL ESTATE FIN TR INC,48251K100,8262941000.0,1005224,0.011654730538691907
N/A,TALON CAP CORP,G86652107,8245969000.0,815625,0.011630791836152137
DXC,DXC TECHNOLOGY CO,23355L106,8240024000.0,562459,0.01162240651994904
CRTO,CRITEO S A,226718104,8231531000.0,399395,0.011610427295304315
N/A,BLUE WTR ACQUISITION CORP. I,G1368E106,8230200000.0,797500,0.011608549943602662
SEB,SEABOARD CORP DEL,811543107,8214027000.0,1848,0.011585738216276733
APOG,APOGEE ENTERPRISES INC,037598109,8212166000.0,225547,0.011583113309051507
ALGM,ALLEGRO MICROSYSTEMS INC,01749D105,8202201000.0,310925,0.011569057854726216
ARM,ARM HOLDINGS PLC,042068205,8198250000.0,75000,0.0115634850398703
WOOF,PETCO HEALTH & WELLNESS CO I,71601V105,8196264000.0,2916820,0.011560683822380081
PD,PAGERDUTY INC,69553P100,8195297000.0,625118,0.01155931988617009
SLB,SLB LIMITED,806857108,8193324000.0,213479,0.011556537004947432
AGIO,AGIOS PHARMACEUTICALS INC,00847X104,8170246000.0,300156,0.011523985898583253
TDC,TERADATA CORP DEL,88076W103,8147449000.0,267656,0.01149183113769478
FDX,FEDEX CORP,31428X106,8143541000.0,28192,0.01148631897357002
SLB,SLB LIMITED,806857108,8128884000.0,211800,0.011465645537137931
LULU,LULULEMON ATHLETICA INC,550021109,8116643000.0,39058,0.011448379825507638
FW2N,BANNER CORP,06652V208,8113593000.0,129486,0.011444077855041793
N/A,BERTO ACQUISITION CORP,G1051H101,8104375000.0,799248,0.011431076030860104
CMS,CMS ENERGY CORP,125896100,8099223000.0,115819,0.011423809226978129
N/A,KOCHAV DEFENSE ACQUI CO,G5304D106,8086650000.0,797500,0.011406075235284013
LDOS,LEIDOS HOLDINGS INC,525327102,8060994000.0,44684,0.011369887906014606
UMBF,UMB FINL CORP,902788108,8044747000.0,69930,0.011346971803011799
TSLX,SIXTH STREET SPECIALTY LENDI,83012A109,8041244000.0,370223,0.011342030884145617
N/A,OYSTER ENTERPRISES II ACQUIS,G6861F104,8038800000.0,797500,0.011338583665844462
SZ7,AMERICAS GOLD AND SILVER COR,03062D803,8036180000.0,1572638,0.011334888202690198
EIG,EMPLOYERS HLDGS INC,292218104,8029361000.0,185994,0.011325270125114265
TMFC,RBB FD INC,74933W601,8023886000.0,111800,0.011317547735507546
UNH,UNITEDHEALTH GROUP INC,91324P102,8018702000.0,24291,0.011310235796197731
N/A,PIONEER ACQUISITION I CORP,G7117W107,8014875000.0,797500,0.011304837881124687
N/A,HCM III ACQUISITION CORP,G4365E103,8006900000.0,797500,0.011293589286218094
N/A,AA MISSION ACQUISITION CORP,G1000R101,8002500000.0,750000,0.01128738316489032
SPGI,S&P GLOBAL INC,78409V104,7972633000.0,15256,0.01124525629541381
AMAT,APPLIED MATLS INC,038222105,7964377000.0,30991,0.011233611355031512
PUMP,PROPETRO HLDG CORP,74347M108,7945681000.0,835508,0.01120724098131695
APGE,APOGEE THERAPEUTICS INC,03770N101,7943591000.0,105241,0.011204293073686256
LSPD,LIGHTSPEED COMMERCE INC,53229C107,7940184000.0,657300,0.01119948756110359
PCG,PG&E CORP,69331C108,7928938000.0,493400,0.011183625279182647
JNJ,JOHNSON & JOHNSON,478160104,7884795000.0,38100,0.011121362366961747
IBM,INTERNATIONAL BUSINESS MACHS,459200101,7879186000.0,26600,0.011113450972750953
MRK,MERCK & CO INC,58933Y105,7876080000.0,74825,0.011109070015286392
ITIC,INVESTORS TITLE CO NC,461804106,7871648000.0,31532,0.01110281875853078
CNK,CINEMARK HLDGS INC,17243V102,7853935000.0,337949,0.011077834888740127
IHS,IHS HOLDING LIMITED,G4701H109,7845809000.0,1051717,0.011066373311033422
IONQ,IONQ INC,46222L108,7839956000.0,174726,0.011058117759185361
UTHR,UNITED THERAPEUTICS CORP DEL,91307C102,7835955000.0,16082,0.011052474420223446
LEU,CENTRUS ENERGY CORP,15643U104,7834593000.0,32273,0.011050553343576077
PYPL,PAYPAL HLDGS INC,70450Y103,7822920000.0,134000,0.011034088785789915
TGT,TARGET CORP,87612E106,7820000000.0,80000,0.011029970177999664
EXPE,EXPEDIA GROUP INC,30212P303,7819356000.0,27600,0.011029061827514416
FLGT,FULGENT GENETICS INC,359664109,7811516000.0,297355,0.011018003647694018
SDGR,SCHRODINGER INC,80810D103,7809841000.0,436792,0.011015641090143104
N/A,CRANE HBR ACQUISITION CORP,G24979109,7808250000.0,725000,0.011013397013090264
MEOH,METHANEX CORP,59151K108,7807641000.0,196567,0.011012538029479216
FBRT,FRANKLIN BSP RLTY TR INC,35243J101,7798154000.0,777483,0.010999156785607261
AU,ANGLOGOLD ASHANTI PLC,G0378L100,7787428000.0,91316,0.01098402795438869
APLD,APPLIED DIGITAL CORP,038169207,7775733000.0,317118,0.01096753236599589
HE,HAWAIIAN ELEC INDUSTRIES,419870100,7769443000.0,631662,0.010958660433461413
BLMN,BLOOMIN BRANDS INC,094235108,7764402000.0,1258412,0.01095155019309475
BHE,BENCHMARK ELECTRS INC,08160H101,7760427000.0,181488,0.010945943526667954
HRMY,HARMONY BIOSCIENCES HLDGS IN,413197104,7744181000.0,206953,0.010923028834147265
PEN,PENUMBRA INC,70975L107,7729223000.0,24860,0.010901930842597071
AKR,ACADIA RLTY TR,004239109,7727333000.0,376209,0.010899265031390368
N/A,TEXAS VENTURES ACQUISITION I,G8772L105,7721250000.0,725000,0.010890685068654718
AFG,AMERICAN FINL GROUP INC OHIO,025932104,7717500000.0,56464,0.010885395760704911
FUTU,FUTU HLDGS LTD,36118L106,7701449000.0,46900,0.010862756112197614
HCI,HCI GROUP INC,40416E103,7700571000.0,40172,0.010861517708896297
RDW,REDWIRE CORPORATION,75776W103,7677984000.0,1010261,0.010829659149253013
VZLA,VIZSLA SILVER CORP,92859G608,7674891000.0,1403088,0.010825296528056012
TRUP,TRUPANION INC,898202106,7662905000.0,205055,0.010808390489366305
HTLD,HEARTLAND EXPRESS INC,422347104,7636382000.0,845668,0.010770980272098904
MGPI,MGP INGREDIENTS INC NEW,55303J106,7622303000.0,313675,0.010751122094332145
JOE,ST JOE CO,790148100,7620258000.0,128352,0.010748237658396848
NGVC,NATURAL GROCERS BY VITAMIN C,63888U108,7614524000.0,303973,0.010740149953921063
XIFR,XPLR INFRASTRUCTURE LP,65341B106,7604170000.0,760417,0.010725545822051112
TNC,TENNANT CO,880345103,7599576000.0,103115,0.010719066067192067
AMSF,AMERISAFE INC,03071H100,7591506000.0,197644,0.01070768347648408
LINE,LINEAGE INC,53566V106,7577360000.0,216496,0.010687730796415286
CAT,CATERPILLAR INC,149123101,7561884000.0,13200,0.010665902175126958
N/A,ROMAN DBDR ACQUISITION CORP,G7633M104,7561750000.0,725000,0.010665713170522884
FSUN,FIRSTSUN CAP BANCORP,33767U107,7552253000.0,200671,0.01065231782182973
CTO,CTO RLTY GROWTH INC NEW,22948Q101,7540184000.0,409570,0.010635294713124068
CBLL,CERIBELL INC,15678C102,7536025000.0,343640,0.010629428517987202
N/A,RITHM ACQUISITION CORP,G75751100,7532750000.0,725000,0.01062480918904437
OKLO,OKLO INC,02156V109,7524825000.0,104861,0.010613631118243774
N/A,ARCHIMEDES TECH SPAC PARTNER,G04537109,7511000000.0,725000,0.010594131202935482
IWP,ISHARES TR,464287481,7490618000.0,54700,0.010565382756366686
TCHP,T ROWE PRICE ETF INC,87283Q107,7488972000.0,150200,0.01056306110279725
N/A,CANTOR EQUITY PARTNERS II IN,G1827P106,7487889000.0,664999,0.010561533550661346
GLDD,GREAT LAKES DREDGE & DOCK CO,390607109,7487348000.0,570682,0.010560770479834452
VCTR,VICTORY CAP HLDGS INC,92645B103,7486638000.0,118666,0.01055976903752929
N/A,COHEN CIRCLE ACQUISIT CORP I,G2254C121,7485860000.0,731041,0.01055867168243997
RGR,STURM RUGER & CO INC,864159108,7484784000.0,229243,0.010557154003678905
BALL,BALL CORP,058498106,7484237000.0,141292,0.010556382469959292
RCKT,ROCKET PHARMACEUTICALS INC,77313F106,7483071000.0,2131929,0.010554737847807432
N/A,CANTOR EQUITY PARTNERS III I,G1828A108,7479986000.0,733332,0.01055038651046739
FBP,FIRST BANCORP P R,318672706,7479011000.0,360782,0.01054901129040044
N/A,ARTIUS II ACQUISITION INC,G0509J115,7467500000.0,725000,0.010532775230717708
N/A,LIVE OAK ACQUISITION CORP V,G5509P102,7467500000.0,725000,0.010532775230717708
N/A,FIFTH ERA ACQUISITION CORP I,G3415K101,7460250000.0,725000,0.01052254923534808
BKD,BROOKDALE SR LIVING INC,112463104,7455221000.0,690938,0.010515455920766859
HOV,HOVNANIAN ENTERPRISES INC,442487401,7449032000.0,76369,0.010506726446926495
UPS,UNITED PARCEL SERVICE INC,911312106,7438258000.0,74990,0.010491529912566166
JBSS,SANFILIPPO JOHN B & SON INC,800422107,7432839000.0,105281,0.010483886509958164
ADI,ANALOG DEVICES INC,032654105,7424642000.0,27377,0.010472324788020944
TRS,TRIMAS CORP,896215209,7404442000.0,208870,0.010443833049197977
CRWV,COREWEAVE INC,21873S108,7391656000.0,103221,0.010425798624812311
ESLT,ELBIT SYS LTD,M3760D101,7389489000.0,12791,0.010422742110058383
N/A,MOUNTAIN LAKE ACQUISITION CO,G6301B101,7385643000.0,710158,0.01041731739582506
N/A,NEBIUS GROUP N.V.,N97284108,7382446000.0,88196,0.010412808084487584
FDUS,FIDUS INVT CORP,316500107,7380146000.0,382391,0.010409563975611703
N/A,JENA ACQUISITION CORP II,G5093B105,7373250000.0,725000,0.010399837290912536
PNC,PNC FINL SVCS GROUP INC,693475105,7370674000.0,35312,0.010396203888971547
KEX,KIRBY CORP,497266106,7364211000.0,66838,0.010387087943030318
MWA,MUELLER WTR PRODS INC,624758108,7348684000.0,308509,0.010365187387153871
FEY,FUELCELL ENERGY INC,35952H700,7346141000.0,1004944,0.010361600531122842
N/A,CAL REDWOOD ACQUISITION CORP,G17564108,7322500000.0,725000,0.010328255323325134
TME,TENCENT MUSIC ENTMT GROUP,88034P109,7310010000.0,417000,0.010310638401646971
GLNG,GOLAR LNG LTD,G9456A100,7293160000.0,196000,0.010286871777925834
N/A,A PARADISE ACQUISITION CORP,G04819101,7286250000.0,725000,0.010277125346476988
N/A,VENDOME ACQUISITION CORP I,G9580A109,7271750000.0,725000,0.010256673355737732
SSRM,SSR MINING IN,784730103,7255936000.0,331019,0.010234367991492861
MGRC,MCGRATH RENTCORP,580589109,7246466000.0,69060,0.010221010725816946
N/A,GSR IV ACQUISITION CORP,G4R12K107,7242750000.0,725000,0.010215769374259215
ACN,ACCENTURE PLC IRELAND,G1151C101,7239539000.0,26983,0.01021124031617206
BTDR,BITDEER TECHNOLOGIES GROUP,G11448100,7231571000.0,645100,0.010200001594640308
N/A,SOULPOWER ACQUISITION CORP,G82745103,7229754000.0,712291,0.01019743874862836
IBM,INTERNATIONAL BUSINESS MACHS,459200101,7227524000.0,24400,0.010194293373500874
EFXT,ENERFLEX LTD,29269R105,7227458000.0,468403,0.010194200281680959
SAIA,SAIA INC,78709Y105,7215765000.0,22099,0.010177707514252397
ABAT,AMERICAN BATTERY TECHNOLOGY,02451V309,7214463000.0,2160019,0.010175871066532222
MRVL,MARVELL TECHNOLOGY INC,573874104,7197806000.0,84700,0.010152376665860236
AEHR,AEHR TEST SYS,00760J108,7179039000.0,355574,0.010125906147915156
N/A,OTG ACQUISITION CORP. I,G6791A100,7155190000.0,715519,0.010092267559836499
DBI,DESIGNER BRANDS INC,250565108,7138729000.0,960798,0.01006904961366002
ZETA,ZETA GLOBAL HOLDINGS CORP,98956A105,7132085000.0,350471,0.01005967837045508
ILMN,ILLUMINA INC,452327109,7124218000.0,54317,0.010048582107617443
TLN,TALEN ENERGY CORP,87422Q109,7121960000.0,19000,0.0100453972389906
TEVA,TEVA PHARMACEUTICAL INDS LTD,881624209,7110293000.0,227821,0.010028941144097156
DNLI,DENALI THERAPEUTICS INC,24823R105,7102222000.0,430177,0.010017557142907049
BDX,BECTON DICKINSON & CO,075887109,7095005000.0,36559,0.010007377693447379
ESAB,ESAB CORPORATION,29605J106,7090645000.0,63468,0.010001227991404401
WMT,WALMART INC,931142103,7077543000.0,63527,0.009982747854668832
LIVN,LIVANOVA PLC,G5509L101,7058352000.0,114714,0.009955679292304896
ODD,ODDITY TECH LTD,M7518J104,7045563000.0,175350,0.00993764063647287
RECS,COLUMBIA ETF TR I,19761L706,7044900000.0,172500,0.009936705486827345
ECPG 4 03/15/29,ENCORE CAP GROUP INC,292554AP7,7043670000.0,6415000,0.009934970593819805
ABBV,ABBVIE INC,00287Y109,7037492000.0,30800,0.009926256635282764
YUM,YUM BRANDS INC,988498101,7034066000.0,46497,0.009921424323539818
GLW,CORNING INC,219350105,7022487000.0,80202,0.009905092351072932
SLB,SLB LIMITED,806857108,7019702000.0,182900,0.009901164158368874
ASIX,ADVANSIX INC,00773T101,7013541000.0,405407,0.00989247417802787
CINF,CINCINNATI FINL CORP,172062101,6997445000.0,42845,0.009869771057825173
OMF,ONEMAIN HLDGS INC,68268W103,6971160000.0,103200,0.00983269653530232
N/A,OXLEY BRIDGE ACQ LTD,G6858G107,6968949000.0,691364,0.009829577959335112
APP,APPLOVIN CORP,03831W108,6940346000.0,10300,0.009789233939258216
HBNC,HORIZON BANCORP INC,440407104,6935232000.0,408917,0.009782020733696798
QCLN,FIRST TR EXCHANGE-TRADED FD,33733E500,6934118000.0,155500,0.009780449456615176
IHG,INTERCONTINENTAL HOTELS GROU,45857P806,6929399000.0,49204,0.009773793391491136
RLJ,RLJ LODGING TR,74965L101,6901367000.0,926358,0.009734254756704731
BDN,BRANDYWINE RLTY TR,105368203,6898301000.0,2362432,0.009729930218524968
N/A,PYROPHYTE ACQUISITION CORP.,G7309T102,6884813000.0,684375,0.0097109056356911
AON,AON PLC,G0403H108,6880101000.0,19497,0.0097042594439419
BGS,B & G FOODS INC NEW,05508R106,6878043000.0,1599545,0.009701356671739046
BTDR,BITDEER TECHNOLOGIES GROUP,G11448100,6862202000.0,612150,0.009679013224476937
FIZZ,NATIONAL BEVERAGE CORP,635017106,6856478000.0,215004,0.00967093962482235
CFFN,CAPITOL FED FINL INC,14057J101,6835633000.0,1003764,0.009641538125032018
FPI,FARMLAND PARTNERS INC,31154R109,6826392000.0,704478,0.009628503859761571
SLV,ISHARES SILVER TR,46428Q109,6818599000.0,105846,0.00961751197260081
N/A,LIGHTWAVE ACQUISITION CORP,G5490M100,6817261000.0,679687,0.009615624747524316
KWEB,KRANESHARES TRUST,500767306,6810000000.0,200000,0.00960538323685137
PRAX,PRAXIS PRECISION MEDICINES I,74006W207,6807905000.0,23098,0.009602428276810076
IBEX,IBEX LTD,G4690M101,6805967000.0,178260,0.009599694762461615
N/A,ARMADA ACQUISITION CORP II,G0R38G104,6805330000.0,664583,0.009598796285351208
DE,DEERE & CO,244199105,6795925000.0,14597,0.00958553070101309
SILJ,AMPLIFY ETF TR,032108649,6784684000.0,245200,0.009569675471502745
PNNT,PENNANTPARK INVT CORP,708062104,6770977000.0,1136070,0.009550341993084608
MSFT,MICROSOFT CORP,594918104,6770680000.0,14000,0.009549923079894981
PB,PROSPERITY BANCSHARES INC,743606105,6761100000.0,97831,0.009536410661185872
OPFI,OPPFI INC,68386H103,6741428000.0,644496,0.00950866365692224
MNKD,MANNKIND CORP,56400P706,6738443000.0,1188438,0.009504453367794192
JBS,JBS N.V.,N4732M103,6735568000.0,467099,0.00950039823169934
TRY,BARINGS BDC INC,06759L103,6730060000.0,733122,0.009492629296182662
FELE,FRANKLIN ELEC INC,353514102,6719676000.0,70341,0.009477982849849114
NVO,NOVO-NORDISK A S,670100205,6716160000.0,132000,0.009473023594715373
NVO,NOVO-NORDISK A S,670100205,6716160000.0,132000,0.009473023594715373
DDS,DILLARDS INC,254067101,6714003000.0,11073,0.009469981184782645
MORT,VANECK ETF TRUST,92189F452,6709048000.0,638349,0.009462992245878297
N/A,GP-ACT III ACQUISITION CORP,G4035N103,6681250000.0,625000,0.00942378366390796
REZ,ISHARES TR,464288562,6680039000.0,80833,0.009422075570060702
DHR,DANAHER CORPORATION,235851102,6666837000.0,29123,0.009403454385113138
DHIL,DIAMOND HILL INVT GROUP INC,25264R207,6663554000.0,39313,0.009398823772313346
N/A,CHURCHILL CAP CORP XI,G2131A124,6662025000.0,652500,0.009396667145151945
N/A,CENTURION ACQUISITION CORP,G20315100,6656250000.0,625000,0.00938852161090924
CTMX,CYTOMX THERAPEUTICS INC,23284F105,6648816000.0,1560755,0.009378036086829541
GPCR,STRUCTURE THERAPEUTICS INC,86366E106,6645016000.0,95543,0.009372676254773737
LOW,LOWES COS INC,548661107,6644440000.0,27552,0.009371863817072645
POWL,POWELL INDS INC,739128106,6633812000.0,20810,0.00935687321310183
IWN,ISHARES TR,464287630,6613621000.0,36497,0.009328394168617943
N/A,BOLD EAGLE ACQUISITION CORP,G2003N105,6612500000.0,625000,0.009326813018161479
MATX,MATSON INC,57686G105,6604736000.0,53458,0.009315862034982197
N/A,FACT II ACQUISITION CORP,G32901103,6603844000.0,634375,0.009314603884931204
NUVB,NUVATION BIO INC,67080N101,6594067000.0,735945,0.009300813601244464
ENVX,ENOVIX CORPORATION,293594107,6584607000.0,900767,0.009287470440389748
MVST,MICROVAST HOLDINGS INC,59516C106,6572132000.0,2347190,0.009269874675943387
N/A,NEWHOLD INVT CORP III,G6486E102,6572125000.0,634375,0.009269864802568547
MGEE,MGE ENERGY INC,55277P104,6570341000.0,83784,0.009267348502466558
CNO,CNO FINL GROUP INC,12621E103,6569175000.0,154678,0.009265703880314698
DEA,EASTERLY GOVT PPTYS INC,27616P301,6567883000.0,309952,0.009263881537415725
N/A,HENNESSY CAP INVT CORP VII,G4405D107,6565781000.0,634375,0.009260916703999592
CMA,COMERICA INC,200340107,6560781000.0,75472,0.009253864293399848
NSC,NORFOLK SOUTHN CORP,655844108,6551923000.0,22693,0.00924137024278134
PM,PHILIP MORRIS INTL INC,718172109,6519458000.0,40645,0.009195578940757204
UBS,UBS GROUP AG,H42097107,6507944000.0,140530,0.009179338649628112
SPUS,TIDAL TRUST I,886364801,6506318000.0,127400,0.009177045205701076
JANX,JANUX THERAPEUTICS INC,47103J105,6499924000.0,471009,0.009168026583026123
N/A,SIZZLE ACQUISITION CORP. II,G8193F109,6492504000.0,639026,0.009157560805696102
TROW,PRICE T ROWE GROUP INC,74144T108,6485363000.0,63346,0.009147488552877548
KROS,KEROS THERAPEUTICS INC,492327101,6483418000.0,318439,0.009144745165154247
SLRC,SLR INVESTMENT CORP,83413U100,6479178000.0,419093,0.009138764720965666
N/A,BLUE ACQUISITION CORP.,G1331A108,6476969000.0,634375,0.009135648965962698
ERO,ERO COPPER CORP,296006109,6475581000.0,228900,0.00913369121678021
EPAM,EPAM SYS INC,29414B104,6464784000.0,31554,0.009118462241331123
PEP,PEPSICO INC,713448108,6458113000.0,44998,0.009109052915108945
WASH,WASHINGTON TR BANCORP INC,940610108,6451711000.0,218332,0.009100023008577032
FVAL,FIDELITY COVINGTON TRUST,316092782,6446484000.0,89200,0.009092650418536059
MELI,MERCADOLIBRE INC,58733R102,6445632000.0,3200,0.009091448687769864
KO,COCA COLA CO,191216100,6445283000.0,92194,0.009090956429510001
WOR,WORTHINGTON ENTERPRISES INC,981811102,6433667000.0,124756,0.009074572269204675
SANA,SANA BIOTECHNOLOGY INC,799566104,6429399000.0,1579705,0.009068552331516735
TLS,TELOS CORP MD,87969B101,6426224000.0,1260044,0.009064074050785896
N/A,THAYER VENTURES ACQ CORP II,G87890102,6419875000.0,634375,0.009055118899806341
PRTA,PROTHENA CORP PLC,G72800108,6399818000.0,670138,0.009026828859926528
TTWO,TAKE-TWO INTERACTIVE SOFTWAR,874054109,6385900000.0,24942,0.00900719776978108
N/A,AXIOM INTELLIGENCE AC CORP 1,G0750N104,6381813000.0,634375,0.00900143312935685
CNOB,CONNECTONE BANCORP INC,20786W107,6380506000.0,243345,0.008999589629226076
HFWA,HERITAGE FINL CORP WASH,42722X106,6373486000.0,269492,0.008989688044744036
TE 5.25 12/01/30,T1 ENERGY INC,35834FAB0,6373000000.0,5000000,0.008989002550433741
AWR,AMER STATES WTR CO,029899101,6352944000.0,87651,0.008960713921036048
HOLX,HOLOGIC INC,436440101,6346846000.0,85204,0.008952112801068599
FMF,FORMFACTOR INC,346375108,6345142000.0,113753,0.008949709339536207
FLQM,FRANKLIN TEMPLETON ETF TR,35473P884,6334876000.0,112600,0.008935229330092812
UEC,URANIUM ENERGY CORP,916896103,6330011000.0,541953,0.008928367334579261
N/A,HIGHVIEW MERGER CORP,G4569C101,6328530000.0,632853,0.008926278410559619
VRE,VERIS RESIDENTIAL INC,554489104,6327884000.0,425261,0.00892536723911013
QQQM,INVESCO EXCH TRADED FD TR II,46138G649,6323000000.0,25000,0.0089184784444363
CRM,SALESFORCE INC,79466L302,6321547000.0,23863,0.008916429013916014
CAMT,CAMTEK LTD,M20791105,6320190000.0,59431,0.008914514989679245
IRMD,IRADIMED CORP,46266A109,6314834000.0,64914,0.008906960447444798
AMCX,AMC NETWORKS INC,00164V103,6314540000.0,663292,0.008906545765701534
NCDL,NUVEEN CHURCHILL DIRECT LEND,67090S108,6310687000.0,473065,0.008901111178093371
ARKG,ARK ETF TR,00214Q302,6306769000.0,217700,0.008895584909147412
UPST 2 10/01/29,UPSTART HLDGS INC,91680MAD9,6300000000.0,5000000,0.008886037355677478
JNJ,JOHNSON & JOHNSON,478160104,6282795000.0,30359,0.008861770010803759
BJ,BJS WHSL CLUB HLDGS INC,05550J101,6280403000.0,69759,0.008858396137572841
GNK,GENCO SHIPPING & TRADING LTD,Y2685T131,6280115000.0,340755,0.008857989918722296
MU,MICRON TECHNOLOGY INC,595112103,6279020000.0,22000,0.008856445440800952
KLAC,KLA CORP,482480100,6269813000.0,5160,0.008843459131922584
SSL,SASOL LTD,803866300,6265510000.0,962444,0.008837389827360443
XRX,XEROX HOLDINGS CORP,98421M106,6264616000.0,2643298,0.008836128856345209
ILCG,ISHARES TR,464287119,6263208000.0,60200,0.008834142897520322
UTL,UNITIL CORP,913259107,6260773000.0,129248,0.008830708373558246
PCAR,PACCAR INC,693718108,6258606000.0,57151,0.008827651858804318
ALHC,ALIGNMENT HEALTHCARE INC,01625V104,6255358000.0,316727,0.008823070612878724
THO,THOR INDS INC,885160101,6255067000.0,60924,0.008822660162581817
KRMN,KARMAN HLDGS INC,485924104,6243084000.0,85323,0.008805758355338473
IAUX,I-80 GOLD CORP,44955L106,6238195000.0,4272736,0.008798862508254042
APPS,DIGITAL TURBINE INC,25400W102,6231715000.0,1246343,0.008789722584116774
MIAX,MIAMI INTL HLDGS INC,59356Q108,6227890000.0,140331,0.00878432749000797
GDOT,GREEN DOT CORP,39304D102,6227876000.0,486173,0.00878430774325829
TBBK,BANCORP INC DEL,05969A105,6217984000.0,92091,0.008770355254127758
PGC,PEAPACK-GLADSTONE FINL CORP,704699107,6214783000.0,223152,0.008765840300861801
CWH,CAMPING WORLD HLDGS INC,13462K109,6208645000.0,638093,0.008757182761609555
CYH,COMMUNITY HEALTH SYS INC NEW,203668108,6192136000.0,1984659,0.00873389711229132
AGI,ALAMOS GOLD INC NEW,011532108,6191241000.0,160478,0.008732634730793967
SQM,SOCIEDAD QUIMICA Y MINERA DE,833635105,6191037000.0,89986,0.008732346992441496
NKE,NIKE INC,654106103,6187197000.0,97115,0.008726930741100893
FHN,FIRST HORIZON CORPORATION,320517105,6181114000.0,258624,0.008718350778365243
CNXN,PC CONNECTION INC,69318J100,6174891000.0,106906,0.008709573348132804
TCPC,BLACKROCK TCP CAPITAL CORP,09259E108,6171385000.0,1128224,0.008704628197820263
COUR,COURSERA INC,22266M104,6160990000.0,837091,0.008689966236183394
CENTA,CENTRAL GARDEN & PET CO,153527205,6151238000.0,210731,0.008676211214549654
EVH,EVOLENT HEALTH INC,30050B101,6150096000.0,1537524,0.008674600443968672
CRI,CARTERS INC,146229109,6138480000.0,189284,0.008658216283663346
PAY,PAYMENTUS HOLDINGS INC,70439P108,6116740000.0,193629,0.008627552402375659
DUOL,DUOLINGO INC,26603R106,6107400000.0,34800,0.008614378499375339
CAVA,CAVA GROUP INC,148929102,6107164000.0,104058,0.00861404562559503
LNC,LINCOLN NATL CORP IND,534187109,6093485000.0,136840,0.008594751640676251
N/A,RENATUS TACTICAL ACQUIS,G7490F101,6091898000.0,570937,0.008592513205551893
OTF,BLUE OWL TECHNOLOGY FIN CORP,095924106,6083740000.0,418414,0.008581006492417349
QQQ,INVESCO QQQ TR,46090E103,6081669000.0,9900,0.008578085383946936
GBDC,GOLUB CAP BDC INC,38173M102,6079360000.0,448000,0.008574828580731974
TYL 0.25 03/15/26,TYLER TEX INDPT SCH DIST,902252AB1,6066000000.0,6000000,0.008555984539609457
BTSG,BRIGHTSPRING HEALTH SVCS INC,10950A106,6040535000.0,161296,0.008520066612424961
CSV,CARRIAGE SVCS INC,143905107,6032741000.0,142618,0.00850907331478208
TILE,INTERFACE INC,458665304,6023293000.0,215734,0.008495747079712804
NPKI,NPK INTERNATIONAL INC,651718504,6021483000.0,505158,0.008493194107075696
ITRG,INTEGRA RES CORP,45826T509,6021175000.0,1501540,0.008492759678582753
CRWD,CROWDSTRIKE HLDGS INC,22788C105,6007628000.0,12816,0.008473651877303806
META,META PLATFORMS INC,30303M102,6006819000.0,9100,0.008472510797268767
WCLD,WISDOMTREE TR,97717Y691,6000224000.0,171386,0.008463208667687705
SUPN,SUPERNUS PHARMACEUTICALS INC,868459108,5997100000.0,120666,0.008458802321544985
UVXY,PROSHARES TR II,74347Y680,5992405000.0,166780,0.008452180107991824
CSCO,CISCO SYS INC,17275R102,5985231000.0,77700,0.008442061309263312
N/A,PHARVARIS N V,N69605108,5971467000.0,215188,0.008422647433364338
IONQ,IONQ INC,46222L108,5945275000.0,132500,0.008385704085678639
ACVA,ACV AUCTIONS INC,00091G104,5937976000.0,740396,0.008375408976685131
BB4,AXOS FINANCIAL INC,05465C100,5917296000.0,68678,0.00834624020644459
FDIS,FIDELITY COVINGTON TRUST,316092204,5915064000.0,57900,0.008343092010352866
MGNI,MAGNITE INC,55955D100,5898177000.0,363412,0.00831927319879329
IBP,INSTALLED BLDG PRODS INC,45780R101,5888153000.0,22700,0.008305134526022922
AVXL,ANAVEX LIFE SCIENCES CORP,032797300,5887158000.0,1653696,0.008303731096313573
AVGO,BROADCOM INC,11135F101,5883700000.0,17000,0.00829885364914279
QCRH,QCR HOLDINGS INC,74727A104,5879147000.0,70578,0.008292431724050663
FTRE,FORTREA HLDGS INC,34965K107,5872832000.0,340454,0.008283524529463187
AEVA,AEVA TECHNOLOGIES INC,00835Q202,5872536000.0,442209,0.008283107026755682
ITGR,INTEGER HLDGS CORP,45826H109,5871584000.0,74864,0.008281764247777492
JBHT,HUNT J B TRANS SVCS INC,445658107,5869068000.0,30200,0.008278215474763699
IBCP,INDEPENDENT BK CORP MICH,453838609,5861939000.0,180201,0.008268160147730585
KBWP,INVESCO EXCH TRADED FD TR II,46138E586,5842891000.0,45900,0.0082412932843098
CVX,CHEVRON CORP NEW,166764100,5835779000.0,38290,0.008231261935472724
EVRG,EVERGY INC,30034W106,5834793000.0,80491,0.008229871200102453
MMI,MARCUS & MILLICHAP INC,566324109,5827971000.0,213557,0.008220248891080164
NRIM,NORTHRIM BANCORP INC,666762109,5822108000.0,218794,0.008211979234410903
VMC,VULCAN MATLS CO,929160109,5818488000.0,20400,0.008206873289136688
GTLB,GITLAB INC,37637K108,5815949000.0,154968,0.008203292075034138
HPE,HEWLETT PACKARD ENTERPRISE C,42824C109,5815242000.0,242100,0.008202294864175334
FTI,TECHNIPFMC PLC,G87110105,5806614000.0,130310,0.008190125224444416
TDUP,THREDUP INC,88556E102,5785263000.0,905362,0.00816001002070139
MBWM,MERCANTILE BK CORP,587376104,5780514000.0,120177,0.008153311641113754
DCO,DUCOMMUN INC DEL,264147109,5774106000.0,60697,0.008144273271689121
ENR,ENERGIZER HLDGS INC NEW,29272W109,5770308000.0,290111,0.008138916260597555
ATAI,ATAI BECKLEY NV,N0731H103,5767837000.0,1410229,0.008135430959279162
WSFS,WSFS FINL CORP,929328102,5767608000.0,104410,0.008135107958873693
GATX,GATX CORP,361448103,5730954000.0,33791,0.00808340814724909
HZO,MARINEMAX INC,567908108,5728602000.0,236426,0.00808009069330297
CPF,CENTRAL PAC FINL CORP,154760409,5724217000.0,183704,0.008073905729206994
ACLS,AXCELIS TECHNOLOGIES INC,054540208,5723743000.0,71244,0.008073237160682138
TRIN,TRINITY CAP INC,896442308,5713705000.0,390014,0.008059078741162093
MNMD,MIND MEDICINE MINDMED INC,60255C885,5693522000.0,425207,0.008030610980535166
SONO,SONOS INC,83570H108,5686736000.0,323846,0.008021039448869194
SHC,SOTERA HEALTH CO,83601L102,5678404000.0,321905,0.00800928731184578
RWAY,RUNWAY GROWTH FINANCE CORP,78163D100,5671729000.0,635132,0.00799987234369512
CAT,CATERPILLAR INC,149123101,5671413000.0,9900,0.007999426631345218
SHOP,SHOPIFY INC,82509L107,5664051000.0,35187,0.007989042661978155
NWAX/U,NEW AMER ACQUISITION I CORP,023634207,5660438000.0,543750,0.00798394659007878
ALGT,ALLEGIANT TRAVEL CO,01748X102,5655021000.0,66319,0.007976306008435017
PRME,PRIME MEDICINE INC,74168J101,5653754000.0,1629324,0.007974518927589042
URGN,UROGEN PHARMA LTD,M96088105,5649208000.0,241213,0.007968106875871754
KD,KYNDRYL HLDGS INC,50155Q100,5639538000.0,212332,0.00795446751377185
N/A,STELLAR V CAP CORP,G8475V103,5635969000.0,543750,0.007949433503085752
LGN,LEGENCE CORP,52476L109,5632387000.0,130864,0.007944381156132095
JNJ,JOHNSON & JOHNSON,478160104,5629040000.0,27200,0.007939660272476627
MYGN,MYRIAD GENETICS INC,62855J104,5628302000.0,915171,0.007938619336672104
N/A,SPRING VY ACQUISITION CORP I,G8377R101,5623811000.0,554070,0.007932284861471416
N/A,GORES HLDGS X INC,G4002F109,5621295000.0,548419,0.007928736088457624
GABC,GERMAN AMERN BANCORP INC,373865104,5618882000.0,143412,0.007925332595102188
V,VISA INC,92826C839,5611360000.0,16000,0.007914722948595932
BMI,BADGER METER INC,056525108,5608677000.0,32158,0.00791093862506811
CRL,CHARLES RIV LABS INTL INC,159864107,5606385000.0,28105,0.007907705800049188
IHP,DINE BRANDS GLOBAL INC,254423106,5594706000.0,174073,0.007891232779370304
QQEW,FIRST TR EXCHANGE-TRADED FD,337344105,5585678000.0,39300,0.007878498946791407
TDIV,FIRST TR EXCHANGE TRADED FD,33738R118,5585344000.0,57676,0.007878027845763344
ALAB,ASTERA LABS INC,04626A103,5573060000.0,33500,0.007860701483401893
N/A,GLOBA TERRA ACQUISITION COR,G3933N116,5571322000.0,551616,0.007858250065477421
STX,SEAGATE TECHNOLOGY HLDNGS PL,G7997R103,5567835000.0,20218,0.00785333171432516
CMI,CUMMINS INC,231021106,5560842000.0,10894,0.007843468212860359
CUBI,CUSTOMERS BANCORP INC,23204G100,5560776000.0,76050,0.007843375121040441
NSZ,NETSCOUT SYS INC,64115T104,5558368000.0,205409,0.007839978680095606
N/A,REAL ASSET ACQUISITION CORP,G73944103,5557125000.0,543750,0.007838225450820508
ROK,ROCKWELL AUTOMATION INC,773903109,5555920000.0,14280,0.00783652581986597
PENG,PENGUIN SOLUTIONS INC,706915105,5554375000.0,283966,0.00783434662499065
LCID,LUCID GROUP INC,549498202,5549250000.0,525000,0.007827117904125913
TLN,TALEN ENERGY CORP,87422Q109,5547632000.0,14800,0.007824835744055835
AMTB,AMERANT BANCORP INC,023576101,5541172000.0,284017,0.007815724029560966
DEC,DIVERSIFIED ENERGY CO,25520W107,5537746000.0,382441,0.007810891717818021
KFRC,KFORCE INC,493732101,5534680000.0,179000,0.007806567179638258
N/A,DIGITAL ASSET ACQUISITION CO,G2868C103,5524500000.0,543750,0.007792208471657179
N/A,PERIMETER ACQUISITION CORP I,G7010A129,5523537000.0,537309,0.007790850177375669
GPOR,GULFPORT ENERGY CORP,402635502,5521719000.0,26548,0.007788285920881602
CEG,CONSTELLATION ENERGY CORP,21037T109,5511012000.0,15600,0.00777318388882331
AOSL,ALPHA & OMEGA SEMICONDUCTOR,G6331P104,5509498000.0,278117,0.007771048418893707
N/A,EGH ACQUISITION CORP.,G2946P100,5508188000.0,543750,0.007769200687316575
OUSM,ALPS ETF TR,00162Q395,5506866000.0,125900,0.007767336029954002
NUE,NUCOR CORP,670346105,5489793000.0,33657,0.007743254868720116
INSP,INSPIRE MED SYS INC,457730109,5489068000.0,59515,0.007742232269183152
PPL 2.875 03/15/28,PPL CAP FDG INC,69352PAS2,5487500000.0,5000000,0.007740020633219074
QXO 5.5 05/15/28,QXO INC,82846H504,5480642000.0,99377,0.007730347546840464
JPM,JPMORGAN CHASE & CO.,46625H100,5477740000.0,17000,0.007726254327728373
N/A,CRANE HBR ACQUISITION CORP I,G25014120,5475563000.0,543750,0.007723183708153245
CAL,CALERES INC,129500104,5467762000.0,449282,0.007712180537135524
MOS,MOSAIC CO NEW,61945C103,5443039000.0,225946,0.007677309187684029
SEM,SELECT MED HLDGS CORP,81619Q105,5441040000.0,366400,0.007674489633926252
N/A,MESHFLOW ACQUISITION CORP,G6032N127,5437500000.0,543750,0.007669496527221633
N/A,KARBON CAP PARTNERS CORP,G5225W126,5426907000.0,539186,0.0076545552901250155
N/A,MCKINLEY ACQUISITION CORP,G6005T101,5421188000.0,543750,0.007646488742881027
IVVD,INVIVYD INC,00534A102,5413993000.0,2191900,0.007636340324027996
STC,STEWART INFORMATION SVCS COR,860372101,5409739000.0,76996,0.007630340133089734
MOG/A,MOOG INC,615394202,5408515000.0,22207,0.007628613702974917
EWW,ISHARES INC,464286822,5407740000.0,78000,0.007627520579331957
NMFC,NEW MTN FIN CORP,647551100,5402743000.0,586617,0.007620472400178572
TRST,TRUSTCO BK CORP N Y,898349204,5396665000.0,130575,0.007611899489853524
N/A,GALATA ACQUISITION CORP II,G3R25N108,5394000000.0,543750,0.00760814055500386
COFS,CHOICEONE FINL SVCS INC,170386106,5389289000.0,182564,0.007601495773736781
TMO,THERMO FISHER SCIENTIFIC INC,883556102,5388885000.0,9300,0.0076009259389603215
N/A,VINE HILL CAP INVT CORP.,G93Y09107,5385000000.0,500000,0.007595446215924321
KHC,KRAFT HEINZ CO,500754106,5383500000.0,222000,0.007593330492744398
PACB,PACIFIC BIOSCIENCES CALIF IN,69404D108,5380334000.0,2877184,0.0075888649063526395
INTA,INTAPP INC,45827U109,5380047000.0,117417,0.007588460097984214
N/A,APEX TREAS CORP,G04104108,5377688000.0,543750,0.007585132770663254
N/A,GRAF GLOBAL CORP,G4036C106,5377500000.0,500000,0.007584867600024704
FCNCA,FIRST CTZNS BANCSHARES INC D,31946M103,5365450000.0,2500,0.0075678712904793215
CELH,CELSIUS HLDGS INC,15118V207,5360728000.0,117200,0.0075612109939089235
ECO,OKEANIS ECO TANKERS COR,Y64177101,5358226000.0,158340,0.007557681967644812
BC,BRUNSWICK CORP,117043109,5349215000.0,72053,0.007544972113261952
DBD,DIEBOLD NIXDORF INC,253651202,5342196000.0,78689,0.007535071939262032
IPAR,INTERPARFUMS INC,458334109,5333092000.0,62868,0.007522230910042018
BKV,BKV CORP,05603J108,5332070000.0,196393,0.0075207893973154305
VFF,VILLAGE FARMS INTL INC,92707Y108,5330522000.0,1460417,0.00751860597099375
EBF,ENNIS INC,293389102,5315778000.0,295157,0.007497809822617225
N/A,LIONHEART HOLDINGS,G5501C109,5315050000.0,500000,0.007496782991633902
N/A,CSLM DIGITA ASSET ACQ CORP I,G2584S101,5295878000.0,532249,0.007469741228430244
BRSP,BRIGHTSPIRE CAPITAL INC,10949T109,5295237000.0,945578,0.007468837109391356
N/A,SIM ACQUISITION CORP. I,G8431T101,5295000000.0,500000,0.007468502825128928
KOP,KOPPERS HOLDINGS INC,50060P106,5292461000.0,195438,0.007464921611026378
AN,AUTONATION INC,05329W102,5285888000.0,25600,0.007455650512051954
QQQ,INVESCO QQQ TR,46090E103,5283066000.0,8600,0.00745167013150946
NIO 4.625 10/15/30,NIO INC,62914VAK2,5280000000.0,6000000,0.007447345593329696
AGCO,AGCO CORP,001084102,5278279000.0,50597,0.007444918153601264
NUS,NU SKIN ENTERPRISES INC,67018T105,5278205000.0,548670,0.007444813777924388
CRGY,CRESCENT ENERGY COMPANY,44952J104,5272335000.0,628407,0.007436534247880288
ICLR,ICON PLC,G4705A100,5266158000.0,28900,0.007427821699825365
TNP,TSAKOS ENERGY NAVIGATION LTD,G9108L173,5255898000.0,234429,0.00741335015327469
N/A,ANDRETTI ACQUISITION CORP II,G26745102,5255000000.0,500000,0.007412083540330976
ETR,ENTERGY CORP NEW,29364G103,5245310000.0,56749,0.007398415968588672
N/A,ALDEL FINL II INC,G01558108,5245000000.0,500000,0.007397978719131487
N/A,LAUNCH TWO ACQUISITION CORP.,G5S87A105,5240000000.0,500000,0.0073909263085317435
GES 3.75 04/15/28,GUESS INC,401617AF2,5237100000.0,5290000,0.007386835910383893
WMT,WALMART INC,931142103,5236270000.0,47000,0.007385665210224334
STX,SEAGATE TECHNOLOGY HLDNGS PL,G7997R103,5232410000.0,19000,0.007380220749241333
MP,MP MATERIALS CORP,553368101,5228820000.0,103500,0.007375157118430716
AGX,ARGAN INC,04010E109,5223358000.0,16671,0.007367453065091556
RJF,RAYMOND JAMES FINL INC,754730109,5219817000.0,32504,0.0073624585479048175
HPE,HEWLETT PACKARD ENTERPRISE C,42824C109,5217144000.0,217200,0.007358688329198194
WAFD,WAFD INC,938824109,5210961000.0,162690,0.007349967318250551
MTA,METALLA RTY & STREAMING LTD,59124U605,5205248000.0,669055,0.0073419092338992825
EGP,EASTGROUP PPTYS INC,277276101,5201688000.0,29200,0.0073368879175522645
IONQ,IONQ INC,46222L108,5200433000.0,115900,0.007335117762491729
N/A,PLUM ACQUISITION CORP IV,G7134A104,5198698000.0,498437,0.007332670576013619
SON,SONOCO PRODS CO,835495102,5169769000.0,118464,0.007291866738765619
PYPL,PAYPAL HLDGS INC,70450Y103,5161843000.0,88418,0.007280687257482905
TWI,TITAN INTL INC ILL,88830M102,5156587000.0,658568,0.007273273763460454
BY,BYLINE BANCORP INC,124411109,5146520000.0,176553,0.00725907443995893
AES,AES CORP,00130H105,5143758000.0,358700,0.0072551786883436305
PCVX,VAXCYTE INC,92243G108,5135843000.0,111310,0.007244014722364237
NABL,N-ABLE INC,62878D100,5130165000.0,685851,0.007236006004887167
FISI,FINANCIAL INSTNS INC,317585404,5097137000.0,163527,0.0071894206014294975
ABBV,ABBVIE INC,00287Y109,5095327000.0,22300,0.007186867628792391
MCK,MCKESSON CORP,58155Q103,5084157000.0,6198,0.007171112543512562
MXL,MAXLINEAR INC,57776J100,5083773000.0,291668,0.007170570918378501
HSTM,HEALTHSTREAM INC,42222N103,5065134000.0,219555,0.007144280942144776
KODK,EASTMAN KODAK CO,277461406,5060890000.0,598214,0.007138294856027714
BB,BLACKBERRY LTD,09228F103,5044426000.0,1330983,0.007115072678404877
DUOL,DUOLINGO INC,26603R106,5036850000.0,28700,0.007104386865864144
CMG,CHIPOTLE MEXICAN GRILL INC,169656105,5032000000.0,136000,0.007097546027582392
RIOT,RIOT PLATFORMS INC,767292105,5018954000.0,396129,0.00707914487784554
V,VISA INC,92826C839,5015153000.0,14300,0.007073783635307615
CPAY,CORPAY INC,219948106,5013193000.0,16659,0.007071019090352514
NBBK,NB BANCORP INC,63945M107,5011388000.0,252845,0.0070684731701260075
MQ,MARQETA INC,57142B104,5003964000.0,1053466,0.0070580017508675074
N/A,SOLARIUS CAPITAL ACQU CORP,G82617104,4996468000.0,497161,0.0070474287768963716
SBSI,SOUTHSIDE BANCSHARES INC,84470P109,4994505000.0,164347,0.007044660000494913
CNP,CENTERPOINT ENERGY INC,15189T107,4988954000.0,130124,0.007036830414247076
NATH,NATHANS FAMOUS INC NEW,632347100,4977363000.0,53194,0.00702048151599475
SM,SM ENERGY CO,78454L100,4966944000.0,265612,0.007005785702787003
UTZ,UTZ BRANDS INC,918090101,4966633000.0,478481,0.007005347042847699
TPVG,TRIPLEPOINT VENTURE GROWTH B,89677Y100,4959033000.0,758262,0.006994627378736087
ABEV,AMBEV SA,02319V103,4950297000.0,2004169,0.006982305406936214
ABSI,ABSCI CORPORATION,00091E109,4950272000.0,1418416,0.006982270144883216
SIBN,SI-BONE INC,825704109,4948064000.0,250916,0.006979155800362369
N/A,JACKSON ACQUISITION CO II,G4992A110,4947635000.0,474821,0.006978550703532911
CIEN,CIENA CORP,171779309,4934891000.0,21101,0.006960575519396283
FET,FORUM ENERGY TECHNOLOGIES IN,34984V209,4926285000.0,133323,0.006948436910272004
ENVA,ENOVA INTL INC,29357K103,4924919000.0,31329,0.006946510191696154
UAA,UNDER ARMOUR INC,904311107,4922035000.0,990349,0.006942442361262222
CEG,CONSTELLATION ENERGY CORP,21037T109,4910453000.0,13900,0.006926106157348975
KURA,KURA ONCOLOGY INC,50127T109,4901940000.0,471794,0.0069140987230618504
PSTL,POSTAL REALTY TRUST INC,73757R102,4894520000.0,303254,0.00690363294573183
KRNY,KEARNY FINL CORP MD,48716P108,4886295000.0,659419,0.006892031730295252
TJX,TJX COS INC NEW,872540109,4884798000.0,31800,0.0068899202385616885
QCOM,QUALCOMM INC,747525103,4882793000.0,28546,0.00688709222191119
CGEM,CULLINAN THERAPEUTICS INC,230031106,4869944000.0,470526,0.0068689689371519685
CHYM,CHIME FINL INC,16935C109,4866846000.0,193359,0.006864599263544367
CMG,CHIPOTLE MEXICAN GRILL INC,169656105,4858100000.0,131300,0.006852263186923295
AXL,AMERICAN AXLE & MFG HLDGS IN,024061103,4854774000.0,757375,0.006847571923392345
SNA,SNAP ON INC,833034101,4853691000.0,14085,0.0068460443712564404
AVGO,BROADCOM INC,11135F101,4845400000.0,14000,0.0068343500639999446
JPM,JPMORGAN CHASE & CO.,46625H100,4833300000.0,15000,0.006817283230348565
BKU,BANKUNITED INC,06652K103,4829338000.0,108354,0.006811694900189328
PFS,PROVIDENT FINL SVCS INC,74386T105,4824431000.0,244275,0.0068047736644267385
N/A,FIGX CAP ACQUISITION CORP.,G3473K100,4777232000.0,474874,0.006738200318847275
BKKT,BAKKT HOLDINGS INC,05759B305,4776831000.0,475780,0.006737634715517176
BFH,BREAD FINANCIAL HOLDINGS INC,018581108,4774121000.0,64489,0.006733812308972114
N/A,LEGATO MERGER CORP III,G5451A103,4760000000.0,437500,0.006713894890956317
LOPE,GRAND CANYON ED INC,38526M106,4759460000.0,28618,0.006713133230611545
DCOM,DIME CMNTY BANCSHARES INC,25432X102,4749556000.0,157845,0.006699163815695571
TDOC,TELADOC HEALTH INC,87918A105,4742885000.0,677555,0.006689754489473392
SAFT,SAFETY INS GROUP INC,78648T100,4735292000.0,60779,0.006679044698736622
CLS,CELESTICA INC,15101Q207,4729760000.0,16000,0.006671241911649065
AVTR,AVANTOR INC,05352A100,4729691000.0,412713,0.006671144588382788
ANET,ARISTA NETWORKS INC,040413205,4717080000.0,36000,0.006653356998368114
SMCI,SUPER MICRO COMPUTER INC,86800U302,4716685000.0,161144,0.006652799857930734
FSLR,FIRST SOLAR INC,336433107,4702140000.0,18000,0.006632284395496079
IDXX,IDEXX LABS INC,45168D104,4695795000.0,6941,0.006623334886445004
LENZ,LENZ THERAPEUTICS INC,52635N103,4695136000.0,293446,0.006622405378727957
CION,CION INVT CORP,17259U204,4694621000.0,485483,0.006621678980436183
MKSI,MKS INC.,55306N104,4691408000.0,29358,0.006617147101384788
ALLO,ALLOGENE THERAPEUTICS INC,019770106,4690114000.0,3423441,0.006615321937521575
SHOP,SHOPIFY INC,82509L107,4684227000.0,29100,0.006607018429281436
DAVE,DAVE INC,23834J201,4679943000.0,21137,0.0066009759238795755
CRVL,CORVEL CORP,221006109,4679245000.0,69148,0.006599991407359851
N/A,GESHER ACQUISITION CORP. II,G3852D107,4652315000.0,453124,0.00656200712386963
CUCA,AVIS BUDGET GROUP,053774105,4644671000.0,36196,0.006551225398544741
GWW,WW GRAINGER INC,384802104,4641630000.0,4600,0.0065469361224179765
AWN,ADVANCE AUTO PARTS INC,00751Y106,4640072000.0,118068,0.006544738591275096
ANET,ARISTA NETWORKS INC,040413205,4638462000.0,35400,0.006542467715061979
MO,ALTRIA GROUP INC,02209S103,4632577000.0,80343,0.00653416702778608
N/A,OAKTREE ACQUISITION CORP III,G6717R104,4628750000.0,437500,0.006528769112713036
DLTR,DOLLAR TREE INC,256746108,4628251000.0,37625,0.006528065282135181
CYBR,CYBERARK SOFTWARE LTD,M2682V108,4626534000.0,10372,0.00652564348433523
OCUL,OCULAR THERAPEUTIX INC,67576A100,4621856000.0,380713,0.006519045248978109
AFRM,AFFIRM HLDGS INC,00827B106,4619796000.0,62069,0.006516139655811015
N/A,DUNE ACQUISITION CORP II,G2867S109,4617334000.0,453124,0.006512667048831701
CAVA,CAVA GROUP INC,148929102,4613034000.0,78600,0.006506601975715921
SMBK,SMARTFINANCIAL INC,83190L208,4611099000.0,124658,0.006503872692813819
BMBL,BUMBLE INC,12047B105,4594822000.0,1287065,0.006480914275347413
GIL,GILDAN ACTIVEWEAR INC,375916103,4585688000.0,73418,0.0064680309316638
EGO,ELDORADO GOLD CORP NEW,284902509,4585260000.0,127652,0.006467427245316463
UVSP,UNIVEST FINANCIAL CORPORATIO,915271100,4584386000.0,140024,0.006466194483943627
AMGN,AMGEN INC,031162100,4582340000.0,14000,0.006463308637526212
N/A,ALUSSA ENERGY ACQUISITION CO,G0233J126,4576552000.0,453124,0.0064551447670159485
EVER,EVERQUOTE INC,30041R108,4572018000.0,169334,0.0064487496410841
ALT,ALTIMMUNE INC,02155H200,4569116000.0,1265683,0.0064446564219720085
MU,MICRON TECHNOLOGY INC,595112103,4566560000.0,16000,0.00644105122967342
NVCR,NOVOCURE LTD,G6674U108,4557295000.0,352459,0.0064279831128320935
DIV,GLOBAL X FDS,37950E291,4551696000.0,262800,0.006420085823442501
KGC,KINROSS GOLD CORP,496902404,4548657000.0,161529,0.006415799368279977
PHIN,PHINIA INC,71880K101,4545025000.0,72500,0.006410676497220322
NFGC,NEW FOUND GOLD CORP,64440N103,4534926000.0,1526911,0.006396432038290959
NWBI,NORTHWEST BANCSHARES INC MD,667340103,4530276000.0,377523,0.006389873296433197
PCG 6 12/01/27 A,PG&E CORP,69331C306,4522874000.0,110314,0.006379432907781336
AII,AMERICAN INTEGRITY INS GROUP,026948109,4517840000.0,216891,0.006372332540789514
WDC,WESTERN DIGITAL CORP,958102105,4513474000.0,26200,0.006366174375853817
KELYA,KELLY SVCS INC,488152208,4512974000.0,512838,0.006365469134793843
VREX,VAREX IMAGING CORP,92214X106,4511020000.0,387212,0.006362713052731463
MTX,MINERALS TECHNOLOGIES INC,603158106,4510544000.0,74004,0.006362041663242368
ENTA,ENANTA PHARMACEUTICALS INC,29251M106,4501515000.0,285448,0.00634930642018135
GFI,GOLD FIELDS LTD,38059T106,4500953000.0,103091,0.006348513729229939
GRDN,GUARDIAN PHARMACY SVCS INC,40145W101,4499267000.0,149527,0.006346135656375705
MLKN,MILLERKNOLL INC,600544100,4496039000.0,245954,0.0063415826200925104
MSIF,MSC INCOME FUND INC,55374X208,4487954000.0,341549,0.006330178872152724
ETSY,ETSY INC,29786A106,4485595000.0,80909,0.006326851544831764
PDM,PIEDMONT REALTY TRUST INC,720190206,4484635000.0,537726,0.006325497481996614
ODC,OIL DRI CORP AMER,677864100,4483589000.0,91614,0.006324022117699148
IETC,ISHARES U S ETF TR,46431W648,4469960000.0,44000,0.006304798656886365
FCFS,FIRSTCASH HOLDINGS INC,33768G107,4460887000.0,27989,0.006292001352612069
RGA,REINSURANCE GRP OF AMERICA I,759351604,4454553000.0,21894,0.006283067358864313
DDD,3-D SYS CORP DEL,88554D205,4445514000.0,2511590,0.006270318010982097
ABTC,AMERICAN BITCOIN CORP.,02462A104,4443470000.0,2613806,0.006267434985528922
VECO,VEECO INSTRS INC DEL,922417100,4440246000.0,155362,0.006262887591174206
GWW,WW GRAINGER INC,384802104,4439820000.0,4400,0.006262286725791108
MFIC,MIDCAP FINANCIAL INVSTMNT CO,03761U502,4432989000.0,387499,0.006252651722429737
LINC,LINCOLN EDL SVCS CORP,533535100,4425874000.0,183266,0.006242616142146302
AQN,ALGONQUIN PWR UTILS CORP,015857105,4415940000.0,718039,0.006228604412766731
CAVA,CAVA GROUP INC,148929102,4407619000.0,75100,0.006216867791046636
FG,F&G ANNUITIES & LIFE INC,30190A104,4395631000.0,142484,0.006199958931392691
PLUS,EPLUS INC,294268107,4392893000.0,50090,0.006196097031348271
BGC,BGC GROUP INC,088929104,4392703000.0,491904,0.00619582903974548
IART,INTEGRA LIFESCIENCES HLDGS C,457985208,4387539000.0,353264,0.006188545310078064
ODV,OSISKO DEVELOPMENT CORP,68828E809,4378128000.0,1254478,0.006175271262847226
MAIN,MAIN STR CAP CORP,56035L104,4372659000.0,72407,0.006167557336133227
QXO,QXO INC,82846H405,4372349000.0,226664,0.006167120086676043
MBX,MBX BIOSCIENCES INC,55287L101,4370529000.0,138571,0.006164553009217736
JACK,JACK IN THE BOX INC,466367109,4369643000.0,230588,0.006163303322059461
N/A,SILVERBOX CORP V,G8148S123,4367390000.0,434999,0.006160125505843216
VERI,VERITONE INC,92347M100,4357966000.0,937197,0.006146833122344818
ALIT,ALIGHT INC,01626W101,4355863000.0,2233776,0.006143866878446567
ADM,ARCHER DANIELS MIDLAND CO,039483102,4341415000.0,75516,0.006123488232777546
TROX,TRONOX HOLDINGS PLC,G9087Q102,4339210000.0,1040578,0.006120378119703058
PSN,PARSONS CORP DEL,70202L102,4330697000.0,70076,0.006108370685415935
ALB,ALBEMARLE CORP,012653101,4328064000.0,30600,0.00610465688599411
NATL,NCR ATLEOS CORPORATION,63001N106,4319121000.0,113333,0.006092042944395407
REPL,REPLIMUNE GROUP INC,76029N106,4316399000.0,444074,0.006088203612064906
PRGO,PERRIGO CO PLC,G97822103,4303674000.0,309172,0.006070255227088558
CXW,CORECIVIC INC,21871N101,4296100000.0,224809,0.006059572235512066
RES,RPC INC,749660106,4292726000.0,789104,0.006054813268839359
SLS,SOLARIS RES INC,83419D201,4291160000.0,538414,0.0060526044538395185
ASML,ASML HOLDING N V,N07059210,4279440000.0,4000,0.006036073603393719
FLO,FLOWERS FOODS INC,343498101,4279376000.0,393325,0.006035983332538041
GNL,GLOBAL NET LEASE INC,379378201,4277993000.0,497441,0.006034032635766152
N/A,SIDDHI ACQUISITION CORP,G8118C124,4272152000.0,415579,0.0060257940097035315
IVZ,INVESCO LTD,G491BT108,4258656000.0,162111,0.0060067581430127024
XYZ,BLOCK INC,852234103,4256886000.0,65400,0.006004261589660393
FEIM,FREQUENCY ELECTRS INC,358010106,4245392000.0,78852,0.0059880495081737015
PMT,PENNYMAC MTG INVT TR,70931T103,4240030000.0,337851,0.005980486503046536
IDT,IDT CORP,448947507,4227795000.0,82558,0.005963229254308962
FVICN 3.75 06/30/29,FORTUNA MNG CORP,349915AE8,4223750000.0,2500000,0.00595752385413377
SNCY,SUN CTRY AIRLS HLDGS INC,866683105,4223623000.0,293511,0.005957344722904536
HHH,HOWARD HUGHES HOLDINGS INC,44267T102,4220790000.0,52912,0.005953348827058721
DKS,DICKS SPORTING GOODS INC,253393102,4216761000.0,21300,0.005947665994597447
AMAL,AMALGAMATED FINANCIAL CORP,022671101,4212842000.0,131528,0.005942138315169368
COLM,COLUMBIA SPORTSWEAR CO,198516106,4210143000.0,76423,0.005938331423927626
FFWM,FIRST FNDTN INC,32026V104,4208099000.0,683133,0.005935448398474451
PUBM,PUBMATIC INC,74467Q103,4205977000.0,474180,0.0059324553554159195
EU,ENCORE ENERGY CORP,29259W700,4204220000.0,1695250,0.00592997713833117
NVAX,NOVAVAX INC,670002401,4192017000.0,623812,0.005912765025021434
WDC,WESTERN DIGITAL CORP,958102105,4186161000.0,24300,0.005904505241727013
TTD,THE TRADE DESK INC,88339J105,4179396000.0,110100,0.005894963330185561
DRH,DIAMONDROCK HOSPITALITY CO,252784301,4170764000.0,465487,0.005882788048526162
GLAD,GLADSTONE CAPITAL CORP,376535878,4169581000.0,201819,0.005881119448178263
BBSI,BARRETT BUSINESS SVCS INC,068463108,4169219000.0,115140,0.005880608853650841
REGL,PROSHARES TR,74347B680,4168890000.0,49500,0.005880144805033378
SNOW,SNOWFLAKE INC,833445109,4167840000.0,19000,0.005878663798807432
AMLX,AMYLYX PHARMACEUTICALS INC,03237H101,4160364000.0,344401,0.005868119034478695
TAL,TAL EDUCATION GROUP,874080104,4157801000.0,381100,0.005864503968805266
KRC,KILROY RLTY CORP,49427F108,4152592000.0,111121,0.005857156767442452
HNGE,HINGE HEALTH INC,433313103,4150679000.0,89358,0.00585445851514699
BMRN,BIOMARIN PHARMACEUTICAL INC,09061G101,4146193000.0,69766,0.0058481310923569
TTD,THE TRADE DESK INC,88339J105,4141436000.0,109100,0.0058414214289123035
LEU,CENTRUS ENERGY CORP,15643U104,4126920000.0,17000,0.005820946870459127
NVS,NOVARTIS AG,66987V109,4126173000.0,29928,0.005819893240315525
N/A,INDIVIOR PLC,G4766E116,4125375000.0,114977,0.005818767675583806
JMOM,J P MORGAN EXCHANGE TRADED F,46641Q779,4116260000.0,60400,0.005805911131060472
XNCR,XENCOR INC,98401F105,4114363000.0,268737,0.00580323544647893
GEF,GREIF INC,397624107,4106208000.0,60653,0.005791732964790747
SOC,SABLE OFFSHORE CORP,78574H104,4105976000.0,455208,0.005791405732938919
ELF,E L F BEAUTY INC,26856L103,4105324000.0,53989,0.0057904860985967125
FBK,FB FINL CORP,30257X104,4100017000.0,73477,0.005783000669986144
ARHS,ARHAUS INC,04035M102,4094553000.0,365259,0.0057752937956827444
N/A,DAEDALUS SPL ACQUISITION COR,G2616C124,4094432000.0,407812,0.00577512312734623
ORCL,ORACLE CORP,68389X105,4093110000.0,21000,0.005773258469983658
N/A,CANTOR EQUITY PARTNERS V INC,G1828S109,4087188000.0,398750,0.00576490559486932
GOOS,CANADA GOOSE HLDGS INC,135086106,4087085000.0,315605,0.0057647603152109666
SLP,SIMULATIONS PLUS INC,829214105,4084486000.0,224053,0.005761094472181219
SLS,SELLAS LIFE SCIENCES GROUP I,81642T209,4079920000.0,1082207,0.005754654210821533
FIBK,FIRST INTST BANCSYSTEM INC,32055Y201,4072904000.0,117714,0.005744758268267972
SN,SHARKNINJA INC,G8068L108,4071034000.0,36381,0.005742120666703668
AXP,AMERICAN EXPRESS CO,025816109,4069450000.0,11000,0.005739886463025669
FUL,FULLER H B CO,359694106,4068788000.0,68429,0.005738952723862263
AUB,ATLANTIC UN BANKSHARES CORP,04911A107,4051875000.0,114784,0.005715097239767568
GUTS,FRACTYL HEALTH INC,35168W103,4048299000.0,1840136,0.005710053355706632
OIS,OIL STS INTL INC,678026105,4046544000.0,597717,0.005707577959586122
AHH,ARMADA HOFFLER PPTYS INC,04208T108,4045813000.0,611150,0.005706546897156439
CABA,CABALETTA BIO INC,12674W109,4029160000.0,1839799,0.005683058138412931
BSY,BENTLEY SYS INC,08265T208,4028354000.0,105551,0.005681921289824253
WFRD,WEATHERFORD INTL PLC,G48833118,3998773000.0,51096,0.005640197818234047
ORLA,ORLA MNG LTD NEW,68634K106,3995081000.0,296591,0.005634990318247196
TCBK,TRICO BANCSHARES,896095106,3988886000.0,84207,0.005626252381514114
UL,UNILEVER PLC,904767803,3987438000.0,60970,0.005624210003404427
BXC,BLUELINX HLDGS INC,09624H208,3981708000.0,64817,0.005616127940857121
LXEO,LEXEO THERAPEUTICS INC,52886X107,3977630000.0,400567,0.00561037599477197
N/A,CHENGHE ACQUISITION III CO,G2086N105,3975538000.0,398750,0.005607425266177036
MMS,MAXIMUS INC,577933104,3973655000.0,46034,0.005604769328345173
N/A,BTC DEV CORP,G0701G109,3968354000.0,396439,0.005597292362627324
N/A,GIGCAPITAL8 CORP,G3864J100,3943638000.0,398750,0.00556243088655067
HTBK,HERITAGE COMM CORP,426927109,3942343000.0,328255,0.0055606043122053365
IDYA,IDEAYA BIOSCIENCES INC,45166A102,3935483000.0,113841,0.005550928404862487
HAFC,HANMI FINL CORP,410495204,3933000000.0,145505,0.005547426177758654
STLA,STELLANTIS N.V,N82405106,3922436000.0,360187,0.005532525844643515
ANGO,ANGIODYNAMICS INC,03475V101,3914402000.0,304860,0.005521194031291846
N/A,NEWBURY STR II ACQUISITION C,G6439S109,3911250000.0,375000,0.005516748191649767
BCH,BANCO DE CHILE,059520106,3910390000.0,102905,0.0055155351770266115
UE,URBAN EDGE PPTYS,91704F104,3907084000.0,203600,0.0055108721231380605
WRBY,WARBY PARKER INC,93403J106,3902153000.0,179080,0.005503917035804593
CELH,CELSIUS HLDGS INC,15118V207,3897048000.0,85200,0.005496716524582255
MDU,MDU RES GROUP INC,552690109,3886705000.0,199114,0.005482127908015624
PEBO,PEOPLES BANCORP INC,709789101,3883900000.0,129334,0.0054781715056691676
USA,LIBERTY ALL STAR EQUITY FD,530158104,3872273000.0,616604,0.005461771830060523
MTN,VAIL RESORTS INC,91879Q109,3871386000.0,29152,0.005460520732420129
SMLF,ISHARES TR,46434V290,3863808000.0,51600,0.005449832098915156
FFIV,F5 INC,315616102,3861318000.0,15127,0.005446319998436484
CERS,CERUS CORP,157085101,3825647000.0,1857110,0.00539600669073579
LUV,SOUTHWEST AIRLS CO,844741108,3823686000.0,92516,0.005393240735298571
VRT,VERTIV HOLDINGS CO,92537N108,3823436000.0,23600,0.005392888114768583
SRE,SEMPRA,816851109,3822957000.0,43300,0.0053922124938331276
FOSL,FOSSIL GROUP INC,34988V106,3822142000.0,1016527,0.0053910629509053695
BBAI,BIGBEAR AI HLDGS INC,08975B109,3817530000.0,706950,0.005384557807368166
FFBC,FIRST FINL BANCORP OH,320209109,3816176000.0,152525,0.005382648014577755
FCX,FREEPORT-MCMORAN INC,35671D857,3804171000.0,74900,0.00536571517672777
AMRX,AMNEAL PHARMACEUTICALS INC,03168L105,3792953000.0,301028,0.005349892388306184
KNSL,KINSALE CAP GROUP INC,49714P108,3791126000.0,9693,0.005347315437473037
N/A,TAVIA ACQUISITION CORP,G86880104,3780875000.0,362500,0.005332856585261442
DVN,DEVON ENERGY CORP NEW,25179M103,3765674000.0,102803,0.0053114158465561
CNRG,SPDR SERIES TRUST,78468R655,3757992000.0,42000,0.005300580522910653
SNPS,SYNOPSYS INC,871607107,3757760000.0,8000,0.005300253291058826
N/A,EVOLUTION GLOBAL ACQUISITION,G3226F101,3756769000.0,380625,0.0052988555032779565
CHCT,COMMUNITY HEALTHCARE TR INC,20369C106,3747455000.0,228225,0.005285718272812753
SKT,TANGER INC,875465106,3744581000.0,112214,0.00528166454720002
ON 0.5 03/01/29,ON SEMICONDUCTOR CORP,682189AU9,3741430000.0,3955000,0.005277220118040061
NEU,NEWMARKET CORP,651587107,3730447000.0,5428,0.005261728792916663
FXO,FIRST TR EXCHANGE TRADED FD,33734X135,3729630000.0,61800,0.005260576429024665
YORW,YORK WTR CO,987184108,3724802000.0,116985,0.0052537666213495525
BAND,BANDWIDTH INC,05988J103,3721750000.0,240890,0.005249461829919469
ACHV,ACHIEVE LIFE SCIENCES INC,004468500,3720622000.0,748616,0.005247870806088167
SSD,SIMPSON MFG INC,829073105,3717685000.0,23024,0.005243728220101877
GAU,GALIANO GOLD INC,36352H100,3716856000.0,1469113,0.005242558930424439
MOFG,MIDWESTONE FINL GROUP INC NE,598511103,3711708000.0,96408,0.005235297768470943
BYD,BOYD GROUP SERVICES INC,103310108,3711053000.0,23296,0.005234373902682376
OXY,OCCIDENTAL PETE CORP,674599105,3709024000.0,90200,0.005231512034461001
GERN,GERON CORP,374163103,3697938000.0,2801468,0.005215875429679248
SBUX,STARBUCKS CORP,855244109,3696819000.0,43900,0.005214297100187026
ABFL,ABACUS FCF ETF TR,89628W302,3689829000.0,51700,0.005204437830168583
MANU,MANCHESTER UTD PLC NEW,G5784H106,3688091000.0,231664,0.005201986412244112
LITE,LUMENTUM HLDGS INC,55024U109,3685900000.0,10000,0.0051988960459193045
GD,GENERAL DYNAMICS CORP,369550108,3684744000.0,10945,0.005197265528588644
COF,CAPITAL ONE FINL CORP,14040H105,3684599000.0,15203,0.005197061008681251
KO,COCA COLA CO,191216100,3684257000.0,52700,0.0051965786237962285
VSTM,VERASTEM INC,92337C203,3681606000.0,476892,0.005192839435696244
PFLT,PENNANTPARK FLOATING RATE CA,70806A106,3680774000.0,397063,0.005191665914572447
GRAB,GRAB HOLDINGS LIMITED,G4124C109,3679127000.0,737300,0.005189342850520891
JCAP,JEFFERSON CAPITAL INC,47248R103,3670529000.0,164303,0.005177215525253571
SSNC,SS&C TECHNOLOGIES HLDGS INC,78467J100,3656953000.0,41832,0.005158066819993146
N/A,SAFEGUARD ACQUISITION CORP,G77676123,3655813000.0,362500,0.005156458870376405
FRT,FEDERAL RLTY INVT TR NEW,313745101,3650069000.0,36211,0.0051483570610794185
N/A,SILVER PEGASUS ACQUISITION C,G8192J102,3646750000.0,362500,0.0051436756709233086
NVR,NVR INC,62944T105,3646385000.0,500,0.005143160844949527
IOT,SAMSARA INC,79589L106,3646103000.0,102852,0.005142763088991702
BMRC,BANK MARIN BANCORP,063425102,3632739000.0,139667,0.0051239134059407054
N/A,VINE HILL CAP INVTS CORP II,G9709D125,3632613000.0,362500,0.005123735685193593
HMN,HORACE MANN EDUCATORS CORP N,440327104,3632288000.0,78655,0.005123277278504609
CCAP,CRESCENT CAP BDC INC,225655109,3630632000.0,258408,0.005120941520113974
INCY,INCYTE CORP,45337C102,3629699000.0,36749,0.005119625540296061
N/A,GENERAL PURP ACQUISITION COR,G3810N122,3628625000.0,362500,0.005118110682499236
N/A,ACTIVATE ENERGY ACQUISITION,G0081J129,3623187000.0,362500,0.005110440480730955
NEE,NEXTERA ENERGY INC,65339F101,3620628000.0,45100,0.005106831056986005
N/A,LAUNCHPAD CADENZA ACQUISITIO,G6001S123,3617750000.0,362500,0.005102771689444793
OBK,ORIGIN BANCORP INC,68621T102,3616690000.0,96163,0.0051012765783976476
N/A,ITHAX ACQUISITION CORP III,G4977S128,3615938000.0,362500,0.005100215895843446
SIGI,SELECTIVE INS GROUP INC,816300107,3614544000.0,43200,0.005098249683768237
N/A,AMERICAN DRIVE ACQUISITION C,G0R91M121,3614125000.0,362500,0.005097658691759979
N/A,RANGE CAP ACQUISITION CORP I,G7375J103,3610500000.0,362500,0.005092545694075165
PLPC,PREFORMED LINE PRODS CO,740444104,3608950000.0,17459,0.005090359446789244
WTS,WATTS WATER TECHNOLOGIES INC,942749102,3606201000.0,13065,0.005086482031441504
IRHOU,IRON HORSE ACQUISIT CORP II,46283H202,3605063000.0,362500,0.005084876902789003
N/A,SILICON VY ACQUISITION CORP,G81306105,3605063000.0,362500,0.005084876902789003
N/A,GIGCAPITAL7 CORP,G38648104,3604248000.0,341959,0.005083727359861245
SCM,STELLUS CAP INVT CORP,858568108,3602439000.0,284104,0.005081175797706257
WKC,WORLD KINECT CORPORATION,981475106,3599809000.0,153641,0.005077466229730792
CLDX,CELLDEX THERAPEUTICS INC NEW,15117B202,3599596000.0,132533,0.005077165797039243
NPB,NORTHPOINTE BANCSHARES INC.,66661N886,3596441000.0,214329,0.005072715725950804
N/A,VIKING ACQUISITION CORP I,G9582G104,3588750000.0,362500,0.005061867707966278
CTS,CTS CORP,126501105,3583761000.0,83596,0.005054830812669853
JBLU,JETBLUE AWYS CORP,477143101,3572205000.0,785100,0.005038531281291725
NOA,NORTH AMERN CONSTR GROUP LTD,656811106,3571046000.0,248507,0.005036896532514704
N/A,BITCOIN INFRASTRUCTURE ACQUI,G1143H101,3570625000.0,362500,0.005036302719542206
AUSF,GLOBAL X FDS,37954Y574,3570490000.0,77000,0.005036112304456012
EVTC,EVERTEC INC,30040P103,3563961000.0,122515,0.005026903266694867
HUM,HUMANA INC,444859102,3561232000.0,13904,0.005023054060989527
LW,LAMB WESTON HLDGS INC,513272104,3558430000.0,84947,0.00501910189008943
VIR,VIR BIOTECHNOLOGY INC,92764N102,3555053000.0,589561,0.005014338691970363
TRN,TRINITY INDS INC,896522109,3554726000.0,134445,0.00501387746431714
GSBC,GREAT SOUTHN BANCORP INC,390905107,3549611000.0,57661,0.005006662848273601
TECH,BIO-TECHNE CORP,09073M104,3546243000.0,60300,0.005001912344493614
SD,SANDRIDGE ENERGY INC,80007P869,3545350000.0,245693,0.005000652783960499
STBA,S & T BANCORP INC,783859101,3539257000.0,89943,0.004992058716403651
GPI,GROUP 1 AUTOMOTIVE INC,398905109,3532621000.0,8982,0.0049826987570556714
LAUR,LAUREATE EDUCATION INC,518613203,3531983000.0,104900,0.004981798869463145
COLL 2.875 02/15/29,COLLEGIUM PHARMACEUTICAL INC,19459JAC8,3523500000.0,2500000,0.0049698337496396185
TWLO,TWILIO INC,90138F102,3523143000.0,24769,0.004969330207522797
LPTH,LIGHTPATH TECHNOLOGIES INC,532257805,3521912000.0,326103,0.004967593904033139
AXON,AXON ENTERPRISE INC,05464C101,3520598000.0,6199,0.004965740530527526
PANW,PALO ALTO NETWORKS INC,697435105,3499800000.0,19000,0.0049364053233968315
RIVN,RIVIAN AUTOMOTIVE INC,76954A103,3498525000.0,177500,0.004934606958693896
KOS,KOSMOS ENERGY LTD,500688106,3498451000.0,3855467,0.00493450258301702
N/A,ADECOAGRO S A,L00849106,3496813000.0,440960,0.004932192213304544
SPFI,SOUTH PLAINS FINANCIAL INC,83946P107,3496811000.0,90124,0.004932189392340304
NEXA,NEXA RES S A,L67359106,3493670000.0,394765,0.004927759068001546
LBTYA,LIBERTY GLOBAL LTD,G61188101,3490229000.0,313306,0.004922905599026802
CLS,CELESTICA INC,15101Q207,3488198000.0,11800,0.0049200409098411856
AOS,SMITH A O CORP,831865209,3478228000.0,52007,0.004905978403105296
PSIX,POWER SOLUTIONS INTL INC,73933G202,3472455000.0,60771,0.004897835689826832
FVRR,FIVERR INTL LTD,M4R82T106,3466635000.0,175437,0.004889626683888729
NIO,NIO INC,62914V106,3462900000.0,679000,0.00488435853317072
N/A,RANGE CAP ACQUISITION CORP,G7375C108,3462472000.0,332291,0.004883754846823382
XRX 3.75 03/15/30,XEROX HOLDINGS CORP,98421MAE6,3461153000.0,11833000,0.00488189442090717
TFSL,TFS FINL CORP,87240R107,3461058000.0,258674,0.004881760425105775
MET,METLIFE INC,59156R108,3460493000.0,43837,0.004880963502708004
FIGR,FIGURE TECHNOLOGY SOLUTIO,349381103,3452409000.0,84535,0.004869561165250338
CTBI,COMMUNITY TR BANCORP INC,204149108,3440737000.0,60898,0.004853098017946295
LIND,LINDBLAD EXPEDITIONS HLDGS I,535219109,3421174000.0,237252,0.004825504756233737
PVH,PVH CORPORATION,693656100,3418020000.0,51000,0.004821056095627418
WY,WEYERHAEUSER CO MTN BE,962166104,3416880000.0,144233,0.004819448146010677
OXY,OCCIDENTAL PETE CORP,674599105,3412960000.0,83000,0.0048139190561004765
TJX,TJX COS INC NEW,872540109,3410142000.0,22200,0.004809944317486462
N/A,BW LPG LTD,Y10230103,3409799000.0,260290,0.004809460522119319
AIN,ALBANY INTL CORP,012348108,3400550000.0,67072,0.0047964149729919124
NNI,NELNET INC,64031N108,3400452000.0,25575,0.004796276745744158
NFBK,NORTHFIELD BANCORP INC DEL,66611T108,3398573000.0,297338,0.004793626449840774
DON,WISDOMTREE TR,97717W505,3384960000.0,65600,0.00477442555674191
PK,PARK HOTELS & RESORTS INC,700517105,3377419000.0,322889,0.004763789111075377
SENEA,SENECA FOODS CORP NEW,817070501,3376428000.0,30520,0.004762391323294507
SBRA,SABRA HEALTH CARE REIT INC,78573L106,3372892000.0,178083,0.004757403858518368
CCO,CLEAR CHANNEL OUTDOOR HLDGS,18453H106,3366489000.0,1523298,0.004748372541504336
DKS,DICKS SPORTING GOODS INC,253393102,3365490000.0,17000,0.0047469634698665076
MDB,MONGODB INC,60937P106,3357520000.0,8000,0.0047357219273705155
APO,APOLLO GLOBAL MGMT INC,03769M106,3356550000.0,23187,0.004734353759714165
GDEN,GOLDEN ENTMT INC,381013101,3351548000.0,123264,0.004727298528150181
ARCT,ARCTURUS THERAPEUTICS HLDGS,03969T109,3351185000.0,546686,0.0047267865231406395
HRZN,HORIZON TECHNOLOGY FIN CORP,44045A102,3349182000.0,519253,0.004723961327454383
FCX,FREEPORT-MCMORAN INC,35671D857,3347061000.0,65900,0.004720969694877971
EDIT,EDITAS MEDICINE INC,28106W103,3346797000.0,1632584,0.004720597327598304
FIX,COMFORT SYS USA INC,199908104,3340245000.0,3579,0.004711355848748399
CAC,CAMDEN NATL CORP,133034108,3338959000.0,76970,0.004709541968742146
GRP/U,GRANITE REAL ESTATE INVT TR,387437205,3334587000.0,56337,0.004703375340913729
N/A,INDIGO ACQUISITION CORP,G4791J106,3332879000.0,332291,0.004700966237452857
N/A,NMP ACQUISITION CORP,G6375X104,3329556000.0,332291,0.004696279205368267
AXP,AMERICAN EXPRESS CO,025816109,3329550000.0,9000,0.004696270742475548
MARA 0 06/01/31,MARA HOLDINGS INC,565788AH9,3328000000.0,4000000,0.0046940844951896266
RCUS,ARCUS BIOSCIENCES INC,03969F109,3327407000.0,139631,0.004693248079292497
OMI,OWENS & MINOR INC NEW,690732102,3308670000.0,1181668,0.004666819875811017
OPRT,OPORTUN FINL CORP,68376D104,3308297000.0,625387,0.004666293765980275
KLIC,KULICKE & SOFFA INDS INC,501242101,3303146000.0,72501,0.004659028372580419
CATX,PERSPECTIVE THERAPEUTICS INC,46489V302,3296271000.0,1198644,0.0046493313080057715
LAND,GLADSTONE LD CORP,376549101,3295720000.0,360188,0.004648554132357679
USVM,VICTORY PORTFOLIOS II,92647N568,3277907000.0,35900,0.004623429214355031
THR,THERMON GROUP HLDGS INC,88362T103,3271604000.0,88041,0.004614538945552994
CSTL,CASTLE BIOSCIENCES INC,14843C105,3270167000.0,84066,0.004612512082746627
N/A,HALL CHADWICK ACQUISITION CO,G42386121,3269025000.0,326250,0.004610901312165646
SBUX,STARBUCKS CORP,855244109,3258927000.0,38700,0.004596658263718403
ACB,AURORA CANNABIS INC,05156X850,3254219000.0,771142,0.004590017713897684
NVEC,NVE CORP,629445206,3254013000.0,54846,0.004589727154580974
VTYX,VENTYX BIOSCIENCES INC,92332V107,3250168000.0,359930,0.004584303850829772
WGS,GENEDX HOLDINGS CORP,81663L200,3248118000.0,24974,0.004581412362483876
DIS,DISNEY WALT CO,254687106,3242445000.0,28500,0.004573410697417407
KBWD,INVESCO EXCH TRADED FD TR II,46138E610,3239829000.0,237100,0.00456972087619162
FOA,FINANCE OF AMERICA COMPAN,31738L206,3228742000.0,133364,0.004554082860927748
LLY,ELI LILLY & CO,532457108,3224040000.0,3000,0.004547450773999749
DGICA,DONEGAL GROUP INC,257701201,3219198000.0,161121,0.004540621219574956
GES,GUESS INC,401617105,3217675000.0,192100,0.004538473055306275
SLX,VANECK ETF TRUST,92189F205,3216194000.0,37900,0.00453638413128663
ASML,ASML HOLDING N V,N07059210,3209580000.0,3000,0.004527055202545289
RYI,RYERSON HLDG CORP,783754104,3204730000.0,127374,0.0045202143642635376
LEU,CENTRUS ENERGY CORP,15643U104,3204432000.0,13200,0.004519794040591793
EBS,EMERGENT BIOSOLUTIONS INC,29089Q105,3195060000.0,258500,0.004506575002163633
PWB,INVESCO EXCHANGE TRADED FD T,46137V746,3190461000.0,25100,0.004500088194893988
LECO,LINCOLN ELEC HLDGS INC,533900106,3190088000.0,13312,0.004499562085063247
USFD,US FOODS HLDG CORP,912008109,3182044000.0,42247,0.004488216166890378
SHLS,SHOALS TECHNOLOGIES GROUP IN,82489W107,3177062000.0,373772,0.004481189144968793
SAM,BOSTON BEER INC,100557107,3174570000.0,16269,0.004477674223525881
SATS,ECHOSTAR CORP,278768106,3174040000.0,29200,0.004476926668002309
THS,TREEHOUSE FOODS INC,89469A104,3163443000.0,134101,0.004461979788977211
SRVR,PACER FDS TR,69374H741,3156128000.0,110200,0.004451662112269786
COF,CAPITAL ONE FINL CORP,14040H105,3150680000.0,13000,0.004443977805680304
COF,CAPITAL ONE FINL CORP,14040H105,3150680000.0,13000,0.004443977805680304
MEI,METHODE ELECTRS INC,591520200,3143947000.0,473486,0.004434481029566689
AMGN,AMGEN INC,031162100,3142176000.0,9600,0.0044319830657322595
WSR,WHITESTONE REIT,966084204,3137959000.0,225915,0.004426035062632436
N/A,DYNAMIX CORP III,G2949T109,3136979000.0,317187,0.004424652790154886
IGPT,INVESCO EXCHANGE TRADED FD T,46137V639,3134069000.0,52700,0.004420548287185834
HIMX,HIMAX TECHNOLOGIES INC,43289P106,3130947000.0,382289,0.004416144762007355
WAT,WATERS CORP,941848103,3124861000.0,8227,0.004407560567825346
BWFG,BANKWELL FINL GROUP INC,06654A103,3119380000.0,68079,0.004399829715325906
FLR,FLUOR CORP NEW,343412102,3118881000.0,78700,0.004399125884748053
ORCL,ORACLE CORP,68389X105,3118560000.0,16000,0.004398673119987548
SITC,SITE CTRS CORP,82981J851,3115960000.0,485352,0.004395005866475682
MSBI,MIDLAND STATES BANCORP INC,597742105,3115801000.0,147180,0.00439478159981861
WMB,WILLIAMS COS INC,969457100,3107627000.0,51699,0.004383252318970149
GSIT,GSI TECHNOLOGY INC,36241U106,3107260000.0,500364,0.004382734672032127
EVR,EVERCORE INC,29977A105,3100018000.0,9111,0.004372519960519458
SID,COMPANHIA SIDERURGICA NACION,20440W105,3097386000.0,1935866,0.004368807571579753
WMT,WALMART INC,931142103,3097198000.0,27800,0.0043685424009412025
HURN,HURON CONSULTING GROUP INC,447462102,3094397000.0,17896,0.004364591640523226
VRT,VERTIV HOLDINGS CO,92537N108,3094391000.0,19100,0.004364583177630506
DXJ,WISDOMTREE TR,97717W851,3085024000.0,21400,0.004351371191612946
RDWR,RADWARE LTD,M81873107,3078582000.0,127795,0.004342284865796235
SNDR,SCHNEIDER NATIONAL INC,80689H102,3078223000.0,116028,0.0043417785027151734
LWAY,LIFEWAY FOODS INC,531914109,3077573000.0,127015,0.004340861689337207
MIST,MILESTONE PHARMACEUTICALS IN,59935V107,3059211000.0,1514461,0.004314962416650707
MCD,MCDONALDS CORP,580135101,3056300000.0,10000,0.004310856503199536
VOD,VODAFONE GROUP PLC NEW,92857W308,3054231000.0,231206,0.004307938215693362
MCB,METROPOLITAN BK HLDG CORP,591774104,3047146000.0,39905,0.004297944949873525
TSM,TAIWAN SEMICONDUCTOR MFG LTD,874039100,3038900000.0,10000,0.004286314114312427
TSM,TAIWAN SEMICONDUCTOR MFG LTD,874039100,3038900000.0,10000,0.004286314114312427
EWT,ISHARES INC,46434G772,3036734000.0,47800,0.004283259010040617
CLOU,GLOBAL X FDS,37954Y442,3031080000.0,134000,0.0042752841441344265
HLLY,HOLLEY INC,43538H103,3030528000.0,733784,0.004274505558004215
QBTS,D-WAVE QUANTUM INC,26740W109,3028170000.0,115800,0.004271179641165376
ATAT,ATOUR LIFESTYLE HLDGS LTD,04965M106,3025920000.0,76800,0.004268006056395491
DELL,DELL TECHNOLOGIES INC,24703L202,3021120000.0,24000,0.0042612357422197366
HXL,HEXCEL CORP NEW,428291108,3014972000.0,40798,0.004252564098146292
IMCG,ISHARES TR,464288307,3009968000.0,37700,0.004245506045618068
WSC,WILLSCOT HLDGS CORP,971378104,3003988000.0,159532,0.004237071362540774
CLPT,CLEARPOINT NEURO INC,18507C103,2998943000.0,219221,0.004229955480245633
SRCE,1ST SOURCE CORP,336901103,2993396000.0,47902,0.004222131535926277
EGAN,EGAIN CORP,28225C806,2991509000.0,290720,0.004219469956165933
PTM,PLATINUM GROUP METALS LTD,72765Q882,2987116000.0,1265727,0.004213273708212998
FFIN,FIRST FINL BANKSHARES INC,32020R109,2980907000.0,99796,0.004204516024730235
HOUS,ANYWHERE REAL ESTATE INC,75605Y106,2975951000.0,210166,0.004197525675343769
SPSC,SPS COMM INC,78463M107,2974981000.0,33378,0.004196157507687419
KRT,KARAT PACKAGING INC,48563L101,2973191000.0,131732,0.004193632744692711
O,REALTY INCOME CORP,756109104,2959425000.0,52500,0.004174216047829495
XRT,SPDR SERIES TRUST,78464A714,2957260000.0,34673,0.004171162354039806
CRON,CRONOS GROUP INC,22717L101,2956735000.0,1124234,0.004170421850926833
PSBD,PALMER SQUARE CAPITAL BDC IN,69702V107,2954941000.0,242407,0.004167891446003645
SHOP,SHOPIFY INC,82509L107,2945751000.0,18300,0.004154929115321316
AYI,ACUITY INC,00508Y102,2935766000.0,8154,0.004140845451353626
SMR,NUSCALE PWR CORP,67079K100,2927522000.0,206600,0.004129217436756768
NEWT,NEWTEKONE INC,652526203,2925814000.0,257781,0.004126808333295896
VAC,MARRIOTT VACATIONS WORLDWIDE,57164Y107,2918710000.0,50593,0.00411678826831578
SHEN,SHENANDOAH TELECOMMUNICATION,82312B106,2915189000.0,252179,0.00411182196077144
FGMC,FG MERGER II CORP,30334J102,2911600000.0,290000,0.004106759740442944
ALMS,ALUMIS INC,022307102,2910617000.0,298219,0.004105373236519033
GOGO,GOGO INC,38046C109,2891497000.0,620493,0.004078404818385613
CCCC,C4 THERAPEUTICS INC,12529R107,2883342000.0,1509603,0.00406690233669743
ENPH,ENPHASE ENERGY INC,29355A107,2865270000.0,89400,0.004041412103825716
CRS,CARPENTER TECHNOLOGY CORP,144285103,2865044000.0,9100,0.004041093334866607
NNDM,NANO DIMENSION LTD,63008G203,2853785000.0,1853107,0.004025212716678103
SNOW,SNOWFLAKE INC,833445109,2851680000.0,13000,0.004022243651815611
VNOM,VIPER ENERGY INC,64361Q101,2844134000.0,73625,0.004011600153738477
XRX,XEROX HOLDINGS CORP,98421M106,2844000000.0,1200000,0.004011411149134405
PBA,PEMBINA PIPELINE CORP,706327103,2834671000.0,74479,0.003998252761437403
BUD,ANHEUSER BUSCH INBEV SA/NV,03524A108,2830568000.0,44200,0.003992465553299252
DSTL,ETF SER SOLUTIONS,26922A321,2827200000.0,48000,0.003987715049519265
MATV,MATIV HOLDINGS INC,808541106,2824984000.0,232509,0.003984589421141458
NGG,NATIONAL GRID PLC,636274409,2824667000.0,36518,0.003984142298309435
PABU,ISHARES TR,46436E411,2818974000.0,38700,0.003976112423600566
N/A,PANTAGES CAPITAL ACQUISITION,G8089R100,2816625000.0,271875,0.003972799201100806
TYRA,TYRA BIOSCIENCES INC,90240B106,2813635000.0,107023,0.003968581859562159
OBE,OBSIDIAN ENERGY LTD,674482203,2809802000.0,458369,0.003963175481596395
M,MACYS INC,55616P104,2805245000.0,127222,0.003956747914575788
N/A,INFLECTION POINT ACQU CORP V,G6001J107,2794875000.0,271875,0.003942121214991919
EB,EVENTBRITE INC,29975E109,2790270000.0,627027,0.003935625944829555
IIIN,INSTEEL INDS INC,45774W108,2784363000.0,87918,0.003927294226947017
QBTS,D-WAVE QUANTUM INC,26740W109,2779745000.0,106300,0.003920780620517094
TR,TOOTSIE ROLL INDS INC,890516107,2777799000.0,75834,0.003918035822311674
N/A,LITHIUM ARGENTINA AG,H5012F103,2776630000.0,497604,0.003916386968713453
RLMD,RELMADA THERAPEUTICS INC,75955J402,2766793000.0,572835,0.003902512056099517
N/A,GREENLIGHT CAPITAL RE LTD,G4095J109,2765257000.0,189661,0.0039003455555632754
HTGC,HERCULES CAPITAL INC,427096508,2764658000.0,146900,0.003899500676773426
RSPS,INVESCO EXCHANGE TRADED FD T,46137V373,2763180000.0,95200,0.003897415984200142
FMNB,FARMERS NATIONAL BANC CORP,309627107,2760890000.0,207274,0.0038941859801454592
XEVTX,EATON VANCE TAX ADVT DIV INC,27828G107,2758922000.0,109568,0.0038914101513334
PRG,PROG HOLDINGS INC,74319R101,2755929000.0,93453,0.003887188578348393
LOAR,LOAR HOLDINGS INC,53947R105,2755088000.0,40516,0.0038860023628855163
MRVI,MARAVAI LIFESCIENCES HLDGS I,56600D107,2747576000.0,845408,0.003875406821200461
N/A,SC II ACQUISITION CORP,G7866D128,2737781000.0,271875,0.003861591148835562
PEGA,PEGASYSTEMS INC,705573103,2737565000.0,45840,0.0038612864846976533
ENPH,ENPHASE ENERGY INC,29355A107,2737070000.0,85400,0.0038605882960482786
MBIN,MERCHANTS BANCORP IND,58844R108,2734201000.0,80276,0.0038565416228461455
THG,HANOVER INS GROUP INC,410867105,2732229000.0,14949,0.0038537601521056062
SLDE,SLIDE INS HLDGS INC,831349105,2725252000.0,139900,0.0038439192183547235
TECB,ISHARES TR,46436E502,2721336000.0,44700,0.003838395770373004
O,REALTY INCOME CORP,756109104,2719965000.0,48252,0.003836461999386554
N/A,BLUEROCK ACQUISITION CORP,G1352R121,2718750000.0,271875,0.0038347482636108166
AFYA,AFYA LTD,G01125106,2717692000.0,176359,0.003833255973527911
NWN,NORTHWEST NAT HLDG CO,66765N105,2714098000.0,58068,0.0038281867007888145
LTBR,LIGHTBRIDGE CORP,53224K302,2709017000.0,214321,0.003821020041137355
FTNT,FORTINET INC,34959E109,2707881000.0,34100,0.003819417733449093
N/A,TWELVE SEAS INVT CO III,G9145D127,2705156000.0,271875,0.0038155741696722324
N/A,TGE VALUE CREATIVE SOLUTIONS,G8773E126,2702438000.0,271875,0.0038117404792702117
N/A,CROWN RESV ACQUISITION CORP,G2574F119,2702438000.0,271875,0.0038117404792702117
BTU,PEABODY ENERGY CORP,704551100,2699492000.0,90892,0.0038075851989448424
N/A,INSIGHT DIGITAL PARTNERS II,G4814G105,2694281000.0,271875,0.0038002351766177893
MNRO,MONRO INC,610236101,2694238000.0,134443,0.0038001745258866315
AVTX,AVALO THERAPEUTICS INC,05338F306,2691984000.0,148237,0.0037969952991882667
JOYY,JOYY INC,46591M109,2681064000.0,41400,0.0037815928344384258
LYV,LIVE NATION ENTERTAINMENT IN,538034109,2679000000.0,18800,0.0037786815993428513
ZGN,ERMENEGILDO ZEGNA N V,N30577105,2678079000.0,261276,0.0037773825453103786
N/A,TAILWIND 2.0 ACQUISITION COR,G8662J111,2677969000.0,271875,0.0037772273922771844
N/A,INVEST GREEN ACQUISITION COR,G4924G102,2675250000.0,271875,0.0037733922913930434
ELMD,ELECTROMED INC,285409108,2671032000.0,91725,0.003767442877811099
TK,TEEKAY CORPORATION LTD,G8726T105,2670388000.0,295724,0.0037665345273258525
LX,LEXINFINTECH HLDGS LTD,528877103,2670370000.0,816627,0.003766509138647693
BRBS,BLUE RIDGE BANKSHARES INC VA,095825105,2670125000.0,625322,0.0037661635705283055
NYMT,ADAMAS TRUST INC.,649604840,2666763000.0,365310,0.003761421529641038
AVIR,ATEA PHARMACEUTICALS INC,04683R106,2661132000.0,745415,0.003753479104823606
QQQX,NUVEEN NASDAQ 100 DYNAMIC OV,670699107,2659490000.0,93250,0.0037511630931826505
AVBC,AVIDIA BANCORP INC,05369T100,2658031000.0,158122,0.003749105199769645
GAIN,GLADSTONE INVT CORP,376546107,2657695000.0,190243,0.003748631277777342
ALRS,ALERUS FINL CORP,01446U103,2655423000.0,117914,0.0037454266624008183
WDAY,WORKDAY INC,98138H101,2653177000.0,12353,0.003742258719559413
DFIN,DONNELLEY FINL SOLUTIONS INC,25787G100,2648724000.0,56730,0.003735977842679281
NHC,NATIONAL HEALTHCARE CORP,635906100,2646385000.0,19304,0.003732678725000721
AMPH,AMPHASTAR PHARMACEUTICALS IN,03209R103,2642597000.0,98678,0.003727335818730355
IYH,ISHARES TR,464287762,2642214000.0,40587,0.0037267956040784147
FSMD,FIDELITY COVINGTON TRUST,316092527,2638974000.0,59800,0.0037222256420097804
MBUU,MALIBU BOATS INC,56117J100,2630329000.0,93241,0.0037100320240828232
BXMT,BLACKSTONE MTG TR INC,09257W100,2629112000.0,137434,0.003708315467342845
STAA,STAAR SURGICAL CO,852312305,2628958000.0,113857,0.0037080982530963732
CHDN,CHURCHILL DOWNS INC,171484108,2627749000.0,23095,0.0037063929802133547
BHB,BAR HBR BANKSHARES,066849100,2623446000.0,84491,0.0037003236756512153
DCBO,DOCEBO INC,25609L105,2621309000.0,118077,0.003697309475360885
N/A,INFLECTION PT ACQUISITION CO,G47875102,2621220000.0,258503,0.0036971839424522097
AAT,AMERICAN ASSETS TR INC,024013104,2616240000.0,138206,0.0036901597414948644
CSCO,CISCO SYS INC,17275R102,2611317000.0,33900,0.0036832159380183567
N/A,HARVARD AVE ACQUISITION CORP,G4330A103,2609723000.0,262812,0.003680967629519158
GSAT,GLOBALSTAR INC,378973507,2609643000.0,42753,0.0036808547909495623
IESC,IES HLDGS INC,44951W106,2606434000.0,6700,0.0036763285538266464
KBWY,INVESCO EXCH TRADED FD TR II,46138E594,2594912000.0,168147,0.003660076978840596
CASS,CASS INFORMATION SYS INC,14808P109,2594170000.0,62480,0.0036590304011075944
DIS,DISNEY WALT CO,254687106,2593956000.0,22800,0.003658728557933925
AIG,AMERICAN INTL GROUP INC,026874784,2592593000.0,30305,0.003656806070804435
SEPN,SEPTERNA INC,81734D104,2587515000.0,92809,0.003649643642599335
ESRT,EMPIRE ST RLTY TR INC,292104106,2578288000.0,395443,0.0036366291240785675
JOUT,JOHNSON OUTDOORS INC,479167108,2576842000.0,60703,0.0036345895669331217
LYTS,LSI INDS INC OHIO,50216C108,2570662000.0,140320,0.0036258727874318377
SB,SAFE BULKERS INC,Y7388L103,2568824000.0,532951,0.003623280321295372
GBCI,GLACIER BANCORP INC NEW,37637Q105,2565428000.0,58239,0.0036184903240160256
GIC,GLOBAL INDUSTRIAL COMPANY,37892E102,2563646000.0,87736,0.0036159768448782766
FULT,FULTON FINL CORP PA,360271100,2563506000.0,132618,0.003615779377381484
FXH,FIRST TR EXCHANGE TRADED FD,33734X143,2560979000.0,22500,0.0036122150890643733
ASIC,ATEGRITY SPECIALTY IN CO HO,04681Y103,2555593000.0,121637,0.0036046182323663293
ONC,BEONE MEDICINES LTD,07725L102,2552004000.0,8400,0.0035995560120378324
KO,COCA COLA CO,191216100,2551715000.0,36500,0.003599148382705168
ARI,APOLLO COML REAL EST FIN INC,03762U105,2547302000.0,263151,0.003592923925109834
BH,BIGLARI HLDGS INC,08986R309,2544419000.0,7654,0.0035888575051580213
KINS,KINGSTONE COS INC,496719105,2542491000.0,151069,0.00358613809563076
FLR,FLUOR CORP NEW,343412102,2536320000.0,64000,0.0035774340104685557
FDMT,4D MOLECULAR THERAPEUTICS IN,35104E100,2531273000.0,337503,0.003570315307209174
EYPT,EYEPOINT INC,30233G209,2529682000.0,138461,0.0035680712301563357
AROW,ARROW FINL CORP,042744102,2523744000.0,80374,0.0035596957873280798
FOR,FORESTAR GROUP INC,346232101,2522112000.0,102400,0.003557393880508323
CCNE,CNB FINL CORP PA,126128107,2521061000.0,96334,0.003555911463800257
DB,DEUTSCHE BANK A G,D18190898,2520166000.0,65357,0.0035546490823029023
PINE,ALPINE INCOME PPTY TR INC,02083X103,2519286000.0,150675,0.003553407858037348
SLYV,SPDR SERIES TRUST,78464A300,2515502000.0,27652,0.0035480705936954617
XMTR,XOMETRY INC,98423F109,2515403000.0,42297,0.0035479309559655866
CRK,COMSTOCK RES INC,205768302,2508609000.0,108223,0.0035383481404426547
SPTM,SPDR SERIES TRUST,78464A805,2508000000.0,30400,0.003537489156831606
OSCV,ETF SER SOLUTIONS,26922A446,2506931000.0,67700,0.0035359813514453803
PLAB,PHOTRONICS INC,719405102,2500384000.0,78137,0.003526746925006076
SCHW,SCHWAB CHARLES CORP,808513105,2497750000.0,25000,0.0035230317151021305
ANRO,ALTO NEUROSCIENCE INC,02157Q109,2497643000.0,140317,0.003522880793515296
ACCO,ACCO BRANDS CORP,00081T108,2492890000.0,668335,0.003516176771999179
DELL,DELL TECHNOLOGIES INC,24703L202,2492424000.0,19800,0.003515519487331283
LQDT,LIQUIDITY SVCS INC,53635B107,2484602000.0,81973,0.0035044866961890433
ACIC,AMERICAN COASTAL INS CORP,910710102,2479054000.0,196283,0.0034966613413875674
UFCS,UNITED FIRE GROUP INC,910340108,2478561000.0,68186,0.0034959659737024322
CROX,CROCS INC,227046109,2467594000.0,28854,0.003480497216292954
GSHD,GOOSEHEAD INS INC,38267D109,2467201000.0,33499,0.0034799428968198143
ABCB,AMERIS BANCORP,03076K108,2466507000.0,33210,0.00347896402222857
AQST,AQUESTIVE THERAPEUTICS INC,03843E104,2462035000.0,381120,0.003472656346188159
OLP,ONE LIBERTY PPTYS INC,682406103,2449246000.0,120712,0.0034546176903561335
FRME,FIRST MERCHANTS CORP,320817109,2448906000.0,65339,0.003454138126435351
FR,FIRST INDL RLTY TR INC,32054K103,2448235000.0,42749,0.003453191692932865
IEF,ISHARES TR,464287440,2445926000.0,25436,0.0034499348897179035
MCD,MCDONALDS CORP,580135101,2445040000.0,8000,0.003448685202559629
BFC,BANK FIRST CORP,06211J100,2443222000.0,20056,0.0034461209460655623
TLK,P T TELEKOMUNIKASI INDONESIA,715684106,2441590000.0,115990,0.0034438190392458057
TOWN,TOWNEBANK PORTSMOUTH VA,89214P109,2440014000.0,73120,0.0034415961194247664
HRTG,HERITAGE INSURANCE HLDGS INC,42727J102,2438207000.0,83329,0.0034390473782340185
KLAC,KLA CORP,482480100,2430160000.0,2000,0.0034276972286147902
KARO,KAROOOOO LTD,Y4600W108,2429882000.0,53404,0.0034273051145854447
N/A,FUTURECREST ACQUISITION CORP,G3730U107,2427121000.0,240309,0.003423410773452266
ALTO,ALTO INGREDIENTS INC,021513106,2417685000.0,839474,0.0034101014641684294
N/A,AA MISSION ACQUISITION CORP,G1000S109,2402170000.0,241667,0.0033882178340774237
N/A,CHAMPIONSGATE ACQUISITION CO,G2124S108,2401009000.0,235624,0.003386580264336163
LDI,LOANDEPOT INC,53946R106,2381831000.0,1150643,0.003359530038239785
XSLV,INVESCO EXCH TRADED FD TR II,46138G102,2369507000.0,51100,0.0033421472565935357
NAT,NORDIC AMERICAN TANKERS LIMI,G65773106,2355502000.0,684739,0.003322393454503653
HBM,HUDBAY MINERALS INC,443628102,2351054000.0,118441,0.0033161196300341205
CAT,CATERPILLAR INC,149123101,2348767000.0,4100,0.003312893857425797
MTRX,MATRIX SVC CO,576853105,2348307000.0,200710,0.003312245035650621
NMRA,NEUMORA THERAPEUTICS INC.,640979100,2340762000.0,1307688,0.0033016029480556074
COP,CONOCOPHILLIPS,20825C104,2340250000.0,25000,0.0033008807812101933
NXST,NEXSTAR MEDIA GROUP INC,65336K103,2335075000.0,11500,0.003293581536239458
SRAD,SPORTRADAR GROUP AG,H8088L103,2329294000.0,97993,0.0032854275391040345
AREC,AMERICAN RES CORP,02927U208,2328336000.0,938845,0.0032840762972331235
N/A,MELAR ACQUISITION CORP. I,G6004G100,2324813000.0,218703,0.0032791071687245437
MMM,3M CO,88579Y101,2323371000.0,14512,0.0032770732535075775
PLD,PROLOGIS INC.,74340W103,2322646000.0,18194,0.0032760506539706146
NBTB,NBT BANCORP INC,628778102,2318394000.0,55838,0.0032700532839965925
CRNX,CRINETICS PHARMACEUTICALS IN,22663K107,2313488000.0,49699,0.0032631334587161233
IQ,IQIYI INC,46267X108,2310528000.0,1203400,0.003258958431641075
AII,ALMONTY INDS INC,020398707,2302229000.0,261320,0.0032472528405276197
KNOP,KNOT OFFSHORE PARTNERS LP,Y48125101,2300567000.0,222277,0.0032449086192442647
N/A,HAFNIA LTD,Y2990R101,2295253000.0,430629,0.003237413317258857
N/A,HORIZON SPACE ACQUISITION II,G4627B103,2292439000.0,217499,0.003233444220573321
WTI,W & T OFFSHORE INC,92922P106,2291014000.0,1405530,0.0032314342835523943
CGNT,COGNYTE SOFTWARE LTD,M25133105,2290846000.0,243707,0.0032311973225562425
BYND,BEYOND MEAT INC,08862E109,2288784000.0,2791200,0.003228288908424908
PRLD,PRELUDE THERAPEUTICS INC,74065P101,2287216000.0,788695,0.0032260772724608286
HNI,HNI CORP,404251100,2282394000.0,54291,0.0032192759276784355
MTUS,METALLUS INC,887399103,2281250000.0,132940,0.003217662336133214
HIFS,HINGHAM INSTN SVGS MASS,433323102,2281051000.0,8033,0.0032173816501913444
XMLV,INVESCO EXCH TRADED FD TR II,46138E198,2276425000.0,36500,0.0032108567599044608
BWB,BRIDGEWATER BANCSHARES INC,108621103,2275464000.0,129804,0.0032095012865871898
PRIM,PRIMORIS SVCS CORP,74164F103,2275238000.0,18328,0.0032091825176280816
AVAH,AVEANNA HEALTHCARE HLDGS INC,05356F105,2273597000.0,278286,0.0032068679164692455
LXFR,LUXFER HLDGS PLC,G5698W116,2272120000.0,167932,0.003204784634378081
RGLD,ROYAL GOLD INC,780287108,2271582000.0,10219,0.0032040257949975484
ZIP,ZIPRECRUITER INC,98980B103,2269625000.0,581955,0.003201265481488809
CLYM,CLIMB BIO INC,28658R106,2266848000.0,566712,0.003197348572641711
N/A,LEAPFROG ACQUISITION CORP,G5414D129,2266753000.0,226562,0.003197214576840316
DGII,DIGI INTL INC,253798102,2261167000.0,52233,0.003189335623718282
N/A,COLUMBUS ACQUISITION CORP,G2295P107,2259380000.0,217499,0.003186815092169933
VSMV,VICTORY PORTFOLIOS II,92647N691,2256611000.0,40831,0.003182909467179795
HAIN,HAIN CELESTIAL GROUP INC,405217100,2247991000.0,2100926,0.0031707511113058364
ANIK,ANIKA THERAPEUTICS INC,035255108,2246895000.0,233808,0.0031692052229023724
XGN,EXAGEN INC,30068X103,2238960000.0,368250,0.003158013047280579
NOEM,CO2 ENERGY TRANSITION CORP,12664M103,2238065000.0,217499,0.0031567506657832244
OKE,ONEOK INC NEW,682680103,2237340000.0,30440,0.003155728066246262
AEG,AEGON LTD,0076CA104,2233494000.0,289688,0.003150303352012939
BBH,VANECK ETF TRUST,92189F726,2233326000.0,11800,0.003150066391016787
LGLV,SPDR SERIES TRUST,78468R804,2229739000.0,12700,0.0031450069916525306
FTNT,FORTINET INC,34959E109,2223480000.0,28000,0.0031361787840637713
LOW,LOWES COS INC,548661107,2218672000.0,9200,0.0031293971860310577
INGM,INGRAM MICRO HLDG CORP,457152106,2218186000.0,103945,0.0031287116917207624
TRMD,TORM PLC,G89479102,2216339000.0,113194,0.0031261065312452167
N/A,LAKESHORE ACQUISITION III CO,G5353S103,2216315000.0,217499,0.0031260726796743382
DAVE,DAVE INC,23834J201,2214100000.0,10000,0.0031229484617786513
ELF,E L F BEAUTY INC,26856L103,2212764000.0,29100,0.0031210640576664
N/A,ORIGIN INVT CORP I,G67751100,2198915000.0,217499,0.003101530290787229
BHF,BRIGHTHOUSE FINL INC,10922N103,2192753000.0,33844,0.0030928388999641046
HAL,HALLIBURTON CO,406216101,2187324000.0,77400,0.003085181392534902
RDNT,RADNET INC,750491102,2187234000.0,30655,0.0030850544491441067
CYD,CHINA YUCHAI INTL LTD,G21082105,2186800000.0,61600,0.003084442299904049
MH,MCGRAW HILL INC,580907103,2181647000.0,132221,0.003077174085539953
IDN,INTELLICHECK INC,45817G201,2178281000.0,326090,0.003072426402724205
N/A,QUANTUMSPHERE ACQUISITION CO,G7387B106,2176965000.0,217479,0.003070570208254353
UGI,UGI CORP NEW,902681105,2173860000.0,58078,0.0030661906612719112
CLBK,COLUMBIA FINL INC,197641103,2173626000.0,139873,0.003065860608455843
COLB,COLUMBIA BKG SYS INC,197236102,2170569000.0,77659,0.00306154876461516
CBAN,COLONY BANKCORP INC,19623P101,2169638000.0,121753,0.003060235605761488
DECK,DECKERS OUTDOOR CORP,243537107,2166703000.0,20900,0.003056095840739438
TWLO,TWILIO INC,90138F102,2162048000.0,15200,0.003049530046471076
N/A,AI INFRASTRUCTURE ACQUISI,G01336109,2161940000.0,217499,0.003049377714402122
ZURA,ZURA BIO LTD,G9TY5A101,2161097000.0,412423,0.003048188677975005
LB,LANDBRIDGE COMPANY LLC,514952100,2157814000.0,44046,0.003043558065175213
MAS,MASCO CORP,574599106,2157640000.0,34000,0.0030433126412863416
ITRI,ITRON INC,465741106,2156766000.0,23226,0.0030420798799135067
TRNS,TRANSCAT INC,893529107,2156194000.0,38008,0.003041273084140896
COP,CONOCOPHILLIPS,20825C104,2153030000.0,23000,0.0030368103187133778
MTW,MANITOWOC CO INC,563571405,2149903000.0,179308,0.003032399741124298
FFLG,FIDELITY COVINGTON TRUST,316092337,2146698000.0,71700,0.003027879145929862
ASPN,ASPEN AEROGELS INC,04523Y105,2143496000.0,757419,0.003023362782181786
LOCO,EL POLLO LOCO HLDGS INC,268603107,2139457000.0,204537,0.003017665844899313
MTDR,MATADOR RES CO,576485205,2139273000.0,50407,0.003017406316189242
TGLS,TECNOGLASS INC,G87264100,2136638000.0,42461,0.003013689695803177
KIND,NEXTDOOR HOLDINGS INC,65345M108,2130309000.0,1014433,0.003004762754466021
NRGV,ENERGY VAULT HOLDINGS INC,29280W109,2128165000.0,461641,0.003001738680800851
EFC,ELLINGTON FINANCIAL INC,28852N109,2121264000.0,156205,0.002992004943691084
CIVB,CIVISTA BANCSHARES INC,178867107,2118544000.0,95344,0.0029881684323248238
LPL,LG DISPLAY CO LTD,50186V102,2118489000.0,503204,0.002988090855808226
DIBS,1STDIBS COM INC,320551104,2116447000.0,353330,0.002985210651319291
FSLR,FIRST SOLAR INC,336433107,2115963000.0,8100,0.0029845279779732352
CRMD,CORMEDIX INC,21900C308,2106263000.0,181106,0.0029708463014097323
IWD,ISHARES TR,464287598,2104452000.0,10005,0.002968291918290505
VG,VENTURE GLOBAL INC,92333F101,2092042000.0,306751,0.0029507878351819404
VGZ,VISTA GOLD CORP,927926303,2091454000.0,1061652,0.00294995847169541
EWG,ISHARES INC,464286806,2091000000.0,49200,0.0029493181128129532
SUX,TD SYNNEX CORPORATION,87162W100,2080535000.0,13849,0.002934557417427689
ACI,ALBERTSONS COS INC,013091103,2075149000.0,120859,0.0029269605607296447
ENTG,ENTEGRIS INC,29362U104,2072550000.0,24600,0.002923294717699898
OLED,UNIVERSAL DISPLAY CORP,91347P105,2067006000.0,17700,0.0029154750048269017
PNTG,PENNANT GROUP INC,70805E109,2060693000.0,73204,0.002906570631203665
DHR,DANAHER CORPORATION,235851102,2060280000.0,9000,0.002905988102088126
CBK,COMMERCIAL BANCGROUP INC,20112C106,2060216000.0,83885,0.0029058978312324494
NGS,NATURAL GAS SVCS GROUP INC,63886Q109,2044709000.0,60764,0.0028840254849984035
PANW,PALO ALTO NETWORKS INC,697435105,2044620000.0,11100,0.002883899952089728
CRDF,CARDIFF ONCOLOGY INC,14147L108,2037129000.0,724957,0.002873334030529191
THRY,THRYV HLDGS INC,886029206,2034125000.0,336219,0.002869096942240865
SMIG,ETF SER SOLUTIONS,26922B832,2033280000.0,70600,0.0028679050848495085
ASH,ASHLAND INC,044186104,2030862000.0,34615,0.0028644945390834723
MOV,MOVADO GROUP INC,624580106,2029359000.0,98417,0.0028623745844571892
BF/B,BROWN FORMAN CORP,115637209,2023377000.0,77643,0.0028539370804156554
BIBL,NORTHERN LTS FD TR IV,66538H534,2021824000.0,44800,0.002851746601683375
CMTL,COMTECH TELECOMMUNICATIONS C,205826209,2019584000.0,381774,0.0028485871217346893
FLYW,FLYWIRE CORPORATION,302492103,2019216000.0,142600,0.0028480680643145485
SCVL,SHOE CARNIVAL INC,824889109,2017936000.0,119546,0.0028462626472010137
CHKP,CHECK POINT SOFTWARE TECH LT,M22465104,2014439000.0,10856,0.002841330191227553
NEO,NEOGENOMICS INC,64049M209,2009784000.0,170900,0.0028347643969591912
BLZE,BACKBLAZE INC,05637B105,2009266000.0,431173,0.0028340337672210576
SMR,NUSCALE PWR CORP,67079K100,2005055000.0,141500,0.0028280942270139534
WK,WORKIVA INC,98139A105,2001086000.0,23201,0.0028224960234798763
BVS,BIOVENTUS INC,09075A108,2000118000.0,268833,0.0028211306767877663
SCHW,SCHWAB CHARLES CORP,808513105,1998200000.0,20000,0.0028184253720817043
SGMO,SANGAMO THERAPEUTICS INC,800677106,1997518000.0,4755995,0.0028174634232758992
HAL,HALLIBURTON CO,406216101,1995156000.0,70600,0.0028141318645085803
VFMV,VANGUARD WELLINGTON FD,921935409,1994661000.0,15300,0.002813433675859205
DNTH,DIANTHUS THERAPEUTICS INC,252828108,1994564000.0,48400,0.0028132968590935704
SEI 4.75 05/01/30,SOLARIS ENERGY INFRAS INC,83419XAA6,1993700000.0,1000000,0.0028120782025419346
XBXMX,NUVEEN S&P 500 BUY-WRITE INC,6706ER101,1992129000.0,135519,0.002809862335131495
BHRB,BURKE HERBERT FINL SVCS CORP,12135Y108,1991615000.0,31963,0.0028091373473218416
ZNTL,ZENTALIS PHARMACEUTICALS INC,98943L107,1986409000.0,1471414,0.002801794377405388
WEC 4.375 06/01/27,WEC ENERGY GROUP INC,92939UAP1,1981143000.0,1754000,0.0027943667785617376
SHAK,SHAKE SHACK INC,819047101,1980548000.0,24400,0.002793527541700368
CLBT,CELLEBRITE DI LTD,M2197Q107,1977981000.0,109705,0.002789906834098459
SUIG,SUI GROUP HOLDINGS LIMITED,59982U200,1976766000.0,1183692,0.0027881930983227215
ETN,EATON CORP PLC,G29183103,1974762000.0,6200,0.0027853664921543442
USNA,USANA HEALTH SCIENCES INC,90328M107,1974542000.0,100588,0.0027850561860879555
BYON,BED BATH & BEYOND INC,690370101,1971945000.0,361162,0.0027813931640224485
6RJ0,ROCKET LAB CORP,773121108,1971557000.0,28262,0.0027808458969599084
FRST,PRIMIS FINANCIAL CORP,74167B109,1966471000.0,141371,0.002773672184897849
TEM,TEMPUS AI INC,88023B103,1966365000.0,33300,0.0027735226737931338
NWL,NEWELL BRANDS INC,651229106,1964941000.0,528210,0.002771514147254327
CFG,CITIZENS FINL GROUP INC,174610105,1964036000.0,33625,0.002770237660935773
N/A,CHARLTON ARIA ACQUISITION CO,G9877L107,1961250000.0,187500,0.0027663080577495958
SRI,STONERIDGE INC,86183P102,1958375000.0,338234,0.002762252921654743
USPH,U S PHYSICAL THERAPY,90337L108,1954280000.0,25026,0.0027564769973735526
VLO,VALERO ENERGY CORP,91913Y100,1953480000.0,12000,0.002755348611677594
MVBF,MVB FINL CORP,553810102,1953239000.0,75619,0.0027550086854866863
AVBH,AVIDBANK HLDGS INC,05368J103,1946689000.0,73294,0.002745770027601021
PAYS,PAYSIGN INC,70451A104,1945387000.0,377745,0.0027439335798808482
VMD,VIEMED HEALTHCARE INC,92663R105,1944535000.0,261714,0.0027427318491146514
KLAC,KLA CORP,482480100,1944128000.0,1600,0.0027421577828918324
FRPH,FRP HLDGS INC,30292L107,1943987000.0,85300,0.0027419589049129194
CERT,CERTARA INC,15687V109,1943371000.0,220587,0.002741090047927031
SPYI,NEOS ETF TRUST,78433H303,1938357000.0,36900,0.002734017890577608
PTK,POET TECHNOLOGIES INC,73044W302,1934695000.0,305639,0.002728852705054355
CCSI,CONSENSUS CLOUD SOLUTIONS IN,20848V105,1931310000.0,88511,0.002724078223078329
TSHA,TAYSHA GENE THERAPIES INC,877619106,1931193000.0,351126,0.0027239131966702947
KYTX,KYVERNA THERAPEUTICS INC,501976104,1929510000.0,205267,0.002721539355262421
GRMN,GARMIN LTD,H2906T109,1919164000.0,9461,0.0027069465072494304
XBMEX,BLACKROCK HEALTH SCIENCES TR,09250W107,1911764000.0,46481,0.0026965089395618092
OLLI,OLLIES BARGAIN OUTLET HLDGS,681116109,1911270000.0,17437,0.0026958121613945545
OOMA,OOMA INC,683416101,1909679000.0,162803,0.002693568084341716
ANVS,ANNOVIS BIO INC,03615A108,1909356000.0,551837,0.0026931124986169725
BCAL,CALIFORNIA BANCORP,84252A106,1909045000.0,102252,0.0026926738386776686
ASPI,ASP ISOTOPES INC,00218A105,1905868000.0,356237,0.002688192736982591
OEC,ORION S.A.,L72967109,1902828000.0,360384,0.002683904871337947
MNTN,MNTN INC,55318A108,1893660000.0,158598,0.0026709735712622563
SEMR,SEMRUSH HLDGS INC,81686C104,1893506000.0,159252,0.002670756357015784
VRTX,VERTEX PHARMACEUTICALS INC,92532F100,1883711000.0,4155,0.0026569406846508855
TTEC,TTEC HLDGS INC,89854H102,1877000000.0,521389,0.002647474939143909
FBCG,FIDELITY COVINGTON TRUST,316092352,1875528000.0,34200,0.002645398709463344
VIPS,VIPSHOP HLDGS LTD,92763W103,1873336000.0,105898,0.0026423069326564166
INVZ,INNOVIZ TECHNOLOGIES LTD,M5R635108,1871588000.0,2193867,0.0026398414099107464
RGNX,REGENXBIO INC,75901B107,1871150000.0,129941,0.0026392236187422085
ELF,E L F BEAUTY INC,26856L103,1870584000.0,24600,0.002638425285862317
FN,FABRINET,G3323L100,1866648000.0,4100,0.002632873628238199
DECK,DECKERS OUTDOOR CORP,243537107,1866060000.0,18000,0.002632044264751669
WRB,BERKLEY W R CORP,084423102,1861896000.0,26553,0.002626171017204202
AVNS,AVANOS MED INC,05350V106,1856072000.0,165278,0.0026179563693376207
PDFS,PDF SOLUTIONS INC,693282105,1854051000.0,64986,0.002615105784973204
CLF,CLEVELAND-CLIFFS INC NEW,185899101,1852560000.0,139500,0.00261300275613236
RERE,ATRENEW INC,00138L108,1847384000.0,348563,0.002605702100679505
PTCT,PTC THERAPEUTICS INC,69366J200,1846588000.0,24310,0.002604579356912026
MITK,MITEK SYS INC,606710200,1845839000.0,174961,0.0026035229058041843
USMF,WISDOMTREE TR,97717Y857,1840234000.0,35900,0.002595617153521871
EPAC,ENERPAC TOOL GROUP CORP,292765104,1827719000.0,47796,0.002577964969790712
LTRX,LANTRONIX INC,516548203,1824575000.0,311361,0.002573530414005593
RRX,REGAL REXNORD CORPORATION,758750103,1824160000.0,13000,0.0025729450639258144
FCCO,FIRST CMNTY CORP S C,319835104,1823623000.0,61505,0.0025721876350274014
VSCO,VICTORIAS SECRET AND CO,926400102,1819787000.0,33594,0.002566777025615278
OSS,ONE STOP SYS INC,68247W109,1818651000.0,253294,0.0025651747179270164
SF,STIFEL FINL CORP,860630102,1812810000.0,14477,0.002556936091864395
N/A,STARRY SEA ACQUISITION CORP,G8559L112,1812500000.0,181250,0.002556498842407211
KAI,KADANT INC,48282T104,1811872000.0,6357,0.002555613059635883
CBNK,CAPITAL BANCORP INC MD,139737100,1810824000.0,64282,0.002554134874374177
TRU,TRANSUNION,89400J107,1810183000.0,21110,0.0025532307553352896
NLOP,NET LEASE OFFICE PROPERTIES,64110Y108,1808498000.0,70124,0.0025508540929631758
PPTA,PERPETUA RESOURCES CORP,714266103,1806817000.0,74631,0.002548483072519542
ONTF,ON24 INC,68339B104,1806379000.0,226932,0.0025478652813510044
ATRO,ASTRONICS CORP,046433108,1806355000.0,33303,0.0025478314297801255
WNC,WABASH NATL CORP,929566107,1804286000.0,208588,0.0025449131422739515
GCI,USA TODAY CO INC,36472T109,1803432000.0,350181,0.0025437085905435156
CVS,CVS HEALTH CORP,126650100,1800837000.0,22692,0.002540048389442248
N/A,EMMIS ACQUISITION CORP.,G3037D105,1799813000.0,181250,0.0025386040557514207
NKTX,NKARTA INC,65487U108,1798167000.0,971982,0.0025362824021819847
N/A,LAKE SUPERIOR ACQUISITION CO,G5354C107,1798000000.0,181250,0.0025360468516679533
MDT,MEDTRONIC PLC,G5960L103,1796322000.0,18700,0.0025336800626706794
N/A,LAFAYETTE ACQUISITION CORP,G53426105,1794375000.0,181250,0.002530933853983139
KRE,SPDR SERIES TRUST,78464A698,1791802000.0,27647,0.0025273046834885103
VLO,VALERO ENERGY CORP,91913Y100,1790690000.0,11000,0.0025257362273711278
WHF,WHITEHORSE FIN INC,96524V106,1789757000.0,257519,0.002524420247553215
NUTX,NUTEX HEALTH INC,67079U306,1789255000.0,10869,0.002523712185529001
BETA,BETA TECHNOLOGIES INC,086921103,1788796000.0,63410,0.0025230647742359447
CLF,CLEVELAND-CLIFFS INC NEW,185899101,1787488000.0,134600,0.0025212198636230514
FFIV,F5 INC,315616102,1786820000.0,7000,0.0025202776615669254
KYN,KAYNE ANDERSON ENERGY INFRST,486606106,1786434000.0,144300,0.0025197332154686257
UNTY,UNITY BANCORP INC,913290102,1785892000.0,34530,0.002518968734159613
ARTNA,ARTESIAN RES CORP,043113208,1784890000.0,56466,0.0025175554310754244
GSK,GSK PLC,37733W204,1780152000.0,36300,0.002510872566791107
TERN,TERNS PHARMACEUTICALS INC,880881107,1772186000.0,43866,0.002499636666223595
UMH,UMH PPTYS INC,903002103,1767744000.0,111109,0.002493371304646782
MRBK,MERIDIAN CORPORATION,58958P104,1766333000.0,100474,0.002491381114375534
SMDV,PROSHARES TR,74347B698,1764336000.0,26700,0.002488564381581997
SMBC,SOUTHERN MO BANCORP INC,843380106,1759411000.0,29760,0.0024816177571412488
TCBX,THIRD COAST BANCSHARES INC,88422P109,1758115000.0,46254,0.0024797897723137954
NOV,NOV INC,62955J103,1752436000.0,112120,0.002471779644354606
SUZ,SUZANO S A,86959K105,1751754000.0,187554,0.0024708176955488006
PEPG,PEPGEN INC,713317105,1740937000.0,267425,0.0024555605104573147
SBR,SABINE RTY TR,785688102,1740169000.0,25378,0.002454477260189194
DAN,DANA INC,235825205,1736096000.0,73068,0.0024487323665146423
QUAD,QUAD / GRAPHICS INC,747301109,1730495000.0,275996,0.002440832256160809
ACNT,ASCENT INDUSTRIES CO,871565107,1728768000.0,106780,0.0024383963535396574
ACRS,ACLARIS THERAPEUTICS INC,00461U105,1728381000.0,574213,0.0024378504969592377
AM,ANTERO MIDSTREAM CORP,03676B102,1727409000.0,97100,0.0024364795083386473
ACRE,ARES COML REAL ESTATE CORP,04013V108,1726106000.0,361110,0.002434641650136354
OPY,OPPENHEIMER HLDGS INC,683797104,1721514000.0,23814,0.0024281647162415487
AAON,AAON INC,000360206,1719971000.0,22557,0.002425988342330468
XSVM,INVESCO EXCHANGE TRADED FD T,46137V480,1714200000.0,30000,0.0024178484500162432
UGP,ULTRAPAR PARTICIPACOES SA,90400P101,1711998000.0,454111,0.002414742568388116
CSX,CSX CORP,126408103,1711000000.0,47200,0.0024133349072324073
BTU,PEABODY ENERGY CORP,704551100,1710720000.0,57600,0.0024129399722388214
NRC,NATIONAL RESH CORP,637372202,1709365000.0,91069,0.0024110287689662908
IEO*,ISHARES TR,464288851,1709150000.0,19148,0.002410725515310502
ESEA,EUROSEAS LTD,Y23592135,1707506000.0,31273,0.002408406682705306
FATE,FATE THERAPEUTICS INC,31189P102,1703891000.0,1734064,0.002403307789841691
PRQR,PROQR THRAPEUTICS N V,N71542109,1695556000.0,839384,0.002391551421371918
SBIO,ALPS ETF TR,00162Q593,1695382000.0,33100,0.0023913059974830465
JRVR,JAMES RIV GROUP HOLDINGS INC,46990A102,1694972000.0,266505,0.0023907276998138675
WWR,WESTWATER RES INC,961684206,1691715000.0,2255620,0.0023861337595491943
AARD,AARDVARK THERAPEUTICS INC,002942100,1690316000.0,128786,0.0023841604950633863
PWR,QUANTA SVCS INC,74762E102,1688240000.0,4000,0.0023812323341823724
LOW,LOWES COS INC,548661107,1688120000.0,7000,0.0023810630763279783
TLRY,TILRAY BRANDS INC,88688T209,1685413000.0,186646,0.002377244901229277
HLIT,HARMONIC INC,413160102,1684752000.0,170349,0.002376312572547991
CDNA,CAREDX INC,14167L103,1682412000.0,89300,0.002373012044387311
MG,MISTRAS GROUP INC,60649T107,1681881000.0,132955,0.002372263078381618
VOXR,VOX ROYALTY CORP,92919F103,1679913000.0,354412,0.0023694872495695586
VST,VISTRA CORP,92840M102,1679768000.0,10412,0.002369282729662166
MDB,MONGODB INC,60937P106,1678760000.0,4000,0.0023678609636852577
PSX,PHILLIPS 66,718546104,1677520000.0,13000,0.0023661119658565212
UFPT,UFP TECHNOLOGIES INC,902673102,1674772000.0,7543,0.0023622359609909017
JPRE,J P MORGAN EXCHANGE TRADED F,46641Q126,1672218000.0,35800,0.0023586335896565525
YPF,YPF SOCIEDAD ANONIMA,984245100,1670592000.0,46200,0.002356340145729516
CHTR,CHARTER COMMUNICATIONS INC N,16119P108,1670000000.0,8000,0.002355505140314506
ANNX,ANNEXON INC,03589W102,1666831000.0,332038,0.0023510353224763885
SCHL,SCHOLASTIC CORP,807066105,1666688000.0,56250,0.002350833623533236
IPGP,IPG PHOTONICS CORP,44980X109,1666633000.0,23277,0.0023507560470166387
BBRE,J P MORGAN EXCHANGE TRADED F,46641Q738,1666620000.0,18000,0.002350737710749079
HNM,ORMAT TECHNOLOGIES INC,686688102,1662905000.0,15053,0.0023454977696734693
CODI,COMPASS DIVERSIFIED,20451Q104,1662355000.0,346324,0.0023447220045074977
NPWR,NET POWER INC,64107A105,1660887000.0,728459,0.0023426514167554126
EBR,CENTRAIS ELET BRAS SA,15234Q207,1659810000.0,181202,0.002341132327512228
BFST,BUSINESS FIRST BANCSHARES IN,12326C105,1658217000.0,63436,0.0023388854294951497
BCAX,BICARA THERAPEUTICS INC,055477103,1657435000.0,98481,0.002337782432477349
CNXC,CONCENTRIX CORP,20602D101,1655591000.0,39817,0.0023351815034481638
EXE,EXPAND ENERGY CORPORATION,165167735,1655400000.0,15000,0.0023349121013632535
CVGW,CALAVO GROWERS INC,128246105,1647780000.0,75760,0.0023241642276092436
QTRX,QUANTERIX CORP,74766Q101,1646337000.0,258858,0.002322128901910158
ENSG,ENSIGN GROUP INC,29358P101,1643403000.0,9434,0.0023179905473702275
FDLO,FIDELITY COVINGTON TRUST,316092824,1635375000.0,24500,0.002306667196911279
QABA,FIRST TR EXCHANGE-TRADED FD,33736Q104,1631892000.0,28800,0.0023017544876874968
EURN,CMB.TECH NV,B38564108,1629277000.0,168837,0.0022980660769438307
BCIC,BCP INVESTMENT CORPORATION,73688F201,1627453000.0,137570,0.0022954933575570443
IR,INGERSOLL RAND INC,45687V106,1624010000.0,20500,0.0022906370676180603
CRBU,CARIBOU BIOSCIENCES INC,142038108,1621926000.0,1020079,0.002287697622880087
ALEC,ALECTOR INC,014442107,1621863000.0,1039656,0.0022876087625065306
CSGS,CSG SYS INTL INC,126349109,1620000000.0,21124,0.002284981034317066
NATR,NATURES SUNSHINE PRODS INC,639027101,1617184000.0,74939,0.00228100911666729
JCI,JOHNSON CTLS INTL PLC,G51502105,1616625000.0,13500,0.0022802206571622386
APP,APPLOVIN CORP,03831W108,1615820000.0,2398,0.00227908521905568
N/A,PERCEPTIVE CAP SOLUTIONS COR,G70077105,1613609000.0,123838,0.002275966643088473
MGNX,MACROGENICS INC,556099109,1609153000.0,999474,0.002269681534761981
NBN,NORTHEAST BK PORTLAND ME,66405S100,1608005000.0,15472,0.00226806230128828
BBY,BEST BUY INC,086516101,1606320000.0,24000,0.002265685638916166
AVY,AVERY DENNISON CORP,053611109,1604182000.0,8820,0.0022626700281437157
DC,DAKOTA GOLD CORP,46655E100,1603424000.0,282293,0.0022616008826967945
SGML,SIGMA LITHIUM CORPORATION,826599102,1597889000.0,121144,0.002253793864162878
STTK,SHATTUCK LABS INC,82024L103,1597711000.0,437729,0.0022535427983455267
AMAT,APPLIED MATLS INC,038222105,1593338000.0,6200,0.002247374760034991
ETN,EATON CORP PLC,G29183103,1592550000.0,5000,0.0022462633001244714
ARRY 1 12/01/28,ARRAY TECHNOLOGIES INC,04271TAB6,1584608000.0,1750000,0.0022350612511278377
ZVIA,ZEVIA PBC,98955K104,1582075000.0,681929,0.0022314884999180074
RDIV,INVESCO EXCH TRADED FD TR II,46138G656,1582016000.0,30400,0.0022314052814729306
EQT,EQT CORP,26884L109,1581200000.0,29500,0.002230254328063052
CAPR,CAPRICOR THERAPEUTICS INC,14070B309,1580749000.0,54773,0.002229618200626955
ETD,ETHAN ALLEN INTERIORS INC,297602104,1580437000.0,69196,0.0022291781302055313
EMR,EMERSON ELEC CO,291011104,1579368000.0,11900,0.0022276703248193057
NSA,NATIONAL STORAGE AFFILIATES,637870106,1577955000.0,55936,0.0022256773135838183
TMC,TMC THE METALS COMPANY INC,87261Y106,1572900000.0,254927,0.0022185473264674767
KNF,KNIFE RIVER CORP,498894104,1572463000.0,22352,0.0022179309457810597
CEVA,CEVA INC,157210105,1571261000.0,73014,0.002216235546272881
TEM,TEMPUS AI INC,88023B103,1570730000.0,26600,0.002215486580267188
FEZ,SPDR INDEX SHS FDS,78463X202,1564677000.0,24300,0.002206948931995138
NECB,NORTHEAST CMNTY BANCORP INC,664121100,1564612000.0,69200,0.0022068572506573417
TARS,TARSUS PHARMACEUTICALS INC,87650L103,1562107000.0,19078,0.0022033239929468693
GIII,G III APPAREL GROUP LTD,36237H101,1559583000.0,53853,0.002199763936076119
AVBP,ARRIVENT BIOPHARMA INC,04272N102,1558877000.0,77479,0.002198768135699435
YPF,YPF SOCIEDAD ANONIMA,984245100,1558496000.0,43100,0.0021982307420117344
VIOV,VANGUARD ADMIRAL FDS INC,921932778,1558392000.0,15941,0.0021980840518712598
SAR,SARATOGA INVT CORP,80349A208,1557386000.0,67507,0.002196665106858591
CAN,CANAAN INC,134748102,1552224000.0,2249600,0.0021893841981554156
KMT,KENNAMETAL INC,489170100,1551783000.0,54621,0.002188762175540518
EH3,AMARIN CORP PLC,023111404,1551349000.0,111168,0.0021881500263004603
QUS,SPDR SERIES TRUST,78468R812,1550247000.0,8900,0.002186595675004277
NUMG,NUSHARES ETF TR,67092P409,1546873000.0,32400,0.0021818367083315695
GASS,STEALTHGAS INC,Y81669106,1542315000.0,219703,0.0021754077308288426
KEP,KOREA ELEC PWR CORP,500631106,1542288000.0,93472,0.002175369647811604
EXPD,EXPEDITORS INTL WASH INC,302130109,1541806000.0,10347,0.002174689795429789
UHT,UNIVERSAL HEALTH RLTY INCOME,91359E105,1540914000.0,39299,0.0021734316453787947
AVDL,AVADEL PHARMACEUTICALS PLC,G29687103,1537291000.0,71336,0.0021683214686582203
GILT,GILAT SATELLITE NETWORKS LTD,M51474118,1536806000.0,118764,0.0021676373848300446
N/A,1RT ACQUISITION CORP.,G6757R105,1536365000.0,150624,0.0021670153622151476
THFF,FIRST FINANCIAL CORPORATION,320218100,1535997000.0,25422,0.0021664963047950065
RAPP,RAPPORT THERAPEUTICS INC,75383L102,1535780000.0,50619,0.0021661902301749773
APO,APOLLO GLOBAL MGMT INC,03769M106,1534456000.0,10600,0.002164322751848165
GRC,GORMAN RUPP CO,383082104,1530579000.0,32054,0.0021588543126691236
ETSY,ETSY INC,29786A106,1530144000.0,27600,0.0021582407529469457
TBN,TAMBORAN RES CORP,87507T101,1527821000.0,56108,0.0021549642029823047
DAVE,DAVE INC,23834J201,1527729000.0,6900,0.0021548344386272695
QSI,QUANTUM SI INC,74765K105,1522599000.0,1384181,0.002147598665351932
ALNT,ALLIENT INC,019330109,1521286000.0,28303,0.0021457467023284394
LPRO,OPEN LENDING CORP,68373J104,1520719000.0,981109,0.0021449469589664284
MEGI,NYLI CBRE GBL INFR MEGTRNDS,56064Q107,1520700000.0,110516,0.0021449201598061495
CHWY,CHEWY INC,16679L109,1520300000.0,46000,0.00214435596695817
FRPT,FRESHPET INC,358039105,1515390000.0,24871,0.0021374304997492212
ETV,EATON VANCE TAX-MANAGED BUY-,27828Y108,1515224000.0,105517,0.00213719635971731
BTU,PEABODY ENERGY CORP,704551100,1514700000.0,51000,0.0021364572670864567
VFVA,VANGUARD WELLINGTON FD,921935805,1513692000.0,11400,0.0021350355011095484
SMMV,ISHARES TR,46435G433,1512217000.0,34900,0.0021329550399826237
CHWY,CHEWY INC,16679L109,1507080000.0,45600,0.002125709393332447
FFIV,F5 INC,315616102,1506034000.0,5900,0.00212423402903498
HMY,HARMONY GOLD MINING CO LTD,413216300,1503365000.0,75546,0.002120469452256837
GO,GROCERY OUTLET HLDG CORP,39874R101,1503163000.0,148828,0.002120184534868607
PENN,PENN ENTERTAINMENT INC,707569109,1503025000.0,101900,0.002119989888336054
BST,BLACKROCK SCIENCE & TECHNOLO,09258G104,1499980000.0,37000,0.00211569497028081
UNF,UNIFIRST CORP MASS,904708104,1497097000.0,7761,0.0021116285503289976
FSK,FS KKR CAP CORP,302635206,1495425000.0,100974,0.0021092702242244436
CIG,CIA ENERGETICA DE MINAS GERA,204409601,1491998000.0,745999,0.002104436501999379
ALDX,ALDEYRA THERAPEUTICS INC,01438T106,1488546000.0,287364,0.0020995675177213156
IPSC,CENTURY THERAPEUTICS INC,15673T100,1488137000.0,1495916,0.0020989906305342565
IVT,INVENTRUST PPTYS CORP,46124J201,1485821000.0,52670,0.002095723953944455
NIC,NICOLET BANKSHARES INC,65406E102,1485682000.0,12248,0.002095527896929782
N/A,CRESCENT BIOPHARMA INC.,G2545C104,1485157000.0,125224,0.002094787393816809
MDXG,MIMEDX GROUP INC,602496101,1482190000.0,218935,0.002090602493366921
GRNT,GRANITE RIDGE RESOURCES INC,387432107,1480683000.0,315039,0.002088476896812158
SMP,STANDARD MTR PRODS INC,853666105,1479933000.0,40161,0.0020874190352221963
PINS,PINTEREST INC,72352L106,1478319000.0,57100,0.002085142517080599
QLV,FLEXSHARES TR,33939L654,1477025000.0,20500,0.0020833173532173854
BSAC,BANCO SANTANDER CHILE NEW,05965X109,1474987000.0,47412,0.0020804427906569293
SKYT,SKYWATER TECHNOLOGY INC,83089J108,1472830000.0,81103,0.0020774003807242
IBKR,INTERACTIVE BROKERS GROUP IN,45841N107,1472699000.0,22900,0.0020772156075664866
TREE,LENDINGTREE INC NEW,52603B107,1463479000.0,27566,0.0020642109624205585
PNQI,INVESCO EXCHANGE TRADED FD T,46137V530,1461972000.0,27100,0.002062085365865796
MBC,MASTERBRAND INC,57638P104,1461133000.0,132349,0.002060901971367159
ENGN,ENGENE HOLDINGS INC,29286M105,1458453000.0,161512,0.002057121879285696
OGI,ORGANIGRAM GLOBAL INC,68617J100,1457936000.0,867819,0.0020563926600296826
AMBP,ARDAGH METAL PACKAGING S A,L02235106,1456230000.0,355178,0.00205398637753305
NWPX,NWPX INFRASTRUCTURE INC,667746101,1456017000.0,23300,0.002053685944841501
FUNC,FIRST UTD CORP,33741H107,1451586000.0,38771,0.0020474360985680076
LEGH,LEGACY HOUSING CORP,52472M101,1446900000.0,74124,0.0020408265793539276
KOD,KODIAK SCIENCES INC,50015M109,1444721000.0,51671,0.002037753138814559
PINS,PINTEREST INC,72352L106,1444662000.0,55800,0.002037669920369482
HMC,HONDA MOTOR LTD,438128308,1443400000.0,48962,0.002035889891934107
DFDV,DEFI DEVELOPMENT CORP,47100L301,1443290000.0,285800,0.0020357347389009122
MRK,MERCK & CO INC,58933Y105,1442062000.0,13700,0.002034002666857615
PKG,PACKAGING CORP AMER,695156109,1439692000.0,6981,0.0020306598242333367
BWAY,BRAINSWAY LTD,10501L106,1439643000.0,75691,0.002030590710609459
CNTA,CENTESSA PHARMACEUTICALS PLC,152309100,1436674000.0,57444,0.002026402989195331
HUMA,HUMACYTE INC,44486Q103,1432554000.0,1491467,0.002020591802861142
TTGT,TECHTARGET INC,87874R308,1423435000.0,263599,0.0020077296164093287
VCEL,VERICEL CORP,92346J108,1422323000.0,39498,0.0020061611602919457
ROKU,ROKU INC,77543R102,1421219000.0,13100,0.0020046039880315222
NTSK,NETSKOPE INC,64119N608,1412356000.0,80522,0.001992102885002416
ACRV,ACRIVON THERAPEUTICS INC,004890109,1410016000.0,585069,0.0019888023568417354
CATY,CATHAY GEN BANCORP,149150104,1407084000.0,29078,0.001984666823266046
QQMG,INVESCO EXCH TRADED FD TR II,46138G540,1406943000.0,33200,0.001984467945287133
TMQ,TRILOGY METALS INC NEW,89621C105,1401142000.0,325091,0.00197628573850931
ASYS,AMTECH SYS INC,032332504,1398534000.0,111437,0.0019726072011404835
PLYM,PLYMOUTH INDL REIT INC,729640102,1397563000.0,63874,0.0019712376230020135
DE,DEERE & CO,244199105,1396710000.0,3000,0.0019700344817536967
N/A,TRANSLATIONAL DEV ACQUISITIO,G9008W105,1394580000.0,133325,0.001967030154838206
MLCO,MELCO RESORTS AND ENTMNT LTD,585464100,1391290000.0,183790,0.0019623896686635743
GTN,GRAY MEDIA INC,389375106,1388664000.0,286914,0.001958685742616589
BROS,DUTCH BROS INC,26701L100,1385531000.0,22632,0.001954266702134789
COHR,COHERENT CORP,19247G107,1384275000.0,7500,0.0019524951365921337
GME,GAMESTOP CORP NEW,36467W109,1383512000.0,68900,0.0019514189387346127
NOVT,NOVANTA INC,67000B104,1382426000.0,11618,0.0019498871551523482
ORGO,ORGANOGENESIS HLDGS INC,68621F102,1381299000.0,266660,0.0019482975418031658
DAKT,DAKTRONICS INC,234264109,1377969000.0,69700,0.0019436006363437364
RGEN,REPLIGEN CORP,759916109,1376424000.0,8400,0.0019414214414684157
AVNT,AVIENT CORPORATION,05368V106,1371155000.0,43891,0.0019339896111784053
BOC,BOSTON OMAHA CORP,101044105,1367033000.0,110512,0.0019281756038799763
RWK,INVESCO EXCH TRADED FD TR II,46138G672,1365768000.0,10800,0.001926391343998241
RBB,RBB BANCORP,74930B105,1365625000.0,66164,0.0019261896450550884
IMRX,IMMUNEERING CORP,45254E107,1363080000.0,207155,0.0019225999680598186
BK,BANK NEW YORK MELLON CORP,064058100,1362200000.0,11734,0.0019213587437942638
MLR,MILLER INDS INC TENN,600551204,1360081000.0,36395,0.001918369932182092
DV,DOLLY VARDEN SILVER CORP,256827783,1357442000.0,307810,0.0019146476698675473
HITI,HIGH TIDE INC,42981E401,1356278000.0,511803,0.0019130058686799268
TER,TERADYNE INC,880770102,1354920000.0,7000,0.0019110904339610364
ETW,EATON VANCE TAX-MANAGED GLOB,27829C105,1353671000.0,146819,0.0019093287417932202
TEO,TELECOM ARGENTINA SA,879273209,1352507000.0,116495,0.0019076869406056
SSSS,SURO CAPITAL CORP,86887Q109,1351836000.0,143203,0.0019067405071031144
CBL,CBL & ASSOC PPTYS INC,124830878,1348280000.0,36440,0.001901724832684576
AOMR,ANGEL OAK MORTGAGE REIT INC,03464Y108,1343151000.0,155999,0.0018944904698913589
TWLO,TWILIO INC,90138F102,1337056000.0,9400,0.0018858935813702707
TIGO,MILLICOM INTL CELLULAR S A,L6388F110,1332888000.0,24042,0.0018800146918943241
CRMT,AMERICAS CAR-MART INC,03062T105,1332137000.0,52737,0.0018789554198222428
N/A,QIAGEN NV,N72482206,1331202000.0,29602,0.0018776366190400907
VOO,VANGUARD INDEX FDS,922908363,1329516000.0,2120,0.0018752585461858568
ICHR,ICHOR HOLDINGS,G4740B105,1328527000.0,72085,0.0018738635793692274
MDT,MEDTRONIC PLC,G5960L103,1325628000.0,13800,0.0018697745917034961
MPB,MID PENN BANCORP INC,59540G107,1324957000.0,42713,0.0018688281582010103
RBCAA,REPUBLIC BANCORP INC KY,760281204,1320262000.0,19137,0.0018622059446478506
SNPS,SYNOPSYS INC,871607107,1315216000.0,2800,0.0018550886518705887
CLX,CLOROX CO DEL,189054109,1310790000.0,13000,0.0018488458580076955
NBXG,NEUBERGER NEXT GENERATION,64133Q108,1310647000.0,90765,0.0018486441590645428
FI,FISERV INC,337738108,1309815000.0,19500,0.0018474706379407453
ES,EVERSOURCE ENERGY,30040W108,1299469000.0,19300,0.001832877789927755
HRTX,HERON THERAPEUTICS INC,427746102,1299362000.0,999509,0.0018327268683409207
FWRG,FIRST WATCH RESTAURANT GROUP,33748L101,1298237000.0,86090,0.0018311400759559783
ETON,ETON PHARMACEUTICALS INC,29772L108,1295340000.0,76602,0.0018270539092544865
EHAB,ENHABIT INC,29332G102,1292792000.0,140216,0.0018234600008128568
DOCS,DOXIMITY INC,26622P107,1286334000.0,29050,0.0018143511072822274
WOLF,WOLFSPEED INC,97785W106,1285833000.0,73856,0.0018136444557401332
SHIP,SEANERGY MARITIME HLDGS CORP,Y73760400,1283995000.0,139111,0.0018110519896036674
SOLV,SOLVENTUM CORP,83444M101,1283688000.0,16200,0.0018106189715928428
STEM,STEM INC,85859N300,1280740000.0,85099,0.001806460870303234
PRAA,PRA GROUP INC,69354N106,1280190000.0,72368,0.0018056851051372622
TNGX,TANGO THERAPEUTICS INC,87583X109,1279668000.0,144432,0.0018049488334706486
CHGG,CHEGG INC,163092109,1278159000.0,1374364,0.0018028204159516459
EVGO,EVGO INC,30052F100,1274082000.0,437829,0.0017970698803486149
SAVA,CASSAVA SCIENCES INC,14817C107,1271954000.0,642401,0.0017940683743973638
JLL,JONES LANG LASALLE INC,48020Q107,1271520000.0,3779,0.001793456225157306
PANW,PALO ALTO NETWORKS INC,697435105,1270796000.0,6899,0.001792435036102463
EGBN,EAGLE BANCORP INC MD,268948106,1270506000.0,59314,0.0017920259962876778
RDCM,RADCOM LTD,M81865111,1269113000.0,97027,0.001790061194694589
EOS,EATON VANCE ENHANCED EQUITY,278277108,1264795000.0,54028,0.0017839707329006503
FMBH,FIRST MID ILL BANCSHARES INC,320866106,1262703000.0,32377,0.0017810200043057172
EWTX,EDGEWISE THERAPEUTICS INC,28036F105,1261793000.0,50848,0.001779736465576564
RMR,RMR GROUP INC,74967R106,1260212000.0,84578,0.0017775064933449247
EVTL,VERTICAL AEROSPACE LTD,G9471C206,1254853000.0,235432,0.0017699477196641191
WSBF,WATERSTONE FINL INC MD,94188P101,1252934000.0,75706,0.0017672410044759373
MLI,MUELLER INDS INC,624756102,1250172000.0,10890,0.0017633452528606386
WFC,WELLS FARGO CO NEW,949746101,1248880000.0,13400,0.0017615229099616648
HGTY,HAGERTY INC,405166109,1245740000.0,92689,0.0017570939961050259
DWD,MORGAN STANLEY,617446448,1242710000.0,7000,0.0017528202352815807
KLC,KINDERCARE LEARNING COMPANIE,49456W105,1241460000.0,287375,0.0017510571326316447
TATT,TAT TECHNOLOGIES LTD,M8740S227,1238288000.0,27727,0.0017465830833471672
METV,LISTED FDS TR,53656F417,1237602000.0,65900,0.0017456154926128824
PFE,PFIZER INC,717081103,1237530000.0,49700,0.0017455139379002462
PLMR,PALOMAR HLDGS INC,69753M105,1236288000.0,9174,0.0017437621191072694
DHR,DANAHER CORPORATION,235851102,1236168000.0,5400,0.0017435928612528756
LAW,CS DISCO INC,126327105,1231209000.0,158661,0.0017365982804200498
CWST,CASELLA WASTE SYS INC,147448104,1231204000.0,12571,0.0017365912280094499
FN,FABRINET,G3323L100,1229256000.0,2700,0.0017338436088397895
CRS,CARPENTER TECHNOLOGY CORP,144285103,1227876000.0,3900,0.0017318971435142602
CRCT,CRICUT INC,22658D100,1227734000.0,248027,0.0017316968550532275
N/A,LAUNCH ONE ACQUISITION CORP,G5S86M100,1227593000.0,115920,0.0017314979770743147
BYND,BEYOND MEAT INC,08862E109,1227333000.0,1496748,0.0017311312517231281
PSX,PHILLIPS 66,718546104,1225880000.0,9500,0.0017290818212028422
CBT,CABOT CORP,127055101,1225716000.0,18493,0.0017288505021351708
EME,EMCOR GROUP INC,29084Q100,1223580000.0,2000,0.00172583771232696
PS1,TRUBRIDGE INC,205306103,1219213000.0,55243,0.0017196781369091438
ACET,ADICET BIO INC,007002207,1219182000.0,144796,0.0017196344119634252
NG,NOVAGOLD RES INC,66987E206,1215067000.0,130372,0.001713830278039836
EXE,EXPAND ENERGY CORPORATION,165167735,1213960000.0,11000,0.0017122688743330527
ULTA,ULTA BEAUTY INC,90384S303,1210020000.0,2000,0.0017067115747804544
FRBA,FIRST BK WILLIAMSTOWN NEW JE,31931U102,1206831000.0,73319,0.0017022135472999375
URE,UR-ENERGY INC,91688R108,1198817000.0,862458,0.001690909943590668
VINP,VINCI COMPASS INVESTMENTS LT,G9451V109,1194751000.0,91622,0.001685174923290956
FAST,FASTENAL CO,311900104,1191861000.0,29700,0.0016810986299643038
RMAX,RE MAX HLDGS INC,75524W108,1191554000.0,156990,0.0016806656119534797
NWG,NATWEST GROUP PLC,639057207,1187778000.0,67873,0.001675339631468553
ESQ,ESQUIRE FINL HLDGS INC,29667J101,1187482000.0,11634,0.001674922128761048
EQT,EQT CORP,26884L109,1184560000.0,22100,0.0016708007000065576
IX,ORIX CORP,686330101,1182767000.0,40478,0.0016682717055654895
BDC,BELDEN INC,077454106,1179486000.0,10120,0.0016636439137299374
AVD,AMERICAN VANGUARD CORP,030371108,1179234000.0,308700,0.0016632884722357106
BBY,BEST BUY INC,086516101,1177968000.0,17600,0.0016615028018718554
ETJ,EATON VANCE RISK-MANAGED DIV,27829G106,1177779000.0,133535,0.0016612362207511847
N/A,SOCIAL COMM PARTNERS CORP,G8254P129,1177040000.0,117704,0.0016601938744645426
N/A,PELICAN ACQUISITION CORP,G6993G103,1174068000.0,115666,0.001656001921604055
JCI,JOHNSON CTLS INTL PLC,G51502105,1173550000.0,9800,0.0016552712918659212
FOXF,FOX FACTORY HLDG CORP,35138V102,1172035000.0,68500,0.0016531344114541987
SERV,SERVE ROBOTICS INC,81758H106,1169276000.0,112647,0.0016492428912852602
EDU,NEW ORIENTAL ED & TECHNOLOGY,647581206,1166636000.0,21200,0.0016455192184885953
CMCO,COLUMBUS MCKINNON CORP N Y,199333105,1165393000.0,67559,0.001643765989213499
PLRX,PLIANT THERAPEUTICS INC,729139105,1163017000.0,953293,0.0016404146836965007
WHR,WHIRLPOOL CORP,963320106,1161454000.0,16100,0.0016382101001430204
PKX,POSCO HOLDINGS INC,693483109,1159552000.0,21792,0.001635527363150878
TMO,THERMO FISHER SCIENTIFIC INC,883556102,1158900000.0,2000,0.0016346077288086713
FMS,FRESENIUS MEDICAL CARE AG,358029106,1158772000.0,48647,0.0016344271870973178
EAF,GRAFTECH INTL LTD,384313607,1153742000.0,74387,0.0016273324620339755
FMAG,FIDELITY COVINGTON TRUST,316092329,1150181000.0,33700,0.0016223097352048377
REI,RING ENERGY INC,76680V108,1148820000.0,1320483,0.0016203900690395874
MPTI,M-TRON INDS INC,55380K109,1146678000.0,21546,0.0016173688163386572
KEYS,KEYSIGHT TECHNOLOGIES INC,49338L103,1142537000.0,5623,0.0016115280098799492
GORO,GOLD RESOURCE CORP,38068T105,1142531000.0,1379868,0.0016115195469872294
3TY,TITAN MACHY INC,88830R101,1141160000.0,75875,0.0016095857760007794
CVLG,COVENANT LOGISTICS GROUP INC,22284P105,1141055000.0,51772,0.001609437675378185
N/A,UY SCUTI ACQUISITION CORP.,G93Y0A104,1139472000.0,111168,0.001607204882182306
RGTI,RIGETTI COMPUTING INC,76655K103,1139019000.0,51423,0.0016065659337819692
AXON,AXON ENTERPRISE INC,05464C101,1135860000.0,2000,0.0016021102207650511
OBT,ORANGE CNTY BANCORP INC,68417L107,1135376000.0,39768,0.0016014275474189957
SE,SEA LTD,81141R100,1135373000.0,8900,0.001601423315972636
SSP,SCRIPPS E W CO OHIO,811054402,1133120000.0,283990,0.001598245499756391
IREN,IREN LIMITED,Q4982L109,1133100000.0,30000,0.0015982172901139922
MPAA,MOTORCAR PTS AMER INC,620071100,1130813000.0,91638,0.0015949915175056692
THRM,GENTHERM INC,37253A103,1130452000.0,31082,0.0015944823334603675
ARDT,ARDENT HEALTH INC,03980N107,1128704000.0,127826,0.0015920168107146971
LRMR,LARIMAR THERAPEUTICS INC,517125100,1124647000.0,295183,0.0015862944847540648
NFG,NATIONAL FUEL GAS CO,636180101,1124203000.0,14042,0.0015856682306928075
JJSF,J & J SNACK FOODS CORP,466032109,1115979000.0,12349,0.0015740684257383487
RLX,RLX TECHNOLOGY INC,74969N103,1115604000.0,478800,0.0015735394949433679
NSSC,NAPCO SEC TECHNOLOGIES INC,630402105,1109220000.0,26600,0.0015645349770896145
FIHL,FIDELIS INSURANCE HOLDINGS L,G3398L118,1106410000.0,56536,0.0015605715223325587
CRVS,CORVUS PHARMACEUTICALS INC,221015100,1105705000.0,143598,0.0015595771324379945
FF,FUTUREFUEL CORP,36116M106,1103695000.0,345986,0.0015567420633768975
VNO,VORNADO RLTY TR,929042109,1098939000.0,33021,0.001550033810414421
ASG,LIBERTY ALL-STAR GROWTH FD I,529900102,1096915000.0,206965,0.0015471789946036444
WTBA,WEST BANCORPORATION INC,95123P106,1096763000.0,49426,0.0015469646013214124
KPTI,KARYOPHARM THERAPEUTICS INC,48576U205,1095116000.0,148793,0.0015446415372698569
FRGE,FORGE GLOBAL HOLDINGS INC,34629L202,1090472000.0,24472,0.0015380912583048147
ZEUS,OLYMPIC STEEL INC,68162K106,1088408000.0,25439,0.0015351800232092402
ACHR,ARCHER AVIATION INC,03945R102,1083632000.0,144100,0.0015284435606043646
BSVO,EA SERIES TRUST,02072L532,1083450000.0,46500,0.001528186852858534
XPND,FIRST TR EXCHNG TRADED FD VI,33740U851,1083150000.0,30000,0.001527763708222549
JBGS,JBG SMITH PPTYS,46590V100,1081717000.0,63593,0.0015257424873446625
TGEN,TECOGEN INC NEW,87876P201,1080022000.0,218628,0.0015233517201513494
N/A,CALISA ACQUISITION CORP,G1771C101,1079878000.0,108749,0.0015231486107260767
N/A,MILUNA ACQUISITION CORP,G6180J100,1077594000.0,108749,0.0015199270695641137
OKLO,OKLO INC,02156V109,1076400000.0,15000,0.001518242953912895
NAGE,NIAGEN BIOSCIENCE INC,171077407,1075673000.0,169131,0.001517217533411692
MRAM,EVERSPIN TECHNOLOGIES INC,30041T104,1072731000.0,115596,0.0015130678950148026
ASO,ACADEMY SPORTS & OUTDOORS IN,00402L107,1072242000.0,21462,0.0015123781692581476
FBIZ,FIRST BUSINESS FINL SVCS INC,319390100,1069221000.0,19691,0.0015081171027737823
PINK,SIMPLIFY EXCHANGE TRADED FUN,82889N772,1065060000.0,29100,0.0015022480866726754
PGNY,PROGYNY INC,74340E103,1064616000.0,41457,0.001501621832611418
FC,FRANKLIN COVEY CO,353469109,1064204000.0,63421,0.0015010407139779993
STGW,STAGWELL INC,85256A109,1064103000.0,217608,0.0015008982552838844
CAKE,CHEESECAKE FACTORY INC,163072101,1062755000.0,21053,0.0014989969253861935
EXPI,EXP WORLD HLDGS INC,30212W100,1062018000.0,117350,0.0014979574000637912
RUN,SUNRUN INC,86771W105,1061680000.0,57700,0.0014974806571072484
RFV,INVESCO EXCHANGE TRADED FD T,46137V191,1060732000.0,8300,0.001496143520057537
ROG,ROGERS CORP,775133101,1058274000.0,11557,0.0014926765550067028
FBLA,FB BANCORP INC,31425A109,1056283000.0,82201,0.0014898682851058847
RAPT,RAPT THERAPEUTICS INC,75382E208,1054305000.0,31128,0.0014870783514726261
CSM,PROSHARES TR,74347R248,1051776000.0,13200,0.0014835112421912756
TBI,TRUEBLUE INC,89785X101,1051519000.0,231103,0.0014831487482864485
FAST,FASTENAL CO,311900104,1051406000.0,26200,0.0014829893638068944
NPCE,NEUROPACE INC,641288105,1051340000.0,68092,0.0014828962719869777
TRVI,TREVI THERAPEUTICS INC,89532M101,1048613000.0,83755,0.0014790498872458773
PROK,PROKIDNEY CORP,74291D104,1042740000.0,465509,0.001470766125755418
MESO,MESOBLAST LTD,590717401,1038400000.0,57561,0.0014646446333548401
APAM,ARTISAN PARTNERS ASSET MGMT,04316A108,1038340000.0,25487,0.0014645600044276433
INBK,FIRST INTERNET BANCORP,320557101,1038241000.0,49748,0.0014644203666977684
CALX,CALIX INC,13100M509,1035575000.0,19565,0.0014606600213659848
OFLX,OMEGA FLEX INC,682095104,1032932000.0,35086,0.0014569321171229602
LASR,NLIGHT INC,65487K100,1029537000.0,27447,0.001452143530325734
IBKR,INTERACTIVE BROKERS GROUP IN,45841N107,1028960000.0,16000,0.0014513296821425236
ULTA,ULTA BEAUTY INC,90384S303,1028517000.0,1700,0.0014507048385633862
ISCV,ISHARES TR,464288703,1027500000.0,15000,0.0014492703782473981
HBT,HBT FINL INC.,404111106,1027098000.0,39733,0.0014487033644351788
LRCX,LAM RESEARCH CORP,512807306,1027080000.0,6000,0.0014486779757570197
BKMC,BNY MELLON ETF TRUST,09661T206,1026495000.0,9423,0.0014478528437168498
RTO,RENTOKIL INITIAL PLC,760125104,1026180000.0,34833,0.0014474085418490657
PLXS,PLEXUS CORP,729132100,1025472000.0,6976,0.001446409920508142
LILAK,LIBERTY LATIN AMERICA LTD,G9001E128,1023191000.0,137157,0.0014431926107925388
EHTH,EHEALTH INC,28238P109,1022819000.0,222352,0.0014426679114439179
CCBG,CAPITAL CITY BK GROUP INC,139674105,1020914000.0,23982,0.0014399809430054153
SE,SEA LTD,81141R100,1020560000.0,8000,0.0014394816323349535
S,SENTINELONE INC,81730H109,1019310000.0,67954,0.0014377185296850176
EQBK,EQUITY BANCSHARES INC,29460X109,1019226000.0,22827,0.0014376000491869419
CLDT,CHATHAM LODGING TR,16208T102,1018980000.0,149630,0.0014372530705854345
PNRG,PRIMEENERGY RESOURCES CORP,74158E104,1017279000.0,5949,0.0014348538404994015
HBCP,HOME BANCORP INC,43689E107,1014563000.0,17553,0.0014310229710616205
CUCA,AVIS BUDGET GROUP,053774105,1013728000.0,7900,0.0014298452184914633
APO,APOLLO GLOBAL MGMT INC,03769M106,1013320000.0,7000,0.0014292697417865243
RICK,RCI HOSPITALITY HLDGS INC,74934Q108,1010935000.0,42405,0.0014259057419304462
WHR,WHIRLPOOL CORP,963320106,1009960000.0,14000,0.001424530521863496
CLX,CLOROX CO DEL,189054109,1008300000.0,10000,0.0014221891215443812
DHI,D R HORTON INC,23331A109,1008210000.0,7000,0.0014220621781535858
BG,BUNGE GLOBAL SA,H11356104,1006604000.0,11300,0.001419796943868948
SWX,SOUTHWEST GAS HLDGS INC,844895102,1006091000.0,12573,0.0014190733665414143
FSBW,FS BANCORP INC,30263Y104,1005989000.0,24435,0.0014189294973651794
BKTI,BK TECHNOLOGIES CORPORATION,05587G203,1005399000.0,13479,0.0014180973129144096
DOW,DOW INC,260557103,1005340000.0,43000,0.0014180140944693327
OKLO,OKLO INC,02156V109,1004640000.0,14000,0.0014170267569853685
VPG,VISHAY PRECISION GROUP INC,92835K103,1002925000.0,26050,0.0014146077801496563
FXG,FIRST TR EXCHANGE TRADED FD,33734X119,1001281000.0,16501,0.0014122889475444605
CWT,CALIFORNIA WTR SVC GROUP,130788102,999883000.0,23076,0.001410317093540772
KMDA,KAMADA LTD,M6240T109,993215000.0,140682,0.0014009119987649535
ON,ON SEMICONDUCTOR CORP,682189105,990945000.0,18300,0.0013977102043526697
BBUC,BROOKFIELD BUSINESS CORP,11259V106,987202000.0,27514,0.0013924307697777013
GEOS,GEOSPACE TECHNOLOGIES CORP,37364X109,985650000.0,58288,0.0013902417015275407
ZIM,ZIM INTEGRATED SHIPPING SERV,M9T951109,985454000.0,46418,0.0013899652470320308
FORR,FORRESTER RESH INC,346563109,984176000.0,121204,0.001388162650882736
VRCA,VERRICA PHARMACEUTICALS INC,92511W207,982392000.0,118218,0.0013856463507807475
SHBI,SHORE BANCSHARES INC,825107105,980374000.0,55451,0.0013827999978626908
OXSQ,OXFORD SQUARE CAP CORP,69181V107,979560000.0,556568,0.0013816518654170525
ADM,ARCHER DANIELS MIDLAND CO,039483102,977330000.0,17000,0.0013785064902895666
ROKU,ROKU INC,77543R102,976410000.0,9000,0.0013772088467392137
OVID,OVID THERAPEUTICS INC,690469101,976156000.0,598869,0.0013768505842807466
NTR,NUTRIEN LTD,67077M108,975176000.0,15800,0.001375468311803197
MGA,MAGNA INTL INC,559222401,974697000.0,18287,0.0013747926908677414
LC,LENDINGCLUB CORP,52603A208,973971000.0,51424,0.0013737686808486585
CORT,CORCEPT THERAPEUTICS INC,218352102,972973000.0,27959,0.0013723610196929496
HLF,HERBALIFE LTD,G4412G101,970617000.0,75300,0.0013690379238183502
SPRU,SPRUCE POWER HOLDING CORP,9837FR209,967874000.0,190152,0.0013651689713633306
PFIS,PEOPLES FINL SVCS CORP,711040105,967088000.0,19854,0.001364060332417051
OMDA,OMADA HEALTH INC,68170A108,966004000.0,61217,0.0013625313697990266
PBYI,PUMA BIOTECHNOLOGY INC,74587V107,965988000.0,162351,0.0013625088020851072
DEI,DOUGLAS EMMETT INC,25960P109,965054000.0,87812,0.001361191411785075
MMM,3M CO,88579Y101,960600000.0,6000,0.001354909124422823
MLAB,MESA LABS INC,59064R109,960448000.0,12235,0.0013546947311405908
AMWD,AMERICAN WOODMARK CORPORATIO,030506109,960229000.0,17815,0.001354385835556322
PHAT,PHATHOM PHARMACEUTICALS INC,71722W107,958620000.0,57783,0.0013521163698253247
HUYA,HUYA INC,44852D108,956160000.0,332000,0.0013486465838102504
SPHD,INVESCO EXCH TRADED FD TR II,46138E362,955200000.0,19900,0.0013472925209750996
HIG,HARTFORD INSURANCE GROUP INC,416515104,952474000.0,6912,0.0013434475467161192
ESP,ESPEY MFG & ELECTRS CORP,296650104,951508000.0,20189,0.0013420850209882487
HYMC,HYCROFT MINING HOLDING CORP,44862P208,951085000.0,40012,0.0013414883870515103
SPHR,SPHERE ENTERTAINMENT CO,55826T102,950800000.0,10000,0.0013410863996473248
GRND,GRINDR INC,39854F101,949790000.0,70147,0.0013396618127061765
TRL,DAVITA INC,23918K108,949098000.0,8354,0.001338685759079172
TWFG,TWFG INC,87318A101,946936000.0,32914,0.0013356362967358428
DOW,DOW INC,260557103,946890000.0,40500,0.001335571414558325
LYB,LYONDELLBASELL INDUSTRIES N,N53745100,943940000.0,21800,0.001331410492304476
FRI,FIRST TR EXCHANGE-TRADED FD,33734G108,942195000.0,34500,0.0013289492010051655
O,REALTY INCOME CORP,756109104,941379000.0,16700,0.0013277982475952872
MYE,MYERS INDS INC,628464109,940100000.0,50219,0.0013259942409638726
CWCO,CONSOLIDATED WATER CO INC,G23773107,937867000.0,26576,0.001322844634390027
CSB,VICTORY PORTFOLIOS II,92647N873,937790000.0,16000,0.001322736027266791
BCYC,BICYCLE THERAPEUTICS PLC,088786108,934787000.0,132032,0.0013185003494605846
NVGS,NAVIGATOR HLDGS LTD,Y62132108,933583000.0,53902,0.0013168021289881662
TOI,THE ONCOLOGY INSTITUTE INC,68236X100,932898000.0,262050,0.0013158359487360012
DE,DEERE & CO,244199105,931140000.0,2000,0.0013133563211691311
ARKO,ARKO CORP,041242108,930178000.0,204885,0.0013119994373697406
NEM,NEWMONT CORP,651639106,928605000.0,9300,0.001309780748995061
HDSN,HUDSON TECHNOLOGIES INC,444144109,927490000.0,135400,0.001308208061431318
XCY,OPKO HEALTH INC,68375N103,925781000.0,734747,0.0013057975474883255
DOUG,DOUGLAS ELLIMAN INC,25961D105,924063000.0,389900,0.0013033743392062537
KDP,KEURIG DR PEPPER INC,49271V100,923378000.0,32966,0.0013024081589540887
COHR,COHERENT CORP,19247G107,922850000.0,5000,0.0013016634243947557
RENT,RENT THE RUNWAY INC,76010Y202,922306000.0,116600,0.0013008961221215034
LRGE,LEGG MASON ETF INVT,524682200,922176000.0,11200,0.0013007127594459101
OPAD,OFFERPAD SOLUTIONS INC,67623L307,922033000.0,762011,0.0013005110605027574
WTW,WILLIS TOWERS WATSON PLC LTD,G96629103,920080000.0,2800,0.0012977563889224975
AAL,AMERICAN AIRLS GROUP INC,02376R102,919800000.0,60000,0.001297361453928912
PTH,INVESCO EXCHANGE TRADED FD T,46137V852,919469000.0,18500,0.0012968945843472087
OCGN,OCUGEN INC,67577C105,916038000.0,678547,0.0012920552201936644
BZH,BEAZER HOMES USA INC,07556Q881,915981000.0,45189,0.0012919748227128273
POOL,POOL CORP,73278L105,915000000.0,4000,0.0012905911397531576
SYBT,STOCK YDS BANCORP INC,861025104,911768000.0,14038,0.001286032461541483
ISSC,INNOVATIVE SOLUTIONS & SUPPO,45769N105,911734000.0,48138,0.0012859845051494047
TIPT,TIPTREE INC,88822Q103,911143000.0,49871,0.001285150910216515
KTOS,KRATOS DEFENSE & SEC SOLUTIO,50077B207,910920000.0,12000,0.0012848363727037664
FCBC,FIRST CMNTY BANKSHARES INC V,31983A103,910035000.0,26980,0.0012835880960276119
N/A,BLUEPORT ACQUISITION LTD,G1196A128,909875000.0,90625,0.00128336241888842
ZETA,ZETA GLOBAL HOLDINGS CORP,98956A105,909645000.0,44700,0.0012830380080008316
HWKN,HAWKINS INC,420261109,909184000.0,6400,0.0012823877757435354
ST,SENSATA TECHNOLOGIES HLDG PL,G8060N102,908817000.0,27300,0.001281870128805514
MPWR,MONOLITHIC PWR SYS INC,609839105,906360000.0,1000,0.0012784045742368
MPWR,MONOLITHIC PWR SYS INC,609839105,906360000.0,1000,0.0012784045742368
ZETA,ZETA GLOBAL HOLDINGS CORP,98956A105,905575000.0,44500,0.00127729734577264
MUSA,MURPHY USA INC,626755102,904288000.0,2241,0.001275482055284266
N/A,STONEBRIDGE ACQUISITION II C,G85096108,901719000.0,90625,0.0012718585267181173
TNYA,TENAYA THERAPEUTICS INC,87990A106,900812000.0,1266075,0.0012705792194353238
ROST,ROSS STORES INC,778296103,900700000.0,5000,0.0012704212454378895
OPBK,OP BANCORP,67109R109,899613000.0,63712,0.0012688880513735052
N/A,WESTIN ACQUISITION CORP,G9584S106,896281000.0,90625,0.001264188324949836
SNBR,SLEEP NUMBER CORP,83125X103,895229000.0,105819,0.0012627044977596498
KBE,SPDR SERIES TRUST,78464A797,892143000.0,14700,0.0012583517499374875
ALB,ALBEMARLE CORP,012653101,891072000.0,6300,0.0012568411235870226
RIET,ETF SER SOLUTIONS,26922B840,887170000.0,95484,0.0012513374223549823
GTE,GRAN TIERRA ENERGY INC,38500T200,886855000.0,209164,0.0012508931204871984
CUCA,AVIS BUDGET GROUP,053774105,885408000.0,6900,0.0012488521528596325
MATW,MATTHEWS INTL CORP,577128101,883509000.0,33825,0.0012461736473138498
PMVP,PMV PHARMACEUTICALS INC,69353Y103,882576000.0,706061,0.0012448576674959375
FXD,FIRST TR EXCHANGE TRADED FD,33734X101,881973000.0,12900,0.0012440071467776084
IBIO,IBIO INC,451033708,880723000.0,456333,0.0012422440441276722
JPUS,J P MORGAN EXCHANGE TRADED F,46641Q407,880013000.0,7100,0.0012412426018225088
DSP,VIANT TECHNOLOGY INC,92557A101,879101000.0,73015,0.0012399562421291153
BBP,ETFIS SER TR I,26923G202,879064000.0,11000,0.0012399040542906772
PKOH,PARK-OHIO HLDGS CORP,700666100,877449000.0,41903,0.00123762612566696
VYGR,VOYAGER THERAPEUTICS INC,92915B106,875262000.0,222713,0.001234541401270632
STRW,STRAWBERRY FIELDS REIT INC,863182101,874687000.0,66770,0.0012337303740516613
MSTR,STRATEGY INC,594972408,873712000.0,5750,0.0012323551539847111
GPRK,GEOPARK LTD,G38327105,872987000.0,117812,0.0012313325544477485
ECG,EVERUS CONSTR GROUP,300426103,872712000.0,10200,0.0012309446718647625
CVAC,CUREVAC N V,N2451R105,872514000.0,193034,0.0012306653964050125
N/A,QUARTZSEA ACQUISITION CORP,G7314B104,872312000.0,85270,0.001230380479016783
BFS,SAUL CTRS INC,804395101,872246000.0,27664,0.0012302873871968664
ONL,ORION PROPERTIES INC,68629Y103,872170000.0,385916,0.0012301801905557502
ARKF,ARK ETF TR,00214Q708,871629000.0,18300,0.001229417119728858
MDV,MODIV INDUSTRIAL INC,60784B101,869717000.0,60439,0.0012267202779155158
SPRO,SPERO THERAPEUTICS INC,84833T103,868088000.0,372570,0.0012244226025421192
MEIP,LITE STRATEGY INC,55279B301,868052000.0,657615,0.001224371825185801
LUV,SOUTHWEST AIRLS CO,844741108,867930000.0,21000,0.0012241997463671673
RPTX,REPARE THERAPEUTICS INC,760273102,867604000.0,333694,0.0012237399291960638
ACNB,ACNB CORP,000868109,867544000.0,17943,0.001223655300268867
FBRX,FORTE BIOSCIENCES INC,34962G208,867404000.0,31808,0.0012234578327720742
ORKA,ORUKA THERAPEUTICS INC,687604108,865835000.0,28566,0.0012212447863258744
SLDB,SOLID BIOSCIENCES INC,83422E204,865215000.0,153407,0.0012203702874115062
IJH,ISHARES TR,464287507,864600000.0,13100,0.0012195028409077377
DHI,D R HORTON INC,23331A109,864180000.0,6000,0.0012189104384173592
PFE,PFIZER INC,717081103,864030000.0,34700,0.001218698866099367
DFAS,DIMENSIONAL ETF TRUST,25434V500,863908000.0,12400,0.0012185267872807332
MED,MEDIFAST INC,58470H101,858031000.0,80340,0.001210237383861794
SPHR,SPHERE ENTERTAINMENT CO,55826T102,855720000.0,9000,0.0012069777596825924
IMO,IMPERIAL OIL LTD,453038408,854469000.0,9900,0.0012052132465505364
RLGT,RADIANT LOGISTICS INC,75025X100,853455000.0,134827,0.001203783017680908
PLOW,DOUGLAS DYNAMICS INC,25960R105,852100000.0,26098,0.0012018718144083777
MD,PEDIATRIX MEDICAL GROUP INC,58502B106,848584000.0,39672,0.0011969125592746375
WF,WOORI FINL GROUP INC,981064108,845871000.0,14388,0.0011930859212832166
BYD,BOYD GAMING CORP,103304101,845069000.0,9914,0.0011919547146230175
NPK,NATIONAL PRESTO INDS INC,637215104,843084000.0,7897,0.0011891549076149192
HY,HYSTER-YALE INC,449172105,842576000.0,28360,0.001188438382697985
BSRR,SIERRA BANCORP,82620P102,841412000.0,25747,0.001186796581510365
BKSY,BLACKSKY TECHNOLOGY INC,09263B207,840469000.0,44825,0.001185466496871253
ADEA,ADEIA INC,00676P107,839092000.0,48643,0.0011835242629920834
IGIC,INTL GNRL INSURANCE HLDNGS L,G4809J106,838608000.0,33424,0.0011828415896460284
ISTR,INVESTAR HLDG CORP,46134L105,838073000.0,31365,0.0011820869817118558
KTOS,KRATOS DEFENSE & SEC SOLUTIO,50077B207,835010000.0,11000,0.0011777666749784525
DPZ,DOMINOS PIZZA INC,25754A201,833640000.0,2000,0.0011758343144741227
WEAV,WEAVE COMMUNICATIONS INC,94724R108,833283000.0,109787,0.001175330772357301
PXE,INVESCO EXCHANGE TRADED FD T,46137V761,832910000.0,29800,0.00117480466252656
GD8A,GRAVITY CO LTD,38911N206,831650000.0,14371,0.0011730274550554244
VOYA,VOYA FINANCIAL INC,929089100,829744000.0,11139,0.001170339076134802
POWL,POWELL INDS INC,739128106,828828000.0,2600,0.0011690470745129291
SPOK,SPOK HLDGS INC,84863T106,825523000.0,62587,0.0011643854311064981
MYFW,FIRST WESTN FINL INC,33751L105,824542000.0,30755,0.0011630017481468284
SGHT,SIGHT SCIENCES INC,82657M105,823784000.0,103882,0.0011619326026999072
IBBQ,INVESCO EXCH TRADED FD TR II,46138G599,823490000.0,29000,0.0011615179209566423
N/A,NATIONAL ENERGY SERVICES REU,G6375R107,821195000.0,52439,0.0011582808644913598
EGHT,8X8 INC NEW,282914100,815767000.0,414095,0.0011506247675442777
SPNT,SIRIUSPOINT LTD,G8192H106,807106000.0,36871,0.0011384085819034012
CZWI,CITIZENS CMNTY BANCORP INC M,174903104,806462000.0,45256,0.001137500231418154
ELME,ELME COMMUNITIES,939653101,803045000.0,46152,0.001132680614014289
III,INFORMATION SVCS GROUP INC,45675Y104,802166000.0,138783,0.0011314408002308539
FLRG,FIDELITY COVINGTON TRUST,316092378,800745000.0,21100,0.0011294365051384067
KHC,KRAFT HEINZ CO,500754106,800250000.0,33000,0.001128738316489032
WTTR,SELECT WATER SOLUTIONS INC,81617J301,798426000.0,75896,0.0011261655971022454
MX,MAGNACHIP SEMICONDUCTOR CORP,55933J203,797293000.0,312664,0.0011245675208603435
SLVM,SYLVAMO CORP,871332102,797123000.0,16555,0.0011243277388999521
GNOM,GLOBAL X FDS,37960A214,796620000.0,17525,0.001123618266393618
TALK,TALKSPACE INC,87427V103,795885000.0,219252,0.0011225815620354556
GPMT,GRANITE PT MTG TR INC,38741L107,793356000.0,330565,0.0011190144527541048
GRPM,INVESCO EXCHANGE TRADED FD T,46137V225,792066000.0,6600,0.001117194930819371
NEWP,NEW PAC METALS CORP,64782A107,789803000.0,225015,0.001114003009781927
AEE,AMEREN CORP,023608102,788894000.0,7900,0.0011127208815348935
HASI,HA SUSTAINABLE INFRA CAP INC,41068X100,785750000.0,25000,0.0011082863257497744
OABI,OMNIAB INC,68218J103,782742000.0,423104,0.0011040435955329683
ON,ON SEMICONDUCTOR CORP,682189105,779760000.0,14400,0.0010998375378512809
ILPT,INDUSTRIAL LOGISTICS PPTYS T,456237106,779040000.0,140621,0.0010988219907249177
VNCE,VINCE HLDG CORP,92719W207,778713000.0,190861,0.0010983607630716946
MAX,MEDIAALPHA INC,58450V104,775187000.0,59860,0.0010933874031167552
MO,ALTRIA GROUP INC,02209S103,772644000.0,13400,0.0010898005470857254
AMAT,APPLIED MATLS INC,038222105,770970000.0,3000,0.001087439400016931
NC,NACCO INDS INC,629579103,768261000.0,15666,0.0010836184039539898
HTB,HOMETRUST BANCSHARES INC,437872104,765878000.0,17836,0.0010802572250621517
AGL,AGILON HEALTH INC,00857U107,763349000.0,1108391,0.0010766901157808011
ASTH,ASTRANA HEALTH INC,03763A207,761990000.0,30713,0.0010747732705797908
STEL,STELLAR BANCORP INC,858927106,761990000.0,24628,0.0010747732705797908
JPME,J P MORGAN EXCHANGE TRADED F,46641Q886,760620000.0,7000,0.0010728409100754608
KRMA,GLOBAL X FDS,37954Y731,759866000.0,17500,0.0010717774065570195
BLND,BLEND LABS INC,09352U108,759365000.0,249791,0.001071070755014925
SUI,SUN CMNTYS INC,866674104,755851000.0,6100,0.001066114320845425
TMO,THERMO FISHER SCIENTIFIC INC,883556102,753285000.0,1300,0.0010624950237256364
ALGS,ALIGOS THERAPEUTICS INC,01626L204,751649000.0,80649,0.0010601874749774
WHWK,WHITEHAWK THERAPEUTICS INC,00032Q104,749873000.0,309865,0.001057682458732371
PEO,EXELON CORP,30161N101,749748000.0,17200,0.0010575061484673774
AMR,ALPHA METALLURGICAL RESOUR I,020764106,749550000.0,3750,0.0010572268730076276
TYGO,TIGO ENERGY INC,88675P103,749217000.0,542911,0.0010567571824616846
VTOL,BRISTOW GROUP INC,11040G103,746718000.0,20391,0.0010532323876439327
MODG 2.75 05/01/26,TOPGOLF CALLAWAY BRANDS CORP,131193AE4,745350000.0,750000,0.0010513028481038426
T0V,TIC SOLUTIONS INC,00510N102,743621000.0,73553,0.0010488641245184512
HCSG,HEALTHCARE SVCS GROUP INC,421906108,742908000.0,38855,0.0010478584507669275
PBE,INVESCO EXCHANGE TRADED FD T,46137V787,739350000.0,9000,0.0010428399553841497
SRBK,SR BANCORP INC,85227J106,737576000.0,46860,0.0010403377601033606
GILD,GILEAD SCIENCES INC,375558103,736440000.0,6000,0.0010387354524150987
EFSI,EAGLE FINL SVCS INC,26951R104,735889000.0,18492,0.001037958276767007
LXRX,LEXICON PHARMACEUTICALS INC,528872302,732904000.0,637308,0.0010337479876389598
XHR,XENIA HOTELS & RESORTS INC,984017103,729624000.0,51600,0.0010291216062855277
XPH,SPDR SERIES TRUST,78464A722,728130000.0,13000,0.0010270143459983243
WMB,WILLIAMS COS INC,969457100,727331000.0,12100,0.001025887370784485
SONY,SONY GROUP CORP,835699307,726093000.0,28363,0.0010241411939199885
PSET,PRINCIPAL EXCHANGE TRADED FD,74255Y201,724889000.0,9500,0.00102244297344757
ALXO,ALX ONCOLOGY HLDGS INC,00166B105,723432000.0,640205,0.0010203879009988046
N/A,FERROVIAL SE,N3168P101,720983000.0,11159,0.00101693363028705
PDS,PRECISION DRILLING CORP,74022D407,719663000.0,10012,0.0010150717938887176
JXC1,ZIFF DAVIS INC,48123V102,718044000.0,20428,0.0010127882233365204
TEVA,TEVA PHARMACEUTICAL INDS LTD,881624209,717830000.0,23000,0.0010124863801628514
OSPN,ONESPAN INC,68287N100,716934000.0,55836,0.0010112225881833774
CHRS,COHERUS ONCOLOGY INC,19249H103,715502000.0,503875,0.0010092027777876106
MGX,METAGENOMI INC,59102M104,715049000.0,441388,0.001008563829387274
N/A,ASPEN INSURANCE HOLDINGS LTD,G05384501,713136000.0,19222,0.0010058655770918117
N/A,BULLISH,G16910120,712865000.0,18824,0.0010054833364373057
LMND,LEMONADE INC,52567D107,711800000.0,10000,0.00100398117297956
ASM,AVINO SILVER & GOLD MINES LT,053906103,711554000.0,114582,0.001003634194378053
LXU,LSB INDS INC,502160104,711017000.0,83649,0.0010028767654796402
DWD,MORGAN STANLEY,617446448,710120000.0,4000,0.0010016115630180462
RCKY,ROCKY BRANDS INC,774515100,709111000.0,24177,0.0010001883865590178
NFE,NEW FORTRESS ENERGY INC,644393100,708819000.0,621771,0.0009997765257799929
N/A,CAYSON ACQUISITION CORP,G1993W109,708379000.0,66577,0.0009991559136472152
ABR,ARBOR REALTY TRUST INC,038923108,707712000.0,91200,0.0009982151220732096
LPLA,LPL FINL HLDGS INC,50212V100,705411000.0,1975,0.0009949696027152072
TSEM,TOWER SEMICONDUCTOR LTD,M87915274,704520000.0,6000,0.0009937128631463327
CMP,COMPASS MINERALS INTL INC,20451N101,702601000.0,35774,0.0009910061479581512
RM,REGIONAL MGMT CORP,75902K106,702305000.0,18124,0.0009905886452506462
SWIM,LATHAM GROUP INC,51819L107,701453000.0,110465,0.0009893869144844498
ELV,ELEVANCE HEALTH INC FORMERLY,036752103,701100000.0,2000,0.0009888890142961079
GLW,CORNING INC,219350105,700480000.0,8000,0.0009880145153817396
AMBA,AMBARELLA INC,G037AX101,699049000.0,9868,0.0009859961154680928
TRAK,REPOSITRAK INC,700215304,698608000.0,56476,0.0009853740928531954
AUDC,AUDIOCODES LTD,M15342104,696279000.0,79757,0.0009820890799958348
OUST,OUSTER INC,68989M202,695055000.0,32119,0.0009803626498810173
SMLV,SPDR SERIES TRUST,78468R887,694967000.0,5300,0.0009802385274544619
AAL,AMERICAN AIRLS GROUP INC,02376R102,692916000.0,45200,0.000977345628626447
STZ,CONSTELLATION BRANDS INC,21036P108,689800000.0,5000,0.0009729505663406865
ITRN,ITURAN LOCATION AND CONTROL,M6158M104,688418000.0,16006,0.0009710012800509171
TMP,TOMPKINS FINL CORP,890110109,687345000.0,9478,0.0009694878327362121
ONIT,ONITY GROUP INC,675746606,683278000.0,14922,0.0009637514019543804
DDOG,DATADOG INC,23804L103,679950000.0,5000,0.0009590573174591907
RSPR,INVESCO EXCHANGE TRADED FD T,46137V290,679326000.0,20200,0.0009581771766163426
EOLS,EVOLUS INC,30052C107,678925000.0,102094,0.0009576115732862433
UI,UBIQUITI INC,90353W103,677854000.0,1225,0.000956100946935778
DAVA,ENDAVA PLC,29260V105,677529000.0,107204,0.0009556425402467946
HBIO,HARVARD BIOSCIENCE INC,416906105,677104000.0,1012417,0.0009550430853458164
RGP,RESOURCES CONNECTION INC,76122Q105,676922000.0,134310,0.0009547863775999857
JBTM,JBT MAREL CORPORATION,477839104,671235000.0,4455,0.0009467649657838368
BE,BLOOM ENERGY CORP,093712107,669053000.0,7700,0.0009436872937981085
SWK,STANLEY BLACK & DECKER INC,854502101,668520000.0,9000,0.0009429355068281759
MOD,MODINE MFG CO,607828100,667550000.0,5000,0.0009415673391718255
API,AGORA INC,00851L103,663121000.0,162929,0.0009353203138625722
INTU,INTUIT,461202103,662420000.0,1000,0.000934331565896488
INTU,INTUIT,461202103,662420000.0,1000,0.000934331565896488
RNAC,CARTESIAN THERAPEUTICS INC,816212302,658114000.0,91278,0.0009282580298879885
TSSI,TSS INC DEL,87288V101,657128000.0,92946,0.0009268672945177191
KMI,KINDER MORGAN INC DEL,49456B101,657011000.0,23900,0.000926702268109685
SPWH,SPORTSMANS WHSE HLDGS INC,84920Y106,655203000.0,448769,0.0009241521164368176
NUE,NUCOR CORP,670346105,652440000.0,4000,0.000920254954339399
TCRX,TSCAN THERAPEUTICS INC,89854M101,651179000.0,651179,0.0009184763363861437
DBVT,DBV TECHNOLOGIES S A,23306J309,650764000.0,33947,0.0009178909863063648
CTRN,CITI TRENDS INC,17306X102,648419000.0,15602,0.0009145834057350849
FLWS,1 800 FLOWERS COM INC,68243Q106,646858000.0,164595,0.0009123816431458448
GBX,GREENBRIER COS INC,393657101,642161000.0,13739,0.0009057566086284452
RXT,RACKSPACE TECHNOLOGY INC,750102105,641742000.0,660976,0.0009051656166201868
EVC,ENTRAVISION COMMUNICATIONS C,29382R107,640527000.0,218610,0.0009034518808444488
FORD,FORWARD INDS INC N Y,349862409,638129000.0,96540,0.0009000695447208117
ZEPP,ZEPP HEALTH CORPORATION,98945L204,637131000.0,23650,0.0008986618835651027
INOD,INNODATA INC,457642205,636875000.0,12500,0.0008983008001423959
BTBT,BIT DIGITAL INC,G1144A105,636781000.0,336921,0.0008981682148231206
OSBC,OLD SECOND BANCORP INC ILL,680277100,635681000.0,32599,0.0008966166844911769
ED,CONSOLIDATED EDISON INC,209115104,635648000.0,6400,0.0008965701385812186
KRRO,KORRO BIO INC,500946108,632662000.0,78984,0.0008923584389710517
DENN,DENNYS CORP,24869P104,630758000.0,101408,0.0008896728810146691
KE,KIMBALL ELECTRONICS INC,49428J109,628899000.0,22606,0.0008870507947536842
RAIL,FREIGHTCAR AMER INC,357023100,628765000.0,56799,0.0008868617901496111
NB,NIOCORP DEVS LTD,654484609,628548000.0,118594,0.0008865557155295821
ETB,EATON VANCE TAX MNGED BUY WR,27828X100,628101000.0,41133,0.0008859252300219651
6RJ0,ROCKET LAB CORP,773121108,627840000.0,9000,0.0008855570941886583
AIRS,AIRSCULPT TECHNOLOGIES INC,009496100,626890000.0,316611,0.0008842171361747071
INFU,INFUSYSTEM HLDGS INC,45685K102,626842000.0,69882,0.0008841494330329495
DKNG,DRAFTKINGS INC NEW,26142V105,626104000.0,18169,0.0008831084972284272
GILD,GILEAD SCIENCES INC,375558103,625974000.0,5100,0.0008829251345528338
ARTV,ARTIVA BIOTHERAPEUTICS INC,04317A107,621467000.0,144864,0.0008765680916382247
WING,WINGSTOP INC,974155103,620074000.0,2600,0.000874603290045136
WINA,WINMARK CORP,974250102,615509000.0,1520,0.0008681644391675698
DLTR,DOLLAR TREE INC,256746108,615050000.0,5000,0.0008675170278745132
FSBC,FIVE STAR BANCORP,33830T103,613126000.0,17136,0.0008648032602757318
ADTN,ADTRAN HOLDINGS INC,00486H105,612932000.0,70533,0.0008645296267444616
XSHD,INVESCO EXCH TRADED FD TR II,46138E131,611165000.0,47710,0.000862037304838512
FLXS,FLEXSTEEL INDS INC,339382103,610752000.0,15466,0.0008614547757229732
NOK,NOKIA CORP,654902204,607287000.0,93862,0.0008565674551773505
JAKK,JAKKS PAC INC,47012E403,606853000.0,35951,0.0008559553059372929
QNCX,QUINCE THERAPEUTICS INC,22053A107,606183000.0,180950,0.0008550102829169272
MUSA,MURPHY USA INC,626755102,605280000.0,1500,0.0008537366175626134
RSKD,RISKIFIED LTD,M8216R109,604849000.0,121700,0.0008531286997689154
ATO,ATMOS ENERGY CORP,049560105,604139000.0,3604,0.0008521272574637516
HUT,HUT 8 CORP,44812J104,603789000.0,13143,0.0008516335887217698
UEC,URANIUM ENERGY CORP,916896103,602688000.0,51600,0.0008500806479077061
XYF,X FINL,98372W202,601703000.0,107447,0.0008486913230195565
NXT,NEXTPOWER INC,65290E101,601059000.0,6900,0.0008477829725343094
MCS,MARCUS CORP DEL,566330106,598469000.0,38586,0.000844129823843642
NET,CLOUDFLARE INC,18915M107,591450000.0,3000,0.0008342296498437214
ESOA,ENERGY SVCS ACQUISITION CORP,29271Q103,589890000.0,72202,0.0008320292977366012
CFFI,C & F FINL CORP,12466Q104,588342000.0,8105,0.0008298458714149204
ZVRA,ZEVRA THERAPEUTICS INC,488445206,588099000.0,65636,0.0008295031242597729
FPH,FIVE POINT HOLDINGS LLC,33833Q106,587995000.0,105187,0.0008293564341192982
VLGEA,VILLAGE SUPER MKT INC,927107409,587769000.0,16606,0.0008290376651601898
EWCZ,EUROPEAN WAX CTR INC,29882P106,586004000.0,162779,0.0008265481642184803
PAHC,PHIBRO ANIMAL HEALTH CORP,71742Q106,585917000.0,15683,0.0008264254522740446
DKNG,DRAFTKINGS INC NEW,26142V105,585820000.0,17000,0.0008262886355084096
BSVN,BANK7 CORP,06652N107,585645000.0,14291,0.0008260418011374186
RKT,ROCKET COS INC,77311W101,582736000.0,30100,0.0008219387086504875
GMRE,GLOBAL MED REIT INC,37954A303,582150000.0,17254,0.0008211121661281975
DTIL,PRECISION BIOSCIENCES INC,74019P207,580449000.0,139531,0.0008187129360421645
CAMP,CAMP4 THERAPEUTICS CORP,13463J101,579475000.0,94531,0.0008173391264573344
NEON,NEONODE INC,64051M709,577104000.0,331669,0.0008139948733509358
CRDO,CREDO TECHNOLOGY GROUP HOLDI,G25457105,575560000.0,4000,0.0008118170889577348
EES,WISDOMTREE TR,97717W562,574993000.0,10100,0.0008110173455957237
BCML,BAYCOM CORP,07272M107,571918000.0,19453,0.0008066801130768812
RZV,INVESCO EXCHANGE TRADED FD T,46137V167,570832000.0,4800,0.0008051483294946168
GM,GENERAL MTRS CO,37045V100,569240000.0,7000,0.0008029028419596583
N/A,RIBBON ACQUISITION CORP,G7552W109,567838000.0,54705,0.0008009253460274902
VOYG,VOYAGER TECHNOLOGIES INC,92892B103,567055000.0,21693,0.0007998209385275702
ALX,ALEXANDERS INC,014752109,566644000.0,2600,0.0007992412303762712
OPRX,OPTIMIZERX CORP,68401U204,566179000.0,46181,0.000798585356190495
ITOT,ISHARES TR,464287150,565022000.0,3800,0.0007969534283777143
MUR,MURPHY OIL CORP,626717102,564469000.0,18063,0.0007961734317653826
LYB,LYONDELLBASELL INDUSTRIES N,N53745100,562900000.0,13000,0.0007939603853191829
INO,INOVIO PHARMACEUTICALS INC,45773H409,561566000.0,322739,0.0007920788021711712
CADL,CANDEL THERAPEUTICS INC,137404109,560480000.0,99200,0.0007905470185889068
EXFY,EXPENSIFY INC,30219Q106,559810000.0,370735,0.0007896019955685411
AGYS,AGILYSYS INC,00847J105,558667000.0,4701,0.0007879898145054396
BIOA,BIOAGE LABS INC,09077V100,557658000.0,42151,0.0007865666380464113
SMA,SMARTSTOP SELF STORAG REIT I,83192D402,554692000.0,17928,0.0007823831480786432
FSCS,FIRST TR EXCHANGE TRADED FD,33738R753,554449000.0,15500,0.0007820404009234956
TZOO,TRAVELZOO,89421Q205,554157000.0,77831,0.0007816285401444705
PSL,INVESCO EXCHANGE TRADED FD T,46137V886,552356000.0,5500,0.0007790882618464428
NVS,NOVARTIS AG,66987V109,551480000.0,4000,0.0007778526795093676
QUIK,QUICKLOGIC CORP,74837P405,550155000.0,91540,0.0007759837907004355
REKR,REKOR SYSTEMS INC,759419104,550043000.0,398582,0.0007758258167030012
GHC,GRAHAM HLDGS CO,384637104,549300000.0,500,0.0007747778284878791
UEC,URANIUM ENERGY CORP,916896103,548960000.0,47000,0.0007742982645670965
ZBIO,ZENAS BIOPHARMA INC,98937L105,548281000.0,15100,0.0007733405472076513
DDOG,DATADOG INC,23804L103,543960000.0,4000,0.0007672458539673525
TWIN,TWIN DISC INC,901476101,543868000.0,32606,0.0007671160896123173
CORZ,CORE SCIENTIFIC INC NEW,21874A106,541632000.0,37200,0.0007639622515921118
N/A,NAVIOS MARITIME PARTNERS L P,Y62267409,541025000.0,10319,0.0007631060889453028
PERI,PERION NETWORK LTD,M78673114,540369000.0,56406,0.0007621808126746164
SIRI,SIRIUSXM HOLDINGS INC,829933100,539865000.0,27000,0.0007614699296861621
STRO,SUTRO BIOPHARMA INC,869367201,537912000.0,46492,0.0007587152581059022
RH,RH,74967X103,537450000.0,3000,0.0007580636153664859
FGEN,FIBROGEN INC,31572Q881,537433000.0,61211,0.0007580396371704467
SHEL,SHELL PLC,780259305,536404000.0,7300,0.0007565882510690194
GLPG,GALAPAGOS NV,36315X101,534972000.0,16360,0.0007545684406732527
AMWL,AMERICAN WELL CORP,03044L204,534895000.0,108940,0.0007544598335500166
NFLX,NETFLIX INC,64110L106,534432000.0,5700,0.0007538067803284803
DNUT,KRISPY KREME INC,50101L106,533132000.0,132620,0.0007519731535725468
PRU,PRUDENTIAL FINL INC,744320102,530536000.0,4700,0.0007483115419891598
KC,KINGSOFT CLOUD HLDGS LTD,49639K101,530101000.0,51267,0.000747697982266982
TDV,PROSHARES TR,74347G606,528134000.0,6100,0.0007449235639370428
VTS,VITESSE ENERGY INC,92852X103,527994000.0,27414,0.0007447260964402499
ALTL,PACER FDS TR,69374H717,527916000.0,12300,0.0007446160788348939
EBC,EASTERN BANKSHARES INC,27627N105,527540000.0,28624,0.0007440857375577932
MRK,MERCK & CO INC,58933Y105,526300000.0,5000,0.0007423367397290567
CHMI,CHERRY HILL MTG INVT CORP,164651101,526284000.0,206386,0.0007423141720151375
NU,NU HLDGS LTD,G6683N103,525636000.0,31400,0.0007414001796014106
BMEA,BIOMEA FUSION INC,09077A106,525102000.0,423469,0.0007406469821493579
GPRO,GOPRO INC,38268T103,524524000.0,372003,0.0007398317234840276
NXT,NEXTPOWER INC,65290E101,522660000.0,6000,0.000737202584812443
ZLAB,ZAI LAB LTD,98887Q104,520786000.0,29523,0.0007345593413196589
SARO,STANDARDAERO INC,85423L103,519108000.0,18100,0.0007321925523223849
EVX,VANECK ETF TRUST,92189F304,516114000.0,13500,0.0007279695688552581
PRTH,PRIORITY TECHNOLOGY HLDGS IN,74275G107,514954000.0,94487,0.0007263334095961175
OKE,ONEOK INC NEW,682680103,514500000.0,7000,0.0007256930507136607
FXNC,FIRST NATL CORP,32106V107,513785000.0,20356,0.0007246845559978973
LRCX,LAM RESEARCH CORP,512807306,513540000.0,3000,0.0007243389878785098
MSM,MSC INDL DIRECT INC,553530106,511160000.0,6078,0.0007209820404330317
EQAL,INVESCO EXCH TRADED FD TR II,46138E420,510608000.0,9700,0.00072020345430282
MTG,MGIC INVT CORP WIS,552848103,510240000.0,17462,0.0007196843968826788
VEL,VELOCITY FINL INC,92262D101,509533000.0,24544,0.000718687186023875
FBIO,FORTRESS BIOTECH INC,34960Q307,509293000.0,139151,0.0007183486703150873
USAU,U S GOLD CORP,90291C201,508736000.0,26210,0.0007175630317742759
BG,BUNGE GLOBAL SA,H11356104,507756000.0,5700,0.000716180759296726
TRDA,ENTRADA THERAPEUTICS INC,29384C108,506825000.0,49302,0.0007148676004430537
KHC,KRAFT HEINZ CO,500754106,504400000.0,20800,0.0007114471813021777
EQ,EQUILLIUM INC,29446K106,503146000.0,324610,0.000709678436723762
SKE,SKEENA RES LTD NEW,83056P715,503076000.0,21200,0.0007095797029753655
CBOE,CBOE GLOBAL MKTS INC,12503M108,502000000.0,2000,0.0007080620242143007
DNA,GINKGO BIOWORKS HOLDINGS INC,37611X209,501592000.0,60360,0.0007074865475093615
BKR,BAKER HUGHES COMPANY,05722G100,500940000.0,11000,0.0007065669131671549
TSCO,TRACTOR SUPPLY CO,892356106,500100000.0,10000,0.0007053821081863979
XSSPX,NUVEEN S&P 500 DYNAMIC OVERW,6706EW100,499997000.0,27716,0.0007052368285280432
DJCO,DAILY JOURNAL CORP,233912104,499990000.0,1026,0.0007052269551532036
CART,MAPLEBEAR INC,565394103,499278000.0,11100,0.0007042226918838
WOP,WOODSIDE ENERGY GROUP LTD,980228308,498038000.0,31946,0.0007024736940550634
MMLG,FIRST TR EXCHNG TRADED FD VI,33740F789,496020000.0,14000,0.0006996273411370067
NE,NOBLE CORP PLC,G65431127,494144000.0,17498,0.0006969812766799828
FDM,FIRST TR EXCHANGE-TRADED FD,33718M105,493619000.0,6200,0.0006962407735670097
NREF,NEXPOINT REAL ESTATE FIN INC,65342V101,490054000.0,34805,0.0006912124048093921
SMRT,SMARTRENT INC,83193G107,489858000.0,242504,0.0006909359503138822
WCC,WESCO INTL INC,95082P105,489280000.0,2000,0.0006901206916485518
N/A,OCULIS HOLDING AG,H5870P102,488147000.0,24444,0.0006885226154066498
MPC,MARATHON PETE CORP,56585A102,487890000.0,3000,0.000688160121501823
NEXT,NEXTDECADE CORP,65342K105,487475000.0,92500,0.0006875747714220442
SILA,SILA REALTY TRUST INC,146280508,487179000.0,20900,0.0006871572687145394
TSQ,TOWNSQUARE MEDIA INC,892231101,484974000.0,94353,0.0006840471556400523
NP,NEPTUNE INS HLDGS INC,64073B103,484318000.0,16609,0.0006831218793693659
HPK,HIGHPEAK ENERGY INC,43114Q105,484300000.0,102173,0.0006830964906912067
LMT,LOCKHEED MARTIN CORP,539830109,483670000.0,1000,0.000682207886955639
LMT,LOCKHEED MARTIN CORP,539830109,483670000.0,1000,0.000682207886955639
EMBC,EMBECTA CORP,29082K105,483516000.0,40700,0.000681990672709167
FSP,FRANKLIN STR PPTYS CORP,35471R106,483087000.0,510771,0.0006813855758797089
WMB,WILLIAMS COS INC,969457100,480880000.0,8000,0.0006782726418409819
LYEL,LYELL IMMUNOPHARMA INC,55083R203,480660000.0,15616,0.0006779623357745931
FHN,FIRST HORIZON CORPORATION,320517105,480390000.0,20100,0.0006775815056022069
TCMD,TACTILE SYS TECHNOLOGY INC,87357P100,479080000.0,16520,0.000675733774025074
UROY,URANIUM RTY CORP,91702V101,478852000.0,135269,0.0006754121841017256
IHRT,IHEARTMEDIA INC,45174J509,478076000.0,114922,0.0006743176499766454
CARE,CARTER BANKSHARES INC,146103106,477935000.0,24310,0.0006741187719977326
OWLT,OWLET INC,69120X206,477378000.0,29486,0.0006733331334569211
WING,WINGSTOP INC,974155103,476980000.0,2000,0.0006727717615731815
MT,ARCELORMITTAL SA LUXEMBOURG,03938L203,474931000.0,10422,0.0006698816837094064
TEVA,TEVA PHARMACEUTICAL INDS LTD,881624209,474392000.0,15200,0.0006691214338467539
IDR,IDAHO STRATEGIC RESOURCES,645827205,470583000.0,11677,0.000663748907451869
CARR,CARRIER GLOBAL CORPORATION,14448C104,470276000.0,8900,0.0006633158894410447
GGAL,GRUPO FINANCIERO GALICIA S.A,399909100,469278000.0,8700,0.0006619082282853358
IFRA,ISHARES TR,46435U713,468318000.0,8900,0.000660554165450185
7HP,HP INC,40434L105,467880000.0,21000,0.0006599363742816473
ONON,ON HLDG AG,H5919C104,466473000.0,10036,0.0006579518259388794
HOFT,HOOKER FURNISHINGS CORPORATI,439038100,466401000.0,41311,0.000657850271226243
VICR,VICOR CORP,925815102,466019000.0,4252,0.0006573114670564227
CGEN,COMPUGEN LTD,M25722105,465033000.0,303943,0.0006559207316861531
CCB,COASTAL FINL CORP WA,19046P209,465006000.0,4058,0.0006558826486689146
ETHZ,ETHZILLA CORPORATION,68236V401,464892000.0,94876,0.0006557218537072404
LYFT,LYFT INC,55087P104,464880000.0,24000,0.000655704927921801
SPOT,SPOTIFY TECHNOLOGY S A,L8681T102,464568000.0,800,0.0006552648575003769
SCHB,SCHWAB STRATEGIC TR,808524102,464271000.0,17700,0.0006548459443107521
FHN,FIRST HORIZON CORPORATION,320517105,463660000.0,19400,0.0006539841397354634
GCO,GENESCO INC,371532102,463595000.0,18716,0.0006538924583976667
SEER,SEER INC,81578P106,462344000.0,252647,0.0006521279452656108
ATI,ATI INC,01741R102,459040000.0,4000,0.0006474677123412999
CVEO,CIVEO CORP CDA,17878Y207,458749000.0,20059,0.0006470572620443948
WW,WW INTL INC,98262P200,458588000.0,15697,0.0006468301744230831
GNW,GENWORTH FINL INC,37247D106,457993000.0,50719,0.0006459909375617135
PBJ,INVESCO EXCHANGE TRADED FD T,46137V753,457009000.0,10200,0.000644603023155684
MITT,TPG MTG INVTS TR INC,001228501,456425000.0,53571,0.0006437793015976337
PHI,PLDT INC,69344D408,454909000.0,20925,0.0006416410107037915
VLN,VALENS SEMICONDUCTOR LTD,M9607U115,454340000.0,319958,0.0006408384463775405
MSB,MESABI TR,590672101,454112000.0,11789,0.0006405168564541922
WCBR,WISDOMTREE TR,97717Y659,454010000.0,16300,0.0006403729872779575
PZZA,PAPA JOHNS INTL INC,698813102,453605000.0,11785,0.0006398017420193782
AA,ALCOA CORP,013872106,451690000.0,8500,0.0006371006687596763
DSX,DIANA SHIPPING INC,Y2066G104,451349000.0,271897,0.0006366196943567737
LOVE,LOVESAC COMPANY,54738L109,450362000.0,30533,0.0006352275485043842
CARR,CARRIER GLOBAL CORPORATION,14448C104,449140000.0,8500,0.0006335039393538068
SAMG,SILVERCREST ASSET MGMT GROUP,828359109,448910000.0,29553,0.0006331795284662185
AIRO,AIRO GROUP HLDGS INC,009422106,447896000.0,54755,0.0006317492995965904
COGT,COGENT BIOSCIENCES INC,19240Q201,447552000.0,12600,0.000631264093747328
JEPQ,J P MORGAN EXCHANGE TRADED F,46654Q203,447524000.0,7700,0.0006312246002479695
SRG,SERITAGE GROWTH PPTYS,81752R100,447408000.0,137664,0.0006310609843220554
LWLG,LIGHTWAVE LOGIC INC,532275104,447282000.0,138050,0.0006308832635749419
SFM,SPROUTS FMRS MKT INC,85208M102,446152000.0,5600,0.0006292894187793997
SFM,SPROUTS FMRS MKT INC,85208M102,446152000.0,5600,0.0006292894187793997
LYFT,LYFT INC,55087P104,445510000.0,23000,0.0006283838892583926
AR,ANTERO RESOURCES CORP,03674X106,444534000.0,12900,0.0006270072587093226
RIO,RIO TINTO PLC,767204100,444407000.0,5553,0.000626828127480089
BTM,BITCOIN DEPOT INC,09174P105,444103000.0,344266,0.0006263993409156246
LCTX,LINEAGE CELL THERAPEUTICS IN,53566P109,443527000.0,265585,0.0006255869032145341
HIPO,HIPPO HLDGS INC,433539202,442898000.0,14724,0.0006246997099610864
QFIN,QFIN HOLDINGS INC,88557W101,441283000.0,22900,0.000622421781337369
OKE,ONEOK INC NEW,682680103,441000000.0,6000,0.0006220226148974235
VELO,VELO3D INC,92259N302,440546000.0,32063,0.0006213822560149668
RPT,RITHM PPTY TR INC,38983D854,439469000.0,26506,0.0006198631667717819
GLW,CORNING INC,219350105,437800000.0,5000,0.0006175090721135873
SIMO,SILICON MOTION TECHNOLOGY CO,82706C108,435690000.0,4700,0.0006145329548404953
MAT,MATTEL INC,577081102,435508000.0,21951,0.0006142762470946646
BIGC,COMMERCE.COM INC,08975P108,435484000.0,105700,0.0006142423955237858
DSGN,DESIGN THERAPEUTICS INC,25056L103,433703000.0,46237,0.000611730326868157
CTNM,CONTINEUM THERAPEUTICS INC,21217B100,433380000.0,37916,0.0006112747411434135
WBTN,WEBTOON ENTMT INC,94845U105,432739000.0,33211,0.0006103706221045264
ISMD,NORTHERN LTS FD TR IV,66538H641,432096000.0,11200,0.0006094636821013993
NU,NU HLDGS LTD,G6683N103,431892000.0,25800,0.0006091759437489298
CRDO,CREDO TECHNOLOGY GROUP HOLDI,G25457105,431670000.0,3000,0.0006088628167183011
IBOC,INTERNATIONAL BANCSHARES COR,459044103,431328000.0,6492,0.0006083804318332786
WB,WEIBO CORP,948596101,431284000.0,42200,0.0006083183706200009
EME,EMCOR GROUP INC,29084Q100,428253000.0,700,0.0006040431993144361
PVLA,PALVELLA THERAPEUTICS INC NE,697947109,428100000.0,4090,0.0006038273955500838
LMND,LEMONADE INC,52567D107,427080000.0,6000,0.0006023887037877361
7HP,HP INC,40434L105,423320000.0,19000,0.0005970852910167286
PKE,PARK AEROSPACE CORP,70014A104,423066000.0,19825,0.0005967270285582616
ADCT,ADC THERAPEUTICS SA,H0036K147,421697000.0,119461,0.0005947960785360517
UUUU,ENERGY FUELS INC,292671708,421660000.0,29000,0.0005947438906976135
ARRY,ARRAY TECHNOLOGIES INC,04271T100,421354000.0,45700,0.0005943122831689092
OUSA,ALPS ETF TR,00162Q387,421210000.0,7300,0.0005941091737436366
UUUU,ENERGY FUELS INC,292671708,420206000.0,28900,0.000592693049695208
ONON,ON HLDG AG,H5919C104,418320000.0,9000,0.0005900328804169845
ONON,ON HLDG AG,H5919C104,418320000.0,9000,0.0005900328804169845
SCHX,SCHWAB STRATEGIC TR,808524201,418074000.0,15536,0.0005896859018154771
RMNI,RIMINI STR INC DEL,76674Q107,417441000.0,107588,0.0005887930666335496
QIPT,QUIPT HOME MEDICAL CORP,74880P104,417334000.0,118225,0.000588642145046715
CABO,CABLE ONE INC,12685J105,417206000.0,3697,0.0005884616033353616
MMM,3M CO,88579Y101,416260000.0,2600,0.00058712728724989
FCPI,FIDELITY COVINGTON TRUST,316092386,415632000.0,8400,0.0005862415044785622
AJG,GALLAGHER ARTHUR J & CO,363576109,415099000.0,1604,0.0005854897175086295
STZ,CONSTELLATION BRANDS INC,21036P108,413880000.0,3000,0.0005837703398044119
NVS,NOVARTIS AG,66987V109,413610000.0,3000,0.0005833895096320256
CARS,CARS COM INC,14575E105,413202000.0,33869,0.0005828140329270865
ATI,ATI INC,01741R102,413136000.0,3600,0.00058272094110717
SLV,ISHARES SILVER TR,46428Q109,412288000.0,6400,0.0005815248522694533
SLV,ISHARES SILVER TR,46428Q109,412288000.0,6400,0.0005815248522694533
JELD,JELD-WEN HLDG INC,47580P103,410862000.0,167017,0.0005795135047664063
UPLD,UPLAND SOFTWARE INC,91544A109,410394000.0,286989,0.0005788533991342704
IFRX,INFLARX NV,N44821101,410378000.0,406315,0.0005788308314203511
JAZZ,JAZZ PHARMACEUTICALS PLC,G50871105,408000000.0,2400,0.000575476704939113
TENX,TENAX THERAPEUTICS INC,88032L605,407999000.0,33470,0.000575475294456993
GM,GENERAL MTRS CO,37045V100,406600000.0,5000,0.0005735020299711845
GDRX,GOODRX HLDGS INC,38246G108,405343000.0,149573,0.000571729053946409
SR,SPIRE INC,84857L101,405230000.0,4900,0.0005715696694668546
NEE 7.299 06/01/27,NEXTERA ENERGY INC,65339F663,404272000.0,7809,0.0005702184275959437
APG,API GROUP CORP,00187Y100,403260000.0,10540,0.0005687910196905555
ADM,ARCHER DANIELS MIDLAND CO,039483102,402430000.0,7000,0.000567620319530998
SPIR,SPIRE GLOBAL INC,848560306,402023000.0,53603,0.0005670462533081789
ACLS,AXCELIS TECHNOLOGIES INC,054540208,401700000.0,5000,0.0005665906675834354
RILY,B. RILEY FINANCIAL INC,05580M108,401335000.0,85939,0.000566075841609654
ATOM,ATOMERA INC,04965B100,400735000.0,181328,0.0005652295523376848
CART,MAPLEBEAR INC,565394103,400322000.0,8900,0.0005646470232221459
MFIN,MEDALLION FINL CORP,583928106,400178000.0,38890,0.0005644439137968733
EMR,EMERSON ELEC CO,291011104,398160000.0,3000,0.0005615975608788166
PSFE,PAYSAFE LIMITED,G6964L206,397446000.0,49128,0.0005605904766451731
ED,CONSOLIDATED EDISON INC,209115104,397280000.0,4000,0.0005603563366132617
PMTS,CPI CARD GROUP INC,12634H200,396933000.0,27039,0.0005598668993176395
BSBR,BANCO SANTANDER BRASIL S A,05967A107,395696000.0,64762,0.0005581221329352628
DH,DEFINITIVE HEALTHCARE CORP,24477E103,395555000.0,137824,0.00055792325495635
NET,CLOUDFLARE INC,18915M107,394300000.0,2000,0.0005561530998958143
SYY,SYSCO CORP,871829107,390557000.0,5300,0.0005508736653208458
JBHT,HUNT J B TRANS SVCS INC,445658107,388680000.0,2000,0.0005482261903817019
CRDL,CARDIOL THERAPEUTICS INC,14161Y200,388135000.0,406935,0.0005474574776263299
BKR,BAKER HUGHES COMPANY,05722G100,387090000.0,8500,0.0005459835238109833
MCFT,MASTERCRAFT BOAT HLDGS INC,57637H103,385272000.0,20374,0.0005434192673169164
FNKO,FUNKO INC,361008105,384999000.0,113235,0.0005430342056981704
DEMZ,ADVISORS INNER CIRCLE FD III,00774Q346,383929000.0,9000,0.0005415249898298252
ALLT,ALLOT LTD,M0854Q105,383291000.0,38992,0.0005406251022372978
MMYT,MAKEMYTRIP LIMITED MAURITIUS,V5633W109,383254000.0,4667,0.0005405729143988597
MCRB,SERES THERAPEUTICS INC,81750R201,383145000.0,25749,0.0005404191718477853
KKR,KKR & CO INC,48251W104,382440000.0,3000,0.0005394247819532214
GRWG,GROWGENERATION CORP,39986L109,382097000.0,254731,0.000538940986586079
DGXX,DIGI PWR X INC,25380B102,381643000.0,149664,0.0005383006277036222
CXDO,CREXENDO INC,226552107,380475000.0,58806,0.000536653184587522
BRCB,BLACK ROCK COFFEE BAR INC,092244102,380408000.0,17097,0.0005365586822854854
ELVA,ELECTROVAYA INC,28617B606,380338000.0,48144,0.000536459948537089
MASS,908 DEVICES INC,65443P102,379717000.0,72327,0.0005355840391406008
INOD,INNODATA INC,457642205,377030000.0,7400,0.0005317940736842983
TEAD,TEADS HLDG CO,69002R103,376448000.0,534803,0.0005309731730904881
LU,LUFAX HOLDING LTD,54975P201,376064000.0,146900,0.0005304315479564278
GGME,INVESCO EXCHANGE TRADED FD T,46137V696,375290000.0,6300,0.0005293398347955875
ACOG,ALPHA COGNITION INC,02074J501,374218000.0,57572,0.0005278277979630023
ATMU,ATMUS FILTRATION TECHNOLOGIE,04956D107,373804000.0,7201,0.0005272438583653435
LMB,LIMBACH HLDGS INC,53263P105,372902000.0,4790,0.0005259716034931496
DLX,DELUXE CORP,248019101,371884000.0,16654,0.0005245357326950418
CVGI,COMMERCIAL VEH GROUP INC,202608105,371578000.0,258040,0.0005241041251663374
LNN,LINDSAY CORP,535555106,370937000.0,3147,0.0005232000061274503
RSPC,INVESCO EXCHANGE TRADED FD T,46137Y609,370450000.0,9300,0.0005225131013350353
PRVA,PRIVIA HEALTH GROUP INC,74276R102,370089000.0,15609,0.0005220039172897337
6RJ0,ROCKET LAB CORP,773121108,369728000.0,5300,0.0005214947332444321
DLTR,DOLLAR TREE INC,256746108,369030000.0,3000,0.0005205102167247079
GPC,GENUINE PARTS CO,372460105,368880000.0,3000,0.0005202986444067156
AGEN,AGENUS INC,00847G804,367747000.0,117117,0.0005187005681648136
CACC,CREDIT ACCEP CORP MICH,225310101,367628000.0,829,0.0005185327207925396
SHEL,SHELL PLC,780259305,367400000.0,5000,0.0005182111308691913
SHEL,SHELL PLC,780259305,367400000.0,5000,0.0005182111308691913
HYG,ISHARES TR,464288513,365899000.0,4538,0.0005160939972071481
XMVM,INVESCO EXCHANGE TRADED FD T,46137V456,365712000.0,5700,0.0005158302370507178
ETHO,AMPLIFY ETF TR,032108557,365680000.0,5600,0.0005157851016228794
EVMN,EVOMMUNE INC,30054Y107,365067000.0,21324,0.0005149204760833508
LSCC,LATTICE SEMICONDUCTOR CORP,518415104,364957000.0,4960,0.0005147653230501564
RRX,REGAL REXNORD CORPORATION,758750103,364832000.0,2600,0.0005145890127851629
CD8,CRESUD S A C I F Y A,226406106,364173000.0,28834,0.0005136595050681165
ETO,EATON VANCE TAX-ADVANTAGED G,27828U106,364048000.0,11995,0.000513483194803123
DASH,DOORDASH INC,25809K105,363953000.0,1607,0.0005133491990017278
MUSA,MURPHY USA INC,626755102,363168000.0,900,0.000512241970537568
BSX,BOSTON SCIENTIFIC CORP,101137107,362330000.0,3800,0.000511059986521051
FIVN,FIVE9 INC,338307101,360900000.0,18000,0.0005090429970895241
EFSC,ENTERPRISE FINL SVCS CORP,293712105,360720000.0,6680,0.0005087891103079333
BJ,BJS WHSL CLUB HLDGS INC,05550J101,360120000.0,4000,0.0005079428210359641
PANL,PANGAEA LOGISTICS SOLUTION L,G6891L105,359865000.0,52306,0.000507583148095377
OBIO,ORCHESTRA BIOMED HLDGS INC,68572M106,359191000.0,86552,0.0005066324831465316
LPLA,LPL FINL HLDGS INC,50212V100,357170000.0,1000,0.000503781898782115
XITK,SPDR SERIES TRUST,78464A110,356842000.0,2000,0.0005033192606467719
ARRY,ARRAY TECHNOLOGIES INC,04271T100,356814000.0,38700,0.0005032797671474132
ATYR,ATYR PHARMA INC,002120202,355874000.0,454443,0.0005019539139546614
PAGP,PLAINS GP HLDGS L P,72651A207,354090000.0,18500,0.0004994376138526727
VBNK,VERSABANK NEW,92512J106,353903000.0,23625,0.0004991738536962424
MRNA,MODERNA INC,60770K107,353880000.0,12000,0.0004991414126074835
RL,RALPH LAUREN CORP,751212101,353610000.0,1000,0.0004987605824350973
IMSR,TERRESTRIAL ENERGY INC,881454102,352620000.0,57712,0.000497364205136348
TXNM,TXNM ENERGY INC,69349H107,352456000.0,5986,0.0004971328860686764
TSEM,TOWER SEMICONDUCTOR LTD,M87915274,352260000.0,3000,0.0004968564315731664
PHM,PULTE GROUP INC,745867101,351780000.0,3000,0.000496179400155591
ELV,ELEVANCE HEALTH INC FORMERLY,036752103,350550000.0,1000,0.0004944445071480539
AMBC,OCTAVE SPECIALTY GROUP INC,023139884,350442000.0,45044,0.0004942921750790995
GECC,GREAT ELM CAP CORP,390320703,348911000.0,49526,0.0004921327269534579
WULF,TERAWULF INC,88080T104,348147000.0,30300,0.0004910551186138169
BE,BLOOM ENERGY CORP,093712107,347560000.0,4000,0.000490227165609407
MOH,MOLINA HEALTHCARE INC,60855R100,347080000.0,2000,0.0004895501341918316
ROCK,GIBRALTAR INDS INC,374689107,346327000.0,7005,0.0004884880411555102
AMPG,AMPLITECH GROUP INC,03211Q200,346284000.0,115814,0.0004884273904243524
OFS,OFS CAP CORP,67103B100,343815000.0,72230,0.00048494491007019874
AEO,AMERICAN EAGLE OUTFITTERS IN,02553E106,342810000.0,13000,0.0004835273755396502
CYRX,CRYOPORT INC,229050307,341760000.0,35600,0.000482046369313704
SFBS,SERVISFIRST BANCSHARES INC,81768T108,341290000.0,4754,0.000481383442717328
N/A,EQV VENTURES ACQUISITION COR,G3106N109,340537000.0,32463,0.00048032134968100656
RPAY,REPAY HLDGS CORP,76029L100,340034000.0,93160,0.0004796118771746723
LMNR,LIMONEIRA CO,532746104,339676000.0,26905,0.0004791069245757307
CAKE,CHEESECAKE FACTORY INC,163072101,338216000.0,6700,0.0004770476206806054
VABK,VIRGINIA NATL BANKSHARES COR,928031103,337410000.0,8467,0.0004759107720919266
EVEX,EVE HLDG INC,29970N104,335862000.0,84176,0.0004737273457702459
GCBC,GREENE CNTY BANCORP INC,394357107,334717000.0,15057,0.0004721123437429045
PI,IMPINJ INC,453204109,333055000.0,1914,0.0004697681224595496
CURI,CURIOSITYSTREAM INC,23130Q107,331444000.0,87222,0.00046749583576431204
ASLE,AERSALE CORPORATION,00810F106,331326000.0,46600,0.0004673293988741581
TXT,TEXTRON INC,883203101,331246000.0,3800,0.0004672165603045622
FAT,FOREMOST CLEAN ENERGY LTD,34547F105,329978000.0,155650,0.0004654280689764671
ULBI,ULTRALIFE CORP,903899102,328254000.0,57387,0.00046299639780167536
CMCL,CALEDONIA MNG CORP PLC,G1757E113,327125000.0,12500,0.0004614039634882532
CDLX,CARDLYTICS INC,14161W105,326309000.0,283747,0.0004602530100783749
FRAF,FRANKLIN FINL SVCS CORP,353525108,326300000.0,6500,0.00046024031573929544
NUE,NUCOR CORP,670346105,326220000.0,2000,0.0004601274771696995
SNAP,SNAP INC,83304A106,326028000.0,40400,0.0004598566646026693
MNPR,MONOPAR THERAPEUTICS INC,61023L207,325782000.0,4989,0.0004595096860011619
MPC,MARATHON PETE CORP,56585A102,325260000.0,2000,0.0004587734143345487
SKM,SK TELECOM CO LTD,78440P306,324867000.0,15824,0.00045821909486140877
AMRC,AMERESCO INC,02361E108,321780000.0,10986,0.00045386493655712683
BAC,VERIZON COMMUNICATIONS INC,92343V104,321767000.0,7900,0.00045384660028956745
PM,PHILIP MORRIS INTL INC,718172109,320800000.0,2000,0.000452482664079577
TLYS,TILLYS INC,886885102,319759000.0,160683,0.0004510143521927103
FSFG,FIRST SVGS FINL GROUP INC,33621E109,319683000.0,10034,0.00045090715555159413
AA,ALCOA CORP,013872106,318840000.0,6000,0.0004497181191244773
BHP,BHP GROUP LTD,088606108,314467000.0,5209,0.00044355008081394117
OSK,OSHKOSH CORP,688239201,314326000.0,2502,0.00044335120283502843
AEHR,AEHR TEST SYS,00760J108,312945000.0,15500,0.00044140332702737907
RDNW,RIDENOW GROUP INC,781386305,312333000.0,56582,0.00044054011196997047
ANDG,ANDERSEN GROUP INC,033853102,311160000.0,12000,0.00043888561644327053
ALTS,ALT5 SIGMA CORP,47089W104,309770000.0,281609,0.0004369250462965417
ACT,ADURO CLEAN TECHNOLOGIES INC,007408206,308334000.0,29762,0.0004348995939722952
GE,GE AEROSPACE,369604301,308030000.0,1000,0.00043447080740783076
AI,C3 AI INC,12468P104,307344000.0,22800,0.0004335032166735458
NOW,SERVICENOW INC,81762P102,306380000.0,2000,0.0004321435119099152
AIR,AAR CORP,000361105,306323000.0,3700,0.00043206311442907814
STRL,STERLING INFRASTRUCTURE INC,859241101,306230000.0,1000,0.00043193193959192286
BJ,BJS WHSL CLUB HLDGS INC,05550J101,306102000.0,3400,0.00043175139788056944
CVX,CHEVRON CORP NEW,166764100,304820000.0,2000,0.0004299431598027951
IRD,OPUS GENETICS INC,67577R102,304137000.0,151312,0.00042897980051487
NMR,NOMURA HLDGS INC,65535H208,302728000.0,36082,0.0004269924312078621
RFIL,RF INDS LTD,749552105,302450000.0,52327,0.0004266003171785164
ABOS,ACUMEN PHARMACEUTICALS INC,00509G209,302196000.0,143221,0.00042624205472004936
W,WAYFAIR INC,94419L101,301230000.0,3000,0.00042487952899217886
SEAT,VIVID SEATS INC,92854T209,301154000.0,41769,0.0004247723323510627
FANG,DIAMONDBACK ENERGY INC,25278X109,300660000.0,2000,0.00042407555418380805
RVSB,RIVERVIEW BANCORP INC,769397100,300201000.0,59801,0.00042342814289075153
MAZE,MAZE THERAPEUTICS INC,578784100,300160000.0,7245,0.00042337031312383367
UPST,UPSTART HLDGS INC,91680M107,297364000.0,6800,0.0004194266051164568
MBI,MBIA INC,55262C100,296782000.0,41450,0.00041860570452264656
DD,DUPONT DE NEMOURS INC,26614N102,296314000.0,7371,0.0004179455988905105
SNOW,SNOWFLAKE INC,833445109,296136000.0,1350,0.00041769453307315965
PXJ,INVESCO EXCHANGE TRADED FD T,46137Y872,295848000.0,10080,0.0004172883142226144
TRC,TEJON RANCH CO,879080109,295214000.0,18720,0.00041639406855856686
SPWR,SUNPOWER INC,20460L104,295107000.0,187966,0.0004162431469717323
HEQ,JOHN HANCOCK DIVERSIFIED INC,47804L102,294163000.0,27364,0.00041491165185050067
UPXI,UPEXI INC,39959A205,293609000.0,174767,0.000414130244756049
LUNG,PULMONX CORP,745848101,293422000.0,132770,0.00041386648459961856
ZION,ZIONS BANCORPORATION N A,989701107,292700000.0,5000,0.00041284811650901554
TS,TENARIS S A,88031M109,291989000.0,7594,0.00041184526372173194
SFST,SOUTHERN FIRST BANCSHARES,842873101,291706000.0,5662,0.0004114460972817864
XZO,EXZEO GROUP INC,30234F101,291000000.0,12000,0.0004104502969051026
SWK,STANLEY BLACK & DECKER INC,854502101,289692000.0,3900,0.0004086053862922096
CTRA,COTERRA ENERGY INC,127097103,289520000.0,11000,0.0004083627833675783
PLBY,PLAYBOY INC,72814P109,288447000.0,153429,0.0004068493360528733
UTMD,UTAH MED PRODS INC,917488108,288362000.0,5153,0.00040672944507267765
OHI,OMEGA HEALTHCARE INVS INC,681936100,288210000.0,6500,0.0004065150517904454
VRA,VERA BRADLEY INC,92335C106,287963000.0,118993,0.0004061666627068181
ZBH,ZIMMER BIOMET HOLDINGS INC,98956P102,287834000.0,3201,0.00040598471051334463
IP,INTERNATIONAL PAPER CO,460146103,287547000.0,7300,0.00040557990214491936
IP,INTERNATIONAL PAPER CO,460146103,287547000.0,7300,0.00040557990214491936
GBIO,GENERATION BIO CO,37148K209,287164000.0,50557,0.00040503968749297894
FNWD,FINWARD BANCORP,31812F109,286060000.0,8129,0.00040348251523255544
RFDA,ALPS ETF TR,00162Q528,285625000.0,4480,0.0004028689555103777
AVUV,AMERICAN CENTY ETF TR,025072877,285544000.0,2800,0.00040275470645866193
ATNM,ACTINIUM PHARMACEUTICALS INC,00507W206,285181000.0,209692,0.00040224270144912044
UPB,UPSTREAM BIO INC,91678A107,285075000.0,10500,0.0004020931903444059
TSCO,TRACTOR SUPPLY CO,892356106,285057000.0,5700,0.0004020678016662468
TCX,TUCOWS INC,898697206,285048000.0,12714,0.0004020551073271673
BZUN,BAOZUN INC,06684L103,283500000.0,106579,0.0003998716810054865
LBRX,LB PHARMACEUTICALS INC,50180M108,283147000.0,12720,0.00039937378081714457
JILL,J JILL INC,46620W201,282550000.0,20594,0.00039853172299153517
SNCR,SYNCHRONOSS TECHNOLOGIES INC,87157B400,280794000.0,32803,0.00039605491638890504
ARE,ALEXANDRIA REAL ESTATE EQ IN,015271109,279937000.0,5720,0.00039484613321210895
HRB,BLOCK H & R INC,093671105,278912000.0,6400,0.0003934003890391614
AAOI,APPLIED OPTOELECTRONICS INC,03823U102,278880000.0,8000,0.00039335525361132304
HUSV,FIRST TR EXCH TRADED FD III,33739P889,278585000.0,7200,0.0003929391613859381
AYTU,AYTU BIOPHARMA INC,054754858,278546000.0,107133,0.00039288415258326013
BRLT,BRILLIANT EARTH GROUP INC,109504100,278072000.0,158898,0.0003922155840584044
CLAR,CLARUS CORP NEW,18270P109,276901000.0,82657,0.00039056390949594434
BLNK,BLINK CHARGING CO,09354A100,276622000.0,414726,0.0003901703849844786
ACIU,AC IMMUNE SA,H00263105,275956000.0,87884,0.00038923100389259276
AZN,ASTRAZENECA PLC,046353108,275790000.0,3000,0.0003889968638606812
CIGI,COLLIERS INTL GROUP INC,194693107,275497000.0,1874,0.0003885835925995362
NETL,ETF SER SOLUTIONS,26922A248,275233000.0,11600,0.00038821122531986976
CCJ,CAMECO CORP,13321L108,274470000.0,3000,0.0003871350274623488
CCJ,CAMECO CORP,13321L108,274470000.0,3000,0.0003871350274623488
STIM,NEURONETICS INC,64131A105,274268000.0,198745,0.00038685011007411914
MDLN,MEDLINE INC,58507V107,273000000.0,6500,0.0003850616187460241
RCMT,RCM TECHNOLOGIES INC,749360400,271898000.0,13299,0.0003835072674498405
VIOT,VIOMI TECHNOLOGY CO LTD,92762J103,270594000.0,147062,0.00038166799876542727
IMMP,IMMUTEP LTD,45257L108,270542000.0,94595,0.00038159465369518985
POWA,INVESCO EXCH TRD SLF IDX FD,46138J775,269834000.0,3000,0.0003805960323542661
DAY,DAYFORCE INC,15677J108,269724000.0,3900,0.00038044087932107175
FIVN,FIVE9 INC,338307101,268670000.0,13400,0.0003789542311666457
CNDT,CONDUENT INC,206787103,268623000.0,139908,0.0003788879385070081
MSI,MOTOROLA SOLUTIONS INC,620076307,268324000.0,700,0.00037846620435314345
SJT,SAN JUAN BASIN RTY TR,798241105,267782000.0,47648,0.00037770172304413117
MILN,GLOBAL X FDS,37954Y764,267470000.0,5700,0.00037726165262270717
IVA,INVENTIVA SA,46124U107,266989000.0,57417,0.0003765832107230118
CDNL,CARDINAL INFRASTRUCTURE GROU,14154A102,265980000.0,11000,0.00037516003426398345
AA,ALCOA CORP,013872106,265700000.0,5000,0.0003747650992703978
FAST,FASTENAL CO,311900104,264858000.0,6600,0.0003735774733254009
QVCGA,QVC GROUP INC,74915M605,264826000.0,25318,0.0003735323378975625
SABR,SABRE CORP,78573M104,264728000.0,194653,0.00037339411064980755
SION,SIONNA THERAPEUTICS INC,829401108,263296000.0,6400,0.0003713743002540408
ENB,ENBRIDGE INC,29250N105,263065000.0,5500,0.00037104847888433265
CCLD,CARECLOUD INC,14167R100,261813000.0,89662,0.00036928255527015675
EBA,EBAY INC.,278642103,261300000.0,3000,0.000368558977942623
PDYN,PALLADYNE AI CORP,80359A205,261189000.0,61312,0.0003684024144273087
AEHR,AEHR TEST SYS,00760J108,260451000.0,12900,0.0003673614786227865
BKR,BAKER HUGHES COMPANY,05722G100,259578000.0,5700,0.00036613012773207117
SIMO,SILICON MOTION TECHNOLOGY CO,82706C108,259560000.0,2800,0.0003661047390539121
DOMH,DOMINARI HOLDINGS INC,008875304,259489000.0,52422,0.00036600459482339574
LODE,COMSTOCK INC,205750409,258714000.0,68807,0.00036491147118043537
PSNL,PERSONALIS INC,71535D106,258509000.0,32476,0.0003646223223458459
DUOT,DUOS TECHNOLOGIES GROUP INC,266042407,258424000.0,22971,0.00036450243136565023
XOMA,XOMA ROYALTY CORPORATION,98419J206,258322000.0,9715,0.0003643585621894155
GNE,GENIE ENERGY LTD,372284208,256804000.0,18636,0.0003622174503313332
MRNA,MODERNA INC,60770K107,256563000.0,8700,0.00036187752414042554
TRON,TRON INC,85237B101,256448000.0,206813,0.00036171531869663145
DVN,DEVON ENERGY CORP NEW,25179M103,256410000.0,7000,0.00036166172037607335
HUM,HUMANA INC,444859102,256130000.0,1000,0.0003612667853824877
SIRI,SIRIUSXM HOLDINGS INC,829933100,255936000.0,12800,0.0003609931518512176
KKR,KKR & CO INC,48251W104,254960000.0,2000,0.0003596165213021476
MRVL,MARVELL TECHNOLOGY INC,573874104,254940000.0,3000,0.0003595883116597486
IPI,INTREPID POTASH INC,46121Y201,254589000.0,9181,0.0003590932324356466
JBIO,JADE BIOSCIENCES INC,008064206,254533000.0,16496,0.00035901424543692946
NWSA,NEWS CORP NEW,65249B109,254200000.0,9732,0.0003585445548909865
NX,QUANEX BLDG PRODS CORP,747619104,253816000.0,16503,0.00035800292975692613
LIVE,LIVE VENTURES INC,538142308,253746000.0,17145,0.00035790419600852975
FFA,FIRST TR ENHANCED EQUITY INC,337318109,252834000.0,11482,0.00035661783631513644
REIT,ALPS ETF TR,00162Q445,252199000.0,9600,0.000355722180168969
D,DOMINION ENERGY INC,25746U109,251937000.0,4300,0.0003553526338535423
SGMT,SAGIMET BIOSCIENCES INC,786700104,251789000.0,42532,0.00035514388249978997
VVX,V2X INC,92242T101,250930000.0,4600,0.0003539322783587539
RNGR,RANGER ENERGY SVCS INC,75282U104,249906000.0,17876,0.0003524879446679263
LMRI,LUMEXA IMAGING HOLDINGS INC,550249106,249750000.0,13500,0.0003522679094572143
MRCC,MONROE CAP CORP,610335101,249271000.0,39132,0.00035159228852175886
MTRN,MATERION CORP,576690101,248640000.0,2000,0.00035070227430407115
PRU,PRUDENTIAL FINL INC,744320102,248336000.0,2200,0.00035027348773960674
USLM,UNITED STS LIME & MINERALS I,911922102,247383000.0,2066,0.0003489292982792955
NGNE,NEUROGENE INC,64135M105,247015000.0,11991,0.00034841024085915435
LRN,STRIDE INC,86333M108,246734000.0,3800,0.00034801389538344874
UBER,UBER TECHNOLOGIES INC,90353T100,245130000.0,3000,0.0003457514820630508
WCC,WESCO INTL INC,95082P105,244640000.0,1000,0.0003450603458242759
PIPR,PIPER SANDLER COMPANIES,724078100,244591000.0,720,0.0003449912322003984
MCBS,METROCITY BANKSHARES INC,59165J105,244301000.0,9205,0.00034458219238561326
INGN,INOGEN INC,45780L104,243392000.0,36219,0.0003433000641385798
GGAL,GRUPO FINANCIERO GALICIA S.A,399909100,242730000.0,4500,0.0003423663249751737
BVFL,BV FINL INC,05603E208,242659000.0,13377,0.00034226618074465734
FWRD,FORWARD AIR CORP,34986A104,242500000.0,9700,0.0003420419140875855
SKLZ,SKILLZ INC,83067L208,241890000.0,56123,0.0003411815199944167
MTLS,MATERIALISE NV,57667T100,240837000.0,43394,0.00033969628232211063
MOD,MODINE MFG CO,607828100,240318000.0,1800,0.0003389642421018572
CPS,COOPER STD HLDGS INC,21676P103,239626000.0,7299,0.0003379881884748526
HCAT,HEALTH CATALYST INC,42225T107,239232000.0,100097,0.00033743245851959277
SLN,SILENCE THERAPEUTICS PLC,82686Q101,239212000.0,39344,0.00033740424887719383
WLTH,WEALTHFRONT CORP,947002101,237825000.0,17500,0.0003354479101768248
INN,SUMMIT HOTEL PPTYS INC,866082100,236979000.0,48661,0.0003342546423033481
POWI,POWER INTEGRATIONS INC,739276103,234706000.0,6604,0.00033104861644470444
PHM,PULTE GROUP INC,745867101,234520000.0,2000,0.00033078626677039404
D,DOMINION ENERGY INC,25746U109,234360000.0,4000,0.0003305605896312022
KLRS,KALARIS THERAPEUTICS INC,482929106,234286000.0,27759,0.000330456213954326
ZION,ZIONS BANCORPORATION N A,989701107,234160000.0,4000,0.0003302784932072124
FITB,FIFTH THIRD BANCORP,316773100,234050000.0,5000,0.00033012334017401806
TKNO,ALPHA TEKNOVA INC,02080L102,233559000.0,61463,0.0003294307934531232
HCA,HCA HEALTHCARE INC,40412C101,233430000.0,500,0.0003292488412596498
KMX,CARMAX INC,143130102,231840000.0,6000,0.0003270061746889312
KMX,CARMAX INC,143130102,231840000.0,6000,0.0003270061746889312
UNP,UNION PAC CORP,907818108,231320000.0,1000,0.00032627272398655783
MO,ALTRIA GROUP INC,02209S103,230640000.0,4000,0.0003253135961449926
NTRA,NATERA INC,632307104,229090000.0,1000,0.000323127348859072
POOL,POOL CORP,73278L105,228750000.0,1000,0.0003226477849382894
HWBK,HAWTHORN BANCSHARES INC,420476103,228673000.0,6556,0.0003225391778150533
SYY,SYSCO CORP,871829107,228439000.0,3100,0.00032220912499898534
SIXS,EXCHANGE TRADED CONCEPTS TRU,301505673,228314000.0,4500,0.0003220328147339917
STHO,STAR HLDGS,85512G106,227996000.0,27703,0.000321584281419848
AR,ANTERO RESOURCES CORP,03674X106,227436000.0,6600,0.00032079441143267667
LDE,LIFECORE BIOMEDICAL INC,514766104,227429000.0,27803,0.000320784538057837
RDVT,RED VIOLET INC,75704L104,226775000.0,3982,0.0003198620827513905
WIT,WIPRO LTD,97651M109,226510000.0,79757,0.00031948830498960403
ATI,ATI INC,01741R102,225733000.0,1967,0.00031839236038240385
CAAP,CORPORACION AMER ARPTS S A,L1995B107,225524000.0,8674,0.00031809756961933454
KOPN,KOPIN CORP,500600101,224621000.0,95992,0.0003168239042650208
XPEL,XPEL INC,98379L100,224595000.0,4500,0.0003167872317299021
SN,SHARKNINJA INC,G8068L108,223800000.0,2000,0.0003156658984445428
AI,C3 AI INC,12468P104,223768000.0,16600,0.00031562076301670447
OCC,OPTICAL CABLE CORP,683827208,222473000.0,49994,0.00031379418867137073
BZAI,BLAIZE HLDGS INC,092915107,221473000.0,113576,0.0003123837065514219
N/A,OMS ENERGY TECHNOLOGIES INC,G6755S105,221258000.0,50286,0.0003120804528956329
ISPO,INSPIRATO INCORPORATED,45791E206,221018000.0,53002,0.00031174193718684526
MDLZ,MONDELEZ INTL INC,609207105,220703000.0,4100,0.00031129763531906134
AFL,AFLAC INC,001055102,220540000.0,2000,0.0003110677267335097
APA,APA CORPORATION,03743Q108,220140000.0,9000,0.0003105035338855302
WM,WASTE MGMT INC DEL,94106L109,219710000.0,1000,0.0003098970265739522
GLUE,MONTE ROSA THERAPEUTICS INC,61225M102,219520000.0,14000,0.0003096290349711619
FMC,FMC CORP,302491303,219146000.0,15800,0.00030910151465830105
BOSC,BOS BETTER ONLINE SOLUTIONS,M20115180,218875000.0,47999,0.00030871927400379496
MREO,MEREO BIOPHARMA GROUP PLC,589492107,218820000.0,525125,0.00030864169748719773
UPST,UPSTART HLDGS INC,91680M107,218650000.0,5000,0.00030840191552680647
PSCI,INVESCO EXCH TRADED FD TR II,46138E123,217922000.0,1452,0.0003073750845434837
TFC,TRUIST FINL CORP,89832Q109,216524000.0,4400,0.00030540323053979525
BTDR,BITDEER TECHNOLOGIES GROUP,G11448100,216353000.0,19300,0.00030516203809728405
TROW,PRICE T ROWE GROUP INC,74144T108,214998000.0,2100,0.0003032508348247534
WLK,WESTLAKE CORPORATION,960413102,214426000.0,2900,0.0003024440390521427
STRL,STERLING INFRASTRUCTURE INC,859241101,214361000.0,700,0.000302352357714346
ONEV,SPDR SERIES TRUST,78468R754,213097000.0,1600,0.00030056950831473074
ONEW,ONEWATER MARINE INC,68280L101,212040000.0,19597,0.0002990786287139448
DDL,DINGDONG CAYMAN LTD,25445D101,211894000.0,85098,0.00029887269832443235
UMAC,UNUSUAL MACHS INC,91532F102,211025000.0,16564,0.0002976469893621968
AEO,AMERICAN EAGLE OUTFITTERS IN,02553E106,210960000.0,8000,0.0002975553080244001
TTMI,TTM TECHNOLOGIES INC,87305R109,210933000.0,3057,0.0002975172250071615
CSD,INVESCO EXCHANGE TRADED FD T,46137V159,209434000.0,2100,0.00029540291230935827
ITB,ISHARES TR,464288752,208393000.0,2164,0.00029393460042249155
FCG,FIRST TR EXCHANGE-TRADED FD,33733E807,208349000.0,8900,0.00029387253920921377
TIGR,UP FINTECH HLDG LTD,91531W106,207940000.0,21751,0.00029329565202215475
MSEX,MIDDLESEX WTR CO,596680108,206722000.0,4100,0.0002915776848000571
VUZI,VUZIX CORP,92921W300,206517000.0,54634,0.0002912885359654676
TROW,PRICE T ROWE GROUP INC,74144T108,204760000.0,2000,0.00028881031888071753
GH,GUARDANT HEALTH INC,40131M109,204280000.0,2000,0.0002881332874631421
GH,GUARDANT HEALTH INC,40131M109,204280000.0,2000,0.0002881332874631421
ANTX,AN2 THERAPEUTICS INC,037326105,203511000.0,178518,0.00028704862671290144
SLI,STANDARD LITHIUM LTD,853606101,203251000.0,45470,0.00028668190136171476
DRUG,BRIGHT MINDS BIOSCIENCES INC,10919W405,202982000.0,2601,0.00028630248167144855
CSGP,COSTAR GROUP INC,22160N109,201720000.0,3000,0.0002845224532360732
FI,FISERV INC,337738108,201510000.0,3000,0.00028422625199088394
CCRN,CROSS CTRY HEALTHCARE INC,227483104,201293000.0,24851,0.000283920177370855
W,WAYFAIR INC,94419L101,200820000.0,2000,0.0002832530193281192
HRB,BLOCK H & R INC,093671105,200468000.0,4600,0.00028275652962189723
FNK,FIRST TR EXCHANGE-TRADED ALP,33737M201,200335000.0,3600,0.000282568935499944
CINT,CI&T INC,G21307106,199666000.0,49058,0.0002816253229616983
MCW,MISTER CAR WASH INC,60646V105,199048000.0,35800,0.00028075364501157
FTEK,FUEL TECH INC,359523107,196810000.0,126160,0.0002775969860271245
ARAY,ACCURAY INC,004397105,195034000.0,236520,0.00027509196978209543
ACEL,ACCEL ENTERTAINMENT INC,00436Q106,194712000.0,17065,0.0002746377945394719
QNST,QUINSTREET INC,74874Q100,190345000.0,13246,0.0002684782191216555
SSTI,SOUNDTHINKING INC,82536T107,190223000.0,23689,0.00026830614030302175
FMC,FMC CORP,302491303,188632000.0,13600,0.00026606206325018316
JFIN,JIAYIN GROUP INC,47737C104,187920000.0,32400,0.0002650577999807796
OMEX,ODYSSEY MARINE EXPL INC,676118201,185063000.0,94420,0.0002610280525640859
SGC,SUPERIOR GROUP OF CO INC,868358102,182274000.0,18830,0.0002570942179315487
AMTX,AEMETIS INC,00770K202,181970000.0,130914,0.00025666543136708425
AIRJ,AIRJOULE TECHNOLOGIES CORP,612160101,180381000.0,45782,0.00025442417527848563
ATUS,OPTIMUM COMMUNICATIONS INC,02156K103,179294000.0,108663,0.00025289098121410126
ADV,ADVANTAGE SOLUTIONS INC,00791N102,178709000.0,203078,0.00025206584917393114
KRMD,KORU MEDICAL SYSTEMS INC,759910102,178036000.0,30643,0.00025111659470720564
UNIT,UNITI GROUP LLC,912932100,177556000.0,25329,0.00025043956328963025
NOTE,FISCALNOTE HOLDINGS INC,337655302,174624000.0,118792,0.00024630402971394027
TARA,PROTARA THERAPEUTICS INC,74365U107,174088000.0,32662,0.00024554801129764777
CVRX,CVRX INC,126638105,173638000.0,24456,0.0002449132943436708
MDXH,MDXHEALTH SA,B5950S113,171328000.0,47991,0.00024165508064658906
NIU,NIU TECHNOLOGIES,65481N100,170286000.0,56200,0.00024018535827760237
ASRT,ASSERTIO HOLDINGS INC,04546C304,169337000.0,18670,0.00023884681074577097
N/A,ARBE ROBOTICS LTD,M1R95N100,168959000.0,143186,0.00023831364850443034
QC10,FLAGSTAR BANK NATIONAL ASSOC,649445400,166188000.0,13200,0.0002344052025500522
SSYS,STRATASYS LTD,M85548101,166031000.0,19128,0.0002341837568572202
HYFT,MINDWALK HOLDINGS CORP,602687105,164859000.0,90582,0.00023253067181264024
UUU,UNIVERSAL SAFETY PRODS INC,913821302,163154000.0,31619,0.0002301257997981275
CRD/A,CRAWFORD & CO,224633206,163046000.0,14493,0.00022997346772917306
KRO,KRONOS WORLDWIDE INC,50105F105,161374000.0,36510,0.00022761514162461863
BLFY,BLUE FOUNDRY BANCORP,09549B104,161043000.0,12956,0.00022714827204291558
CTOS,CUSTOM TRUCK ONE SOURCE INC,23204X103,161004000.0,27952,0.00022709326324023757
YRD,YIREN DIGITAL LTD,98585L100,157269000.0,42505,0.00022182511252222877
STXS,STEREOTAXIS INC,85916J409,155777000.0,67729,0.00021972067319926518
QTTB,Q32 BIO INC,746964105,155459000.0,46825,0.00021927213988512145
XOS,XOS INC,98423B306,155390000.0,85851,0.00021917481661884496
ORN,ORION GROUP HLDGS INC,68628V308,153354000.0,15428,0.0002163030750226292
PTRN,PATTERN GROUP INC,70339W104,151739000.0,13149,0.00021402514639891189
CTKB,CYTEK BIOSCIENCES INC,23285D109,151662000.0,30032,0.00021391653927567582
MSGM,MOTORSPORT GAMES INC,62011B201,150936000.0,47614,0.00021289252925659299
TAC,TRANSALTA CORP,89346D107,147875000.0,11699,0.00020857504348742968
CLPR,CLIPPER RLTY INC,18885T306,146719000.0,38408,0.0002069445261567689
TG,TREDEGAR CORP,894650100,146264000.0,20371,0.00020630275679219218
MRKR,MARKER THERAPEUTICS INC,57055L206,146230000.0,98141,0.0002062548004001139
AKBA,AKEBIA THERAPEUTICS INC,00972D105,145897000.0,90619,0.00020578510985417095
GLDG,GOLDMINING INC,38149E101,144781000.0,115825,0.0002042110118083081
RWT,REDWOOD TRUST INC,758075402,143266000.0,25907,0.00020207413139658567
AVO,MISSION PRODUCE INC,60510V108,142900000.0,12319,0.00020155789494068438
YEXT,YEXT INC,98585N106,142049000.0,17624,0.00020035757465660794
ERAS,ERASCA INC,29479A108,141449000.0,38024,0.00019951128538463867
VERB,TON STRATEGY CO,92337U302,141165000.0,70937,0.00019911070846257323
MIND,MIND TECHNOLOGY INC,602566309,138302000.0,15734,0.00019507249815315975
ENLV,ENLIVEX THERAPEUTICS LTD,M4130Y106,137213000.0,195126,0.0001935364831245355
MXCT,MAXCYTE INC,57777K106,136273000.0,87918,0.00019221062993178366
TASK,TASKUS INC,87652V109,135632000.0,11504,0.00019130651089289648
HIT,HEALTH IN TECH INC,42217D102,135411000.0,85164,0.0001909947943443878
BODI,THE BEACHBODY COMPANY INC,073463309,135198000.0,13050,0.00019069436165283869
SHCO,SOHO HOUSE & CO INC,586001109,133459000.0,14895,0.0001882415332462477
CMBM,CAMBIUM NETWORKS CORP,G17766109,133144000.0,92461,0.00018779723137846382
VIRC,VIRCO MFG CO,927651109,133059000.0,20823,0.0001876773403982682
YSG,YATSEN HLDG LTD,985194208,132844000.0,34150,0.0001873740867424792
CATO,CATO CORP NEW,149205106,132830000.0,42987,0.0001873543399927999
PURR,HYPERLIQUID STRATEGIES INC,44916Y106,132087000.0,37103,0.00018630635177767794
LGO,LARGO INC,517097101,131500000.0,140312,0.000185478398773268
NEXN,NEXXEN INTL LTD,M8T80P204,131277000.0,20073,0.0001851638612605194
REFI,CHICAGO ATLANTIC REAL ESTATE,167239102,130348000.0,10632,0.00018385352337108696
N/A,BAIRD MED INVT HLDGS LTD,G0705H103,129802000.0,95443,0.0001830834001335949
VTGN,VISTAGEN THERAPEUTICS INC,92840H400,129448000.0,195570,0.00018258408946313307
CRNT,CERAGON NETWORKS LTD,M22013102,127831000.0,60872,0.0001803033398751758
VYNE,VYNE THERAPEUTICS INC,92941V308,127622000.0,220000,0.00018000854911210654
N/A,HIMALAYA SHIPPING LTD,G4660A103,125726000.0,13816,0.0001773342750126836
SUNS,SUNRISE RLTY TR INC,867981102,125494000.0,13308,0.00017700704316085547
JVA,COFFEE HLDG CO INC,192176105,124668000.0,32131,0.00017584198492977775
QD,HIGH TEMPLAR TECHNOLOGY LTD,747798106,123540000.0,34800,0.0001742509610984755
OSTX,OS THERAPIES INCORPORATED,68764Y207,122552000.0,87537,0.00017285740476396608
HOUR,HOUR LOOP INC,44170P106,122285000.0,67936,0.00017248080603793974
CY9D,MICROBOT MED INC,59503A204,122196000.0,61098,0.0001723552731292643
INSE,INSPIRED ENTMT INC,45782N108,122167000.0,13052,0.0001723143691477858
PYXS,PYXIS ONCOLOGY INC,747324101,121357000.0,105528,0.00017117187863062726
POWW,OUTDOOR HOLDING CO,00175J107,115680000.0,67649,0.0001631645716356779
SLQT,SELECTQUOTE INC,816307300,113072000.0,80193,0.0001594860342668514
ABL,ABACUS GLOBAL MGMT INC,00258Y104,112894000.0,13204,0.0001592349684495005
AEI,ALSET INC,02115D208,109223000.0,31751,0.00015405708858716845
LESL,LESLIES INC,527064208,107321000.0,65043,0.00015137435159502582
N/A,CURRENC GROUP INC,G47862100,106569000.0,59536,0.00015031366904082432
QRHC,QUEST RESOURCE HLDG CORP,74836W203,104128000.0,55983,0.00014687068218602927
IMPP,IMPERIAL PETE INC,Y3894J187,103579000.0,28613,0.0001460963275021774
PPBT,PURPLE BIOTECH LTD,74638P208,102145000.0,155353,0.0001440736961421708
BBCP,CONCRETE PUMPING HLDGS INC,206704108,101777000.0,15168,0.00014355463872202964
CRBP,CORBUS PHARMACEUTICALS HLDGS,21833P301,101587000.0,12480,0.00014328664711923936
EPM,EVOLUTION PETE CORP,30049A107,101368000.0,28635,0.00014297775153497056
DP8,CERVOMED INC,15713L109,98845000.0,12512,0.00013941910514633972
TRUE,TRUECAR INC,89785L107,98839000.0,43734,0.00013941064225362005
CPIX,CUMBERLAND PHARMACEUTICALS I,230770109,97450000.0,24485,0.00013745148258901115
BTCS,BTCS INC,05581M404,96360000.0,36500,0.00013591405707826694
NVFY,XMAX INC,66979P300,95370000.0,15895,0.00013451767977951763
MCN,XAI MADISON EQUITY PREMIUM I,557437100,93432000.0,15572,0.00013178416543105684
AGAE,ALLIED GAMING & ENTRTNMNT IN,019170109,91813000.0,234336,0.00012950059487885972
HLMN,HILLMAN SOLUTIONS CORP,431636109,91796000.0,10600,0.00012947661668282062
RCAT,RED CAT HLDGS INC,75644T100,90465000.0,11408,0.00012759926498116873
FHTX,FOGHORN THERAPEUTICS INC,344174107,89640000.0,16600,0.000126435617232211
NERV,MINERVA NEUROSCIENCES INC,603380205,89622000.0,22294,0.0001264102285540519
ECOR,ELECTROCORE INC,28531P202,87103000.0,19421,0.00012285722409390086
MSAI,MULTISENSOR AI HOLDINGS INC,456948108,86586000.0,300645,0.00012212800483788733
N/A,MILLENNIUM GROUP INTL HLDGS,G6169A104,85801000.0,69194,0.0001210207763737275
MVIS,MICROVISION INC DEL,594960304,85244000.0,102939,0.00012023513783291604
N/A,GALMED PHARMACEUTICALS LTD,M47238148,84166000.0,112147,0.00011871463810761121
LPTX,CYPHERPUNK TECHNOLOGIES INC,52187K200,83720000.0,72172,0.00011808556308211404
TH,TARGET HOSPITALITY CORP,87615L107,83256000.0,10394,0.0001174310993784578
BCG,BINAH CAP GROUP INC,09032H105,82886000.0,28780,0.00011690922099407675
UEIC,UNIVERSAL ELECTRS INC,913483103,82485000.0,22849,0.00011634361766397728
ATHA,ATHIRA PHARMA INC,04746L203,81347000.0,10746,0.00011473848901147552
NOTV,INOTIV INC,45783Q100,81163000.0,144393,0.00011447896030140495
AIMD,AINOS INC,00902F402,79227000.0,48309,0.00011174826691718405
BFLY,BUTTERFLY NETWORK INC,124155102,77661000.0,20437,0.00010953945191734423
N/A,MOBILICOM LTD,Q6297L120,77531000.0,12710,0.00010935608924175089
ENIC,ENEL CHILE S.A.,29278D105,77284000.0,19225,0.00010900770015812353
CRSR,CORSAIR GAMING INC,22041X102,76947000.0,12954,0.00010853236768370078
EM,SMART SH GLOBAL LTD,83193E102,76607000.0,65476,0.00010805280376291818
ORGN,ORIGIN MATERIALS INC,68622D106,76516000.0,361436,0.00010792444989000285
CBUS,CIBUS INC,17166A101,75981000.0,43667,0.00010716984195583024
GEVO,GEVO INC,374396406,75948000.0,37974,0.00010712329604587194
HYLN,HYLIION HOLDINGS CORP,449109107,74704000.0,40600,0.00010536865628865561
KLTR,KALTURA INC,483467106,74597000.0,45486,0.00010521773470182109
SOPA,SOCIETY PASS INC,83370P201,73059000.0,19226,0.00010304841320133984
KZR,KEZAR LIFE SCIENCES INC,49372L209,71152000.0,11312,0.00010035862379859744
COOK,TRAEGER INC,89269P103,70887000.0,65636,9.998484603681101e-05
LIDR,AEYE INC,008183204,69942000.0,38012,9.865194043345939e-05
PHPN,GALECTIN THERAPEUTICS INC,363225202,69106000.0,16612,9.74727773811822e-05
XFOR,X4 PHARMACEUTICALS INC,98420X202,68984000.0,17246,9.730069856254843e-05
CTM,CASTELLUM INC,14838T204,68087000.0,75384,9.603549610095437e-05
KAPA,KAIROS PHARMA LTD,48301N104,66746000.0,94008,9.414403957810301e-05
IPM,INTELLIGENT PROTECTION MANAG,69764K106,66524000.0,38677,9.383091254747438e-05
INAB,IN8BIO INC,45674E208,66021000.0,28214,9.312144004114013e-05
N/A,SUNRISE NEW ENERGY CO LTD,G3932F106,65965000.0,67304,9.304245304242299e-05
ALTG,ALTA EQUIPMENT GROUP INC,02128L106,65081000.0,14148,9.179558684838824e-05
PALI,PALISADE BIO INC,696389402,64954000.0,27640,9.161645561915475e-05
AQB,AQUABOUNTY TECHNOLOGIES INC,03842K309,64904000.0,69789,9.15459315131573e-05
CDXS,CODEXIS INC,192005106,64881000.0,39804,9.15134904243985e-05
SERA,SERA PROGNOSTICS INC,81749D107,64794000.0,21964,9.139077847996294e-05
CGTX,COGNITION THERAPEUTICS INC,19243B102,64434000.0,47729,9.088300491678137e-05
DARE,DARE BIOSCIENCE INC,23666P200,63759000.0,33036,8.993092948581593e-05
ARAI,ARRIVE AI INC,04272H204,63717000.0,24227,8.987168923677808e-05
SIGA,SIGA TECHNOLOGIES INC,826917106,63544000.0,10400,8.962767583002694e-05
WEST,WESTROCK COFFEE CO,96145W103,63061000.0,15494,8.894641296609166e-05
KTTA,PASITHEA THERAPEUTICS CORP,70261F202,62917000.0,48773,8.874330354081903e-05
BNGO,BIONANO GENOMICS INC,09075F404,61985000.0,40513,8.742873420502675e-05
CNVS,CINEVERSE CORP,172406308,61707000.0,29245,8.703662017568098e-05
MOGO,MOGO INC,60800C208,60597000.0,56633,8.54709850225378e-05
TCRT,ALAUNOS THERAPEUTICS INC,98973P309,60039000.0,18588,8.468393599960637e-05
FGF,FG NEXUS INC.,30329Y304,59895000.0,21780,8.448082657433375e-05
LIXT,LIXTE BIOTECHNOLOGY HLDGS IN,539319301,59634000.0,15174,8.411269074102709e-05
LINK,INTERLINK ELECTRS INC,458751302,59139000.0,15242,8.341450209165245e-05
AUID,AUTHID INC,46264C305,58671000.0,67076,8.275439645951641e-05
DWSN,DAWSON GEOPHYSICAL CO NEW,239360100,58369000.0,37416,8.232843085929186e-05
DXLG,DESTINATION XL GROUP INC,25065K104,58167000.0,63259,8.204351347106219e-05
CNFR,PRESURANCE HOLDINGS INC,20731J102,56975000.0,79943,8.036221878408323e-05
SURG,SURGEPAYS INC,86882L204,56565000.0,33871,7.978392111490422e-05
N/A,SMART DIGITAL GROUP LTD,G5006S104,56456000.0,30517,7.96301785638298e-05
INTZ,INTRUSION INC,46121E304,55084000.0,47899,7.769499709526004e-05
N/A,TROOPS INC,G9094C104,54627000.0,17071,7.705040676644342e-05
FLUX,FLUX PWR HLDGS INC,344057302,54422000.0,42852,7.676125793185391e-05
CYCN,CYCLERION THERAPEUTICS INC,23255M204,52775000.0,41555,7.443819388029824e-05
INDO,INDONESIA ENERGY CORP LTD,G4760X102,52265000.0,17838,7.371884799912436e-05
MNOV,MEDICINOVA INC,58468P206,52054000.0,39736,7.342123627181516e-05
OCTO,EIGHTCO HOLDINGS INC,22890A302,52006000.0,30061,7.335353313005761e-05
UIS,UNISYS CORP,909214306,51256000.0,18571,7.2295671540096e-05
SMXT,SOLARMAX TECHNOLOGY INC,83419H103,51241000.0,62428,7.227451430829678e-05
N/A,MEGA MATRIX INC,G6005C108,51237000.0,56304,7.226887237981698e-05
NVNO,ENVVENO MEDICAL CORPORATION,29415J106,51206000.0,159619,7.222514743409856e-05
VEEE,TWIN VEE POWERCATS CO,90177C200,51146000.0,29394,7.214051850690164e-05
EONR,EON RESOURCES INC,40472A102,50454000.0,131356,7.116446487989705e-05
ZONE,CLEANCORE SOLUTIONS INC,184492106,49929000.0,192035,7.042396176692394e-05
ZH,ZHIHU INC,98955N207,49528000.0,15100,6.985835843682446e-05
RBBN,RIBBON COMMUNICATIONS INC,762544104,48914000.0,16984,6.89923224151759e-05
RNTX,REIN THERAPEUTICS INC,00887A204,48382000.0,41709,6.824194592736313e-05
CTXR,CITIUS PHARMACEUTICALS INC,17322U306,47271000.0,60838,6.66749002921e-05
NRXP,NRX PHARMACEUTICALS INC,629444209,47252000.0,17436,6.664810113182099e-05
WAFU,WAH FU EDUCATION GROUP LIMIT,G94184101,46626000.0,29898,6.576513932473303e-05
BCAB,BIOATLA INC,09077B104,46171000.0,81330,6.512336996015633e-05
BEEM,BEAM GLOBAL,07373B109,45513000.0,30342,6.419527272523e-05
TVRD,TVARDI THERAPEUTICS INC,140755307,45116000.0,10492,6.363531132361033e-05
HEPS,D MARKET ELECTR SVCS & TRADI,23292B104,44486000.0,17938,6.274670758804259e-05
BTCM,SOLAI LIMITED,055474209,44246000.0,65941,6.240819187925488e-05
BAER,BRIDGER AEROSPACE GRP HLDGS,96812F102,42683000.0,23324,6.020360832577489e-05
WRN,WESTERN COPPER & GOLD CORP,95805V108,41828000.0,15666,5.8997646113218664e-05
HUIZ,HUIZE HLDG LTD,44473E204,41341000.0,14712,5.8310741320803594e-05
N/A,GELTEQ LIMITED,Q3978B109,41089000.0,51361,5.795529982657649e-05
MIRA,MIRA PHARMACEUTICALS INC,60458C104,40836000.0,27044,5.759844785022944e-05
IMUX,IMMUNIC INC,4525EP101,40660000.0,76186,5.7350202997118455e-05
XLO,XILIO THERAPEUTICS INC,98422T100,39713000.0,62032,5.6014476429526936e-05
NRSN,NEUROSENSE THERAPEUTICS LTD,M74240108,39638000.0,51545,5.590869027053077e-05
MBIO,MUSTANG BIO INC,62818Q302,39273000.0,40034,5.5393864296749455e-05
LITM,SNOW LAKE RES LTD,83336J307,39033000.0,13011,5.5055348587961746e-05
MNTK,MONTAUK RENEWABLES INC,61218C103,38769000.0,23215,5.4682981308295266e-05
SKYE,SKYE BIOSCIENCE INC,83086J200,38764000.0,51706,5.4675928897695525e-05
ITH,INTERNATIONAL TOWER HILL MIN,46050R102,38095000.0,20481,5.3732316359449765e-05
VRAR,GLIMPSE GROUP INC,37892C106,37146000.0,40114,5.239376882761835e-05
GXAI,GAXOS.AI INC,62911P300,36992000.0,34572,5.2176554581146234e-05
N/A,SENTAGE HOLDINGS INC,G8062B114,35787000.0,18936,5.0476923626607924e-05
FTHM,FATHOM HOLDINGS INC,31189V109,34542000.0,34200,4.872087338727166e-05
AMST,AMESITE INC,031094204,34530000.0,18270,4.870394760183227e-05
N/A,LOCAFY LIMITED,Q56120134,33832000.0,12083,4.771943108210801e-05
OKUR,ONKURE THERAPEUTICS INC,68277Q105,32828000.0,11320,4.6303307033679406e-05
KLTO,KLOTHO NEUROSCIENCES INC,49876K103,30503000.0,105548,4.302393610479843e-05
GRO,BRAZIL POTASH CORP,10586A108,30352000.0,16059,4.281095330468616e-05
ALLR,ALLARITY THERAPEUTICS INC,016744500,29691000.0,27492,4.18786246234e-05
XELB,XCEL BRANDS INC,98400M200,28881000.0,26742,4.073613410624147e-05
BTBD,BT BRANDS INC,0557MQ206,28188000.0,20279,3.9758669997116944e-05
TLPH,TALPHERA INC,00444T209,28030000.0,24588,3.953581382216503e-05
SCWO,374WATER INC,88583P203,27799000.0,13627,3.9209992452456856e-05
FATN,FATPIPE INC UT,311921100,27698000.0,13712,3.9067533758342027e-05
USBC,USBC INC.,499238202,26640000.0,41966,3.757524367543619e-05
RLYB,RALLYBIO CORP,75120L100,25386000.0,37000,3.580649909702039e-05
VRME,VERIFYME INC,92346X206,25288000.0,42091,3.566827184926541e-05
ARTL,ARTELO BIOSCIENCES INC,04301G607,25216000.0,20669,3.55667171366291e-05
CAPT,CAPTIVISION INC,G18932106,25088000.0,73122,3.538617542527565e-05
BIVI,BIOVIE INC,09074F504,24838000.0,21412,3.5033554895288445e-05
N/A,BLUE GOLD LTD,G1331C104,24586000.0,12805,3.4678113401061344e-05
CSAI,CLOUDASTRUCTURE INC,18912E207,24357000.0,30250,3.4355112995593065e-05
CTOR,CITIUS ONCOLOGY INC,17331Y109,23515000.0,23515,3.316748705059617e-05
PRPL,PURPLE INNOVATION INC,74640Y106,22864000.0,33112,3.22492631905095e-05
OBLG,TAOWEAVE INC,674434303,22792000.0,12592,3.2147708477873186e-05
N/A,POP CULTURE GROUP CO LTD,G71700119,22291000.0,53073,3.144105693577884e-05
TRAW,TRAWS PHARMA INC,68232V884,21746000.0,19244,3.067234418040674e-05
ATXG,ADDENTAX GROUP CORP,00653L301,21573000.0,55006,3.042833077365559e-05
LIMN,LIMINATUS PHARMA INC.,53271X108,21523000.0,35284,3.0357806667658155e-05
VIVS,VIVOSIM LABS INC,68620A302,21412000.0,11830,3.0201243152343838e-05
N/A,FOUNDER GROUP LTD,G3662E105,21036000.0,129849,2.9670901875243085e-05
BATL,BATTALION OIL CORP,07134L107,20900000.0,18496,2.9479076306930044e-05
N/A,MAGIC EMPIRE GLOBAL LTD,G5865E121,20881000.0,17771,2.945227714665102e-05
CASI,CASI PHARMACEUTICALS INC,G1933S101,20219000.0,23787,2.851853798324491e-05
CURX,CURANEX PHARMACEUTICALS INC,23126K106,20200000.0,61102,2.8491738822965883e-05
IBO,IMPACT BIOMEDICAL INC,45259L205,20113000.0,39827,2.8369026878530335e-05
AMBR,AMBER INTL HLDG LTD,45113Y203,19898000.0,11502,2.806577322274134e-05
MYPS,PLAYSTUDIOS INC,72815G108,18959000.0,29101,2.6741330512109418e-05
MDCX,MEDICUS PHARMA LTD,58471K202,18848000.0,12319,2.6584766996795095e-05
N/A,BIOCERES CROP SOLUTIONS CORP,G1117K114,18578000.0,14182,2.6203936824408918e-05
N/A,APTORUM GROUP LIMITED,G6096M122,18456000.0,17411,2.6031858005775165e-05
LMFA,LM FDG AMER INC,502074503,17891000.0,40305,2.5234935608004092e-05
N/A,WESTIN ACQUISITION CORP,G9584S114,16313000.0,90625,2.3009194822724874e-05
N/A,NAMIB MINERALS,G63638103,16212000.0,16051,2.2866736128610045e-05
BBLG,BONE BIOLOGICS CORP,098070600,16070000.0,11083,2.2666447667577314e-05
EDUC,EDUCATIONAL DEV CORP,281479105,15909000.0,12052,2.2439360046265557e-05
JOB,GEE GROUP INC,36165A102,15745000.0,80700,2.2208040978593953e-05
PHIO,PHIO PHARMACEUTICALS CORP,71880W501,15219000.0,14494,2.146612738350088e-05
FEMY,FEMASYS INC,31447E105,15062000.0,26141,2.124468169066892e-05
KALA,KALA BIO INC,483119202,14954000.0,26900,2.1092349621714447e-05
TRIB,TRINITY BIOTECH PLC,896438504,14752000.0,18650,2.0807432233484785e-05
N/A,CN ENERGY GROUP INC,G2181K204,14586000.0,23833,2.0573292201573285e-05
BCDA,BIOCARDIA INC,09060U606,14036000.0,11229,1.9797527035601444e-05
ATOS,ATOSSA THERAPEUTICS INC,04962H506,13837000.0,23452,1.951684109373163e-05
N/A,HONG KONG PHARMA DIGITAL TEC,G6365B104,13810000.0,16751,1.947875807649301e-05
HUDI,HUADI INTERNATIONAL GRP CO L,G4645E105,13670000.0,12205,1.928129057970018e-05
UAVS,AGEAGLE AERIAL SYS INC NEW,00848K309,13346000.0,16400,1.8824294372836767e-05
N/A,GAUZY LTD,M4757U106,12957000.0,10044,1.827561682817668e-05
WYHG,WING YIP FOOD CHINA HLDGS GR,973921109,12795000.0,23264,1.8047118724744972e-05
N/A,LINKERS INDS LTD,G5496W102,11514000.0,36036,1.6240291129090552e-05
N/A,INTEGRATED MEDIA TECHNLOGY L,Q49376124,10281000.0,17107,1.4501166675193675e-05
NDLS,NOODLES & CO,65540B105,9813000.0,13900,1.3841061043057633e-05
N/A,KANDAL M VENTURE LTD,G5225N100,9538000.0,35313,1.3453178460071714e-05
SEGG,LOTTERY COM INC,54570M306,9406000.0,12885,1.3266994820238472e-05
PRTS,CARPARTS COM INC,14427M107,9403000.0,18806,1.3262763373878625e-05
N/A,JBDI HOLDINGS LTD,G50883100,9082000.0,12179,1.2809998613375057e-05
TOVX,THERIVA BIOLOGICS INC,87164U508,8908000.0,42337,1.2564574724503964e-05
PPCB,PROPANC BIOPHARMA INC,74346N701,8724000.0,16257,1.2305046014433385e-05
N/A,INLIF LTD,G4808M100,8298000.0,17238,1.1704180631335193e-05
N/A,AURELION INC,G7244A119,6776000.0,27125,9.55742684477311e-06
SAFX,XCF GLOBAL INC,98400U103,6098000.0,22338,8.60111996744782e-06
AZTR,AZITRA INC,05479L302,5373000.0,20291,7.578520430484935e-06
N/A,PHETON HLDGS LTD,G71399102,4582000.0,10888,6.462829073605429e-06
ATPC,AGAPE ATP CORP,008389207,4008000.0,37637,5.653212336754814e-06
RVPH,REVIVA PHARMACEUTCLS HLDGS I,76152G100,3865000.0,13854,5.451513393602135e-06
N/A,CCSC TECHNOLOGY INTL HLDGS L,G1993R100,3308000.0,21636,4.6658748527906505e-06
VMAR,VISION MARINE TECHNOLOGIES I,92840Q301,3058000.0,15296,4.313254322803449e-06
N/A,CRE8 ENTERPRISE LTD,G2R63D105,2379000.0,10287,3.355536963358209e-06
