ticker,nameOfIssuer,cusip,value,shares,allocation_percent
EWY,ISHARES INC,464286772,35409290000.0,287857,0.615701970269918
SPY,STATE STR SPDR S&P 500 ETF T,78462F103,28325559000.0,43555,0.49252900821498563
DON,STATE STR SPDR DOW JONES IND,78467X109,24639855000.0,53196,0.4284414420810214
CME,CME GROUP INC,12572Q105,23007470000.0,77899,0.40005729033047627
NVDA,NVIDIA CORPORATION,67066G104,22090550000.0,126666,0.3841137497912592
C,CITIGROUP INC,172967424,19792086000.0,174518,0.3441477178997845
DUK,DUKE ENERGY CORP NEW,26441C204,19667057000.0,150199,0.34197369516052945
GS,GOLDMAN SACHS GROUP INC,38141G104,18877421000.0,22314,0.3282433876340001
GE,GE AEROSPACE,369604301,18855665000.0,66447,0.3278650910890767
BSX,BOSTON SCIENTIFIC CORP,101137107,18176793000.0,289670,0.31606076437252634
PH,PARKER-HANNIFIN CORP,701094104,18050724000.0,20163,0.313868657959493
AMZN,AMAZON COM INC,023135106,17116462000.0,82184,0.297623572160023
AEP,AMERICAN ELEC PWR CO INC,025537101,16603773000.0,126669,0.2887088600199119
V,VISA INC,92826C839,16387151000.0,54219,0.28494220465337367
DOW,DOW HLDGS INC,260557103,16004096000.0,384252,0.27828158767343014
HON,HONEYWELL INTL INC,438516106,15975574000.0,70679,0.27778564292006064
COF,CAPITAL ONE FINL CORP,14040H105,15754472000.0,86359,0.27394108865109285
OTIS,OTIS WORLDWIDE CORP,68902V107,15504257000.0,201145,0.2695903132333681
VST,VISTRA CORP,92840M102,15476774000.0,102952,0.269112434765629
UL,UNILEVER PLC,904767803,15195551000.0,266729,0.2642224876589455
PINS,PINTEREST INC,72352L106,15006852000.0,818258,0.2609413615452063
PYPL,PAYPAL HLDGS INC,70450Y103,14894420000.0,329304,0.25898637730459073
NET,CLOUDFLARE INC,18915M107,14885780000.0,72142,0.25883614370704805
ABT,ABBOTT LABORATORIES,002824100,14339303000.0,139664,0.24933392082691705
AIG,AMERICAN INTL GROUP INC,026874784,14323386000.0,190344,0.24905715367736997
BKNG,BOOKING HOLDINGS INC,09857L108,14298247000.0,3396,0.24862003302822347
HD,HOME DEPOT INC,437076102,14154768000.0,43038,0.24612519896088247
HDB,HDFC BANK LTD,40415F101,14097854000.0,566634,0.24513556991336577
TOST,TOAST INC,888787108,13232254000.0,499142,0.2300843891225157
ARM,ARM HOLDINGS PLC,042068205,13207349000.0,87304,0.2296513372999693
DELL,DELL TECHNOLOGIES INC,24703L202,12628326000.0,76941,0.21958319975946516
CL,COLGATE PALMOLIVE CO,194162103,12609438000.0,147946,0.2192547724226149
FWONK,LIBERTY MEDIA CORP DEL,531229755,12230892000.0,143859,0.212672558601389
UNP,UNION PAC CORP,907818108,12183163000.0,50215,0.21184263969200073
FCNCA,FIRST CTZNS BANCSHARES INC D,31946M103,12180558000.0,6463,0.2117973435668157
CIT,CINTAS CORP,172908105,12107041000.0,71580,0.2105190191003174
WDC,WESTERN DIGITAL CORP,958102105,12084952000.0,44678,0.21013493230215533
NGG,NATIONAL GRID PLC,636274409,12068021000.0,142648,0.20984053357067442
NVR,NVR INC,62944T105,11762847000.0,1785,0.20453412293450654
JCI,JOHNSON CONTROLS INTERNATION,G51502105,11623777000.0,88765,0.20211595321109674
ASML,ASML HLDG NV,N07059210,11467446000.0,8682,0.199397646667411
OEF,ISHARES TR,464287101,11465469000.0,36047,0.19936327029908438
TRV,TRAVELERS COMPANIES INC,89417E109,11340227000.0,38879,0.19718554388433435
SMH,VANECK ETF TRUST,92189F676,11320652000.0,29527,0.19684517088990172
SBUX,STARBUCKS CORP,855244109,11254654000.0,125624,0.19569758790719083
TPG,TPG INC,872657101,11251207000.0,277739,0.1956376509615045
COP,CONOCOPHILLIPS,20825C104,11181720000.0,84710,0.1944294007308971
SYY,SYSCO CORP,871829107,11032397000.0,154667,0.1918329503274404
DECK,DECKERS OUTDOOR CORP,243537107,10947844000.0,109380,0.1903627302611179
TXN,TEXAS INSTRS INC,882508104,10588396000.0,54540,0.18411259528779364
NOW,SERVICENOW INC,81762P102,10529753000.0,100715,0.18309290213262056
SOXX,ISHARES TR,464287523,10478995000.0,31884,0.18221031452335304
CCEP,COCA-COLA EUROPACIFIC PARTNE,G25839104,10457515000.0,115336,0.18183681710723995
UNH,UNITEDHEALTH GROUP INC,91324P102,10422856000.0,38519,0.1812341612904307
GRAB,GRAB HOLDINGS LIMITED,G4124C109,10264759000.0,2804579,0.1784851472776176
AFL,AFLAC INC,001055102,10210600000.0,93069,0.17754342257746553
FLUT,FLUTTER ENTMT PLC,G3643J108,10207438000.0,100122,0.1774884412539204
RIO,RIO TINTO PLC,767204100,10115808000.0,108434,0.17589516526516624
IP,INTERNATIONAL PAPER CO,460146103,10108776000.0,283159,0.17577289180938843
AER,AERCAP HOLDINGS NV,N00985106,9865025000.0,71913,0.17153451337945486
RF,REGIONS FINANCIAL CORP NEW,7591EP100,9830001000.0,376340,0.17092551088867539
CMCSA,COMCAST CORP NEW,20030N101,9818217000.0,341979,0.1707206089542491
CMI,CUMMINS INC,231021106,9768291000.0,18156,0.1698524882840042
APH,AMPHENOL CORP,032095101,9668176000.0,76519,0.16811167386062623
BAC,BANK AMERICA CORP,060505104,9665419000.0,198265,0.16806373473696593
EVR,EVERCORE INC,29977A105,9656500000.0,32349,0.16790864984616927
EFX,EQUIFAX INC,294429105,9631404000.0,53487,0.16747227688738095
XOM,EXXON MOBIL CORP,30231G102,9629053000.0,56755,0.1674313973517533
PDD,PDD HOLDINGS INC,722304102,9581112000.0,93767,0.1665977921550179
IBN,ICICI BANK LIMITED,45104G104,9512656000.0,367284,0.16540746910485798
TCOM,TRIP COM GROUP LTD,89677Q107,9506703000.0,190936,0.16530395746062518
ABNB,AIRBNB INC,009066101,9423392000.0,74623,0.16385533347394943
AVB,AVALONBAY CMNTYS INC,053484101,9386254000.0,57461,0.163209572438586
FBIN,FORTUNE BRANDS INNOVATIONS I,34964C106,9384716000.0,240819,0.16318282946717158
NSC,NORFOLK SOUTHN CORP,655844108,9354765000.0,32595,0.1626620370505048
BA,BOEING CO,097023105,9281963000.0,46636,0.16139614510972908
DHR,DANAHER CORP DEL,235851102,9281678000.0,48954,0.1613911894875879
NVS,NOVARTIS AG,66987V109,9251457000.0,60566,0.16086570227099795
GM,GENERAL MTRS CO,37045V100,9238075000.0,124001,0.1606330140762854
TPD,SOMNIGROUP INTERNATIONAL INC,88023U101,9156914000.0,123876,0.15922177460751671
EXE,EXPAND ENERGY CORPORATION,165167735,9035992000.0,82310,0.157119164991538
JNJ,JOHNSON & JOHNSON,478160104,9006147000.0,36844,0.1566002157185448
DD,DUPONT DE NEMOURS INC,26614N102,8986281000.0,196207,0.15625478277308383
ATI,ATI INC,01741R102,8908989000.0,61247,0.1549108180483999
MTG,MGIC INVT CORP WIS,552848103,8733060000.0,332688,0.15185173858288065
EQH,EQUITABLE HLDGS INC,29452E101,8701070000.0,234467,0.15129549173271972
SSNC,SS&C TECH HLDGS,78467J100,8697543000.0,128719,0.15123416373520432
RRX,REGAL REXNORD CORPORATION,758750103,8565085000.0,45739,0.14893096444546955
RJF,RAYMOND JAMES FINL INC,754730109,8528565000.0,58903,0.1482959492854859
WTRG,ESSENTIAL UTILS INC,29670G102,8463465000.0,210168,0.14716398085955668
GILD,GILEAD SCIENCES INC,375558103,8411258000.0,60352,0.1462561978240346
CPA,COPA HOLDINGS SA,P31076105,8368172000.0,73657,0.14550701208517763
QUAL,ISHARES TR,46432F339,8363108000.0,43601,0.14541895850439568
WMT,WALMART INC,931142103,8318558000.0,66934,0.14464431651706622
FDX,FEDEX CORP,31428X106,8310748000.0,23333,0.14450851508225046
8CW,CROWN CASTLE INC,22822V101,8303133000.0,102117,0.1443761043362681
BAC,VERIZON COMMUNICATIONS INC,92343V104,8290078000.0,165141,0.14414910206590703
PFGC,PERFORMANCE FOOD GROUP CO,71377A103,8226444000.0,96036,0.14304262466474604
AN,AUTONATION INC,05329W102,8164602000.0,41814,0.14196730682455685
CSGP,COSTAR GROUP INC,22160N109,8121128000.0,201317,0.14121137448432877
SHOP,SHOPIFY INC,82509L107,8049790000.0,67862,0.13997093879202557
R,RYDER SYS INC,783549108,8044079000.0,39295,0.13987163507957576
TOL,TOLL BROTHERS INC,889478103,8004238000.0,58652,0.13917887388053665
ECL,ECOLAB INC,278865100,7966501000.0,29947,0.13852269734460285
AHR,AMERICAN HEALTHCARE REIT INC,398182303,7965654000.0,168907,0.13850796958336226
Z,ZILLOW GROUP INC,98954M200,7957167000.0,192295,0.13836039637244274
SNOW,SNOWFLAKE INC,833445109,7945952000.0,52685,0.13816538829415093
CSCO,CISCO SYS INC,17275R102,7941802000.0,102356,0.13809322748051642
BDX,BECTON DICKINSON & CO,075887109,7901279000.0,50253,0.13738860756463422
MELI,MERCADOLIBRE  INC,58733R102,7856667000.0,4544,0.13661288751213724
RGLD,ROYAL GOLD INC,780287108,7829894000.0,30767,0.13614735462938143
AJG,GALLAGHER ARTHUR J & CO,363576109,7812907000.0,36074,0.13585198216162014
CNM,CORE & MAIN INC,21874C102,7810881000.0,158115,0.1358167537740482
MCX,MCCORMICK & CO INC,579780206,7779613000.0,154235,0.1352730611666449
PFE,PFIZER INC,717081103,7726044000.0,275144,0.1343415954737324
LEVI,LEVI STRAUSS & CO NEW,52736R102,7662589000.0,414418,0.13323823055103903
OXY,OCCIDENTAL PETE CORP,674599105,7654205000.0,117757,0.13309244831934947
WFRD,WEATHERFORD INTL PLC,G48833118,7634308000.0,80718,0.1327464763413047
LUV,SOUTHWEST AIRLS CO,844741108,7588238000.0,201976,0.13194540436922236
LRCX,LAM RESEARCH CORP,512807306,7561855000.0,35392,0.1314866528641334
CPRT,COPART INC,217204106,7556718000.0,227612,0.13139732994855738
TSLA,TESLA INC,88160R101,7549127000.0,20307,0.13126533651812378
HCA,HCA HEALTHCARE INC,40412C101,7545812000.0,15945,0.1312076948079555
ZM,ZOOM COMMUNICATIONS INC,98980L101,7508024000.0,93395,0.1305506314764806
IWB,ISHARES TR,464287622,7497387000.0,21027,0.13036567374765407
FIS,FIDELITY NATL INFORMATION SV,31620M106,7475249000.0,159353,0.12998073493024667
QCOM,QUALCOMM INC,747525103,7473619000.0,58034,0.12995239224922878
CRWD,CROWDSTRIKE HLDGS INC,22788C105,7462297000.0,19114,0.12975552363911555
ONON,ON HLDG AG,H5919C104,7459361000.0,219264,0.12970447203698762
CIEN,CIENA CORP,171779309,7449357000.0,19188,0.12953052100575882
BUD,ANHEUSER BUSCH INBEV SA NV,03524A108,7441042000.0,107266,0.12938593855627184
POST,POST HLDGS INC,737446104,7353800000.0,74386,0.12786896176034376
RYAN,RYAN SPECIALTY HOLDINGS INC,78351F107,7346176000.0,217729,0.12773639452103064
ADM,ARCHER DANIELS MIDLAND CO,039483102,7342853000.0,101016,0.12767861370567943
WWD,WOODWARD INC,980745103,7331633000.0,20484,0.1274835186866483
WEC,WEC ENERGY GROUP INC,92939U106,7310181000.0,63144,0.12711050813867544
CPT,CAMDEN PPTY TR,133131102,7307312000.0,74824,0.1270606215424544
OLLI,OLLIES BARGAIN OUTLET HLDGS,681116109,7267570000.0,78961,0.1263695817700538
MSFT,MICROSOFT CORP,594918104,7249779000.0,19585,0.12606022923141005
MET,METLIFE INC,59156R108,7245547000.0,102454,0.12598664258965073
ED,CONSOLIDATED EDISON INC,209115104,7218847000.0,63782,0.12552237904168898
KHC,KRAFT HEINZ CO,500754106,7208832000.0,320535,0.12534823674083365
HEI/A,HEICO CORP NEW,422806208,7195425000.0,34087,0.12511511384242452
XLV,SELECT SECTOR SPDR TR,81369Y209,7184770000.0,49006,0.12492984312693642
T,AT&T INC,00206R102,7178968000.0,247636,0.12482895709303103
SCCO,SOUTHERN COPPER CORP,84265V105,7134984000.0,41468,0.12406415679739244
AAL,AMERICAN AIRLINES GROUP INC,02376R102,7108559000.0,661877,0.12360467499009321
ROIV,ROIVANT SCIENCES LTD,G76279101,7075439000.0,255431,0.12302877953284626
ROP,ROPER TECHNOLOGIES INC,776696106,7074369000.0,19992,0.12301017421463206
SYK,STRYKER CORPORATION,863667101,7047270000.0,21447,0.12253897279567269
SBLK,STAR BULK CARRIERS CORP.,Y8162K204,7046507000.0,306770,0.12252570563885265
OHI,OMEGA HEALTHCARE INVS INC,681936100,7039683000.0,160650,0.12240704891783051
OMC,OMNICOM GROUP INC,681919106,7030414000.0,93353,0.12224587817528156
PBI,PITNEY BOWES INC,724479100,7026905000.0,635919,0.1221848631644277
BKR,BAKER HUGHES COMPANY,05722G100,7017087000.0,114940,0.12201414632870154
DG,DOLLAR GEN CORP,256677105,7004358000.0,58994,0.12179281259454404
PCG,PG&E CORP,69331C108,7003543000.0,398608,0.12177864125403508
VRTX,VERTEX PHARMACEUTICALS INC,92532F100,6980313000.0,15632,0.12137471457916049
AMGN,AMGEN INC,031162100,6951149000.0,19756,0.12086760663486248
PEG,PUBLIC SVC ENTERPRISE GROUP,744573106,6933853000.0,85656,0.12056686122941129
DOCU,DOCUSIGN INC,256163106,6917356000.0,145905,0.12028000895410325
SU,SUNCOR ENERGY INC NEW,867224107,6854748000.0,103687,0.11919137179265045
PL,PLANET LABS PBC,72703X106,6813260000.0,243766,0.11846997231407977
GPN,GLOBAL PMTS INC,37940X102,6771995000.0,100624,0.1177524503924827
FANG,DIAMONDBACK ENERGY INC,25278X109,6713190000.0,33941,0.11672994035735566
DT,DYNATRACE INC,268150109,6695636000.0,181061,0.11642470880975564
GPK,GRAPHIC PACKAGING HLDG CO,388689101,6689590000.0,672997,0.1163195800677715
DVN,DEVON ENERGY CORP NEW,25179M103,6683704000.0,132824,0.11621723342944554
HOOD,ROBINHOOD MKTS INC,770700102,6601449000.0,95259,0.11478697132691393
ALK,ALASKA AIR GROUP INC,011659109,6569975000.0,178629,0.11423969676105068
APPF,APPFOLIO INC,03783C100,6567364000.0,41613,0.11419429630697847
ITW,ILLINOIS TOOL WKS INC,452308109,6557746000.0,25194,0.11402705710082506
AZO,AUTOZONE INC,053332102,6539382000.0,1936,0.1137077411534554
RE,EVEREST GROUP LTD,G3223R108,6538961000.0,20006,0.11370042074320477
NEU,NEWMARKET CORP,651587107,6534485000.0,10195,0.11362259139336668
MO,ALTRIA GROUP INC,02209S103,6525817000.0,98891,0.11347187092768381
FLS,FLOWSERVE CORP,34354P105,6516000000.0,88641,0.11330117148010552
IJH,ISHARES TR,464287507,6498344000.0,96229,0.1129941663414234
BAP,CREDICORP LTD,G2519Y108,6485122000.0,19120,0.11276426025036906
PRMB,PRIMO BRANDS CORPORATION,741623102,6428901000.0,341418,0.11178668118932195
KEYS,KEYSIGHT TECHNOLOGIES INC,49338L103,6427024000.0,22761,0.11175404363578173
D,DOMINION ENERGY INC,25746U109,6401646000.0,103553,0.11131276721929582
MP,MP MATERIALS CORP,553368101,6390300000.0,132414,0.11111548129363387
EQIX,EQUINIX INC,29444U700,6360777000.0,6489,0.11060213100425278
HBAN,HUNTINGTON BANCSHARES INC,446150104,6356498000.0,406166,0.11052772711954385
AGNC,AGNC INVT CORP,00123Q104,6335209000.0,631626,0.11015755083967277
ACI,ALBERTSONS COS INC,013091103,6325657000.0,371224,0.10999145925127836
TEAM,ATLASSIAN CORPORATION,049468101,6308279000.0,92429,0.10968928801770236
LEN,LENNAR CORP,526057104,6301024000.0,72559,0.10956313700495093
HAL,HALLIBURTON CO,406216101,6290335000.0,161332,0.10937727509243546
SBAC,SBA COMMUNICATIONS CORP,78410G104,6205426000.0,36055,0.10790086484547348
SLM,SLM CORP,78442P106,6198645000.0,289521,0.1077829558148095
UPWK,UPWORK INC,91688F104,6186876000.0,564496,0.1075783147026012
OGE,OGE ENERGY CORP,670837103,6172692000.0,128705,0.10733168121330194
FNF,FIDELITY NATL FINL INC,31620R303,6156481000.0,132740,0.10704980194828292
PATH,UIPATH INC,90364P105,6152730000.0,554300,0.10698457900564604
RMD,RESMED INC,761152107,6147609000.0,27386,0.10689553430043586
VRSK,VERISK ANALYTICS INC,92345Y106,6140500000.0,32361,0.10677192195727254
A4S,AMERIPRISE FINL INC,03076C106,6099834000.0,13726,0.10606481553624586
VLTO,VERALTO CORP,92338C103,6051907000.0,68445,0.10523145377358056
IONS,IONIS PHARMACEUTICALS INC,462222100,6046172000.0,80519,0.10513173274558202
PBR,PETROLEO BRASILEIRO S A,71654V408,6042068000.0,291184,0.10506037178674926
SARO,STANDARDAERO INC,85423L103,6001394000.0,232342,0.10435312626053965
GAP,GAP INC,364760108,5994679000.0,247714,0.10423636484763465
PKG,PACKAGING CORP AMER,695156109,5983755000.0,28196,0.10404641672037121
SOFI,SOFI TECHNOLOGIES INC,83406F102,5975628000.0,376299,0.10390510324268262
DOCN,DIGITALOCEAN HLDGS INC,25402D102,5915389000.0,68960,0.10285765860351902
SF,STIFEL FINL CORP,860630102,5915004000.0,80019,0.10285096416659148
GEN,GEN DIGITAL INC,668771108,5914296000.0,314089,0.10283865335790396
FND,FLOOR & DECOR HLDGS INC,339750101,5901538000.0,116172,0.1026168153674584
WING,WINGSTOP INC,974155103,5900638000.0,38076,0.10260116603438103
CNX,CNX RES CORP,12653C108,5877526000.0,152465,0.10219929116095437
MT,ARCELORMITTAL SA LUXEMBOURG,03938L203,5865943000.0,112850,0.1019978842442487
AA,ALCOA CORP,013872106,5845796000.0,88132,0.10164756522923803
ESAB,ESAB CORPORATION,29605J106,5840004000.0,60418,0.10154685307681124
MDLZ,MONDELEZ INTL INC,609207105,5833629000.0,101208,0.10143600363417993
ABBV,ABBVIE INC,00287Y109,5805243000.0,26692,0.10094242366891991
LAUR,LAUREATE ED INC,518613203,5801069000.0,166506,0.10086984553973669
BR,BROADRIDGE FINL SOLUTIONS IN,11133T103,5800374000.0,35699,0.10085776077697138
EL,LAUDER ESTEE COS INC,518439104,5797796000.0,80783,0.10081293413177868
BOOT,BOOT BARN HLDGS INC,099406100,5772585000.0,39441,0.10037456153598602
EXEL,EXELIXIS INC,30161Q104,5764974000.0,134413,0.10024222034259513
XYL,XYLEM INC,98419M100,5758944000.0,48192,0.1001373698109768
EMN,EASTMAN CHEM CO,277432100,5750712000.0,75350,0.09999423057776252
DIS,DISNEY WALT CO,254687106,5732104000.0,59474,0.0996706719223141
GTLS,CHART INDS INC,16115Q308,5729870000.0,27714,0.09963182679998653
WDAY,WORKDAY INC,98138H101,5709464000.0,43946,0.09927700425467911
MSTR,STRATEGY INC,594972408,5679523000.0,45509,0.098756385719491
MMYT,MAKEMYTRIP LIMITED MAURITIUS,V5633W109,5670467000.0,152064,0.098598918652437
RACE,FERRARI N V,N3167Y103,5656853000.0,16714,0.0983621964074201
VLO,VALERO ENERGY CORP,91913Y100,5654179000.0,22884,0.09831570050003247
OWL,BLUE OWL CAPITAL INC,09581B103,5653716000.0,619246,0.09830764978757155
MIDD,MIDDLEBY CORP,596278101,5640484000.0,42544,0.0980775698150386
PWR,QUANTA SVCS INC,74762E102,5624710000.0,10245,0.09780328917063602
FSK,FS KKR CAP CORP,302635206,5618902000.0,551955,0.09770229880784342
NOV,NOV INC,62955J103,5611719000.0,298337,0.09757739974173822
SJM,SMUCKER J M CO,832696405,5605575000.0,58125,0.09747056696126342
N/A,QIAGEN NV,N72482156,5604159000.0,139964,0.09744594534388838
TSCO,TRACTOR SUPPLY CO,892356106,5581957000.0,123222,0.0970598936850177
WELL,WELLTOWER INC,95040Q104,5570479000.0,28175,0.09686031252383774
EQT,EQT CORP,26884L109,5561627000.0,87392,0.09670639263894794
N/A,FERROVIAL SE,N3168P101,5526518000.0,84958,0.09609591215560002
RYAAY,RYANAIR HOLDINGS PLC,783513203,5491173000.0,95003,0.09548132806935627
NUVL,NUVALENT INC,670703107,5466117000.0,53354,0.0950456506364825
BL,BLACKLINE INC,09239B109,5445290000.0,147170,0.09468350768092446
AGIO,AGIOS PHARMACEUTICALS INC,00847X104,5442570000.0,160880,0.09463621191873509
NVST,ENVISTA HOLDINGS CORPORATION,29415F104,5440546000.0,214448,0.0946010183074589
TECK,TECK RESOURCES LTD,878742204,5437838000.0,105079,0.0945539312030439
NI,NISOURCE INC,65473P105,5414706000.0,116046,0.09415170856665994
LII,LENNOX INTL INC,526107107,5375554000.0,11582,0.09347092780149895
YELP,YELP INC,985817105,5373874000.0,217214,0.09344171571308788
CFG,CITIZENS FINL GROUP INC,174610105,5359519000.0,89370,0.09319210885050394
MDT,MEDTRONIC PLC,G5960L103,5352717000.0,61774,0.0930738346687348
UDR,UDR INC,902653104,5344672000.0,158220,0.09293394701917104
DKNG,DRAFTKINGS INC NEW,26142V105,5337135000.0,246861,0.09280289254872207
AMT,AMERICAN TOWER CORP,03027X100,5322540000.0,30841,0.09254911253065083
JXN,JACKSON FINANCIAL INC,46817M107,5304184000.0,50172,0.09222993568846409
TRMB,TRIMBLE INC,896239100,5296611000.0,81199,0.092098255244692
CNI,CANADIAN NATL RY CO,136375102,5290600000.0,51480,0.0919937350878831
BMRN,BIOMARIN PHARMACEUTICAL INC,09061G101,5287972000.0,93609,0.09194803903529719
BLD,TOPBUILD COR,89055F103,5286011000.0,15047,0.09191394087733641
WM,WASTE MGMT INC DEL,94106L109,5271842000.0,22942,0.09166756821025514
EBA,EBAY INC.,278642103,5242843000.0,57601,0.09116332931035465
ANET,ARISTA NETWORKS INC,040413205,5242215000.0,42696,0.09115240955349621
CTRE,CARETRUST REIT INC,14174T107,5208222000.0,142107,0.09056133424316423
NWE,NORTHWESTERN ENERGY GROUP IN,668074305,5206754000.0,78962,0.09053580844210027
VNOM,VIPER ENERGY INC,64361Q101,5184501000.0,110332,0.09014886998768853
BLDR,BUILDERS FIRSTSOURCE INC,12008R107,5183991000.0,62966,0.09014000203227804
MTN,VAIL RESORTS INC,91879Q109,5181562000.0,40380,0.09009776622111702
RYTM,RHYTHM PHARMACEUTICALS INC,76243J105,5174889000.0,59502,0.0899817351104223
LPLA,LPL FINL HLDGS INC,50212V100,5170064000.0,17186,0.08989783729697978
HXL,HEXCEL CORP NEW,428291108,5159207000.0,63749,0.08970905417562319
LQD,ISHARES TR,464287242,5157407000.0,47320,0.08967775550946847
XPO,XPO INC,983793100,5131840000.0,26378,0.08923319273303632
O,REALTY INCOME CORP,756109104,5123336000.0,83742,0.0890853239236031
CLS,CELESTICA INC,15101Q207,5122914000.0,18187,0.08907798612520462
HGV,HILTON GRAND VACATIONS INC,43283X105,5047262000.0,129020,0.08776253796301724
IMVT,IMMUNOVANT INC,45258J102,5043240000.0,203029,0.08769260283230929
CEG,CONSTELLATION ENERGY CORP,21037T109,5037670000.0,18040,0.08759575084870828
TENB,TENABLE HLDGS INC,88025T102,5035139000.0,297673,0.08755174144646516
IT,GARTNER INC,366651107,5019378000.0,31700,0.08727768684798481
BCO,BRINKS CO,109696104,5010821000.0,48353,0.08712889646671483
ITA*,ISHARES TR,464288760,4989250000.0,22808,0.08675381672914617
ADMA,ADMA BIOLOGICS INC,000899104,4980665000.0,552793,0.086604539479736
CARG,CARGURUS INC,141788109,4968985000.0,145932,0.08640144591268756
VRDN,VIRIDIAN THERAPEUTICS INC,92790C104,4967692000.0,253972,0.08637896303749974
HAE,HAEMONETICS CORP MASS,405024100,4956129000.0,87937,0.08617790388375136
N/A,APTIV PLC,G3265R107,4955724000.0,71367,0.08617086168386655
OSK,OSHKOSH CORP,688239201,4940368000.0,33560,0.08590384928527102
CG,CARLYLE GROUP INC,14316J108,4939312000.0,102073,0.0858854874011269
SRRK,SCHOLAR ROCK HLDG CORP,80706P103,4936893000.0,100425,0.08584342547144454
DDOG,DATADOG INC,23804L103,4934372000.0,41799,0.08579958995068004
PDI,PIMCO DYNAMIC INCOME FD,72201Y101,4929494000.0,288106,0.08571477056540075
ISRG,INTUITIVE SURGICAL INC,46120E602,4928905000.0,10692,0.085704528946309
CHE,CHEMED CORP NEW,16359R103,4907220000.0,12991,0.08532746695988389
BN,BROOKFIELD CORP,11271J107,4900350000.0,121086,0.08520801038406002
SHEL,SHELL PLC,780259305,4886127000.0,52539,0.08496069875699411
DBX,DROPBOX INC,26210C104,4865374000.0,214145,0.08459984252437798
ZBRA,ZEBRA TECHNOLOGIES CORPORATI,989207105,4856719000.0,23229,0.08444934810461734
CHYM,CHIME FINL INC,16935C109,4843353000.0,258588,0.08421693812027063
SONO,SONOS INC,83570H108,4838914000.0,361113,0.08413975213190351
PBF,PBF ENERGY INC,69318G106,4827906000.0,101384,0.0839483434002195
MKSI,MKS INC.,55306N104,4815898000.0,20956,0.08373954652067177
TFC,TRUIST FINL CORP,89832Q109,4807313000.0,104575,0.08359026927126158
ULTA,ULTA BEAUTY INC,90384S303,4786455000.0,9157,0.08322758728311978
PNC,PNC FINL SVCS GROUP INC,693475105,4784405000.0,22992,0.08319194157999912
CHWY,CHEWY INC,16679L109,4780161000.0,177043,0.08311814628046542
DASH,DOORDASH INC,25809K105,4777323000.0,31817,0.08306879871682814
DJCO,DAILY JOURNAL CORP,233912104,4752014000.0,9852,0.08262872208254483
AMD,ADVANCED MICRO DEVICES INC,007903107,4744598000.0,23323,0.08249977157798737
CARR,CARRIER GLOBAL CORPORATION,14448C104,4740683000.0,84189,0.08243169697910084
SPXL,DIREXION SHARES ETF TRUST,25459W862,4732260000.0,25595,0.0822852366096446
CVE,CENOVUS ENERGY INC,15135U109,4730166000.0,178295,0.08224882582801793
WMG,WARNER MUSIC GROUP CORP,934550203,4722372000.0,184901,0.08211330260356796
LASR,NLIGHT INC,65487K100,4701641000.0,82456,0.08175282891020486
NRG,NRG ENERGY INC,629377508,4699862000.0,32160,0.08172189539515526
BRO,BROWN & BROWN INC,115236101,4693816000.0,71980,0.08161676665317111
EC,ECOPETROL S A,279158109,4678424000.0,312103,0.08134912828125249
DY,DYCOM INDS INC,267475101,4657420000.0,13746,0.08098390762352256
N/A,JAMES HARDIE INDS PLC,G4253H101,4651475000.0,245590,0.08088053508447265
CCK,CROWN HLDGS INC,228368106,4647891000.0,46363,0.08081821596252903
EURN,CMB.TECH NV,B38564108,4647193000.0,367367,0.08080607903532014
IWY,ISHARES TR,464289438,4646092000.0,18671,0.08078693468452217
N/A,NEWAMSTERDAM PHARMA COMPANY,N62509109,4633736000.0,144759,0.08057208672951784
RNR,RENAISSANCERE HLDGS LTD,G7496G103,4629654000.0,15576,0.08050110830993806
MTB,M & T BK CORP,55261F104,4620812000.0,22353,0.0803473623065269
GFS,GLOBALFOUNDRIES INC,G39387108,4617780000.0,103817,0.08029464144220406
PLTR,PALANTIR TECHNOLOGIES INC,69608A108,4617036000.0,31563,0.08028170466019344
CPAY,CORPAY INC,219948106,4608991000.0,15839,0.08014181701062968
TXNM,TXNM ENERGY INC,69349H107,4568532000.0,78148,0.07943830993621077
CSL,CARLISLE COS INC,142339100,4565923000.0,13686,0.07939294425843428
PRU,PRUDENTIAL FINL INC,744320102,4555871000.0,46636,0.07921815859610801
TLN,TALEN ENERGY CORP,87422Q109,4533704000.0,14202,0.07883271552241257
EPR,EPR PPTYS,26884U109,4508940000.0,90251,0.078402115428715
CVX,CHEVRON CORPORATION,166764100,4507523000.0,21786,0.0783774764231921
BTU,PEABODY ENGR CORP,704551100,4507329000.0,136793,0.07837410312250653
LITE,LUMENTUM HLDGS INC,55024U109,4502583000.0,6407,0.07829157897274523
MDB,MONGODB INC,60937P106,4476354000.0,18288,0.0778355052424273
TFX,TELEFLEX INCORPORATED,879369106,4471141000.0,37381,0.07774486082761364
UGI,UGI CORP NEW,902681105,4470664000.0,122753,0.07773656668108263
EHC,ENCOMPASS HEALTH CORP,29261A100,4466895000.0,46179,0.07767103075178422
MTCH,MATCH GROUP INC NEW,57667L107,4452766000.0,144994,0.07742535361061748
THO,THOR INDS INC,885160101,4451870000.0,55725,0.07740977383013158
XYZ,BLOCK INC,852234103,4449649000.0,73939,0.07737115475372622
QXO,QXO INC,82846H405,4440189000.0,228640,0.07720666287493527
IOT,SAMSARA INC,79589L106,4437899000.0,140041,0.07716684401632731
DKS,DICKS SPORTING GOODS INC,253393102,4423255000.0,22307,0.07691221197901077
NNN,NNN REIT INC,637417106,4410670000.0,104941,0.07669338213814564
MAA,MID-AMER APT CMNTYS INC,59522J103,4397908000.0,36013,0.07647147459510864
RY,ROYAL BK CDA,780087102,4392489000.0,27151,0.07637724822183506
RIG,TRANSOCEAN LTD,H8817H100,4385261000.0,661427,0.07625156668907597
ITUB,ITAU UNIBANCO HLDG S A,465562106,4384475000.0,523207,0.07623789960485507
CLVT,CLARIVATE PLC,G21810109,4374094000.0,1728891,0.07605739324188163
DEO,DIAGEO PLC,25243Q205,4362249000.0,58593,0.07585143063043567
AVGO,BROADCOM INC,11135F101,4360377000.0,14088,0.07581888001763475
PSLV/U,SPROTT ASSET MANAGEMENT LP,85207K107,4352078000.0,178437,0.07567457577851361
TPL,TEXAS PACIFIC LAND CORPORATI,88262P102,4335106000.0,9135,0.07537946413297028
LOAR,LOAR HOLDINGS INC,53947R105,4334218000.0,75654,0.07536402345766727
7HP,HP INC,40434L105,4333738000.0,225598,0.07535567714669268
PHYS/U,SPROTT ASSET MANAGEMENT LP,85207H104,4330024000.0,122179,0.07529109756552677
VUG,VANGUARD INDEX FDS,922908736,4311991000.0,9872,0.07497753709510001
FCX,FREEPORT MCMORAN INC,35671D857,4307281000.0,73278,0.07489563891866181
VALE,VALE S A,91912E105,4288365000.0,269539,0.07456672471367137
ING,ING GROEP N.V.,456837103,4267850000.0,163833,0.07421000686024683
BAM,BROOKFIELD ASSET MANAGMT LTD,113004105,4267200000.0,96000,0.07419870456413541
BRK/B,BERKSHIRE HATHAWAY INC DEL,084670702,4257213000.0,8884,0.07402504913142027
PRI,PRIMERICA INC,74164M108,4250395000.0,16969,0.07390649673928532
CRBG,COREBRIDGE FINL INC,21871X109,4243644000.0,177856,0.07378910935305723
TLT,ISHARES TR,464287432,4233333000.0,48833,0.07360982016043424
CNC,CENTENE CORP DEL,15135B101,4216355000.0,128783,0.07331460418600373
SIG,SIGNET JEWELERS LIMITED,G81276100,4211432000.0,49757,0.07322900233407056
0J7Q,IAC INC,44891N208,4208634000.0,105137,0.07318035029634783
MRK,MERCK & CO INC,58933Y105,4186453000.0,34803,0.07279466378858229
ACGL,ARCH CAP GROUP LTD,G0450A105,4184204000.0,43590,0.07275555784403674
PSX,PHILLIPS 66,718546104,4180667000.0,22948,0.0726940559650427
NSA,NATIONAL STORAGE AFFILIATES,637870106,4171100000.0,110522,0.07252770355443035
ETSY,ETSY INC,29786A106,4165533000.0,83344,0.07243090373527292
FDS,FACTSET RESH SYS INC,303075105,4161868000.0,19180,0.07236717617335234
WHD,CACTUS INC,127203107,4156528000.0,87746,0.07227432346375998
GXO,GXO LOGISTICS INCORPORATED,36262G101,4154015000.0,80116,0.07223062704817841
CHKP,CHECK POINT SOFTWARE TECH LT,M22465104,4152650000.0,29070,0.07220689222634441
WAB,WABTEC,929740108,4131262000.0,16531,0.07183499451983481
SITM,SITIME CORP,82982T106,4128659000.0,11955,0.07178973317094552
N/A,NATIONAL ENERGY SERVICES REU,G6375R107,4118118000.0,191808,0.07160644470431388
NOC,NORTHROP GRUMMAN CORP,666807102,4107085000.0,6020,0.07141460126893327
PPL,PPL CORP,69351T106,4096912000.0,107249,0.07123771164071548
XLY,SELECT SECTOR SPDR TR,81369Y407,4090891000.0,37538,0.07113301760242792
GPI,GROUP 1 AUTOMOTIVE INC,398905109,4089562000.0,12369,0.07110990875391701
XHB,SPDR SERIES TRUST,78464A888,4082664000.0,41356,0.07098996530995295
TRGP,TARGA RES CORP,87612G101,4075365000.0,16254,0.07086304921869555
CBOE,CBOE GLOBAL MKTS INC,12503M108,4066240000.0,14467,0.07070438236943896
STEP,STEPSTONE GROUP INC,85914M107,4065267000.0,85190,0.07068746370156755
ZETA,ZETA GLOBAL HOLDINGS CORP,98956A105,4065140000.0,255348,0.07068525540678884
SPOT,SPOTIFY TECHNOLOGY S A,L8681T102,4062091000.0,8377,0.07063223894395232
PAYC,PAYCOM SOFTWARE INC,70432V102,4053845000.0,33354,0.07048885627666795
FTNT,FORTINET INC,34959E109,4050370000.0,49564,0.07042843246284146
MCK,MCKESSON CORP,58155Q103,4049019000.0,4679,0.07040494107507757
MSI,MOTOROLA SOLUTIONS INC,620076307,4043298000.0,9317,0.07030546348114912
IWO,ISHARES TR,464287648,4039362000.0,12872,0.07023702373115746
HWM,HOWMET AEROSPACE INC,443201108,4024293000.0,17462,0.06997500173099881
MNST,MONSTER BEVERAGE CORP NEW,61174X109,4022037000.0,55507,0.06993577406941823
EQPT,EQUIPMENTSHARE COM INC,29445S100,4018695000.0,197285,0.06987766287925762
ASAN,ASANA INC,04342Y104,3989133000.0,623302,0.06936363445210984
GENI,GENIUS SPORTS LIMITED,G3934V109,3963149000.0,894616,0.06891182081801853
MMM,3M CO,88579Y101,3950256000.0,27200,0.06868763542761137
HUBS,HUBSPOT INC,443573100,3947097000.0,16170,0.06863270626850983
IMAX,IMAX CORP,45245E109,3944032000.0,103763,0.06857941159530748
CHRW,C H ROBINSON WORLDWIDE IN,12541W209,3940343000.0,23727,0.06851526671783816
SSB,SOUTHSTATE BK CORP,84472E102,3933303000.0,42513,0.06839285415687746
GLNG,GOLAR LNG LTD,G9456A100,3930496000.0,72639,0.06834404562582394
PAYO,PAYONEER GLOBAL INC,70451X104,3924124000.0,812448,0.06823324834763622
ETR,ENTERGY CORP NEW,29364G103,3920690000.0,34894,0.06817353744787213
CNHI,CNH INDL N V,N20944109,3907178000.0,355198,0.06793858879393734
VOOG,VANGUARD ADMIRAL FDS INC,921932505,3900370000.0,9567,0.06782021028328103
CDW,CDW CORP,12514G108,3886799000.0,32117,0.06758423572862227
BOX,BOX INC,10316T104,3882303000.0,164226,0.06750605861582691
LLY,ELI LILLY & CO,532457108,3879590000.0,4218,0.06745888457067259
WSM,WILLIAMS SONOMA INC,969904101,3874148000.0,21248,0.06736425826999813
UUUU,ENERGY FUELS INC,292671708,3870314000.0,212072,0.06729759211108857
IDCC,INTERDIGITAL INC,45867G101,3868016000.0,12808,0.0672576341472977
SOLS,SOLSTICE ADVANCED MATLS INC,83443Q103,3864206000.0,50738,0.06719138530393687
AXP,AMERICAN EXPRESS CO,025816109,3860855000.0,12764,0.06713311762044548
CCJ,CAMECO CORP,13321L108,3860651000.0,35546,0.06712957043828129
SXI,STANDEX INTL CORP,854231107,3858071000.0,15138,0.06708470901679285
AGO,ASSURED GUARANTY LTD,G0585R106,3857426000.0,47342,0.06707349366142074
BZ,KANZHUN LIMITED,48553T106,3856655000.0,288025,0.0670600873994178
MFIC,MIDCAP FINANCIAL INVSTMNT CO,03761U502,3847789000.0,342330,0.0669059240804579
OTTR,OTTER TAIL CORP,689648103,3846345000.0,43823,0.06688081559494267
ABG,CENCORA INC,03073E105,3844759000.0,12239,0.06685323799243079
NOK,NOKIA CORP,654902204,3838191000.0,477387,0.06673903263726176
ODFL,OLD DOMINION FREIGHT LINE IN,679580100,3837851000.0,19641,0.0667331206669881
SMPL,SIMPLY GOOD FOODS CO,82900L102,3828221000.0,266775,0.06656567280306032
VFC,V F CORP,918204108,3825129000.0,225140,0.06651190864986564
NMRK,NEWMARK GROUP INC,65158N102,3822735000.0,255019,0.06647028142387985
ARI,APOLLO COML REAL ESTATE FIN,03762U105,3820196000.0,361761,0.06642613291645384
HLN,HALEON PLC,405552100,3797294000.0,379350,0.06602790955407854
SKYW,SKYWEST INC,830879102,3786243000.0,41231,0.06583575313203639
THC,TENET HEALTHCARE CORP,88033G407,3784956000.0,20057,0.06581337458573576
BMA,BANCO MACRO S A,05961W105,3784244000.0,48911,0.06580099422445679
EXR,EXTRA SPACE STORAGE INC,30225T102,3781396000.0,28837,0.06575147277934086
LEGN,LEGEND BIOTECH CORP,52490G102,3766465000.0,208207,0.06549185034358741
HYG,ISHARES TR,464288513,3753879000.0,47183,0.06527300311457443
REAL,THE REALREAL INC,88339P101,3753545000.0,413386,0.06526719547318795
CNO,CNO FINL GROUP INC,12621E103,3751858000.0,91375,0.06523786166774183
WBD,WARNER BROS DISCOVERY INC,934423104,3750569000.0,136583,0.06521544834514548
AAPL,APPLE INC,037833100,3750001000.0,14776,0.06520557187715888
FVD,FIRST TR EXCHANGE-TRADED FD,33734H106,3730420000.0,79320,0.06486509455383906
HIG,HARTFORD INSURANCE GROUP INC,416515104,3694348000.0,27319,0.06423786928409835
SNPS,SYNOPSYS INC,871607107,3674973000.0,9269,0.06390097391923846
SEI,SOLARIS ENERGY INFRAS INC,83418M103,3668008000.0,64909,0.06377986546936755
JBTM,JBT MAREL CORPORATION,477839104,3645318000.0,28508,0.06338532839433936
AIN,ALBANY INTL CORP,012348108,3643423000.0,69784,0.06335237785413758
LVS,LAS VEGAS SANDS CORP,517834107,3633775000.0,67442,0.06318461700354826
CE,CELANESE CORP DEL,150870103,3623072000.0,55087,0.06299851165696269
TARS,TARSUS PHARMACEUTICALS INC,87650L103,3622125000.0,51634,0.06298204508093573
APGE,APOGEE THERAPEUTICS INC,03770N101,3610809000.0,42899,0.06278528079970969
MORN,MORNINGSTAR INC,617700109,3609556000.0,21352,0.06276349345043643
ZYME,ZYMEWORKS INC,98985Y108,3602805000.0,143882,0.06264610606420834
FRPT,FRESHPET INC,358039105,3590487000.0,60897,0.06243191885882284
DWD,MORGAN STANLEY,617446448,3580220000.0,21755,0.06225339474470586
XEL,XCEL ENERGY INC,98389B100,3548505000.0,44669,0.06170192963520746
CRNX,CRINETICS PHARMACEUTICALS IN,22663K107,3529069000.0,97166,0.06136397359332789
NAT,NORDIC AMERICAN TANKERS LIMI,G65773106,3512507000.0,599404,0.06107599108840868
CIB1N,GRUPO CIBEST SA,40090E106,3506311000.0,48157,0.06096825412424498
6RJ0,ROCKET LAB CORP,773121108,3504614000.0,54572,0.06093874643732022
MUR,MURPHY OIL CORP,626717102,3500393000.0,84858,0.06086535106518739
BH,BIGLARI HLDGS INC,08986R309,3495302000.0,10605,0.06077682800441311
CPB,THE CAMPBELLS COMPANY,134429109,3487905000.0,156619,0.060648207874665044
FCN,FTI CONSULTING INC,302941109,3487495000.0,19729,0.06064107873404092
DOCS,DOXIMITY INC,26622P107,3480274000.0,149368,0.06051551891831687
SLDE,SLIDE INS HLDGS INC,831349105,3470796000.0,192822,0.06035071405286438
CHD,CHURCH & DWIGHT CO INC,171340102,3463292000.0,37112,0.06022023339129491
ALC,ALCON AG,H01301128,3460750000.0,45929,0.06017603271942528
SR,SPIRE INC,84857L101,3459533000.0,38210,0.06015487134347512
BHVN,BIOHAVEN LTD,G1110E107,3455758000.0,408482,0.06008923108528952
PUK,PRUDENTIAL PLC,74435K204,3444494000.0,121157,0.05989337098775239
ATR,APTARGROUP INC,038336103,3438204000.0,27283,0.059783999537689494
EXPO,EXPONENT INC,30214U102,3437827000.0,52687,0.059777444205944864
IBKR,INTERACTIVE BROKERS GROUP IN,45841N107,3424527000.0,51059,0.05954618183935717
FPS,FORGENT POWER SOLUTIONS INC,34631F102,3423478000.0,116962,0.059527941672248105
BSY,BENTLEY SYS INC,08265T208,3413418000.0,97193,0.059353016904738924
MYRG,MYR GROUP INC,55405W104,3404215000.0,12058,0.05919299377994896
ALB,ALBEMARLE CORP,012653101,3397067000.0,18922,0.05906870329901897
JEF,JEFFERIES FINANCIAL GROUP IN,47233W109,3393178000.0,82219,0.059001080791976905
IVE,ISHARES TR,464287408,3386213000.0,16037,0.05887997234210598
HSY,HERSHEY CO,427866108,3372392000.0,16222,0.058639650750481276
PTON,PELOTON INTERACTIVE INC,70614W100,3368976000.0,785309,0.05858025283737875
GBTG,GLOBAL BUSINESS TRAVEL GROUP,37890B100,3368456000.0,603666,0.058571211000489606
MU,MICRON TECHNOLOGY INC,595112103,3354413000.0,9929,0.058327029240039165
NXST,NEXSTAR MEDIA GROUP INC,65336K103,3349333000.0,18522,0.05823869744889139
FSLY,FASTLY INC,31188V100,3349020000.0,115245,0.05823325495861004
OCUL,OCULAR THERAPEUTIX INC,67576A100,3347208000.0,395184,0.058201747634680945
VITL,VITAL FARMS INC,92847W103,3345932000.0,236964,0.05817956035800682
THG,HANOVER INS GROUP INC,410867105,3336988000.0,19250,0.05802404076351356
VNT,VONTIER CORPORATION,928881101,3335847000.0,94047,0.05800420088680104
FXI,ISHARES TR,464287184,3327751000.0,92695,0.057863426441696224
HDV,ISHARES TR,46429B663,3324326000.0,24494,0.05780387203526293
ASR,GRUPO AEROPORTUARIO DEL SURE,40051E202,3320292000.0,9878,0.05773372824678062
DE,DEERE & CO,244199105,3296432000.0,5852,0.057318847038751876
HR,HEALTHCARE RLTY TR,42226K105,3295177000.0,193948,0.05729702491318288
GNRC,GENERAC HLDGS INC,368736104,3292287000.0,16855,0.05724677316585668
GLXY,GALAXY DIGITAL INC.,36317J209,3291941000.0,178425,0.05724075686669583
HPE,HEWLETT PACKARD ENTERPRISE C,42824C109,3290090000.0,138181,0.05720857140500005
JAZZ,JAZZ PHARMACEUTICALS PLC,G50871105,3277371000.0,17336,0.05698741155232119
IPGP,IPG PHOTONICS CORP,44980X109,3274065000.0,28572,0.05692992633548369
FAST,FASTENAL CO,311900104,3273334000.0,70546,0.0569172155993953
AMG,AFFILIATED MANAGERS GROUP,008252108,3266997000.0,11807,0.05680702690638279
BWA,BORGWARNER INC,099724106,3250445000.0,59905,0.056519218282942235
CLX,CLOROX CO DEL,189054109,3248904000.0,31351,0.05649242314708421
FTS,FORTIS INC,349553107,3241622000.0,58104,0.056365802654340484
ENPH,ENPHASE ENERGY INC,29355A107,3237368000.0,85622,0.05629183347332815
CVNA,CARVANA CO,146869102,3232141000.0,10281,0.05620094562444441
ATAT,ATOUR LIFESTYLE HLDGS LTD,04965M106,3231624000.0,87792,0.05619195595199885
TTC,TORO CO,891092108,3223680000.0,34500,0.05605382450536933
ALLY,ALLY FINL INC,02005N100,3215918000.0,81976,0.055918857701651004
W,WAYFAIR INC,94419L101,3213648000.0,42729,0.05587938660600032
TYRA,TYRA BIOSCIENCES INC,90240B106,3213217000.0,83896,0.05587189231427105
NBHC,NATIONAL BK HLDGS CORP,633707104,3209632000.0,81962,0.05580955580417956
BOBS,BOBS DISC FURNITURE INC,09681N106,3209266000.0,273129,0.055803191742061435
CM,CANADIAN IMPERIAL BANK OF CO,136069101,3202834000.0,33803,0.05569135117500188
LNT,ALLIANT ENERGY CORP,018802108,3198917000.0,44578,0.05562324179981963
CBT,CABOT CORP,127055101,3195328000.0,42429,0.05556083573713669
SANM,SANMINA CORP,801056102,3193163000.0,24631,0.05552319039701169
OUT,OUTFRONT MEDIA INC,69007J304,3190282000.0,120388,0.055473095143016266
IEI,INSIGHT ENTERPRISES INC,45765U103,3188269000.0,47579,0.055438092801366565
CMC,COMMERCIAL METALS CO,201723103,3187664000.0,51891,0.055427572971909006
AEM,AGNICO EAGLE MINES LTD,008474108,3184553000.0,15689,0.055373478443904924
CRAI,CRA INTL INC,12618T105,3180294000.0,19646,0.05529942232215326
N/A,ACCELERANT HOLDINGS,G00894108,3175258000.0,237669,0.055211855609511494
XP,XP INC,G98239109,3168484000.0,166412,0.055094068295882544
INGR,INGREDION INC,457187102,3168450000.0,28124,0.055093477098855176
BHP,BHP BILLITON LIMITED,088606108,3146951000.0,43263,0.0547196493079327
IESC,IES HOLDINGS INC,44951W106,3145655000.0,6602,0.05469711426830131
LSCC,LATTICE SEMICONDUCTOR CORP,518415104,3145306000.0,33908,0.05469104580469687
ZBH,ZIMMER BIOMET HOLDINGS INC,98956P102,3131516000.0,34633,0.05445126324565594
RGEN,REPLIGEN CORP,759916109,3125411000.0,26527,0.05434510860294783
CF,CF INDUSTRIES HOLD,125269100,3122392000.0,24048,0.054292613784547215
BFAM,BRIGHT HORIZONS FAM SOL IN D,109194100,3116012000.0,37940,0.05418167740117657
BUR,BURFORD CAPITAL LIMITED,G17977110,3110759000.0,688221,0.05409033746044836
RNG,RINGCENTRAL INC,76680R206,3106555000.0,83532,0.05401723768682922
NRDS,NERDWALLET INC,64082B102,3104129000.0,299049,0.05397505404011179
EXPE,EXPEDIA GROUP INC,30212P303,3096235000.0,13410,0.05383779200087547
NOBL,PROSHARES TR,74348A467,3093372000.0,29180,0.05378800973354158
TRS,TRIMAS CORP,896215209,3093320000.0,86069,0.053787105549852665
FLR,FLUOR CORP,343412102,3091682000.0,66274,0.05375862376365187
DNN,DENISON MINES CORP,248356107,3087776000.0,874724,0.05369070565809612
PAGP,PLAINS GP HLDGS L P,72651A207,3087032000.0,127143,0.053677768876085497
MMS,MAXIMUS INC,577933104,3083210000.0,48100,0.053611311374950295
RYI,RYERSON HLDG CORP,783754104,3080547000.0,137035,0.05356500673718916
KRMN,KARMAN HLDGS INC,485924104,3072319000.0,38380,0.05342193705656635
UI,UBIQUITI INC,90353W103,3070277000.0,3885,0.0533864304586286
CNS,COHEN & STEERS INC,19247A100,3066326000.0,49022,0.053317729886418974
GOF,GUGGENHEIM STRATEGIC OPPORTU,40167F101,3064673000.0,278101,0.053288987278000216
AEO,AMERICAN EAGLE OUTFITTERS IN,02553E106,3059524000.0,183205,0.05319945570464984
CALX,CALIX INC,13100M509,3054380000.0,62347,0.053110011072038776
VERX,VERTEX INC,92538J106,3047776000.0,256331,0.05299517974354667
WSFS,WSFS FINL CORP,929328102,3045592000.0,46526,0.05295720402861227
DHI,D R HORTON INC,23331A109,3040246000.0,22156,0.052864246990132736
RHLD,RESOLUTE HLDGS MGMT INC,76134H101,3025434000.0,18641,0.052606693743975065
WCN,WASTE CONNECTIONS INC,94106B101,3005790000.0,18504,0.05226512096733984
BG,BUNGE GLOBAL SA,H11356104,3004718000.0,23622,0.05224648087282991
TROW,PRICE T ROWE GROUP INC,74144T108,3004456000.0,33331,0.052241925178089614
AYI,ACUITY INC,00508Y102,3003118000.0,10717,0.05221865983624793
OPCH,OPTION CARE HEALTH INC,68404L201,2999265000.0,111414,0.05215166330252896
HURN,HURON CONSULTING GROUP INC,447462102,2994613000.0,23489,0.052070773638666856
CCCS,CCC INTELLIGENT SOLUTIONS HL,12510Q100,2988186000.0,498031,0.05195902001234662
IBRX,IMMUNITYBIO INC,45256X103,2984412000.0,389102,0.05189339714230889
SLB,SLB LIMITED,806857108,2983601000.0,58058,0.05187929535439139
SQM,SOCIEDAD QUIMICA Y MINERA DE,833635105,2947835000.0,36420,0.051257390857896996
CARS,CARS COM INC,14575E105,2945002000.0,362685,0.05120813023499904
FOUR,SHIFT4 PMTS INC,82452J109,2938175000.0,67189,0.05108942134953331
GL,GLOBE LIFE INC,37959E102,2932590000.0,21072,0.05099230854371434
KMI,KINDER MORGAN INC DEL,49456B101,2925425000.0,87248,0.05086772246427067
BTE,BAYTEX ENERGY CORP,07317Q105,2920193000.0,653287,0.0507767476746476
LBRT,LIBERTY ENERGY INC,53115L104,2916720000.0,101275,0.05071635863711685
ESTA,ESTABLISHMENT LABS HLDGS INC,G31249108,2915937000.0,51355,0.05070274371733954
OC,OWENS CORNING NEW,690742101,2913282000.0,26920,0.05065657818476132
YUMC,YUM CHINA HLDGS INC,98850P109,2909483000.0,59645,0.050590520611026986
CNNE,CANNAE HLDGS INC,13765N107,2904512000.0,255454,0.050504084127996354
IMCR,IMMUNOCORE HLDGS PLC,45258D105,2897596000.0,96106,0.05038382769737075
AVTR,AVANTOR INC,05352A100,2896825000.0,369493,0.05037042143536782
CBZ,CBIZ INC,124805102,2894457000.0,107801,0.05032924630122648
PRKS,UNITED PARKS & RESORTS INC,81282V100,2893709000.0,88601,0.05031623996662441
WDFC,WD 40 CO,929236107,2886159000.0,14152,0.050184959450253204
UNF,UNIFIRST CORP MASS,904708104,2876932000.0,11435,0.0500245190099145
AS,AMER SPORTS INC,G0260P102,2873389000.0,87284,0.049962912802033285
CMG,CHIPOTLE MEXICAN GRILL INC,169656105,2871873000.0,89718,0.04993655236987186
IHP,DINE BRANDS GLOBAL INC,254423106,2869974000.0,109374,0.04990353227707863
SLNO,SOLENO THERAPEUTICS INC,834203309,2868566000.0,85680,0.04987904976488649
JXC1,ZIFF DAVIS INC,48123V102,2860119000.0,68163,0.04973217207988151
VIST,VISTA ENERGY S.A.B. DE C.V.,92837L109,2857822000.0,37867,0.04969223150423851
SUNB,SUNBELT RENTALS HOLDINGS INC,866966104,2854262000.0,43851,0.0496303296978436
U,UNITY SOFTWARE INC,91332U101,2852990000.0,130036,0.04960821197376094
GSHD,GOOSEHEAD INS INC,38267D109,2844142000.0,66670,0.04945436164146259
ORI,OLD REP INTL CORP,680223104,2827873000.0,70874,0.04917147386386747
AVNT,AVIENT CORPORATION,05368V106,2827371000.0,77889,0.049162745013639875
EPAC,ENERPAC TOOL GROUP CORP,292765104,2822012000.0,77379,0.049069561929238115
H,HYATT HOTELS CORP,448579102,2819147000.0,19606,0.04901974488560851
MAT,MATTEL INC,577081102,2806789000.0,193172,0.04880486215430845
FERG,FERGUSON ENTERPRISES INC,31488V107,2804952000.0,12025,0.04877292012668277
BX,BLACKSTONE INC,09260D107,2803226000.0,24378,0.04874290818346996
ANAB,ANAPTYSBIO INC,032724106,2802782000.0,50537,0.04873518784581846
RL,RALPH LAUREN CORP,751212101,2781159000.0,8085,0.04835920392456089
ESGU,ISHARES TR,46435G425,2780600000.0,19662,0.04834948394990506
BORR,BORR DRILLING LTD,G1466R173,2778445000.0,481533,0.048312012491258716
F,FORD MTR CO,345370860,2763934000.0,239509,0.04805969307760804
ASND,ASCENDIS PHARMA A/S,04351P101,2761229000.0,12072,0.04801265813763663
CNMD,CONMED CORP,207410101,2761050000.0,78084,0.048009545659169026
AMKR,AMKOR TECHNOLOGY INC,031652100,2754620000.0,61173,0.0478977398684052
VAC,MARRIOTT VACATIONS WORLDWIDE,57164Y107,2750343000.0,42235,0.047823370759992
SPG,SIMON PPTY GROUP INC NEW,828806109,2741991000.0,14700,0.047678144949034065
SMTC,SEMTECH CORP,816850101,2739821000.0,35633,0.04764041266816976
EBC,EASTERN BANKSHARES INC,27627N105,2738067000.0,139983,0.04760991385681677
FUL,FULLER H B CO,359694106,2737112000.0,44376,0.047593308175606905
CPNG,COUPANG INC,22266T109,2736467000.0,144940,0.047582092820234796
CPK,CHESAPEAKE UTILS CORP,165303108,2735658000.0,21648,0.04756802580861303
DXCM,DEXCOM INC,252131107,2727906000.0,43438,0.04743323288637334
KOF,COCA-COLA FEMSA SAB DE CV,191241108,2717548000.0,27858,0.047253126450800764
MAC,MACERICH CO,554382101,2714834000.0,143642,0.04720593501749858
QLYS,QUALYS INC,74758T303,2709733000.0,30845,0.04711723807524566
CASH,PATHWARD FINANCIAL INC,59100U108,2702420000.0,30286,0.046990078549918164
FHI,FEDERATED HERMES INC,314211103,2701778000.0,47642,0.04697891535898965
GGAL,GRUPO FINANCIERO GALICIA S.A,399909100,2696849000.0,57736,0.04689320917816929
MNRO,MONRO INC,610236101,2696436000.0,168107,0.04688602787310157
GEV,GE VERNOVA INC,36828A101,2695515000.0,3088,0.046870013388919066
LECO,LINCOLN ELEC HLDGS INC,533900106,2686577000.0,10786,0.04671459812331299
N/A,CRH PLC,G25508105,2680875000.0,25503,0.046615450904193965
MSDL,MORGAN STANLEY DIRECT LENDIN,61774A103,2679105000.0,191913,0.04658467388247515
BWIN,THE BALDWIN INSURANCE GRP IN,05589G102,2678984000.0,122105,0.04658256991658364
AKAM,AKAMAI TECHNOLOGIES INC,00971T101,2675431000.0,23295,0.04652078982722379
FIVE,FIVE BELOW INC,33829M101,2670703000.0,11689,0.04643857866412404
VV,VANGUARD INDEX FDS,922908637,2669926000.0,8934,0.04642506807323392
SOXL,DIREXION SHARES ETF TRUST,25459W458,2660538000.0,55532,0.04626182814108916
CX,CEMEX SA EURO MTN BE 144A,151290889,2656871000.0,232244,0.04619806580287284
CWST,CASELLA WASTE SYS INC,147448104,2656383000.0,33481,0.04618958038671534
QDEL,QUIDELORTHO CORP,219798105,2655794000.0,161643,0.0461793387676236
BWXT,BWX TECHNOLOGIES INC,05605H100,2652849000.0,12973,0.04612813067216489
IOSP,INNOSPEC INC,45768S105,2650042000.0,36292,0.046079322141111385
USMV,ISHARES TR,46429B697,2649860000.0,28573,0.04607615749820019
AFRM,AFFIRM HLDGS INC,00827B106,2649771000.0,57830,0.04607460995304031
CEF/U,SPROTT ASSET MANAGEMENT LP,85208R101,2649224000.0,55516,0.04606509863615885
PTC,PTC INC,69370C100,2640340000.0,18530,0.045910622330537415
EOG,EOG RES INC,26875P101,2638836000.0,18253,0.04588447055615036
TNC,TENNANT CO,880345103,2637806000.0,39726,0.045866560763850706
CELH,CELSIUS HLDGS INC,15118V207,2633219000.0,74217,0.04578680132959975
AUPH,AURINIA PHARMACEUTICALS INC,05156V102,2628786000.0,177381,0.04570971967011981
SUNC,SUNOCOCORP LLC,86765Q106,2624749000.0,42575,0.0456395237171939
ACN,ACCENTURE PLC IRELAND,G1151C101,2607117000.0,13148,0.045332935894060504
CBSH,COMMERCE BANCSHARES INC,200525103,2605238000.0,52952,0.04530026356422455
ADSK,AUTODESK INC,052769106,2603954000.0,10877,0.04527793718236751
BBWI,BATH & BODY WORKS INC,070830104,2602747000.0,139408,0.04525694968789598
WMS,ADVANCED DRAIN SYS INC DEL,00790R104,2602453000.0,18978,0.04525183757242404
IRM,IRON MTN INC DEL,46284V101,2600995000.0,25465,0.04522648565283871
IGM,ISHARES TR,464287549,2595962000.0,21905,0.045138971104640525
JOYY,JOYY INC,46591M109,2589305000.0,44345,0.04502321820431164
XLB,SELECT SECTOR SPDR TR,81369Y100,2588446000.0,51800,0.045008281785296686
ABCB,AMERIS BANCORP,03076K108,2580767000.0,33091,0.044874758197851056
AMX,AMERICA MOVIL SAB DE CV,02390A101,2580232000.0,101265,0.04486545553874396
ZS,ZSCALER INC,98980G102,2579091000.0,18384,0.044845615662031435
CR,CRANE COMPANY,224408104,2575944000.0,15064,0.04479089516070426
GDS,GDS HLDGS LTD,36165L108,2570824000.0,63808,0.044701867843641926
LUMN,LUMEN TECHNOLOGIES INC,550241103,2563779000.0,368889,0.0445793683419419
NX,QUANEX BLDG PRODS CORP,747619104,2558623000.0,142383,0.04448971505155648
TTEK,TETRA TECH INC NEW,88162G103,2558393000.0,84940,0.04448571577754782
LEA,LEAR CORP,521865204,2556967000.0,21118,0.04446092027869413
RSP,INVESCO EXCHANGE TRADED FD T,46137V357,2548698000.0,13280,0.0443171376840089
ATEC,ALPHATEC HLDGS INC,02081G201,2543113000.0,233742,0.04422002487818993
IFF,INTERNATIONAL FLAVORS&FRAGRA,459506101,2531922000.0,34899,0.044025434115446856
ARIS,ARIS MINING CORPORATION,04040Y109,2529067000.0,136191,0.043975790953295894
PSA,PUBLIC STORAGE OPER CO,74460D109,2522435000.0,9312,0.04386047275666359
AWG,ASBURY AUTOMOTIVE GROUP INC,043436104,2520594000.0,12899,0.043828461176446454
IDXX,IDEXX LABS INC,45168D104,2520077000.0,4485,0.0438194715040009
GTX,GARRETT MOTION INC,366505105,2515309000.0,138432,0.043736564814986605
CRVL,CORVEL CORP,221006109,2513681000.0,45996,0.04370825691026445
HLI,HOULIHAN LOKEY INC,441593100,2511052000.0,17484,0.04366254346953068
AVA,AVISTA CORP,05379B107,2500200000.0,62287,0.04347384728891342
PANW,PALO ALTO NETWORKS INC,697435105,2499228000.0,15589,0.04345694600918987
SFBS,SERVISFIRST BANCSHARES INC,81768T108,2497049000.0,34286,0.04341905723499478
AG8,AGILENT TECHNOLOGIES INC,00846U101,2496048000.0,21899,0.04340165169898318
TNK,TEEKAY TANKERS LTD,G8726X106,2494273000.0,34019,0.04337078773652505
RSG,REPUBLIC SVCS INC,760759100,2490914000.0,11373,0.04331238094785076
LIVN,LIVANOVA PLC,G5509L101,2488183000.0,39147,0.0432648939160349
VOD,VODAFONE GROUP PLC,92857W308,2487853000.0,165636,0.04325915582723987
ZWS,ZURN ELKAY WATER SOLNS CORP,98983L108,2485122000.0,55422,0.043211668795424
PR,PERMIAN RESOURCES CORP,71424F105,2484398000.0,116529,0.04319907977637066
BKE,BUCKLE INC,118440106,2476201000.0,49170,0.04305654912833161
SFL,SFL CORPORATION LTD,G7738W106,2457660000.0,227772,0.04273415547879007
SDRL,SEADRILL LTD,G7997W102,2455954000.0,53977,0.042704491298534535
SAP,SAP SE,803054204,2452754000.0,14326,0.042648849225370586
BLKB,BLACKBAUD INC,09227Q100,2449187000.0,63434,0.04258682570194064
BCS,BARCLAYS PLC,06738E204,2444065000.0,115504,0.04249776360858258
SUX,TD SYNNEX CORPORATION,87162W100,2442246000.0,14476,0.04246613456761845
CAKE,CHEESECAKE FACTORY INC,163072101,2437306000.0,44517,0.042380237117171586
EQR,EQUITY RESIDENTIAL,29476L107,2434023000.0,41150,0.04232315182773494
LAD,LITHIA MTRS INC,536797103,2432523000.0,9741,0.04229706960593933
MOG/A,MOOG INC,615394202,2423352000.0,8281,0.04213760290188101
IHG,INTERCONTINENTAL HOTELS GROU,45857P806,2404415000.0,18016,0.04180832354578544
DHT,DHT HOLDINGS INC,Y2065G121,2400934000.0,131414,0.041747795403071775
BLTE,BELITE BIO INC,07782B104,2400848000.0,15058,0.04174630002235549
KVYO,KLAVIYO INC,49845K101,2392159000.0,122927,0.04159521440556749
HST,HOST HOTELS & RESORTS INC,44107P104,2391053000.0,124794,0.04157598311403019
ERAS,ERASCA INC,29479A108,2388459000.0,147618,0.04153087825847166
STWD,STARWOOD PPTY TR INC,85571B105,2387725000.0,138660,0.04151811535793968
LABU,DIREXION SHARES ETF TRUST,25460G120,2382063000.0,14342,0.04141966366473521
RAL,RALLIANT CORP,750940108,2379988000.0,57225,0.04138358325791795
EOSE,EOS ENERGY ENTERPRISES INC,29415C101,2372938000.0,478415,0.04126099681547861
SRE,SEMPRA,816851109,2362008000.0,24308,0.04107094435932797
TDC,TERADATA CORP DEL,88076W103,2361061000.0,92121,0.04105447778330101
SAH,SONIC AUTOMOTIVE INC,83545G102,2357985000.0,34388,0.04100099184047216
FCFS,FIRSTCASH HOLDINGS INC,33768G107,2356016000.0,12532,0.040966754577328464
FLNG,FLEX LNG LTD,G35947202,2352141000.0,79170,0.04089937550435649
WFC,WELLS FARGO & CO,949746101,2348017000.0,29494,0.04082766678256644
HRI,HERC HLDGS INC,42704L104,2345099000.0,23557,0.04077692816710006
PENN,PENN ENTERTAINMENT INC,707569109,2335346000.0,155379,0.040607341560985034
MMSI,MERIT MED SYS INC,589889104,2319977000.0,33657,0.040340103116467275
IEF,ISHARES TR,464287440,2314802000.0,24254,0.04025011945127244
LOB,LIVE OAK BANCSHARES INC,53803X105,2312552000.0,69929,0.04021099611857903
QQQM,INVESCO EXCH TRADED FD TR II,46138G649,2312280000.0,9731,0.04020626654236009
BPOP,POPULAR INC,733174700,2311481000.0,17228,0.04019237341221697
MKL,MARKEL GROUP INC,570535104,2310282000.0,1207,0.04017152502292835
IRTC,IRHYTHM HOLDINGS INC,450056106,2305403000.0,19534,0.04008668824950118
ORLY,OREILLY AUTOMOTIVE INC,67103H107,2300088000.0,24917,0.039994270243605426
HNGE,HINGE HEALTH INC,433313103,2292006000.0,59440,0.039853739232570705
ELF,E L F BEAUTY INC,26856L103,2291603000.0,37809,0.03984673180898162
EIG,EMPLOYERS HLDGS INC,292218104,2287549000.0,55604,0.039776240257542034
KWR,QUAKER HOUGHTON,747316107,2285584000.0,18398,0.03974207254698979
BFP,BANCO BBVA ARGENTINA S A,058934100,2282142000.0,142101,0.03968222254204281
KIM,KIMCO REALTY CORP,49446R109,2281154000.0,101520,0.039665043051953446
TD,TORONTO DOMINION BK ONT,891160509,2276857000.0,24401,0.03959032618058297
GDDY,GODADDY INC,380237107,2276732000.0,27540,0.0395881526621
NMFC,NEW MTN FIN CORP,647551100,2271313000.0,292695,0.03949392628882641
URI,UNITED RENTALS INC,911363109,2270922000.0,3117,0.039487127523011686
WST,WEST PHARMACEUTICAL SVSC INC,955306105,2265786000.0,9040,0.03939782199558354
NE,NOBLE CORP PLC,G65431127,2255355000.0,45962,0.03921644622521691
ABEV,AMBEV SA,02319V103,2254295000.0,772019,0.03919801478848135
PD,PAGERDUTY INC,69553P100,2243779000.0,361317,0.039015161025546294
FBRT,FRANKLIN BSP RLTY TR INC,35243J101,2243134000.0,264209,0.039003945670174185
WRLD,WORLD ACCEP CORPORATION,981419104,2241124000.0,16596,0.038968995492968075
TPB,TURNING PT BRANDS INC,90041L105,2240223000.0,25812,0.03895332877174285
CIGI,COLLIERS INTL GROUP INC,194693107,2239773000.0,20954,0.03894550410520417
LINE,LINEAGE INC,53566V106,2234166000.0,68198,0.0388480087601322
DXC,DXC TECHNOLOGY CO,23355L106,2231891000.0,177557,0.0388084507237422
SATL,SATELLOGIC INC,80401C100,2230215000.0,409966,0.03877930818792258
PATK,PATRICK INDS INC,703343103,2226842000.0,20049,0.03872065796517819
PJT,PJT PARTNERS INC,69343T107,2224901000.0,15924,0.038686907570174685
AEIS,ADVANCED ENERGY INDS,007973100,2223149000.0,6889,0.03865644353511742
ACMR,ACM RESH INC,00108J109,2221937000.0,56466,0.03863536909990657
MRNA,MODERNA INC,60770K107,2217826000.0,43658,0.038563886424038754
SPRY,ARS PHARMACEUTICALS INC,82835W108,2217147000.0,276108,0.03855207987163928
N/A,HAFNIA LTD,Y2990R101,2214921000.0,291437,0.0385133738544946
METC,RAMACO RES INC,75134P600,2213934000.0,143204,0.03849621175255309
GLD,SPDR GOLD TR,78463V107,2211260000.0,5139,0.03844971584516546
LULU,LULULEMON ATHLETICA INC,550021109,2205252000.0,14404,0.03834524785280013
BK,BANK NEW YORK MELLON CORP,064058100,2204857000.0,18586,0.03833837953439395
FIHL,FIDELIS INSURANCE HOLDINGS L,G3398L118,2201071000.0,115179,0.03827254800658185
IRON,DISC MEDICINE INC,254604101,2200687000.0,34418,0.03826587095780217
CUZ,COUSINS PPTYS INC,222795502,2200169000.0,97482,0.03825686389720876
JLL,JONES LANG LASALLE INC,48020Q107,2197799000.0,7222,0.0382156539867717
EGP,EASTGROUP PPTYS INC,277276101,2197388000.0,11872,0.03820850745799971
SPXS,DIREXION SHARES ETF TRUST,25460E190,2196704000.0,54253,0.03819661396486091
ANIP,ANI PHARMACEUTICALS INC,00182C103,2193573000.0,28525,0.03814217167389955
TFII,TRANSFORCE INC,87241L109,2193022000.0,20188,0.03813259080442664
INTA,INTAPP INC,45827U109,2192770000.0,85355,0.03812820899116497
ELS,EQUITY LIFESTYLE PROPERTIES,29472R108,2188945000.0,35068,0.03806169932558619
CLBT,CELLEBRITE DI LTD,M2197Q107,2183675000.0,158467,0.037970063786344294
IVW,ISHARES TR,464287309,2179403000.0,19268,0.03789578161867041
RNST,RENASANT CORP,75970E107,2178386000.0,60293,0.03787809787229299
KWEB,KRANESHARES TRUST,500767306,2177852000.0,76604,0.037868812601333755
FBNC,FIRST BANCORP N C,318910106,2172518000.0,38554,0.03777606422062858
VRRM,VERRA MOBILITY CORP,92511U102,2171108000.0,151932,0.037751546932140716
EE,EXCELERATE ENERGY INC,30069T101,2170763000.0,64954,0.037745548021127735
CUBI,CUSTOMERS BANCORP INC,23204G100,2167535000.0,31228,0.03768941907982359
HTH,HILLTOP HLDGS INC,432748101,2164244000.0,60420,0.03763219468520403
ALGM,ALLEGRO MICROSYSTEMS INC,01749D105,2161918000.0,68567,0.03759174985327298
INDB,INDEPENDENT BK CORP MASS,453836108,2156421000.0,28672,0.037496167204466024
SOC,SABLE OFFSHORE CORP,78574H104,2155430000.0,130474,0.03747893554993306
CDNS,CADENCE DESIGN SYSTEM INC,127387108,2151825000.0,7744,0.03741625127688429
EWBC,EAST WEST BANCORP INC,27579R104,2148438000.0,20124,0.03735735762006982
REXR,REXFORD INDL RLTY INC,76169C100,2142473000.0,65459,0.03725363731806263
MSA,MSA SAFETY INC,553498106,2141679000.0,13063,0.03723983112865883
SEIC,SEI INVTS CO,784117103,2138935000.0,27258,0.037192118050920736
GGLL,DIREXION SHARES ETF TRUST,25461A841,2137946000.0,27392,0.03717492117268349
DORM,DORMAN PRODS INC,258278100,2130927000.0,20419,0.03705287376282793
N/A,NAVIOS MARITIME PARTNERS LP,Y62267409,2127374000.0,31526,0.036991093673468076
PAYX,PAYCHEX INC,704326107,2127327000.0,23093,0.036990276430518484
CHH,CHOICE HOTELS INTL INC,169905106,2123717000.0,20519,0.03692750521673039
ESE,ESCO TECHNOLOGIES INC,296315104,2123499000.0,7547,0.0369237146004961
IONQ,IONQ INC,46222L108,2121888000.0,73600,0.036895702294287624
TSLX,SIXTH STREET SPECIALTY LENDI,83012A109,2119049000.0,115291,0.03684633734250247
VNO,VORNADO RLTY TR,929042109,2117301000.0,81466,0.036815942860036664
BROS,DUTCH BROS INC,26701L100,2116473000.0,41778,0.036801545473605486
NTST,NETSTREIT CORP,64119V303,2116115000.0,112380,0.03679532051667027
ALG,ALAMO GROUP INC,011311107,2113101000.0,12809,0.03674291263900897
MNDY,MONDAY COM LTD,M7S64H106,2110343000.0,30536,0.036694956127200785
ALAB,ASTERA LABS INC,04626A103,2108375000.0,19237,0.03666073625220495
VIAV,VIAVI SOLUTIONS INC,925550105,2106657000.0,63301,0.036630863414175055
KRG,KITE REALTY GROUP TRUST,49803T300,2104942000.0,85741,0.03660104274058875
TBLA,TABOOLA.COM LTD,M8744T106,2102516000.0,678231,0.03655885909387132
FBK,FB FINL CORP,30257X104,2101752000.0,40465,0.03654557454890343
VSTM,VERASTEM INC,92337C203,2097920000.0,395834,0.036478943166289586
UCTT,ULTRA CLEAN HLDGS INC,90385V107,2094036000.0,33677,0.03641140759998684
GOLF,ACUSHNET HLDGS CORP,005098108,2093204000.0,22392,0.03639694066096421
WYNN,WYNN RESORTS LTD,983134107,2089797000.0,20579,0.03633769924119246
MLTX,MOONLAKE IMMUNOTHERAPEUTICS,61559X104,2088500000.0,112044,0.03631514681341319
VIK,VIKING HOLDINGS LTD,G93A5A101,2082791000.0,28345,0.03621587787725913
TNET,TRINET GROUP INC,896288107,2081829000.0,57146,0.03619915047901421
MGC,VANGUARD WORLD FD,921910873,2074680000.0,8778,0.036074842609936354
CRS,CARPENTER TECHNOLOGY CORP,144285103,2073623000.0,5261,0.03605646333764439
YB4P,SAVARA INC,805111101,2071535000.0,379402,0.036020156884904904
IE,IVANHOE ELECTRIC INC,46578C108,2069398000.0,175076,0.0359829984129201
ARE,ALEXANDRIA REAL ESTATE EQ IN,015271109,2069079000.0,44573,0.035977451593751576
TTI,TETRA TECHNOLOGIES INC DEL,88162F105,2060835000.0,241882,0.03583410370276293
GWW,WW GRAINGER INC,384802104,2060540000.0,1889,0.035828974199143125
SFM,SPROUTS FMRS MKT INC,85208M102,2059371000.0,26700,0.03580864745429042
PCRX,PACIRA BIOSCIENCES INC,695127100,2059176000.0,91114,0.03580525676545699
SMG,SCOTTS MIRACLE-GRO CO,810186106,2058723000.0,33855,0.03579737993447472
ENTG,ENTEGRIS INC,29362U104,2057914000.0,17553,0.03578331292285296
USB,US BANCORP,902973304,2057620000.0,39562,0.03577820080738102
MTH,MERITAGE HOMES CORP,59001A102,2057540000.0,33272,0.03577680975555192
AGG,ISHARES TR,464287226,2054492000.0,20696,0.035723810680863256
GHC,GRAHAM HLDGS CO,384637104,2043684000.0,1933,0.03553587957875199
G,GENPACT LIMITED,G3922B107,2040555000.0,54780,0.035481472064086354
NWG,NATWEST GROUP PLC,639057207,2039587000.0,136885,0.03546464033695426
RITM,RITHM CAPITAL CORP,64828T201,2035015000.0,214664,0.03538514172492126
GIB/A,CGI INC,12532H104,2034300000.0,27829,0.03537270919919869
VRNS,VARONIS SYS INC,922280102,2033853000.0,94730,0.0353649366971036
VIRT,VIRTU FINL INC,928254101,2027566000.0,46102,0.03525561741148429
AAT,AMERICAN ASSETS TR INC,024013104,2027328000.0,110121,0.03525147903229272
LENZ,LENZ THERAPEUTICS INC,52635N103,2022489000.0,221037,0.0351673377847801
KOS,KOSMOS ENERGY LTD,500688106,2021652000.0,727213,0.03515278390501815
PLNT,PLANET FITNESS MASTER ISSUER,72703H101,2016665000.0,27113,0.0350660692116217
BHE,BENCHMARK ELECTRS INC,08160H101,2016478000.0,35970,0.035062817627971185
YSS,YORK SPACE SYSTEMS INC,987084100,2011440000.0,90728,0.03497521613903368
ERJ,EMBRAER S.A.,29082A107,2010083000.0,33874,0.03495162042238258
KIE,SPDR SERIES TRUST,78464A789,2009700000.0,36540,0.03494496076175077
AZTA,AZENTA INC,114340102,2008787000.0,95068,0.034929085382751184
TAP,MOLSON COORS BEVERAGE CO,60871R209,2008448000.0,46643,0.03492319080062538
SPNT,SIRIUSPOINT LTD,G8192H106,2007270000.0,93188,0.0349027075624419
PRSU,PURSUIT ATTRACTIONS AND HOSP,92552R406,2001646000.0,54645,0.03480491661885624
EPC,EDGEWELL PERSONAL CARE CO,28035Q102,1999686000.0,93706,0.03477083584904332
LMRI,LUMEXA IMAGING HOLDINGS INC,550249106,1998279000.0,232358,0.034746370724999046
WD5A,TRAVEL PLUS LEISURE CO,894164102,1990804000.0,28773,0.034616394319717615
KRNT,KORNIT DIGITAL LTD,M6372Q113,1988878000.0,135667,0.03458290474693206
BXC,BLUELINX HLDGS INC,09624H208,1988298000.0,36698,0.03457281962117109
CCB,COASTAL FINL CORP WA,19046P209,1984916000.0,26083,0.03451401290509594
GNW,GENWORTH FINL INC,37247D106,1984699000.0,244421,0.0345102396770095
EVER,EVERQUOTE INC,30041R108,1983644000.0,128641,0.03449189518101327
AVT,AVNET INC,053807103,1981021000.0,32149,0.034446286069166686
BTSG,BRIGHTSPRING HEALTH SVCS INC,10950A106,1977019000.0,46398,0.034376698701416006
BRC,BRADY CORP,104674106,1965033000.0,24188,0.034168284361121265
VG,VENTURE GLOBAL INC,92333F101,1960765000.0,124414,0.034094071746038845
AOS,SMITH A O CORP,831865209,1956440000.0,29670,0.03401886800652818
VERA,VERA THERAPEUTICS INC,92337R101,1955701000.0,48613,0.03400601816525688
STT,STATE STR CORP,857477103,1951302000.0,15418,0.03392952770280431
RC,READY CAPITAL CORP,75574U101,1948256000.0,1202627,0.033876563404411364
VTRS,VIATRIS INC,92556V106,1947304000.0,144138,0.033860009887645086
BEKE,KE HLDGS INC,482497104,1946295000.0,130013,0.03384246524645058
ILMN,ILLUMINA INC,452327109,1945782000.0,15786,0.03383354512659648
ECO,OKEANIS ECO TANKERS COR,Y64177101,1945034000.0,38447,0.033820538791994405
STX,SEAGATE TECHNOLOGY HLDNGS PL,G7997R103,1943130000.0,4960,0.033787431758461856
COGT,COGENT BIOSCIENCES INC,19240Q201,1942590000.0,50470,0.033778042158615434
KRC,KILROY REALTY CORP,49427F108,1942061000.0,68843,0.03376884382839552
VOO,VANGUARD INDEX FDS,922908363,1936062000.0,3240,0.033664532329360966
ASX,ASE TECHNOLOGY HLDG CO LTD,00215W100,1932468000.0,89136,0.0336020393259387
KRYS,KRYSTAL BIOTECH INC,501147102,1931975000.0,7479,0.03359346696904188
SCSC,SCANSOURCE INC,806037107,1924154000.0,53007,0.03345747426459959
ST,SENSATA TECHNOLOGIES HLDG PL,G8060N102,1923153000.0,54604,0.03344006872858799
NCLH,NORWEGIAN CRUISE LINE HLDGS,G66721104,1921967000.0,102779,0.0334194463852216
IPAR,INTERPARFUMS INC,458334109,1921629000.0,21154,0.03341356919124366
IBTA,IBOTTA INC,451051106,1918799000.0,64024,0.03336436073278928
MSGS,MADISON SQUARE GRDN SPRT COR,55825T103,1918437000.0,5969,0.033358066223262615
CAH,CARDINAL HEALTH INC,14149Y108,1912989000.0,9053,0.033263335593700975
ALRM,ALARM COM HLDGS INC,011642105,1910812000.0,44242,0.033225481595801624
SRAD,SPORTRADAR GROUP AG,H8088L103,1906452000.0,113886,0.033149669271115734
NTAP,NETAPP INC,64110D104,1899232000.0,18549,0.03302412684353956
AVTX,AVALO THERAPEUTICS INC,05338F306,1892109000.0,126732,0.032900271066306164
AORT,ARTIVION INC,228903100,1891313000.0,51647,0.03288643010060663
VEEV,VEEVA SYS INC,922475108,1887642000.0,10746,0.03282259820979885
IDYA,IDEAYA BIOSCIENCES INC,45166A102,1886645000.0,56622,0.03280526222637871
BCC,BOISE CASCADE CO DEL,09739D100,1885783000.0,24862,0.03279027364292017
LOPE,GRAND CANYON ED INC,38526M106,1883932000.0,11080,0.032758088181224394
UPB,UPSTREAM BIO INC,91678A107,1883493000.0,209277,0.03275045478431221
STNE,STONECO LTD,G85158106,1880982000.0,133214,0.03270679314502637
RLAY,RELAY THERAPEUTICS INC,75943R102,1879953000.0,188940,0.03268890074087459
LXU,LSB INDS INC,502160104,1879769000.0,126159,0.03268570132166766
HII,HUNTINGTON INGALLS INDS INC,446413106,1878985000.0,4946,0.03267206901374249
STLA,STELLANTIS N.V,N82405106,1877283000.0,264779,0.03264247438607841
ICHR,ICHOR HOLDINGS,G4740B105,1870273000.0,40126,0.03252058346955362
GWRE,GUIDEWIRE SOFTWARE INC,40171V100,1870098000.0,12504,0.03251754054367747
KBWB,INVESCO EXCH TRADED FD TR II,46138E628,1869368000.0,23627,0.03250484719573694
BKD,BROOKDALE SR LIVING INC,112463104,1867512000.0,136514,0.032472574793301845
FINV,FINVOLUTION GROUP,31810T101,1864737000.0,389298,0.03242432268297998
IYK,ISHARES TR,464287812,1863288000.0,26607,0.032399127256725425
N/A,BANK OF N T BUTTERFIELD & SO,G0772R208,1857267000.0,35390,0.03229443321843787
ICL,ICL GROUP LTD,M53213100,1855813000.0,358265,0.032269150851443995
MLYS,MINERALYS THERAPEUTICS INC,603170101,1853146000.0,68407,0.03222277666109141
HTHT,H WORLD GROUP LTD,44332N106,1850923000.0,36805,0.03218412280839032
IRDM,IRIDIUM COMMUNICATIONS INC,46269C102,1850230000.0,66699,0.03217207282192076
ADI,ANALOG DEVICES INC,032654105,1846485000.0,5804,0.032106954208171064
SNDX,SYNDAX PHARMACEUTICALS INC,87164F105,1845604000.0,79007,0.032091635249903105
OLMA,OLEMA PHARMACEUTICALS INC,68062P106,1837180000.0,123218,0.031945157492298995
GBX,GREENBRIER COS INC,393657101,1835432000.0,34861,0.03191476300983318
BV,BRIGHTVIEW HLDGS INC,10948C107,1834772000.0,155621,0.03190328683224312
ACVA,ACV AUCTIONS INC,00091G104,1833923000.0,432529,0.0318885242947068
WOR,WORTHINGTON ENTERPRISES INC,981811102,1825474000.0,35011,0.0317416118334061
RMBS,RAMBUS INC DEL,750917106,1824008000.0,21202,0.031716120808637865
PFBC,PREFERRED BK LOS ANGELES CA,740367404,1823050000.0,20102,0.0316994629629844
ALL,ALLSTATE CORP,020002101,1818372000.0,8770,0.03161812120727785
VCIT,VANGUARD SCOTTSDALE FDS,92206C870,1817687000.0,21966,0.03160621032599118
PODD,INSULET CORP,45784P101,1809031000.0,8621,0.031455698518082685
BB,BLACKBERRY LTD,09228F103,1807334000.0,557819,0.03142619083115793
KAR,OPENLANE INC,48238T109,1806280000.0,61965,0.031407863723309545
CALF,PACER FDS TR,69374H857,1801934000.0,40159,0.03133229483269375
PTY,PIMCO CORPORATE & INCOME OPP,72201B101,1794383000.0,148788,0.031200996928174674
CON,CONCENTRA GROUP HOLDINGS PAR,20603L102,1794014000.0,83637,0.031194580701612955
MLM,MARTIN MARIETTA MATLS INC,573284106,1786055000.0,3034,0.031056188432765478
MEDP,MEDPACE HLDGS INC,58506Q109,1784386000.0,3716,0.0310271676139809
MIRM,MIRUM PHARMACEUTICALS INC,604749101,1783581000.0,19307,0.031013170154950594
PHAT,PHATHOM PHARMACEUTICALS INC,71722W107,1783166000.0,160501,0.031005954073587146
FIVN,FIVE9 INC,338307101,1781064000.0,117407,0.030969404186777568
UDOW,PROSHARES TR,74347X823,1780186000.0,35476,0.03095413739295321
UBS,UBS GROUP AG,H42097107,1778271000.0,45515,0.030920839089794157
ADEA,ADEIA INC,00676P107,1777139000.0,73955,0.030901155706412404
PLXS,PLEXUS CORP,729132100,1770807000.0,8743,0.03079105395413923
SYNA,SYNAPTICS INC,87157D109,1769771000.0,25268,0.030773039832952397
GNL,GLOBAL NET LEASE INC,379378201,1767786000.0,188866,0.030738524359442885
UTI,UNIVERSAL TECHNICAL INST INC,913915104,1765615000.0,48909,0.03070077469043071
ASC,ARDMORE SHIPPING CORP,Y0207T100,1765401000.0,115764,0.030697053626787867
MUU,DIREXION SHARES ETF TRUST,25461A528,1764771000.0,14660,0.030686099093633717
XRAY,DENTSPLY SIRONA INC,24906P109,1764522000.0,152114,0.030681769444815644
CHTR,CHARTER COMMUNICATIONS INC,16119P108,1764387000.0,8173,0.030679422044854042
ADBE,ADOBE INC,00724F101,1762330000.0,7250,0.030643654624698334
LION,LIONSGATE STUDIOS CORP,53626N102,1761702000.0,183702,0.03063273486783991
SE,SEA LTD,81141R100,1759050000.0,21242,0.03058662149970528
BURL,BURLINGTON STORES INC,122017106,1758679000.0,5405,0.030580170496847837
DB,DEUTSCHE BK AG,D18190898,1758152000.0,59038,0.030571006942923643
KVUE,KENVUE INC,49177J102,1753274000.0,101698,0.03048618755764434
VSEC,VSE CORP,918284100,1752906000.0,9506,0.030479788719230485
STLD,STEEL DYNAMICS INC,858119100,1752840000.0,9738,0.03047864110147148
KLAC,KLA CORP,482480100,1750695000.0,1189,0.030441343524303763
QC10,FLAGSTAR BANK NATIONAL ASSOC,649445400,1750688000.0,132930,0.030441221807268718
LH,LABCORP HOLDINGS INC,504922105,1746538000.0,6546,0.030369060993634213
ARMK,ARAMARK,03852U106,1742004000.0,42970,0.030290223131220033
MGNI,MAGNITE INC,55955D100,1741501000.0,146591,0.030281476892844574
DGRW,WISDOMTREE TR,97717X669,1741340000.0,19824,0.030278677401038512
ALKT,ALKAMI TECHNOLOGY INC,01644J108,1736816000.0,110837,0.03020001342010297
GBCI,GLACIER BANCORP INC NEW,37637Q105,1736323000.0,38870,0.030191441063206148
LKFN,LAKELAND FINL CORP,511656100,1736261000.0,30259,0.030190362998038595
RDWR,RADWARE LTD,M81873107,1729435000.0,65708,0.030071671500720733
ADT,ADT INC DEL,00090Q103,1726622000.0,262804,0.030022758640780044
SPGI,S&P GLOBAL INC,78409V104,1723903000.0,4053,0.02997548026673854
N/A,AMCOR PLC,G0250X149,1723361000.0,43355,0.029966055890596397
HASI,HA SUSTAINABLE INFRA CAP INC,41068X100,1722950000.0,46883,0.029958909361824403
TDW,TIDEWATER INC NEW,88642R109,1722717000.0,20619,0.02995485792337215
EPAM,EPAM SYS INC,29414B104,1720122000.0,12704,0.029909735679665754
AMPH,AMPHASTAR PHARMACEUTICALS IN,03209R103,1718748000.0,87736,0.029885844364500983
RDN,RADIAN GROUP INC,750236101,1718274000.0,51943,0.02987760238241357
WPP,WPP PLC NEW,92937A102,1716938000.0,110414,0.02985437181686762
COWZ,PACER FDS TR,69374H881,1709389000.0,27324,0.02972310868864427
ITGR,INTEGER HLDGS CORP,45826H109,1707112000.0,19399,0.029683515875958546
PURR,HYPERLIQUID STRATEGIES INC,44916Y106,1705145000.0,334999,0.029649313389110577
HLNE,HAMILTON LANE INC,407497106,1703517000.0,17138,0.029621005484388414
POWI,POWER INTEGRATIONS INC,739276103,1702144000.0,33245,0.02959713155737151
UNM,UNUM GROUP,91529Y106,1700065000.0,23279,0.029560981597962794
BABA,ALIBABA GROUP HLDG LTD,01609W102,1697474000.0,13530,0.029515928906847854
INFY,INFOSYS LTD,456788108,1696045000.0,125540,0.029491081243550574
ASH,ASHLAND INC,044186104,1693936000.0,30461,0.02945440963970596
VRT,VERTIV HOLDINGS CO,92537N108,1693420000.0,6758,0.029445437355408267
CELC,CELCUITY INC,15102K100,1692011000.0,14824,0.029420937455068265
PSN,PARSONS CORP DEL,70202L102,1690971000.0,31216,0.02940285378128998
STC,STEWART INFORMATION SVCS COR,860372101,1683905000.0,27345,0.029279989128484816
AWC,AMERICAN WTR WKS CO INC NEW,030420103,1681392000.0,12355,0.02923629271290325
COCO,VITA COCO CO INC,92846Q107,1679150000.0,35048,0.029197308485392755
RH,RH,74967X103,1676582000.0,11991,0.029152655721678678
INSP,INSPIRE MED SYS INC,457730109,1675473000.0,32483,0.029133372265697795
AMPX,AMPRIUS TECHNOLOGIES INC,03214Q108,1675058000.0,99351,0.029126156184334347
APLS,APELLIS PHARMACEUTICALS INC,03753U106,1674654000.0,41627,0.029119131372597397
OLN,OLIN CORP,680665205,1672402000.0,56253,0.029079973263608262
RKT,ROCKET COS INC,77311W101,1672138000.0,117343,0.029075382792572234
PPTA,PERPETUA RESOURCES CORP,714266103,1670609000.0,59410,0.029048796314488583
KBIA,KB FINL GROUP INC,48241A105,1664893000.0,16694,0.028949405661299468
EMA,EMERA INC,290876101,1663523000.0,32071,0.028925583898726147
WERN,WERNER ENTERPRISES INC,950755108,1660018000.0,56444,0.02886463844046375
ATHM,AUTOHOME INC,05278C107,1659530000.0,95540,0.028856153024306247
GSAT,GLOBALSTAR INC,378973507,1659504000.0,24985,0.02885570093246179
GNTX,GENTEX CORP,371901109,1656296000.0,75803,0.028799919754114923
NIC,NICOLET BANKSHARES INC,65406E102,1652209000.0,11117,0.028728854393795834
KEY,KEYCORP,493267108,1651739000.0,82381,0.02872068196429988
INTC,INTEL CORP,458140100,1650418000.0,37399,0.028697712220971887
LOGI,LOGITECH INTL S A,H50430232,1646356000.0,18068,0.028627081564349385
PRAA,PRA GROUP INC,69354N106,1645893000.0,94051,0.028619030851888477
MSGE,MADISON SQUARE GARDEN ENTMT,558256103,1635342000.0,27760,0.028435568503778194
TRDA,ENTRADA THERAPEUTICS INC,29384C108,1635072000.0,129562,0.028430873703854987
AAON,AAON INC,000360206,1634892000.0,19757,0.028427743837239512
OKE,ONEOK INC NEW,682680103,1633980000.0,18077,0.028411885846387788
BH/A,BIGLARI HLDGS INC,08986R408,1629415000.0,935,0.02833250895138983
XENE,XENON PHARMACEUTICALS INC,98420N105,1628200000.0,28000,0.02831138235173539
VLRS,CONTROLADORA VUELA COMP DE A,21240E105,1626133000.0,224604,0.02827544105010105
VBR,VANGUARD INDEX FDS,922908611,1625030000.0,7480,0.028256261923007345
KTB,KONTOOR BRANDS INC,50050N103,1621520000.0,23069,0.028195229524005633
MKTX,MARKETAXESS HLDGS INC,57060D108,1621423000.0,9828,0.02819354287366285
OI,O-I GLASS INC,67098H104,1621357000.0,154268,0.028192395255903842
IBM,INTERNATIONAL BUSINESS MACHS,459200101,1620377000.0,6685,0.02817535487099738
OGS,ONE GAS INC,68235P108,1619847000.0,18807,0.028166139152629603
APG,API GROUP CORP,00187Y100,1618855000.0,39952,0.028148890109948775
GME,GAMESTOP CORP,36467W109,1615680000.0,70125,0.02809368274048141
GLW,CORNING INC,219350105,1615052000.0,11878,0.028082762983622986
AIR,AAR CORP,000361105,1614535000.0,14750,0.028073773311177434
HUN,HUNTSMAN CORP,447011107,1614090000.0,121269,0.02806603558537807
UHAL/B,U HAUL HOLDING COMPANY,023586506,1612676000.0,36102,0.028041448744298748
PRGS,PROGRESS SOFTWARE CORP,743312100,1611487000.0,62826,0.028020774236488764
LUNR,INTUITIVE MACHINES INC,46125A100,1610061000.0,86749,0.02799597873763508
COO,COOPER COS INC,216648501,1608250000.0,22493,0.027964488801853853
TME,TENCENT MUSIC ENTMT GROUP,88034P109,1605301000.0,172985,0.027913211153803692
WKC,WORLD KINECT CORPORATION,981475106,1603480000.0,69505,0.027881547336543827
BEP,BROOKFIELD RENEWABLE ENERGY,G16258108,1602591000.0,49099,0.02786608927309297
CMS,CMS ENERGY CORP,125896100,1600010000.0,20624,0.027821210463456664
DBRG,DIGITALBRIDGE GROUP INC,25401T603,1599177000.0,103708,0.027806726136286174
FN,FABRINET,G3323L100,1597416000.0,3063,0.02777610560789813
NWN,NORTHWEST NAT HLDG CO,66765N105,1596973000.0,30007,0.0277684026583945
TLK,TELEKOMUNIKASI IND,715684106,1596505000.0,85466,0.027760265005194268
HTGC,HERCULES CAPITAL INC,427096508,1594806000.0,107976,0.02773072254197378
UFPT,UFP TECHNOLOGIES INC,902673102,1594683000.0,8237,0.027728583799786544
EVRG,EVERGY INC,30034W106,1593917000.0,19457,0.02771526447852292
CFR,CULLEN FROST BANKERS INC,229899109,1593829000.0,11627,0.027713734321510912
KALV,KALVISTA PHARMACEUTICALS INC,483497103,1592645000.0,79118,0.027693146754440245
S,SENTINELONE INC,81730H109,1591891000.0,123594,0.02768003609095099
SGML,SIGMA LITHIUM CORPORATION,826599102,1589997000.0,128849,0.02764710293889707
MBX,MBX BIOSCIENCES INC,55287L101,1588319000.0,53210,0.027617925626781722
APOG,APOGEE ENTERPRISES INC,037598109,1587448000.0,47330,0.027602780549992413
SNDK,SANDISK CORP,80004C200,1586444000.0,2497,0.02758532284953722
SHLS,SHOALS TECHNOLOGIES GROUP IN,82489W107,1583688000.0,240682,0.02753740111402476
COMP,COMPASS INC,20464U100,1582001000.0,216416,0.027508067308578642
AMAT,APPLIED MATLS INC,038222105,1580095000.0,4623,0.027474925498750358
YMM,FULL TRUCK ALLIANCE CO LTD,35969L108,1578253000.0,190151,0.02744289653038536
XLK,SELECT SECTOR SPDR TR,81369Y803,1574333000.0,11846,0.02737473499075951
TZA,DIREXION SHARES ETF TRUST,25460E232,1572613000.0,224019,0.02734482737643388
CYTK,CYTOKINETICS INC,23282W605,1572151000.0,23853,0.02733679405212084
GTLB,GITLAB INC,37637K108,1567169000.0,72420,0.027250166299463703
PBH,PRESTIGE CONSMR HEALTHCARE I,74112D101,1566388000.0,26428,0.027236586155982127
RHP,RYMAN HOSPITALITY PPTYS INC,78377T107,1565822000.0,16970,0.02722674446429125
PLD,PROLOGIS INC.,74340W103,1563954000.0,11832,0.02719426340408179
SN,SHARKNINJA INC,G8068L108,1557048000.0,14703,0.027074180854934828
SCHW,SCHWAB CHARLES CORP,808513105,1554899000.0,16545,0.027036813725175655
N/A,PHARVARIS N V,N69605108,1551801000.0,54931,0.026982945243093807
KEP,KOREA ELEC PWR CORP,500631106,1550557000.0,108811,0.026961314387151315
KT,KT CORP,48268K101,1549677000.0,72246,0.026946012817031226
BKH,BLACK HILLS CORP,092113109,1547149000.0,22290,0.026902055579231702
AAOI,APPLIED OPTOELECTRONICS INC,03823U102,1543598000.0,18248,0.026840310266167573
FFIV,F5 INC,315616102,1542418000.0,5331,0.026819792251688367
MTUM,ISHARES TR,46432F396,1538816000.0,6412,0.026757160143083186
BIP,BROOKFIELD INFRASTRUCTURE PA,G16252101,1537303000.0,42561,0.026730851875365353
CERT,CERTARA INC,15687V109,1536446000.0,269552,0.026715950232646134
AGCO,AGCO CORP,001084102,1534698000.0,13245,0.02668555575018032
FLNC,FLUENCE ENERGY INC,34379V103,1534598000.0,111526,0.02668381693539395
ICE,INTERCONTINENTAL EXCHANGE IN,45866F104,1534581000.0,9757,0.026683521336880265
SHOO,MADDEN STEVEN LTD,556269108,1533014000.0,45195,0.026656274109177792
LZB,LA Z BOY INC,505336107,1531375000.0,47647,0.026627774934829124
ONC,BEONE MEDICINES LTD,07725L102,1530286000.0,5153,0.02660883924180552
RRC,RANGE RES CORP,75281A109,1530156000.0,33868,0.02660657878258323
BDC,BELDEN INC,077454106,1530110000.0,13325,0.026605778927781498
WLTH,WEALTHFRONT CORP,947002101,1528479000.0,165241,0.026577418858615746
WSC,WILLSCOT HLDGS CORP,971378104,1527038000.0,87963,0.026552362537544102
AVNS,AVANOS MED INC,05350V106,1526978000.0,108992,0.026551319248672278
TGLS,TECNOGLASS INC,G87264100,1526639000.0,34268,0.026545424666546472
BC,BRUNSWICK CORP,117043109,1524613000.0,20954,0.02651019627897454
CTVA,CORTEVA INC,22052L104,1524192000.0,18208,0.026502875868723907
YPF,YPF SOCIEDAD ANONIMA,984245100,1523365000.0,32959,0.026488495870440595
SMFG,SUMITOMO MITSUI FIN GRP INC,86562M209,1521619000.0,77044,0.026458136164270514
SYF,SYNCHRONY FINANCIAL,87165B103,1520451000.0,22353,0.02643782680756567
HL,HECLA MINING COMPANY,422704106,1516799000.0,81417,0.02637432529156731
MARA,MARA HOLDINGS INC,565788106,1516487000.0,185844,0.02636890018943382
AU,ANGLOGOLD ASHANTI PLC,G0378L100,1513169000.0,15542,0.026311206314821943
SLYV,SPDR SERIES TRUST,78464A300,1512902000.0,15996,0.026306563679342327
RIVN,RIVIAN AUTOMOTIVE INC,76954A103,1510975000.0,100397,0.026273056718408905
DNLI,DENALI THERAPEUTICS INC,24823R105,1508486000.0,78567,0.026229777618376065
KURA,KURA ONCOLOGY INC,50127T109,1505009000.0,185118,0.026169319028253854
WLK,WESTLAKE CORPORATION,960413102,1504408000.0,12878,0.026158868751387752
PLUN,PLUG PWR INC,72919P202,1502649000.0,664889,0.02612828299929544
ELVN,ENLIVEN THERAPEUTICS INC,29337E102,1502262000.0,38323,0.02612155378607217
XLE,SELECT SECTOR SPDR TR,81369Y506,1501238000.0,24506,0.026103748322659708
WEA,WESTERN ALLIANCE BANCORP,957638109,1499540000.0,21165,0.02607422324758708
UEC,URANIUM ENERGY CORP,916896103,1499121000.0,111046,0.026066937613632178
RAPP,RAPPORT THERAPEUTICS INC,75383L102,1498885000.0,47903,0.026062834010736332
BZH,BEAZER HOMES USA INC,07556Q881,1497584000.0,77837,0.026040212030365616
NEM,NEWMONT CORP,651639106,1497206000.0,13831,0.026033639310473124
ENS,ENERSYS,29275Y102,1493471000.0,8597,0.025968694578202063
HMC,HONDA MOTOR CO LTD,438128308,1490762000.0,61323,0.025921590085639205
GPCR,STRUCTURE THERAPEUTICS INC,86366E106,1490392000.0,30921,0.025915156470929623
RAMP,LIVERAMP HLDGS INC,53815P108,1489522000.0,56166,0.025900028782288174
KO,COCA COLA CO,191216100,1489135000.0,19581,0.025893299569064904
MUB,ISHARES TR,464288414,1486100000.0,14000,0.025840526540298465
DK,DELEK US HLDGS INC NEW,24665A103,1483479000.0,32915,0.025794952204747614
ACA,ARCOSA INC,039653100,1479804000.0,13942,0.025731050761348382
LMND,LEMONADE INC,52567D107,1478433000.0,23587,0.025707211610627202
FLGT,FULGENT GENETICS INC,359664109,1470734000.0,92499,0.025573340260224293
BELFB,BEL FUSE INC,077347300,1468022000.0,7415,0.025526183603217845
AERO,GRUPO AEROMEXICO SAB DE CV,40054J109,1466721000.0,104691,0.025503561622847122
PHR,PHREESIA INC,71944F106,1465000000.0,174821,0.025473636620373632
MSTZ,ETF OPPORTUNITIES TRUST,26923N413,1464141000.0,117319,0.02545870020135868
GRND,GRINDR INC,39854F101,1463204000.0,121026,0.025442407506810358
BTI,BRITISH AMERN TOB PLC,110448107,1462802000.0,25018,0.02543541747136914
WGO,WINNEBAGO INDS INC,974637100,1461953000.0,47175,0.025420654933832828
GRMN,GARMIN LTD,H2906T109,1461431000.0,6299,0.025411578320647957
SPDN,DIREXION SHARES ETF TRUST,25460E869,1460650000.0,146799,0.02539799817716638
BBSI,BARRETT BUSINESS SVCS INC,068463108,1459759000.0,50026,0.025382505337419793
BOH,BANK HAWAII CORP,062540109,1459607000.0,19658,0.0253798623389445
SEA,SEABRIDGE GOLD INC,811916105,1459085000.0,51485,0.025370785725759633
UNIT,UNITI GROUP LLC,912932100,1458196000.0,155458,0.02535532766230877
SIMO,SILICON MOTION TECHNOLOGY CO,82706C108,1456514000.0,12971,0.025326080797601964
LEN/B,LENNAR CORP,526057302,1455528000.0,17303,0.025308936083808322
BUSE,FIRST BUSEY CORP,319383204,1455299000.0,57590,0.025304954197947527
AVBP,ARRIVENT BIOPHARMA INC,04272N102,1453456000.0,63002,0.025272907841434662
NSZ,NETSCOUT SYS INC,64115T104,1451468000.0,45658,0.02523834020348155
VCTR,VICTORY CAP HLDGS INC DEL,92645B103,1450317000.0,22149,0.02521832644529039
TDS,TELEPHONE & DATA SYS INC,879433829,1450261000.0,34448,0.02521735270901002
DFH,DREAM FINDERS HOMES INC,26154D100,1448571000.0,104064,0.025187966739120306
TRN,TRINITY INDS INC,896522109,1447585000.0,44984,0.025170822025326663
MC,MOELIS & CO,60786M105,1446204000.0,25372,0.025146808993126844
PAX,PATRIA INVESTMENTS LIMITED,G69451105,1445611000.0,114731,0.02513649782144365
FROG,JFROG LTD,M6191J100,1445585000.0,30803,0.025136045729599193
TDUP,THREDUP INC,88556E102,1438172000.0,438467,0.025007147389485312
UVE,UNIVERSAL INS HLDGS INC,91359V107,1435540000.0,42024,0.02496138178430796
PRG,PROG HOLDINGS INC,74319R101,1433955000.0,49981,0.024933821569943938
GERN,GERON CORP,374163103,1432127000.0,961159,0.024902036035649028
LI,LI AUTO INC,50202M102,1430964000.0,80256,0.024881813619683505
BAH,BOOZ ALLEN HAMILTON HLDG COR,099502106,1430914000.0,18338,0.02488094421229032
GPRK,GEOPARK LTD,G38327105,1429864000.0,150512,0.024862686657033395
ABM,ABM INDS INC,000957100,1429362000.0,37107,0.0248539578068058
HLIO,HELIOS TECHNOLOGIES INC,42328H109,1426597000.0,22046,0.02480587957796257
SLYG,SPDR SERIES TRUST,78464A201,1426594000.0,14765,0.024805827413518975
ABR,ARBOR REALTY TRUST INC,038923108,1425232000.0,184855,0.02478214475612857
UFPI,UFP INDUSTRIES INC,90278Q108,1422056000.0,15437,0.02472691999851334
WGS,GENEDX HOLDINGS CORP,81663L200,1420932000.0,22126,0.024707375720314503
EAT,BRINKER INTL INC,109641100,1420419000.0,9949,0.024698455600460408
AROC,ARCHROCK INC,03957W106,1420397000.0,40816,0.024698073061207405
GH,GUARDANT HEALTH INC,40131M109,1419080000.0,15363,0.024675172870470864
NUGT,DIREXION SHARES ETF TRUST,25460G781,1417334000.0,7529,0.024644813164300776
UBSI,UNITED BANKSHARES INC WEST V,909907107,1416481000.0,34198,0.02462998107417301
TQQQ,PROSHARES TR,74347X831,1416286000.0,33980,0.024626590385339583
AR,ANTERO RESOURCES CORP,03674X106,1413422000.0,33304,0.024576790729857842
AXTI,AXT INC,00246W103,1409913000.0,24744,0.024515775719003992
GCT,GIGACLOUD TECHNOLOGY INC,G38644103,1409049000.0,31050,0.024500752359249728
HPP,HUDSON PACIFIC PROPERTIES IN,444097406,1408932000.0,238398,0.024498717945949662
CAI,CARIS LIFE SCIENCES INC,142152107,1403687000.0,78506,0.02440751711040437
ARR,ARMOUR RESIDENTIAL REIT INC,042315705,1402171000.0,84063,0.024381156678242945
KR,KROGER CO,501044101,1398936000.0,19333,0.02432490601990376
RBLX,ROBLOX CORP,771049103,1394826000.0,24661,0.0242534407321838
BANC,BANC OF CALIFORNIA INC,05990K106,1394287000.0,79311,0.02424406852048525
MDGL,MADRIGAL PHARMACEUTICALS INC,558868105,1391383000.0,2658,0.024193573339088958
SFNC,SIMMONS FIRST NATL CORP,828730200,1389314000.0,71430,0.02415759726115889
HRL,HORMEL FOODS CORP,440452100,1388739000.0,61313,0.024147599076137238
WLY,WILEY JOHN & SONS INC,968223206,1381620000.0,36263,0.0240238128514953
YETI,YETI HLDGS INC,98585X104,1379919000.0,37713,0.023994235611979088
AIV,APARTMENT INVT & MGMT CO,03748R747,1378326000.0,338655,0.023966536292432155
VVV,VALVOLINE INC,92047W101,1372056000.0,40738,0.02385751260532653
ALIT,ALIGHT INC,01626W101,1371349000.0,2353440,0.023845219184786867
KNTK,KINETIK HOLDINGS INC,02215L209,1368551000.0,28270,0.023796567147064133
CCS,CENTURY COMMUNITIES INC,156504300,1368456000.0,23849,0.023794915273017078
MAX,MEDIAALPHA INC,58450V104,1365593000.0,146838,0.023745133005683202
ENVA,ENOVA INTL INC,29357K103,1364005000.0,10042,0.02371752062687559
JJSF,J & J SNACK FOODS CORP,466032109,1363920000.0,17206,0.02371604263430717
N/A,BBB FOODS INC,G0896C103,1363726000.0,38556,0.023712669333621605
HRTG,HERITAGE INSURANCE HLDGS INC,42727J102,1363031000.0,51925,0.02370058457085631
CNP,CENTERPOINT ENERGY INC,15189T107,1359454000.0,31498,0.023638387165947725
ALX,ALEXANDERS INC,014752109,1359331000.0,5755,0.023636248423760484
CBC,CENTRAL BANCOMPANY,152413100,1358636000.0,56728,0.023624163660995186
USAR,USA RARE EARTH INC,91733P107,1356822000.0,89648,0.02359262156077037
BGS,B & G FOODS INC,05508R106,1356632000.0,282044,0.023589317812676258
UMC,UNITED MICROELECTRONICS CORP,910873405,1354678000.0,150855,0.02355534137175052
INBX,INHIBRX BIOSCIENCES INC,45720N103,1353071000.0,20126,0.023527398618133494
NFG,NATIONAL FUEL GAS CO,636180101,1352648000.0,14396,0.023520043431587135
NTNX,NUTANIX INC,67059N108,1352130000.0,35573,0.023511036370993717
BCPC,BALCHEM CORP,057665200,1347197000.0,7949,0.023425260637581907
MOMO,HELLO GROUP INC,423403104,1347143000.0,233879,0.023424321677597264
N/A,ETORO GROUP LTD,G32089107,1342011000.0,44689,0.02333508570276057
XLF,SELECT SECTOR SPDR TR,81369Y605,1339063000.0,27123,0.02328382544285828
USPH,U S PHYSICAL THERAPY,90337L108,1337211000.0,17839,0.023251622593014637
IQV,IQVIA HLDGS INC,46266C105,1336522000.0,7837,0.02323964215913652
SUPN,SUPERNUS PHARMACEUTICALS,868459108,1324608000.0,25626,0.02303247976548797
SONY,SONY GROUP CORP,835699307,1323662000.0,63945,0.023016030577608874
IMNM,IMMUNOME INC,45257U108,1323091000.0,60498,0.023006101945178683
MSBI,MIDLAND STATES BANCORP INC,597742105,1322314000.0,59270,0.02299259135428856
TAK,TAKEDA PHARMACEUTICAL CO LTD,874060205,1320920000.0,71324,0.02296835227616651
JBLU,JETBLUE AIRWAYS CORP,477143101,1319989000.0,298640,0.02295216391050537
SKM,SK TELECOM CO LTD,78440P306,1319046000.0,45034,0.02293576688706987
CNK,CINEMARK HLDGS INC,17243V102,1318052000.0,46215,0.022918483068093316
PERI,PERION NETWORK LTD,M78673114,1317871000.0,131919,0.022915335813329978
SBRA,SABRA HEALTH CARE REIT INC,78573L106,1317274000.0,68501,0.022904955089055327
TIGO,MILLICOM INTL CELLULAR S A,L6388F110,1314223000.0,17537,0.02285190384992307
EXPD,EXPEDITORS INTL WASH INC,302130109,1312273000.0,9162,0.022817996961588784
TRIP,TRIPADVISOR INC,896945201,1310050000.0,122894,0.022779343108887698
M,MACYS INC,55616P104,1308341000.0,72324,0.022749626764188572
FIGS,FIGS INC,30260D103,1307854000.0,88548,0.02274115873617893
DOO,BRP INC,05577W200,1305865000.0,18185,0.022706573710077962
HSAI,HESAI GROUP,428050108,1305667000.0,68288,0.02270313085680094
ODD,ODDITY TECH LTD,M7518J104,1304269000.0,97479,0.022678822226087438
REZI,RESIDEO TECHNOLOGIES INC,76118Y104,1303970000.0,38682,0.02267362316987618
HTZ,HERTZ GLOBAL HLDGS INC,42806J700,1303717000.0,282802,0.022669223968466656
BCH,BANCO DE CHILE,059520106,1302993000.0,35178,0.02265663494941331
ANDG,ANDERSEN GROUP INC,033853102,1300405000.0,47809,0.02261163442274196
BCSF,BAIN CAP SPECIALTY FIN INC,05684B107,1296197000.0,104532,0.022538465096531356
VLUE,ISHARES TR,46432F388,1294924000.0,9107,0.02251632998430082
DCO,DUCOMMUN INC DEL,264147109,1294420000.0,10610,0.0225075663577775
WIX,WIX COM LTD,M98068105,1285659000.0,14274,0.022355228794343304
LEU,CENTRUS ENERGY CORP,15643U104,1283351000.0,7393,0.0223150969490738
MD,PEDIATRIX MEDICAL GROUP INC,58502B106,1282095000.0,59939,0.02229325743535695
GRBK,GREEN BRICK PARTNERS INC,392709101,1281717000.0,19887,0.022286684715464456
XLRE,SELECT SECTOR SPDR TR,81369Y860,1278265000.0,31307,0.02222666082903884
ETON,ETON PHARMACEUTICALS INC,29772L108,1277733000.0,51772,0.022217410334375333
LTM,LATAM AIRLINES GROUP SA,51817R205,1276837000.0,25826,0.022201830553889426
JQUA,J P MORGAN EXCHANGE TRADED F,46641Q761,1274965000.0,20792,0.02216927994108851
LAMR,LAMAR ADVERTISING CO,512816109,1273313000.0,10053,0.022140554720817617
FG,F&G ANNUITIES & LIFE INC,30190A104,1272659000.0,50263,0.022129182872114735
BILI,BILIBILI INC,090040106,1268662000.0,56235,0.02205968244510338
IYE,ISHARES TR,464287796,1266383000.0,19552,0.022020054856121924
TAC,TRANSALTA CORP,89346D107,1265408000.0,96596,0.022003101411954783
SAM,BOSTON BEER INC,100557107,1265357000.0,5492,0.02200221461641373
RDNT,RADNET INC,750491102,1261549000.0,22572,0.021936000549348623
ELME,ELME COMMUNITIES,939653101,1257848000.0,625795,0.021871647014104937
MTUS,METALLUS INC,887399103,1256644000.0,76906,0.021850711684076998
GAU,GALIANO GOLD INC,36352H100,1254202000.0,499682,0.021808249826993753
CRM,SALESFORCE INC,79466L302,1253676000.0,6716,0.021799103661217428
GMAB,GENMAB A/S,372303206,1253202000.0,46709,0.021790861679130018
N/A,PICS NV,N69958101,1247584000.0,119386,0.021693175064431545
TILE,INTERFACE INC,458665304,1245701000.0,49988,0.021660433182004134
AG,FIRST MAJESTIC SILVER CORP,32076V103,1245260000.0,57973,0.021652765008796225
NOVT,NOVANTA INC,67000B104,1244171000.0,10534,0.021633829315772617
BIRK,BIRKENSTOCK HOLDING PLC,M2029K104,1243014000.0,34692,0.021613711228694273
DLB,DOLBY LABORATORIES INC,25659T107,1242882000.0,20694,0.02161141599317626
COLL,COLLEGIUM PHARMACEUTICAL INC,19459J104,1241216000.0,37533,0.021582447338835277
BEAM,BEAM THERAPEUTICS INC,07373V105,1240614000.0,52061,0.021571979673821306
SOXS,DIREXION SHARES ETF TRUST,25461H572,1240124000.0,31112,0.021563459481368074
FMC,FMC CORP,302491303,1235036000.0,71721,0.021474988585037384
PGNY,PROGYNY INC,74340E103,1234106000.0,72680,0.02145881760752411
XPEV,XPENG INC,98422D105,1233785000.0,72109,0.02145323601205985
DRS,LEONARDO DRS INC,52661A108,1233249000.0,27701,0.021443915964804886
SYRE,SPYRE THERAPEUTICS INC,00773J202,1232501000.0,24435,0.02143090963020281
CROX,CROCS INC,227046109,1232017000.0,14840,0.021422493766636765
ACM,AECOM,00766T100,1230908000.0,14512,0.021403210310655882
AVY,AVERY DENNISON CORP,053611109,1230863000.0,7128,0.021402427844002016
ENSG,ENSIGN GROUP INC,29358P101,1230359000.0,6106,0.021393664217478688
IR,INGERSOLL RAND INC,45687V106,1230082000.0,15353,0.021388847700520436
LCII,LCI INDS,50189K103,1229923000.0,10001,0.021386082985010102
LHX,L3HARRIS TECHNOLOGIES INC,502431109,1228734000.0,3560,0.02136540847720012
TCBI,TEXAS CAP BANCSHARES INC,88224Q107,1226324000.0,12925,0.021323503040848516
OFG,OFG BANCORP,67103X102,1224562000.0,30266,0.02129286512431261
N/A,ENLIGHT RENEWABLE ENERGY LTD,M4056D110,1221308000.0,17892,0.021236284091164015
WTS,WATTS WATER TECHNOLOGIES INC,942749102,1220960000.0,4206,0.021230233015707433
PAG,PENSKE AUTOMOTIVE GRP INC,70959W103,1217242000.0,8141,0.02116558388195006
ESQ,ESQUIRE FINL HLDGS INC,29667J101,1216255000.0,11314,0.021148421780008555
SOUN,SOUNDHOUND AI INC,836100107,1212493000.0,176491,0.021083007567745178
CMPO,GPGI INC,20459V105,1212407000.0,70901,0.021081512187028896
TCMD,TACTILE SYS TECHNOLOGY INC,87357P100,1210864000.0,46340,0.021054682274875152
N/A,MAGNUM ICE CREAM CO NV,N5505D105,1209754000.0,80920,0.021035381430746406
ERO,ERO COPPER CORP,296006109,1209378000.0,45346,0.02102884348714964
FLOC,FLOWCO HLDGS INC,342909108,1206418000.0,58564,0.02097737456947298
ALEC,ALECTOR INC,014442107,1203776000.0,559896,0.02093143508281699
N/A,INTERCORP FINL SVCS INC,P5626F128,1202591000.0,23956,0.02091083012759846
HNM,ORMAT TECHNOLOGIES INC,686688102,1199447000.0,10717,0.020856161790714874
MPC,MARATHON PETE CORP,56585A102,1199168000.0,4911,0.02085131049746089
DAR,DARLING INGREDIENTS INC,237266101,1196179000.0,19340,0.020799337323496186
CRC,CALIFORNIA RES CORP,13057Q305,1195568000.0,17272,0.02078871316515144
NOG,NORTHERN OIL & GAS INC,665531307,1192789000.0,40807,0.02074039150223812
CASS,CASS INFORMATION SYS INC,14808P109,1190257000.0,27039,0.02069636471184714
WD,WALKER & DUNLOP INC,93148P102,1190138000.0,26817,0.02069429552225135
PFLT,PENNANTPARK FLOATING RATE CA,70806A106,1188320000.0,147801,0.02066268386943508
ITRG,INTEGRA RES CORP,45826T509,1187424000.0,434954,0.020647104088949174
CENX,CENTURY ALUM CO,156431108,1183543000.0,20166,0.020579620687090013
CDNL,CARDINAL INFRASTRUCTURE GROU,14154A102,1183186000.0,29837,0.020573413118302658
KSS,KOHLS CORP,500255104,1182866000.0,91695,0.020567848910986262
FIG,FIGMA INC,316841105,1181134000.0,55872,0.02053773263888627
AM,ANTERO MIDSTREAM CORP,03676B102,1180470000.0,51775,0.020526186908704752
MCRI,MONARCH CASINO & RESORT INC,609027107,1179226000.0,12335,0.020504556052762263
ADNT,ADIENT PLC,G0084W101,1178688000.0,58322,0.020495201229211574
ASIX,ADVANSIX INC,00773T101,1177617000.0,48263,0.020476578522849512
UTL,UNITIL CORP,913259107,1176340000.0,22518,0.020454373858027522
DCOM,DIME CMNTY BANCSHARES INC,25432X102,1175989000.0,34772,0.02044827061812735
CPRI,CAPRI HOLDINGS LIMITED,G1890L107,1174884000.0,66679,0.02042905671473792
HCI,HCI GROUP INC,40416E103,1174263000.0,7595,0.020418258674914543
FTV,FORTIVE CORP,34959J108,1174037000.0,21238,0.020414328953497336
HP,HELMERICH & PAYNE INC,423452101,1168417000.0,32429,0.020316607562503138
SCL,STEPAN CO,858586100,1168332000.0,23376,0.020315129569934722
N/A,QMMM HOLDINGS LTD,G7309R114,1168210000.0,9784,0.020313008215895347
CDE,COEUR MNG INC,192108504,1166180000.0,62130,0.02027771027573196
TNDM,TANDEM DIABETES CARE INC,875372203,1165939000.0,60821,0.0202735197320968
AWI,ARMSTRONG WORLD INDS INC NEW,04247X102,1161016000.0,7045,0.020187917880163626
CURB,CURBLINE PPTYS CORP,23128Q101,1160215000.0,44987,0.02017398997372477
VLY,VALLEY NATL BANCORP,919794107,1159183000.0,94396,0.020156045405129396
ATEN,A10 NETWORKS INC,002121101,1158982000.0,50129,0.020152550387408787
WTW,WILLIS TOWERS WATSON PLC LTD,G96629103,1152044000.0,3963,0.020031911417530187
GFL,GFL ENVIRONMENTAL INC,36168Q104,1152014000.0,27613,0.020031389773094273
ABSI,ABSCI CORPORATION,00091E109,1150359000.0,383453,0.02000261238837979
IAUX,I-80 GOLD CORP,44955L106,1149343000.0,756147,0.019984946030150233
AUR,AURORA INNOVATION INC,051774107,1146744000.0,278336,0.019939754233852382
COLB,COLUMBIA BKG SYS INC,197236102,1146135000.0,41784,0.019929164851803367
ZG,ZILLOW GROUP INC,98954M101,1145924000.0,27686,0.01992549595260412
SPXU,PROSHARES TR,74350P659,1145864000.0,20195,0.019924452663732294
B,BARRICK MNG CORP,06849F108,1142242000.0,28003,0.01986147279216984
MIAX,MIAMI INTL HLDGS INC,59356Q108,1135180000.0,29167,0.019738677691956138
GT,GOODYEAR TIRE & RUBR CO,382550101,1133730000.0,171000,0.019713464877553717
SPCE,VIRGIN GALACTIC HOLDINGS INC,92766K403,1132725000.0,466142,0.019695989788950662
RIOT,RIOT PLATFORMS INC,767292105,1131632000.0,91556,0.0196769845433356
ADTN,ADTRAN HOLDINGS INC,00486H105,1130124000.0,89835,0.019650763216357083
BW,BABCOCK & WILCOX ENTERPRISES,05614L209,1128221000.0,76802,0.019617673570972397
DGX,QUEST DIAGNOSTICS INC,74834L100,1126101000.0,5746,0.019580810697501273
VTEB,VANGUARD MUN BD FDS,922907746,1125069000.0,22551,0.019562866128905898
INTU,INTUIT,461202103,1124188000.0,2600,0.019547547170637947
WTI,W & T OFFSHORE INC,92922P106,1121235000.0,328808,0.019496199969996332
SWK,STANLEY BLACK & DECKER INC,854502101,1120474000.0,15768,0.01948296758947203
BTBT,BIT DIGITAL INC,G1144A105,1120139000.0,855068,0.01947714255993768
LPTH,LIGHTPATH TECHNOLOGIES INC,532257805,1119639000.0,111629,0.01946844848600581
CLH,CLEAN HARBORS INC,184496107,1117100000.0,3896,0.019424299978579786
TMC,TMC THE METALS COMPANY INC,87261Y106,1116985000.0,239183,0.019422300341575452
SHG,SHINHAN FINANCIAL GROUP CO L,824596100,1114920000.0,18182,0.019386393816236837
APEI,AMERICAN PUB ED INC,02913V103,1114507000.0,19594,0.019379212511169117
GOOG,ALPHABET INC,02079K107,1114451000.0,3885,0.01937823877488875
DIOD,DIODES INC,254543101,1111887000.0,16289,0.019333655563766126
MMI,MARCUS & MILLICHAP INC,566324109,1111861000.0,41815,0.01933320347192167
PAHC,PHIBRO ANIMAL HEALTH CORP,71742Q106,1111510000.0,20096,0.019327100232021496
HLX,HELIX ENERGY SOLUTIONS GRP I,42330P107,1111379000.0,112374,0.019324822384651347
IWD,ISHARES TR,464287598,1111084000.0,5200,0.019319692881031546
XNCR,XENCOR INC,98401F105,1110702000.0,92098,0.0193130506085476
PAM,PAMPA ENERGIA SA,697660207,1108905000.0,12530,0.019281804106836466
MGA,MAGNA INTL INC,559222401,1108442000.0,19861,0.019273753394375558
COHR,COHERENT CORP,19247G107,1103865000.0,4634,0.019194167841603233
SKE,SKEENA RES LTD NEW,83056P715,1103563000.0,37132,0.019188916620948387
FBP,FIRST BANCORP CORPORATION,318672706,1102069000.0,51595,0.019162938728039963
FIBK,FIRST INTST BANCSYSTEM INC,32055Y201,1101766000.0,32987,0.019157670119237254
APP,APPLOVIN CORP,03831W108,1101266000.0,2767,0.019148976045305383
PENG,PENGUIN SOLUTIONS INC,706915105,1100035000.0,62502,0.019127571235285124
0DFC,DIREXION SHARES ETF TRUST,25459Y694,1098258000.0,9268,0.019096672496531266
KBDC,KAYNE ANDERSON BDC INC,48662X105,1097463000.0,79990,0.019082848918979593
JBIO,JADE BIOSCIENCES INC,008064206,1097417000.0,78108,0.019082049064177865
PRGO,PERRIGO CO PLC,G97822103,1096393000.0,102085,0.019064243600765397
BF/A,BROWN FORMAN CORP,115637100,1096140000.0,40916,0.01905984439935587
DNTH,DIANTHUS THERAPEUTICS INC,252828108,1094904000.0,13047,0.019038352648596296
PUMP,PROPETRO HLDG CORP,74347M108,1094223000.0,75935,0.019026511319901088
BBY,BEST BUY INC,086516101,1093326000.0,17030,0.01901091415126732
FNV,FRANCO NEV CORP,351858105,1090726000.0,4415,0.018965704966821605
GOGO,GOGO INC,38046C109,1090562000.0,271284,0.018962853310571952
EFSC,ENTERPRISE FINL SVCS CORP,293712105,1089451000.0,20134,0.01894353507829534
CHEF,CHEFS WHSE INC,163086101,1088113000.0,18303,0.018920269736453662
CMPR,CIMPRESS PLC,G2143T103,1087043000.0,14891,0.018901664418239462
FTRE,FORTREA HLDGS INC,34965K107,1081849000.0,114846,0.018811350378235215
BILL,BILL HOLDINGS INC,090043100,1081592000.0,28240,0.018806881624234235
CHCO,CITY HLDG CO,177835105,1079744000.0,9034,0.018774748326982053
SMA,SMARTSTOP SELF STORAG REIT I,83192D402,1079633000.0,35655,0.018772818242569177
FSLR,FIRST SOLAR INC,336433107,1078223000.0,5466,0.01874830095408131
SBSW,SIBANYE STILLWATER LTD,82575P107,1076386000.0,87369,0.018716358926455626
IDT,IDT CORP,448947507,1076223000.0,21919,0.018713524658353835
GPOR,GULFPORT ENERGY CORP,402635502,1074987000.0,5081,0.018692032907594257
RTO,RENTOKIL INITIAL PLC,760125104,1073342000.0,34096,0.018663429404358414
EYE,NATIONAL VISION HLDGS INC,63845R107,1071716000.0,41379,0.018635156275931975
CTS,CTS CORP,126501105,1070349000.0,22411,0.01861138667780225
ESNT,ESSENT GROUP LTD,G3198U102,1069218000.0,18296,0.018591720682568362
SPPP,SPROTT ASSET MANAGEMENT LP,85207Q104,1067920000.0,68765,0.018569150866641237
PTCT,PTC THERAPEUTICS INC,69366J200,1067733000.0,15672,0.018565899282990714
AXS,AXIS CAP HLDGS LTD,G0692U109,1067340000.0,10525,0.018559065740880266
TNP,TSAKOS ENERGY NAVIGATION LTD,G9108L173,1067314000.0,27048,0.018558613649035813
DAKT,DAKTRONICS INC,234264109,1065319000.0,54492,0.01852392429404766
SHY,ISHARES TR,464287457,1062346000.0,12866,0.01847222933044877
ALV,AUTOLIV INC,052800109,1061170000.0,10091,0.018451780868561016
CSR,CENTERSPACE,15202L107,1057999000.0,18416,0.01839664305168511
HMN,HORACE MANN EDUCATORS CORP N,440327104,1053172000.0,24676,0.01831271046194685
FCBC,FIRST CMNTY BANKSHARES INC V,31983A103,1052781000.0,25356,0.018305911696132132
LRN,STRIDE INC,86333M108,1052397000.0,11936,0.018299234647352454
CSV,CARRIAGE SVCS INC,143905107,1052052000.0,23041,0.018293235736339467
SIBN,SI BONE INC,825704109,1050222000.0,83153,0.018261415425748828
BIDUN,BAIDU INC,056752108,1049688000.0,9421,0.018252130154789593
DEI,DOUGLAS EMMETT INC,25960P109,1049671000.0,111430,0.01825183455627591
KMPR,KEMPER CORP,488401100,1048361000.0,34305,0.018229056082574416
RCI,ROGERS COMMUNICATIONS INC,775109200,1047416000.0,27241,0.018212624282843187
SWX,SOUTHWEST GAS HLDGS INC,844895102,1045842000.0,12035,0.018185255338105666
PKX,POSCO HOLDINGS INC,693483109,1044339000.0,17855,0.01815912095186647
SW,SMURFIT WESTROCK PLC,G8267P108,1043353000.0,26182,0.018141976238072826
DAN,DANA INC,235825205,1041333000.0,30946,0.018106852179388077
KTOS,KRATOS DEFENSE & SEC SOLUTIO,50077B207,1040375000.0,14755,0.01809019433373462
BLLN,BILLIONTOONE INC,090168105,1040350000.0,13179,0.018089759630038026
MVST,MICROVAST HOLDINGS INC,59516C106,1038162000.0,692108,0.018051714362512173
IDA,IDACORP INC,451107106,1036247000.0,7248,0.018018416059353115
COHU,COHU INC,192576106,1035048000.0,33803,0.017997567670064496
ALRS,ALERUS FINL CORP,01446U103,1033732000.0,43599,0.017974684867475818
SKY,CHAMPION HOMES INC,830830105,1032851000.0,13888,0.017959365909207867
SENEA,SENECA FOODS CORP NEW,817070501,1031998000.0,6829,0.0179445338190801
BLND,BLEND LABS INC,09352U108,1031495000.0,606762,0.01793578758070464
VCYT,VERACYTE INC,92337F107,1029303000.0,31956,0.01789767276058733
PONY,PONY AI INC,732908108,1028025000.0,108901,0.017875450707617476
KFRC,KFORCE INC,493732101,1027874000.0,35153,0.017872825097290053
ON,ON SEMICONDUCTOR CORP,682189105,1027686000.0,16597,0.017869556125491667
BTG,B2GOLD CORP,11777Q209,1027377000.0,226794,0.017864183187801776
WABC,WESTAMERICA BANCORPORATION,957090103,1025634000.0,19667,0.017833875646075283
EMR,EMERSON ELEC CO,291011104,1024707000.0,7821,0.0178177568330056
CART,MAPLEBEAR INC,565394103,1024531000.0,27350,0.01781469651898158
EFXT,ENERFLEX LTD,29269R105,1024369000.0,48966,0.017811879639027656
TMF,DIREXION SHARES ETF TRUST,25460G138,1023166000.0,28374,0.017790961697147584
TTD,THE TRADE DESK INC,88339J105,1022479000.0,45063,0.017779016039565193
MGK,VANGUARD WORLD FD,921910816,1021483000.0,2780,0.017761697444292915
TMHC,TAYLOR MORRISON HOME CORP,87724P106,1021122000.0,17533,0.017755420322914106
PX,RIDGEPOST CAP INC,69376K106,1020400000.0,140551,0.01774286608015649
RPM,RPM INTL INC,749685103,1017856000.0,10240,0.017698630631991143
GHM,GRAHAM CORP,384556106,1017358000.0,12891,0.017689971334355
SHAK,SHAKE SHACK INC,819047101,1016786000.0,11493,0.017680025313776944
MAN,MANPOWERGROUP INC WIS,56418H100,1012069000.0,34354,0.0175980054203037
MLKN,MILLERKNOLL INC,600544100,1010913000.0,69911,0.01757790472137322
RWT,REDWOOD TRUST INC,758075402,1009312000.0,179913,0.01755006629664338
IIIV,I3 VERTICALS INC,46571Y107,1008950000.0,45123,0.01754377178711671
RLJ,RLJ LODGING TR,74965L101,1008200000.0,135876,0.017530730676218905
EDU,NEW ORIENTAL ED & TECHNOLOGY,647581206,1006768000.0,17778,0.017505830848478034
STBA,S & T BANCORP INC,783859101,1006346000.0,24058,0.017498493050079538
BF/B,BROWN FORMAN CORP,115637209,1006254000.0,38058,0.017496893340476074
ARQT,ARCUTIS BIOTHERAPEUTICS INC,03969K108,1005635000.0,42684,0.017486130076948422
REPL,REPLIMUNE GROUP INC,76029N106,1005401000.0,131425,0.017482061250348305
JPX,AEROVIRONMENT INC,008073108,1002016000.0,5474,0.01742320236982956
UPRO,PROSHARES TR,74347X864,1001997000.0,10332,0.01742287199502015
ONDS,ONDAS INC,68236H204,1001966000.0,110837,0.017422332962436372
WS,WORTHINGTON STL INC,982104101,999820000.0,32943,0.017385017997120795
RDVT,RED VIOLET INC,75704L104,999594000.0,28890,0.017381088275703588
CCO,CLEAR CHANNEL OUTDOOR HLDGS,18453H106,997087000.0,420712,0.0173374961890092
OLPX,OLAPLEX HLDGS INC,679369108,996440000.0,490857,0.017326246057341368
UTZ,UTZ BRANDS INC,918090101,995592000.0,125706,0.017311500907952918
SPLG,SPDR SERIES TRUST,78464A854,994331000.0,12991,0.017289574453496746
LMB,LIMBACH HLDGS INC,53263P105,992562000.0,12717,0.017258814819925798
HCC,WARRIOR MET COAL INC,93627C101,992327000.0,10653,0.017254728605177818
MTX,MINERALS TECHNOLOGIES INC,603158106,990752000.0,13970,0.017227342272292435
ORKA,ORUKA THERAPEUTICS INC,687604108,989829000.0,20180,0.017211293011814205
FLO,FLOWERS FOODS INC,343498101,988848000.0,121331,0.01719423523875988
NUVB,NUVATION BIO INC,67080N101,987155000.0,230106,0.017164797104426574
UWMC,UWM HOLDINGS CORPORATION,91823B109,984111000.0,271854,0.01711186758232936
PLPC,PREFORMED LINE PRODS CO,740444104,983093000.0,3631,0.01709416644780408
NBN,NORTHEAST BK PORTLAND ME,66405S100,982788000.0,8746,0.01708886306270564
SPB,SPECTRUM BRANDS HOLDINGS INC,84790A105,982347000.0,13329,0.01708119488949773
CA8A,CACI INTL INC,127190304,980598000.0,1803,0.017050783018884054
SDY,SPDR SERIES TRUST,78464A763,979695000.0,6713,0.017035081521363103
MAGN,MAGNERA CORP,55939A107,979302000.0,102976,0.017028247979252654
VT,VANGUARD INTL EQUITY INDEX F,922042742,978061000.0,7071,0.017006669287753757
CSAN,COSAN S A,22113B103,977857000.0,237344,0.017003122105589553
NXT,NEXTPOWER INC,65290E101,977299000.0,8107,0.01699341951908159
KROS,KEROS THERAPEUTICS INC,492327101,975075000.0,88322,0.01695474827823264
VNQ,VANGUARD INDEX FDS,922908553,972596000.0,10965,0.01691164305967844
BBAI,BIGBEAR AI HLDGS INC,08975B109,970946000.0,275837,0.016882952615703273
AMN,AMN HEALTHCARE SVCS INC,001744101,970351000.0,52909,0.016872606667724353
RUN,SUNRUN INC,86771W105,969784000.0,71518,0.016862747587885613
MCB,METROPOLITAN BK HLDG CORP,591774104,968746000.0,11631,0.016844698690403056
NBR,NABORS INDUSTRIES LTD,G6359F137,966970000.0,11236,0.01681381733979706
DNP,DNP SELECT INCOME FD INC,23325P104,965862000.0,93773,0.01679455127196404
TSA,ACI WORLDWIDE INC,004498101,965129000.0,23534,0.01678180575957992
SNDA,SONIDA SENIOR LIVING INC,140475203,962598000.0,29848,0.016737796357336805
OKTA,OKTA INC,679295105,961994000.0,12222,0.016727293916027106
ATRO,ASTRONICS CORP,046433108,957909000.0,14355,0.01665626333200374
NVMI,NOVA LTD,M7516K103,956719000.0,2203,0.016635571436045896
PHIN,PHINIA INC,71880K101,956038000.0,13969,0.016623730107350694
CUBE,CUBESMART,229663109,955539000.0,26072,0.01661505342156669
KOP,KOPPERS HOLDINGS INC,50060P106,953423000.0,24649,0.016578260100687022
GLUE,MONTE ROSA THERAPEUTICS INC,61225M102,950136000.0,57759,0.016521105258658922
PNTG,PENNANT GROUP INC,70805E109,948629000.0,31123,0.016494901319828274
HOMB,HOME BANCSHARES INC,436893200,948582000.0,35224,0.016494084076878676
RCL,ROYAL CARIBBEAN GROUP,V7780T103,947995000.0,3445,0.016483877234082664
GATX,GATX CORP,361448103,946753000.0,5545,0.0164622811544359
MCD,MCDONALDS CORP,580135101,945734000.0,3043,0.016444562631762756
HTFL,HEARTFLOW INC,42238D107,944539000.0,38822,0.01642378379506559
SION,SIONNA THERAPEUTICS INC,829401108,944160000.0,23551,0.016417193687025235
CXM,SPRINKLR INC,85208T107,943650000.0,157275,0.01640832573161473
WK,WORKIVA INC,98139A105,942273000.0,15802,0.016384382252006363
IBOC,INTERNATIONAL BANCSHARES COR,459044103,941253000.0,13988,0.016366646341185353
VOYG,VOYAGER TECHNOLOGIES INC,92892B103,941073000.0,40234,0.01636351647456988
BELFA,BEL FUSE INC,077347201,941004000.0,5222,0.016362316692367283
BWMN,BOWMAN CONSULTING GROUP LTD,103002101,940369000.0,33065,0.01635127521847381
MZTI,MARZETTI COMPANY,513847103,940091000.0,6796,0.016346441313367693
IBB,ISHARES TR,464287556,939481000.0,5564,0.01633583454317081
PLAY,DAVE & BUSTERS ENTMT INC,238337109,938658000.0,86672,0.01632152409747896
NHC,NATIONAL HEALTHCARE CORP,635906100,937279000.0,5869,0.016297545841574865
EXLS,EXLSERVICE HLDGS INC,302081104,937068000.0,30774,0.016293876942375617
QBTS,D-WAVE QUANTUM INC,26740W109,933332000.0,64680,0.016228914821956698
QQQ,INVESCO QQQ TR,46090E103,932146000.0,1615,0.01620829247859031
FSSL,FS SPECIALTY LENDING FD,644323107,931557000.0,74465,0.016198050859498568
GEHC,GE HEALTHCARE TECHNOLOGIES I,36266G107,930679000.0,13075,0.016182784065674204
KNSL,KINSALE CAP GROUP INC,49714P108,930340000.0,2723,0.0161768894835484
MLR,MILLER INDS INC TENN,600551204,928992000.0,20395,0.016153450260228082
META,META PLATFORMS INC,30303M102,927995000.0,1622,0.016136114276807938
BFLY,BUTTERFLY NETWORK INC,124155102,927685000.0,229625,0.016130723950970177
DLTR,DOLLAR TREE INC,256746108,926674000.0,8462,0.01611314453347994
COLM,COLUMBIA SPORTSWEAR CO,198516106,919767000.0,16781,0.015993044596185117
KIND,NEXTDOOR HOLDINGS INC,65345M108,916639000.0,654742,0.015938654469667347
FWRG,FIRST WATCH RESTAURANT GROUP,33748L101,916141000.0,87418,0.015929995172031208
STTK,SHATTUCK LABS INC,82024L103,916056000.0,142466,0.015928517179462788
KPTI,KARYOPHARM THERAPEUTICS INC,48576U205,915948000.0,164443,0.015926639259493506
KALU,KAISER ALUMINIUM CORPORATION,483007704,915755000.0,7599,0.015923283346955804
RGR,STURM RUGER & CO INC,864159108,915054000.0,22825,0.015911094255303324
MGM,MGM RESORTS INTERNATIONAL,552953101,914924000.0,24721,0.01590883379608104
PSMT,PRICESMART INC,741511109,914589000.0,6077,0.01590300876654669
OEC,ORION S.A.,L72967109,914511000.0,140694,0.01590165249101332
VSH,VISHAY INTERTECHNOLOGY INC,928298108,909126000.0,50507,0.0158080173147671
CQP,CHENIERE ENERGY PARTNERS L P,16411Q101,908956000.0,14064,0.015805061329630263
COMM,VISTANCE NETWORKS INC,20337X109,908562000.0,49921,0.015798210399371952
MEOH,METHANEX CORP,59151K108,907092000.0,15235,0.01577264982201226
SDGR,SCHRODINGER INC,80810D103,905312000.0,79693,0.015741698918814807
PRLB,PROTO LABS INC,743713109,905078000.0,15873,0.015737630092214693
KREF,KKR REAL ESTATE FIN TR INC,48251K100,904297000.0,147761,0.015724049948733113
DGII,DIGI INTL INC,253798102,902834000.0,18731,0.01569861108840847
CBU,COMMUNITY FINANCIAL SYSTEM I,203607106,902799000.0,15393,0.01569800250323324
OPY,OPPENHEIMER HLDGS INC,683797104,902424000.0,10118,0.015691481947784337
ECC,EAGLE POINT CREDIT COMPANY I,269808101,901370000.0,239726,0.01567315483993596
ATMU,ATMUS FILTRATION TECHNOLOGIE,04956D107,899691000.0,15848,0.015643960139672747
DFUS,DIMENSIONAL ETF TRUST,25434V401,898501000.0,12671,0.0156232682437149
PRTA,PROTHENA CORP PLC,G72800108,897409000.0,92326,0.0156042803862477
ANRO,ALTO NEUROSCIENCE INC,02157Q109,895626000.0,39841,0.015573277318606658
HLF,HERBALIFE LTD,G4412G101,893592000.0,60706,0.015537909825851818
RZLT,REZOLUTE INC,76200L309,893122000.0,292827,0.015529737396355861
SAIC,SCIENCE APPLICATIONS INTL CO,808625107,888831000.0,9364,0.01545512485387257
RUSHB,RUSH ENTERPRISES INC,781846308,887322000.0,13789,0.015428886138746191
WAFD,WAFD INC,938824109,887050000.0,28250,0.015424156562527255
BAK,BRASKEM SA,105532105,887023000.0,242356,0.015423687082534934
DTM,DT MIDSTREAM INC,23345M107,886398000.0,6582,0.015412819490120098
DBD,DIEBOLD NIXDORF INC,253651202,886269000.0,11748,0.015410576419045677
ZLAB,ZAI LAB LTD,98887Q104,885424000.0,47072,0.015395883434100819
PLAB,PHOTRONICS INC,719405102,883322000.0,21859,0.015359333547291246
BETA,BETA TECHNOLOGIES INC,086921103,883000000.0,60068,0.015353734563679125
SEPN,SEPTERNA INC,81734D104,882454000.0,36723,0.015344240634945525
VECO,VEECO INSTRS INC DEL,922417100,882155000.0,26053,0.015339041578734267
CTGO,CONTANGO SILVER & GOLD INC,21077F100,881944000.0,47037,0.015335372679535017
BMNR,BITMINE IMMERSION TECNOLOGIE,09175A206,881674000.0,44574,0.01533067787961181
OXM,OXFORD INDS INC,691497309,881494000.0,22890,0.015327548012996337
CORZ,CORE SCIENTIFIC INC NEW,21874A106,881309000.0,58911,0.015324331205641547
WAT,WATERS CORP,941848103,880892000.0,2958,0.015317080347982369
KRP,KIMBELL RTY PARTNERS LP,49435R102,879183000.0,60759,0.015287364003283243
CWT,CALIFORNIA WTR SVC GROUP,130788102,878644000.0,19379,0.01527799179158469
DBVT,DBV TECHNOLOGIES S A,23306J309,878529000.0,42055,0.01527599215458036
CENT,CENTRAL GARDEN & PET CO,153527106,878325000.0,23887,0.015272444972416158
BKU,BANKUNITED INC,06652K103,878046000.0,19443,0.015267593679162174
AMBA,AMBARELLA INC,G037AX101,876877000.0,17035,0.015247266934309466
FAZ,DIREXION SHARES ETF TRUST,25460E216,876787000.0,17280,0.01524570200100173
GLBE,GLOBAL E ONLINE LTD,M5216V106,876695000.0,28418,0.015244102291398266
PCVX,VAXCYTE INC,92243G108,876357000.0,15081,0.015238225097420323
BRCB,BLACK ROCK COFFEE BAR INC,092244102,875989000.0,67801,0.015231826259006468
ALTO,ALTO INGREDIENTS INC,021513106,874893000.0,180763,0.015212768848947813
SLV,ISHARES SILVER TR,46428Q109,874032000.0,12827,0.015197797653637138
WF2,WINTRUST FINL CORP,97650W108,873238000.0,6285,0.01518399146423333
UIS,UNISYS CORP,909214306,872474000.0,421485,0.015170706919265435
WLDN,WILLDAN GROUP INC,96924N100,871865000.0,11388,0.015160117537216421
ASYS,AMTECH SYS INC,032332504,871398000.0,74606,0.015151997272164056
MATX,MATSON INC,57686G105,871177000.0,5314,0.015148154491486172
PCAR,PACCAR INC,693718108,868445000.0,7519,0.015100650071522443
HSIC,SCHEIN HENRY INC,806407102,866933000.0,11763,0.015074359191952474
NPK,NATIONAL PRESTO INDS INC,637215104,864437000.0,6307,0.015030958374884586
MSIF,MSC INCOME FUND INC,55374X208,863562000.0,70900,0.01501574374550382
PAR,PAR TECHNOLOGY CORP,698884103,861158000.0,64603,0.014973942638039396
BIPC,BROOKFIELD INFRASTRUCTURE CO,11276H106,859323000.0,21744,0.014942035386709442
EYPT,EYEPOINT INC,30233G209,859067000.0,66646,0.014937584020856324
MCHP,MICROCHIP TECHNOLOGY INC.,595017104,858021000.0,13280,0.014919396018190857
SPHR,SPHERE ENTERTAINMENT CO,55826T102,857490000.0,7304,0.01491016291167521
N/A,NEBIUS GROUP N.V.,N97284108,856850000.0,8258,0.014899034497042421
SRLN,SSGA ACTIVE ETF TR,78467V608,855022000.0,21301,0.01486724896274751
NAD,NUVEEN QUALITY MUNCP INCOME,67066V101,854899000.0,74339,0.01486511022056027
DRI,DARDEN RESTAURANTS INC,237194105,853754000.0,4355,0.014845200791256292
DSGR,DISTRIBUTION SOLUTIONS GRP I,520776105,851724000.0,32459,0.014809902851092908
TSN,TYSON FOODS INC,902494103,851618000.0,13292,0.014808059707419352
SNN,SMITH & NEPHEW PLC,83175M205,851609000.0,26797,0.014807903214088577
CWH,CAMPING WORLD HLDGS INC,13462K109,851182000.0,124624,0.014800478474950765
AMSF,AMERISAFE INC,03071H100,850082000.0,25505,0.014781351512300653
TGTX,TG THERAPEUTICS INC,88322Q108,849867000.0,25583,0.01477761306050995
RNGR,RANGER ENERGY SVCS INC,75282U104,849321000.0,49552,0.014768119131776352
ASB,ASSOCIATED BANC-CORP,045487105,848880000.0,32826,0.014760450958568443
CGNT,COGNYTE SOFTWARE LTD,M25133105,846750000.0,104537,0.014723414203618685
FC,FRANKLIN COVEY CO,353469109,846249000.0,53594,0.014714702741538951
MAIN,MAIN STR CAP CORP,56035L104,844024000.0,15937,0.01467601411254214
CABO,CABLE ONE INC,12685J105,843784000.0,9251,0.014671840957054844
MBIN,MERCHANTS BANCORP IND,58844R108,843053000.0,19647,0.01465913022096645
UHAL,U HAUL HOLDING COMPANY,023586100,842314000.0,17629,0.014646280379695151
NGVC,NATURAL GROCERS BY VITAMIN,63888U108,842012000.0,32573,0.014641029159040303
TWFG,TWFG INC,87318A101,842005000.0,45786,0.014640907442005255
VIA,VIA TRANSN INC,92556W104,841350000.0,56090,0.014629518205154507
MOH,MOLINA HEALTHCARE INC,60855R100,840457000.0,6305,0.014613990589112193
KMX,CARMAX INC,143130102,839292000.0,20185,0.01459373339685094
TSLL,DIREXION SHARES ETF TRUST,25460G286,838666000.0,69026,0.014582848416288239
NBBK,NB BANCORP INC,63945M107,838207000.0,39782,0.014574867256418784
SPSC,SPS COMM INC,78463M107,838168000.0,15056,0.0145741891186521
STNG,SCORPIO TANKERS INC,Y7542C130,837312000.0,11215,0.014559304864080741
EVTL,VERTICAL AEROSPACE LTD,G9471C206,836812000.0,378648,0.014550610790148874
TS,TENARIS S A,88031M109,834127000.0,14337,0.014503923613134741
EA,ELECTRONIC ARTS INC,285512109,833828000.0,4090,0.014498724556923486
CARE,CARTER BANKSHARES INC,146103106,831171000.0,35642,0.014452524248049537
KC,KINGSOFT CLOUD HLDGS LTD,49639K101,831112000.0,62209,0.014451498347325576
PLMR,PALOMAR HLDGS INC,69753M105,829569000.0,6942,0.01442466843517183
PTK,POET TECHNOLOGIES INC,73044W302,828891000.0,139544,0.01441287927092022
NATR,NATURES SUNSHINE PRODS INC,639027101,827391000.0,34489,0.014386797049124614
REX,REX AMERICAN RES CORP,761624105,826959000.0,18147,0.014379285369247478
SHO,SUNSTONE HOTEL INVS INC NEW,867892101,826821000.0,91767,0.014376885804842286
HE,HAWAIIAN ELEC INDS INC MTN B,419870100,825149000.0,55603,0.014347812821614118
KIDS,ORTHOPEDIATRICS CORP,68752L100,824685000.0,51965,0.014339744721005344
KDP,KEURIG DR PEPPER INC,49271V100,823497000.0,31276,0.014319087601343225
BTDR,BITDEER TECHNOLOGIES GROUP,G11448100,821681000.0,94992,0.01428751072482268
CWVX,INVESTMENT MANAGERS SER TR I,46152A742,821313000.0,42710,0.014281111886408824
FICO,FAIR ISAAC CORP,303250104,820938000.0,769,0.014274591330959922
BIOA,BIOAGE LABS INC,09077V100,819896000.0,46878,0.01425647288088591
N/A,NIQ GLOBAL INTELLIGENCE PLC,G63755105,818606000.0,71997,0.014234042170141691
FIGR,FIGURE TECHNOLOGY SOLUTIO,349381103,817346000.0,24075,0.014212133103833383
USM,ARRAY DIGITAL INFRASTRUCTURE,911684108,816355000.0,17693,0.014194901449300421
TYL,TYLER TECHNOLOGIES INC,902252105,814180000.0,2378,0.014157082227696793
KFY,KORN FERRY,500643200,812999000.0,12915,0.01413654682506972
PII,POLARIS INC,731068102,812486000.0,14908,0.014127626705215626
BMEA,BIOMEA FUSION INC,09077A106,811729000.0,530542,0.014114463877282777
GCMG,GCM GROSVENOR INC,36831E108,810548000.0,82709,0.014093928474655704
OKLO,OKLO INC,02156V109,809606000.0,16326,0.014077548839368063
CRMD,CORMEDIX INC,21900C308,808723000.0,119105,0.014062195104804385
AMTB,AMERANT BANCORP INC,023576101,808008000.0,36661,0.014049762579081812
CTEV,CLARITEV CORPORATION,62548M209,806085000.0,49332,0.01401632517073985
MEG,MONTROSE ENVIRONMENTAL GROUP,615111101,804720000.0,36762,0.01399259034890585
VIS,VANGUARD WORLD FD,92204A603,804591000.0,2577,0.013990347277831428
XIFR,XPLR INFRASTRUCTURE LP,65341B106,803700000.0,75678,0.013974854438084838
BCAL,CALIFORNIA BANCORP,84252A106,801830000.0,45250,0.013942338601579651
MAZE,MAZE THERAPEUTICS INC,578784100,801592000.0,26854,0.013938200222388081
MOAT,VANECK ETF TRUST,92189F643,800289000.0,8276,0.013915543465721632
FOR,FORESTAR GROUP INC,346232101,797599000.0,32635,0.013868769347968182
IX,ORIX CORP,686330101,797584000.0,26595,0.013868508525750228
WVE,WAVE LIFE SCIENCES LTD,Y95308105,796500000.0,109862,0.013849659773465937
PDS,PRECISION DRILLING CORP,74022D407,795269000.0,8082,0.013828254963445677
TALO,TALOS ENERGY INC,87484T108,794919000.0,50439,0.01382216911169337
BHRB,BURKE HERBERT FINL SVCS CORP,12135Y108,794198000.0,12750,0.013809632257083615
MTRX,MATRIX SVC CO,576853105,793785000.0,69145,0.013802450952015894
CCSI,CONSENSUS CLOUD SOLUTIONS IN,20848V105,793035000.0,33405,0.01378940984111809
DSL,DOUBLELINE INCOME SOLUTIONS,258622109,792279000.0,73156,0.013776264401333107
AVXL,ANAVEX LIFE SCIENCES CORP,032797300,792278000.0,258071,0.013776247013185243
GLOB,GLOBANT S A,L44385109,792262000.0,17182,0.013775968802819423
ON1,OLD NATL BANCORP IND,680033107,791799000.0,35828,0.013767918090358511
NUS,NU SKIN ENTERPRISES INC,67018T105,789727000.0,108479,0.013731889847984851
UAA,UNDER ARMOUR INC,904311107,788341000.0,133391,0.013707789875045713
SKWD,SKYWARD SPECIALTY INS GROUP,830940102,787157000.0,18021,0.01368720230797505
CRWG,THEMES ETF TR,88340C875,787086000.0,332104,0.013685967749476724
CXT,CRANE NXT CO,224441105,782616000.0,19281,0.013608242728525823
SSYS,STRATASYS LTD,M85548101,782468000.0,100188,0.013605669282641989
BFH,BREAD FINANCIAL HOLDINGS INC,018581108,780578000.0,10423,0.013572805683179529
PDO,PIMCO DYNAMIC INCOME OPRNTS,69355M107,779265000.0,60268,0.013549975045034442
ADX,ADAMS DIVERSIFIED EQUITY FD,006212104,778627000.0,35570,0.013538881406697378
JFR,NUVEEN FLOATING RATE INCOME,67072T108,778365000.0,103506,0.013534325711957078
FDMT,4D MOLECULAR THERAPEUTICS IN,35104E100,776501000.0,83405,0.013501914204339075
AMC,AMC ENTMT HLDGS INC,00165C302,775488000.0,791314,0.013484300010553112
FWONA,LIBERTY MEDIA CORP DEL,531229771,774554000.0,9920,0.01346805948044838
DYN,DYNE THERAPEUTICS INC,26818M108,774332000.0,42710,0.013464199311622632
WWW,WOLVERINE WORLD WIDE INC,978097103,774172000.0,47437,0.013461417207964434
HIFS,HINGHAM INSTN SVGS MASS,433323102,773483000.0,2706,0.013449436774086318
CALM,CAL MAINE FOODS INC,128030202,771871000.0,9752,0.013421407079729976
ALLO,ALLOGENE THERAPEUTICS INC,019770106,770413000.0,315743,0.013396055160144648
EBR,CENTRAIS ELET BRAS SA,15234Q207,770108000.0,68272,0.013390751775046209
BEN,FRANKLIN RESOURCES INC,354613101,769256000.0,32568,0.013375937073066306
SFST,SOUTHERN FIRST BANCSHARES,842873101,767960000.0,14091,0.013353402033434904
NTRS,NORTHERN TR CORP,665859104,767775000.0,5501,0.013350185226080113
EQBK,EQUITY BANCSHARES INC,29460X109,767360000.0,17279,0.013342969144716662
XLI,SELECT SECTOR SPDR TR,81369Y704,767085000.0,4743,0.013338187404054135
FHN,FIRST HORIZON CORPORATION,320517105,765533000.0,33635,0.013311200998569616
NVT,NVENT ELEC PLC,G6700G107,765508000.0,6472,0.013310766294873022
TENX,TENAX THERAPEUTICS INC,88032L605,765137000.0,47851,0.013304315292015577
ISSC,INNOVATIVE SOLUTIONS & SUPPO,45769N105,764106000.0,37219,0.013286388111568065
IM8N,INSMED INC,457669307,762330000.0,4662,0.01325550676096207
GLPG,GALAPAGOS NV,36315X101,762120000.0,25404,0.013251855249910682
YEXT,YEXT INC,98585N106,762067000.0,198455,0.013250933678073907
WRBY,WARBY PARKER INC,93403J106,761364000.0,36135,0.013238709810125699
N/A,KLARNA GROUP PLC,G5279N105,759783000.0,58043,0.013211219148353133
MTA,METALLA RTY & STREAMING LTD,59124U605,759168000.0,114505,0.013200525437416934
STEL,STELLAR BANCORP INC,858927106,758596000.0,20721,0.013190579416838877
GOOGL,ALPHABET INC,02079K305,757145000.0,2633,0.013165349214288595
RSKD,RISKIFIED LTD,M8216R109,756188000.0,192905,0.013148708756783001
FUTU,FUTU HLDGS LTD,36118L106,755189000.0,5522,0.013131337997067128
ZNTL,ZENTALIS PHARMACEUTICALS INC,98943L107,754666000.0,322507,0.013122243995734395
HY,HYSTER-YALE INC,449172105,754037000.0,23194,0.013111306850728104
ASTL,ALGOMA STL GROUP INC,015658107,753093000.0,182347,0.013094892439144738
IPX,IPERIONX LTD,44916E100,752947000.0,28915,0.013092353769556631
MYE,MYERS INDS INC,628464109,750958000.0,35456,0.013057768743455659
AME,AMETEK INC,031100100,750260000.0,3500,0.013045631816246772
LKQ1,LKQ CORP,501889208,748612000.0,25489,0.013016976148567333
WF,WOORI FINL GROUP INC,981064108,747652000.0,11226,0.013000283526618146
ACEL,ACCEL ENTERTAINMENT INC,00436Q106,747553000.0,68520,0.012998562099979637
HWKN,HAWKINS INC,420261109,746650000.0,4861,0.012982860602458684
UNFI,UNITED NAT FOODS INC,911163103,746599000.0,16569,0.012981973806917634
MEC,MAYVILLE ENGR CO INC,578605107,744530000.0,41478,0.012945997728987564
GCO,GENESCO INC,371532102,744318000.0,25675,0.01294231144164045
N/A,ASTRAZENECA PLC,G0593M107,742731000.0,3766,0.0129147164509807
CRK,COMSTOCK RES INC,205768302,742332000.0,35215,0.01290777857998307
UHS,UNIVERSAL HLTH SVCS INC,913903100,742189000.0,4147,0.012905292074838558
TRTX,TPG RE FIN TR INC,87266M107,740755000.0,94847,0.01288035747080196
PGY,PAGAYA TECHNOLOGIES LTD,M7S64L123,738913000.0,63426,0.012848328502436957
NGL,NGL ENERGY PARTNERS LP,62913M107,738431000.0,59889,0.012839947415166635
IMMX,IMMIX BIOPHARMA INC,45258H106,738375000.0,81051,0.012838973678886267
UA,UNDER ARMOUR INC,904311206,737976000.0,127457,0.012832035807888637
CVBF,CVB FINL CORP,126600105,737654000.0,38043,0.012826436824276512
TRNS,TRANSCAT INC,893529107,736850000.0,10032,0.012812456753394067
IEI,ISHARES TR,464288661,736743000.0,6212,0.01281059622157265
AGYS,AGILYSYS INC,00847J105,736086000.0,10347,0.012799172208426173
DUST,DIREXION SHARES ETF TRUST,25461A189,735081000.0,14419,0.012781697119823118
ROOT,ROOT INC,77664L207,734680000.0,16633,0.012774724472529761
SPWR,SUNPOWER INC,20460L104,734158000.0,578077,0.012765647859344892
ICUI,ICU MED INC,44930G107,733830000.0,5682,0.012759944546845585
SPIB,SPDR SERIES TRUST,78464A375,732480000.0,21839,0.012736470547229543
GHRS,GH RESEARCH PLC,G3855L106,732385000.0,52090,0.012734818673182486
TECL,DIREXION SHARES ETF TRUST,25459W102,732213000.0,8460,0.012731827911749923
SHC,SOTERA HEALTH CO,83601L102,731670000.0,51023,0.012722386147459913
JKHY,HENRY JACK & ASSOC INC,426281101,729671000.0,4617,0.012687627239880305
JBSS,SANFILIPPO JOHN B & SON INC,800422107,728011000.0,9177,0.012658762914426504
N/A,BW LPG LTD,Y10230103,727039000.0,41856,0.01264186163470295
MANE,VERADERMICS INC,922967104,726857000.0,11510,0.012638696991791753
XGN,EXAGEN INC,30068X103,726855000.0,242285,0.012638662215496024
PVLA,PALVELLA THERAPEUTICS INC NE,697947109,726460000.0,5828,0.012631793897089849
ROKU,ROKU INC,77543R102,726019000.0,7673,0.01262412572388194
NVD,GRANITESHARES ETF TR,38747R629,725600000.0,96106,0.012616840089927037
RYAM,RAYONIER ADVANCED MATLS INC,75508B104,724476000.0,65445,0.012597295811728196
UAL,UNITED AIRLS HLDGS INC,910047109,724223000.0,7866,0.012592896610318672
DXPE,DXP ENTERPRISES INC,233377407,722264000.0,5169,0.012558833228653612
COKE,COCA COLA CONS INC,191098102,722093000.0,3766,0.012555859855368912
CRNC,CERENCE INC,156727109,721321000.0,114314,0.012542436205218109
BBW,BUILD-A-BEAR WORKSHOP INC,120076104,720388000.0,19236,0.012526213063261243
INR,INFINITY NAT RES INC,456941103,719263000.0,40844,0.012506651396914538
ASLE,AERSALE CORPORATION,00810F106,718572000.0,115526,0.012494636186740696
GLDG,GOLDMINING INC,38149E101,717506000.0,602946,0.012476100421117953
SCHX,SCHWAB STRATEGIC TR,808524201,717330000.0,27977,0.012473040107093936
CPS,COOPER-STANDARD HOLDINGS INC,21676P103,715367000.0,25668,0.012438907172837422
ZURA,ZURA BIO LTD,G9TY5A101,712286000.0,119712,0.01238533428926925
AAPU,DIREXION SHARES ETF TRUST,25461A874,711770000.0,25366,0.012376362004971563
MPTI,M-TRON INDS INC,55380K109,710682000.0,10631,0.012357443700095817
MOV,MOVADO GROUP INC,624580106,709938000.0,29072,0.012344506918085198
ARCO,ARCOS DORADOS HLDGS INC,G0457F107,709409000.0,85989,0.01233530858786528
MUFG,MITSUBISHI UFJ FINANCIAL GRO,606822104,708226000.0,41734,0.012314738408942481
MBI,MBIA INC,55262C100,707841000.0,119770,0.012308043972014942
AGI,ALAMOS GOLD INC,011532108,706926000.0,15911,0.012292133816719624
EGO,ELDORADO GOLD CORP NEW,284902509,704898000.0,20533,0.012256870652851967
PSIX,POWER SOLUTIONS INTL INC,73933G202,703955000.0,11563,0.012240473629416463
NEXA,NEXA RES S A,L67359106,703303000.0,66412,0.012229136557009308
HZO,MARINEMAX INC,567908108,701449000.0,25922,0.012196898930869941
PIPR,PIPER SANDLER COMPANIES,724078209,698748000.0,9128,0.012149933543489989
TWI,TITAN INTL INC ILL,88830M102,697710000.0,100971,0.01213188464600743
NP,NEPTUNE INS HLDGS INC,64073B103,696914000.0,28810,0.012118043680307897
TE,T1 ENERGY INC,35834F104,694213000.0,158135,0.012071078292927945
CCL,CARNIVAL CORP,143658300,693791000.0,26808,0.012063740494529449
FWRD,FORWARD AIR CORP,34986A104,693465000.0,41500,0.01205807195832587
NTLA,INTELLIA THERAPEUTICS INC,45826J105,692049000.0,53982,0.01203345034095082
MIR,MIRION TECHNOLOGIES INC,60471A101,691139000.0,37178,0.012017627126394821
ZUMZ,ZUMIEZ INC,989817101,689486000.0,31114,0.011988884517976063
ASPN,ASPEN AEROGELS INC,04523Y105,688675000.0,201367,0.011974782730058574
TGB,TASEKO MINES LTD,876511106,688615000.0,106762,0.011973739441186751
VEL,VELOCITY FINL INC,92262D101,687167000.0,37986,0.011948561403080059
EGBN,EAGLE BANCORPORATION INC,268948106,685840000.0,27577,0.011925487330864883
KOD,KODIAK SCIENCES INC,50015M109,685283000.0,17977,0.011915802132504781
MBUU,MALIBU BOATS INC,56117J100,684806000.0,26420,0.011907507985973778
KRRO,KORRO BIO INC,500946108,684543000.0,60472,0.011902934903085615
TER,TERADYNE INC,880770102,682451000.0,2302,0.011866558897754679
KBR,KBR INC,48242W106,681726000.0,18495,0.01185395249055347
JPC,NUVEEN PFD & INCOME OPPORTUN,67073B106,681556000.0,90392,0.011850996505416635
WRD,WERIDE INC,950915108,681542000.0,84245,0.011850753071346542
FSM,FORTUNA MNG CORP,349942102,680930000.0,68573,0.011840111524853937
BRKR,BRUKER CORP,116794108,680537000.0,18841,0.011833277982743487
IAU,ISHARES GOLD TR,464285204,680243000.0,7716,0.01182816586727155
HBNC,HORIZON BANCORP IND,440407104,679933000.0,41034,0.01182277554143379
WT,WISDOMTREE INC,97717P104,677433000.0,46527,0.011779305171774451
N/A,ASA GOLD AND PRECIOUS MTLS L,G3156P103,676995000.0,10914,0.011771689163010135
SGHC,SUPER GROUP SGHC LIMITED,G8588X103,676804000.0,62667,0.01176836802676816
VET,VERMILION ENERGY INC,923725105,676212000.0,49072,0.011758074243232828
GDOT,GREEN DOT CORP,39304D102,675882000.0,60239,0.011752336154437795
UE,URBAN EDGE PPTYS,91704F104,674825000.0,33775,0.011733956882145825
PTEN,PATTERSON-UTI ENERGY INC,703481101,673702000.0,62207,0.011714429992094851
LQDA,LIQUIDIA CORPORATION,53635D202,672678000.0,17824,0.011696624528682384
ABCL,ABCELLERA BIOLOGICS INC,00288U106,671651000.0,192450,0.011678766900826327
OPFI,OPPFI INC,68386H103,669174000.0,86793,0.011635696458567853
LQDT,LIQUIDITY SVCS INC,53635B107,668872000.0,21880,0.011630445237913005
ECVT,ECOVYST INC,27923Q109,667717000.0,51922,0.01161036192713039
ARCC,ARES CAPITAL CORP,04010L103,666992000.0,37014,0.01159775551992918
ASM,AVINO SILVER & GOLD MINES LT,053906103,666747000.0,105498,0.011593495423702565
GROY,GOLD ROYALTY CORP,38071H106,666532000.0,186182,0.011589756971911861
CAE,CAE INC,124765108,664822000.0,25521,0.011560023239064873
PSQ,PROSHARES TR,74349Y837,664369000.0,20639,0.0115521464080826
BSAC,BANCO SANTANDER CHILE NEW,05965X109,664259000.0,19888,0.01155023371181759
CAAP,CORPORACION AMER ARPTS S A,L1995B107,663458000.0,26234,0.011536305805378736
MODG,CALLAWAY GOLF CO,131193104,662687000.0,47744,0.011522899543375795
PDLB,PONCE FINANCIAL GROUP INC,732344106,662552000.0,39650,0.01152055214341419
PFF,ISHARES TR,464288687,662371000.0,21846,0.011517404888650854
DINO,HF SINCLAIR CORP,403949100,660772000.0,10591,0.011489601240216741
REPX,RILEY EXPLORATION PERMIAN IN,76665T102,660146000.0,18111,0.011478716259654043
VRTS,VIRTUS INVT PARTNERS INC,92828Q109,659390000.0,4908,0.011465570819869058
PHG,KONINKLIJKE PHILIPS N V,500472303,656668000.0,23966,0.011418240281383966
CMCO,COLUMBUS MCKINNON CORP N Y,199333105,652746000.0,44924,0.011350043965462395
BKSY,BLACKSKY TECHNOLOGY INC,09263B207,651669000.0,25901,0.011331316930213149
SMP,STANDARD MTR PRODS INC,853666105,651653000.0,18758,0.01133103871984733
BHLB,BEACON FINANCIAL CORP.,084680107,650670000.0,21689,0.011313946170497278
WIT,WIPRO LTD,97651M109,650365000.0,306776,0.011308642785398837
RXST,RXSIGHT INC,78349D107,650003000.0,105520,0.011302348275872166
SUPV,GRUPO SUPERVIELLE S.A.,40054A108,649850000.0,68913,0.011299687889249014
SID,COMPANHIA SIDERURGICA NACION,20440W105,649831000.0,524057,0.011299357514439603
DSGN,DESIGN THERAPEUTICS INC,25056L103,648391000.0,60939,0.011274318581515822
OUST,OUSTER INC,68989M202,647910000.0,35270,0.011265954882393365
EVH,EVOLENT HEALTH INC,30050B101,646421000.0,283518,0.011240063930224262
JAKK,JAKKS PAC INC,47012E403,646045000.0,32432,0.011233525986627498
ALH,ALLIANCE LAUNDRY HLDGS INC,01862Q107,645844000.0,31140,0.011230030968906885
N/A,PRENETICS GLOBAL LTD,G72245122,645616000.0,33417,0.011226066471193953
JAVA,J P MORGAN EXCHANGE TRADED F,46641Q167,645176000.0,8992,0.011218415686133909
WLFC,WILLIS LEASE FIN CORP,970646105,644775000.0,3787,0.011211443038840552
FDP,FRESH DEL MONTE PRODUCE INC,G36738105,644603000.0,16011,0.01120845227740799
JELD,JELD-WEN HLDG INC,47580P103,641618000.0,517434,0.011156548656034736
QCRH,QCR HLDGS INC,74727A104,641131000.0,7503,0.011148080628025097
YALA,YALLA GROUP LTD,98459U103,639310000.0,102618,0.011116416810765233
OII,OCEANEERING INTL INC,675232102,639098000.0,18018,0.01111273052341812
NZF,NUVEEN MUN CR INCOME FD,67070X101,637781000.0,52363,0.01108983033268158
OVV,OVINTIV INC,69047Q102,637348000.0,10737,0.011082301264656582
RCKT,ROCKET PHARMACEUTICALS INC,77313F106,637337000.0,178027,0.011082109995030082
CAVA,CAVA GROUP INC,148929102,636926000.0,7873,0.011074963466258084
ENGN,ENGENE HOLDINGS INC,29286M105,636708000.0,93496,0.011071172850023792
STAA,STAAR SURGICAL CO,852312305,636511000.0,34038,0.011067747384894635
CVLT,COMMVAULT SYS INC,204166102,636439000.0,8171,0.011066495438248445
CION,CION INVT CORP,17259U204,636106000.0,92998,0.011060705185009822
PPH,VANECK ETF TRUST,92189F692,635226000.0,6115,0.011045403614889733
N/A,SOL-GEL TECHNOLOGIES LTD,M8694L137,634552000.0,8010,0.011033684003229575
ORLA,ORLA MNG LTD NEW,68634K106,634038000.0,39308,0.011024746495227616
JBL,JABIL INC,466313103,633528000.0,2385,0.01101587853981711
EU,ENCORE ENERGY CORP,29259W700,633238000.0,351799,0.011010835976936625
NYT,NEW YORK TIMES CO MTN BE,650111107,632999000.0,7560,0.011006680209597193
AMBQ,AMBIQ MICRO INC,023193105,631540000.0,24854,0.010981310901864003
PLRX,PLIANT THERAPEUTICS INC,729139105,631056000.0,500838,0.010972895038297953
MESO,MESOBLAST LTD,590717401,629319000.0,40918,0.010942691825458643
TTAN,SERVICETITAN INC,81764X103,627556000.0,9889,0.010912036520774876
SBGI,SINCLAIR INC,829242106,626671000.0,48429,0.01089664800991547
PMT,PENNYMAC MTG INVT TR,70931T103,626422000.0,53724,0.0108923183610974
NRIX,NURIX THERAPEUTICS INC,67080M103,625983000.0,40386,0.01088468496418522
IREN,IREN LIMITED,Q4982L109,624650000.0,18222,0.010861506563082858
CCRN,CROSS CTRY HEALTHCARE INC,227483104,623060000.0,66283,0.010833859407979518
RTX,RTX CORPORATION,75513E101,622103000.0,3225,0.010817218950473923
FAF,FIRST AMERN FINL CORP,31847R102,620686000.0,10295,0.010792579944951008
ORCL,ORACLE CORP,68389X105,620657000.0,4219,0.010792075688662962
CRTO,CRITEO S A,226718104,620378000.0,34600,0.010787224395408978
AMTM,AMENTUM HOLDINGS INC,023939101,620365000.0,23787,0.01078699834948675
MANH,MANHATTAN ASSOCIATES INC,562750109,620339000.0,4660,0.010786546257642292
PLUS,EPLUS INC,294268107,619157000.0,8228,0.010765993466867355
AMWD,AMERICAN WOODMARK CORP,030506109,617883000.0,15513,0.010743840966488956
PTRN,PATTERN GROUP INC,70339W104,617759000.0,49699,0.010741684836153854
GRNY,TIDAL TRUST I,886364231,617517000.0,25870,0.01073747690437083
CRL,CHARLES RIV LABS INTL INC,159864107,616343000.0,3573,0.010717063218778801
TLH,ISHARES TR,464288653,616004000.0,6116,0.010711168636652996
CRBU,CARIBOU BIOSCIENCES INC,142038108,614591000.0,323469,0.010686599183721536
OBDC,BLUE OWL CAPITAL CORPORATION,69121K104,614560000.0,55566,0.010686060151137761
MFA,MFA FINL INC,55272X607,614480000.0,64142,0.010684669099308661
ZTO,ZTO EXPRESS CAYMAN INC,98980A105,613770000.0,24385,0.010672323514325408
WBI,WATERBRIDGE INFRASTRUCTURE L,940923105,613679000.0,22907,0.010670741192869808
TXO,TXO PARTNERS  LP,87313P103,612910000.0,48721,0.010657369707162596
N/A,OCULIS HOLDING AG,H5870P102,612182000.0,23023,0.010644711135517796
STRT,STRATTEC SEC CORP,863111100,611835000.0,7810,0.010638677448209078
DAVE,DAVE INC,23834J201,611752000.0,3514,0.010637234231936389
BJRI,BJS RESTAURANTS INC,09180C106,610635000.0,17397,0.010617811670772597
TMDX,TRANSMEDICS GROUP INC,89377M109,609582000.0,6132,0.010599501951072081
VYM,VANGUARD WHITEHALL FDS,921946406,608543000.0,4109,0.01058143566544166
PFN,PIMCO INCOME STRATEGY FD II,72201J104,607884000.0,88227,0.010569976875999457
PPC,PILGRIMS PRIDE CORP,72147K108,607105000.0,16078,0.010556431508813606
AMRK,GOLD COM INC,00181T107,605328000.0,15103,0.010525532770059748
EMB,ISHARES TR,464288281,604158000.0,6432,0.010505188637059177
HRMY,HARMONY BIOSCIENCES HLDGS IN,413197104,604008000.0,21564,0.010502580414879616
OBK,ORIGIN BANCORP INC,68621T102,603948000.0,14567,0.010501537126007791
EWTX,EDGEWISE THERAPEUTICS INC,28036F105,601902000.0,19108,0.010465960975478587
FCF,FIRST COMWLTH FINL CORP PA,319829107,601781000.0,34231,0.010463857009587074
TX,TERNIUM SA,880890108,601005000.0,14969,0.010450363806844814
IGV,ISHARES TR,464287515,600855000.0,7506,0.010447755584665255
BXSL,BLACKSTONE SECD LENDING FD,09261X102,600494000.0,25348,0.010441478463286446
AZ,A2Z CUST2MATE SOLUTIONS CORP,002205102,599967000.0,89950,0.010432314909362257
VIR,VIR BIOTECHNOLOGY INC,92764N102,599800000.0,66942,0.010429411088669013
BE,BLOOM ENERGY CORP,093712107,599001000.0,4421,0.010415517958525888
AURA,AURA BIOSCIENCES INC,05153U107,598895000.0,89521,0.010413674814852333
PDFS,PDF SOLUTIONS INC,693282105,598626000.0,18301,0.010408997403076986
SMWB,SIMILARWEB LTD,M84137104,597377000.0,228880,0.01038727960639518
MANU,MANCHESTER UTD PLC NEW,G5784H106,597127000.0,35501,0.010382932569429246
CORT,CORCEPT THERAPEUTICS INC,218352102,596910000.0,14808,0.010379159341342814
HLIT,HARMONIC INC,413160102,596335000.0,66407,0.010369161156321168
ROCK,GIBRALTAR INDS INC,374689107,596096000.0,14951,0.010365005388981734
RCAT,RED CAT HLDGS INC,75644T100,595791000.0,45515,0.010359702003883295
MTW,MANITOWOC CO INC,563571405,595525000.0,51118,0.01035507675655154
GLAD,GLADSTONE CAP CORP,376535878,595417000.0,34318,0.010353198836582258
AXON,AXON ENTERPRISE INC,05464C101,595415000.0,1402,0.010353164060286529
JANX,JANUX THERAPEUTICS INC,47103J105,595115000.0,42814,0.010347947615927408
AIT,APPLIED INDL TECHNOLOGIES IN,03820C105,595113000.0,2243,0.010347912839631681
SPLB,SPDR SERIES TRUST,78464A367,593918000.0,26729,0.010327134002934517
CLF,CLEVELAND-CLIFFS INC NEW,185899101,593418000.0,70227,0.010318439929002648
CBNK,CAPITAL BANCORP INC MD,139737100,593045000.0,19941,0.010311954149849475
ONIT,ONITY GROUP INC,675746606,592270000.0,15082,0.010298478335255079
EGY,VAALCO ENERGY INC,91851C201,592074000.0,93387,0.010295070258273786
SLGN,SILGAN HLDGS INC,827048109,591622000.0,15248,0.010287210815439377
SCHL,SCHOLASTIC CORP,807066105,591173000.0,15135,0.01027940353704856
MSCI,MSCI INC,55354G100,590755000.0,1096,0.010272135291241519
BRSP,BRIGHTSPIRE CAPITAL INC,10949T109,589932000.0,105345,0.010257824845549664
CMCL,CALEDONIA MNG CORP,G1757E113,589034000.0,26075,0.010242210288768028
RRR,RED ROCK RESORTS INC,75700L108,588561000.0,11030,0.010233985694828482
ICFI,ICF INTL INC,44925C103,588002000.0,9006,0.010224265720172652
IHS,IHS HOLDING LIMITED,G4701H109,587531000.0,71389,0.010216075902528833
BMRC,BANK OF MARIN BANCORP,063425102,587055000.0,22905,0.010207799144145695
J,JACOBS SOLUTIONS INC,46982L108,587015000.0,4612,0.010207103618231145
ESPR,ESPERION THERAPEUTICS INC NE,29664W105,586993000.0,214231,0.010206721078978144
FTXO,FIRST TR EXCHANGE TRADED FD,33738R860,585701000.0,16193,0.010184255591938196
ODV,OSISKO DEVELOPMENT CORP,68828E809,585657000.0,180202,0.01018349051343219
TECS,DIREXION SHARES ETF TRUST,25461A494,585123000.0,28349,0.010174205242472955
BDN,BRANDYWINE RLTY TR,105368203,584265000.0,215596,0.01015928621160587
VNET,VNET GROUP INC,90138A103,584212000.0,69632,0.010158364639769093
WSBC,WESBANCO INC,950810101,583743000.0,16925,0.010150209598420999
SUZ,SUZANO S A,86959K105,583483000.0,58290,0.01014568867997643
ALHC,ALIGNMENT HEALTHCARE INC,01625V104,583257000.0,33102,0.010141758958559224
CBLL,CERIBELL INC,15678C102,582472000.0,31777,0.01012810926248619
WRN,WESTERN COPPER & GOLD CORP,95805V108,581394000.0,229800,0.010109364839089084
KOPN,KOPIN CORP,500600101,580084000.0,257815,0.01008658636538759
FET,FORUM ENERGY TECHNOLOGIES IN,34984V209,579502000.0,9879,0.010076466463330895
DBI,DESIGNER BRANDS INC,250565108,579401000.0,101828,0.010074710260396658
LLYVK,LIBERTY LIVE HOLDINGS INC,530909308,579247000.0,6155,0.010072032485625642
SVV,SAVERS VALUE VLG INC,80517M109,578125000.0,77705,0.01005252298372253
OMAB,GRUPO AEROPORTUARIO DEL CENT,400501102,578124000.0,5039,0.010052505595574666
LXEO,LEXEO THERAPEUTICS INC,52886X107,577484000.0,100607,0.010041377180941875
IAI,ISHARES TR,464288794,576272000.0,3510,0.010020302745731026
EWC,ISHARES INC,464286509,576062000.0,10514,0.010016651234679642
BAX,BAXTER INTL INC,071813109,575837000.0,34276,0.0100127389014103
QTWO,Q2 HLDGS INC,74736L109,575357000.0,12164,0.010004392590435706
UNTY,UNITY BANCORP INC,913290102,574328000.0,11081,0.009986500186283923
ANIK,ANIKA THERAPEUTICS INC,035255108,574142000.0,39596,0.009983265990781268
POWL,POWELL INDS INC,739128106,573545000.0,1060,0.009972885266506618
INSW,INTERNATIONAL SEAWAYS INC,Y41053102,572910000.0,7861,0.009961843792613145
LNG,CHENIERE ENERGY INC,16411R208,572344000.0,2017,0.00995200210092227
PGC,PEAPACK-GLADSTONE FINL CORP,704699107,571881000.0,16242,0.009943951388461362
FFC0,OAKTREE SPECIALTY LENDING,67401P405,571034000.0,50534,0.009929223627220776
SSRM,SSR MINING IN,784730103,570889000.0,19418,0.009926702345780533
LYG,LLOYDS BANKING GROUP PLC,539439109,570704000.0,113460,0.009923485538425742
NSSC,NAPCO SEC TECHNOLOGIES INC,630402105,570604000.0,14486,0.00992174672363937
LE,LANDS END INC NEW,51509F105,570228000.0,50732,0.009915208780042605
TNA,DIREXION SHARES ETF TRUST,25459W847,569100000.0,12896,0.009895594949252311
ERII,ENERGY RECOVERY INC,29270J100,568744000.0,56479,0.009889404768612818
CLFD,CLEARFIELD INC,18482P103,568258000.0,21468,0.009880954128751044
INTW,GRANITESHARES ETF TR,38747R553,568154000.0,10964,0.009879145761373215
PRDO,PERDOCEO ED CORP,71363P106,568122000.0,15268,0.009878589340641576
SFD,SMITHFIELD FOODS INC,832248207,567735000.0,20298,0.00987186012741831
HCSG,HEALTHCARE SVCS GROUP INC,421906108,565014000.0,30459,0.009824546977081084
COLD,AMERICOLD REALTY TRUST INC,03064D108,564267000.0,49238,0.009811558030626872
BMO,BANK MONTREAL MEDIUM,063671101,563556000.0,4164,0.009799195057495755
VSTS,VESTIS CORPORATION,29430C102,563295000.0,71666,0.009794656750903321
MBC,MASTERBRAND INC,57638P104,561365000.0,67553,0.00976109762552631
OFRM,ONCE UPON A FARM PBC,68237F108,561263000.0,34328,0.00975932403444421
PUBM,PUBMATIC INC,74467Q103,559986000.0,68458,0.009737119369622217
XLC,SELECT SECTOR SPDR TR,81369Y852,558956000.0,5042,0.00971920957732257
CRNT,CERAGON NETWORKS LTD,M22013102,558876000.0,258739,0.00971781852549347
NTES,NETEASE COM INC,64110W102,558804000.0,4992,0.00971656657884728
CNXN,PC CONNECTION INC,69318J100,558761000.0,9558,0.009715818888489141
SLN,SILENCE THERAPEUTICS PLC,82686Q101,558631000.0,106002,0.009713558429266854
PHM,PULTE GROUP INC,745867101,558295000.0,4747,0.00970771601158464
FRME,FIRST MERCHANTS CORP,320817109,558254000.0,14414,0.009707003097522225
CMP,COMPASS MINERALS INTL INC,20451N101,557972000.0,23896,0.009702099639824652
AXSM,AXSOME THERAPEUTICS INC.,05464T104,557259000.0,3297,0.00968970189039781
HTB,HOMETRUST BANCSHARES INC,437872104,557222000.0,13065,0.009689058528926849
APPS,DIGITAL TURBINE INC,25400W102,556883000.0,193362,0.009683163946801044
RBCAA,REPUBLIC BANCORP INC KY,760281204,556287000.0,7885,0.009672800610674256
OCGN,OCUGEN INC,67577C105,556161000.0,307271,0.009670609704043426
Q,QNITY ELECTRONICS INC,74743L100,556016000.0,4819,0.009668088422603185
TIPT,TIPTREE INC,88822Q103,555788000.0,32848,0.009664123924890251
LEGH,LEGACY HOUSING CORP,52472M101,555573000.0,27194,0.00966038547309955
NVG,NUVEEN AMT FREE MUN CR INC F,67071L106,554986000.0,45011,0.009650178630303536
HOG,HARLEY DAVIDSON INC,412822108,554453000.0,27421,0.009640910747492164
MLI,MUELLER INDS INC,624756102,554443000.0,5004,0.009640736866013527
SEB,SEABOARD CORP DEL,811543107,554094000.0,98,0.009634668402409082
AGM,FEDERAL AGRIC MTG CORP,313148306,553642000.0,3732,0.009626808959574676
MPLX,MPLX LP,55336V100,553522000.0,9699,0.009624722381831026
NGNE,NEUROGENE INC,64135M105,553009000.0,27431,0.00961580226197693
ARKO,ARKO CORP,041242108,552542000.0,99378,0.009607681996924564
CCOI,COGENT COMM HOLDINGS INC,19239V302,552464000.0,29324,0.009606325721391194
LUXE,LUXEXPERIENCE BV,55406W103,551640000.0,68955,0.009591997887551475
XHR,XENIA HOTELS & RESORTS INC,984017103,550905000.0,37148,0.009579217598871629
ASGN,ASGN INC,00191U102,550805000.0,14229,0.009577478784085254
SLDB,SOLID BIOSCIENCES INC,83422E204,550692000.0,76485,0.009575513923376652
STIP,ISHARES TR,46429B747,549420000.0,5312,0.00955339619929398
WTM,WHITE MTNS INS GROUP LTD,G9618E107,549240000.0,250,0.009550266332678506
FULC,FULCRUM THERAPEUTICS INC,359616109,549195000.0,71603,0.00954948386602464
HG,HAMILTON INSURANCE GROUP LTD,G42706104,548932000.0,18402,0.009544910783136476
VDE,VANGUARD WORLD FD,92204A306,548883000.0,3172,0.009544058763891155
ORIC,ORIC PHARMACEUTICALS INC,68622P109,548497000.0,43291,0.009537346938815751
TG,TREDEGAR CORP,894650100,548391000.0,68980,0.009535503795142196
MLAB,MESA LABS INC,59064R109,548292000.0,6201,0.009533782368503685
HBCP,HOMEBANCORP INC,43689E107,547401000.0,9036,0.009518289528757096
PRME,PRIME MEDICINE INC,74168J101,547341000.0,157282,0.009517246239885271
OM,OUTSET MED INC,690145206,547008000.0,142450,0.009511455986646648
NNI,NELNET INC,64031N108,545630000.0,4231,0.00948749511889042
ET,ENERGY TRANSFER L P,29273V100,545322000.0,28255,0.009482139569348388
TCBK,TRICO BANCSHARES,896095106,545236000.0,11469,0.009480644188632108
ENR,ENERGIZER HLDGS INC,29272W109,544520000.0,33162,0.009468194274761671
AMBC,OCTAVE SPECIALTY GROUP INC,023139884,543636000.0,116911,0.00945282315205013
PEB,PEBBLEBROOK HOTEL TR,70509V100,543128000.0,43003,0.009443989972935352
VELO,VELO3D INC,92259N302,542648000.0,57790,0.009435643661960758
ITB,ISHARES TR,464288752,542213000.0,5988,0.009428079817640033
BMY,BRISTOL-MYERS SQUIBB CO,110122108,542150000.0,8939,0.009426984364324618
ACLS,AXCELIS TECHNOLOGIES INC,054540208,541633000.0,5819,0.009417994691879065
LINC,LINCOLN EDL SVCS CORP,533535100,541410000.0,13309,0.009414117134905453
CTRI,CENTURI HOLDINGS INC,155923105,540736000.0,18512,0.009402397523245294
ATLC,ATLANTICUS HOLDINGS CORP,04914Y102,539549000.0,10283,0.00938175779173104
ZIP,ZIPRECRUITER INC,98980B103,537041000.0,291870,0.009338148316888789
BLFS,BIOLIFE SOLUTIONS INC,09062W204,535118000.0,28046,0.009304710908546824
BBOT,BRIDGEBIO ONCOLOGY THERAPEUT,107924102,534700000.0,59743,0.009297442662739783
AWN,ADVANCE AUTO PARTS INC,00751Y106,534199000.0,10127,0.00928873120066005
OLED,UNIVERSAL DISPLAY CORP,91347P105,533553000.0,5821,0.009277498457140078
TROX,TRONOX HOLDINGS PLC,G9087Q102,533354000.0,54591,0.009274038215715194
HQY,HEALTHEQUITY INC,42226A107,531004000.0,6354,0.009233176068235413
AIP,ARTERIS INC,04302A104,529647000.0,32217,0.009209580351584323
INDV,INDIVIOR PHARMACEUTICALS INC,45579U109,529620000.0,17376,0.009209110871592003
KGS,KODIAK GAS SVCS INC,50012A108,529079000.0,9072,0.009199703883597721
WOP,WOODSIDE ENERGY GROUP LTD,980228308,527963000.0,22109,0.009180298710581791
MOD,MODINE MFG CO,607828100,527255000.0,2433,0.009167987901894265
CRCT,CRICUT INC,22658D100,526966000.0,140900,0.009162962727161645
ATNI,ATN INTL INC,00215F107,526408000.0,19339,0.009153260140653681
PANL,PANGAEA LOGISTICS SOLUTION L,G6891L105,525088000.0,74165,0.00913030778547355
PLOW,DOUGLAS DYNAMICS INC,25960R105,524652000.0,12465,0.00912272655300496
VAL,VALARIS LTD,G9460G101,524024000.0,5345,0.009111806796146532
API,AGORA INC,00851L103,523895000.0,147993,0.009109563725072111
ANDE,ANDERSONS INC,034164103,523420000.0,7292,0.009101304354836836
TTMI,TTM TECHNOLOGIES INC,87305R109,523340000.0,5372,0.009099913303007738
NVGS,NAVIGATOR HLDGS LTD,Y62132108,523282000.0,27071,0.009098904790431642
COST,COSTCO WHOLESALE CORPORATION,22160K105,523126000.0,525,0.009096192239364899
OSPN,ONESPAN INC,68287N100,522804000.0,49649,0.009090593255752776
MTSI,MACOM TECH SOLUTIONS HLDGS I,55405Y100,522531000.0,2353,0.009085846291385976
FW2N,BANNER CORP,06652V208,521727000.0,8598,0.009071866220503532
DFAC,DIMENSIONAL ETF TRUST,25434V708,520335000.0,13390,0.009047661918677211
CSX,CSX CORP,126408103,520227000.0,12673,0.009045783998707927
CVI,CVR ENERGY INC,12662P108,519051000.0,15425,0.009025335536820174
USIG,ISHARES TR,464288620,517833000.0,10108,0.009004156772722142
EME,EMCOR GROUP INC,29084Q100,517555000.0,701,0.008999322867616023
RBA,RB GLOBAL INC,74935Q107,516727000.0,5391,0.00898492548118485
JPM,JPMORGAN CHASE & CO,46625H100,516545000.0,1756,0.00898176083827365
CBAN,COLONY BANKCORP INC,19623P101,515925000.0,25835,0.008970980186598133
VGIT,VANGUARD SCOTTSDALE FDS,92206C706,515643000.0,8659,0.00896607672890056
CVLG,COVENANT LOGISTICS GROUP INC,22284P105,515388000.0,18983,0.008961642751195308
LMT,LOCKHEED MARTIN CORP,539830109,514940000.0,852,0.008953852860952355
GRC,GORMAN RUPP CO,383082104,514809000.0,8286,0.008951575013582205
PLSE,PULSE BIOSCIENCES INC,74587B101,514727000.0,23841,0.008950149185457378
ESTC,ELASTIC N V,N14506104,514547000.0,10293,0.008947019318841905
IGIB,ISHARES TR,464288638,514478000.0,9667,0.008945819536639308
MGNX,MACROGENICS INC,556099109,513914000.0,177825,0.00893601262124416
PAAS,PAN AMERN SILVER CORP,697900108,513577000.0,9401,0.008930152815414082
CGAU,CENTERRA GOLD INC,152006102,513010000.0,28837,0.008920293735575341
QUBT,QUANTUM COMPUTING INC,74766W108,512099000.0,74759,0.008904453132871479
NMZ,NUVEEN MUN HIGH INCOME OPPOR,670682103,512045000.0,49330,0.008903514172886836
JOUT,JOHNSON OUTDOORS INC,479167108,510912000.0,10985,0.008883813401357223
CLNE,CLEAN ENERGY FUELS CORP,184499101,510620000.0,205895,0.008878736062181012
BKV,BKV CORP,05603J108,510594000.0,17903,0.008878283970336557
EXP,EAGLE MATLS INC,26969P108,509999000.0,2692,0.008867938022357632
SWIM,LATHAM GROUP INC,51819L107,509946000.0,94962,0.008867016450520855
CLW,CLEARWATER PAPER CORP,18538R103,509598000.0,35438,0.008860965375064273
FR,FIRST INDL RLTY TR INC,32054K103,508328000.0,8787,0.008838882427277329
AOSL,ALPHA & OMEGA SEMICONDUCTOR,G6331P104,508217000.0,22934,0.008836952342864456
TBN,TAMBORAN RES CORP,87507T101,507898000.0,10160,0.008831405523695922
LYB,LYONDELLBASELL INDUSTRIES NV,N53745100,507206000.0,6296,0.008819372925374217
CB,CHUBB LTD SWITZ,H1467J104,506821000.0,1555,0.00881267848844668
LPRO,OPEN LENDING CORP,68373J104,506716000.0,405373,0.008810852732920985
INN,SUMMIT HOTEL PPTYS,866082100,505675000.0,114406,0.008792751670994838
PXED,PHOENIX ED PARTNERS INC,718968100,505279000.0,16061,0.008785865964440797
VIG,VANGUARD SPECIALIZED FUNDS,921908844,504316000.0,2345,0.00876912117804802
EIX,EDISON INTL,281020107,504137000.0,6889,0.00876600869958041
AVO,MISSION PRODUCE INC,60510V108,504084000.0,36634,0.008765087127743633
XLU,SELECT SECTOR SPDR TR,81369Y886,503689000.0,10976,0.008758218809337456
FIX,COMFORT SYS USA INC,199908104,501952000.0,364,0.008728015596498146
CRVS,CORVUS PHARMACEUTICALS INC,221015100,501882000.0,34305,0.008726798426147686
PAGS,PAGSEGURO DIGITAL LTD,G68707101,500709000.0,49971,0.008706402128703522
LW,LAMB WESTON HLDGS INC,513272104,500612000.0,11846,0.008704715478360742
RARE,ULTRAGENYX PHARMACEUTICAL IN,90400D108,500433000.0,23887,0.008701602999893131
ARW,ARROW ELECTRS INC,042735100,499354000.0,3482,0.00868284118834816
HSBC,HSBC HLDGS PLC,404280406,499065000.0,6050,0.008677816013615539
SPXC,SPX TECHNOLOGIES INC,78473E103,498450000.0,2493,0.008667122302679343
DOC,HEALTHPEAK PROPERTIES INC,42250P103,498207000.0,30323,0.008662896982748454
CSTL,CASTLE BIOSCIENCES INC,14843C105,497948000.0,20283,0.008658393452451747
PINE,ALPINE INCOME PPTY TR INC,02083X103,497502000.0,27639,0.00865063833850452
ASTX,INVESTMENT MANAGERS SER TR I,46143U542,496314000.0,13635,0.008629981218842401
ARRY,ARRAY TECHNOLOGIES INC,04271T100,495016000.0,68467,0.008607411402915271
AEG,AEGON LTD,0076CA104,494522000.0,68116,0.008598821657870586
BCYC,BICYCLE THERAPEUTICS PLC,088786108,493659000.0,106392,0.00858381568626418
SSD,SIMPSON MFG INC,829073105,492721000.0,2871,0.008567505603567997
LBRDK,LIBERTY BROADBAND CORP,530307305,492538000.0,9792,0.008564323572508933
DQ,DAQO NEW ENERGY CORP,23703Q203,491656000.0,23115,0.008548987226093117
MGEE,MGE ENERGY INC,55277P104,491642000.0,6361,0.008548743792023026
XCY,OPKO HEALTH INC,68375N103,491301000.0,430966,0.008542814433601493
CV,CAPSOVISION INC,140935107,491207000.0,67381,0.008541179947702301
MRVI,MARAVAI LIFESCIENCES HLDGS I,56600D107,490849000.0,173445,0.008534954990767084
LXRX,LEXICON PHARMACEUTICALS INC,528872302,490798000.0,314614,0.008534068195226032
LNTH,LANTHEUS HLDGS INC,516544103,490750000.0,6470,0.008533233564128573
ACNB,ACNB CORP,000868109,489758000.0,10231,0.008515984521447747
N/A,BULLISH,G16910120,488465000.0,13671,0.008493501646259937
SGHT,SIGHT SCIENCES INC,82657M105,488113000.0,129473,0.008487381018211901
ARHS,ARHAUS INC,04035M102,487550000.0,71910,0.008477591490964618
ASIC,ATEGRITY SPECIALTY IN CO HO,04681Y103,487172000.0,24642,0.008471018771072125
JD,JD.COM INC,47215P106,485953000.0,16434,0.008449822618826229
N/A,HIMALAYA SHIPPING LTD,G4660A103,485929000.0,36536,0.0084494053032775
PDBC,INVESCO ACTVELY MNGD ETC FD,46090F100,485861000.0,28052,0.008448222909222767
MQ,MARQETA INC,57142B104,485695000.0,119043,0.008445336476677386
TRST,TRUSTCO BK CORP N Y,898349204,484864000.0,11075,0.008430886925802622
APLD,APPLIED DIGITAL CORP,038169207,483323000.0,20359,0.008404091789944603
OWLT,OWLET INC,69120X206,482543000.0,93880,0.00839052903461089
BBNX,BETA BIONICS INC,08659B102,481591000.0,48063,0.008373975517844611
AMAL,AMALGAMATED FINANCIAL CORP,022671101,481249000.0,12381,0.008368028771275215
CDNA,CAREDX INC,14167L103,481219000.0,27720,0.008367507126839303
ETN,EATON CORP PLC,G29183103,479993000.0,1342,0.008346189257558362
LTH,LIFE TIME GROUP HOLDINGS INC,53190C102,479882000.0,17813,0.008344259173145487
OTF,BLUE OWL TECHNOLOGY FIN CORP,095924106,476445000.0,38454,0.008284496108937826
WEX,WEX INC,96208T104,476414000.0,3113,0.00828395707635405
INVZ,INNOVIZ TECHNOLOGIES LTD,M5R635108,475132000.0,751197,0.00826166547079274
EVTC,EVERTEC INC,30040P103,474773000.0,16824,0.00825542312570966
BGC,BGC GROUP INC,088929104,474594000.0,48527,0.00825231064724205
STAG,STAG INDUSTRIAL INC,85254J102,474369000.0,13155,0.00824839831397271
CCU,COMPANIA CERVECERIAS UNIDAS,204429104,473738000.0,41739,0.008237426392670692
ELVR,ELEVRA LITHIUM LTD,805700101,473674000.0,8042,0.008236313551207412
BCX,BLACKROCK RES & COMMODITIES,09257A108,473276000.0,39276,0.008229393068357646
FITB,FIFTH THIRD BANCORP,316773100,472312000.0,10166,0.008212630893817005
SPYI,NEOS ETF TRUST,78433H303,471977000.0,9560,0.008206805864282652
OMCL,OMNICELL COM,68213N109,471659000.0,14130,0.008201276433261984
HHH,HOWARD HUGHES HOLDINGS INC,44267T102,471350000.0,7451,0.00819590349557209
MYGN,MYRIAD GENETICS INC,62855J104,469656000.0,104368,0.00816644797309092
LAZ,LAZARD INC,52110M109,469574000.0,11054,0.008165022144966094
MMED,MINIMED GROUP INC,60365F109,469488000.0,31467,0.008163526764249814
CTNM,CONTINEUM THERAPEUTICS INC,21217B100,468149000.0,35846,0.00814024403426027
UPBD,UPBOUND GROUP INC,76009N100,468073000.0,25932,0.008138922535022627
FLWS,1 800 FLOWERS COM INC,68243Q106,467905000.0,153916,0.008136001326181518
LITX,INVESTMENT MANAGERS SER TR I,46152A650,467546000.0,15979,0.008129758981098438
KBE,SPDR SERIES TRUST,78464A797,467468000.0,7850,0.008128402705565065
FATE,FATE THERAPEUTICS INC,31189P102,467003000.0,389169,0.008120317216808427
CYD,CHINA YUCHAI INTL LTD,G21082105,465735000.0,12097,0.00809826904531721
TTWO,TAKE-TWO INTERACTIVE SOFTWAR,874054109,465113000.0,2355,0.008087453617345966
BITO,PROSHARES TR,74347G440,464783000.0,49923,0.008081715528550934
TTAM,TITAN AMER SA,B9151N105,464305000.0,30995,0.008073403993872066
RBC,RBC BEARINGS INC,75524B104,462195000.0,851,0.008036715001879585
ZSL,PROSHARES TR II,74347Y672,461680000.0,20510,0.00802776010572976
SJT,SAN JUAN BASIN RTY TR,798241105,461231000.0,95890,0.008019952827338942
OOMA,OOMA INC,683416101,460333000.0,31638,0.008004338270557307
NUTX,NUTEX HEALTH INC,67079U306,460184000.0,4842,0.00800174743652561
VOX,VANGUARD WORLD FD,92204A884,459132000.0,2553,0.007983455104972961
ONTF,ON24 INC,68339B104,458557000.0,56612,0.007973456919951312
XZO,EXZEO GROUP INC,30234F101,458438000.0,31250,0.007971387730355528
THR,THERMON GROUP HLDGS INC,88362T103,458338000.0,9094,0.007969648915569153
SFIX,STITCH FIX INC,860897107,458008000.0,138371,0.00796391082677412
DSGX,DESCARTES SYS GROUP INC,249906108,457412000.0,6392,0.007953547490647334
SNA,SNAP ON INC,833034101,456568000.0,1257,0.00793887189385034
BLDP,BALLARD PWR SYS INC NEW,058586108,456252000.0,188534,0.007933377239125398
TEL,TE CONNECTIVITY PLC,G87052109,456082000.0,2182,0.007930421253988565
DDS,DILLARDS INC,254067101,454255000.0,794,0.007898653107841517
XEMDX,WESTERN ASSET EMERGING MKTS,95766A101,454106000.0,46243,0.007896062273809823
ARVN,ARVINAS INC,04335A105,452164000.0,42657,0.007862294490658447
USD,PROSHARES TR,74347R669,452121000.0,9429,0.007861546800300304
BMNZ,TIDAL TRUST II,88636W551,452117000.0,22527,0.00786147724770885
STRZ,STARZ ENTERTAINMENT CORP.,855919106,450099000.0,39139,0.00782638796531983
NOAH,NOAH HLDGS LTD,65487X102,449331000.0,45387,0.007813033867760482
AVEM,AMERICAN CENTY ETF TR,025072604,448831000.0,5570,0.007804339793828612
RGA,REINSURANCE GROUP AMER INC,759351604,446294000.0,2186,0.007760226062698314
VICR,VICOR CORP,925815102,446292000.0,2772,0.007760191286402585
PCN,PIMCO CORPORATE & INCM STRG,72200U100,445976000.0,37477,0.007754696631677645
ANNX,ANNEXON INC,03589W102,445942000.0,80495,0.007754105434650278
TSSI,TSS INC DEL,87288V101,445762000.0,34263,0.007750975568034805
SXT,SENSIENT TECHNOLOGIES CORP,81725T100,442919000.0,5124,0.007701541063658204
MHK,MOHAWK INDS INC,608190104,442381000.0,4493,0.007692186240107513
SES,SES AI CORPORATION,78397Q109,442235000.0,459704,0.007689647570519409
COWG,PACER FDS TR,69374H360,441676000.0,13091,0.007679927595863579
PFS,PROVIDENT FINL SVCS INC,74386T105,440784000.0,20831,0.007664417367969127
MSEX,MIDDLESEX WTR CO,596680108,440395000.0,8461,0.007657653378450134
FTXL,FIRST TR EXCHANGE TRADED FD,33738R811,440345000.0,2986,0.007656783971056947
MBWM,MERCANTILE BK CORP,587376104,439603000.0,8705,0.007643881965342054
MATW,MATTHEWS INTL CORP,577128101,438837000.0,16996,0.007630562644078432
LSPD,LIGHTSPEED COMMERCE INC,53229C107,438619000.0,48953,0.007626772027844138
JACK,JACK IN THE BOX INC,466367109,438225000.0,45318,0.007619921097585825
AII,AMERICAN INTEGRITY INS GROUP,026948109,437752000.0,22705,0.007611696503646279
DUHP,DIMENSIONAL ETF TRUST,25434V831,437701000.0,11907,0.007610809708105228
LTC,LTC PPTYS INC,502175102,437336000.0,11769,0.007604463034134964
OKLL,TIDAL TRUST II,88636V678,437221000.0,72268,0.007602463397130635
ASST,STRIVE INC,862945300,437112000.0,43624,0.007600568089013487
ADUS,ADDUS HOMECARE CORP,006739106,437065000.0,4667,0.007599750846063892
OFIX,ORTHOFIX MED INC,68752M108,436904000.0,38091,0.00759695135425783
YORW,YORK WTR CO,987184108,436683000.0,14341,0.007593108573579944
CMTG,CLAROS MTG TR INC,18270D106,436482000.0,183396,0.007589613555859333
BLZE,BACKBLAZE INC,05637B105,435925000.0,126355,0.007579928357499233
NWSA,NEWS CORP NEW,65249B109,435577000.0,17472,0.007573877282042652
VC,VISTEON CORP,92839U206,435506000.0,4780,0.007572642723544327
HQH,ABRDN HEALTHCARE INVESTORS,87911J103,435392000.0,24474,0.007570660474687862
IVLU,ISHARES TR,46435G409,434615000.0,10953,0.007557149883797738
SPAB,SPDR SERIES TRUST,78464A649,434336000.0,16953,0.007552298590543756
EVCM,EVERCOMMERCE INC,29977X105,433711000.0,37945,0.007541430998128921
TRMD,TORM PLC,G89479102,433510000.0,15538,0.007537935980408309
PRAX,PRAXIS PRECISION MEDICINES I,74006W207,433023000.0,1344,0.007529467952398669
NMRA,NEUMORA THERAPEUTICS INC.,640979100,432604000.0,221848,0.007522182318443764
UTG,REAVES UTIL INCOME FD,756158101,432512000.0,11011,0.0075205826088403
HVT,HAVERTY FURNITURE COS INC,419596101,431903000.0,20392,0.007509993226791285
ONTO,ONTO INNOVATION INC,683344105,431877000.0,2106,0.007509541134946828
GDRX,GOODRX HLDGS INC,38246G108,430040000.0,219408,0.007477599107321144
BLW,BLACKROCK LTD DURATION INCOM,09249W101,428324000.0,34021,0.007447761045586973
HROW,HARROW INC,415858109,427880000.0,12135,0.007440040707935474
DVLT,DATAVAULT AI INC,86633R609,427743000.0,691805,0.007437658531678142
LLYVA,LIBERTY LIVE HOLDINGS INC,530909100,427409000.0,4664,0.007431850890291654
CDRE,CADRE HLDGS INC,12763L105,427342000.0,13929,0.0074306858843847835
BKLN,INVESCO EXCH TRADED FD TR II,46138G508,427100000.0,20926,0.0074264779526017595
AMDL,GRANITESHARES ETF TR,38747R751,426569000.0,34936,0.007417244846086116
NPCE,NEUROPACE INC,641288105,426007000.0,32396,0.007407472706986696
AXL,DAUCH CORP,024061103,425086000.0,71684,0.007391458222804195
ALMS,ALUMIS INC,022307102,424959000.0,19290,0.0073892499280255
UVIX,VS TRUST,92891H606,424427000.0,49010,0.007379999433361992
BOXX,EA SERIES TRUST,02072L565,424342000.0,3649,0.007378521440793575
INGM,INGRAM MICRO HLDG CORP,457152106,424149000.0,18196,0.007375165528255874
CNOB,CONNECTONE BANCORP INC,20786W107,423796000.0,15831,0.0073690275120599745
DVY,ISHARES TR,464287168,422585000.0,2791,0.00734797046499699
WPM,WHEATON PRECIOUS METALS CORP,962879102,422376000.0,3224,0.00734433634209347
GNK,GENCO SHIPPING & TRADING LTD,Y2685T131,421820000.0,18706,0.007334668531881232
NPB,NORTHPOINTE BANCSHARES INC.,66661N886,421714000.0,24433,0.007332825388207676
EGHT,8X8 INC NEW,282914100,421386000.0,253847,0.007327122075708371
LIFE,ETHOS TECHNOLOGIES INC,29765A101,420729000.0,37666,0.007315698062561896
RLX,RLX TECHNOLOGY INC,74969N103,420471000.0,191123,0.007311211920413052
CAMT,CAMTEK LTD,M20791105,420415000.0,2773,0.007310238184132683
AHCO,ADAPTHEALTH CORP,00653Q102,419856000.0,35282,0.007300518209476854
ENTA,ENANTA PHARMACEUTICALS INC,29251M106,419455000.0,33211,0.007293545562183496
ONEW,ONEWATER MARINE INC,68280L101,418588000.0,44295,0.007278470037985637
SEG,SEAPORT ENTMT GROUP INC,812215200,418409000.0,19479,0.007275357559518028
LNN,LINDSAY CORP,535555106,417936000.0,3510,0.00726713296557848
RCMT,RCM TECHNOLOGIES INC,749360400,417577000.0,21817,0.007260890620495399
VZLA,VIZSLA SILVER CORP,92859G608,416912000.0,126337,0.007249327502166015
TIP,ISHARES TR,464287176,416719000.0,3776,0.0072459715896283135
BATRA,ATLANTA BRAVES HLDGS INC,047726104,416570000.0,8835,0.007243380755596616
IYF,ISHARES TR,464287788,416516000.0,3540,0.007242441795611975
ECG,EVERUS CONSTR GROUP,300426103,414036000.0,3507,0.0071993191889099094
CRUS,CIRRUS LOGIC INC,172755100,412022000.0,2849,0.0071642994591123435
AUB,ATLANTIC UN BANKSHARES CORP,04911A107,411582000.0,11516,0.007156648674052301
GEF/B,GREIF INC,397624206,411175000.0,4697,0.00714957169787176
HUT,HUT 8 CORP,44812J104,411072000.0,8763,0.007147780718641795
CVCO,CAVCO INDS INC DEL,149568107,410678000.0,848,0.007140929788383483
USLM,UNITED STS LIME & MINERALS I,911922102,410638000.0,3144,0.0071402342624689325
PGEN,PRECIGEN INC,74017N105,410174000.0,105988,0.0071321661618601595
SNAP,SNAP INC,83304A106,409924000.0,89114,0.007127819124894225
XME,SPDR SERIES TRUST,78464A755,409682000.0,3793,0.007123611193111201
RELY,REMITLY GLOBAL INC,75960P104,409175000.0,26112,0.007114795402144288
LILA,LIBERTY LATIN AMERICA LTD,G9001E102,409095000.0,47349,0.007113404350315189
NBTB,NBT BANCORP INC,628778102,408300000.0,9589,0.0070995807727635175
NFGC,NEW FOUND GOLD CORP,64440N103,407578000.0,210092,0.0070870265300059
AMCX,AMC NETWORKS INC,00164V103,407502000.0,60015,0.007085705030768257
VLGEA,VILLAGE SUPER MKT INC,927107409,407435000.0,9648,0.007084540024861387
SHBI,SHORE BANCSHARES INC,825107105,407299000.0,21804,0.007082175236751917
SPHB,INVESCO EXCH TRADED FD TR II,46138E370,407100000.0,3511,0.007078714995327034
CGBD,CARLYLE SECURED LENDING INC,872280102,406005000.0,37112,0.007059674973416244
CRDF,CARDIFF ONCOLOGY INC,14147L108,405360000.0,250222,0.007048459618044133
REMX,VANECK ETF TRUST,92189H805,404624000.0,4598,0.007035661941216424
RVLV,REVOLVE GROUP INC,76156B107,404176000.0,17876,0.00702787205097347
OBT,ORANGE CNTY BANCORP INC,68417L107,402596000.0,12589,0.007000398777348767
HBM,HUDBAY MINERALS INC,443628102,401677000.0,19219,0.006984419069461993
FOXF,FOX FACTORY HLDG CORP,35138V102,401410000.0,24387,0.006979776433982375
KODK,EASTMAN KODAK CO,277461406,399259000.0,44117,0.006942374527927478
WMK,WEIS MKTS INC,948849104,399056000.0,5835,0.00693884473391114
MAS,MASCO CORP,574599106,398744000.0,6605,0.006933419631777654
PHI,PLDT INC,69344D408,398413000.0,18936,0.006927664154834757
LADR,LADDER CAP CORP,505743104,397805000.0,40717,0.006917092160933606
FTK,FLOTEK INDUSTRIES INC,343389409,396877000.0,23387,0.0069009559597160595
NEXN,NEXXEN INTL LTD,M8T80P204,396599000.0,60828,0.00689612205460994
SSTI,SOUNDTHINKING INC,82536T107,394300000.0,59562,0.00685614670267121
BY,BYLINE BANCORP INC,124411109,394120000.0,12484,0.006853016836055737
FULT,FULTON FINL CORP PA,360271100,393803000.0,19361,0.006847504793182933
QTRX,QUANTERIX CORP,74766Q101,393043000.0,111660,0.006834289800806494
IPI,INTREPID POTASH INC,46121Y201,392629000.0,9180,0.006827091107590907
CINT,CI&T INC,G21307106,391379000.0,77195,0.006805355922761236
GTE,GRAN TIERRA ENERGY INC,38500T200,391361000.0,43630,0.00680504293609969
LBRDA,LIBERTY BROADBAND CORP,530307107,391164000.0,7789,0.006801617470970533
FNCL,FIDELITY COVINGTON TRUST,316092501,390944000.0,5569,0.006797792078440511
TY,TRI CONTL CORP,895436103,390452000.0,12360,0.006789237109691554
SSSS,SURO CAPITAL CORP,86887Q109,389180000.0,36338,0.006767119385608881
MRTN,MARTEN TRANS LTD,573075108,388963000.0,29624,0.00676334615752245
ECAT,BLACKROCK ESG CAP ALLC TERM,09262F100,388578000.0,28614,0.006756651720594912
HSTM,HEALTHSTREAM INC,42222N103,388354000.0,18752,0.006752756775473434
CHDN,CHURCHILL DOWNS INC,171484108,388066000.0,4320,0.006747748988888679
ETG,EATON VANCE TX ADV GLBL DIV,27828S101,387169000.0,19243,0.006732151820254907
NAVN,NAVAN INC,639193101,386833000.0,29217,0.006726309402572691
QUAD,QUAD / GRAPHICS INC,747301109,386758000.0,58511,0.006725005291482912
AHH,AH RLTY TR INC,04208T108,386194000.0,70217,0.006715198376087765
N/A,AUNA S A,L0415A103,385887000.0,70034,0.006709860214693596
GABC,GERMAN AMERN BANCORP INC,373865104,385805000.0,9232,0.006708434386568771
ZH,ZHIHU INC,98955N207,385161000.0,135620,0.006697236419344524
MTRN,MATERION CORP,576690101,385058000.0,2662,0.00669544544011456
OSS,ONE STOP SYS INC,68247W109,385025000.0,50862,0.006694871631235056
XMTR,XOMETRY INC,98423F109,384794000.0,9422,0.006690854969078532
LILAK,LIBERTY LATIN AMERICA LTD,G9001E128,384120000.0,43551,0.0066791353574183745
MNSO,MINISO GROUP HLDG LTD,66981J102,383924000.0,23699,0.006675727280437082
MATV,MATIV HOLDINGS INC,808541106,383540000.0,44085,0.006669050231657408
GD,GENERAL DYNAMICS CORP,369550108,383034000.0,1116,0.006660251828838357
CLDX,CELLDEX THERAPEUTICS INC NEW,15117B202,382987000.0,12074,0.0066594345858887625
TMCI,TREACE MED CONCEPTS INC,89455T109,382945000.0,285780,0.006658704283678485
CERS,CERUS CORP,157085101,382686000.0,210267,0.006654200753381777
BIV,VANGUARD BD INDEX FDS,921937819,382041000.0,4950,0.0066429853980096674
NRIM,NORTHRIM BANCORP INC,666762109,381158000.0,16659,0.0066276316634459875
CECO,CECO ENVIRONMENTAL CORP,125141101,379703000.0,6373,0.006602331908304252
KEX,KIRBY CORP,497266106,379107000.0,2853,0.006591968572177465
RSI,RUSH STREET INTERACTIVE INC,782011100,378298000.0,17393,0.006577901560555703
NEXT,NEXTDECADE CORP,65342K105,377592000.0,49294,0.006565625528163904
ZBIO,ZENAS BIOPHARMA INC,98937L105,377530000.0,19311,0.0065645474629963535
IOVA,IOVANCE BIOTHERAPEUTICS INC,462260100,377255000.0,107480,0.006559765722333825
AXGN,AXOGEN INC,05463X106,377119000.0,11383,0.006557400934224358
TRI,THOMSON REUTERS CORP,884903808,376656000.0,4186,0.006549350221763447
PEGA,PEGASYSTEMS INC,705573103,375805000.0,8830,0.006534552907931409
GEF,GREIF INC,397624107,375525000.0,5599,0.006529684226529562
MGTX,MEIRAGTX HLDGS PLC,G59665102,375463000.0,43356,0.00652860616136201
HUBG,HUB GROUP INC,443320106,374708000.0,10397,0.006515478109724889
LPG,DORIAN LPG LTD,Y2106R110,374558000.0,10952,0.006512869887545328
CGEM,CULLINAN THERAPEUTICS INC,230031106,374064000.0,26324,0.006504280142500643
TKC,TURKCELL ILETISIM,900111204,373522000.0,61944,0.006494855766358497
VREX,VAREX IMAGING CORP,92214X106,373175000.0,35172,0.0064888220790497815
VINP,VINCI COMPASS INVESTMENTS LT,G9451V109,371603000.0,35223,0.0064614879106079885
CDLR,CADELER A S,12738K109,371350000.0,15782,0.006457088709198463
CMPX,COMPASS THERAPEUTICS INC,20454B104,370940000.0,70121,0.006449959568574331
SEZL,SEZZLE INC,78435P105,370563000.0,5855,0.006443404236829702
INO,INOVIO PHARMACEUTICALS INC,45773H409,370058000.0,212677,0.006434623222158515
ALNT,ALLIENT INC,019330109,369844000.0,6259,0.006430902158515675
XAWFX,ALLIANCEBERNSTEIN GLOBAL HIG,01879R106,369568000.0,36339,0.006426103029705284
OZK,BANK OZK LITTLE ROCK ARK,06417N103,368910000.0,8039,0.006414661628410946
OMI,ACCENDRA HEALTH INC,690732102,368453000.0,161602,0.0064067152448372185
ENIC,ENEL CHILE SA,29278D105,368165000.0,93443,0.006401707458252462
IVA,INVENTIVA SA,46124U107,366972000.0,66121,0.0063809633978510255
ACRS,ACLARIS THERAPEUTICS INC,00461U105,366653000.0,97774,0.006375416578682494
STE,STERIS PLC,G8473T100,365970000.0,1655,0.0063635404736915625
CTMX,CYTOMX THERAPEUTICS INC.,23284F105,365947000.0,77861,0.006363140546290696
DLO,DLOCAL LTD,G29018101,364665000.0,28116,0.0063408489407293855
HUYA,HUYA INC,44852D108,364492000.0,110452,0.00633784079114896
INBK,FIRST INTERNET BANCORP,320557101,363824000.0,17852,0.006326225508375984
SIVR,ABRDN SILVER ETF TRUST,003264108,363564000.0,5077,0.006321704589931412
OSCR,OSCAR HEALTH INC,687793109,363438000.0,31686,0.006319513683300582
SPFI,SOUTH PLAINS FINANCIAL INC,83946P107,363399000.0,8673,0.006318835545533896
CSW,CSW INDUSTRIALS INC,126402106,363249000.0,1394,0.006316227323354335
NMAX,NEWSMAX INC,65250K105,363077000.0,69555,0.006313236561921773
INMD,INMODE LTD,M5425M103,363054000.0,26539,0.006312836634520906
CGON,CG ONCOLOGY INC,156944100,362697000.0,5359,0.006306629065733553
HALO,HALOZYME THERAPEUTICS INC,40637H109,362639000.0,5611,0.006305620553157456
JOE,ST JOE CO,790148100,362168000.0,5767,0.006297430735513636
DCBO,DOCEBO INC,25609L105,362153000.0,20730,0.0062971699132956796
NEWP,NEW PAC METALS CORP,64782A107,360561000.0,87092,0.006269487981896613
FLXS,FLEXSTEEL INDS INC,339382103,360509000.0,8022,0.006268583798207698
GRDN,GUARDIAN PHARMACY SVCS INC,40145W101,360444000.0,9571,0.0062674535685965545
WNC,WABASH NATL CORP,929566107,359963000.0,41759,0.0062590898694740976
TECX,TECTONIC THERAPEUTIC INC,878972108,359205000.0,11621,0.006245909653393386
LMNR,LIMONEIRA CO,532746104,359025000.0,26753,0.006242779786777913
BINC,BLACKROCK ETF TRUST II,092528603,358784000.0,6909,0.006238589243142753
TWO,TWO HARBORS INVENTMENT CORPO,90187B804,358622000.0,31403,0.006235772363188827
LIF,LIFE360 INC,532206109,358277000.0,8777,0.0062297734521758385
NWS,NEWS CORP NEW,65249B208,358228000.0,12565,0.006228921432930516
PALI,PALISADE BIO INC,696389402,358033000.0,204590,0.006225530744097087
FLEX,FLEXTRONICS INTL LTD,Y2573F102,357935000.0,5468,0.0062238267056064405
FSUN,FIRSTSUN CAP BANCORP,33767U107,357089000.0,9794,0.00620911633251372
POR,PORTLAND GEN ELEC CO,736508847,357042000.0,6766,0.006208299089564125
CRBP,CORBUS PHARMACEUTICALS HLDGS,21833P301,357036000.0,38023,0.006208194760676943
OIS,OIL STS INTL INC,678026105,356836000.0,30656,0.0062047171311041946
QS,QUANTUMSCAPE CORP,74767V109,355787000.0,55766,0.006186476963995135
CLYM,CLIMB BIO INC,28658R106,355597000.0,51912,0.0061831732159010255
FTDR,FRONTDOOR INC,35905A109,355589000.0,6727,0.006183034110718116
SBH,SALLY BEAUTY HLDGS INC,79546E104,354754000.0,25614,0.006168515007251896
GD8A,GRAVITY CO LTD,38911N206,354535000.0,5722,0.006164707002869738
MUX,MCEWEN INC.,58039P305,353634000.0,17318,0.006149040281644511
LAW,CS DISCO INC,126327105,353002000.0,92409,0.00613805097219463
LPX,LOUISIANA PAC CORP,546347105,352983000.0,4852,0.006137720597385219
SPTL,SPDR SERIES TRUST,78464A664,352525000.0,13404,0.006129756825663628
NPO,ENPRO INC,29355X107,351662000.0,1403,0.006114750854057223
ALCO,ALICO INC,016230104,351329000.0,8515,0.006108960600818599
ANF,ABERCROMBIE & FITCH CO,002896207,351044000.0,3842,0.006104004978677434
EEFT,EURONET WORLDWIDE INC,298736109,350898000.0,5287,0.006101466309089329
L,LOEWS CORP,540424108,350214000.0,3281,0.006089572815950533
UVSP,UNIVEST FINANCIAL CORPORATIO,915271100,349144000.0,10191,0.006070967497736336
IGIC,INTL GNRL INSURANCE HLDNGS L,G4809J106,348598000.0,14390,0.006061473569002735
WWR,WESTWATER RES INC,961684206,348033000.0,532242,0.006051649265459724
TSAT,TELESAT CORP,879512309,347339000.0,9595,0.006039581890842291
BTO,HANCOCK JOHN FINL OPPTYS,409735206,347150000.0,9678,0.0060362955308960456
OSUR,ORASURE TECHNOLOGIES INC,68554V108,347142000.0,115714,0.006036156425713136
SRV,NXG CUSHING MIDSTREAM ENERGY,231631300,347066000.0,7801,0.006034834926475491
HIW,HIGHWOODS PPTYS INC,431284108,345664000.0,16145,0.006010456743170533
ESRT,EMPIRE ST RLTY TR INC,292104106,345374000.0,66418,0.006005414180290049
HNRG,HALLADOR ENERGY COMPANY,40609P105,345348000.0,21213,0.006004962088445592
XPEL,XPEL INC,98379L100,345184000.0,7799,0.006002110432195939
CD8,CRESUD S A C I F Y A,226406106,344737000.0,27102,0.005994337930100849
QNST,QUINSTREET INC,74874Q100,344639000.0,28696,0.005992633891610203
N/A,ARBE ROBOTICS LTD,M1R95N100,344087000.0,564077,0.005983035633989421
SNDL,SNDL INC,83307B101,343988000.0,260597,0.005981314207350911
LC,LENDINGCLUB ISSUANCE TR SER,52603A208,342993000.0,23952,0.005964013000226493
SILA,SILA REALTY TRUST INC,146280508,342934000.0,14482,0.005962987099502533
ELV,ELEVANCE HEALTH INC FORMERLY,036752103,342518000.0,1170,0.005955753629991218
WMB,WILLIAMS COS INC,969457100,342503000.0,4706,0.005955492807773262
ATKR,ATKORE INC,047649108,342267000.0,5810,0.005951389204877421
GAM,GENERAL AMERN INVS CO INC,368802104,341816000.0,5846,0.005943547150190876
NSP,INSPERITY INC,45778Q107,341732000.0,12638,0.005942086545770322
BWMX,BETTERWARE DE MEXC S A P I D,P1666E105,341685000.0,20266,0.005941269302820727
SATS,ECHOSTAR CORP,278768106,341610000.0,2918,0.005939965191730946
RBBN,RIBBON COMMUNICATIONS INC,762544104,341197000.0,160942,0.005932783886663223
GOOD,GLADSTONE COMMERCIAL CORP,376536108,341048000.0,29838,0.005930193052631526
ITRI,ITRON INC,465741106,340504000.0,3799,0.005920733900193654
OTX,OPEN TEXT CORP,683715106,340339000.0,15303,0.005917864855796137
AKBA,AKEBIA THREAPEUTICS INC,00972D105,339790000.0,244453,0.005908318762618946
SHIP,SEANERGY MARITIME HLDGS CORP,Y73760400,339159000.0,26271,0.005897346841316929
GPRO,GOPRO INC,38268T103,338659000.0,439817,0.00588865276738506
LBTYK,LIBERTY GLOBAL LTD,G61188127,338540000.0,28861,0.005886583577789276
NRC,NATIONAL RESH CORP,637372202,338327000.0,19925,0.0058828799022943
FCPT,FOUR CORNERS PPTY TR INC,35086T109,337864000.0,14286,0.00587482918983339
IGLB,ISHARES TR,464289511,336740000.0,6785,0.0058552849116345505
FPI,FARMLAND PARTNERS INC,31154R109,336114000.0,29930,0.005844399931071852
EMXC,ISHARES INC,46434G764,335249000.0,4262,0.00582935918316972
EDD,MORGAN STANLEY EMERGING MKTS,617477104,334716000.0,66019,0.005820091300358349
LMAT,LEMAITRE VASCULAR INC,525558201,334497000.0,3064,0.005816283295976191
BRBS,BLUE RIDGE BANKSHARES INC VA,095825105,334039000.0,79533,0.005808319524254599
RWM,PROSHARES TR,74348A210,333613000.0,20568,0.0058009121732646475
RXO,RXO INC,74982T103,333511000.0,22812,0.005799138582182547
BGR,BLACKROCK ENERGY & RES TR,09250U101,333304000.0,19255,0.005795539235574752
AWM,SKYWORKS SOLUTIONS INC,83088M102,333242000.0,6223,0.005794461170407201
ADP,AUTOMATIC DATA PROCESSING IN,053015103,333215000.0,1640,0.00579399169041488
MTLS,MATERIALISE NV,57667T100,332951000.0,67399,0.005789401219378854
NXDT,NEXPOINT DIVERSIFIED REL ET,65340G205,332789000.0,71261,0.005786584339424928
CING,CINGULATE INC,17248W303,332254000.0,53503,0.005777281680317829
THFF,FIRST FINANCIAL CORPORATION,320218100,331231000.0,5241,0.005759493605053227
CLSK,CLEANSPARK INC,18452B209,331184000.0,38917,0.005758676362103632
AGX,ARGAN INC,04010E109,331147000.0,608,0.005758033000632674
LYTS,LSI INDS INC OHIO,50216C108,331117000.0,17802,0.005757511356196761
BMEZ,BLACKROCK HEALTH SCIENCES TE,09260E105,330309000.0,23002,0.0057434617327228625
ALGT,ALLEGIANT TRAVEL CO,01748X102,330157000.0,4074,0.005740818734247575
IJJ,ISHARES TR,464287705,329793000.0,2489,0.005734489448425175
TLTW,ISHARES TR,46436E338,329664000.0,14574,0.005732246377350753
HNI,HNI CORP,404251100,329493000.0,9868,0.005729273004066054
VTOL,BRISTOW GROUP INC,11040G103,329215000.0,7021,0.005724439098959935
TPC,TUTOR PERINI CORP,901109108,328752000.0,4259,0.005716388386499025
BTZ,BLACKROCK CR ALLOCATION,092508100,328179000.0,32493,0.0057064249777731045
ACT,ENACT HLDGS INC,29249E109,328153000.0,8041,0.005705972885928647
AAAU,GOLDMAN SACHS PHYSICAL GOLD,38150K103,327672000.0,7094,0.0056976091868061905
WSO,WATSCO INC,942622200,327047000.0,899,0.005686741594391355
THRY,THRYV HLDGS INC,886029206,326896000.0,119305,0.005684115984063931
DDD,3D SYS CORP DEL,88554D205,326695000.0,173774,0.0056806209663433195
SLDP,SOLID POWER INC,83422N105,326481000.0,108827,0.00567689990270048
AP,AMPCO-PITTSBURG CORP,032037103,326471000.0,48582,0.005676726021221843
BUI,BLACKROCK UTILS INFRASTRUCTU,09248D104,325450000.0,12337,0.005658972722252968
AMZU,DIREXION SHARES ETF TRUST,25461A858,325194000.0,12107,0.0056545213563998515
FBT,FIRST TR EXCHANGE-TRADED FD,33733E203,325128000.0,1619,0.005653373738640845
AQST,AQUESTIVE THERAPEUTICS INC,03843E104,325115000.0,78341,0.005653147692718617
UVV,UNIVERSAL CORP VA MTNS BK EN,913456109,325054000.0,6168,0.005652087015698928
NKTX,NKARTA INC,65487U108,324552000.0,153816,0.005643358165471333
KEN,KENON HLDGS LTD,Y46717107,324334000.0,3938,0.0056395675492370385
PACB,PACIFIC BIOSCIENCES CALIF IN,69404D108,323088000.0,244764,0.005617901916998823
SNCY,SUN CTRY AIRLS HLDGS INC,866683105,323049000.0,19555,0.005617223779232137
PDT,HANCOCK JOHN PREM DIVID FD,41013T105,322994000.0,24656,0.005616267431099632
PMTS,CPI CARD GROUP INC,12634H200,322296000.0,22212,0.005604130503890744
TRU,TRANSUNION,89400J107,322149000.0,4656,0.005601574446154774
GKOS,GLAUKOS CORP,377322102,321150000.0,2983,0.0055842036864389025
SLVM,SYLVAMO CORP,871332102,321108000.0,7602,0.005583473384228626
CRSP,CRISPR THERAPEUTICS AG,H17182108,320765000.0,6743,0.005577509249511364
ASTE,ASTEC INDS INC,046224101,320456000.0,5952,0.005572136311821469
IDR,IDAHO STRATEGIC RESOURCES,645827205,320140000.0,9967,0.005566641657096529
BB4,AXOS FINANCIAL INC,05465C100,320109000.0,3762,0.005566102624512752
ENOV,ENOVIS CORPORATION,194014502,318978000.0,14021,0.005546436629278867
CBL,CBL & ASSOC PPTYS INC,124830878,318623000.0,8291,0.00554026383678724
SVM,SILVERCORP METALS INC,82835P103,318409000.0,29647,0.005536542773144401
QRVO,QORVO INC,74736K101,318346000.0,4113,0.005535447319828986
DAL,DELTA AIR LINES INC,247361702,318040000.0,4784,0.0055301265465826826
SANA,SANA BIOTECHNOLOGY INC,799566104,317693000.0,110310,0.005524092859273966
WSBF,WATERSTONE FINL INC MD,94188P101,317653000.0,17618,0.005523397333359417
ADPT,ADAPTIVE BIOTECHNOLOGIES COR,00650F109,316867000.0,22829,0.00550973024913852
IRS,IRSA INVERSIONES Y REP S A,450047303,316841000.0,19546,0.005509278157294063
BPRE,BLUEROCK PVT REAL ESTATE FD,09631P102,316005000.0,19025,0.005494741665679979
DRH,DIAMONDROCK HOSPITALITY CO,252784301,315582000.0,33680,0.0054873864791336185
VYX,NCR VOYIX CORPORATION,62886E108,314367000.0,49663,0.005466259879479179
BBN,BLACKROCK TAX MUNICPAL BD TR,09248X100,314264000.0,19435,0.005464468900249215
CAL,CALERES INC,129500104,313987000.0,29790,0.0054596523832909595
ANGO,ANGIODYNAMICS INC,03475V101,312607000.0,27494,0.005435656739239004
IAUM,ISHARES GOLD TR,46436F103,312283000.0,6687,0.005430022979331153
XBMEX,BLACKROCK HEALTH SCIENCES TR,09250W107,312239000.0,8108,0.005429257900825148
VCLT,VANGUARD SCOTTSDALE FDS,92206C813,311807000.0,4173,0.005421746220948014
IYH,ISHARES TR,464287762,311590000.0,5055,0.005417972992861583
TT,TRANE TECHNOLOGIES PLC,G8994E103,310471000.0,745,0.005398515655402063
ORN,ORION GROUP HLDGS INC,68628V308,310356000.0,28473,0.0053965160183977335
ATGE,COVISTA INC,00737L103,310138000.0,2691,0.005392725402163438
IMOS,CHIPMOS TECHNOLOGIES INC,16965P202,310069000.0,8666,0.005391525619960841
ABEO,ABEONA THERAPEUTICS INC,00289Y206,309658000.0,69120,0.0053843790911888454
HIMS,HIMS & HERS HEALTH INC,433000106,309511000.0,14909,0.005381823033452876
NEWT,NEWTEKONE INC,652526203,309228000.0,28240,0.0053769021876074385
PKBK,PARKE BANCORP INC,700885106,308310000.0,10856,0.005360939867868529
MPAA,MOTORCAR PTS AMER INC,620071100,307424000.0,27796,0.005345533968861258
EPD,ENTERPRISE PRODS PARTNERS L,293792107,307374000.0,8123,0.005344664561468071
EVGO,EVGO INC,30052F100,306999000.0,178488,0.005338144006019171
LB,LANDBRIDGE COMPANY LLC,514952100,306996000.0,4446,0.00533809184157558
FIZZ,NATIONAL BEVERAGE CORP,635017106,306821000.0,9118,0.005335048915699425
TARA,PROTARA THERAPEUTICS INC,74365U107,306353000.0,58801,0.005326911262499197
MCO,MOODYS CORP,615369105,305811000.0,701,0.005317486886357052
XSSPX,NUVEEN S&P 500 DYNAMIC OVERW,6706EW100,305250000.0,18995,0.005307732135405495
XFLT,XAI OCTAGN FLT RAT & ALT INM,98400T304,304945000.0,17750,0.005302428750307056
MAMA,MAMAS CREATIONS INC,56146T103,304836000.0,19872,0.0053005334421899085
VMI,VALMONT INDS INC,920253101,303274000.0,759,0.005273373155226753
FLB,STANDARD BIOTOOLS INC,34385P108,302384000.0,328929,0.0052578977036280275
INFU,INFUSYSTEM HLDGS INC,45685K102,302227000.0,32744,0.00525516776441342
BRW,SABA CAPITAL INCOME & OPRNT,78518H202,302161000.0,44831,0.005254020146654414
AES,AES CORP,00130H105,302090000.0,21440,0.005252785588156089
QSI,QUANTUM SI INC,74765K105,301283000.0,389254,0.005238753352830054
ENVX,ENOVIX CORPORATION,293594107,300797000.0,58069,0.005230302712968278
FRST,PRIMIS FINANCIAL CORP,74167B109,300593000.0,22635,0.0052267555308040765
KE,KIMBALL ELECTRONICS INC,49428J109,300318000.0,12677,0.005221973790141548
KINS,KINGSTONE COS INC,496719105,299982000.0,20589,0.005216131372459333
SEDG,SOLAREDGE TECHNOLOGIES INC,83417M104,299664000.0,5870,0.0052106019414386645
DPZ,DOMINOS PIZZA INC,25754A201,299590000.0,835,0.005209315218496748
ASMB,ASSEMBLY BIOSCIENCES INC,045396207,299284000.0,10785,0.005203994445250445
REI,RING ENERGY INC,76680V108,298147000.0,194867,0.005184224121129377
BCE,BCE INC,05534B760,298135000.0,11812,0.005184015463355012
NG,NOVAGOLD RESOURCES INC,66987E206,297229000.0,33099,0.005168261801390467
BYD,BOYD GAMING CORP,103304101,297081000.0,3615,0.0051656883555066336
SLVR,SPROTT FDS TR,85208P873,296196000.0,5005,0.005150299844647227
KNOP,KNOT OFFSHORE PARTNERS LP,Y48125101,296009000.0,29366,0.005147048260996708
PPIH,PERMA-PIPE INTL HLDGS INC,714167103,295864000.0,9925,0.005144526979556467
GIS,GENERAL MILLS INC,370334104,295787000.0,7947,0.005143188092170959
NKTR,NEKTAR THERAPEUTICS,640268306,295211000.0,4103,0.005133172519001447
BMI,BADGER METER INC,056525108,295102000.0,1937,0.0051312772108843
TRVI,TREVI THERAPEUTICS INC,89532M101,295089000.0,24735,0.005131051164962071
ABL,ABACUS GLOBAL MGMT INC,00258Y104,294980000.0,37434,0.005129155856844924
LFUS,LITTELFUSE INC,537008104,294895000.0,869,0.005127677864276507
TNGX,TANGO THERAPEUTICS INC,87583X109,294867000.0,14095,0.005127190996136321
PVH,PVH CORPORATION,693656100,294666000.0,4224,0.005123695978415711
CTLP,CANTALOUPE INC,138103106,294659000.0,27258,0.005123574261380665
CSWC,CAPITAL SOUTHWEST CORP,140501107,294484000.0,13313,0.005120531335504511
COPX,GLOBAL X FDS,37954Y830,293871000.0,3849,0.00510987240086404
LPL,LG DISPLAY CO LTD,50186V102,293829000.0,75729,0.005109142098653764
PNNT,PENNANTPARK INVT CORP,708062104,293547000.0,65378,0.0051042386409561906
GTN,GRAY MEDIA INC,389375106,292894000.0,67487,0.00509288418040117
PYXS,PYXIS ONCOLOGY INC,747324101,292140000.0,200096,0.0050797735169119135
GRCE,GRACE THERAPEUTICS INC,00439U104,292125000.0,63094,0.005079512694693957
KMT,KENNAMETAL INC,489170100,291894000.0,8079,0.005075496032537434
FE,FIRSTENERGY CORP,337932107,291143000.0,5747,0.0050624375334917685
CRWV,COREWEAVE INC,21873S108,290822000.0,3754,0.005056855938027509
METU,DIREXION SHARES ETF TRUST,25461A809,290645000.0,12981,0.005053778235855628
GOTU,GAOTU TECHEDU INC,36257Y109,290170000.0,148046,0.005045518865620352
BNAI,BRAND ENGAGEMENT NETWORK INC,104932207,289973000.0,7651,0.005042093400491197
MGRC,MCGRATH RENTCORP,580589109,289595000.0,2626,0.005035520680598704
GSBC,GREAT SOUTHN BANCORP INC,390905107,289262000.0,4582,0.00502973042736008
BBCP,CONCRETE PUMPING HLDGS INC,206704108,289256000.0,40512,0.005029626098472898
UMBF,UMB FINL CORP,902788108,289194000.0,2564,0.005028548033305346
EXK,ENDEAVOUR SILVER CORP,29258Y103,288954000.0,31037,0.005024374877818049
VPG,VISHAY PRECISION GROUP INC,92835K103,288786000.0,6651,0.005021453668976942
SUB,ISHARES TR,464288158,287870000.0,2703,0.005005526125533759
SRPT,SAREPTA THERAPEUTICS INC,803607100,287754000.0,13224,0.005003509100381566
CTRN,CITI TRENDS INC,17306X102,287515000.0,6637,0.004999353333042133
RMNI,RIMINI STR INC DEL,76674Q107,287249000.0,87576,0.004994728085710379
OXSQ,OXFORD SQUARE CAP CORP,69181V107,287092000.0,162199,0.004991998146495772
SM,SM ENERGY COMPANY,78454L100,286856000.0,9200,0.00498789454359993
TASK,TASKUS INC,87652V109,286571000.0,42708,0.004982938921458765
ASG,LIBERTY ALL-STAR GROWTH FD I,529900102,285931000.0,60196,0.0049718105068259745
N/A,SCHMID GROUP N.V.,N68722102,284690000.0,53715,0.004950231815327078
CWBC,COMMUNITY WEST BANCSHARES NE,203937107,284400000.0,12206,0.004945189252446595
MEI,METHODE ELECTRS INC,591520200,284136000.0,51474,0.004940598781410568
RGNX,REGENXBIO INC,75901B107,284082000.0,33900,0.004939659821425926
EOLS,EVOLUS INC,30052C107,284042000.0,69110,0.004938964295511377
MEGI,NYLI CBRE GBL INFR MEGTRNDS,56064Q107,283958000.0,19330,0.004937503691090823
VOYA,VOYA FINANCIAL INC,929089100,282913000.0,4141,0.004919333076573219
CTBI,COMMUNITY TR BANCORP INC,204149108,282894000.0,4659,0.004919002701763807
VVX,V2X INC,92242T101,282289000.0,4121,0.004908482872306247
TOWN,TOWNEBANK PORTSMOUTH VA,89214P109,282222000.0,8382,0.004907317866399376
ESP,ESPEY MFG & ELECTRS CORP,296650104,281922000.0,5087,0.004902101422040256
UPS,UNITED PARCEL SVCS INC,911312106,280973000.0,2856,0.004885600069717571
GLDM,WORLD GOLD TR,98149E303,280758000.0,3029,0.004881861617926866
GDYN,GRID DYNAMICS HLDGS INC,39813G109,280446000.0,49201,0.004876436515793382
PYLD,PIMCO ETF TR,72201R585,279790000.0,10679,0.00486502989079477
SKYT,SKYWATER TECHNOLOGY INC,83089J108,279555000.0,10199,0.004860943676046792
XCAFX,MORGAN STANLEY CHINA A SH FD,617468103,279195000.0,15954,0.004854683942815847
ZTR,VIRTUS TOTAL RETURN FD INC,92835W107,279086000.0,42158,0.0048527886346987
MITK,MITEK SYS INC,606710200,278492000.0,20629,0.0048424600748676406
DSX,DIANA SHIPPING INC,Y2066G104,277815000.0,111126,0.004830688298763891
SIRI,SIRIUSXM HOLDINGS INC,829933100,277652000.0,12030,0.004827854030662102
TSDD,GRANITESHARES ETF TR,38747R595,277370000.0,26568,0.004822950572964529
TOI,THE ONCOLOGY INSTITUTE INC,68236X100,277362000.0,90346,0.004822811467781619
AVDE,AMERICAN CENTY ETF TR,025072703,277172000.0,3267,0.004819507719687509
EVMN,EVOMMUNE INC,30054Y107,276800000.0,12040,0.0048130393286821985
FTCS,FIRST TR EXCHANGE-TRADED FD,33733E104,276796000.0,2984,0.004812969776090744
TGS,TRANSPORTADORA DE GAS DEL SU,893870204,276257000.0,7982,0.00480359756439219
FHB,FIRST HAWAIIAN INC,32051X108,276042000.0,11203,0.004799859112601486
BMBL,BUMBLE INC,12047B105,275825000.0,84609,0.004796085884515056
IAT,ISHARES TR,464288778,275715000.0,5121,0.0047941731882500446
EIKN,EIKON THERAPEUTICS INC,282564103,275672000.0,26056,0.004793425497891904
PECO,PHILLIPS EDISON & CO INC,71844V201,274551000.0,7337,0.004773933384136656
GLL,PROSHARES TR II,74347Y698,274307000.0,13593,0.004769690676057904
SYBT,STOCK YDS BANCORP INC,861025104,273579000.0,4127,0.0047570321044131045
N/A,KESTRA MED TECHNOLOGIES LTD,G52441105,273320000.0,13714,0.004752528574116397
HEI,HEICO CORP NEW,422806109,273103000.0,996,0.004748755346029966
CDXS,CODEXIS INC,192005106,273093000.0,167542,0.004748581464551328
SCHH,SCHWAB STRATEGIC TR,808524847,272966000.0,12702,0.004746373169772633
WASH,WASHINGTON TR BANCORP INC,940610108,271528000.0,8115,0.004721369013144581
VTMX,VESTA REAL ESTATE CORP,92540K109,271521000.0,8144,0.004721247296109535
DLX,DELUXE CORP MEDIUM TERM NTS,248019101,270911000.0,9837,0.004710640525912656
CDP,COPT DEFENSE PROPERTIES,22002T108,270902000.0,8853,0.0047104840325818825
NEO,NEOGENOMICS INC,64049M209,270177000.0,36412,0.004697877625380673
IGT,BRIGHTSTAR LOTTERY PLC,G4863A108,269655000.0,21166,0.004688801012195803
CHRD,CHORD ENERGY CORPORATION,674215207,269431000.0,1895,0.004684906067074326
BZUN,BAOZUN INC,06684L103,268959000.0,112535,0.004676698861282642
AGQ,PROSHARES TR II,74347W353,268778000.0,2249,0.004673551606519307
GTY,GETTY RLTY CORP NEW,374297109,268742000.0,8451,0.004672925633196212
SKT,TANGER INC,875465106,268102000.0,7890,0.0046617972185634205
AAMI,ACADIAN ASSET MANAGEMENT INC,10948W103,267801000.0,4921,0.004656563386056437
GGB,GERDAU SA,373737105,267728000.0,74163,0.004655294051262383
WFG,WEST FRASER TIMBER LTD,952845105,267624000.0,4099,0.004653485683884555
TRAK,REPOSITRAK INC,700215304,267604000.0,35211,0.00465313792092728
SPMD,SPDR SERIES TRUST,78464A847,267319000.0,4514,0.0046481822987861155
ALMU,AELUMA INC,00776X109,267272000.0,20418,0.004647365055836519
RAIL,FREIGHTCAR AMER INC,357023100,267059000.0,33508,0.004643661380341543
FRBA,FIRST BK WILLIAMSTOWN NEW JE,31931U102,266656000.0,16666,0.004636653956752458
FOX,FOX CORP,35137L204,266403000.0,5017,0.004632254755342933
XGDVX,GABELLI DIVID & INCOME TR,36242H104,266311000.0,9889,0.0046306550457394695
TRY,BARINGS BDC INC,06759L103,266282000.0,32355,0.0046301507894514204
BHR,BRAEMAR HOTELS & RESORTS INC,10482B101,266048000.0,112732,0.004626081962851306
SDS,PROSHARES TR,74350P667,266009000.0,3535,0.004625403825084621
HIVE,HIVE DIGITAL TECHNOLOGIES LT,433921103,265920000.0,139958,0.004623856279924748
FBND,FIDELITY MERRIMACK STR TR,316188309,265828000.0,5827,0.004622256570321284
FSV,FIRSTSERVICE CORP NEW,33767E202,265792000.0,1913,0.00462163059699819
NULV,NUSHARES ETF TR,67092P300,265629000.0,5838,0.004618796328896401
BLFY,BLUE FOUNDRY BANCORP,09549B104,265210000.0,20031,0.004611510694941496
RCUS,ARCUS BIOSCIENCES INC,03969F109,264924000.0,12265,0.004606537684652467
TEO,TELECOM ARGENTINA SA,879273209,264042000.0,22587,0.004591201338236652
ARLP,ALLIANCE RESOURCE PARTNERS L,01877R108,263587000.0,9533,0.004583289730958651
FTI,TECHNIPFMC PLC,G87110105,262901000.0,3803,0.004571361461524128
IFN,ABERDEEN INDIA FD INC,454089103,262613000.0,23199,0.004566353674939372
ESOA,ENERGY SERVICES OF AMER CORP,29271Q103,262534000.0,19995,0.0045649800112581365
STOK,STOKE THERAPEUTICS INC,86150R107,262238000.0,8054,0.0045598331194904715
IYR,ISHARES TR,464287739,262120000.0,2772,0.00455778131804255
AFG,AMERICAN FINANCIAL GROUP INC,025932104,262061000.0,2052,0.004556755417318589
DFCF,DIMENSIONAL ETF TRUST,25434V872,261680000.0,6198,0.0045501305329825065
MHD,BLACKROCK MUNIHOLDINGS FD IN,09253N104,261583000.0,23190,0.004548443882639724
CEVA,CEVA INC,157210105,260175000.0,13928,0.004523961370447583
TCBX,THIRD COAST BANCSHARES INC,88422P109,260081000.0,6875,0.004522326884548392
BDJ,BLACKROCK ENHANCED EQUITY DI,09251A104,259496000.0,30104,0.004512154818048107
FRPH,FRP HLDGS INC,30292L107,259169000.0,11845,0.004506468893696665
HIMX,HIMAX TECHNOLOGIES INC,43289P106,259041000.0,32915,0.004504243210770106
AWR,AMER STATES WTR CO,029899101,258242000.0,3415,0.004490350080626981
CLDT,CHATHAM LODGING TR,16208T102,258120000.0,32798,0.0044882287265876055
MSM,MSC INDL DIRECT INC,553530106,256880000.0,2784,0.004466667423236572
EVC,ENTRAVISION COMMUNICATIONS C,29382R107,256852000.0,86482,0.004466180555096387
N/A,GREENLIGHT CAP RE LTD,G4095J109,256601000.0,14841,0.00446181612998259
AIZ,ASSURANT INC,04621X108,256580000.0,1178,0.004461450978877451
ZROZ,PIMCO ETF TR,72201R882,256552000.0,4008,0.004460964110737267
SCHQ,SCHWAB STRATEGIC TR,808524680,256532000.0,8162,0.004460616347779992
HTBK,HERITAGE COMM CORP,426927109,255353000.0,20461,0.004440115721448647
MRX,MAREX GROUP PLC,G5S37H101,254998000.0,5720,0.00443394292895702
JKS,JINKOSOLAR HLDG CO LTD,47759T100,254862000.0,10030,0.004431578140847553
AEHR,AEHR TEST SYS,00760J108,254814000.0,6872,0.004430743509750093
HODL,VANECK BITCOIN ETF,92189K105,254598000.0,13288,0.004426987669811526
TVTX,TRAVERE THERAPEUTICS INC,89422G107,253902000.0,8546,0.004414885518898366
COTY,COTY INC,222070203,253895000.0,126316,0.004414763801863319
SNWV,SANUWAVE HEALTH INC,80303D305,253834000.0,14681,0.004413703124843632
NVX,NOVONIX LIMITED,67010L100,253827000.0,367865,0.004413581407808585
JILL,J JILL INC,46620W201,253587000.0,22128,0.004409408252321289
DYNF,BLACKROCK ETF TRUST,09290C103,253258000.0,4353,0.0044036875516741195
MASS,908 DEVICES INC,65443P102,253154000.0,41365,0.004401879184296291
SZ7,AMERICAS GOLD AND SILVER COR,03062D803,252956000.0,48459,0.004398436331019271
TDOC,TELADOC HEALTH INC,87918A105,252722000.0,46371,0.004394367504419157
URNM,SPROTT FDS TR,85208P303,252600000.0,4000,0.004392246150379781
IYG,ISHARES TR,464287770,252413000.0,3047,0.004388994566729262
PPHC,PUBLIC POL HLDG CO INC,744430208,252169000.0,19279,0.004384751858650511
GLTO,DAMORA THERAPEUTICS INC,36322Q206,251955000.0,9728,0.004381030795007671
FXN,FIRST TR EXCHANGE-TRADED FD,33734X127,251934000.0,11217,0.004380665643902533
RRBI,RED RIVER BANCSHARES INC,75686R202,251875000.0,2785,0.004379639743178572
OVID,OVID THERAPEUTICS INC,690469101,251732000.0,113393,0.0043771532380340586
SILC,SILICOM LTD,M84116108,251660000.0,11927,0.004375901291387869
SCHP,SCHWAB STRATEGIC TR,808524870,251624000.0,9456,0.004375275318064775
EIC,EAGLE POINT INCOME COMPANY I,269817102,251302000.0,26621,0.004369676334452652
IWR,ISHARES TR,464287499,251145000.0,2583,0.004366946395238045
IGR,CBRE GBL REAL ESTATE INC FD,12504G100,250471000.0,57055,0.004355226783577886
IAG,IAMGOLD CORP,450913108,250381000.0,13304,0.00435366185027015
N/A,SKYLINE BLDRS GROUP HLDG LTD,G8193D104,250318000.0,81009,0.004352566396954734
AKTS,AKTIS ONCOLOGY INC,01021M104,250281000.0,13990,0.004351923035483776
DOX,AMDOCS LTD,G02602103,250142000.0,3833,0.004349506082930717
INNV,INNOVAGE HLDG CORP,45784A104,250128000.0,31188,0.0043492626488606245
HUMA,HUMACYTE INC,44486Q103,250015000.0,412090,0.004347297788152023
IMAB,NOVABRIDGE BIOSCIENCES,44975P103,249712000.0,101509,0.004342029179349311
VSAT,VIASAT INC,92552V100,249702000.0,5452,0.004341855297870673
XETYX,EATON VANCE TAX-MANAGED DIVE,27828N102,249571000.0,18098,0.004339577450500524
TLX,TELIX PHARMACEUTICAL LTD,87961M105,248887000.0,26007,0.004327683957361729
MH,MCGRAW HILL INC,580907103,248395000.0,18131,0.00431912898861277
PESI,PERMA-FIX ENVIRONMENTAL SVCS,714157203,248297000.0,23227,0.0043174249501221245
BST,BLACKROCK SCIENCE & TECHNOLO,09258G104,248271000.0,6830,0.004316972858277667
RLI,RLI CORP,749607107,247497000.0,4339,0.004303514431831135
ASTS,AST SPACEMOBILE INC,00217D100,247450000.0,2986,0.004302697188881539
AIO,VIRTUS ARTIFICIAL INTELLIGEN,92838Y100,247414000.0,11556,0.0043020712155584446
FBLA,FB BANCORP INC,31425A109,247169000.0,17989,0.0042978111193318295
LGND,LIGAND PHARMACEUTICALS INC,53220K504,246967000.0,1237,0.004294298713463355
N/A,PHAOS TECHNOLOGY HLDGS (CAYM,G7049C104,246512000.0,153113,0.004286387106185355
REGN,REGENERON PHARMACEUTICALS,75886F107,246472000.0,319,0.004285691580270805
ELVA,ELECTROVAYA INC,28617B606,245485000.0,31392,0.004268529478329297
PARR,PAR PAC HOLDINGS INC,69888T207,245298000.0,3916,0.004265277894678779
PVAL,PUTNAM ETF TRUST,746729300,245270000.0,5286,0.004264791026538594
RLGT,RADIANT LOGISTICS INC,75025X100,245079000.0,34763,0.004261469890296621
PLBC,PLUMAS BANCORP,729273102,244979000.0,5018,0.004259731075510247
EZPW,EZCORP INC,302301106,244587000.0,9637,0.004252914921547662
EDV,VANGUARD WORLD FD,921910709,244537000.0,3765,0.004252045514154475
REYN,REYNOLDS CONSUMER PRODS INC,76171L106,244460000.0,11542,0.004250706626768967
AVBC,AVIDIA BANCORP INC,05369T100,244459000.0,12428,0.004250689238621105
PTIR,GRANITESHARES ETF TR,38747R710,244371000.0,14928,0.004249159081609095
AUDC,AUDIOCODES LTD,M15342104,244285000.0,29047,0.004247663700892814
DBC,INVESCO DB COMMDY INDX TRCK,46138B103,244193000.0,8435,0.0042460639912893505
FNB,F N B CORP,302520101,243895000.0,14587,0.004240882323225957
TMP,TOMPKINS FINL CORP,890110109,243773000.0,3092,0.004238760969186581
AVPT,AVEPOINT INC,053604104,243542000.0,25609,0.004234744307030058
N/A,WHITEFIBER INC,G96115103,243178000.0,20418,0.004228415021207658
ISD,PGIM HIGH YIELD BOND FUND IN,69346H100,243013000.0,18466,0.004225545976810141
TSBK,TIMBERLAND BANCORP INC,887098101,242928000.0,6161,0.004224067984241724
EBMT,EAGLE BANCORP MONT INC,26942G100,242165000.0,11767,0.0042108008274216934
JNK,SPDR SERIES TRUST,78468R622,241980000.0,2528,0.0042075840200669025
HOV,HOVNANIAN ENTERPRISES INC,442487401,241784000.0,2180,0.00420417594308561
ALTS,ALT5 SIGMA CORP,47089W104,241486000.0,217555,0.004198994275022216
PSBD,PALMER SQUARE CAPITAL BDC IN,69702V107,241182000.0,24686,0.00419370827807164
N/A,SMJ INTL HOLDINGS INC,G82454102,241093000.0,77772,0.004192160732911768
GBFH,GBANK FINL HLDGS INC,36166F100,240920000.0,9003,0.004189152583331341
THW,ABRDN WORLD HEALTHCARE FUND,87911L108,240904000.0,20643,0.004188874372965522
TWN,TAIWAN FD INC,874036106,240411000.0,3657,0.0041803020160687
FTSM,FIRST TR EXCHANGE-TRADED FD,33739Q408,240316000.0,4020,0.004178650142021644
DHX,DHI GROUP INC,23331S100,240261000.0,85502,0.004177693793889139
XLG,INVESCO EXCHANGE TRADED FD T,46137V233,239965000.0,4399,0.004172546902121473
JMUB,J P MORGAN EXCHANGE TRADED F,46641Q647,239852000.0,4798,0.004170582041412871
ONL,ORION PROPERTIES INC,68629Y103,239770000.0,111521,0.0041691562132880455
JCPB,J P MORGAN EXCHANGE TRADED F,46641Q670,239637000.0,5090,0.004166843589622168
RFIL,RF INDS LTD,749552105,239233000.0,23204,0.004159818777885218
KK0,NEXTNAV INC,65345N106,239163000.0,14929,0.0041586016075347565
PTM,PLATINUM GROUP METALS LTD,72765Q882,239100000.0,135085,0.004157506154219341
DKL,DELEK LOGISTICS PARTNERS LP,24664T103,238997000.0,4803,0.004155715174989377
MPB,MID PENN BANCORP INC,59540G107,238852000.0,7427,0.004153193893549135
DFLV,DIMENSIONAL ETF TRUST,25434V666,238828000.0,6688,0.004152776578000406
GFR,GREENFIRE RES LTD NEW,39525U107,238548000.0,37745,0.0041479078965985594
FNKO,FUNKO INC,361008105,237825000.0,75500,0.004135336265693078
BRR,PROCAP FINL INC,74277P105,237759000.0,112682,0.0041341886479340706
VONV,VANGUARD SCOTTSDALE FDS,92206C714,237725000.0,2536,0.004133597450906704
PAYS,PAYSIGN INC,70451A104,237446000.0,40245,0.004128746157652722
CMTL,COMTECH TELECOMMUNICATIONS C,205826209,236318000.0,71180,0.0041091323268624275
CVGW,CALAVO GROWERS INC,128246105,236288000.0,9162,0.004108610682426515
GRPN,GROUPON INC,399473206,236060000.0,19837,0.004104646184713583
ACNT,ASCENT INDUSTRIES CO,871565107,236013000.0,17732,0.0041038289417639874
FOA,FINANCE OF AMERICA COMPAN,31738L206,236002000.0,14217,0.0041036376721374866
PLTZ,TIDAL TRUST II,88636W254,235879000.0,8067,0.004101498929950247
BCRX,BIOCRYST PHARMACEUTICALS INC,09058V103,235734000.0,24762,0.004098977648510005
UFCS,UNITED FIRE GROUP INC,910340108,235627000.0,6358,0.004097117116688585
TXRH,TEXAS ROADHOUSE INC,882681109,235490000.0,1426,0.004094734940431254
VRSN,VERISIGN INC,92343E102,235197000.0,947,0.004089640213107179
HYD,VANECK ETF TRUST,92189H409,235106000.0,4689,0.004088057891651579
SLRC,SLR INVESTMENT CORP,83413U100,234927000.0,16417,0.00408494541318397
TRX,TRX GOLD CORPORATION,87283P109,234501000.0,156334,0.0040775380621940185
VXF,VANGUARD INDEX FDS,922908652,234406000.0,1139,0.004075886188146963
CGDG,CAPITAL GROUP DIVIDEND GROWE,14021L109,234140000.0,6522,0.00407126094081521
UBER,UBER TECHNOLOGIES INC,90353T100,234132000.0,3255,0.0040711218356323
RLMD,RELMADA THERAPEUTICS INC,75955J402,233898000.0,33606,0.004067053009032185
BSBR,BANCO SANTANDER BRASIL S A,05967A107,233820000.0,39430,0.0040656967334988135
NMIH,NMI HLDGS INC,629209305,233275000.0,6219,0.004056220192913077
ERIE,ERIE INDTY CO,29530P102,233216000.0,928,0.004055194292189117
BTX,BLACKROCK TECH AND PRIVATE E,09260Q108,233119000.0,35321,0.004053507641846335
NRGV,ENERGY VAULT HOLDINGS INC,29280W109,232911000.0,70579,0.004049890907090678
UCO,PROSHARES TR II,74347Y888,232813000.0,5924,0.004048186868600032
DCTH,DELCATH SYS INC,24661P807,232520000.0,25056,0.004043092141275957
PEPG,PEPGEN INC,713317105,232137000.0,131151,0.0040364324806441455
WBS,WEBSTER FINL CORP,947890109,231446000.0,3334,0.004024417270470304
GORO,GOLD RESOURCE CORP,38068T105,231005000.0,192504,0.004016749097262396
TEX,TEREX CORP NEW,880779103,230726000.0,3904,0.004011897804008414
XYLD,GLOBAL X FDS,37954Y475,230632000.0,5894,0.004010263318109223
BYRN,BYRNA TECHNOLOGIES INC,12448X201,230381000.0,25096,0.004005898892995425
BNT,BROOKFIELD WEALTH SOL LTD,G17434104,230267000.0,5562,0.004003916644138959
QQQX,NUVEEN NASDAQ 100 DYNAMIC OV,670699107,230242000.0,8633,0.004003481940442366
CP,CANADIAN PACIFIC KANSAS CITY,13646K108,229923000.0,2923,0.003997935121273834
AEVA,AEVA TECHNOLOGIES INC,00835Q202,229221000.0,17418,0.003985728641473491
AMRX,AMNEAL PHARMACEUTICALS INC,03168L105,229110000.0,18432,0.003983798557060617
N/A,MASTERBEEF GROUP,G6001H101,229057000.0,38692,0.003982876985223838
SOLV,SOLVENTUM CORP,83444M101,228942000.0,3506,0.003980877348219509
CMDB,COSTAMARE BULKERS HLDGS LTD,Y2001C101,227749000.0,14722,0.003960133287818071
JNUG,DIREXION SHARES ETF TRUST,25460G831,227628000.0,1143,0.003958029321926559
OFLX,OMEGA FLEX INC,682095104,227058000.0,7315,0.003948118077644229
CLMT,CALUMET INC,131428104,225847000.0,6291,0.003927061030581245
HAFC,HANMI FINL CORP,410495204,225668000.0,8561,0.003923948552113636
MFC,MANULIFE FINL CORP,56501R106,225513000.0,6548,0.003921253389194757
VO,VANGUARD INDEX FDS,922908629,224575000.0,782,0.003904943306498572
MNSB,MAINSTREET BANCSHARES INC,56064Y100,224442000.0,10110,0.0039026306828326956
ICVT,ISHARES TR,46435G102,224345000.0,2204,0.0039009440324899126
AL,AIR LEASE CORP,00912X302,224108000.0,3451,0.003896823041446207
CARL,CARLSMED INC,14280C105,223879000.0,24738,0.003892841155585412
NEE,NEXTERA ENERGY INC,65339F101,223655000.0,2408,0.0038889462104639352
GOSS,GOSSAMER BIO INC,38341P102,223093000.0,679125,0.0038791740713645154
CVEO,CIVEO CORP CDA,17878Y207,222608000.0,8413,0.003870740819650603
FOSL,FOSSIL GROUP INC,34988V106,221982000.0,51504,0.003859855839087904
CC,CHEMOURS CO,163851108,221842000.0,10070,0.003857421498386981
GIII,G III APPAREL GROUP LTD,36237H101,221378000.0,7992,0.0038493533977782073
TK,TEEKAY CORPORATION LTD,G8726T105,221172000.0,18114,0.0038457714393182775
EMBC,EMBECTA CORP,29082K105,220956000.0,24995,0.0038420155993797106
AI,C3 AI INC,12468P104,220604000.0,26200,0.003835894971331675
GNE,GENIE ENERGY LTD,372284208,220556000.0,15598,0.003835060340234216
SAR,SARATOGA INVT CORP,80349A208,220428000.0,10079,0.0038328346573076578
ARDX,ARDELYX INC,039697107,220168000.0,36756,0.003828313738863087
KLIC,KULICKE & SOFFA INDS INC,501242101,220096000.0,3349,0.0038270617922168976
ACIC,AMERICAN COASTAL INS CORP,910710102,219623000.0,19522,0.0038188371982773505
PBR/A,PETROLEO BRASILEIRO S A,71654V101,219525000.0,11708,0.003817133159786704
TFIN,TRIUMPH FINANCIAL INC,89679E300,219012000.0,3671,0.0038082130399326075
RCKY,ROCKY BRANDS INC,774515100,218768000.0,5650,0.003803970331853856
ES,EVERSOURCE ENERGY,30040W108,218717000.0,3157,0.003803083536312805
PTLC,PACER FDS TR,69374H105,218496000.0,4165,0.0037992407556349194
MRLN,MERLIN INC,590106100,218354000.0,29708,0.0037967716386382686
LGO,LARGO INC,517097101,217604000.0,194289,0.0037837305277404663
NFBK,NORTHFIELD BANCORP INC DEL,66611T108,217385000.0,16055,0.0037799225233583083
ESML,ISHARES TR,46435U663,217279000.0,4621,0.003778079379684752
USHY,ISHARES TR,46435U853,216619000.0,5880,0.0037666032020946863
PEO,ADAM NAT RES FD INC,00548F105,216590000.0,7791,0.0037660989458066377
SMTI,SANARA MEDTECH INC,79957L100,216502000.0,12602,0.0037645687887946293
NTR,NUTRIEN LTD,67077M108,216344000.0,2867,0.0037618214614321592
TIL,INSTIL BIO INC,45783C200,216234000.0,26242,0.003759908765167148
MXF,MEXICO FD INC,592835102,215956000.0,10318,0.003755074860061029
HYMB,SPDR SERIES TRUST,78464A284,215785000.0,8701,0.0037521014867763305
ACP,ABRDN INCOME CREDIT STRATEGI,003057106,215654000.0,42285,0.003749823639406181
SRCE,1ST SOURCE CORP,336901103,215451000.0,3113,0.0037462938453898427
NOU,NOUVEAU MONDE GRAPHITE INC,66979W842,215289000.0,96111,0.0037434769654359173
RDDT,REDDIT INC,75734B100,215171000.0,1598,0.0037414251639879964
GSIE,GOLDMAN SACHS ETF TR,381430107,214831000.0,4981,0.003735513193714326
KNX,KNIGHT-SWIFT TRANSN HLDGS IN,499049104,214773000.0,3730,0.0037345046811382296
FVRR,FIVERR INTL LTD,M4R82T106,214488000.0,21406,0.0037295490589970646
CADL,CANDEL THERAPEUTICS INC,137404109,214439000.0,43763,0.0037286970397517414
SB,SAFE BULKERS INC,Y7388L103,214397000.0,33870,0.003727966737541464
QQEW,FIRST TR EXCHANGE-TRADED FD,337344105,214077000.0,1686,0.003722402530225069
DFIN,DONNELLEY FINL SOLUTIONS INC,25787G100,213921000.0,4538,0.0037196899791583256
RLTY,COHEN & STEERS REAL ESTATE O,19249Q103,213564000.0,14688,0.0037134824103709717
SMCL,GRANITESHARES ETF TR,38747R660,213543000.0,124153,0.0037131172592658338
OSBC,OLD SECOND BANCORP INC DEL,680277100,213494000.0,10590,0.003712265240020511
ODC,OIL DRI CORP AMER,677864100,213105000.0,3274,0.0037055012505015175
RQI,COHEN & STEERS QUALITY INCOM,19247L106,213092000.0,17684,0.0037052752045792885
FENI,FIDELITY COVINGTON TRUST,31609A404,212449000.0,5711,0.003694094625502906
FBIO,FORTRESS BIOTECH INC,34960Q307,212230000.0,76068,0.003690286621120748
STIM,NEURONETICS INC,64131A105,211925000.0,146155,0.003684983236022308
MCS,MARCUS CORP DEL,566330106,211191000.0,12300,0.003672220335490326
BMNU,ETF OPPORTUNITIES TRUST,26923Q564,211158000.0,119636,0.0036716465266108224
SRBK,SR BANCORP INC,85227J106,210679000.0,12481,0.0036633176037840927
ATLO,AMES NATL CORP,031001100,210634000.0,7464,0.003662535137130225
CVRX,CVRX INC,126638105,210286000.0,22229,0.0036564840616736447
IWF,ISHARES TR,464287614,210215000.0,493,0.0036552495031753193
NWPX,NWPX INFRASTRUCTURE INC,667746101,209988000.0,2697,0.003651302393610251
ECX,ECARX HOLDINGS INC,G29201103,209805000.0,214568,0.0036481203625511878
NXRT,NEXPOINT RESIDENTIAL TR INC,65341D102,209800000.0,8392,0.003648033421811869
NAK,NORTHERN DYNASTY MINERALS LT,66510M204,209467000.0,149619,0.0036422431685732446
ALLT,ALLOT LTD,M0854Q105,209457000.0,31450,0.0036420692870946076
DRIP,DIREXION SHARES ETF TRUST,25460G328,209314000.0,50559,0.003639582781950093
XJQCX,NUVEEN CR STRATEGIES INCOME,67073D102,209142000.0,42945,0.0036365920205175305
CLM,CORNERSTONE STRATEGIC INVEST,21924B302,208703000.0,28668,0.00362895862360535
MPLT,MAPLIGHT THERAPEUTICS INC,56565P103,208606000.0,10261,0.003627271973262568
SAFT,SAFETY INS GROUP INC,78648T100,208114000.0,2865,0.00361871700451361
CLOA,BLACKROCK ETF TRUST II,092528504,207858000.0,4010,0.0036142656386604927
MDYG,SPDR SERIES TRUST,78464A821,207849000.0,2166,0.0036141091453297195
XCHYX,CALAMOS CONV & HIGH INCOME F,12811P108,207803000.0,19082,0.0036133092905279874
PCOR,PROCORE TECHNOLOGIES INC,74275K108,206682000.0,3626,0.003593817176772739
FLYW,FLYWIRE CORPORATION,302492103,206331000.0,17726,0.0035877139368725676
EQ,EQUILLIUM INC,29446K106,206210000.0,103105,0.0035856099709810556
INGN,INOGEN INC,45780L104,205732000.0,33290,0.0035772984363021897
BETR,BETTER HOME & FINANCE HOLDIN,08774B508,205599000.0,5772,0.0035749858126363126
OZ,BELPOINTE PREP LLC,080694102,205299000.0,3859,0.0035697693682771917
PAXS,PIMCO ACCESS INCOME FUND,72203T100,204824000.0,14214,0.003561509998041917
DEC,DIVERSIFIED ENERGY CO,25520W107,204728000.0,11739,0.0035598407358469987
STRO,SUTRO BIOPHARMA INC,869367201,204337000.0,8203,0.0035530419700322774
ELDN,ELEDON PHARMACEUTICALS INC,28617K101,204004000.0,66235,0.0035472517167936535
PKE,PARK AEROSPACE CORP,70014A104,203214000.0,7422,0.003533515079981302
FBIZ,FIRST BUSINESS FINL SVCS INC,319390100,202777000.0,3760,0.0035259164593648496
INSE,INSPIRED ENTMT INC,45782N108,202599000.0,28415,0.0035228213690451037
SPSB,SPDR SERIES TRUST,78464A474,202251000.0,6726,0.003516770293588524
INTT,INTEST CORP,461147100,201952000.0,14795,0.003511571237377267
IYM,ISHARES TR,464287838,201780000.0,1147,0.0035085804759447045
PRIM,PRIMORIS SVCS CORP,74164F103,201400000.0,1408,0.003501972979756484
XLGIX,LAZARD GLOBAL TOTAL RETURN &,52106W103,201399000.0,12517,0.0035019555916086208
SMCI,SUPER MICRO COMPUTER INC,86800U302,200535000.0,8807,0.0034869322318543524
CCBG,CAPITAL CITY BANK,139674105,200394000.0,4611,0.003484480503005565
PCB,PCB BANCORP,69320M109,200071000.0,8896,0.003478864131245579
GTM,ZOOMINFO TECHNOLOGIES INC,98980F104,199642000.0,33385,0.0034714046158120355
SGMT,SAGIMET BIOSCIENCES INC,786700104,199067000.0,38099,0.0034614064307903875
VOXR,VOX ROYALTY CORP,92919F103,197847000.0,37757,0.003440192890396629
ACHR,ARCHER AVIATION INC,03945R102,197597000.0,38220,0.0034358458534306953
PRLD,PRELUDE THERAPEUTICS INC,74065P101,195590000.0,57190,0.0034009478406681766
HYFT,MINDWALK HOLDINGS CORP,602687105,194978000.0,172547,0.00339030629417557
ORC,ORCHID IS CAP INC,68571X301,194682000.0,27693,0.0033851594024079043
USNA,USANA HEALTH SCIENCES INC,90328M107,194494000.0,11133,0.003381890430609522
HPK,HIGHPEAK ENERGY INC,43114Q105,193821000.0,28090,0.0033701882070972266
PROP,PRAIRIE OPER CO,739650109,193335000.0,95239,0.0033617375672354514
FF,FUTUREFUEL CORP,36116M106,193170000.0,50174,0.0033588685228379345
BCIC,BCP INVESTMENT CORPORATION,73688F201,192286000.0,25570,0.003343497400126392
QD,HIGH TEMPLAR TECHNOLOGY LTD,747798106,192235000.0,99090,0.0033426106045853416
N/A,VINFAST AUTO LTD,Y9390M103,192192000.0,49920,0.003341862914227201
TBPH,THERAVANCE BIOPHARMA INC,G8807B106,191060000.0,11772,0.0033221795308454507
PSTL,POSTAL REALTY TRUST INC,73757R102,190630000.0,10271,0.0033147026272640446
UMH,UMH PPTYS INC,903002103,190433000.0,13197,0.0033112771621348885
IVVD,INVIVYD INC,00534A102,188934000.0,145334,0.0032852123284871477
INFQ,INFLEQTION INC,45676K103,187881000.0,19152,0.003266902608786634
PGX,INVESCO EXCH TRADED FD TR II,46138E511,187636000.0,17246,0.0032626425125600184
MITT,TPG MTG INVTS TR INC,001228501,186763000.0,25549,0.003247462659474977
HEPS,D MARKET ELECTR SVCS & TRADI,23292B104,186761000.0,71283,0.0032474278831792487
GENC,GENCOR INDS INC,368678108,186630000.0,12442,0.0032451500358090996
COYA,COYA THERAPEUTICS INC,22407B108,186512000.0,47338,0.0032430982343611787
ARQ,ARQ INC,00770C101,186010000.0,72660,0.003234369384133583
FNWB,FIRST NORTHWEST BANCORP,335834107,185596000.0,21382,0.0032271706909179966
OMEX,ODYSSEY MARINE EXPL INC,676118201,184991000.0,221812,0.0032166508614604357
RNAC,CARTESIAN THERAPEUTICS INC,816212302,184838000.0,30055,0.0032139904748372844
VMD,VIEMED HEALTHCARE INC,92663R105,183629000.0,19938,0.003192968204070027
TSLG,THEMES ETF TR,882927684,183191000.0,30634,0.0031853521953057106
JBGS,JBG SMITH PPTYS,46590V100,182830000.0,12514,0.0031790750739269014
SLS,SOLARIS RES INC,83419D201,182728000.0,21297,0.003177301482844801
LX,LEXINFINTECH HLDGS LTD,528877103,182311000.0,83629,0.0031700506251856222
SBET,SHARPLINK INC,820014405,182200000.0,28248,0.0031681205407727477
FUBO,FUBOTV INC,35953D401,182096000.0,19249,0.003166312173394919
XPER,XPERI INC,98423J101,180981000.0,32318,0.003146924388526853
EAF,GRAFTECH INTL LTD SR NT,384313607,180348000.0,26600,0.0031359176909291084
I9DN,ARBUTUS BIOPHARMA CORP,03879J100,180095000.0,40021,0.0031315184895195827
AMBP,ARDAGH METAL PACKAGING S A,L02235106,179277000.0,44266,0.0031172949845670464
HGTY,HAGERTY INC,405166109,177631000.0,16869,0.0030886740931833365
LSAK,LESAKA TECHNOLOGIES INC,64107N206,177081000.0,34790,0.003079110611858282
AIOT,POWERFLEET INC,73931J109,176940000.0,57448,0.003076658883009495
STHO,STAR HLDGS,85512G106,176714000.0,23344,0.003072729161592291
GILT,GILAT SATELLITE NETWORKS LTD,M51474118,176650000.0,11761,0.0030716163201290115
FPH,FIVE POINT HOLDINGS LLC,33833Q106,175837000.0,36330,0.003057479755915794
BRBR,BELLRING BRANDS INC,07831C103,175333000.0,10897,0.003048716129392471
FIP,FTAI INFRASTRUCTURE INC,35953C106,175261000.0,35478,0.0030474641827462822
VTEX,VTEX,G9470A102,175216000.0,43804,0.003046681716092414
ETB,EATON VANCE TAX MNGED BUY WR,27828X100,175088000.0,12142,0.0030444560331658556
NRDY,NERDY INC,64081V109,175084000.0,214511,0.0030443864805744006
BHK,BLACKROCK CORE BD TR,09249E101,175075000.0,19113,0.003044229987243627
CYRX,CRYOPORT INC,229050307,173863000.0,20998,0.0030231555520327785
DPG,DUFF & PHELPS UTLITY AND INF,26433C105,173309000.0,12002,0.0030135225181162685
IRT,INDEPENDENCE RLTY TR INC,45378A106,171905000.0,11545,0.002989109558515583
SRI,STONERIDGE INC,86183P102,171871000.0,35584,0.002988518361488216
VTE1,ASURE SOFTWARE INC,04649U102,171630000.0,19957,0.002984327817853056
RENT,RENT THE RUNWAY INC,76010Y202,171449000.0,35868,0.0029811805630897193
TYGO,TIGO ENERGY INC,88675P103,171106000.0,45507,0.0029752164283724574
GOVZ,ISHARES TR,46436E577,170700000.0,18615,0.002968156840339781
HCM,HUTCHMED CHINA LTD,44842L103,170215000.0,11378,0.002959723588625869
WB,WEIBO CORP,948596101,170170000.0,19448,0.0029589411219720007
XFFCX,FLAHERTY & CRUMRIN PFD & INM,338478100,170127000.0,10983,0.00295819343161386
PML,PIMCO MUN INCOME FD II,72200W106,169560000.0,22399,0.0029483343517751216
FSCO,FS CREDIT OPPORTUNITIES CORP,30290Y101,168300000.0,33000,0.0029264252854668137
NRXP,NRX PHARMACEUTICALS INC,629444209,167701000.0,78733,0.0029160097848964354
SMRT,SMARTRENT INC,83193G107,167685000.0,111790,0.002915731574530616
HRTX,HERON THERAPEUTICS INC,427746102,167606000.0,209481,0.0029143579108493805
HYNE,HOYNE BANCORP INC,44326H107,166940000.0,11533,0.0029027774043721326
HOVR,NEW HORIZON AIRCRAFT LTD,64550A107,165958000.0,117701,0.0028857022431699434
RGP,RESOURCES CONNECTION INC,76122Q105,164735000.0,44165,0.002864436538332594
CONL,GRANITESHARES ETF TR,38747R801,164640000.0,23520,0.002862784664285539
TBI,TRUEBLUE INC,89785X101,163508000.0,41818,0.0028431012809037896
SGRY,SURGERY PARTNERS INC,86881A100,163089000.0,13682,0.002835815646948884
NVDY,TIDAL TRUST II,88634T774,162626000.0,12529,0.0028277649344879744
NCNO,NCINO INC,63947X101,162293000.0,10834,0.00282197468124935
MDXG,MIMEDX GROUP INC,602496101,162199000.0,41063,0.002820340195350159
SND,SMART SAND INC,83191H107,161418000.0,31527,0.0028067600518685808
CODA,CODA OCTOPUS GROUP INC,19188U206,161240000.0,14269,0.0028036649615488358
OMER,OMEROS CORP,682143102,161051000.0,15251,0.00280037860160259
AVD,AMERICAN VANGUARD CORP,030371108,160212000.0,64342,0.002785789945544915
HYT,BLACKROCK CORPOR HI YLD FD I,09255P107,159128000.0,18677,0.0027669411932606247
SLP,SIMULATIONS PLUS INC,829214105,158648000.0,13422,0.002758594882286031
UROY,URANIUM RTY CORP,91702V101,158290000.0,43367,0.002752369925350814
GPMT,GRANITE PT MTG TR INC,38741L107,158260000.0,109145,0.002751848280914902
DIBS,1STDIBS COM INC,320551104,157900000.0,28709,0.0027455885476839565
MEIP,LITE STRATEGY INC,55279B301,157788000.0,136024,0.002743641075123218
NPCT,NUVEEN CORE PLUS IMPACT FUND,67080D103,157772000.0,15483,0.002743362864757398
SCM,STELLUS CAP INVT CORP,858568108,157417000.0,17092,0.002737190072265772
CHPT,CHARGEPOINT HOLDINGS INC,15961R303,157168000.0,32339,0.002732860423447702
LAKE,LAKELAND INDS INC,511795106,156535000.0,19113,0.0027218537258499567
EGAN,EGAIN CORP,28225C806,156080000.0,19782,0.0027139421185719565
SOHU,SOHU COM LTD,83410S108,156045000.0,10100,0.0027133335333967257
N/A,MICROPOLIS AI ROBOTICS,G6083M101,155736000.0,61073,0.0027079605957068312
LU,LUFAX HOLDING LTD,54975P201,154866000.0,82816,0.0026928329070653807
AFYA,AFYA LTD,G01125106,154351000.0,10380,0.002683878010915557
EDIT,EDITAS MEDICINE INC,28106W103,154217000.0,62436,0.002681547999101816
QUIK,QUICKLOGIC CORP,74837P405,153757000.0,16392,0.0026735494510844973
OPBK,OP BANCORP,67109R109,153176000.0,11517,0.0026634469371756664
DP8,CERVOMED INC,15713L109,151639000.0,38487,0.0026367213539091037
BRCC,BRC INC,05601U105,151532000.0,195223,0.002634860822087684
LFVN,LIFEVANTAGE CORP,53222K205,151334000.0,35031,0.002631417968810664
AWP,ABRDN GLOBAL PREMIER PPTYS F,00302L207,150910000.0,13657,0.00262404539411644
ELBM,ELECTRA BATTERY MATERIALS CO,28474P706,150629000.0,268981,0.00261915932456673
SCLX,SCILEX HOLDING CO,80880W205,150556000.0,22606,0.0026178899897726774
BOC,BOSTON OMAHA CORP,101044105,150380000.0,12875,0.00261482967574866
BAER,BRIDGER AEROSPACE GRP HLDGS,96812F102,150169000.0,75843,0.0026111607765494115
EXPI,EXP WORLD HLDGS INC,30212W100,149666000.0,24986,0.002602414538173952
NNBR,NN INC,629337106,149595000.0,103169,0.0026011799796756266
EVN,EATON VANCE MUN INCOME TR,27826U108,149342000.0,14346,0.0025967807782661017
IDE,VOYA INFRASTRUCTURE INDLS &,92912X101,149198000.0,11955,0.0025942768849737236
BYON,BED BATH & BEYOND INC,690370101,149153000.0,32145,0.0025934944183198553
ARDT,ARDENT HEALTH INC,03980N107,148790000.0,17382,0.0025871825206453193
UNCY,UNICYCIVE THERAPEUTICS INC,90466Y202,148734000.0,22604,0.00258620878436495
CGTX,COGNITION THERAPEUTICS INC,19243B102,148712000.0,195803,0.0025858262451119475
FORR,FORRESTER RESH INC,346563109,148507000.0,26238,0.0025822616747998815
NOA,NORTH AMERN CONSTR GROUP LTD,656811106,147390000.0,10934,0.0025628391136360887
ELTX,ELICIO THERAPEUTICS INC,28657F103,147362000.0,13785,0.002562352245495904
MNKD,MANNKIND CORP,56400P706,147096000.0,60039,0.00255772699816415
GASS,STEALTHGAS INC,Y81669106,147064000.0,16020,0.0025571705774325103
FTHY,FIRST TR HIGH YIELD OPPRT 20,33741Q107,146665000.0,10840,0.0025502327064348797
EARN,ELLINGTON CREDIT COMPANY,288578107,146615000.0,33096,0.002549363299041693
NABL,N-ABLE INC,62878D100,146582000.0,31388,0.0025487894901621896
ENTX,ENTERA BIO LTD,M40527109,146100000.0,131622,0.002540408402891869
N/A,AEBI SCHMIDT HLDG AG,H00501108,145572000.0,14992,0.002531227460819816
OTLY,OATLY GROUP AB,67421J207,145570000.0,14356,0.0025311926845240883
NU,NU HLDGS LTD,G6683N103,145424000.0,10120,0.002528654014935983
AAPD,DIREXION SHARES ETF TRUST,25461A304,144709000.0,10366,0.0025162214892134114
KZR,KEZAR LIFE SCIENCES INC,49372L209,144653000.0,19495,0.0025152477529330423
SXC,SUNCOKE ENERGY INC,86722A103,144496000.0,22196,0.0025125178137184357
NIO,NIO INC,62914V106,144328000.0,23935,0.002509596604877328
FTEK,FUEL TECH INC,359523107,144261000.0,118247,0.0025084315989704576
RR,RICHTECH ROBOTICS INC,765504105,143997000.0,68898,0.002503841127934431
JBI,JANUS INTERNATIONAL GROUP IN,47103N106,143973000.0,27956,0.0025034238123857015
MIST,MILESTONE PHARMACEUTICALS IN,59935V107,143516000.0,120602,0.002495477428811974
LPCN,LIPOCINE INC NEW,53630X203,143205000.0,17923,0.002490069714826352
DLY,DOUBLELINE YIELD OPPORTUNITI,25862D105,142972000.0,10271,0.0024860182763741016
N/A,J-LONG GROUP LTD,G5191U120,142266000.0,20382,0.0024737422439823037
CURI,CURIOSITYSTREAM INC,23130Q107,141367000.0,47759,0.002458110299052805
OKUR,ONKURE THERAPEUTICS INC,68277Q105,141294000.0,34129,0.002456840964258752
III,INFORMATION SVCS GROUP INC,45675Y104,141231000.0,36779,0.0024557455109433367
CGEN,COMPUGEN LTD,M25722105,141125000.0,66256,0.002453902367269781
N/A,SEALSQ CORP,G79483106,140946000.0,53796,0.002450789888802172
N/A,IMMATICS N.V,N44445109,140643000.0,14293,0.00244552127999946
BRT,BRT APARTMENTS CORP,055645303,140430000.0,10527,0.002441817604504484
LRMR,LARIMAR THERAPEUTICS INC,517125100,138978000.0,30884,0.002416570013806339
UXIN,UXIN LTD,91818X306,138967000.0,45266,0.002416378744179838
RPID,RAPID MICRO BIOSYSTEMS INC,75340L104,138629000.0,61070,0.002410501550201895
DNOW,DNOW INC,67011P100,138561000.0,11634,0.002409319156147161
LIDR,AEYE INC,008183204,138034000.0,76262,0.0024001556022229717
DERM,JOURNEY MED CORP,48115J109,137717000.0,29364,0.0023946435593501674
LUCD,LUCID DIAGNOSTICS INC,54948X109,137458000.0,119529,0.00239014002905346
IVR,INVESCO MORTGAGE CAPITAL INC,46131B704,137101000.0,16968,0.0023839324602661057
NEOG,NEOGEN CORP,640491106,136767000.0,14722,0.002378124818879618
VGZ,VISTA GOLD CORP,927926303,135362000.0,69062,0.0023536944711310685
N/A,HAPPY CITY HLDGS LTD,G4337R109,135333000.0,88453,0.00235319021484302
UNHG,THEMES ETF TR,882927122,135089000.0,13257,0.0023489475067642687
LNSR,LENSAR INC,52634L108,134583000.0,22581,0.002340149103945218
DRTS,ALPHA TAU MEDICAL LTD,M0740A108,134464000.0,19019,0.0023380799143494337
PZG,PARAMOUNT GOLD NEV CORP,69924M109,134382000.0,80953,0.002336654086224607
CCIF,CARLYLE CREDIT INCOME FUND,92535C104,134095000.0,41774,0.0023316636877877147
TLS,TELOS CORP MD,87969B101,133397000.0,31837,0.0023195267605788266
DMRC,DIGIMARC CORP NEW,25381B101,132290000.0,26943,0.0023002780808936705
NAGE,NIAGEN BIOSCIENCE INC,171077407,131925000.0,29915,0.0022939314069234072
LND,BRASILAGRO COMPANHIA BRASILE,10554B104,131278000.0,31035,0.0022826812752555696
N/A,YSX TECH CO  LTD,G9877T100,131166000.0,109305,0.0022807338026948312
MRAM,EVERSPIN TECHNOLOGIES INC,30041T104,131068000.0,14911,0.002279029764204185
TEI,TEMPLETON EMERGING MKTS INCO,880192109,130928000.0,21785,0.002276595423503262
SCO,PROSHARES TR II,74347Y797,130641000.0,15702,0.00227160502506637
ARTV,ARTIVA BIOTHERAPEUTICS INC,04317A107,130539000.0,20270,0.0022698314339842686
ACET,ADICET BIO INC,007002207,130248000.0,19126,0.0022647714829559214
N/A,POLYPID LTD,M8001Q126,129048000.0,29463,0.0022439057055194376
BHST,BIOHARVEST SCIENCES INC,09076J207,128677000.0,29649,0.002237454702661992
HIO,WESTERN ASSET HIGH INCOME OP,95766K109,128023000.0,35268,0.002226082853959108
AMWL,AMERICAN WELL CORP,03044L204,127529000.0,24245,0.0022174931089144227
ALDX,ALDEYRA THERAPEUTICS INC,01438T106,127031000.0,75166,0.002208833811278282
CLAR,CLARUS CORP NEW,18270P109,126216000.0,46403,0.0021946624707693367
SGC,SUPERIOR GROUP OF CO INC,868358102,126004000.0,12402,0.0021909761834222248
SOY,SUNOPTA INC,8676EP108,125731000.0,19403,0.0021862292190554244
PRQR,PROQR THRAPEUTICS N V,N71542109,125205000.0,77287,0.0021770830532790992
SRL,SCULLY ROYALTY LTD,G7T96K107,125097000.0,15997,0.002175205133309816
DDI,DOUBLEDOWN INTERACTIVE CO LT,25862B109,124764000.0,14765,0.002169414880071192
TBCH,TURTLE BEACH CORP,900450206,124712000.0,12299,0.0021685106963822776
AVIR,ATEA PHARMACEUTICALS INC,04683R106,124499000.0,23141,0.0021648070208873014
LAC,LITHIUM AMERS CORP NEW,53681J103,124397000.0,31493,0.0021630334298052005
CCCC,C4 THERAPEUTICS INC,12529R107,124007000.0,47151,0.002156252052138343
LOMA,LOMA NEGRA C I A S A MTN  14,54150E104,123864000.0,11169,0.002153765546993829
MNTN,MNTN INC,55318A108,123561000.0,14041,0.0021484969381911165
FWDI,FORWARD INDUSTRIES INC,349932103,123371000.0,27849,0.002145193190097007
AENT,ALLIANCE ENTERTAINMENT HOLDI,01861F102,122492000.0,18701,0.0021299090081247827
BCBP,BCB BANCORP INC,055298103,122406000.0,13631,0.0021284136274085015
CIG,CIA ENERGETICA DE MINAS GERA,204409601,122074000.0,51077,0.002122640762317741
HOPE,HOPE BANCORP INC,43940T109,122032000.0,10925,0.002121910460107464
GEMI,GEMINI SPACE STA INC,36866J105,121744000.0,27544,0.002116902673522708
YSG,YATSEN HLDG LTD,985194208,121663000.0,39501,0.0021154942335457456
EVEX,EVE HLDG INC,29970N104,121257000.0,48894,0.0021084346455130685
ACTG,ACACIA RESH CORP,003881307,121101000.0,25177,0.0021057220944463257
RPD,RAPID7 INC,753422104,120967000.0,21954,0.002103392082632585
OCCI,OFS CREDIT COMPANY INC,67111Q107,120834000.0,41811,0.002101079458966708
XBGYX,BLACKROCK ENHANCED INTL DIV,092524107,120594000.0,22291,0.0020969063034794117
XEFRX,EATON VANCE SR FLTNG RTE TR,27828Q105,119819000.0,11368,0.0020834304888850156
N/A,PARAZERO TECHNOLOGIES LTD,M7S13T102,119486000.0,154975,0.0020776402356463917
KRMD,KORU MEDICAL SYSTEMS INC,759910102,118752000.0,27489,0.002064877335114409
UP,WHEELS UP EXPERIENCE INC,96328L205,118683000.0,229783,0.0020636775529118113
IBIO,IBIO INC,451033708,118657000.0,62451,0.002063225461067354
CRWU,ETF OPPORTUNITIES TRUST,26923Q655,118631000.0,26779,0.002062773369222897
ACCO,ACCO BRANDS CORP,00081T108,118599000.0,39533,0.0020622169484912573
SWZ,TOTAL RETURN SECURITIES FUND,870875101,118387000.0,19964,0.0020585306611441453
BOOM,DMC GLOBAL INC,23291C103,118194000.0,22686,0.002055174748606444
CHRS,COHERUS ONCOLOGY INC,19249H103,117977000.0,69809,0.002051401520520014
UPXI,UPEXI INC,39959A205,117734000.0,119454,0.0020471762005891255
XERS,XERIS BIOPHARMA HOLDINGS INC,98422E103,117578000.0,20272,0.0020444636495223828
PXLW,PIXELWORKS INC,72581M404,117191000.0,21702,0.002037734436299117
ETJ,EATON VANCE RISK-MANAGED DIV,27829G106,117190000.0,14344,0.002037717048151253
JRS,NUVEEN REAL ESTATE INCOME FD,67071B108,117189000.0,15709,0.0020376996600033896
HAIN,HAIN CELESTIAL GROUP INC,405217100,116462000.0,166899,0.002025058476506453
GWRS,GLOBAL WTR RES INC,379463102,115763000.0,15252,0.0020129041611497015
OPRX,OPTIMIZERX CORP,68401U204,115696000.0,18423,0.0020117391552428314
TLV,GRUPO TELEVISA S A B,40049J206,115649000.0,39742,0.002010921912293236
AVR,ANTERIS TECHNOLOGIES GLOBAL,03675P102,115063000.0,20732,0.002000732457645086
DOMO,DOMO INC,257554105,114722000.0,37491,0.001994803099223552
DSP,VIANT TECHNOLOGY INC,92557A101,114576000.0,10230,0.0019922644296354467
NWL,NEWELL BRANDS INC,651229106,114154000.0,33281,0.00198492663123695
HFRO,HIGHLAND OPPS & INCOME FD,43010E404,114131000.0,19988,0.001984526703836084
EMPD,EMPERY DIGITAL INC,92864V608,113000000.0,26714,0.0019648607086021983
BOSC,BOS BETTER ONLINE SOLUTIONS,M20115180,112820000.0,25127,0.0019617308419867256
BDTX,BLACK DIAMOND THERAPEUTICS I,09203E105,112549000.0,52840,0.001957018653915653
CPAC,CEMENTOS PACASMAYO S A A,15126Q208,112180000.0,11218,0.0019506024273539344
ALAR,ALARUM TECHNOLOGIES LTD,78643B500,110993000.0,18623,0.0019299626958396796
POWW,OUTDOOR HOLDING CO,00175J107,110934000.0,55191,0.0019289367951157192
CVV,CVD EQUIP CORP,126601103,110571000.0,26708,0.001922624897441183
BALY,BALLYS CORPORATION,05875B304,110137000.0,11425,0.0019150784412683213
VIRC,VIRCO MFG CO,927651109,109628000.0,17913,0.0019062278740056794
EHTH,EHEALTH INC,28238P109,108390000.0,84023,0.001884701346950374
AVAL,GRUPO AVAL ACCIONES Y VALORE,40053W101,107945000.0,24533,0.0018769636211510112
N/A,CONNECT BIOPHARMA HLDGS LTD,G23549101,107755000.0,41128,0.0018736598730569015
PDYN,PALLADYNE AI CORP,80359A205,106966000.0,17622,0.0018599406243924137
XAODX,ABRDN TOTAL DYNAMIC DIVIDEND,00326L100,106864000.0,11603,0.0018581670333103124
AMPL,AMPLITUDE INC,03213A104,106317000.0,15589,0.0018486557164288488
DOUG,DOUGLAS ELLIMAN INC,25961D105,106238000.0,64779,0.0018472820527476136
KSCP,KNIGHTSCOPE INC,49907V201,106189000.0,25465,0.0018464300335022906
RDZN,ROADZEN INC,G7606H108,105901000.0,88251,0.0018414222469175345
ALGS,ALIGOS THERAPEUTICS INC,01626L204,105476000.0,14196,0.0018340322840754465
N/A,ONECONSTRUCTION GROUP LTD,G6826S100,105327000.0,50638,0.0018314414500437497
SPWH,SPORTSMANS WHSE HLDGS INC,84920Y106,104953000.0,74435,0.0018249382827427126
SPRU,SPRUCE POWER HOLDING CORP,9837FR209,104923000.0,25591,0.0018244166383068006
ITH,INTERNATIONAL TOWER HILL MIN,46050R102,103456000.0,44981,0.0017989082253906993
LUNG,PULMONX CORP,745848101,103304000.0,80081,0.0017962652269154114
XPOF,XPONENTIAL FITNESS INC,98422X101,103080000.0,17123,0.0017923702817939345
XEVVX,EATON VANCE LIMITED DURATION,27828H105,103071000.0,10907,0.0017922137884631608
OPAD,OFFERPAD SOLUTIONS INC,67623L307,102625000.0,156631,0.0017844586745159343
MFG,MIZUHO FINANCIAL GROUP INC,60687Y109,102537000.0,12914,0.0017829285175039254
IZEA,IZEA WORLDWIDE INC,46604H204,102145000.0,29101,0.0017761123635413412
PSNL,PERSONALIS INC,71535D106,102143000.0,16035,0.0017760775872456135
CFFN,CAPITOL FED FINL INC,14057J101,101909000.0,14293,0.001772008760645499
ALTG,ALTA EQUIPMENT GROUP INC,02128L106,101069000.0,18821,0.0017574027164399607
UHG,UNITED HOMES GROUP INC,91060H108,100998000.0,87067,0.0017561681579416357
RLYB,RALLYBIO CORP,75120L209,100697000.0,11226,0.0017509343254346508
GO,GROCERY OUTLET HLDG CORP,39874R101,100336000.0,14232,0.001744657204055842
IMDX,INSIGHT MOLECULAR DIA INC,68235C206,99558000.0,30353,0.0017311292250178553
N/A,CURRENC GROUP INC,G47862100,99164000.0,37849,0.001724278294759543
PASG,PASSAGE BIO INC,702712209,99122000.0,12627,0.0017235479925492665
HIX,WESTERN ASSET HIGH INCOM FD,95766J102,98835000.0,24833,0.001718557594112374
GLBS,GLOBUS MARITIME LIMITED NEW,Y27265126,98522000.0,42650,0.0017131151038310246
FLUX,FLUX PWR HLDGS INC,344057302,97870000.0,91467,0.0017017780314238684
OESX,ORION ENERGY SYS INC,686275207,97836000.0,11194,0.0017011868343965015
VVR,INVESCO SR INCOME TR,46131H107,97312000.0,30221,0.0016920754449159037
NVTS,NAVITAS SEMICONDUCTOR CORP,63942X106,97294000.0,11094,0.0016917624582543562
HLMN,HILLMAN SOLUTIONS CORP,431636109,96762000.0,11630,0.0016825119635908486
PBYI,PUMA BIOTECHNOLOGY INC,74587V107,96591000.0,15116,0.0016795385903061498
BITF,BITFARMS LTD,09173B107,96016000.0,49239,0.0016695404052845014
AEF,ABRDN EMERGING MARKETS EX CH,00301W105,95885000.0,13153,0.001667262557914352
UEIC,UNIVERSAL ELECTRS INC,913483103,95448000.0,23167,0.001659663937297899
DC,DAKOTA GOLD CORP,46655E100,95162000.0,18844,0.0016546909270088706
QSG,HERE GROUP LTD,74767N107,94982000.0,26831,0.0016515610603933981
VYNE,VYNE THERAPEUTICS INC,92941V308,94642000.0,158396,0.001645649090119728
SVCO,SILVACO GROUP INC,82728C102,94539000.0,13353,0.0016438581108897629
DPRO,DRAGANFLY INC.,26142Q304,93982000.0,19141,0.001634172912529662
FRX,FENNEC PHARMACEUTICALS INC,31447P100,93818000.0,15255,0.0016313212562800092
JYNT,JOINT CORP,47973J102,93633000.0,10580,0.001628104448925218
YMAX,TIDAL TRUST II,88636J659,93396000.0,11928,0.0016239834578815123
ENLV,ENLIVEX LTD,M4130Y106,93347000.0,100362,0.001623131438636189
RERE,ATRENEW INC,00138L108,93251000.0,19883,0.0016214621764412706
ONC,ONCOLYTICS BIOTECH INC,682310875,93163000.0,109758,0.0016199320194292617
UFI,UNIFI INC,904677200,92974000.0,26043,0.0016166456594830156
ACRV,ACRIVON THERAPEUTICS INC,004890109,92966000.0,66882,0.0016165065543001058
BWEN,BROADWIND INC,11161T207,92895000.0,44661,0.0016152719958017804
AEC,ANFIELD ENERGY INC,03464C205,92472000.0,16572,0.00160791680925542
INDI,INDIE SEMICONDUCTOR INC,45569U101,91216000.0,28328,0.0015860772955385671
COUR,COURSERA INC,22266M104,90420000.0,15536,0.0015722363298390333
TRON,TRON INC,85237B101,90149000.0,39713,0.0015675241417679607
MERC,MERCER INTL INC,588056101,90122000.0,63466,0.00156705466177564
ICG,INTCHAINS GROUP LTD,45828E104,90094000.0,73247,0.0015665677936354551
STEM,STEM INC,85859N300,89920000.0,10172,0.0015635422559071653
SMHI,SEACOR MARINE HLDGS INC,78413P101,89751000.0,12535,0.0015606036589181937
WOOF,PETCO HEALTH & WELLNESS CO I,71601V105,89421000.0,32166,0.0015548655701231606
XIGDX,VOYA GLBL EQTY DIV & PREM OP,92912T100,88897000.0,15596,0.001545754180642563
ALXO,ALX ONCOLOGY HLDGS INC,00166B105,88503000.0,44141,0.0015389032503842508
HYPD,HYPERION DEFI INC,30234E203,88234000.0,25575,0.0015342258386089058
CLOV,CLOVER HEALTH INVESTMENTS CO,18914F103,88012000.0,50007,0.0015303656697831563
CHGG,CHEGG INC,163092109,87867000.0,118531,0.0015278443883429147
N/A,GENIUS GROUP LTD,Y3005A117,87625000.0,269283,0.0015236364565598905
VTGN,VISTAGEN THERAPEUTICS INC,92840H400,87353000.0,152849,0.0015189068803409542
KLTR,KALTURA INC,483467106,87123000.0,71412,0.0015149076063322947
ATYR,ATYR PHARMA INC,002120202,86910000.0,111423,0.001511203930837319
MDXH,MDXHEALTH SA,B5950S113,86745000.0,37715,0.0015083348864398025
CPSH,CPS TECHNOLOGIES CORP,12619F104,86170000.0,23040,0.001498336701418154
APYX,APYX MEDICAL CORPORATION,03837C106,85228000.0,23097,0.0014819570661305146
FSP,FRANKLIN STR PPTYS CORP,35471R106,84875000.0,127728,0.0014758190499346156
VLN,VALENS SEMICONDUCTOR LTD,M9607U115,84853000.0,75091,0.0014754365106816134
BSGM,STREAMEX CORP,09073N300,84438000.0,74724,0.001468220429318163
VENU,VENU HLDG CORP,92333E104,84339000.0,25480,0.001466499002679653
PRTS,CARPARTS COM INC,14427M107,83682000.0,106493,0.0014550749895331783
PACK,RANPAK HOLDINGS CORP,75321W103,83138000.0,23288,0.0014456158370953058
N/A,TEXXON HLDG LTD,G8772G106,83088000.0,11108,0.001444746429702119
NYXH,NYXOAH S A,B6S7WD106,82788000.0,28352,0.001439529985342998
MRKR,MARKER THERAPEUTICS INC,57055L206,82637000.0,63567,0.0014369043750155738
GUT,GABELLI UTIL TR,36240A101,82462000.0,13630,0.0014338614491394201
NYMT,ADAMAS TRUST INC.,649604840,82160000.0,11163,0.0014286102284845716
AMPG,AMPLITECH GROUP INC,03211Q200,82143000.0,43233,0.0014283146299708884
EVAX,EVAXION AS,29970R303,82037000.0,22053,0.0014264714862973322
STXS,STEREOTAXIS INC,85916J409,82020000.0,44576,0.0014261758877836487
OCTO,EIGHTCO HOLDINGS INC,22890A302,81612000.0,87548,0.0014190815234552444
FLX,BINGEX LTD,090337106,81437000.0,30731,0.0014160385975790903
USA,LIBERTY ALL STAR EQUITY FD,530158104,81163000.0,14624,0.0014112742450644268
DTI,DRILLING TOOLS INTL CORP,26205E107,81153000.0,18742,0.0014111003635857893
N/A,GOLDEN SUN TECHNOLOGY GROUP,G4013A115,81017000.0,139684,0.001408735575476321
HSDT,SOLANA CO,42328V876,80985000.0,46812,0.0014081791547446815
FURY,FURY GOLD MINES LIMITED,36117T100,80890000.0,132802,0.0014065272806976267
OPAL,OPAL FUELS INC,68347P103,80469000.0,31932,0.0013992068704469936
PAL,PROFICIENT AUTO LOGISTICS IN,74317M104,80241000.0,11835,0.0013952423727340618
CNDT,CONDUENT INC,206787103,79886000.0,62411,0.0013890695802424354
IFRX,INFLARX NV,N44821101,79519000.0,88908,0.0013826881299764443
TZOO,TRAVELZOO,89421Q205,79405000.0,13413,0.0013807058811199783
WHWK,WHITEHAWK THERAPEUTICS INC,00032Q104,79291000.0,22983,0.0013787236322635123
WKEY,WISEKEY INTERNATIONAL HLDS L,97727L408,78518000.0,12788,0.001365282593964844
CPIX,CUMBERLAND PHARMACEUTICALS I,230770109,78020000.0,24006,0.0013566232963287035
AUTL,AUTOLUS THERAPEUTICS LTD,05280R100,77839000.0,56405,0.0013534760415653674
NVCT,NUVECTIS PHARMA INC,67080T108,77810000.0,10066,0.001352971785277319
WIMI,WIMI HOLOGRAM CLOUD INC,G9687V204,77787000.0,40514,0.0013525718578764531
DOMH,DOMINARI HOLDINGS INC,008875304,77366000.0,23805,0.00134525144762582
ORMP,ORAMED PHARMACEUTICALS INC,68403P203,77139000.0,22688,0.001341304338060752
MVO,MV OIL TR,553859109,76948000.0,34048,0.0013379832018187783
PRPL,PURPLE INNOVATION INC,74640Y106,76847000.0,116224,0.001336226998884541
ANTX,AN2 THERAPEUTICS INC,037326105,76615000.0,22402,0.0013321929485801542
PLBY,PLAYBOY INC,72814P109,76134000.0,50088,0.001323829249457697
MSGM,MOTORSPORT GAMES INC,62011B201,76076000.0,18555,0.0013228207368816004
TLSI,TRISALUS LIFE SCIENCES INC,89680M101,76056000.0,19014,0.0013224729739243256
BTCS,BTCS INC,05581M404,76043000.0,54707,0.001322246928002097
IRD,OPUS GENETICS INC,67577R102,76003000.0,16704,0.0013215514020875475
N/A,JM GROUP LTD,G5146R107,75737000.0,11458,0.0013169261547557936
IMA,IMAGENEBIO INC,45175G207,75560000.0,15112,0.0013138484525839125
FGNX,FG NEXUS INC.,30329Y403,75529000.0,15136,0.0013133094200001366
SRG,SERITAGE GROWTH PPTYS,81752R100,75184000.0,26756,0.0013073105089871475
AARD,AARDVARK THERAPEUTICS INC,002942100,75080000.0,19915,0.001305502141609319
ACDC,PROFRAC HLDG CORP,74319N100,74915000.0,12083,0.0013026330972118025
CNVS,CINEVERSE CORP,172406308,74623000.0,31093,0.0012975557580355915
XNET,XUNLEI LTD,98419E108,74487000.0,13397,0.0012951909699261232
SPT,SPROUT SOCIAL INC,85209W109,74357000.0,13045,0.0012929305107038376
VTSI,VIRTRA INC,92827K301,74015000.0,19950,0.00128698376413444
BLMN,BLOOMIN BRANDS INC,094235108,73921000.0,13689,0.0012853492782352485
TCPC,BLACKROCK TCP CAPITAL CORP,09259E108,73810000.0,20446,0.0012834191938223738
AIRI,AIR INDS GROUP,00912N403,73421000.0,22731,0.0012766552043033804
SMXT,SOLARMAX TECHNOLOGY INC,83419H103,72772000.0,103782,0.0012653702963398156
ROLR,HIGH ROLLER TECHNOLOGIES INC,42981K100,72565000.0,20852,0.0012617709497320221
NFE,NEW FORTRESS ENERGY INC,644393100,72415000.0,122738,0.0012591627275524617
LSR,CEL-SCI CORP,150837706,72405000.0,22556,0.0012589888460738244
N/A,ENERGYS GROUP LTD,G3040B104,72155000.0,61671,0.0012546418091078904
LIXT,LIXTE BIOTECHNOLOGY HLDGS IN,539319301,71979000.0,23446,0.0012515814950838729
CCLD,CARECLOUD INC,14167R100,71909000.0,19701,0.0012503643247334113
BZFD,BUZZFEED INC,12430A300,71731000.0,117862,0.0012472692344136663
GAMB,GAMBLING COM GROUP LIMITED,G3R239101,71567000.0,18445,0.0012444175781640135
AUID,AUTHID INC,46264C305,71366000.0,54897,0.0012409225604434024
GGN,GAMCO GLOBAL GOLD NAT RES &,36465A109,71341000.0,13410,0.001240487856746809
HCAT,HEALTH CATALYST INC,42225T107,71285000.0,56130,0.00123951412046644
FSI,FLEXIBLE SOLUTIONS INTL INC,33938T104,71071000.0,13160,0.0012357930568236003
RES,RPC INC,749660106,70935000.0,10019,0.001233428268714132
YTRA,YATRA ONLINE INC,G98338109,70868000.0,63845,0.0012322632628072618
PPSI,PIONEER PWR SOLUTIONS INC,723836300,70636000.0,21734,0.001228229212502875
GETY,GETTY IMAGES HOLDINGS INC,374275105,70513000.0,88875,0.0012260904703156354
OABI,OMNIAB INC,68218J103,70115000.0,44659,0.0012191699874658684
MYO,MYOMO INC,62857J201,69651000.0,103095,0.0012111018868570947
SKIN,THE BEAUTY HEALTH COMPANY,88331L108,69409000.0,77988,0.0012068939550740705
WYY,WIDEPOINT CORP,967590209,69321000.0,13892,0.0012053637980620618
PHUN,PHUNWARE INC,71948P209,69212000.0,39103,0.0012034684899449146
XPL,SOLITARIO RESOURCES CORP,8342EP107,69212000.0,84405,0.0012034684899449146
URE,UR-ENERGY INC,91688R108,69124000.0,46392,0.0012019383329329057
XXI,TWENTY ONE CAP INC,90138L109,68557000.0,10712,0.0011920792530941671
FEAM,5E ADVANCED MATERIALS INC,33830Q208,68459000.0,48899,0.001190375214603521
N/A,NAMIB MINERALS,G63638103,68445000.0,29630,0.0011901317805334288
YCBD,CBDMD INC,12482W408,68300000.0,92049,0.001187610499093187
SGBX,OLENOX INDUSTRIES INC,78418A703,68184000.0,65562,0.0011855934739409936
STI,SOLIDION TECHNOLOGY INC,834212201,67952000.0,10769,0.0011815594236366067
CATO,CATO CORP NEW,149205106,67804000.0,23959,0.001178985977752774
CIK,CREDIT SUISSE ASSET MGMT,224916106,67328000.0,26300,0.0011707092193696353
ALTI,ALTI GLOBAL INC,02157E106,67231000.0,18572,0.001169022569026853
EPM,EVOLUTION PETE CORP,30049A107,67157000.0,14663,0.0011677358460849365
INVE,IDENTIV INC,45170X205,66126000.0,17872,0.0011498086656374245
N/A,MOBILICOM LTD,Q6297L120,65967000.0,12834,0.0011470439501270902
BOF,BRANCHOUT FOOD INC,105230106,65809000.0,19942,0.00114429662276462
GAIA,GAIA INC NEW,36269P104,65436000.0,23623,0.0011378108436114463
IKT,INHIBIKASE THERAPEUTICS INC,45719W205,65376000.0,38914,0.0011367675547396222
APT,ALPHA PRO TECH LTD,020772109,65343000.0,14717,0.001136193745860119
ADCT,ADC THERAPEUTICS SA,H0036K147,65333000.0,17422,0.0011360198643814814
GRWG,GROWGENERATION CORP,39986L109,65024000.0,59113,0.001130646926691587
ABVE,ABOVE FOOD INGREDIENTS INC,00373V100,64924000.0,64281,0.0011289081119052135
AMBR,AMBER INTL HLDG LTD,45113Y203,64504000.0,27332,0.0011216050898024443
REKR,REKOR SYSTEMS INC,759419104,64170000.0,78256,0.0011157974484159562
VOC,VOC ENERGY TR,91829B103,63591000.0,18379,0.001105729710802853
TMQ,TRILOGY METALS INC NEW,89621C105,63288000.0,17629,0.0011004611020001408
TTRX,TURN THERAPEUTICS INC,90021W105,63126000.0,19727,0.0010976442220462157
N/A,DYNAGAS LNG PARTNERS LP,Y2188B108,63087000.0,14740,0.00109696608427953
N/A,PS INTL GROUP LTD,G7308J113,62987000.0,10292,0.0010952272694931564
KLC,KINDERCARE LEARNING COMPANIE,49456W105,62775000.0,28534,0.0010915409821460442
AIFF,FIREFLY NEUROSCIENCE INC,317970101,62738000.0,28779,0.001090897620675086
TCRX,TSCAN THERAPEUTICS INC,89854M101,61327000.0,60720,0.001066362944039354
SLNH,SOLUNA HOLDINGS INC,583543301,61272000.0,86689,0.0010654065959068485
STSS,SHARPS TECHNOLOGY INC,82003F309,60954000.0,36282,0.0010598771648861805
N/A,OKYO PHARMA LTD,G6724L116,60620000.0,37652,0.0010540695234996925
N/A,GLOBAVEND HOLDINGS LIMITED,G3R39B116,60607000.0,27178,0.001053843477577464
MRCC,MONROE CAP CORP,610335101,60398000.0,13130,0.001050209354673943
CVU,CPI AEROSTRUCTURES INC,125919308,60317000.0,15387,0.0010488009146969804
VERU,VERU INC,92536C202,60125000.0,27206,0.001045462390307143
GSIT,GSI TECHNOLOGY INC,36241U106,60010000.0,11675,0.0010434627533028133
WRAP,WRAP TECHNOLOGIES INC,98212N107,59536000.0,38660,0.0010352207712154024
PERF,PERFECT CORP,G7006A109,59478000.0,35194,0.0010342122586393056
CHMI,CHERRY HILL MTG INVT CORP,164651101,59330000.0,23732,0.0010316388127554728
PSQH,PSQ HOLDINGS INC,693691107,59164000.0,111631,0.0010287523802100925
OFS,OFS CAP CORP,67103B100,59076000.0,16641,0.0010272222231980837
AYTU,AYTU BIOPHARMA INC,054754858,58919000.0,21582,0.001024492283983477
BYND,BEYOND MEAT INC,08862E109,58905000.0,83958,0.0010242488499133849
N/A,INNOVATION BEVERAGE GROUP LT,Q4933C208,58797000.0,52497,0.0010223709299441014
FNGR,FINGERMOTION INC,31788K108,58764000.0,59059,0.0010217971210645979
BEEP,MOBILE INFRASTRUCTURE CORP,60739N101,58041000.0,25911,0.0010092254901591167
MFM,MFS MUN INCOME TR,552738106,57840000.0,10731,0.0010057304724385057
LDI,LOANDEPOT INC,53946R106,57482000.0,40480,0.0009995055155032882
N/A,NANO LABS LTD,G6391Y128,57300000.0,19358,0.0009963408725920883
PRTH,PRIORITY TECHNOLOGY HLDGS IN,74275G107,57159000.0,12110,0.0009938891437433013
N/A,REZOLVE AI PLC,G75398100,56845000.0,22205,0.000988429265314088
SITC,SITE CTRS CORP,82981J851,56722000.0,10504,0.0009862905231268486
N/A,CHINA AUTOMOTIVE SYS INC,G2125H101,56343000.0,13415,0.0009797004150864925
SAVA,FILANA THERAPEUTICS INC,14817C107,56282000.0,33303,0.0009786397380668046
IMPP,IMPERIAL PETE INC,Y3894J187,55978000.0,13079,0.0009733537411162289
LDE,LIFECORE BIOMEDICAL INC,514766104,55621000.0,14952,0.0009671461723288749
TXMD,THERAPEUTICSMD INC,88338N206,55524000.0,27487,0.0009654595219860926
GNLX,GENELUX CORPORATION,36870H103,55503000.0,22935,0.0009650943708809541
YHC,LQR HSE INC,50215C307,55124000.0,56491,0.000958504262840598
ANVS,ANNOVIS BIO INC,03615A108,54813000.0,24580,0.0009530965488549761
DDL,DINGDONG CAYMAN LTD,25445D101,54690000.0,21280,0.0009509578066677364
MGX,METAGENOMI THERAPEUTICS INC,59102M104,54380000.0,40582,0.0009455674808299783
SKIL,SKILLSOFT CORP,83066P309,54247000.0,12645,0.0009432548571641012
EM,SMART SH GLOBAL LTD,83193E102,53855000.0,47659,0.0009364387032015166
QNT,QUANTUM CORP,747906600,53775000.0,11321,0.0009350476513724177
ACHV,ACHIEVE LIFE SCIENCE INC,004468500,53561000.0,18218,0.0009313265877295781
NTWK,NETSOL TECHNOLOGIES INC,64115A402,53518000.0,15787,0.0009305788973714375
MXCT,MAXCYTE INC,57777K106,53427000.0,76053,0.0009289965759158374
MSOX,ADVISORSHARES TR,00768Y289,53393000.0,24834,0.0009284053788884706
AQMS,AQUA METALS INC,03837J309,53286000.0,12450,0.0009265448470670507
NEON,NEONODE INC,64051M709,53263000.0,38045,0.0009261449196661848
CRGO,FREIGHTOS LTD,G51405101,53164000.0,32417,0.0009244234930276748
N/A,BEAMR IMAGING LTD,M1R79L104,53059000.0,37899,0.0009225977375019826
ASPI,ASP ISOTOPES INC,00218A105,52691000.0,11921,0.0009161988990881276
TSYY,GRANITESHARES ETF TR,38747R611,52546000.0,15143,0.0009136776176478859
EDA,EDAP TMS S A,268311107,51901000.0,13952,0.0009024622622757761
CLLS,CELLECTIS S A,15117K103,51573000.0,16269,0.0008967589497764706
ATUS,OPTIMUM COMMUNICATIONS INC,02156K103,51241000.0,39416,0.0008909860846857101
HYLN,HYLIION HOLDINGS CORP,449109107,51209000.0,29096,0.0008904296639540705
ELWS,PERPETUALS.COM LTD,27030F202,51203000.0,10344,0.000890325335066888
LCTX,LINEAGE CELL THERAPEUTICS IN,53566P109,51141000.0,32368,0.0008892472698993364
IPSC,CENTURY THERAPEUTICS INC,15673T100,50891000.0,22518,0.0008849002329334023
DTST,DATA STORAGE CORP,23786R201,50863000.0,13143,0.0008844133647932177
HNST,HONEST CO INC,438333106,50791000.0,17276,0.0008831614181470286
CREX,CREATIVE REALITIES INC,22530J309,50585000.0,14705,0.0008795794596870991
ZVIA,ZEVIA PBC,98955K104,50228000.0,42930,0.0008733718908997453
N/A,TORO CORP,Y8900D108,49967000.0,13784,0.0008688335843073101
NIXX,NIXXY INC,75630B402,49947000.0,46899,0.0008684858213500354
N/A,SMART DIGITAL GROUP LTD,G5006S104,49869000.0,26956,0.0008671295458166639
NCMI,NATIONAL CINEMEDIA INC,635309206,49733000.0,16306,0.0008647647577071958
LSF,LAIRD SUPERFOOD INC,50736T102,49697000.0,23115,0.0008641387843841013
DCGO,DOCGO INC,256086109,49574000.0,78801,0.0008620000421968616
EVO,EVOTEC AG,30050E105,49348000.0,19739,0.0008580703207796572
ULCC,FRONTIER GROUP HLDGS INC,35909R108,49335000.0,13976,0.0008578442748574287
FLL,FULL HSE RESORTS INC,359678109,48917000.0,21741,0.0008505760290503869
HFFG,HF FOODS GROUP INC,40417F109,48859000.0,26410,0.0008495675164742903
EEX,EMERALD HOLDING INC,29103W104,48794000.0,10819,0.0008484372868631474
AIRE,REALPHA TECH CORP,75607T105,48463000.0,199517,0.0008426818099202507
N/A,STAR FASHION CULTURE HLDGS L,G8437Q127,48368000.0,12002,0.0008410299358731956
POM,POMDOCTOR LTD,73181R108,48135000.0,187440,0.0008369784974209452
SCYX,SCYNEXIS INC,811292200,47939000.0,52284,0.0008335704204396529
AISP,AIRSHIP AI HLDGS INC,008940108,47352000.0,20952,0.0008233635776436398
CVGI,COMMERCIAL VEH GROUP INC,202608105,47229000.0,13850,0.0008212248354564001
GEVO,GEVO INC,374396406,47221000.0,17297,0.0008210857302734904
ATAI,ATAIBECKLEY INC,04650F101,47171000.0,13325,0.0008202163228803035
SOTK,SONO TEK CORP,835483108,47116000.0,11605,0.0008192599747477979
SKYX,SKYX PLATFORMS CORP,78471E105,46956000.0,41925,0.0008164778710896001
TELO,TELOMIR PHARMACEUTICALS INC,87975F104,46879000.0,36061,0.0008151389837040924
JFIN,JIAYIN GROUP INC,47737C104,46480000.0,11093,0.0008082011127064617
TOUR,TUNIU CORP,89977P106,46414000.0,60278,0.0008070534949474552
AVX,AVAX ONE TECHNOLOGY LTD,05353F108,46412000.0,77599,0.0008070187186517276
TSHA,TAYSHA GENE THERAPIES INC,877619106,46171000.0,10329,0.0008028281750165672
N/A,RAYTECH HLDG LTD,G7385S119,45940000.0,13316,0.0007988115128600442
XNROX,NEUBERGER R/EST SECS INC FD,64190A103,45832000.0,16138,0.0007969335928907607
KLTO,GREENLAND MINES LTD,49876K103,45134000.0,136771,0.0007847966656818726
ZKH,ZKH GROUP LTD,98877R104,44977000.0,15195,0.000782066726467266
SLQT,SELECTQUOTE INC,816307300,44832000.0,71219,0.0007795454450270244
GDC,GD CULTURE GROUP LTD,19200A204,44831000.0,16482,0.0007795280568791606
OSTX,OS THERAPIES INCORPORATED,68764Y207,44587000.0,31622,0.000775285348800409
N/A,UNI-FUELS HLDGS LTD,G92Y4F100,44538000.0,54648,0.000774433329555086
RRGB,RED ROBIN GOURMET BURGERS IN,75689M101,44243000.0,15100,0.0007693038259352836
POCI,PRECISION OPTICS CORP INC MA,740294400,44234000.0,10076,0.0007691473326045101
CFND,C1 FD INC,12673Q103,44025000.0,11435,0.0007655132097009892
RXRX,RECURSION PHARMACEUTICALS IN,75629V104,43953000.0,14317,0.0007642612630548002
ABAT,AMERICAN BATTERY TECHNOLOGY,02451V309,43605000.0,15629,0.0007582101875982199
DLTH,DULUTH HLDGS INC,26443V101,42925000.0,13584,0.0007463862470508792
RNTX,REIN THERAPEUTICS INC,00887A204,42801000.0,32924,0.000744230116715776
SHIM,SHIMMICK CORPORATION,82455M109,42733000.0,11644,0.0007430477226610419
HOWL,WEREWOLF THERAPEUTICS INC,95075A107,42403000.0,50929,0.000737309633866009
SINT,SINTX TECHNOLOGIES INC,829392703,42109000.0,17048,0.0007321975183940705
XBIT,XBIOTECH INC,98400H102,42067000.0,17901,0.0007314672161837936
LINK,INTERLINK ELECTRS INC,458751302,41957000.0,14271,0.0007295545199187825
MIN,MFS INTER INCOME TR,55273C107,41942000.0,16710,0.0007292936977008265
RMTI,ROCKWELL MED INC,774374300,41834000.0,46836,0.000727415777731543
N/A,NVNI GROUP LIMITED,G50716128,41767000.0,36319,0.0007262507718246726
BZAI,BLAIZE HLDGS INC,092915107,41754000.0,22942,0.0007260247259024441
GREE,GREENIDGE GENERATION HLDGS I,39531G308,41751000.0,37955,0.0007259725614588529
ACTU,ACTUATE THERAPEUTICS INC,005083100,41423000.0,15118,0.0007202692489595474
GROW,U S GLOBAL INVS INC,902952100,41391000.0,16690,0.0007197128282279079
N/A,ZHENGYE BIOTECHNOLOGY HLDG L,G989MS101,41268000.0,44146,0.0007175740860406683
N/A,K-TECH SOLUTIONS CO LTD,G5321F100,41261000.0,25628,0.0007174523690056221
N/A,BRERA HOLDINGS PLC,G13311116,41233000.0,52593,0.0007169655008654375
MSOS,ADVISORSHARES TR,00768Y453,41173000.0,11598,0.0007159222119936133
N/A,CCH HLDGS LTD,G1993F106,40790000.0,63735,0.0007092625513618024
DARE,DARE BIOSCIENCE INC,23666P200,40657000.0,22339,0.0007069499276959254
SLND,SOUTHLAND HLDGS INC,84445C100,40463000.0,31125,0.0007035766270103605
MIRA,MIRA PHARMACEUTICALS INC,60458C104,40203000.0,37573,0.0006990557085657892
N/A,MEGA MATRIX INC,G6005C108,40174000.0,52861,0.0006985514522777408
ELUT,ELUTIA INC,05479K106,40058000.0,38150,0.0006965344271255473
MDAI,SPECTRAL AI INC,84757T105,39819000.0,27088,0.0006923786597861144
AWRE,AWARE INC MASS,05453N100,39813000.0,31850,0.0006922743308989319
N/A,JAYUD GLOBAL LOGISTICS LTD,G5084H111,39806000.0,13448,0.0006921526138638859
HKD,AMTD DIGITAL INC,00180N101,39621000.0,25398,0.0006889358065090946
N/A,MING SHING GROUP HLDGS LTD,G61440106,39620000.0,47167,0.0006889184183612309
N/A,TROOPS INC,G9094C104,39596000.0,19410,0.0006885011028125012
FEMY,FEMASYS INC,31447E105,39558000.0,94142,0.0006878403531936793
N/A,CTW CAYMAN,G2589A105,39409000.0,19318,0.0006852495191619826
ACIU,AC IMMUNE SA,H00263105,39336000.0,14304,0.0006839801843679298
DHF,BNY MELLON HIGH YIELD STRATE,09660L105,39301000.0,16107,0.000683371599192699
ASRV,AMERISERV FINL INC,03074A102,39139000.0,10812,0.0006805547192387738
GAME,GAMESQUARE HLDGS INC,36468G103,38947000.0,144247,0.0006772161948489364
LOT,LOTUS TECHNOLOGY INC,54572F101,38663000.0,33620,0.0006722779608556353
KOSS,KOSS CORP,500692108,38614000.0,10786,0.0006714259416103122
GNSS,GENASYS INC,36872P103,38597000.0,21207,0.0006711303430966287
SOPA,SOCIETY PASS INC,83370P201,38474000.0,89018,0.0006689916009093892
RFL,RAFAEL HLDGS INC,75062E106,38428000.0,30742,0.0006681917461076573
CDLX,CARDLYTICS INC,14161W105,38380000.0,36552,0.0006673571150101979
BOLD,BOUNDLESS BIO INC,10170A100,38138000.0,34671,0.0006631491832271737
CNTY,CENTURY CASINOS INC,156492100,38071000.0,27389,0.0006619841773203034
N/A,FBS GLOBAL LTD,G3337S109,37975000.0,63792,0.0006603149151253848
N/A,MIXED MARTIAL ARTS GROUP LTD,Q0266F107,37936000.0,83745,0.000659636777358699
MRAL,GRANITESHARES ETF TR,38747R538,37709000.0,13139,0.0006556896677936309
SEV,APTERA MOTORS CORP,03835W104,37593000.0,14186,0.0006536726426414375
RAVE,RAVE RESTAURANT GROUP INC,754198109,37177000.0,14029,0.0006464391731301233
SWAG,STRAN & COMPANY INC,86260J102,37092000.0,22480,0.0006449611805617057
BAIG,THEMES ETF TR,882927270,37028000.0,12852,0.0006438483390984266
NXTT,NEXT TECHNOLOGY HOLDING INC,961884301,36644000.0,17875,0.0006371712903187519
OSRH,OSR HLDGS INC,68840D102,36630000.0,60746,0.0006369278562486595
COCP,COCRYSTAL PHARMA INC,19188J409,36391000.0,36031,0.0006327720889092265
AUST,AUSTIN GOLD CORP,05223F106,36208000.0,24971,0.0006295900578501628
HIT,HEALTH IN TECH INC,42217D102,36073000.0,24878,0.0006272426578885584
NOTV,INOTIV INC,45783Q100,36001000.0,132115,0.0006259907112423694
RMCO,ROYALTY MGMT HLDG CORP,02369M102,35411000.0,11923,0.000615731704002765
PMCB,PHARMACYTE BIOTECH INC,71715X203,34842000.0,52362,0.000605837847868299
GRNQ,GREENPRO CAP CORP,39540F309,34801000.0,12655,0.0006051249338058859
JSPR,JASPER THERAPEUTICS INC,471871202,34549000.0,39431,0.0006007431205442243
SNES,SENESTECH INC,81720R604,34540000.0,21061,0.0006005866272134506
INMB,INMUNE BIO INC,45782T105,34246000.0,30306,0.0005954745117415123
IMUX,IMMUNIC INC,4525EP101,34215000.0,30824,0.0005949354791577364
N/A,LIFEZONE METALS LIMITED,G5568L109,34111000.0,10152,0.0005931271117799077
N/A,U-BX TECHNOLOGY LTD,G9161K112,33985000.0,10175,0.000590936205149077
TPCS,TECHPRECISION CORP,878739200,33935000.0,11274,0.0005900667977558902
CABA,CABALETTA BIO INC,12674W109,33657000.0,12512,0.0005852328926497716
CSAI,CLOUDASTRUCTURE INC,18912E207,33612000.0,55256,0.0005844504259959034
NMTC,NEUROONE MED TECHNOLOGIES CO,64130M209,33609000.0,43283,0.0005843982615523122
SERA,SERA PROGNOSTICS INC,81749D107,33477000.0,16491,0.000582103026034299
ATLN,ATLANTIC INTL CORP,048592109,33360000.0,11010,0.0005800686127342418
N/A,TIZIANA LIFE SCIENCES LTD,G88912103,33345000.0,28500,0.0005798077905162858
N/A,BGIN BLOCKCHAIN LTD,G17429104,33270000.0,11240,0.0005785036794265056
ATER,ATERIAN INC,02156U200,33187000.0,57918,0.0005770604631538154
BBDO,BANCO BRADESCO S A,059460402,33180000.0,10085,0.0005769387461187693
N/A,DDC ENTERPRISE LTD,G276AC119,32591000.0,16460,0.0005666971270270287
VNCE,VINCE HLDG CORP,92719W207,32328000.0,13414,0.0005621240441388661
NNVC,NANOVIRICIDES INC,630087302,32318000.0,35432,0.0005619501626602287
WKHS,WORKHORSE GROUP INC,98138J503,32269000.0,10685,0.0005610981434149056
WETH,WETOUCH TECHNOLOGY INC,961881208,31992000.0,26010,0.0005562816264566507
BMNG,THEMES ETF TR,88340C685,31985000.0,26434,0.0005561599094216045
LODE,COMSTOCK INC,205750409,31937000.0,10471,0.0005553252783241452
CULP,CULP INC,230215105,31918000.0,11649,0.0005549949035147341
QRHC,QUEST RESOURCE HLDG CORP,74836W203,31886000.0,26795,0.0005544384827830946
ALLR,ALLARITY THERAPEUTICS INC,016744500,31574000.0,28967,0.0005490133806496088
ARTW,ARTS WAY MFG INC,043168103,31268000.0,14961,0.0005436926074033056
N/A,ZOOZ STRATEGY LTD,M2573A106,31140000.0,103455,0.0005414669244767473
CLPR,CLIPPER RLTY INC,18885T306,30843000.0,10213,0.0005363026445612178
RNXT,RENOVORX INC,75989R107,30816000.0,30511,0.0005358331645688968
HYPR,HYPERFINE INC,44916K106,30726000.0,28450,0.0005342682312611605
N/A,MAINZ BIOMED N V,N5436L119,30450000.0,64267,0.0005294691024507694
VIOT,VIOMI TECHNOLOGY CO LTD,92762J103,30361000.0,27352,0.0005279215572908968
PHIO,PHIO PHARMACEUTICALS CORP,71880W501,30339000.0,24868,0.0005275390180378947
ATNM,ACTINIUM PHARMACEUTICALS INC,00507W206,30068000.0,30210,0.000522826829966822
KLXE,KLX ENERGY SERVICES HOLDINGS,48253L205,29939000.0,11515,0.0005205837588924001
REFR,RESEARCH FRONTIERS INC,760911107,29739000.0,32970,0.0005171061293196528
BIVI,BIOVIE INC,09074F504,29716000.0,21226,0.0005167062019187869
LOOP,LOOP INDS INC,543518104,29658000.0,20740,0.0005156976893426902
VVOS,VIVOS THERAPEUTICS INC,92859E207,29638000.0,25117,0.0005153499263854156
CELZ,CREATIVE MED TECHNOLOGY HLDG,22529Y408,29376000.0,14260,0.0005107942316451166
BCDA,BIOCARDIA INC,09060U606,29367000.0,24270,0.0005106377383143429
NHTC,NATURAL HEALTH TRENDS CORP,63888P406,29287000.0,10497,0.0005092466864852441
GCTS,GCT SEMICONDUCTOR HLDG INC,36170N107,29274000.0,25679,0.0005090206405630155
CMMB,CHEMOMAB THERAPEUTICS LTD,16385C203,29248000.0,18629,0.0005085685487185583
JRSH,JERASH HLDGS US INC,47632P101,29235000.0,10116,0.0005083425027963298
AEMD,AETHLON MED INC,00808Y604,29219000.0,13342,0.00050806429243051
TCRT,ALAUNOS THERAPEUTICS INC,98973P309,29098000.0,10174,0.000505960326538998
DH,DEFINITIVE HEALTHCARE CORP,24477E103,28914000.0,23507,0.0005027609073320705
CISO,CISO GLOBAL INC,15672X201,28912000.0,83657,0.0005027261310363429
RSSS,RESEARCH SOLUTIONS INC,761025105,28727000.0,12711,0.0004995093236815518
LYL,METALPHA TECHN HOLDING LTD,G28365107,28684000.0,24943,0.0004987616333234111
INTZ,INTRUSION INC,46121E304,28676000.0,34945,0.0004986225281405012
N/A,FANGDD NETWORK GROUP LTD,G33147128,28551000.0,25955,0.0004964490096575341
KPRX,KIORA PHARMACEUTICALS INC,49721T507,28408000.0,14719,0.0004939625045130198
UPLD,UPLAND SOFTWARE INC,91544A109,28371000.0,42599,0.0004933191430420616
MREO,MEREO BIOPHARMA GROUP PLC,589492107,27875000.0,84469,0.0004846946217016485
ABTC,AMERICAN BITCOIN CORP.,02462A104,27831000.0,30107,0.00048392954319564403
USEA,UNITED MARITIME CORPORATION,Y92335101,27785000.0,13755,0.0004831296883939122
N/A,OHMYHOME LTD,G6S38M123,27519000.0,22373,0.0004785044410621583
LESL,LESLIES INC,527064208,27332000.0,24404,0.00047525285741163964
N/A,RYDE GROUP LTD,G7733R102,27128000.0,49685,0.0004717056752474375
N/A,GAUZY LTD,M4757U106,27025000.0,35373,0.00046991469601747265
MYSE,MYSEUM INC,23816M206,26974000.0,17181,0.00046902790047642206
ADGM,ADAGIO MED HLDGS INC,00534B100,26853000.0,23350,0.00046692393458490995
BTM,BITCOIN DEPOT INC,09174P303,26459000.0,12137,0.0004600730043265979
SGC0,ORION DIGITAL CORP,68627G104,26294000.0,27910,0.0004572039599290814
ZEO,ZEO ENERGY CORP,98944F109,26273000.0,45772,0.0004568388088239429
CURX,CURANEX PHARMACEUTICALS INC,23126K106,26224000.0,51289,0.00045598678957861985
XOS,XOS INC,98423B306,26152000.0,16044,0.0004547348429324308
DJTU,ETF OPPORTUNITIES TRUST,26923N314,26135000.0,16034,0.0004544392444187473
IMMP,IMMUTEP LTD,45257L108,25917000.0,73837,0.00045064862818445286
N/A,TMD ENERGY LTD,G88953107,25901000.0,23334,0.00045037041781863306
N/A,IOTHREE LTD,G4940T112,25368000.0,11799,0.00044110253500726166
RMCF,ROCKY MTN CHOCOLATE FACTORY,77467X101,25306000.0,11247,0.00044002446983971
BLRX,BIOLINE RX LIMITED,09071M304,25274000.0,10941,0.00043946804910807046
SKYE,SKYE BIOSCIENCE INC,83086J200,25149000.0,40919,0.00043729453062510345
CWD,CALIBERCOS INC,13000T604,25046000.0,21779,0.0004355035513951385
KTTA,PASITHEA THERAPEUTICS CORP,70261F202,25036000.0,33751,0.00043532966991650116
N/A,CREATIVE GLOBAL TECHNOLOGY H,G2563P102,25018000.0,23602,0.0004350166832549539
KULR,KULR TECHNOLOGY GROUP INC,50125G307,24785000.0,10458,0.0004309652448027034
SNGX,SOLIGENIX INC,834223604,24543000.0,20799,0.00042675731301967923
KIRK,THE BRAND HOUSE COLLECTIVE I,497498105,24468000.0,26315,0.00042545320192989897
BRN,BARNWELL INDS INC,068221100,24369000.0,22564,0.0004237317752913891
LPTX,CYPHERPUNK TECHNOLOGIES INC,52187K200,24361000.0,30658,0.0004235926701084792
N/A,VANTAGE CORP,G7486J109,24231000.0,30292,0.0004213322108861935
CYCU,CYCURION INC,95758L305,24025000.0,23787,0.00041775025242626385
CURV,TORRID HLDGS INC,89142B107,24019000.0,13494,0.00041764592353908144
ETS,ELITE EXPRESS HOLDING INC.,28661C104,23788000.0,34426,0.00041362926138255833
LHAI,LINKHOME HLDGS INC,53578M102,23785000.0,20329,0.0004135770969389671
N/A,EPSIUM ENTERPRISE LTD,G3090S106,23761000.0,16852,0.0004131597813902375
N/A,YOUXIN TECHNOLOGY LTD,G9876W112,23721000.0,24457,0.000412464255475688
CABR,CARING BRANDS INC,14216J109,23682000.0,20774,0.0004117861177090023
N/A,CANGO INC,G1820C102,23642000.0,57524,0.0004110905917944528
MAPS,WM TECHNOLOGY INC,92971A109,23615000.0,35868,0.00041062111180213196
N/A,NETCLASS TECHNOLOGY INC,G6427C108,23424000.0,54349,0.0004072999755601583
PT,J & FRIENDS HOLDINGS LTD,72352G206,22993000.0,24992,0.000399805683830888
N/A,HONGLI GROUP INC.,G4594M108,22906000.0,26030,0.0003982929149667429
NWTG,NEWTON GOLF COMPANY INC,78577G301,22880000.0,14390,0.00039784082312228577
CWY,CLEARMIND MEDICINE INC,185053501,22562000.0,21694,0.0003923113921016176
FARM,FARMER BROS CO,307675108,22445000.0,17673,0.00039027697880156053
IINN,INSPIRA TECHNOLOGIES OXY BHN,M53637100,22440000.0,50247,0.00039019003806224184
FFAI,FARADAY FUTURE INTLGT ELEC I,307359885,22432000.0,81629,0.0003900509328793319
GENK,GEN RESTAURENT GROUP,36870C104,22395000.0,11426,0.0003894075714083737
EDUC,EDUCATIONAL DEV CORP,281479105,22354000.0,17741,0.0003886946573459605
SBFM,SUNSHINE BIOPHARMA INC,867781700,22315000.0,21457,0.0003880165195792748
N/A,707 CAYMAN HLDGS LTD,G8071C103,22094000.0,228247,0.00038417373890138905
SEER,SEER INC,81578P106,22092000.0,13150,0.0003841389626056616
N/A,ORANGEKLOUD TECHNOLOGY INC,G6781F119,22010000.0,21163,0.0003827131344808353
N/A,MAGIC EMPIRE GLOBAL LTD,G5865E121,22005000.0,20957,0.0003826261937415166
PDSB,PDS BIOTECHNOLOGY CORP,70465T107,21908000.0,36211,0.00038093954339873416
CYCC,BIO GREEN MED SOLUTION  INC,23254L876,21872000.0,21872,0.0003803135700756396
CENN,CENNTRO INC,150964104,21862000.0,182186,0.00038013968859700227
HOUR,HOUR LOOP INC,44170P106,21844000.0,12554,0.000379826701935455
FIGG,THEMES ETF TR,88340C859,21393000.0,17964,0.00037198464724890997
LNAI,LUNAI BIOWORKS INC,29350E203,21387000.0,52484,0.00037188031836172755
XTNT,XTANT MED HLDGS INC,98420P308,21167000.0,37933,0.00036805492583170555
N/A,ZHONGCHAO INC,G9897X123,21121000.0,11866,0.0003672550710299737
N/A,TJGC GROUP LTD,G2588N108,21092000.0,29707,0.00036675081474192534
MVIS,MICROVISION INC DEL,594960304,20978000.0,32717,0.0003647685658854594
N/A,KANDAL M VENTURE LTD,G5225N100,20867000.0,51766,0.00036283848147258466
N/A,LINKAGE GLOBAL INC,G5500B128,20763000.0,13842,0.00036103011409475614
HURA,TUHURA BIOSCIENCES INC,898920103,20608000.0,11513,0.00035833495117587697
N/A,BON NATURAL LIFE LIMITED,G14492204,20511000.0,15900,0.0003566483008330946
GUTS,FRACTYL HEALTH INC,35168W103,20231000.0,44192,0.00035177961943124846
TNYA,TENAYA THERAPEUTICS INC,87990A106,20219000.0,29202,0.00035157096165688357
GFAI,GUARDFORCE AI CO LTD,G4236L138,20202000.0,45054,0.0003512753631432001
BRLT,BRILLIANT EARTH GROUP INC,109504100,20196000.0,15185,0.0003511710342560177
RDI,READING INTL INC,755408101,20191000.0,17868,0.000351084093516699
N/A,BTC DIGITAL LTD,G6055H155,20177000.0,18015,0.00035084065944660664
NSPR,INSPIREMD INC,45779A846,20144000.0,12358,0.00035026685056710336
CTSO,CYTOSORBENTS CORP,23283X206,20143000.0,35570,0.00035024946241923963
N/A,HAOXI HEALTH TECHNOLOGY LTD,G4290F118,20131000.0,19172,0.0003500408046448748
AEON,AEON BIOPHARMA INC,00791X209,20118000.0,20424,0.00034981475872264623
SUIG,SUI GROUP HOLDINGS LIMITED,59982U200,19751000.0,16323,0.00034343330845665505
N/A,GIBO HOLDINGS LTD.,G38617125,19651000.0,14665,0.0003416944936702814
LEXX,LEXARIA BIOSCIENCE CORP,52886N406,19552000.0,25067,0.0003399730670317715
AIDX,20/20 BIOLABS INC,90138K101,19419000.0,10329,0.00033766044336589455
ZONE,CLEANCORE SOLUTIONS INC,184492106,19355000.0,54323,0.00033654760190261545
MNOV,MEDICINOVA INC,58468P206,19340000.0,14117,0.00033628677968465943
TLPH,TALPHERA INC,00444T209,19230000.0,25747,0.0003343740834196484
CTXR,CITIUS PHARMACEUTICALS INC,17322U306,19166000.0,21295,0.00033326124195636933
N/A,LIANHE SOWELL INTL GROUP LTD,G5480C104,19094000.0,125616,0.00033200929531018025
N/A,RUANYUN EDAI TECHNOLOGY INC,G7710T105,18994000.0,21342,0.0003302704805238067
BLIN,BRIDGELINE DIGITAL INC,10807Q700,18989000.0,23825,0.00033018353978448795
HGBL,HERITAGE GLOBAL INC,42727E103,18950000.0,13934,0.00032950540201780225
XMP0,PLUS THERAPEUTICS INC,72941H509,18865000.0,116023,0.0003280274094493847
NPWR,NET POWER INC,64107A105,18860000.0,12090,0.000327940468710066
VRAR,GLIMPSE GROUP INC,37892C106,18850000.0,36531,0.00032776658723142864
AMST,AMESITE INC,031094204,18682000.0,10153,0.00032484537839032096
NAKA,NAKAMOTO INC,49457M106,18638000.0,84374,0.0003240802998843165
TOVX,THERIVA BIOLOGICS INC,87164U508,18527000.0,94620,0.0003221502154714418
INAB,IN8BIO INC,45674E208,18401000.0,12433,0.00031995930884061105
N/A,WF INTL LTD,G9627S105,18395000.0,37865,0.00031985497995342863
IQ,IQIYI INC,46267X108,18229000.0,13503,0.0003169685474080484
BARK,BARK INC,68622E104,18223000.0,35971,0.000316864218520866
CIF,MFS INTER HIGH INCOME FD,59318T109,18200000.0,11235,0.00031646429112000004
BFRI,BIOFRONTERA INC,09077D209,18197000.0,22493,0.00031641212667640886
STKS,THE ONE GROUP HOSPITALITY IN,88338K103,18087000.0,10161,0.00031449943041139786
N/A,PING AN BIOMEDICAL CO LTD,G5880S105,17995000.0,136427,0.0003128997208079341
CTNT,CHEETAH NET SUPPLY CHAIN INC,16307X202,17922000.0,12028,0.00031163038601388136
N/A,AMBITIONS ENTERPRISE MGMT CO,G0262A103,17820000.0,15770,0.0003098567949317803
BTCM,SOLAI LIMITED,055474209,17802000.0,22629,0.00030954380827023304
MNY,MONEYHERO LIMITED,G6202B101,17732000.0,13433,0.00030832663791977147
USIO,USIO INC,917313108,17679000.0,15508,0.0003074050660829935
NNDM,NANO DIMENSION LTD,63008G203,17668000.0,10393,0.00030721379645649237
PULM,PULMATRIX INC,74584P301,17633000.0,13669,0.0003066052112812616
DAIC,CID HOLDCO INC,171756109,17559000.0,102204,0.0003053184883393451
N/A,DARKIRIS INC.,G2657S103,17491000.0,60292,0.00030413609428461103
N/A,GREEN CIRCLE DECARBONIZE TEC,G4092C107,17201000.0,17031,0.0002990935314041276
QH,QUHUO LTD,74841Q308,17123000.0,158844,0.00029773725587075613
N/A,OFA GROUP,G6713S106,17084000.0,33637,0.0002970591181040704
N/A, LTD,G4808M100,17075000.0,53109,0.0002969026247732968
CELU,CELULARITY INC,151190204,17039000.0,12811,0.00029627665145020226
MSAI,MULTISENSOR AI HOLDINGS INC,456948108,17019000.0,73642,0.00029592888849292755
N/A,ITONIC HOLDINGS LTD,G71399102,16914000.0,48325,0.00029410313296723524
LEDS,SEMILEDS CORP,816645204,16910000.0,13528,0.0002940335803757803
MOBX,MOBIX LABS INC,60743G100,16626000.0,49763,0.0002890953463824792
N/A,CHECHE GROUP INC,G20707108,16608000.0,18787,0.00028878235972093193
N/A,HAOXIN HLDGS LTD,G4290D105,16576000.0,42285,0.0002882259389892924
N/A,MILLENNIUM GROUP INTL HLDGS,G6169A104,16573000.0,11838,0.00028817377454570114
DLPN,DOLPHIN ENTMT INC,25686H308,16535000.0,11248,0.0002875130249268792
GNTA,GENENTA SCIENCE S P A,36870W100,16480000.0,24527,0.0002865566767943737
N/A,GRANDE GROUP LTD,G4R53M103,16383000.0,15753,0.00028487002645159124
MNTK,MONTAUK RENEWABLES INC,61218C103,16299000.0,14173,0.00028340942203103743
ITP,IT TECH PACKAGING INC,46527C209,16273000.0,89414,0.0002829573301865803
N/A,ORIENTAL RISE HLDGS LTD,G6781A110,16248000.0,24851,0.0002825226264899869
MTEK,MARIS TECH LTD,M68057104,15976000.0,11834,0.0002777930502710506
N/A,CCSC TECHNOLOGY INTL HLDGS L,G1993R118,15911000.0,36544,0.00027666282065990776
N/A,REAL MESSENGER CORP.,G7410G106,15797000.0,24838,0.0002746805718034418
N/A,BASEL MED GROUP LTD,G0864B103,15660000.0,25756,0.00027229839554610995
IOBT,IO BIOTECH INC,449778109,15602000.0,265792,0.0002712898829700132
CETY,CLEAN ENERGY TECHNOLOGIES IN,18452H305,15562000.0,16210,0.0002705943570554638
CAPS,CAPSTONE HLDG CORP,14068E208,15488000.0,23220,0.0002693076341135473
TBH,BRAG HSE HLDGS INC,104813209,15454000.0,57967,0.00026871643708618024
PAPL,PINEAPPLE FINANCIAL INC,72303K405,15356000.0,23983,0.0002670123985955341
HOTH,HOTH THERAPEUTICS INC,44148G204,15234000.0,18129,0.0002648910445561583
N/A,GLOBAL MOFY AI LIMITED,G3937M114,15194000.0,10129,0.0002641955186416089
RIME,ALGORHYTHM HLDGS INC,829322502,15146000.0,13895,0.0002633608875441495
JZ,JIANZHI ED TECHNOLOGY GROUP,47737L302,14957000.0,17528,0.00026007452759790336
N/A,E-POWER INC,G3932F114,14746000.0,19086,0.00025640562839865497
CBAT,CBAK ENERGY TECHNOLOGY INC,14986C102,14662000.0,17727,0.00025494502397810115
BEAT,HEARTBEAM INC,42238H108,14538000.0,11916,0.00025278889364299786
LMFA,LM FDG AMER INC,502074503,14469000.0,57874,0.0002515891114404001
N/A,REPUBLIC PWR GROUP LTD,G7523E113,14376000.0,28189,0.00024997201368907255
NITO,NEXENTIS TECHNOLOGIES INC,80512Q501,14364000.0,21764,0.00024976335591470777
GXAI,GAXOS.AI INC,62911P300,14089000.0,11644,0.0002449816152521803
ASNS,ACTELIS NETWORKS INC,00503R508,14051000.0,38287,0.0002443208656333583
SJ,SCIENJOY HOLDING CORP,G7864D112,14040000.0,11143,0.0002441295960068572
SNTI,SENTI BIOSCIENCES INC,81726A209,14029000.0,17277,0.00024393832638035609
N/A,ICZOOM GROUP INC.,G4760B100,14019000.0,19286,0.0002437644449017187
N/A,EZGO TECHNOLOGIES LTD,G5279F201,13991000.0,11104,0.00024327757676153412
REVB,REVELATION BIOSCIENCES INC,76135L804,13662000.0,11385,0.0002375568761143649
SCNX,SCIENTURE HLDGS INC,80880X104,13589000.0,47680,0.00023628754132031215
IMRN,IMMURON LTD,45254U101,13468000.0,17383,0.00023418357542880005
N/A,REDCLOUD HLDGS PLC,G71115102,13464000.0,19093,0.0002341140228373451
RVP,RETRACTABLE TECHNOLOGIES INC,76129W105,13409000.0,20270,0.00023315767470483958
AACG,ATA CREATIVITY GLOBAL,00211V106,13351000.0,15346,0.0002321491621287429
IGC,IGC PHARMA INC,45408X308,13320000.0,50648,0.00023161012954496705
N/A,KNOREX LTD.,G5304A102,13309000.0,10317,0.000231418859918466
VSEE,VSEE HEALTH INC,92919Y102,13304000.0,53216,0.00023133191917914728
GTIM,GOOD TIMES RESTAURANTS INC,382140879,13284000.0,11354,0.00023098415622187257
SCNI,SCINAI IMMUNOTHERAPEUTICS LT,09073Q303,13283000.0,24041,0.00023096676807400884
ENSC,ENSYSCE BIOSCIENCES INC,293602504,13119000.0,24363,0.00022811511182435607
MAMO,MASSIMO GROUP,57628N101,13080000.0,13130,0.00022743697405767037
MLSS,MILESTONE SCIENTIFIC INC,59935P209,13063000.0,45359,0.00022714137554398684
DXLG,DESTINATION XL GROUP INC,25065K104,12987000.0,25465,0.00022581987630634288
COSM,COSMOS HEALTH INC,221413305,12839000.0,40477,0.00022324643042250994
N/A,AERIES TECHNOLOGY INC,G0136H102,12639000.0,40381,0.00021976880084976266
N/A,MEIWU TECHNOLOGY COMPANY LTD,G9604C123,12304000.0,152650,0.000213943771315411
XHLD,TEN HLDGS INC,880245204,12221000.0,10270,0.00021250055504272092
AIM,AIM IMMUNOTECH INC,00901B303,12045000.0,20590,0.00020944024101870331
HYFM,HYDROFARM HLDGS GROUP INC,44888K407,12020000.0,11784,0.0002090055373221099
N/A,APTORUM GROUP LIMITED,G6096M122,11987000.0,15061,0.0002084317284426066
N/A,GAMEHAUS HOLDINGS INC,G3731B108,11920000.0,13393,0.0002072667225357363
N/A,LOBO TECHNOLOGIES LTD,G00350119,11876000.0,26392,0.0002065016440297319
N/A,MASONGLORY LTD,G6007A100,11827000.0,25706,0.00020564962478440883
N/A,FENBO HOLDINGS LTD,G3413G102,11776000.0,10152,0.0002047628292433583
N/A,EASTERN INTL LTD,G2907P107,11745000.0,12629,0.00020422379665958245
N/A,SKK HOLDINGS LIMITED,G8292E102,11695000.0,51293,0.00020335438926639567
USEG,U S ENERGY CORP DEL,911805307,11631000.0,13156,0.0002022415478031165
HIHO,HIGHWAY HLDGS LTD,G4481U106,11431000.0,14996,0.00019876391823036926
N/A,ZHIBAO TECHNOLOGY INC,G989MC106,11358000.0,15124,0.00019749458343631653
N/A,CN ENERGY GROUP INC,G2181K204,11332000.0,27699,0.00019704249159185937
RDHL,REDHILL BIOPHARMA LTD,757468301,11299000.0,15163,0.00019646868271235607
MYSZ,MY SIZE INC,62844N406,11279000.0,19530,0.00019612091975508135
BULG,THEMES ETF TR,88340C867,11244000.0,10812,0.0001955123345798506
N/A,MINT INCORPORATION LTD,G6146G109,11239000.0,41625,0.00019542539384053188
NIPG,NIP GROUP INC,654503101,11155000.0,17114,0.00019396478941997806
WKSP,WORKSPORT LTD,98139Q308,11133000.0,10603,0.00019358225016697587
NXGL,NEXGEL INC,65344E107,11131000.0,17585,0.0001935474738712484
AIXI,XIAO-I CORP,98423X209,11102000.0,94569,0.00019304321758320005
CHAI,CORE AI HOLDINGS INC,83013Q871,11013000.0,10904,0.0001914956724233275
N/A,LOGPROSTYLE INC,J3921Q102,10998000.0,16294,0.0001912348502053715
OTLK,OUTLOOK THERAPEUTICS INC,69012T305,10906000.0,52994,0.00018963514060190773
N/A,RETO ECO SOLUTIONS INC,G75271133,10892000.0,13464,0.0001893917065318154
N/A,GALMED PHARMACEUTICALS LTD,M47238148,10822000.0,22396,0.00018817453618135386
ERNA,ERNEXA THERAPEUTICS INC,114082308,10813000.0,54338,0.00018801804285058026
VANI,VIVANI MEDICAL INC,92854B109,10694000.0,10694,0.00018594885325479564
N/A,DREAMLAND LTD,G28385105,10647000.0,79511,0.00018513161030520004
N/A,AIOS TECHNOLOGY INC,G6593L122,10624000.0,18058,0.0001847316829043341
SGLY,SINGULARITY FUTURE TECH LTD,82935V307,10476000.0,25183,0.00018215823702050113
N/A,CUPRINA HLDGS (CAYMAN) LTD,G2592E102,10378000.0,35457,0.000180454198529855
MTNB,MATINAS BIOPHARMA HLDGS INC,576810303,10353000.0,20706,0.00018001949483326156
USBC,USBC INC.,499238202,10295000.0,26665,0.00017901098225716486
N/A,TEN-LEAGUE INTL HLDGS LTD,G8763W102,10136000.0,41137,0.0001762462667468308
N/A,CYTOMED THERAPEUTICS LIMITED,Y1R80M106,10136000.0,10136,0.0001762462667468308
N/A,REITAR LOGTECH HLDGS LTD,G7486B106,10002000.0,19689,0.00017391625493309013
DXF,EASON TECHNOLOGY LIMITED,26605Q304,9964000.0,12173,0.00017325550531426817
FTHM,FATHOM HOLDINGS INC,31189V109,9938000.0,18748,0.00017280341346981103
TOON,KARTOON STUDIOS INC.,37229T509,9864000.0,15807,0.00017151669052789452
N/A,EVOGENE LTD,M4119S187,9795000.0,12721,0.00017031690832529673
YMT,YIMUTIAN INC,985915107,9785000.0,57055,0.00017014302684665938
SGRP,SPAR GROUP INC,784933103,9759000.0,15602,0.00016969093500220222
SGMO,SANGAMO THERAPEUTICS INC,800677106,9746000.0,39474,0.00016946488907997368
VRME,VERIFYME INC,92346X206,9745000.0,12031,0.00016944750093210993
TOP,TOP FINANCIAL GROUP LTD,G989A6102,9603000.0,11596,0.00016697838393545938
SEGG,SPORTS ENTMT GAMING GLOBAL,54570M306,9563000.0,15180,0.00016628285802090993
SRXH,SRX HEALTH SOLUTIONS INC.,08771Y402,9454000.0,73290,0.00016438754990376266
REE,REE AUTOMOTIVE LTD,M8287R202,9435000.0,15735,0.00016405717509435167
TELA,TELA BIO INC,872381108,9407000.0,15173,0.00016357030695416706
MITQ,MOVING IMAGE TECHNOLOGIES IN,62464R109,9390000.0,18127,0.00016327470844048356
SMUP,ETF OPPORTUNITIES TRUST,26923Q622,9311000.0,22388,0.00016190104475924838
TIVC,TIVIC HEALTH SYSTEMS INC,888705308,9306000.0,10506,0.0001618141040199297
VNRX,VOLITIONRX LTD,928661107,9304000.0,46060,0.00016177932772420224
N/A,AGROZ INC.,G0136M101,9278000.0,18974,0.00016132723587974508
ALBT,AVALON GLOBOCARE CORP,05344R302,9200000.0,17319,0.00015997096034637366
YOSH,VESTAND INC.,98740Y302,9176000.0,34756,0.00015955364479764398
TEAD,TEADS HLDG CO,69002R103,9168000.0,13921,0.0001594145396147341
N/A,PRIMECH HOLDINGS LTD.,Y708VV108,9161000.0,13693,0.00015929282257968796
CAN,CANAAN INC,134748102,9131000.0,21147,0.00015877117814377587
BCAB,BIOATLA INC,09077B104,9115000.0,56614,0.00015849296777795607
N/A,INNEOVA HOLDINGS LTD.,G7776G104,8962000.0,18259,0.0001558325811548044
BGI,BIRKS GROUP INC,09088U109,8861000.0,12907,0.00015407637822056707
N/A,CDT ENVIRONMENTAL TECHNOLOGY,G2030P107,8759000.0,29196,0.00015230278713846597
APDN,BNB PLUS CORP,03815U607,8755000.0,13680,0.000152233234547011
SCKT,SOCKET MOBILE INC,83368E200,8754000.0,10076,0.00015221584639914728
N/A,BOQII HLDG LTD,G1311F119,8729000.0,11419,0.00015178114270255388
CNFR,PRESURANCE HOLDINGS INC,20731J102,8602000.0,16880,0.00014957284792385938
N/A,GLOBAL ENGINE GROUP HOLDING,G39711109,8602000.0,22709,0.00014957284792385938
N/A,NFT LIMITED,G6363T115,8539000.0,26002,0.00014847739460844398
EONR,EON RESOURCES INC,40472A102,8468000.0,10203,0.0001472428361101187
ZSPC,ZSPACE INC,98980W107,8428000.0,74259,0.00014654731019556925
XAIR,BEYOND AIR INC,08862L202,8327000.0,12065,0.0001447911072613319
N/A,ERAYAK PWR SOLUTION GROUP IN,G3109F111,8123000.0,21965,0.0001412439250971297
N/A,GREENLAND TECHNOLOGIES HLDG,G4095T107,8044000.0,11511,0.00013987026141589452
AKAN,AKANDA CORP,00971M601,7968000.0,11417,0.00013854876217825058
N/A,COLLPLANT BIOTECHNOLOGIES LT,M2R51X116,7917000.0,14795,0.00013766196663720002
PMNT,PERFECT MOMENT LTD,713715100,7885000.0,30443,0.00013710554590556047
N/A,BIOCERES CROP SOLUTIONS CORP,G1117K114,7837000.0,17615,0.00013627091480810115
NCL,NORTHANN CORP,66373M408,7813000.0,54600,0.00013585359925937144
MWYN,MARWYNN HLDGS INC,573863107,7671000.0,10296,0.0001333844822627209
N/A,FAST TRACK GROUP,G33380109,7591000.0,18421,0.000131993430433622
N/A,K WAVE MEDIA LTD,G53151109,7472000.0,14396,0.0001299242408378374
CREG,SMART POWERR CORP,168913408,7371000.0,28527,0.00012816803790360003
ATON,ALPHATON CAPITAL CORP,G7185A136,7344000.0,23241,0.00012769855791127914
KITT,NAUTICUS ROBOTICS INC,63911H306,7318000.0,14674,0.000127246466066822
IVDA,IVEDA SOLUTIONS INC,46583A303,7262000.0,28256,0.00012627272978645279
NXPL,NEXTPLAT CORP,68557F209,7215000.0,19395,0.0001254554868368572
HTCR,HEARTCORE ENTERPRISES INC,42240Q104,7055000.0,31454,0.00012267338317865936
GIPR,GENERATION INCOME PPTYS INC,37149D204,7049000.0,27448,0.00012256905429147694
N/A,INTERCONT CAYMAN LTD,G48049103,6893000.0,93788,0.00011985650322473409
N/A,INTEGRATED MEDIA TECHNLOGY L,Q49376124,6680000.0,11342,0.00011615282772975825
CAPT,CAPTIVISION INC,G18932106,6643000.0,16868,0.00011550946625880002
N/A,DELIXY HLDGS LTD,G2703G103,6556000.0,12605,0.00011399669739465496
BTOC,ARMLOGI HOLDING CORP,042255109,6524000.0,25869,0.00011344027666301541
N/A,ESHALLGO INC,G3121H103,6429000.0,37551,0.00011178840261596048
SILO,SILO PHARMA INC,82711P201,6145000.0,17083,0.00010685016862265936
SOAR,VOLATO GROUP INC,74349W302,6023000.0,26117,0.00010472881458328353
NXL,NEXALIN TECHNOLOGY INC,65345B201,5538000.0,15901,9.629556286937143e-05
MEHA,FUNCTIONAL BRANDS INC,360948103,5538000.0,34721,9.629556286937143e-05
SMTK,SMARTKEM INC,83193D203,5416000.0,23806,9.417420882999562e-05
N/A,HUACHEN AI PKG MGMT TECHNOLO,G4645R114,5044000.0,34783,8.770581782468573e-05
MYND,MYND AI INC,628988107,4970000.0,14169,8.641909488276924e-05
QNCX,QUINCE THERAPEUTICS INC,22053A107,4950000.0,48812,8.607133192549453e-05
LXEH,LIXIANG ED HLDG CO LTD,53934A206,4903000.0,24505,8.525408897589891e-05
N/A,MEGAN HLDGS LTD,G5980E105,4755000.0,27139,8.268064309206594e-05
MGRX,MANGOCEUTICALS INC,56270V205,4732000.0,13142,8.228071569120002e-05
N/A,POP CULTURE GROUP CO LTD,G71700119,4634000.0,15308,8.057667720055386e-05
JOB,GEE GROUP INC,36165A102,4390000.0,18283,7.63339691218022e-05
NCPL,NETCAPITAL INC,64113L202,4342000.0,13460,7.549933802434287e-05
N/A,WETOUR ROBOTICS LTD,G9513A101,4107000.0,10017,7.141312327636484e-05
NCRA,NOCERA INC,655186500,4070000.0,19989,7.076976180540661e-05
N/A,J-STAR HLDG CO LTD,G81237128,3931000.0,13984,6.835280925234726e-05
AMZE,AMAZE HOLDINGS INC,35804X200,3799000.0,20369,6.605757373433408e-05
CUE,CUE BIOPHARMA INC,22978P106,3477000.0,15124,6.0458590122211e-05
N/A,BGM GROUP LTD,G7307E123,3460000.0,11437,6.016299160852748e-05
N/A,THE GROWHUB LTD,G4149Y102,3446000.0,12025,5.991955753843517e-05
HCWC,HEALTHY CHOICE WELLNESS CORP,42227T105,3058000.0,12287,5.31729561673055e-05
WGRX,WELLGISTICS HEALTH INC,949503106,3037000.0,31501,5.280780506216705e-05
WORX,SCWORX CORP,78396V208,2025000.0,16096,3.5210999424065937e-05
TDTH,TRIDENT DIGITAL TECH HOLDING,89616X106,1984000.0,10375,3.449808536165275e-05
N/A,ITERUM THERAPEUTICS PLC,G6333L200,1481000.0,49380,2.5751846986193412e-05
MSS,MAISON SOLUTIONS INC,560667107,1464000.0,10117,2.5456248472509893e-05
PPCB,PROPANC BIOPHARMA INC,74346N701,1282000.0,12098,2.2291605561309895e-05
N/A,HITEK GLOBAL INC,G45139105,587000.0,10217,1.020684279601319e-05
N/A,LINKERS INDS LTD,G5496W102,584000.0,24527,1.015467835242198e-05
