ticker,nameOfIssuer,cusip,value,shares,allocation_percent
NVDA,NVIDIA Corp,67066G104,2328400974000.0,13350923,9.174516023493402
AAPL,Apple Inc,037833100,1833543670000.0,7224649,7.2246472871428615
MSFT,Microsoft Corp,594918104,1230934077000.0,3325321,4.85020601666376
AVGO,Broadcom Inc,11135F101,922450294000.0,2980357,3.6346982747736982
GOOG,Alphabet Inc,02079K107,622103815000.0,2168667,2.4512536640924263
GOOGL,Alphabet Inc,02079K305,526594251000.0,1831250,2.0749207063675645
AMZN,Amazon.com Inc,023135106,512545807000.0,2460968,2.019566119240017
LLY,Eli Lilly & Co,532457108,418046504000.0,454512,1.6472138572097155
META,Meta Platforms Inc,30303M102,405939968000.0,709524,1.599510901506949
BKNG,Booking Holdings Inc,09857L108,317647592000.0,75445,1.2516155744522095
T,AT&T Inc,00206R102,316116007000.0,10904312,1.2455807242349368
ABBV,AbbVie Inc,00287Y109,274242276000.0,1260942,1.0805871426685376
NEM,Newmont Corp,651639106,261156053000.0,2412527,1.0290239609222873
BMY,Bristol-Myers Squibb Co,110122108,258191235000.0,4257069,1.0173417933955262
APH,Amphenol Corp,032095101,246240611000.0,1948877,0.9702531722331711
LRCX,Lam Research Corp,512807306,237948865000.0,1113680,0.9375814986729893
TT,Trane Technologies PLC,G8994E103,234957598000.0,563799,0.9257951150867888
HIG,Hartford Financial Services Gr,416515104,234485441000.0,1733975,0.9239346915555863
XOM,Exxon Mobil Corp,30231G102,220510156000.0,1299718,0.8688683702487704
PSX,Phillips 66,718546104,219669913000.0,1205785,0.8655575904676207
VICI,VICI Properties Inc,925652109,215042766000.0,7871258,0.8473254067636127
VLO,Valero Energy Corp,91913Y100,213924086000.0,865809,0.8429175115171467
HWM,Howmet Aerospace Inc,443201108,211542459000.0,917914,0.8335332708655256
INCY,Incyte Corp,45337C102,201873001000.0,2144847,0.795433047428883
ANET,Arista Networks Inc,040413205,186179667000.0,1516368,0.7335971583991295
GD,General Dynamics Corp,369550108,179836984000.0,523970,0.708605308857222
ALL,Allstate Corp/The,020002101,176059650000.0,849135,0.6937216132669596
TEL,TE Connectivity PLC,G87052109,173637096000.0,830720,0.6841761094044543
TSLA,Tesla Inc,88160R101,166082290000.0,446758,0.6544081744674093
HCA,HCA Healthcare Inc,40412C101,152098386000.0,321398,0.5993078920196692
FCX,Freeport-McMoRan Inc,35671D857,142962423000.0,2432161,0.563309780066662
GM,General Motors Co,37045V100,136407343000.0,1830971,0.5374810301362039
ES,Eversource Energy,30040W108,134976352000.0,1948273,0.5318425469000364
EXEL,Exelixis Inc,30161Q104,133071973000.0,3102634,0.5243387896668957
EXPE,Expedia Group Inc,30212P303,132076933000.0,572034,0.5204180687404077
AMAT,Applied Materials Inc,038222105,130374429000.0,381446,0.5137097524312849
IDXX,IDEXX Laboratories Inc,45168D104,127756369000.0,227369,0.5033939031902481
GEV,GE Vernova Inc,36828A101,124135110000.0,142210,0.48912518440353303
RTX,RTX Corp,75513E101,123558237000.0,640530,0.48685215212038263
MPC,Marathon Petroleum Corp,56585A102,122491920000.0,501646,0.4826505809512137
MRVL,Marvell Technology Inc,573874104,121520876000.0,1226864,0.47882441061500547
EIX,Edison International,281020107,119170848000.0,1628462,0.4695646783857154
UHS,Universal Health Services Inc,913903100,118939168000.0,664576,0.46865179787412925
BAC,Verizon Communications Inc,92343V104,116124248000.0,2313232,0.4575602681362396
BAC,Bank of America Corp,060505104,115819082000.0,2375776,0.4563578333373846
PLTR,Palantir Technologies Inc,69608A108,113836560000.0,778210,0.448546172004551
CCL,Carnival Corp,143658300,113800906000.0,4397253,0.44840568580910856
AIG,American International Group I,026874784,111911350000.0,1487194,0.4409603351187132
WFC,Wells Fargo & Co,949746101,109487952000.0,1375304,0.43141150567285247
DELL,Dell Technologies Inc,24703L202,109241973000.0,665582,0.4304422833171918
MORN,Morningstar Inc,617700109,109102164000.0,645384,0.4298913988582643
AU,Anglogold Ashanti Plc,G0378L100,108990430000.0,1119458,0.42945113732907925
EXE,Chesapeake Energy Corp,165167735,108087413000.0,984582,0.425893011375475
PNC,PNC Financial Services Group I,693475105,106273229000.0,510708,0.4187446463114577
LNG,Cheniere Energy Inc,16411R208,103659799000.0,365308,0.4084470404956999
COF,Capital One Financial Corp,14040H105,102165912000.0,560028,0.4025607303747919
SYF,Synchrony Financial,87165B103,101754518000.0,1495950,0.40093972914385484
SYY,Sysco Corp,871829107,100853703000.0,1413903,0.39739027965298584
JPM,JPMorgan Chase & Co,46625H100,99282236000.0,337511,0.3911982838013765
PCG,PG&E Corp,69331C108,96564370000.0,5495980,0.3804891725077699
DPZ,Domino's Pizza Inc,25754A201,95708667000.0,266754,0.3771174762352999
NRG,NRG Energy Inc,629377508,94605922000.0,647365,0.3727723691058578
CVX,Chevron Corp,166764100,93720734000.0,452976,0.36928449413050396
MU,Micron Technology Inc,595112103,92536066000.0,273905,0.36461658870103314
LULU,Lululemon Athletica Inc,550021109,91577993000.0,598158,0.36084152753745863
AMD,Advanced Micro Devices Inc,007903107,91226759000.0,448443,0.35945757262720973
BPOP,Popular Inc,733174700,91048839000.0,678608,0.35875652074262143
JNJ,Johnson & Johnson,478160104,90319113000.0,369494,0.355881207188591
HAL,Halliburton Co,406216101,88937596000.0,2281036,0.3504376646051784
KLAC,KLA Corp,482480100,88518343000.0,60118,0.3487856968344426
LMT,Lockheed Martin Corp,539830109,82912639000.0,137184,0.32669773958599274
JBHT,JB Hunt Transport Services Inc,445658107,82609851000.0,389853,0.32550467473644956
BBY,Best Buy Co Inc,086516101,81894804000.0,1275620,0.3226872003270565
TPR,Tapestry Inc,876030107,74484209000.0,527845,0.29348749489388054
FSLR,First Solar Inc,336433107,74277660000.0,376547,0.2926736371729395
UAL,United Airlines Holdings Inc,910047109,72719006000.0,789823,0.28653212793215094
TMUS,T-Mobile US Inc,872590104,72453422000.0,344967,0.2854856566882407
USB,US Bancorp,902973304,72276216000.0,1389660,0.2847874181526047
GE,General Electric Co,369604301,71286427000.0,251212,0.2808873875557366
ORCL,Oracle Corp,68389X105,70027302000.0,476020,0.2759261018420324
NU,NU Holdings Ltd/Cayman Islands,G6683N103,69691598000.0,4849798,0.27460333924162866
C,Citigroup Inc,172967424,69520784000.0,613004,0.2739302868775658
ROK,Rockwell Automation Inc,773903109,69173041000.0,192747,0.272560087431172
AMT,American Tower Corp,03027X100,68597443000.0,397482,0.2702920789854365
CFG,Citizens Financial Group Inc,174610105,68286582000.0,1138679,0.26906720437946186
MCO,Moody's Corp,615369105,67890972000.0,155624,0.2675083962855883
HLNE,Hamilton Lane Inc,407497106,67442007000.0,678491,0.2657393553718957
SCHW,Charles Schwab Corp/The,808513105,67408657000.0,717266,0.2656079475461818
AMGN,Amgen Inc,031162100,66014449000.0,187621,0.26011439906423434
TXN,Texas Instruments Inc,882508104,64880617000.0,334195,0.25564680092795666
TRV,Travelers Cos Inc/The,89417E109,64232020000.0,220214,0.2530911571038316
DLTR,Dollar Tree Inc,256746108,61823433000.0,564546,0.24360068691754067
REGN,Regeneron Pharmaceuticals Inc,75886F107,60945843000.0,78880,0.2401427500729147
CIT,Cintas Corp,172908105,60405477000.0,357133,0.2380135650309439
SCCO,Southern Copper Corp,84265V105,58914376000.0,342406,0.23213823248732032
DECK,Deckers Outdoor Corp,243537107,57981433000.0,579293,0.2284621901741264
MNST,Monster Beverage Corp,61174X109,57663959000.0,795804,0.22721125859809338
AVT,Avnet Inc,053807103,56434986000.0,915855,0.2223687797437873
BK,Bank of New York Mellon Corp/T,064058100,55404360000.0,467035,0.21830784055985233
V,Visa Inc,92826C839,54956901000.0,181832,0.2165447336847062
DG,Dollar General Corp,256677105,52315762000.0,440628,0.2061379470760637
NTAP,NetApp Inc,64110D104,52042792000.0,508280,0.2050623730375291
PEO,Exelon Corp,30161N101,52041592000.0,1061640,0.2050576447199622
EHC,Encompass Health Corp,29261A100,51522850000.0,532646,0.2030136639605473
CHRW,CH Robinson Worldwide Inc,12541W209,51419093000.0,309623,0.20260483392238837
NOC,Northrop Grumman Corp,666807102,51362439000.0,75285,0.20238160216952492
IVZ,Invesco Ltd,G491BT108,50901444000.0,2095572,0.200565159872224
HEI/A,HEICO Corp,422806208,50393094000.0,238728,0.19856212634293854
RJF,Raymond James Financial Inc,754730109,48939310000.0,338002,0.19283383265485218
EQT,EQT Corp,26884L109,47632121000.0,748462,0.18768316206153438
RPRX,Royalty Pharma PLC,G7709Q104,46623338000.0,971927,0.18370829007811126
CDNS,Cadence Design Systems Inc,127387108,45097191000.0,162296,0.17769486701994583
LYFT,Lyft Inc,55087P104,44974428000.0,3381536,0.17721114831205628
A4S,Ameriprise Financial Inc,03076C106,44606647000.0,100375,0.17576199384282418
HALO,Halozyme Therapeutics Inc,40637H109,44589205000.0,689915,0.17569326774698904
SPOT,Spotify Technology SA,L8681T102,44335318000.0,91430,0.17469288577856237
NUE,Nucor Corp,670346105,44077268000.0,260658,0.17367610048844317
NFLX,Netflix Inc,64110L106,43821324000.0,455760,0.17266761339565387
KEYS,Keysight Technologies Inc,49338L103,42849084000.0,151748,0.1688367305029373
ACN,Accenture PLC,G1151C101,41980772000.0,211714,0.1654153514336329
CVS,CVS Health Corp,126650100,40942500000.0,570071,0.16132428498626739
CAI,Caris Life Sciences Inc,142152107,40938083000.0,2289602,0.1613068808373565
PEP,PepsiCo Inc,713448108,40063423000.0,257991,0.1578604889681231
TIGO,Millicom International Cellular SA,L6388F110,39179231000.0,522808,0.1543765384963498
PODD,Insulet Corp,45784P101,38976729000.0,185745,0.1535786270264032
CSCO,Cisco Systems Inc,17275R102,38525997000.0,496533,0.1518026236650933
ADSK,Autodesk Inc,052769106,37457958000.0,156466,0.14759426736021578
KEY,KeyCorp,493267108,37332640000.0,1861977,0.1471004812761733
JCI,Johnson Controls International,G51502105,36518159000.0,278871,0.14389121059265617
ADBE,Adobe Inc,00724F101,35862807000.0,147535,0.14130895028089405
CTSH,Cognizant Technology Solutions,192446102,34876742000.0,568488,0.13742359322954195
FNF,Fidelity National Financial In,31620R303,34675404000.0,747637,0.13663026822763524
GL,Globe Life Inc,37959E102,34636908000.0,248882,0.13647858380008854
NEU,NewMarket Corp,651587107,33344784000.0,52024,0.13138727329355873
FIX,Comfort Systems USA Inc,199908104,32715159000.0,23724,0.12890638417016673
FTI,TechnipFMC PLC,G87110105,32590994000.0,471445,0.1284171412112531
STX,Seagate Technology Holdings PL,G7997R103,32562700000.0,83119,0.12830565536355448
TER,Teradyne Inc,880770102,32320664000.0,109022,0.1273519694713658
EME,EMCOR Group Inc,29084Q100,31872105000.0,43169,0.12558452830511663
MTB,M&T Bank Corp,55261F104,31801600000.0,153839,0.12530671994673703
CGNX,Cognex Corp,192422103,31706769000.0,647209,0.12493306071074675
PFE,Pfizer Inc,717081103,31235798000.0,1112386,0.12307731033340615
MRP,Millrose Properties Inc,601137102,31028340000.0,1108155,0.12225987091190817
CF,CF Industries Holdings Inc,125269100,30859072000.0,237670,0.12159291019697732
AM,Antero Midstream Corp,03676B102,30777742000.0,1349901,0.1212724484738795
BRK/B,Berkshire Hathaway Inc,084670702,30776621000.0,64225,0.12126803143721906
PH,Parker-Hannifin Corp,701094104,30644963000.0,34231,0.12074926407536471
PEG,Public Service Enterprise Grou,744573106,29889334000.0,369232,0.11777188584638779
PEGA,Pegasystems Inc,705573103,29819537000.0,700647,0.11749686719537265
FITB,Fifth Third Bancorp,316773100,29711729000.0,639512,0.11707207514516078
MCD,McDonald's Corp,580135101,29517903000.0,94977,0.11630834941122299
AWM,Skyworks Solutions Inc,83088M102,29500911000.0,550904,0.11624139643447544
FDS,FactSet Research Systems Inc,303075105,29347898000.0,135250,0.11563848472125314
ALNY,Alnylam Pharmaceuticals Inc,02043Q107,29208540000.0,88278,0.11508937732167773
BLK,Blackrock Inc,09290D101,29171549000.0,30333,0.11494362299241286
VRTX,Vertex Pharmaceuticals Inc,92532F100,28996967000.0,64937,0.11425572371118987
LAZ,Lazard Inc,52110M109,28685895000.0,675280,0.11303001770937637
DINO,HF Sinclair Corp,403949100,28453334000.0,456056,0.11211366582464313
NOV,NOV Inc,62955J103,28010179000.0,1489111,0.11036751784850368
TFC,Truist Financial Corp,89832Q109,27661804000.0,601736,0.10899482815485795
NOW,ServiceNow Inc,81762P102,27276574000.0,260895,0.10747692000793825
ED,Consolidated Edison Inc,209115104,26754736000.0,236391,0.10542074018920065
HR,Healthcare Realty Trust Inc,42226K105,26236127000.0,1544210,0.10337728348498272
CRDO,Credo Technology Group Holding,G25457105,25666310000.0,273424,0.10113205370912584
PSKY,Paramount Skydance Corp,69932A204,25471406000.0,2823881,0.1003640803699071
COST,Costco Wholesale Corp,22160K105,25068184000.0,25158,0.09877527898160074
GEN,Gen Digital Inc,668771108,24617853000.0,1307374,0.09700085566641113
8CW,Crown Castle Inc,22822V101,24458049000.0,300800,0.09637118561602472
UPS,United Parcel Service Inc,911312106,24302811000.0,247030,0.09575950681398043
MA,Mastercard Inc,57636Q104,24212522000.0,48458,0.09540374425998092
EXLS,ExlService Holdings Inc,302081104,24173525000.0,793876,0.09525008575985001
CAH,Cardinal Health Inc,14149Y108,24166466000.0,114365,0.09522227143176262
INTU,Intuit Inc,461202103,23716909000.0,54852,0.09345089788140368
GLPI,Gaming and Leisure Properties,36467J108,23389069000.0,527137,0.0921591215221218
BMRN,BioMarin Pharmaceutical Inc,09061G101,23012842000.0,407379,0.0906766875777479
CART,Maplebear Inc,565394103,22920314000.0,611861,0.09031210277122145
AFRM,Affirm Holdings Inc,00827B106,22744774000.0,496394,0.0896204287164742
RL,Ralph Lauren Corp,751212101,22488690000.0,65376,0.08861138998663544
VOYA,Voya Financial Inc,929089100,22104526000.0,323544,0.08709768216182102
WING,Wingstop Inc,974155103,22066336000.0,142391,0.08694720345525388
MEDP,Medpace Holdings Inc,58506Q109,21937961000.0,45686,0.08644137198220968
UNH,UnitedHealth Group Inc,91324P102,21447503000.0,79262,0.08450883766784698
RF,Regions Financial Corp,7591EP100,21044489000.0,805685,0.08292085585458556
BWA,BorgWarner Inc,099724106,21013161000.0,387268,0.0827974152439719
KMI,Kinder Morgan Inc,49456B101,20466513000.0,610394,0.08064347745953829
GMED,Globus Medical Inc,379577208,20139726000.0,233748,0.07935585019892138
NBIX,Neurocrine Biosciences Inc,64125C109,19643882000.0,149111,0.0774020936192125
NXPI,NXP Semiconductors NV,N6596X109,19355078000.0,98319,0.07626412943038247
FLS,Flowserve Corp,34354P105,19254035000.0,261924,0.0758659932704541
AS,Amer Sports Inc,G0260P102,18901512000.0,574165,0.07447695935908537
OHI,Omega Healthcare Investors Inc,681936100,18575431000.0,423903,0.07319211392530368
DIS,Walt Disney Co/The,254687106,18197411000.0,188809,0.07170261508643187
RNR,RenaissanceRe Holdings Ltd,G7496G103,18083474000.0,60840,0.07125367315424698
DD,DuPont de Nemours Inc,26614N102,17461754000.0,381261,0.068803931822827
UTHR,United Therapeutics Corp,91307C102,17269950000.0,29124,0.06804817330398946
RGLD,Royal Gold Inc,780287108,17099692000.0,67192,0.06737731172706593
AME,AMETEK Inc,031100100,17031118000.0,79451,0.06710711201970443
CL,Colgate-Palmolive Co,194162103,17014209000.0,199627,0.06704048608492191
CW,Curtiss-Wright Corp,231561101,16900631000.0,24813,0.06659295870774246
WD5A,Travel  Leisure Co,894164102,16630024000.0,240353,0.06552669551455007
JBL,Jabil Inc,466313103,16596563000.0,62480,0.06539485031946121
SUX,TD SYNNEX Corp,87162W100,16569177000.0,98211,0.06528694223205488
LDOS,Leidos Holdings Inc,525327102,16317624000.0,104923,0.06429575684129588
MTG,MGIC Investment Corp,552848103,16048676000.0,611378,0.06323603054713976
PG,Procter & Gamble Co/The,742718109,15954554000.0,110458,0.06286516495877859
VIRT,Virtu Financial Inc,928254101,15903388000.0,361605,0.06266355737825449
MRK,Merck & Co Inc,58933Y105,15848328000.0,131751,0.06244660640722577
SMCI,Super Micro Computer Inc,86800U302,15742608000.0,691375,0.06203004162958033
DXCM,Dexcom Inc,252131107,15485538000.0,246585,0.06101711779880743
VST,Vistra Corp,92840M102,15416492000.0,102551,0.06074505828653627
WST,West Pharmaceutical Services I,955306105,15215101000.0,60705,0.05995152445060369
HRB,H&R Block Inc,093671105,14969028000.0,471614,0.05898193171006695
7HP,HP Inc,40434L105,14797385000.0,770296,0.05830561286661826
ADI,Analog Devices Inc,032654105,14779512000.0,46456,0.058235188516723664
RDDT,Reddit Inc,75734B100,14656249000.0,108847,0.057749499676514535
CAT,Caterpillar Inc,149123101,14546809000.0,20533,0.057318277114411655
NDAQ,Nasdaq Inc,631103108,14107870000.0,166190,0.05558874129399065
G,Genpact Ltd,G3922B107,14009912000.0,376105,0.055202760850473896
CRUS,Cirrus Logic Inc,172755100,13815261000.0,95528,0.05443578439820884
THC,Tenet Healthcare Corp,88033G407,13791870000.0,73085,0.0543436176680357
BILL,BILL Holdings Inc,090043100,13676087000.0,357078,0.05388740200732703
PGR,Progressive Corp/The,743315103,13642479000.0,68818,0.053754977593336216
CINF,Cincinnati Financial Corp,172062101,13585917000.0,86342,0.05353210834481956
HD,Home Depot Inc/The,437076102,13559478000.0,41228,0.05342793168802645
SW,Smurfit Westrock PLC,G8267P108,13549797000.0,340020,0.05338978598605534
FDX,FedEx Corp,31428X106,13450069000.0,37762,0.05299683127412739
LBTYA,Liberty Global Ltd,G61188101,13268075000.0,1097442,0.05227972675139939
SFM,Sprouts Farmers Market Inc,85208M102,13066131000.0,169404,0.051484013949121395
LOPE,Grand Canyon Education Inc,38526M106,12862940000.0,75651,0.050683387636838446
VEEV,Veeva Systems Inc,922475108,12858487000.0,73201,0.05066584163840055
AIZ,Assurant Inc,04621X108,12512313000.0,57446,0.04930182446722546
MAR,Marriott International Inc/MD,571903202,12470525000.0,38128,0.04913716868848683
XYL,Xylem Inc/NY,98419M100,12339213000.0,103257,0.0486197646581976
STLD,Steel Dynamics Inc,858119100,12225240000.0,67918,0.0481706808764857
EXPD,Expeditors International of Wa,302130109,12159222000.0,84893,0.04791055248554173
CRM,Salesforce Inc,79466L302,12035921000.0,64477,0.04742471391527631
WMT,Walmart Inc,931142103,11755893000.0,94592,0.04632132948891899
MELI,MercadoLibre Inc,58733R102,11617285000.0,6719,0.04577517728782291
MLI,Mueller Industries Inc,624756102,11235453000.0,101403,0.04427065816014686
FAF,First American Financial Corp,31847R102,11198748000.0,185748,0.044126030746568776
CEG,Constellation Energy Corp,21037T109,11136213000.0,39879,0.043879626297362785
JLL,Jones Lang LaSalle Inc,48020Q107,10909567000.0,35849,0.04298658107796979
BKR,Baker Hughes Co,05722G100,10843703000.0,177620,0.042727059487780245
TPG,TPG Inc,872657101,10829820000.0,267337,0.04267235679379565
CMI,Cummins Inc,231021106,10826039000.0,20122,0.042657458653195215
TDC,Teradata Corp,88076W103,10769776000.0,420202,0.04243576754380565
ICE,Intercontinental Exchange Inc,45866F104,10759369000.0,68409,0.042394761209706554
N/A,Aptiv PLC,G3265R107,10712369000.0,154268,0.04220956877166896
ESI,Element Solutions Inc,28618M106,10448001000.0,306034,0.04116788888955991
MMM,3M Co,88579Y101,10303052000.0,70943,0.040596751470387306
CI,Cigna Group/The,125523100,10274676000.0,38518,0.04048494252098826
GILD,Gilead Sciences Inc,375558103,10238120000.0,73460,0.040340902206841396
LBTYK,Liberty Global Ltd,G61188127,9708206000.0,827639,0.038252900810878454
MO,Altria Group Inc,02209S103,9455441000.0,143286,0.03725693981937686
AWI,Armstrong World Industries Inc,04247X102,9334601000.0,56642,0.03678079824038826
RHI,Robert Half Inc,770323103,9084996000.0,357677,0.035797288485146225
SARO,Standardaero Inc,85423L103,9062585000.0,350855,0.0357089832143194
ALLY,Ally Financial Inc,02005N100,8807763000.0,224516,0.03470491709845518
DVN,Devon Energy Corp,25179M103,8787885000.0,174640,0.034626592517959194
HEI,HEICO Corp,422806109,8772206000.0,31992,0.03456481310868278
AR,Antero Resources Corp,03674X106,8639935000.0,203580,0.03404363036460466
AMG,Affiliated Managers Group Inc,008252108,8639404000.0,31223,0.034041538084081294
CVNA,Carvana Co,146869102,8616843000.0,27409,0.033952641773558605
EVR,Evercore Inc,29977A105,8576790000.0,28732,0.03379482235396882
DRS,Leonardo DRS Inc,52661A108,8493438000.0,190778,0.03346639341577073
ZION,Zions Bancorp NA,989701107,8491114000.0,147364,0.03345723624074946
FSS,Federal Signal Corp,313855108,8359762000.0,77305,0.032939674599874666
VSNT,Versant Media Group Inc,925283103,8226547000.0,222219,0.03241477224597724
DDOG,Datadog Inc,23804L103,8153244000.0,69066,0.032125939027137444
ETN,Eaton Corp PLC,G29183103,8121256000.0,22706,0.031999897841861975
ETSY,Etsy Inc,29786A106,8090114000.0,161867,0.03187719012047119
WEC,WEC Energy Group Inc,92939U106,8061991000.0,69638,0.03176637805802583
PM,Philip Morris International In,718172109,7967404000.0,48188,0.03139368024660748
CROX,Crocs Inc,227046109,7947753000.0,95733,0.031316250106184565
VRT,Vertiv Holdings Co,92537N108,7824611000.0,31226,0.030831038037996767
N/A,CRH PLC,G25508105,7705192000.0,73299,0.03036049557506033
Q,Qnity Electronics Inc,74743L100,7448241000.0,64554,0.02934804063577948
BANC,Banc of California Inc,05990K106,7294013000.0,414904,0.02874034150102068
ZBRA,Zebra Technologies Corp,989207105,7288948000.0,34862,0.02872038406062365
BFAM,Bright Horizons Family Solutio,109194100,7258239000.0,88375,0.02859938247382159
GNTX,Gentex Corp,371901109,7187776000.0,328960,0.02832173960655683
NI,NiSource Inc,65473P105,7161190000.0,153476,0.028216983730861775
TDY,Teledyne Technologies Inc,879360105,7160898000.0,11836,0.028215833173587158
FN,Fabrinet,G3323L100,7150040000.0,13710,0.02817304978013583
AEIS,Advanced Energy Industries Inc,007973100,7148673000.0,22152,0.028167663438374183
ULTA,Ulta Beauty Inc,90384S303,7096311000.0,13576,0.02796134330134174
NWSA,News Corp,65249B109,7041703000.0,282459,0.027746173329929878
FIS,Fidelity National Information,31620M106,7032606000.0,149917,0.027710328742508006
ZTS,Zoetis Inc,98978V103,7031485000.0,59483,0.027705911705847578
ELV,Elevance Health Inc,036752103,7026001000.0,24000,0.02768430329456676
KLIC,Kulicke & Soffa Industries Inc,501242101,6975848000.0,106145,0.027486687202122082
INSP,Inspire Medical Systems Inc,457730109,6857768000.0,132954,0.0270214207535374
O,Realty Income Corp,756109104,6754884000.0,110410,0.026616030566408447
CB,Chubb Ltd,H1467J104,6735668000.0,20666,0.02654031444110354
WTS,Watts Water Technologies Inc,942749102,6676089000.0,22998,0.026305557414170726
AWC,American Water Works Co Inc,030420103,6667185000.0,48991,0.026270473297824195
BAP,Credicorp Ltd,G2519Y108,6638770000.0,19573,0.02615851067810423
FBP,First BanCorp/Puerto Rico,318672706,6638581000.0,310795,0.026157765968087443
BIIB,Biogen Inc,09062X103,6482181000.0,35358,0.025541508578532525
TAL,TAL Education Group,874080104,6479933000.0,569915,0.025532650863623826
ENSG,Ensign Group Inc/The,29358P101,6356318000.0,31545,0.025045575050261736
TJX,TJX Cos Inc/The,872540109,6350312000.0,39764,0.02502190982083932
SLB,Schlumberger NV,806857108,6264904000.0,121909,0.02468537969854324
SRE,Sempra,816851109,6232096000.0,64136,0.02455610749626371
AA,Alcoa Corp,013872106,6159470000.0,92861,0.024269941836584586
TEAM,Atlassian Corp,049468101,6133083000.0,89862,0.024165970073552707
PATH,UiPath Inc,90364P105,5995221000.0,540110,0.02362275730987739
GRMN,Garmin Ltd,H2906T109,5921824000.0,25524,0.023333553706161518
JHG,Janus Henderson Group PLC,G4474Y214,5906471000.0,114979,0.023273058823157444
MMC,Marsh & McLennan Cos Inc,571748102,5880302000.0,33902,0.023169946037816892
EAT,Brinker International Inc,109641100,5841436000.0,40915,0.023016803712353713
LFUS,Littelfuse Inc,537008104,5788973000.0,17059,0.022810085608592715
LEA,Lear Corp,521865204,5778059000.0,47721,0.0227670815603216
AROC,Archrock Inc,03957W106,5695786000.0,163672,0.022442904167669097
ZWS,Zurn Elkay Water Solutions Cor,98983L108,5688045000.0,126852,0.02241240257909784
IQV,IQVIA Holdings Inc,46266C105,5656471000.0,33168,0.02228799266338296
JAZZ,Jazz Pharmaceuticals PLC,G50871105,5637094000.0,29818,0.02221164215547116
KR,Kroger Co/The,501044101,5570707000.0,76986,0.021950059806875363
PLMR,Palomar Holdings Inc,69753M105,5562846000.0,46551,0.021919085386547417
FOX,Fox Corp,35137L204,5500629000.0,103590,0.021673933941496658
MTCH,Match Group Inc,57667L107,5500314000.0,179105,0.021672692758135347
SLM,SLM Corp,78442P106,5381489000.0,251354,0.02120449081239453
BGC,BGC Group Inc,088929104,5363508000.0,548416,0.02113364091391891
UBER,Uber Technologies Inc,90353T100,5348572000.0,74358,0.021074789121269345
QCOM,QUALCOMM Inc,747525103,5338704000.0,41456,0.021035906589810725
WKC,World Kinect Corp,981475106,5332607000.0,231149,0.02101188279630615
IRDM,Iridium Communications Inc,46269C102,5329630000.0,192128,0.02100015262847555
SF,Stifel Financial Corp,860630102,5164939000.0,69872,0.020351226504797874
CDW,CDW Corp/DE,12514G108,5162836000.0,42661,0.02034294012826185
XYZ,Block Inc,852234103,5150746000.0,85589,0.020295302328775154
HOOD,Robinhood Markets Inc,770700102,5125289000.0,73958,0.02019499501185764
INSW,International Seaways Inc,Y41053102,5117780000.0,70222,0.020165407564682655
ISRG,Intuitive Surgical Inc,46120E602,5114684000.0,11095,0.020153208505360006
PAHC,Phibro Animal Health Corp,71742Q106,5092227000.0,92067,0.020064721982359784
NVST,Envista Holdings Corp,29415F104,5056698000.0,199318,0.01992472831999727
WWD,Woodward Inc,980745103,4976520000.0,13904,0.019608805781763678
REPX,Riley Exploration Permian Inc,76665T102,4920568000.0,134995,0.01938834009467687
BE,Bloom Energy Corp,093712107,4898235000.0,36152,0.019300342164491894
PTCT,PTC Therapeutics Inc,69366J200,4882197000.0,71660,0.019237148200210046
XP,XP Inc,G98239109,4831762000.0,253769,0.01903842095313714
SANM,Sanmina Corp,801056102,4821830000.0,37194,0.01899928624474162
DWD,Morgan Stanley,617446448,4797875000.0,29154,0.018904897205312028
NSSC,Napco Security Technologies In,630402105,4783995000.0,121452,0.01885020633212135
IONQ,IonQ Inc,46222L108,4694965000.0,162850,0.018499404571302457
LVS,Las Vegas Sands Corp,517834107,4689284000.0,87032,0.018477019927887743
HRMY,Harmony Biosciences Holdings I,413197104,4655206000.0,166198,0.018342743589516562
THG,Hanover Insurance Group Inc/Th,410867105,4646648000.0,26805,0.01830902280473516
ASB,Associated Banc-Corp,045487105,4604890000.0,178070,0.018144485233935713
ACGL,Arch Capital Group Ltd,G0450A105,4603104000.0,47954,0.01813744792129028
KN,Knowles Corp,49926D109,4601702000.0,179194,0.018131923670266267
GPN,Global Payments Inc,37940X102,4595379000.0,68282,0.01810700937695325
SEIC,SEI Investments Co,784117103,4579275000.0,58357,0.01804355535520522
ACM,AECOM,00766T100,4532104000.0,53432,0.01785768913191433
OGE,OGE Energy Corp,670837103,4517258000.0,94188,0.01779919196308228
BEN,Franklin Resources Inc,354613101,4501430000.0,190577,0.01773682545437464
HOMB,Home BancShares Inc/AR,436893200,4386548000.0,162887,0.01728415997210579
M,Macy's Inc,55616P104,4386444000.0,242479,0.01728375018458332
AXP,American Express Co,025816109,4352384000.0,14389,0.017149544770975647
ALLE,Allegion plc,G0176J109,4316856000.0,29712,0.017009555048877776
WDC,Western Digital Corp,958102105,4239659000.0,15674,0.016705378439533333
FLEX,Flex Ltd,Y2573F102,4239648000.0,64767,0.016705335096622302
CR,Crane Co,224408104,4239261000.0,24791,0.01670381021420697
AEE,Ameren Corp,023608102,4234118000.0,38520,0.01668354543316809
KTB,Kontoor Brands Inc,50050N103,4229842000.0,60177,0.01666669686157131
EPAM,EPAM Systems Inc,29414B104,4229083000.0,31234,0.01666370620071023
MOG/A,Moog Inc,615394202,4223965000.0,14434,0.01664353992628733
SNDK,Sandisk Corp/DE,80004C200,4156394000.0,6542,0.016377292304358842
CRS,Carpenter Technology Corp,144285103,4153949000.0,10539,0.016367658357316246
DAR,Darling Ingredients Inc,237266101,4140425000.0,66943,0.016314370218337086
HHH,Howard Hughes Holdings Inc,44267T102,4128980000.0,65270,0.01626927388954261
IBM,IBM,459200101,4078696000.0,16827,0.016071141622430212
RBLX,ROBLOX Corp,771049103,4076164000.0,72068,0.016061164872364014
UUUU,Energy Fuels Inc/Canada,292671708,4070042000.0,223016,0.016037042572243455
AUPH,Aurinia Pharmaceuticals Inc,05156V102,4063911000.0,274218,0.016012884809741147
NKE,NIKE Inc,654106103,4054516000.0,76761,0.01597586602345682
CNX,CNX Resources Corp,12653C108,4037496000.0,104734,0.015908802719299377
HUBS,HubSpot Inc,443573100,4003240000.0,16400,0.015773825013822435
ESE,ESCO Technologies Inc,296315104,3926520000.0,13955,0.015471527910710842
SITM,SiTime Corp,82982T106,3892787000.0,11272,0.015338610963640151
PLXS,Plexus Corp,729132100,3867501000.0,19095,0.01523897743197592
EWBC,East West Bancorp Inc,27579R104,3791475000.0,35514,0.01493941487252386
DUK,Duke Energy Corp,26441C204,3767537000.0,28773,0.014845092817593133
ATO,Atmos Energy Corp,049560105,3752032000.0,20312,0.01478399901436392
CMCSA,Comcast Corp,20030N101,3743870000.0,130403,0.014751838574379603
SMG,Scotts Miracle-Gro Co/The,810186106,3731119000.0,61357,0.014701596259966466
FOXA,Fox Corp,35137L105,3726620000.0,63812,0.014683869009355163
ARQT,Arcutis Biotherapeutics Inc,03969K108,3638182000.0,154422,0.014335399885202618
BR,Broadridge Financial Solutions,11133T103,3625905000.0,22316,0.014287025256228415
BAH,Booz Allen Hamilton Holding Co,099502106,3554188000.0,45549,0.014004441297106228
STRL,Sterling Infrastructure Inc,859241101,3501707000.0,8598,0.013797652268581729
NVT,nVent Electric PLC,G6700G107,3481454000.0,29434,0.013717850088846078
GIS,General Mills Inc,370334104,3464921000.0,93093,0.013652705693567873
APLS,Apellis Pharmaceuticals Inc,03753U106,3456281000.0,85913,0.013618661807086065
SMTC,Semtech Corp,816850101,3431294000.0,44626,0.013520206414548925
INVH,Invitation Homes Inc,46187W107,3429027000.0,137989,0.01351127383461209
AZZ,AZZ Inc,002474104,3425183000.0,27373,0.013496127457339397
WHD,Cactus Inc,127203107,3422009000.0,72240,0.0134836210573749
HOG,Harley-Davidson Inc,412822108,3416007000.0,168942,0.013459971589011036
AVAH,Aveanna Healthcare Holdings In,05356F105,3398750000.0,527756,0.013391974442134122
AMRK,A-Mark Precious Metals Inc,00181T107,3388965000.0,84555,0.013353418952640549
SPGI,S&P Global Inc,78409V104,3367842000.0,7918,0.013270188742668882
SFBS,ServisFirst Bancshares Inc,81768T108,3357100000.0,46095,0.013227862419915692
RCL,Royal Caribbean Cruises Ltd,V7780T103,3312066000.0,12036,0.013050416542158556
HST,Host Hotels & Resorts Inc,44107P104,3293814000.0,171911,0.012978498831965739
AMKR,Amkor Technology Inc,031652100,3252607000.0,72232,0.012816132346982432
TBPH,Theravance Biopharma Inc,G8807B106,3239328000.0,199589,0.01276380957283985
N/A,National Energy Services Reuni,G6375R107,3225632000.0,150239,0.012709843708342767
DCOM,Dime Community Bancshares Inc,25432X102,3181413000.0,94069,0.012535609146266493
MYRG,MYR Group Inc,55405W104,3159161000.0,11190,0.012447930377517286
URBN,Urban Outfitters Inc,917047102,3136079000.0,49504,0.012356981189117627
MCK,McKesson Corp,58155Q103,3114430000.0,3599,0.012271678399945795
INTC,Intel Corp,458140100,3092366000.0,70074,0.012184740400948739
CPRX,Catalyst Pharmaceuticals Inc,14888U101,3079080000.0,124357,0.012132390044953683
FWONK,Liberty Media Corp-Liberty For,531229755,3062250000.0,36018,0.012066075391077664
NUTX,Nutex Health Inc,67079U306,3046888000.0,32059,0.012005545045691844
EMR,Emerson Electric Co,291011104,3034293000.0,23159,0.011955917412562404
APP,AppLovin Corp,03831W108,3031168000.0,7616,0.011943604085565223
HUM,Humana Inc,444859102,3021671000.0,17427,0.01190618339228771
OMC,Omnicom Group Inc,681919106,3004794000.0,39899,0.011839683545973655
MC,Moelis & Co,60786M105,2977908000.0,52244,0.011733745590886867
NXT,NEXTracker Inc,65290E101,2962997000.0,24579,0.011674992304853278
EW,Edwards Lifesciences Corp,28176E108,2947665000.0,36809,0.011614580167406628
VCYT,Veracyte Inc,92337F107,2944028000.0,91401,0.011600249424914229
TTEK,Tetra Tech Inc,88162G103,2894080000.0,96085,0.011403441086720565
SGHC,Super Group SGHC Ltd,G8588X103,2848554000.0,263755,0.011224056598760992
LII,Lennox International Inc,526107107,2835834000.0,6110,0.011173936432551667
SB,Safe Bulkers Inc,Y7388L103,2830826000.0,447208,0.011154203587239064
BOOT,Boot Barn Holdings Inc,099406100,2801183000.0,19139,0.011037402322542283
PIPR,Piper Sandler Cos,724078209,2782746000.0,36352,0.010964755663391234
SUI,Sun Communities Inc,866674104,2771499000.0,22003,0.0109204395069953
GNRC,Generac Holdings Inc,368736104,2770366000.0,14183,0.010915975187159203
NVEC,NVE Corp,629445206,2765477000.0,42221,0.010896711233338654
PRIM,Primoris Services Corp,74164F103,2757097000.0,19275,0.010863691815663013
BIRK,Birkenstock Holding Plc,M2029K104,2752713000.0,76827,0.010846417695485206
WELL,Welltower Inc,95040Q104,2732946000.0,13823,0.010768530484364158
LECO,Lincoln Electric Holdings Inc,533900106,2730415000.0,10962,0.0107585576745626
ROKU,Roku Inc,77543R102,2708781000.0,28628,0.010673313989360356
TK,Teekay Corp Ltd,G8726T105,2707726000.0,221763,0.010669157010166106
RNGR,Ranger Energy Services Inc,75282U104,2705394000.0,157841,0.010659968313027731
DUOL,Duolingo Inc,26603R106,2684159000.0,27231,0.010576296793416486
EXPO,Exponent Inc,30214U102,2680733000.0,41084,0.010562797446762936
KMB,Kimberly-Clark Corp,494368103,2656012000.0,27532,0.010465390164619797
GNK,Genco Shipping & Trading Ltd,Y2685T131,2634269000.0,116819,0.010379716990571889
TDW,Tidewater Inc,88642R109,2625559000.0,31425,0.010345397285565347
COKE,Coca-Cola Consolidated Inc,191098102,2619551000.0,13662,0.010321724175613648
MRX,Marex Group PLC,G5S37H101,2601957000.0,58366,0.010252399159553357
PDD,PDD Holdings Inc,722304102,2567068000.0,25123,0.010114927266559869
SPXC,SPX Technologies Inc,78473E103,2552034000.0,12764,0.01005568932797567
NRDS,NerdWallet Inc,64082B102,2543952000.0,245082,0.010023844109162482
CSTM,Constellium SE,F21107101,2526971000.0,102806,0.00995693447532596
TTMI,TTM Technologies Inc,87305R109,2522788000.0,25896,0.009940452348340612
WRB,W R Berkley Corp,084423102,2521821000.0,38048,0.009936642112434604
INDV,Indivior Pharmaceuticals Inc,45579U109,2504510000.0,82169,0.00986843219126718
GPOR,Gulfport Energy Corp,402635502,2492930000.0,11783,0.009822803926746426
TGT,Target Corp,87612E106,2482661000.0,20484,0.00978234134916753
CURI,CuriosityStream Inc,23130Q107,2478085000.0,837191,0.009764310698179018
BX,Blackstone Inc,09260D107,2468030000.0,21463,0.009724691337232886
ADMA,ADMA Biologics Inc,000899104,2457712000.0,272776,0.009684035686686675
PNW,Pinnacle West Capital Corp,723484101,2453565000.0,24353,0.009667695409228336
NTST,NETSTREIT Corp,64119V303,2449878000.0,130105,0.009653167653503983
VIAV,Viavi Solutions Inc,925550105,2445247000.0,73475,0.009634920287960319
GNE,Genie Energy Ltd,372284208,2443858000.0,172833,0.009629447260376612
CDE,Coeur Mining Inc,192108504,2436384000.0,129802,0.009599997722463994
SE,Sea Ltd,81141R100,2433372000.0,29385,0.009588129645371032
FIGS,Figs Inc,30260D103,2432632000.0,164701,0.0095852138495381
RIGL,Rigel Pharmaceuticals Inc,766559702,2423785000.0,89637,0.009550354328275999
PAG,Penske Automotive Group Inc,70959W103,2413253000.0,16140,0.00950885546109702
TRGP,Targa Resources Corp,87612G101,2400489000.0,9574,0.009458561923243574
CSX,CSX Corp,126408103,2385416000.0,58110,0.00939917031433845
HL,Hecla Mining Co,422704106,2375325000.0,127500,0.009359409103865313
AMBQ,Ambiq Micro Inc,023193105,2352559000.0,92584,0.00926970503909161
BLBD,Blue Bird Corp,095306106,2347415000.0,41335,0.00924943631778809
CWCO,Consolidated Water Co Ltd,G23773107,2327971000.0,70289,0.00917282181214547
TPC,Tutor Perini Corp,901109108,2325813000.0,30131,0.009164318721054296
KE,Kimball Electronics Inc,49428J109,2320080000.0,97935,0.009141729183878348
BMRC,Bank of Marin Bancorp,063425102,2317261000.0,90412,0.00913062157786073
GOGO,Gogo Inc,38046C109,2307344000.0,573966,0.009091545973434798
APAM,Artisan Partners Asset Managem,04316A108,2284419000.0,62776,0.009001215406583477
TRL,DaVita Inc,23918K108,2269848000.0,14769,0.008943801810527181
INVX,Innovex International Inc,457651107,2268928000.0,93027,0.00894017676705921
ARLO,Arlo Technologies Inc,04206A101,2252253000.0,158275,0.008874472854202252
ST,Sensata Technologies Holding P,G8060N102,2246015000.0,63771,0.00884989348338356
SLAB,Silicon Laboratories Inc,826919102,2244065000.0,10781,0.008842209967337318
PJT,PJT Partners Inc,69343T107,2243485000.0,16057,0.008839924613846641
ROST,Ross Stores Inc,778296103,2225873000.0,10275,0.008770528673022849
GCMG,GCM Grosvenor Inc,36831E108,2219671000.0,226497,0.008746091151731163
AXON,Axon Enterprise Inc,05464C101,2208387000.0,5200,0.008701629205543583
NG,Novagold Resources Inc,66987E206,2181870000.0,242970,0.008597145208108621
CXW,CoreCivic Inc,21871N101,2181419000.0,115358,0.008595368148756388
AII,American Integrity Insurance G,026948109,2152997000.0,111670,0.008483377947183946
WMB,Williams Cos Inc/The,969457100,2143371000.0,29450,0.00844544895976799
NAGE,ChromaDex Corp,171077407,2123160000.0,481442,0.008365812271147181
NIC,Nicolet Bankshares Inc,65406E102,2120213000.0,14266,0.00835420031125576
SLDE,Slide Insurance Holdings Inc,831349105,2113488000.0,117416,0.008327702031557827
ASC,Ardmore Shipping Corp,Y0207T100,2110524000.0,138395,0.00831602308716754
TREE,LendingTree Inc,52603B107,2102365000.0,49029,0.00828387446797714
IBEX,IBEX Holdings Ltd,G4690M101,2082091000.0,77632,0.008203989542684068
BOH,Bank of Hawaii Corp,062540109,2057691000.0,27713,0.008107847085490078
MDXG,MiMedx Group Inc,602496101,2049448000.0,518847,0.008075367484069994
CNC,Centene Corp,15135B101,2047103000.0,62526,0.008066127563491308
FCFS,FirstCash Holdings Inc,33768G107,2025512000.0,10774,0.007981053309668546
SSNC,SS&C Technologies Holdings Inc,78467J100,2017980000.0,29865,0.00795137523640686
PSTL,Postal Realty Trust Inc,73757R102,2013833000.0,108504,0.007935034958948522
CMCL,Caledonia Mining Corp PLC,G1757E113,2002987000.0,88667,0.007892298848672864
HII,Huntington Ingalls Industries,446413106,1999794000.0,5264,0.007879717583680224
SBAC,SBA Communications Corp,78410G104,1990452000.0,11565,0.007842907631421772
ATI,ATI Inc,01741R102,1974475000.0,13574,0.007779954023282905
RSI,Rush Street Interactive Inc,782011100,1968114000.0,90488,0.007754889999913602
MH,McGraw Hill Inc,580907103,1965430000.0,143462,0.007744314329622264
HCI,HCI Group Inc,40416E103,1944222000.0,12575,0.007660749197156274
APPN,Appian Corp,03782L101,1943844000.0,80624,0.007659259777122696
BVN,Cia de Minas Buenaventura SAA,204448104,1935528000.0,53705,0.007626492536383957
BCPC,Balchem Corp,057665200,1902582000.0,11226,0.0074966765775842355
KROS,Keros Therapeutics Inc,492327101,1901044000.0,172196,0.0074906164505693035
TDG,TransDigm Group Inc,893641100,1896058000.0,1636,0.0074709702910787604
JBTM,John Bean Technologies Corp,477839104,1890686000.0,14786,0.007449803189437528
SYM,Symbotic Inc,87151X101,1889984000.0,35526,0.00744703712366088
GWRE,Guidewire Software Inc,40171V100,1889093000.0,12631,0.007443526347867444
APLD,Applied Digital Corp,038169207,1879758000.0,79181,0.007406743977461464
TCMD,Tactile Systems Technology Inc,87357P100,1873495000.0,71699,0.007382066100026795
CASH,Pathward Financial Inc,59100U108,1870439000.0,20962,0.007370024651289711
TRN,Trinity Industries Inc,896522109,1866569000.0,58004,0.007354775827136403
RUSHB,Rush Enterprises Inc,781846308,1834684000.0,28511,0.007229140489118764
BF/A,Brown-Forman Corp,115637100,1833990000.0,68458,0.00722640594545923
MAS,Masco Corp,574599106,1816835000.0,30095,0.007158810705575506
TARS,Tarsus Pharmaceuticals Inc,87650L103,1815553000.0,25881,0.007153759286308182
OIS,Oil States International Inc,678026105,1813687000.0,155815,0.007146406752491625
FMF,FormFactor Inc,346375108,1803045000.0,18590,0.007104474456202344
ALRS,Alerus Financial Corp,01446U103,1792878000.0,75617,0.007064413785616635
IRWD,Ironwood Pharmaceuticals Inc,46333X108,1787457000.0,509247,0.007043053611008087
FHN,First Horizon Corp,320517105,1779855000.0,78201,0.007013099719221662
FVR,FrontView REIT Inc,35922N100,1757810000.0,113627,0.006926236585252749
HBT,HBT Financial Inc,404111106,1749599000.0,65479,0.006893883072301116
N/A,Lifezone Metals Ltd,G5568L109,1734660000.0,516268,0.006835019458857631
SHC,Sotera Health Co,83601L102,1733003000.0,120851,0.006828490440350647
VSAT,Viasat Inc,92552V100,1730095000.0,37775,0.006817032150780149
ZUMZ,Zumiez Inc,989817101,1713943000.0,77344,0.00675338899632944
VTRS,Viatris Inc,92556V106,1712095000.0,126728,0.0067461073872763875
GCT,GigaCloud Technology Inc,G38644103,1706064000.0,37595,0.0067223436512379876
SO,Southern Co/The,842587107,1698366000.0,17596,0.006692011494046211
TG,Tredegar Corp,894650100,1689122000.0,212468,0.00665558768772239
ABT,Abbott Laboratories,002824100,1683377000.0,16396,0.006632950867370773
ANIP,ANI Pharmaceuticals Inc,00182C103,1677727000.0,21817,0.006610688372159869
VMI,Valmont Industries Inc,920253101,1667006000.0,4172,0.006568444794964099
PRVA,Privia Health Group Inc,74276R102,1663475000.0,80869,0.0065545317205234445
DAVE,Dave Inc,23834J201,1655247000.0,9508,0.006522111223072948
ESOA,Energy Services of America Cor,29271Q103,1655077000.0,126053,0.006521441378084301
REAL,RealReal Inc/The,88339P101,1652949000.0,182043,0.0065130564949323
SMBK,SmartFinancial Inc,83190L208,1644056000.0,42069,0.006478015721496803
NVGS,Navigator Holdings Ltd,Y62132108,1642025000.0,84947,0.006470013044014794
NEE,NextEra Energy Inc,65339F101,1641376000.0,17672,0.0064674558122640195
KTOS,Kratos Defense & Security Solu,50077B207,1636256000.0,23206,0.006447281657311839
PRAX,Praxis Precision Medicines Inc,74006W207,1630281000.0,5060,0.006423738576093227
HRTG,Heritage Insurance Holdings In,42727J102,1626451000.0,61960,0.006408647362525483
USLM,United States Lime & Minerals,911922102,1618520000.0,12392,0.006377397123672797
MCHP,Microchip Technology Inc,595017104,1607109000.0,24874,0.006332434763876051
VVX,V2X Inc,92242T101,1596599000.0,23308,0.006291022582519131
FICO,Fair Isaac Corp,303250104,1594905000.0,1494,0.006284347774220499
ZS,Zscaler Inc,98980G102,1593273000.0,11357,0.006277917262329492
MKTX,MarketAxess Holdings Inc,57060D108,1580673000.0,9581,0.006228269927876857
TILE,Interface Inc,458665304,1580452000.0,63421,0.006227399129391617
ULS,UL Solutions Inc,903731107,1569350000.0,18310,0.0061836543113683515
OMF,OneMain Holdings Inc,68268W103,1555382000.0,29078,0.006128616694889432
FHI,Federated Hermes Inc,314211103,1542001000.0,27191,0.006075892013753662
SNEX,StoneX Group Inc,861896108,1538883000.0,19081,0.0060636062686089546
IDR,Idaho Strategic Resources Inc,645827205,1535143000.0,47794,0.006048869678858728
FSBC,Five Star Bancorp,33830T103,1529696000.0,40554,0.006027407057369562
APO,Apollo Global Management Inc,03769M106,1522889000.0,13668,0.006000585675971222
SWX,Southwest Gas Holdings Inc,844895102,1519968000.0,17491,0.005989076162960417
PLPC,Preformed Line Products Co,740444104,1519450000.0,5612,0.005987035105877365
XIFR,XPLR Infrastructure LP,65341B106,1518415000.0,142977,0.005982956931975898
LIN,Linde PLC,G54950103,1504136000.0,3034,0.0059266938931942185
KO,Coca-Cola Co/The,191216100,1498185000.0,19700,0.005903245378326947
RE,Everest Group Ltd,G3223R108,1492397000.0,4566,0.005880439126595848
PINE,Alpine Income Property Trust I,02083X103,1490490000.0,82805,0.005872925041929088
OGN,Organon & Co,68622V106,1478643000.0,246852,0.005826244726749695
AMSC,American Superconductor Corp,030111207,1472881000.0,43512,0.005803540921899213
SONO,Sonos Inc,83570H108,1469269000.0,109647,0.005789308686022791
BOW,Bowhead Specialty Holdings Inc,10240L102,1465037000.0,65316,0.005772633486070129
OLLI,Ollie's Bargain Outlet Holding,681116109,1464541000.0,15912,0.005770679114809135
LOW,Lowe's Cos Inc,548661107,1459029000.0,6175,0.005748960376118427
COMM,CommScope Holding Co Inc,20337X109,1455817000.0,79990,0.005736304246097645
TCBX,Third Coast Bancshares Inc,88422P109,1448132000.0,38280,0.005706023312346178
ASLE,AerSale Corp,00810F106,1414926000.0,227480,0.005575182884740291
BA,Boeing Co/The,097023105,1410924000.0,7089,0.0055594139456546215
UVE,Universal Insurance Holdings I,91359V107,1408964000.0,41246,0.005551691026961989
EXPI,eXp World Holdings Inc,30212W100,1397196000.0,233255,0.005505321992689085
MTZ,MasTec Inc,576323109,1387343000.0,4312,0.005466498565200053
AROW,Arrow Financial Corp,042744102,1378988000.0,41078,0.00543357765414039
AEP,American Electric Power Co Inc,025537101,1376734000.0,10503,0.005424696297643863
BCBP,BCB Bancorp Inc,055298103,1375171000.0,153137,0.005418537664012953
CIEN,Ciena Corp,171779309,1373558000.0,3538,0.0054121820171500875
SAM,Boston Beer Co Inc/The,100557107,1367654000.0,5936,0.005388918694720853
UNP,Union Pacific Corp,907818108,1358915000.0,5601,0.0053544847220397766
AAOI,Applied Optoelectronics Inc,03823U102,1342612000.0,15872,0.005290246587628563
HAYW,Hayward Holdings Inc,421298100,1332849000.0,99615,0.0052517777839570495
WFRD,Weatherford International PLC,G48833118,1331215000.0,14075,0.005245339391536764
STE,STERIS PLC,G8473T100,1326117000.0,5997,0.005225251922406643
TNGX,Tango Therapeutics Inc,87583X109,1322561000.0,63220,0.00521124034135001
CMS,CMS Energy Corp,125896100,1321807000.0,17038,0.00520826938181213
MPB,Mid Penn Bancorp Inc,59540G107,1320972000.0,41075,0.005204979260838483
CRSR,Corsair Gaming Inc,22041X102,1319525000.0,237752,0.0051992776979057085
IPI,Intrepid Potash Inc,46121Y201,1319325000.0,30847,0.005198489644977889
ARWR,Arrowhead Pharmaceuticals Inc,04280A100,1314819000.0,20970,0.0051807348125141135
CTGO,Contango ORE Inc,21077F100,1308244000.0,69773,0.005154827572512045
CWBC,Community West Bancshares,203937107,1306245000.0,56062,0.005146950983498488
OSK,Oshkosh Corp,688239201,1303103000.0,8852,0.005134570672002442
BFH,Bread Financial Holdings Inc,018581108,1295747000.0,17302,0.005105586085317238
FSLY,Fastly Inc,31188V100,1291425000.0,44440,0.005088556261547057
GTX,Garrett Motion Inc,366505105,1287926000.0,70882,0.0050747692755748535
SKWD,Skyward Specialty Insurance Gr,830940102,1279606000.0,29295,0.005041986273777558
PPTA,Perpetua Resources Corp,714266103,1275945000.0,45375,0.005027560964933821
CTO,CTO Realty Growth Inc,22948Q101,1275163000.0,68965,0.005024479677986046
RBRK,Rubrik Inc,781154109,1273710000.0,26010,0.005018754473465436
FIVE,Five Below Inc,33829M101,1273547000.0,5574,0.0050181122103292635
PLNT,Planet Fitness Inc,72703H101,1272791000.0,17112,0.005015133370262106
QUBT,Quantum Computing Inc,74766W108,1271421000.0,185609,0.005009735207706542
MLYS,Mineralys Therapeutics Inc,603170101,1268759000.0,46835,0.004999246223237263
STRA,Strategic Education Inc,86272C103,1258338000.0,15168,0.004958184725433223
QNST,QuinStreet Inc,74874Q100,1250048000.0,104084,0.0049255199315751015
INVA,Innoviva Inc,45781M101,1247320000.0,53533,0.004914770889639642
YOU,Clear Secure Inc,18467V109,1244186000.0,25701,0.004902422100260709
EFX,Equifax Inc,294429105,1240143000.0,6887,0.004886491610324836
LYTS,LSI Industries Inc,50216C108,1237737000.0,66545,0.0048770113336031665
MCY,Mercury General Corp,589400100,1237186000.0,14035,0.004874840247787024
ASTS,AST SpaceMobile Inc,00217D100,1228630000.0,14826,0.004841127343534902
RBC,RBC Bearings Inc,75524B104,1213873000.0,2235,0.004782980858255733
DHI,DR Horton Inc,23331A109,1210005000.0,8818,0.004767739914631702
JOUT,Johnson Outdoors Inc,479167108,1206748000.0,25946,0.00475490647270216
PANL,Pangaea Logistics Solutions Lt,G6891L105,1192315000.0,168406,0.0046980366331660596
SBRA,Sabra Health Care REIT Inc,78573L106,1184337000.0,61588,0.004666601201875337
PAYC,Paycom Software Inc,70432V102,1180640000.0,9714,0.004652034043504592
IMMR,Immersion Corp,452521107,1172814000.0,214801,0.004621197532439011
REX,REX American Resources Corp,761624105,1170010000.0,25675,0.0046101490303909805
WSFS,WSFS Financial Corp,929328102,1169771000.0,17870,0.004609207307142236
WASH,Washington Trust Bancorp Inc,940610108,1168892000.0,34934,0.0046057438145244685
ORGO,Organogenesis Holdings Inc,68621F102,1165664000.0,491841,0.00459302464026946
KSS,Kohl's Corp,500255104,1160291000.0,89945,0.004571853598363588
HON,Honeywell International Inc,438516106,1152753000.0,5100,0.004542151883514067
DBI,Designer Brands Inc,250565108,1144048000.0,201063,0.00450785187983072
LPG,Dorian LPG Ltd,Y2106R110,1143135000.0,33425,0.004504254418215224
RIG,Transocean Ltd,H8817H100,1129460000.0,170356,0.004450371299275558
ROAD,Construction Partners Inc,21044C107,1120978000.0,10088,0.00441694997460673
RMBS,Rambus Inc,750917106,1120798000.0,13028,0.004416240726971692
COGT,Cogent Biosciences Inc,19240Q201,1119520000.0,29086,0.0044112050687629255
SLNO,Soleno Therapeutics Inc,834203309,1117294000.0,33372,0.004402434039676293
GS,Goldman Sachs Group Inc/The,38141G104,1114169000.0,1317,0.004390120712679112
ACAD,ACADIA Pharmaceuticals Inc,004225108,1111531000.0,49934,0.004379726294561172
CA8A,CACI International Inc,127190304,1107320000.0,2036,0.004363133840165931
IDT,IDT Corp,448947507,1102492000.0,22454,0.004344110242488366
DAN,Dana Inc,235825205,1099480000.0,32674,0.004332242165395402
PTON,Peloton Interactive Inc,70614W100,1098248000.0,256002,0.004327387759360034
EU,Encore Energy Corp,29259W700,1092976000.0,607209,0.004306614684182709
PL,Planet Labs PBC,72703X106,1090638000.0,39021,0.004297402345456498
USFD,US Foods Holding Corp,912008109,1090475000.0,11826,0.004296760082320326
RGTI,Rigetti Computing Inc,76655K103,1086176000.0,77363,0.004279820884636843
BKU,BankUnited Inc,06652K103,1085375000.0,24034,0.004276664732660926
APEI,American Public Education Inc,02913V103,1083052000.0,19041,0.004267511497904302
FLYW,Flywire Corp,302492103,1082322000.0,92983,0.00426463510471776
NWFL,Norwood Financial Corp,669549107,1081892000.0,36774,0.0042629407909229484
BDC,Belden Inc,077454106,1081125000.0,9415,0.004259918607944759
ROOT,Root Inc/OH,77664L207,1080929000.0,24472,0.004259146316075497
AMBA,Ambarella Inc,G037AX101,1072842000.0,20842,0.004227281395939112
BBAI,BigBear.ai Holdings Inc,08975B109,1061745000.0,301632,0.004183556279239041
URI,United Rentals Inc,911363109,1045484000.0,1435,0.00411948363594267
POWL,Powell Industries Inc,739128106,1038873000.0,1920,0.004093434546413594
HCC,Warrior Met Coal Inc,93627C101,1037598000.0,11139,0.004088410708998744
SFIX,Stitch Fix Inc,860897107,1037392000.0,313411,0.00408759901448309
UFCS,United Fire Group Inc,910340108,1037273000.0,27989,0.004087130122991037
RXRX,Recursion Pharmaceuticals Inc,75629V104,1030366000.0,335624,0.004059914715128787
LGND,Ligand Pharmaceuticals Inc,53220K504,1028198000.0,5150,0.004051372221391223
RDN,Radian Group Inc,750236101,1020651000.0,30854,0.004021635044159951
VICR,Vicor Corp,925815102,1020096000.0,6336,0.004019448197285252
NUVL,Nuvalent Inc,670703107,1018251000.0,9939,0.004012178409026116
NET,Cloudflare Inc,18915M107,1017256000.0,4930,0.004008257845710214
VRSK,Verisk Analytics Inc,92345Y106,1012885000.0,5338,0.0039910349489727165
HNRG,Hallador Energy Co,40609P105,1011803000.0,62150,0.003986771582633213
ECG,Everus Construction Group Inc,300426103,1008469000.0,8542,0.00397363474032646
TKO,TKO Group Holdings Inc,87256C101,1004621000.0,4982,0.003958472601995211
HUBB,Hubbell Inc,443510607,996693000.0,2031,0.003927234183936442
ARES,Ares Management Corp,03990B101,996083000.0,9130,0.003924830622506593
EVER,EverQuote Inc,30041R108,995840000.0,64581,0.003923873138199292
ZYME,Zymeworks Inc,98985Y108,995338000.0,39750,0.003921895125350464
GH,Guardant Health Inc,40131M109,994456000.0,10766,0.003918419811938781
PRDO,Perdoceo Education Corp,71363P106,992503000.0,26673,0.003910724475098623
STOK,Stoke Therapeutics Inc,86150R107,992396000.0,30479,0.003910302866782239
FET,Forum Energy Technologies Inc,34984V209,987247000.0,16830,0.003890014444155524
CTRN,Citi Trends Inc,17306X102,984231000.0,22720,0.0038781306060040044
ENVA,Enova International Inc,29357K103,983273000.0,7239,0.0038743558324797487
VOXR,Vox Royalty Corp,92919F103,976380000.0,186332,0.003847195588322446
THO,Thor Industries Inc,885160101,969865000.0,12140,0.003821524764198723
MOV,Movado Group Inc,624580106,966666000.0,39585,0.003808919857618249
CMRE,Costamare Inc,Y1771G102,965616000.0,57137,0.003804782579747196
TROW,T Rowe Price Group Inc,74144T108,965489000.0,10711,0.0038042821661380304
JPX,AeroVironment Inc,008073108,965222000.0,5273,0.0038032301154793916
TDUP,ThredUp Inc,88556E102,964920000.0,294183,0.003802040155558384
PCAR,PACCAR Inc,693718108,962346000.0,8332,0.0037918979143773458
XEL,Xcel Energy Inc,98389B100,960588000.0,12092,0.0037849709291418116
CNR,Core Natural Resources Inc,218937100,957547000.0,9143,0.0037729885843743143
BSVN,Bank7 Corp,06652N107,956722000.0,23990,0.0037697378660470587
ENPH,Enphase Energy Inc,29355A107,949901000.0,25123,0.0037428613209437717
VTEX,VTEX,G9470A102,936420000.0,234105,0.0036897426133440927
PGY,Pagaya Technologies Ltd,M7S64L123,934237000.0,80192,0.0036811410156369416
ORC,Orchid Island Capital Inc,68571X301,932452000.0,132639,0.0036741076432561517
RELL,Richardson Electronics Ltd/Uni,763165107,929916000.0,84924,0.0036641151321313995
STEP,StepStone Group Inc,85914M107,925911000.0,19403,0.0036483343722518123
GRDN,Guardian Pharmacy Services Inc,40145W101,921841000.0,24478,0.003632297495170684
KRT,Karat Packaging Inc,48563L101,917592000.0,32865,0.0036155553107191565
BKTI,BK Technologies Corp,05587G203,915485000.0,12267,0.0036072531731245775
ETR,Entergy Corp,29364G103,904273000.0,8048,0.003563074925991011
BROS,Dutch Bros Inc,26701L100,896226000.0,17691,0.0035313676164401902
UNTY,Unity Bancorp Inc,913290102,884790000.0,17071,0.0034863067500274657
GEVO,Gevo Inc,374396406,877764000.0,321525,0.0034586224506731635
BBUC,Brookfield Business Corp,11259V106,875904000.0,35292,0.0034512935584444415
VLTO,Veralto Corp,92338C103,872440000.0,9867,0.003437644481734606
ANAB,AnaptysBio Inc,032724106,868725000.0,15664,0.0034230063986003577
CPT,Camden Property Trust,133131102,868393000.0,8892,0.003421698230740177
BMBL,Bumble Inc,12047B105,857180000.0,262939,0.0033775160433419716
COLL,Collegium Pharmaceutical Inc,19459J104,854561000.0,25841,0.003367196490252174
MKL,Markel Group Inc,570535104,853675000.0,446,0.003363705415781933
PNR,Pentair PLC,G7S00T104,853590000.0,9799,0.0033633704932876105
AGX,Argan Inc,04010E109,852922000.0,1566,0.003360738396508693
SENEA,Seneca Foods Corp,817070501,849294000.0,5620,0.003346443116398045
GIC,Global Industrial Co,37892E102,847668000.0,26893,0.0033400362460948726
NB,NioCorp Developments Ltd,654484609,843649000.0,189159,0.0033242003225103377
CENX,Century Aluminum Co,156431108,843199000.0,14367,0.0033224272034227433
GHM,Graham Corp,384556106,842471000.0,10675,0.00331955869076548
PLAB,Photronics Inc,719405102,841861000.0,20833,0.0033171551293356308
ESQ,Esquire Financial Holdings Inc,29667J101,837104000.0,7787,0.0032984112904474415
AKBA,Akebia Therapeutics Inc,00972D105,835818000.0,601308,0.0032933441101215617
GXO,GXO Logistics Inc,36262G101,830119000.0,16010,0.003270888541943342
COP,ConocoPhillips,20825C104,826848000.0,6264,0.0032579999363088535
BRZE,Braze Inc,10576N102,824485000.0,34921,0.0032486890909666642
MSM,MSC Industrial Direct Co Inc,553530106,820280000.0,8890,0.003232120278159258
TGTX,TG Therapeutics Inc,88322Q108,809606000.0,24371,0.003190061893401526
VNO,Vornado Realty Trust,929042109,806860000.0,31045,0.0031792419267025634
FLXS,Flexsteel Industries Inc,339382103,805415000.0,17922,0.0031735482442990666
PAGS,Pagseguro Digital Ltd,G68707101,804135000.0,80253,0.0031685047055610214
RYTM,Rhythm Pharmaceuticals Inc,76243J105,801778000.0,9219,0.0031592175018066676
TMO,Thermo Fisher Scientific Inc,883556102,801685000.0,1631,0.0031588510571952315
RYI,Ryerson Holding Corp,783754104,795859000.0,35403,0.003135895075407847
LQDA,Liquidia Corp,53635D202,793710000.0,21031,0.0031274274466984255
NWN,Northwest Natural Holding Co,66765N105,790477000.0,14853,0.003114688571120222
DE,Deere & Co,244199105,790310000.0,1403,0.003114030546925493
EL,Estee Lauder Cos Inc/The,518439104,789256000.0,10997,0.0031098775079958832
RRBI,Red River Bancshares Inc,75686R202,787913000.0,8712,0.0031045857325855747
N/A,Kiniksa Pharmaceuticals Intern,G52694109,781427000.0,16229,0.0030790291761363855
D,Dominion Energy Inc,25746U109,779240000.0,12605,0.0030704118173706784
PECO,Phillips Edison & Co Inc,71844V201,773995000.0,20684,0.0030497451293386097
QTWO,Q2 Holdings Inc,74736L109,769524000.0,16269,0.0030321282061372026
CTS,CTS Corp,126501105,769222000.0,16106,0.003030938246216195
CPF,Central Pacific Financial Corp,154760409,767839000.0,24025,0.0030254888602203227
PACS,PACS Group Inc,69380Q107,761340000.0,23703,0.002999881080330825
BWMN,Bowman Consulting Group Ltd,103002101,760912000.0,26755,0.002998194647065291
VLGEA,Village Super Market Inc,927107409,750004000.0,17760,0.002955214240382011
TVTX,Travere Therapeutics Inc,89422G107,749226000.0,25218,0.002952148714492793
EQIX,Equinix Inc,29444U700,746943000.0,762,0.0029431530903217323
SITC,SITE Centers Corp,82981J851,739482000.0,136941,0.0029137547758494226
MPW,Medical Properties Trust Inc,58463J304,738749000.0,159557,0.002910866561868964
MOD,Modine Manufacturing Co,607828100,737465000.0,3403,0.002905807262072362
HWC,Hancock Whitney Corp,410120109,736754000.0,11586,0.002903005733913963
BWB,Bridgewater Bancshares Inc,108621103,736585000.0,41615,0.002902339829189956
AWR,American States Water Co,029899101,736539000.0,9740,0.0029021585770165575
CMG,Chipotle Mexican Grill Inc,169656105,731556000.0,22854,0.0028825242383199324
HCSG,Healthcare Services Group Inc,421906108,723173000.0,38985,0.0028494929998503743
BRK/A,Berkshire Hathaway Inc,084670108,718140000.0,1,0.002829661647921794
PKBK,Parke Bancorp Inc,700885106,711988000.0,25070,0.0028054211398620636
UHT,Universal Health Realty Income,91359E105,711301000.0,17576,0.0028027141780550035
GSAT,Globalstar Inc,378973507,710429000.0,10696,0.00279927826728971
CTRI,Centuri Holdings Inc,155923105,707027000.0,24205,0.002785873486987499
SWBI,Smith & Wesson Brands Inc,831754106,706756000.0,49320,0.0027848056752703032
FUNC,First United Corp,33741H107,706309000.0,19277,0.0027830443769766263
WAB,Westinghouse Air Brake Technol,929740108,701248000.0,2806,0.002763102697638152
TENB,Tenable Holdings Inc,88025T102,697845000.0,41256,0.0027496939770713016
OLED,Universal Display Corp,91347P105,695791000.0,7591,0.0027416006735025943
DAL,Delta Air Lines Inc,247361702,693652000.0,10434,0.002733172447439564
BIGC,BigCommerce Holdings Inc,08975P108,679460000.0,254479,0.002677252211681486
BELFB,Bel Fuse Inc,077347300,677091000.0,3420,0.002667917724751463
AFG,American Financial Group Inc/O,025932104,676097000.0,5294,0.0026640011017001995
GENI,Genius Sports Ltd,G3934V109,673396000.0,152008,0.002653358446909996
MGY,Magnolia Oil & Gas Corp,559663109,673167000.0,21323,0.0026524561263076424
PCB,PCB Bancorp,69320M109,670922000.0,29832,0.002643610232192868
RBB,RBB Bancorp,74930B105,668645000.0,31289,0.002634638249609642
RCKY,Rocky Brands Inc,774515100,668268000.0,17259,0.0026331527698407018
SNDX,Syndax Pharmaceuticals Inc,87164F105,666648000.0,28538,0.002626769541125363
DAKT,Daktronics Inc,234264109,658913000.0,33704,0.0025962915941419406
BFST,Business First Bancshares Inc,12326C105,658912000.0,24368,0.0025962876538773013
JOE,St Joe Co/The,790148100,654250000.0,10418,0.0025779181401298272
WGS,GeneDx Holdings Corp,81663L200,648814000.0,10103,0.0025564988615516906
LPLA,LPL Financial Holdings Inc,50212V100,646785000.0,2150,0.0025485040645989608
TOL,Toll Brothers Inc,889478103,645230000.0,4728,0.0025423769530851636
FI,Fiserv Inc,337738108,643263000.0,11528,0.002534626452540058
ELMD,Electromed Inc,285409108,640240000.0,27349,0.0025227150325360646
CAC,Camden National Corp,133034108,639625000.0,13480,0.0025202917697830195
RBCAA,Republic Bancorp Inc/KY,760281204,638901000.0,9056,0.002517439018184313
ORRF,Orrstown Financial Services In,687380105,631184000.0,17494,0.0024870319959643936
LQDT,Liquidity Services Inc,53635B107,630598000.0,20628,0.002484723000885883
AIP,Arteris Inc,04302A104,630228000.0,38335,0.002483265102969416
WOOF,Petco Health & Wellness Co Inc,71601V105,629361000.0,226389,0.0024798488935273183
IOVA,Iovance Biotherapeutics Inc,462260100,628848000.0,179159,0.002477827537767461
QBTS,D-Wave Quantum Inc,26740W109,626969000.0,43449,0.002470423780510596
REAX,Real Brokerage Inc/The,75585H206,623903000.0,249561,0.0024583429291271217
PRG,PROG Holdings Inc,74319R101,619589000.0,21596,0.002441344627474053
OII,Oceaneering International Inc,675232102,618809000.0,17446,0.0024382712210555568
STNG,Scorpio Tankers Inc,Y7542C130,618408000.0,8283,0.0024366911749352784
NNN,NNN REIT Inc,637417106,617673000.0,14696,0.0024337950804255415
ADM,Archer-Daniels-Midland Co,039483102,615830000.0,8472,0.0024265331726956844
HSY,Hershey Co/The,427866108,615355000.0,2960,0.0024246615469921125
NEXN,Nexxen International Ltd,M8T80P204,614543000.0,94255,0.0024214620521051653
GLW,Corning Inc,219350105,606698000.0,4462,0.0023905506760114417
MTRN,Materion Corp,576690101,604637000.0,4180,0.002382429790590261
SPFI,South Plains Financial Inc,83946P107,602732000.0,14385,0.0023749235864527793
EE,Excelerate Energy Inc,30069T101,601995000.0,18013,0.002372019611413764
GDDY,GoDaddy Inc,380237107,600019000.0,7258,0.002364233648486907
NRIM,Northrim BanCorp Inc,666762109,596756000.0,26082,0.00235137656496953
BIOA,BioAge Labs Inc,09077V100,592894000.0,33899,0.002336159262933334
ARKO,Arko Corp,041242108,588337000.0,105816,0.002318203476972964
NE,Noble Corp PLC,G65431127,585700000.0,11936,0.002307812999119663
WLY,John Wiley & Sons Inc,968223206,584683000.0,15346,0.002303805749981701
AMN,AMN Healthcare Services Inc,001744101,583084000.0,31793,0.0022975052668237827
ITRI,Itron Inc,465741106,582415000.0,6498,0.0022948692297802263
OSCR,Oscar Health Inc,687793109,581610000.0,50707,0.0022916973167457525
PENG,Penguin Solutions Inc,706915105,579726000.0,32939,0.002284273858165692
FRST,Primis Financial Corp,74167B109,577216000.0,43465,0.002274383793921556
EBS,Emergent BioSolutions Inc,29089Q105,576759000.0,69489,0.0022725830929814883
TLS,Telos Corp,87969B101,575191000.0,137277,0.002266404758027383
CBAN,Colony Bankcorp Inc,19623P101,574198000.0,28753,0.0022624920752407586
LMAT,LeMaitre Vascular Inc,525558201,573689000.0,5255,0.002260486480539458
CBSH,Commerce Bancshares Inc/MO,200525103,569194000.0,11569,0.0022427749909867123
WEA,Western Alliance Bancorp,957638109,568996000.0,8031,0.0022419948185881714
THFF,First Financial Corp/IN,320218100,568105000.0,8989,0.002238484042794735
GBCI,Glacier Bancorp Inc,37637Q105,568024000.0,12716,0.002238164881358968
UVSP,Univest Financial Corp,915271100,567792000.0,16573,0.002237250739962697
SCVL,Shoe Carnival Inc,824889109,566151000.0,36315,0.0022307847656899376
PWR,Quanta Services Inc,74762E102,563843000.0,1027,0.0022216906349028995
NVTS,Navitas Semiconductor Corp,63942X106,563466000.0,64249,0.0022202051551339593
MAPS,WM Technology Inc,92971A109,562537000.0,854401,0.0022165446492842375
HBCP,Home Bancorp Inc,43689E107,561092000.0,9262,0.002210850966880741
KRYS,Krystal Biotech Inc,501147102,560813000.0,2171,0.002209751633046433
EGBN,Eagle Bancorp Inc,268948106,552711000.0,22224,0.0021778276089404612
DHR,Danaher Corp,235851102,552684000.0,2915,0.0021777212217952055
HTB,HomeTrust Bancshares Inc,437872104,549631000.0,12887,0.0021656915938520396
LDI,loanDepot Inc,53946R106,548301000.0,386128,0.0021604510418820394
WK,Workiva Inc,98139A105,547761000.0,9186,0.0021583232989769267
DORM,Dorman Products Inc,258278100,547159000.0,5243,0.0021559512596641896
ORIC,ORIC Pharmaceuticals Inc,68622P109,546546000.0,43137,0.0021535358774404227
PLD,Prologis Inc,74340W103,545771000.0,4129,0.0021504821723451217
MDGL,Madrigal Pharmaceuticals Inc,558868105,545456000.0,1042,0.0021492409889838056
PANW,Palo Alto Networks Inc,697435105,544767000.0,3398,0.0021465261466474673
AXSM,Axsome Therapeutics Inc,05464T104,537145000.0,3178,0.002116493449568263
TTD,Trade Desk Inc/The,88339J105,536731000.0,23655,0.002114862180007676
ZGN,Ermenegildo Zegna NV,N30577105,536005000.0,51440,0.0021120015478796913
NBBK,NB Bancorp Inc,63945M107,534651000.0,25375,0.0021066664295583525
BBIO,Bridgebio Pharma Inc,10806X102,530364000.0,7142,0.0020897745150505395
CCK,Crown Holdings Inc,228368106,529120000.0,5278,0.0020848728258395016
CDZI,Cadiz Inc,127537207,528242000.0,107585,0.0020814132734863736
SYK,Stryker Corp,863667101,526073000.0,1601,0.0020728668394841706
USAU,US Gold Corp,90291C201,526030000.0,34630,0.0020726974081046894
MIRM,Mirum Pharmaceuticals Inc,604749101,523979000.0,5672,0.002064615925329899
FULT,Fulton Financial Corp,360271100,521985000.0,25663,0.0020567590376395378
WSBC,WesBanco Inc,950810101,519971000.0,15076,0.0020488233446563945
ACHR,Archer Aviation Inc,03945R102,519036000.0,100394,0.002045139197218838
BB4,Axos Financial Inc,05465C100,518198000.0,6090,0.002041837255451274
MRBK,Meridian Corp,58958P104,517571000.0,27298,0.0020393667095225596
N/A,Webull Corp,G9572D103,516643000.0,107634,0.002035710143937477
MSBI,Midland States Bancorp Inc,597742105,516588000.0,23155,0.0020354934293823263
BBW,Build-A-Bear Workshop Inc,120076104,514451000.0,13737,0.0020270730838485742
LGN,Legence Corp,52476L109,513843000.0,9101,0.0020246774029480026
RMD,ResMed Inc,761152107,511815000.0,2280,0.002016686546259912
STNE,StoneCo Ltd,G85158106,510509000.0,36155,0.00201154056064125
LZB,La-Z-Boy Inc,505336107,508615000.0,15825,0.0020040776994147986
COMP,Compass Inc,20464U100,508470000.0,69558,0.0020035063610421293
CMDB,Costamare Bulkers Holdings Ltd,Y2001C101,504693000.0,32624,0.0019886239815002566
RDW,Redwire Corp,75776W103,503243000.0,59205,0.001982910597773564
RC,Ready Capital Corp,75574U101,502953000.0,310465,0.001981767921028226
LFST,LifeStance Health Group Inc,53228F101,500721000.0,78606,0.0019729732503537593
JBS,JBS NV,N4732M103,500204000.0,27851,0.001970936133535346
PTGX,Protagonist Therapeutics Inc,74366E102,498226000.0,4727,0.00196314229007921
MDT,Medtronic PLC,G5960L103,497024000.0,5736,0.0019584060919830143
CMC,Commercial Metals Co,201723103,491808000.0,8006,0.0019378536716254794
SEZL,Sezzle Inc,78435P105,485181000.0,7666,0.0019117415378621775
CLDT,Chatham Lodging Trust,16208T102,477882000.0,60722,0.0018829815462614015
AEO,American Eagle Outfitters Inc,02553E106,477420000.0,28588,0.0018811611439981382
ORN,Orion Group Holdings Inc,68628V308,476668000.0,43731,0.0018781980649895365
CELC,Celcuity Inc,15102K100,475850000.0,4169,0.0018749749285147544
KALU,Kaiser Aluminum Corp,483007704,475412000.0,3945,0.0018732490926028297
LRN,Stride Inc,86333M108,475061000.0,5388,0.0018718660597145064
ATLC,Atlanticus Holdings Corp,04914Y102,474750000.0,9048,0.0018706406374117469
MSCI,MSCI Inc,55354G100,473789000.0,879,0.0018668540430935735
NMIH,NMI Holdings Inc,629209305,472813000.0,12605,0.001863008344805814
WTBA,West BanCorp Inc,95123P106,471756000.0,19830,0.0018588434850822877
SWIM,Latham Group Inc,51819L107,469837000.0,87493,0.0018512821172398585
BCRX,BioCryst Pharmaceuticals Inc,09058V103,465529000.0,48900,0.0018343074571746246
AMTB,Amerant Bancorp Inc,023576101,465353000.0,21114,0.0018336139705981435
NLOP,NET Lease Office Properties,64110Y108,464302000.0,40304,0.0018294727524624517
DHT,DHT Holdings Inc,Y2065G121,462012000.0,25288,0.0018204495464389171
SNAP,Snap Inc,83304A106,460773000.0,100168,0.001815567558551075
OGS,ONE Gas Inc,68235P108,458211000.0,5320,0.001805472600545706
IOT,Samsara Inc,79589L106,457825000.0,14447,0.001803951658395014
BSET,Bassett Furniture Industries I,070203104,457087000.0,32303,0.00180104374309136
TMDX,TransMedics Group Inc,89377M109,456292000.0,4590,0.0017979112327032771
SBUX,Starbucks Corp,855244109,454042000.0,5068,0.0017890456372653067
ILMN,Illumina Inc,452327109,453351000.0,3678,0.00178632291439969
CME,CME Group Inc,12572Q105,452772000.0,1533,0.0017840415011736524
CLX,Clorox Co/The,189054109,450790000.0,4350,0.0017762318966589603
LILA,Liberty Latin America Ltd,G9001E102,450706000.0,52165,0.001775900914429276
ATNI,ATN International Inc,00215F107,449048000.0,16497,0.0017693679556576515
QLYS,Qualys Inc,74758T303,448474000.0,5105,0.0017671062437548094
SBH,Sally Beauty Holdings Inc,79546E104,446247000.0,32220,0.0017583312744035382
JCAP,Jefferson Capital Inc,47248R103,445751000.0,23180,0.0017563769031425456
NUS,Nu Skin Enterprises Inc,67018T105,445500000.0,61195,0.001755387896718132
MBWM,Mercantile Bank Corp,587376104,440359000.0,8720,0.0017351309962085296
ATEC,Alphatec Holdings Inc,02081G201,440052000.0,40446,0.0017339213349643265
TNK,Teekay Tankers Ltd,G8726X106,437647000.0,5969,0.0017244449985072958
WSM,Williams-Sonoma Inc,969904101,437228000.0,2398,0.0017227940276235139
NBR,Nabors Industries Ltd,G6359F137,436497000.0,5072,0.0017199136941723333
WRBY,Warby Parker Inc,93403J106,436317000.0,20708,0.0017192044465372956
AXS,Axis Capital Holdings Ltd,G0692U109,434542000.0,4285,0.001712210476802897
WMG,Warner Music Group Corp,934550203,432341000.0,16928,0.0017035379543322421
AHR,American Healthcare REIT Inc,398182303,431939000.0,9159,0.0017019539679473251
PHIN,Phinia Inc,71880K101,430488000.0,6290,0.0016962366439559938
CRWD,Crowdstrike Holdings Inc,22788C105,430232000.0,1102,0.0016952279362083846
MMI,Marcus & Millichap Inc,566324109,428391000.0,16111,0.0016879739090078054
ISTR,Investar Holding Corp,46134L105,428303000.0,15706,0.001687627165719565
FVCB,FVCBankcorp Inc,36120Q101,428085000.0,28182,0.0016867681880282416
FBK,FB Financial Corp,30257X104,425701000.0,8196,0.0016773745971286318
N/A,Aebi Schmidt Holding AG,H00501108,422250000.0,43486,0.001663776743859105
TERN,Terns Pharmaceuticals Inc,880881107,421443000.0,7994,0.001660596950295353
GSM,Ferroglobe PLC,G33856108,420941000.0,102170,0.0016586189374465257
MGNI,Magnite Inc,55955D100,419662000.0,35325,0.0016535793389731196
GLUE,Monte Rosa Therapeutics Inc,61225M102,416695000.0,25331,0.0016418885737889159
SDGR,Schrodinger Inc/United States,80810D103,415844000.0,36606,0.0016385354085810436
OTTR,Otter Tail Corp,689648103,413748000.0,4714,0.0016302766138974942
BSX,Boston Scientific Corp,101137107,413397000.0,6588,0.0016288935810091706
LTBR,Lightbridge Corp,53224K302,412489000.0,38695,0.0016253158207168701
WLDN,Willdan Group Inc,96924N100,411357000.0,5373,0.001620855441145411
NPCE,NeuroPace Inc,641288105,407558000.0,30993,0.001605886375781478
MDLZ,Mondelez International Inc,609207105,403595000.0,7002,0.0015902711070167328
LIF,Life360 Inc,532206109,403098000.0,9875,0.0015883127954911013
SPG,Simon Property Group Inc,828806109,402345000.0,2157,0.0015853457762178605
FTDR,Frontdoor Inc,35905A109,400097000.0,7569,0.0015764880613091685
TUSK,Mammoth Energy Services Inc,56155L108,399984000.0,163259,0.0015760428114049503
AVBP,ArriVent Biopharma Inc,04272N102,399297000.0,17308,0.0015733358495978898
SILA,Sila Realty Trust Inc,146280508,399221000.0,16859,0.0015730363894853184
CLFD,Clearfield Inc,18482P103,397103000.0,15002,0.0015646909089797093
MD,Pediatrix Medical Group Inc,58502B106,396549000.0,18539,0.0015625080023696487
KYMR,Kymera Therapeutics Inc,501575104,393962000.0,4730,0.0015523145377483024
MYGN,Myriad Genetics Inc,62855J104,392311000.0,87180,0.0015458091608291516
ECPG,Encore Capital Group Inc,292554102,390848000.0,5574,0.0015400445536621515
GSBC,Great Southern Bancorp Inc,390905107,388756000.0,6158,0.0015318015200371585
VIK,Viking Holdings Ltd,G93A5A101,387680000.0,5276,0.0015275617952854891
TTAM,Titan America SA,B9151N105,387637000.0,25877,0.001527392363906008
CVBF,CVB Financial Corp,126600105,387528000.0,19986,0.0015269628750603464
LCII,LCI Industries,50189K103,385543000.0,3135,0.001519141449751737
WM,Waste Management Inc,94106L109,384898000.0,1675,0.0015165999790595188
NC,NACCO Industries Inc,629579103,382186000.0,7354,0.0015059139813582852
IRTC,iRhythm Technologies Inc,450056106,381795000.0,3235,0.0015043733378843978
BCAL,California BanCorp,84252A106,381334000.0,21520,0.0015025568758857738
RDVT,Red Violet Inc,75704L104,379735000.0,10975,0.001496256392727856
ITT,ITT Inc,45073V108,376297000.0,1975,0.0014827097628986375
FMAO,Farmers & Merchants Bancorp In,30779N105,376065000.0,14650,0.0014817956215023667
PLBC,Plumas Bancorp,729273102,375523000.0,7692,0.0014796599980679756
PKOH,Park-Ohio Holdings Corp,700666100,372092000.0,15478,0.0014661409500912304
BJRI,BJ's Restaurants Inc,09180C106,370762000.0,10563,0.0014609003981212302
SIGA,SIGA Technologies Inc,826917106,369589000.0,69082,0.0014562784676995684
CLB,Core Laboratories Inc,21867A105,369397000.0,22001,0.0014555219368888616
ADP,Automatic Data Processing Inc,053015103,366740000.0,1805,0.0014450526537427783
LUV,Southwest Airlines Co,844741108,365030000.0,9716,0.0014383148012099209
XNCR,Xencor Inc,98401F105,364973000.0,30263,0.0014380902061254923
COLB,Columbia Banking System Inc,197236102,363063000.0,13236,0.0014305643006648151
OPFI,OppFi Inc,68386H103,361446000.0,46880,0.0014241928927433939
PLUS,ePlus Inc,294268107,361351000.0,4802,0.0014238185676026796
GWW,WW Grainger Inc,384802104,359967000.0,330,0.001418365241342168
SFST,Southern First Bancshares Inc,842873101,358937000.0,6586,0.001414306768763897
EVLV,Evolv Technologies Holdings In,30049H102,358172000.0,59202,0.0014112924663149872
CRNX,Crinetics Pharmaceuticals Inc,22663K107,356699000.0,9821,0.001405488456501596
WULF,Terawulf Inc,88080T104,354012000.0,24533,0.0013949009654163397
NAT,Nordic American Tankers Ltd,G65773106,352303000.0,60120,0.0013881670531481214
EOG,EOG Resources Inc,26875P101,348125000.0,2408,0.0013717046274859702
KODK,Eastman Kodak Co,277461406,347945000.0,38447,0.0013709953798509325
EDIT,Editas Medicine Inc,28106W103,346857000.0,140428,0.001366708371923594
ANNX,Annexon Inc,03589W102,343885000.0,62073,0.0013549979054161949
MPTI,M-Tron Industries Inc,55380K109,342606000.0,5125,0.0013499583069427885
SEPN,Septerna Inc,81734D104,341562000.0,14214,0.0013458446706595705
WNC,Wabash National Corp,929566107,341447000.0,39611,0.0013453915402260742
VERA,Vera Therapeutics Inc,92337R101,340186000.0,8456,0.0013404228665161717
AMBP,Ardagh Metal Packaging SA,L02235106,339917000.0,83930,0.0013393629353282545
DDD,3D Systems Corp,88554D205,338569000.0,180090,0.0013340514585947502
CIFR,Cipher Mining Inc,17253J106,338198000.0,26278,0.0013325896204136448
KOPN,Kopin Corp,500600101,337123000.0,149832,0.0013283538359266146
CNNE,Cannae Holdings Inc,13765N107,336950000.0,29635,0.0013276721701440508
ORLY,O'Reilly Automotive Inc,67103H107,336101000.0,3641,0.0013243268854654566
ITW,Illinois Tool Works Inc,452308109,336034000.0,1291,0.001324062887734637
IIPR,Innovative Industrial Properti,45781V101,334868000.0,6676,0.001319468539165449
MSI,Motorola Solutions Inc,620076307,334157000.0,770,0.0013166670110070502
RVLV,Revolve Group Inc,76156B107,334086000.0,14776,0.0013163872522176743
ASAN,Asana Inc,04342Y104,333824000.0,52160,0.0013153549028822307
FSP,Franklin Street Properties Cor,35471R106,333196000.0,501423,0.001312880416688877
INDB,Independent Bank Corp,453836108,332730000.0,4424,0.0013110442533670575
WNEB,Western New England Bancorp In,958892101,330905000.0,25592,0.0013038532704007036
SHW,Sherwin-Williams Co/The,824348106,329846000.0,1029,0.001299680530147899
AVA,Avista Corp,05379B107,329670000.0,8213,0.0012989870435714177
FFBC,First Financial Bancorp,320209109,325945000.0,11691,0.001284309557790778
ATMU,Atmus Filtration Technologies,04956D107,325008000.0,5725,0.0012806175298239431
SNPS,Synopsys Inc,871607107,323528000.0,816,0.0012747859381580782
LMND,Lemonade Inc,52567D107,319480000.0,5097,0.0012588357468990097
HLT,Hilton Worldwide Holdings Inc,43300A203,318067000.0,1046,0.0012532681529639643
PRAA,PRA Group Inc,69354N106,315998000.0,18057,0.0012451157454256706
PDFS,PDF Solutions Inc,693282105,315685000.0,9651,0.0012438824425936332
BFLY,Butterfly Network Inc,124155102,313233000.0,77533,0.001234220913698565
CSTL,Castle Biosciences Inc,14843C105,312473000.0,12728,0.0012312263125728504
TRMK,Trustmark Corp,898402102,310572000.0,7370,0.0012237358694939253
SSRM,SSR Mining Inc,784730103,310522000.0,10562,0.0012235388562619703
BKH,Black Hills Corp,092113109,309430000.0,4458,0.0012192360872760753
HLX,Helix Energy Solutions Group I,42330P107,309280000.0,31272,0.0012186450475802108
DV,DoubleVerify Holdings Inc,25862V105,308465000.0,32470,0.001215433731899346
JXN,Jackson Financial Inc,46817M107,308279000.0,2916,0.0012147008426764737
PPL,PPL Corp,69351T106,308236000.0,8069,0.0012145314112969924
INN,Summit Hotel Properties Inc,866082100,307698000.0,69615,0.0012124115489211577
GRAB,Grab Holdings Ltd,G4124C109,307598000.0,84043,0.001212017522457248
AON,Aon PLC,G0403H108,306318000.0,949,0.0012069739837192025
LENZ,LENZ Therapeutics Inc,52635N103,302601000.0,33071,0.0011923280200556757
SUNC,Sunococorp LLC,86765Q106,299619000.0,4860,0.0011805781509018854
ECL,Ecolab Inc,278865100,299539000.0,1126,0.0011802629297307577
BLMN,Bloomin' Brands Inc,094235108,299279000.0,55422,0.001179238460924592
HVT,Haverty Furniture Cos Inc,419596101,296096000.0,13980,0.0011666965985783436
HLLY,Holley Inc,43538H103,295906000.0,96386,0.0011659479482969148
SYRE,Spyre Therapeutics Inc,00773J202,295477000.0,5858,0.0011642575747667417
AMPX,Amprius Technologies Inc,03214Q108,294443000.0,17464,0.0011601833411299146
CCNE,CNB Financial Corp/PA,126128107,292583000.0,10103,0.0011528544489011925
NSC,Norfolk Southern Corp,655844108,292453000.0,1019,0.0011523422144981098
APD,Air Products and Chemicals Inc,009158106,292233000.0,1006,0.0011514753562775083
RPM,RPM International Inc,749685103,291043000.0,2928,0.0011467864413569815
N/A,Bank of NT Butterfield & Son L,G0772R208,290634000.0,5538,0.0011451748731195904
OXY,Occidental Petroleum Corp,674599105,289770000.0,4458,0.0011417704844714099
BIPC,Brookfield Infrastructure Corp,11276H106,289286000.0,7320,0.0011398633963860866
ALH,Alliance Laundry Holdings Inc,01862Q107,288100000.0,13891,0.0011351902425241164
CURB,Curbline Properties Corp,23128Q101,287945000.0,11165,0.0011345795015050564
KKR,KKR & Co Inc,48251W104,287583000.0,3109,0.0011331531257057028
DNUT,Krispy Kreme Inc,50101L106,287124000.0,84697,0.0011313445442363568
GNW,Genworth Financial Inc,37247D106,285865000.0,35205,0.0011263837510557325
CMTG,Claros Mortgage Trust Inc,18270D106,285814000.0,120090,0.0011261827975591384
USCB,USCB Financial Holdings Inc,90355N101,284126000.0,15325,0.0011195316308483412
MCRI,Monarch Casino & Resort Inc,609027107,282020000.0,2950,0.001111233433518401
HIMS,Hims & Hers Health Inc,433000106,281796000.0,13574,0.001110350814239243
MAZE,Maze Therapeutics Inc,578784100,281187000.0,9420,0.0011079511930740325
INTR,Inter & Co Inc,G4R20B107,280741000.0,35269,0.0011061938350449946
N/A,Rezolve AI PLC,G75398100,279744000.0,109275,0.001102265391199814
JAKK,JAKKS Pacific Inc,47012E403,279079000.0,14010,0.0010996451152148138
DLR,Digital Realty Trust Inc,253868103,278965000.0,1548,0.0010991959250459568
OUST,Ouster Inc,68989M202,278764000.0,15175,0.001098403931853498
SPT,Sprout Social Inc,85209W109,278737000.0,48901,0.0010982975447082423
NGNE,Neurogene Inc,64135M105,278067000.0,13793,0.0010956575674000467
SPNT,SiriusPoint Ltd,G8192H106,278038000.0,12908,0.001095543299725513
PGC,Peapack-Gladstone Financial Co,704699107,277279000.0,7875,0.0010925526388644376
CRCT,Cricut Inc,22658D100,276637000.0,73967,0.0010900229889661366
PHAT,Phathom Pharmaceuticals Inc,71722W107,274150000.0,24676,0.0010802235508087002
RWT,Redwood Trust Inc,758075402,272433000.0,48562,0.001073458116423369
PRK,Park National Corp,700658107,270019000.0,1652,0.0010639463175845865
LIVN,LivaNova PLC,G5509L101,270002000.0,4248,0.0010638793330857218
SLDB,Solid Biosciences Inc,83422E204,269424000.0,37420,0.0010616018601243232
CUBI,Customers Bancorp Inc,23204G100,269381000.0,3881,0.0010614324287448419
UNFI,United Natural Foods Inc,911163103,269098000.0,5972,0.0010603173338519774
EBA,eBay Inc,278642103,268509000.0,2950,0.0010579965179795486
ALNT,Allient Inc,019330109,268506000.0,4544,0.0010579846971856314
ODFL,Old Dominion Freight Line Inc,679580100,267893000.0,1371,0.0010555693149618642
EXTR,Extreme Networks Inc,30226D106,267821000.0,17760,0.0010552856159078492
BLFS,BioLife Solutions Inc,09062W204,266948000.0,13991,0.001051845764877917
LHX,L3Harris Technologies Inc,502431109,265420000.0,769,0.001045825040509375
FLOC,Flowco Holdings Inc,342909108,262546000.0,12745,0.0010345007199366076
PLOW,Douglas Dynamics Inc,25960R105,261757000.0,6219,0.0010313918511363595
FTK,Flotek Industries Inc,343389409,259659000.0,15301,0.0010231251759235318
BZAI,Blaize Holdings Inc,092915107,259288000.0,142466,0.0010216633377424266
ABG,Cencora Inc,03073E105,258223000.0,822,0.0010174669559017873
REPL,Replimune Group Inc,76029N106,256948000.0,33588,0.0010124431184869373
FDMT,4D Molecular Therapeutics Inc,35104E100,256854000.0,27589,0.001012072733610862
CTVA,Corteva Inc,22052L104,255650000.0,3054,0.0010073286549853882
ETON,Eton Pharmaceuticals Inc,29772L108,253439000.0,10269,0.0009986167298683428
JOBY,Joby Aviation Inc,G65163100,253391000.0,30677,0.000998427597165666
IRON,Disc Medicine Inc,254604101,252690000.0,3952,0.0009956654716536584
FW2N,Banner Corp,06652V208,250002000.0,4120,0.000985074040303763
AZO,AutoZone Inc,053332102,249956000.0,74,0.0009848927881303646
OKE,ONEOK Inc,682680103,249928000.0,2765,0.0009847824607204698
AJG,Arthur J Gallagher & Co,363576109,249500000.0,1152,0.0009830960274549358
CARE,Carter Bankshares Inc,146103106,249267000.0,10689,0.000982177945794026
EBMT,Eagle Bancorp Montana Inc,26942G100,248524000.0,12076,0.0009792503291671762
F,Ford Motor Co,345370860,246102000.0,21326,0.000969707008211281
WWW,Wolverine World Wide Inc,978097103,244767000.0,14998,0.0009644467549180854
CBNK,Capital Bancorp Inc,139737100,243631000.0,8192,0.0009599706142880702
ABNB,Airbnb Inc,009066101,241447000.0,1912,0.0009513650763162802
FAST,Fastenal Co,311900104,241048000.0,5195,0.0009497929107252801
AFL,Aflac Inc,001055102,239716000.0,2185,0.0009445444782260017
ICHR,Ichor Holdings Ltd,G4740B105,239017000.0,5128,0.0009417902332432722
PRTA,Prothena Corp PLC,G72800108,237353000.0,24419,0.0009352336328838133
FTNT,Fortinet Inc,34959E109,236988000.0,2900,0.0009337954362905425
KRNY,Kearny Financial Corp/MD,48716P108,236331000.0,31302,0.0009312066824226551
DASH,DoorDash Inc,25809K105,235285000.0,1567,0.0009270851656101587
ILPT,Industrial Logistics Propertie,456237106,234272000.0,41245,0.0009230936775307526
SCSC,ScanSource Inc,806037107,234171000.0,6451,0.0009226957108022036
PEBK,Peoples Bancorp of North Carol,710577107,233667000.0,5967,0.0009207098174240983
SMR,NuScale Power Corp,67079K100,233137000.0,21507,0.0009186214771653762
KDP,Keurig Dr Pepper Inc,49271V100,231651000.0,8798,0.0009127662439116767
VCEL,Vericel Corp,92346J108,231238000.0,7188,0.0009111389146157294
SMID,Smith-Midland Corp,832156103,230475000.0,7085,0.0009081324926960977
MPWR,Monolithic Power Systems Inc,609839105,228510000.0,209,0.0009003898726802702
PUBM,PubMatic Inc,74467Q103,226651000.0,27708,0.0008930649207161872
OKLO,Oklo Inc,02156V109,226229000.0,4562,0.0008914021290384877
SXC,SunCoke Energy Inc,86722A103,225929000.0,34705,0.0008902200496467583
NATR,Nature's Sunshine Products Inc,639027101,225266000.0,9390,0.0008876076541910364
BELFA,Bel Fuse Inc,077347201,225070000.0,1249,0.0008868353623217733
HAFC,Hanmi Financial Corp,410495204,223876000.0,8493,0.0008821306863426903
PWP,Perella Weinberg Partners,71367G102,222496000.0,12252,0.0008766931211407353
MITT,AG Mortgage Investment Trust I,001228501,222421000.0,30427,0.0008763976012928029
MAX,MediaAlpha Inc,58450V104,220782000.0,23740,0.0008699395075493212
MCB,Metropolitan Bank Holding Corp,591774104,219719000.0,2638,0.0008657510062379601
VREX,Varex Imaging Corp,92214X106,219330000.0,20672,0.0008642182432933511
SNOW,Snowflake Inc,833445109,219141000.0,1453,0.0008634735332765616
CDXS,Codexis Inc,192005106,217874000.0,133665,0.0008584812179788245
UTL,Unitil Corp,913259107,217631000.0,4166,0.0008575237336715237
FTRE,Fortrea Holdings Inc,34965K107,216066000.0,22937,0.0008513572195113354
SANA,Sana Biotechnology Inc,799566104,215502000.0,74827,0.0008491349102548841
ANF,Abercrombie & Fitch Co,002896207,213989000.0,2342,0.000843173289855929
VFC,VF Corp,918204108,213632000.0,12574,0.000841766615379771
BTBT,Bit Digital Inc,G1144A105,213459000.0,162946,0.0008410849495972072
KFRC,Kforce Inc,493732101,212985000.0,7284,0.0008392172641582746
LXEO,Lexeo Therapeutics Inc,52886X107,212788000.0,37071,0.0008384410320243724
FLUT,Flutter Entertainment PLC,G3643J108,211953000.0,2079,0.0008351509110507256
IBKR,Interactive Brokers Group Inc,45841N107,211941000.0,3160,0.0008351036278750564
PRI,Primerica Inc,74164M108,211155000.0,843,0.0008320065798687253
PBFS,Pioneer Bancorp Inc/NY,723561106,210164000.0,15098,0.0008281017776113793
FCPT,Four Corners Property Trust In,35086T109,209066000.0,8840,0.0008237753670376498
LITE,Lumentum Holdings Inc,55024U109,208720000.0,297,0.000822412035472522
FERG,Ferguson Enterprises Inc,31488V107,208534000.0,894,0.0008216791462496497
OPRT,Oportun Financial Corp,68376D104,207077000.0,44919,0.0008159381806704841
VNDA,Vanda Pharmaceuticals Inc,921659108,206651000.0,29906,0.0008142596279342284
WSBF,Waterstone Financial Inc,94188P101,204965000.0,11368,0.0008076163417527092
CARR,Carrier Global Corp,14448C104,204856000.0,3638,0.0008071868529070474
N/A,Cushman & Wakefield Ltd,G2717C106,204816000.0,16706,0.0008070292423214836
COIN,Coinbase Global Inc,19260Q107,204293000.0,1170,0.0008049684839152354
UPST,Upstart Holdings Inc,91680M107,203815000.0,7946,0.0008030850374177467
BMI,Badger Meter Inc,056525108,203388000.0,1335,0.0008014025444168518
TSCO,Tractor Supply Co,892356106,202718000.0,4475,0.0007987625671086562
YUM,Yum! Brands Inc,988498101,202435000.0,1302,0.0007976474722157914
HURN,Huron Consulting Group Inc,447462102,200669000.0,1574,0.0007906889648631445
GCO,Genesco Inc,371532102,200321000.0,6910,0.0007893177527687384
BDX,Becton Dickinson & Co,075887109,198581000.0,1263,0.0007824616922967079
RSG,Republic Services Inc,760759100,198213000.0,905,0.0007810116749095198
OLP,One Liberty Properties Inc,682406103,197861000.0,9220,0.0007796247017565575
WABC,Westamerica BanCorp,957090103,197440000.0,3786,0.0007779658503434972
PYPL,PayPal Holdings Inc,70450Y103,196163000.0,4337,0.0007729341323993691
WTTR,Select Water Solutions Inc,81617J301,195840000.0,12800,0.0007716614269209405
HRTX,Heron Therapeutics Inc,427746102,194427000.0,243003,0.0007660938329858951
OFLX,Omega Flex Inc,682095104,192758000.0,6210,0.0007595175313032406
ZG,Zillow Group Inc,98954M101,191925000.0,4637,0.0007562352908588721
PSA,Public Storage,74460D109,191512000.0,707,0.0007546079615629246
SMBC,Southern Missouri Bancorp Inc,843380106,190413000.0,2978,0.0007502776107245559
STAG,STAG Industrial Inc,85254J102,190397000.0,5280,0.0007502145664903304
AG8,Agilent Technologies Inc,00846U101,188637000.0,1655,0.0007432797007255181
BRCB,Black Rock Coffee Bar Inc,092244102,188295000.0,14574,0.0007419321302189465
WEYS,Weyco Group Inc,962149100,188069000.0,5868,0.0007410416304105104
KIND,Nextdoor Holdings Inc,65345M108,187573000.0,133981,0.0007390872591495179
DOLE,Dole PLC,G27907107,187328000.0,13109,0.0007381218943129388
BWFG,Bankwell Financial Group Inc,06654A103,186802000.0,3850,0.0007360493151127732
WBTN,Webtoon Entertainment Inc,94845U105,186787000.0,20325,0.0007359902111431869
FRBA,First Bank/Hamilton NJ,31931U102,186720000.0,11670,0.0007357262134123672
VTR,Ventas Inc,92276F100,184905000.0,2261,0.0007285746330924045
WT,WisdomTree Inc,97717P104,183602000.0,12610,0.0007234404682676599
VIR,Vir Biotechnology Inc,92764N102,183501000.0,20480,0.0007230425015391109
PRME,Prime Medicine Inc,74168J101,183100000.0,52615,0.0007214624554188327
CBRE,CBRE Group Inc,12504L109,181923000.0,1343,0.0007168247639386144
SRRK,Scholar Rock Holding Corp,80706P103,181743000.0,3697,0.0007161155163035767
IMNM,Immunome Inc,45257U108,181105000.0,8281,0.0007136016274638323
HTFL,HeartFlow Inc,42238D107,180772000.0,7430,0.0007122895193390127
EA,Electronic Arts Inc,285512109,178998000.0,878,0.000705299489869253
PAYS,Paysign Inc,70451A104,178918000.0,30325,0.0007049842686981251
MET,MetLife Inc,59156R108,177932000.0,2516,0.0007010991677639745
HAS,Hasbro Inc,418056107,177466000.0,1896,0.000699263004442155
N/A,Greenlight Capital Re Ltd,G4095J109,176462000.0,10206,0.0006953069787445006
EWTX,Edgewise Therapeutics Inc,28036F105,176401000.0,5600,0.0006950666226015156
IESC,IES Holdings Inc,44951W106,175818000.0,369,0.0006927694483169215
MKSI,MKS Instruments Inc,55306N104,173047000.0,753,0.0006818509750019812
HLI,Houlihan Lokey Inc,441593100,172201000.0,1199,0.0006785175111173043
COHR,Coherent Corp,19247G107,171988000.0,722,0.0006776782347491764
OTIS,Otis Worldwide Corp,68902V107,171889000.0,2230,0.0006772881485499057
DY,Dycom Industries Inc,267475101,171443000.0,506,0.0006755307905208681
ROP,Roper Technologies Inc,776696106,170207000.0,481,0.000670660623426943
ATRO,Astronics Corp,046433108,169227000.0,2536,0.000666799164080627
SWK,Stanley Black & Decker Inc,854502101,169123000.0,2380,0.0006663893765581608
HG,Hamilton Insurance Group Ltd,G42706104,168242000.0,5640,0.0006629180034111155
MBX,MBX Biosciences Inc,55287L101,167161000.0,5600,0.0006586585773362506
MYFW,First Western Financial Inc,33751L105,166013000.0,6754,0.0006541351535305662
SION,Sionna Therapeutics Inc,829401108,165010000.0,4116,0.000650183068097551
MPAA,Motorcar Parts of America Inc,620071100,164750000.0,14896,0.0006491585992913856
XMTR,Xometry Inc,98423F109,163442000.0,4002,0.0006440047331434455
NTRS,Northern Trust Corp,665859104,163297000.0,1170,0.0006434333947707762
EOSE,Eos Energy Enterprises Inc,29415C101,163019000.0,32867,0.000642338001201107
AMAL,Amalgamated Financial Corp,022671101,161621000.0,4158,0.0006368295112356481
EML,Eastern Co/The,276317104,160787000.0,7944,0.0006335433305266404
AAL,American Airlines Group Inc,02376R102,159274000.0,14830,0.0006275817101276852
RBA,RB Global Inc,74935Q107,159112000.0,1660,0.0006269433872561514
DOCU,DocuSign Inc,256163106,158824000.0,3350,0.0006258085910400912
MDB,MongoDB Inc,60937P106,158122000.0,646,0.0006230425252634444
LCNB,LCNB Corp,50181P100,157709000.0,10116,0.000621415195967497
UMBF,UMB Financial Corp,902788108,157455000.0,1396,0.0006204143687491661
VSTM,Verastem Inc,92337C203,156456000.0,29520,0.0006164780443747072
FANG,Diamondback Energy Inc,25278X109,156452000.0,791,0.0006164622833161508
CBFV,CB Financial Services Inc,12479G101,155519000.0,4550,0.0006127860164078724
OXM,Oxford Industries Inc,691497309,155003000.0,4025,0.0006107528398540979
VMC,Vulcan Materials Co,929160109,154394000.0,567,0.0006083532186888873
FLR,Fluor Corp,343412102,153805000.0,3297,0.0006060324028164586
PRU,Prudential Financial Inc,744320102,153666000.0,1573,0.000605484706031624
MDV,Modiv Industrial Inc,60784B101,153367000.0,10710,0.0006043065669045337
IM8N,Insmed Inc,457669307,153055000.0,936,0.0006030772043371351
MSTR,MicroStrategy Inc,594972408,152880000.0,1225,0.000602387658025293
TTWO,Take-Two Interactive Software,874054109,152668000.0,773,0.0006015523219218042
TPL,Texas Pacific Land Corp,88262P102,152334000.0,321,0.0006002362735323455
PAY,Paymentus Holdings Inc,70439P108,151409000.0,5961,0.0005965915287411799
FHB,First Hawaiian Inc,32051X108,150403000.0,6104,0.0005926276225142475
ABEO,Abeona Therapeutics Inc,00289Y206,150353000.0,33561,0.0005924306092822925
ESNT,Essent Group Ltd,G3198U102,150308000.0,2572,0.0005922532973735331
KVUE,Kenvue Inc,49177J102,150264000.0,8716,0.0005920799257294129
PFBC,Preferred Bank/Los Angeles CA,740367404,150183000.0,1656,0.0005917607642936458
CBOE,Cboe Global Markets Inc,12503M108,149810000.0,533,0.0005902910455832624
SRCE,1st Source Corp,336901103,149148000.0,2155,0.0005876825903921796
NJR,New Jersey Resources Corp,646025106,147680000.0,2689,0.0005818982819019837
SEI,Solaris Energy Infrastructure,83418M103,147604000.0,2612,0.0005815988217894122
GEHC,GE HealthCare Technologies Inc,36266G107,146773000.0,2062,0.0005783244618743218
SYBT,Stock Yards Bancorp Inc,861025104,146567000.0,2211,0.0005775127673586677
MVST,Microvast Holdings Inc,59516C106,145622000.0,97081,0.0005737892172747201
HQY,HealthEquity Inc,42226A107,145244000.0,1738,0.0005722997972411411
ARHS,Arhaus Inc,04035M102,144862000.0,21366,0.0005707946161490057
NKTX,Nkarta Inc,65487U108,144124000.0,68305,0.0005678867008453515
MEG,Montrose Environmental Group I,615111101,143709000.0,6565,0.0005662514910201259
HBAN,Huntington Bancshares Inc/OH,446150104,143104000.0,9144,0.0005638676309134715
IR,Ingersoll Rand Inc,45687V106,142133000.0,1774,0.0005600416339489074
MTD,Mettler-Toledo International I,592688105,141254000.0,112,0.0005565781413311403
NGVC,Natural Grocers by Vitamin Cot,63888U108,140599000.0,5439,0.0005539972679925312
WMS,Advanced Drainage Systems Inc,00790R104,140147000.0,1022,0.000552216268375659
ARVN,Arvinas Inc,04335A105,139125000.0,13125,0.0005481893179145009
SKYW,SkyWest Inc,830879102,139122000.0,1515,0.0005481774971205836
GTN,Gray Television Inc,389375106,138802000.0,31982,0.0005469166124360722
HPE,Hewlett Packard Enterprise Co,42824C109,138717000.0,5826,0.0005465816899417489
PXED,Phoenix Education Partners Inc,718968100,138109000.0,4390,0.0005441860090411773
TLN,Talen Energy Corp,87422Q109,137907000.0,432,0.0005433900755840795
BVFL,BV Financial Inc,05603E208,137846000.0,7202,0.0005431497194410946
IRM,Iron Mountain Inc,46284V101,137685000.0,1348,0.0005425153368341999
BTMD,Biote Corp,090683103,137629000.0,101947,0.0005422946820144104
SPHR,Sphere Entertainment Co,55826T102,137475000.0,1171,0.0005416878812599893
DTE,DTE Energy Co,233331107,136569000.0,934,0.0005381180014969666
PHM,PulteGroup Inc,745867101,136545000.0,1161,0.0005380234351456282
MYPS,Playstudios Inc,72815G108,135580000.0,288959,0.0005342210797688986
PAYX,Paychex Inc,704326107,134772000.0,1463,0.0005310373459405075
AIR,AAR Corp,000361105,134637000.0,1230,0.0005305054102142294
WS,Worthington Steel Inc,982104101,134177000.0,4421,0.0005286928884802442
MCBS,Metrocity Bankshares Inc,59165J105,133975000.0,4673,0.0005278969550231464
WPC,WP Carey Inc,92936U109,133677000.0,1967,0.0005267227561606953
CBL,CBL & Associates Properties In,124830878,133391000.0,3471,0.0005255958404739132
STT,State Street Corp,857477103,132508000.0,1047,0.0005221165867975898
MLM,Martin Marietta Materials Inc,573284106,132453000.0,225,0.0005218998722424393
MTRX,Matrix Service Co,576853105,132204000.0,11516,0.000520918746347304
CPRT,Copart Inc,217204106,131572000.0,3963,0.0005184284990953941
RGA,Reinsurance Group of America I,759351604,131275000.0,643,0.0005172582404975821
FRD,Friedman Industries Inc,358435105,131110000.0,7399,0.0005166080968321309
FE,FirstEnergy Corp,337932107,130703000.0,2580,0.000515004409124018
6RJ0,Rocket Lab Corp,773121108,130367000.0,2030,0.0005136804802052811
VTS,Vitesse Energy Inc,92852X103,129663000.0,7140,0.0005109065338993561
N/A,Amrize Ltd,H2927K103,129350000.0,2309,0.0005096732310673185
DOV,Dover Corp,260003108,128822000.0,618,0.0005075927713378747
CNP,CenterPoint Energy Inc,15189T107,128660000.0,2981,0.0005069544484663409
MXL,MaxLinear Inc,57776J100,128425000.0,7385,0.000506028486276153
WAT,Waters Corp,941848103,128352000.0,431,0.0005057408469574988
FOA,Finance Of America Cos Inc,31738L206,127870000.0,7703,0.0005038416394014535
TSHA,Taysha Gene Therapies Inc,877619106,127444000.0,28511,0.0005021630866651978
PARR,Par Pacific Holdings Inc,69888T207,127097000.0,2029,0.0005007958148354309
CRAI,CRA International Inc,12618T105,127076000.0,785,0.0005007130692780097
WDAY,Workday Inc,98138H101,127062000.0,978,0.0005006579055730623
WTW,Willis Towers Watson PLC,G96629103,127036000.0,437,0.0005005554586924459
CASY,Casey's General Stores Inc,147528103,125192000.0,172,0.0004932896106979493
DKNG,DraftKings Inc,26142V105,125115000.0,5787,0.0004929862103207387
DIOD,Diodes Inc,254543101,124438000.0,1823,0.0004903186511600694
AVNW,Aviat Networks Inc,05366Y201,122433000.0,5415,0.000482418420558678
EXR,Extra Space Storage Inc,30225T102,122213000.0,932,0.0004815515623380765
CRWV,CoreWeave Inc,21873S108,122093000.0,1576,0.00048107873058138474
RMR,RMR Group Inc/The,74967R106,121764000.0,7871,0.0004797823835151215
SLP,Simulations Plus Inc,829214105,120978000.0,10235,0.00047668533550879053
FIG,Figma Inc,316841105,118891000.0,5624,0.00046846200320699316
CHWY,Chewy Inc,16679L109,118800000.0,4400,0.0004681034391248352
KHC,Kraft Heinz Co/The,500754106,118500000.0,5269,0.0004669213597331058
NAVN,Navan Inc,639193101,118101000.0,8920,0.00046534919414210576
DOW,Dow Inc,260557103,117869000.0,2830,0.00046443505274583506
FISI,Financial Institutions Inc,317585404,117486000.0,3705,0.00046292593138906054
JANX,Janux Therapeutics Inc,47103J105,117205000.0,8432,0.000461818717025474
NTRA,Natera Inc,632307104,116994000.0,585,0.0004609873211866244
TOST,Toast Inc,888787108,116989000.0,4413,0.0004609676198634288
RGNX,REGENXBIO Inc,75901B107,116977000.0,13959,0.0004609203366877597
ALB,Albemarle Corp,012653101,116874000.0,651,0.0004605144894299326
DSP,Viant Technology Inc,92557A101,116536000.0,10405,0.0004591826799819175
DGICA,Donegal Group Inc,257701201,115536000.0,6725,0.0004552424153428195
CNXN,PC Connection Inc,69318J100,115459000.0,1975,0.000454939014965609
GBTG,Global Business Travel Group I,37890B100,115315000.0,20666,0.00045437161685757887
CAL,Caleres Inc,129500104,114843000.0,10896,0.00045251181194792464
BEPC,Brookfield Renewable Corp,11285B108,114710000.0,2880,0.00045198775675092467
NPB,Northpointe Bancshares Inc,66661N886,114261000.0,6620,0.0004502185779279697
FATE,Fate Therapeutics Inc,31189P102,114222000.0,95185,0.0004500649076070449
CPNG,Coupang Inc,22266T109,113714000.0,6023,0.00044806325317038316
CTRA,Coterra Energy Inc,127097103,113362000.0,3226,0.00044667628001742067
SGC,Superior Group of Cos Inc,868358102,112928000.0,11115,0.00044496620516405207
EQR,Equity Residential,29476L107,112681000.0,1905,0.00044399295979819496
FINW,Finwise Bancorp,31813A109,112495000.0,7093,0.0004432600705753227
ON,ON Semiconductor Corp,682189105,112385000.0,1815,0.00044282664146502195
MITK,Mitek Systems Inc,606710200,111916000.0,8290,0.00044097865734928505
HTH,Hilltop Holdings Inc,432748101,111400000.0,3110,0.00043894548079551044
FTAI,FTAI Aviation Ltd,G3730V105,110985000.0,453,0.00043731027097028484
ASIC,Ategrity Specialty Holdings LL,04681Y103,110514000.0,5590,0.0004354544063252697
KINS,Kingstone Cos Inc,496719105,110368000.0,7575,0.0004348791276879614
PPG,PPG Industries Inc,693506107,110193000.0,1031,0.00043418958137611926
KVYO,Klaviyo Inc,49845K101,108645000.0,5583,0.00042809005171479564
RGCO,RGC Resources Inc,74955L103,108023000.0,4899,0.00042563920710927673
LYV,Live Nation Entertainment Inc,538034109,107520000.0,705,0.0004236572539958104
AVB,AvalonBay Communities Inc,053484101,107158000.0,656,0.000422230878196457
DOMO,Domo Inc,257554105,106420000.0,34778,0.00041932296289280273
QSR,Restaurant Brands International Inc,76131D103,106416000.0,1440,0.00041930720183424637
VRSN,VeriSign Inc,92343E102,106298000.0,428,0.0004188422506068328
CELH,Celsius Holdings Inc,15118V207,105766000.0,2981,0.0004167460298188327
DRI,Darden Restaurants Inc,237194105,105273000.0,537,0.0004148034793517574
WEAV,Weave Communications Inc,94724R108,104934000.0,22713,0.0004134677296391032
LH,Labcorp Holdings Inc,504922105,103789000.0,389,0.000408956126627336
CWEN,Clearway Energy Inc,18539C204,102862000.0,2618,0.0004053035013068923
STZ,Constellation Brands Inc,21036P108,102300000.0,682,0.0004030890725797192
MTN,Vail Resorts Inc,91879Q109,101630000.0,792,0.0004004490952715236
UCB,United Community Banks Inc/GA,90984P303,100610000.0,3195,0.0003964300253396437
CHD,Church & Dwight Co Inc,171340102,100506000.0,1077,0.00039602023781717754
ESCA,Escalade Inc,296056104,100204000.0,5836,0.00039483027789617
ACI,Albertsons Cos Inc,013091103,100008000.0,5869,0.0003940579860269067
INR,Infinity Natural Resources Inc,456941103,99761000.0,5665,0.00039308474066104956
OPRX,OptimizeRx Corp,68401U204,99638000.0,15866,0.0003926000881104405
DGX,Quest Diagnostics Inc,74834L100,99362000.0,507,0.0003915125750700495
GTM,ZoomInfo Technologies Inc,98980F104,99148000.0,16580,0.00039066935843728247
FDBC,Fidelity D&D Bancorp Inc,31609R100,99111000.0,2290,0.0003905235686456359
POR,Portland General Electric Co,736508847,98416000.0,1865,0.0003877850847214628
ALAB,Astera Labs Inc,04626A103,97325000.0,888,0.0003834862560002069
XPO,XPO Inc,983793100,96691000.0,497,0.00038098812821901886
ZM,Zoom Video Communications Inc,98980L101,96066000.0,1195,0.0003785254628195827
BSRR,Sierra Bancorp,82620P102,95926000.0,2828,0.00037797382577010896
CATY,Cathay General Bancorp,149150104,95881000.0,1923,0.00037779651386134953
SIG,Signet Jewelers Ltd,G81276100,95220000.0,1125,0.0003751919989349058
PB,Prosperity Bancshares Inc,743606105,94993000.0,1414,0.00037429755886183056
KIM,Kimco Realty Corp,49446R109,94981000.0,4227,0.00037425027568616136
MATX,Matson Inc,57686G105,94429000.0,576,0.00037207524960537937
PFG,Principal Financial Group Inc,74251V102,93444000.0,1037,0.00036819408893586786
MOS,Mosaic Co/The,61945C103,92565000.0,3630,0.0003647305963181008
JACK,Jack in the Box Inc,466367109,92426000.0,9558,0.00036418289953326613
PCVX,Vaxcyte Inc,92243G108,92395000.0,1590,0.00036406075132945414
CPAY,Corpay Inc,219948106,92244000.0,317,0.0003634657713689503
MIR,Mirion Technologies Inc,60471A101,92114000.0,4955,0.0003629535369658676
ADNT,Adient PLC,G0084W101,91713000.0,4538,0.00036137349084558934
QSI,Quantum-Si Inc,74765K105,90047000.0,116341,0.00035480900995685217
BDN,Brandywine Realty Trust,105368203,89891000.0,33170,0.0003541943286731529
LYB,LyondellBasell Industries NV,N53745100,89744000.0,1114,0.0003536151097712055
AIRO,AIRO Group Holdings Inc,009422106,89473000.0,11765,0.00035254729805400995
AURA,Aura Biosciences Inc,05153U107,88803000.0,13274,0.00034990732074581434
BURL,Burlington Stores Inc,122017106,88503000.0,272,0.0003487252413540849
PKG,Packaging Corp of America,695156109,88071000.0,415,0.0003470230470299946
ALLO,Allogene Therapeutics Inc,019770106,87767000.0,35970,0.00034582520657970887
SSB,SOUTHSTATE BANK CORP,84472E102,87339000.0,944,0.0003441387733141749
BYRN,Byrna Technologies Inc,12448X201,87210000.0,9500,0.0003436304791757313
EVRG,Evergy Inc,30034W106,86753000.0,1059,0.00034182977823566356
SNA,Snap-on Inc,833034101,86446000.0,238,0.0003406201169914605
KBR,KBR Inc,48242W106,86326000.0,2342,0.0003401472852347687
IBCP,Independent Bank Corp/MI,453838609,86280000.0,2591,0.00033996603306137024
PLAY,Dave & Buster's Entertainment,238337109,86120000.0,7952,0.00033933559071911454
EPSN,Epsilon Energy Ltd,294375209,86049000.0,13969,0.0003390558319297386
LEU,Centrus Energy Corp,15643U104,85407000.0,492,0.00033652618203143774
PINS,Pinterest Inc,72352L106,85097000.0,4640,0.00033530469999331735
TWLO,Twilio Inc,90138F102,84929000.0,675,0.0003346427355339489
L,Loews Corp,540424108,84858000.0,795,0.00033436297674457297
IP,International Paper Co,460146103,84788000.0,2375,0.0003340871582198361
SOFI,SoFi Technologies Inc,83406F102,84656000.0,5331,0.00033356704328747517
MRNA,Moderna Inc,60770K107,84531000.0,1664,0.0003330745102075879
BG,Bunge Global SA,H11356104,84461000.0,664,0.00033279869168285106
LEN,Lennar Corp,526057104,83974000.0,967,0.00033087978280361036
TCBI,Texas Capital Bancshares Inc,88224Q107,83780000.0,883,0.0003301153714636254
WY,Weyerhaeuser Co,962166104,83282000.0,3409,0.0003281531196733546
N/A,Amcor PLC,G0250X149,83276000.0,2095,0.00032812947808552
EVI,EVI Industries Inc,26929N102,83164000.0,4041,0.00032768816844594103
TSN,Tyson Foods Inc,902494103,83099000.0,1297,0.0003274320512443997
LNT,Alliant Energy Corp,018802108,82811000.0,1154,0.0003262972550283395
PSTG,Pure Storage Inc,74624M102,82538000.0,1398,0.00032522156278186576
BWXT,BWX Technologies Inc,05605H100,82409000.0,403,0.0003247132686434221
IFF,IFF,459506101,82054000.0,1131,0.00032331447469654233
PR,Permian Resources Corp,71424F105,81613000.0,3828,0.00032157681799070014
LRMR,Larimar Therapeutics Inc,517125100,81099000.0,18022,0.0003195515219662038
FTV,Fortive Corp,34959J108,80930000.0,1464,0.00031888561724219625
CRCL,Circle Internet Group Inc,172573107,79763000.0,836,0.000314287328408369
HOLX,Hologic Inc,436440101,79521000.0,1052,0.00031333378436570726
SITE,SiteOne Landscape Supply Inc,82982L103,79334000.0,596,0.00031259695487819594
NVR,NVR Inc,62944T105,79078000.0,12,0.0003115882471305869
ZBH,Zimmer Biomet Holdings Inc,98956P102,78756000.0,871,0.0003103194819167973
BRO,Brown & Brown Inc,115236101,78708000.0,1207,0.0003101303492141206
ENTG,Entegris Inc,29362U104,78551000.0,670,0.00030951172766578223
CSGP,CoStar Group Inc,22160N109,78502000.0,1946,0.00030931865469846644
SATS,EchoStar Corp,278768106,77149000.0,659,0.00030398747664176694
FFIV,F5 Inc,315616102,76383000.0,264,0.00030096923392821794
UI,Ubiquiti Inc,90353W103,75867000.0,96,0.0002989360573744434
PTC,PTC Inc,69370C100,75805000.0,532,0.0002986917609668193
BF/B,Brown-Forman Corp,115637209,75804000.0,2867,0.0002986878207021802
RS,Reliance Inc,759509102,74764000.0,246,0.0002945899454775183
CHTR,Charter Communications Inc,16119P108,74694000.0,346,0.0002943141269527815
CYTK,Cytokinetics Inc,23282W605,74545000.0,1131,0.0002937270275215559
AKAM,Akamai Technologies Inc,00971T101,74193000.0,646,0.00029234005436859343
JELD,JELD-WEN Holding Inc,47580P103,73917000.0,59610,0.0002912525413282024
VNT,Vontier Corp,928881101,73777000.0,2080,0.0002907009042787287
WBD,Warner Bros Discovery Inc,934423104,73758000.0,2686,0.0002906260392505858
FCNCA,First Citizens BancShares Inc/,31946M103,73502000.0,39,0.00028961733150297675
CFR,Cullen/Frost Bankers Inc,229899109,73063000.0,533,0.00028788755532641275
RVMD,REVOLUTION Medicines Inc,76155X100,72646000.0,747,0.0002862444649719089
BALL,Ball Corp,058498106,72410000.0,1225,0.0002853145625170818
VAL,Valaris Ltd,G9460G101,72353000.0,738,0.00028508996743265323
TMQ,Trilogy Metals Inc,89621C105,71825000.0,20007,0.0002830095077032095
WEN,Wendy's Co/The,95058W100,70689000.0,10171,0.00027853336707319424
HGTY,Hagerty Inc,405166109,70214000.0,6668,0.00027666174136962274
WAFD,WaFd Inc,938824109,69708000.0,2220,0.0002746679674622392
TME,Tencent Music Entertainment Gr,88034P109,69377000.0,7476,0.00027336373986669774
ROL,Rollins Inc,775711104,69326000.0,1298,0.00027316278637010377
TYL,Tyler Technologies Inc,902252105,68818000.0,201,0.000271161131933442
BHE,Benchmark Electronics Inc,08160H101,68730000.0,1226,0.0002708143886452014
J,Jacobs Solutions Inc,46982L108,68604000.0,539,0.00027031791530067505
ESS,Essex Property Trust Inc,297178105,68486000.0,283,0.0002698529640732615
BYON,Beyond Inc,690370101,68417000.0,14745,0.0002695810858131637
TRMB,Trimble Inc,896239100,67448000.0,1034,0.00026576296937787784
CLVT,Clarivate PLC,G21810109,67349000.0,26620,0.0002653728831786071
GGG,Graco Inc,384109104,66366000.0,784,0.00026149960303837385
MAA,Mid-America Apartment Communit,59522J103,65823000.0,539,0.00025936003933934367
TPD,Tempur Sealy International Inc,88023U101,65567000.0,887,0.00025835133159173463
COO,Cooper Cos Inc/The,216648501,65566000.0,917,0.0002583473913270955
ABCB,Ameris Bancorp,03076K108,65512000.0,840,0.00025813461703658424
SYNA,Synaptics Inc,87157D109,65137000.0,930,0.0002566570177969225
CSL,Carlisle Cos Inc,142339100,64722000.0,194,0.00025502180797169684
OVV,Ovintiv Inc,69047Q102,64168000.0,1081,0.0002528389013616366
REG,Regency Centers Corp,758849103,63933000.0,845,0.00025191293917144853
MTSI,MACOM Technology Solutions Hol,55405Y100,63734000.0,287,0.00025112882650826806
CLH,Clean Harbors Inc,184496107,63367000.0,221,0.00024968274938571915
IEX,IDEX Corp,45167R104,62931000.0,332,0.0002479647940030724
APA,APA Corp,03743Q108,62854000.0,1481,0.00024766139362586187
RKT,Rocket Cos Inc,77311W101,62315000.0,4373,0.0002455375909853881
FCF,First Commonwealth Financial C,319829107,62216000.0,3539,0.0002451475047861174
OKTA,Okta Inc,679295105,62181000.0,790,0.000245009595523749
TXT,Textron Inc,883203101,61992000.0,708,0.0002442648855069595
BANF,BancFirst Corp,05945F103,61954000.0,571,0.00024411515545067373
GPC,Genuine Parts Co,372460105,61864000.0,585,0.00024376053163315494
APG,API Group Corp,00187Y100,61671000.0,1522,0.00024300006055780904
NLY,Annaly Capital Management Inc,035710839,61631000.0,2914,0.00024284244997224512
VRRM,Verra Mobility Corp,92511U102,61276000.0,4288,0.00024144365602536536
SAFE,Safehold Inc,78646V107,61223000.0,4525,0.00024123482199949316
TRU,TransUnion,89400J107,61026000.0,882,0.00024045858986559087
CSR,Centerspace,15202L107,60955000.0,1061,0.0002401788310762149
GENC,Gencor Industries Inc,368678108,60660000.0,4044,0.000239016453007681
WCC,WESCO International Inc,95082P105,60470000.0,221,0.0002382678027262524
WSO,Watsco Inc,942622200,60389000.0,166,0.00023794864129048548
DFH,Dream Finders Homes Inc,26154D100,60316000.0,4333,0.0002376610019718313
NDSN,Nordson Corp,655663102,59864000.0,225,0.00023588000235495905
TW,Tradeweb Markets Inc,892672106,59654000.0,507,0.0002350525467807485
PFGC,Performance Food Group Co,71377A103,59277000.0,692,0.00023356706701180857
DTM,DT Midstream Inc,23345M107,59255000.0,440,0.0002334803811897484
CMPR,Cimpress PLC,G2143T103,59130000.0,810,0.00023298784810986116
NNI,Nelnet Inc,64031N108,59064000.0,458,0.00023272779064368072
SLND,Southland Holdings Inc,84445C100,57764000.0,44434,0.0002276054466128534
UBSI,United Bankshares Inc/WV,909907107,57367000.0,1385,0.0002260411615511315
PNFP,Pinnacle Financial Partners Inc,72348N109,56852000.0,660,0.00022401192526199607
AVY,Avery Dennison Corp,053611109,56466000.0,327,0.00022249098311130427
NYT,New York Times Co/The,650111107,56267000.0,672,0.0002217068704481238
BJ,BJ's Wholesale Club Holdings I,05550J101,56099000.0,570,0.0002210449059887553
ELS,Equity LifeStyle Properties In,29472R108,55928000.0,896,0.00022037112073546958
MCX,McCormick & Co Inc/MD,579780206,55787000.0,1106,0.00021981554342135674
RRX,Regal Rexnord Corp,758750103,55429000.0,296,0.0002184049286805597
PBF,PBF Energy Inc,69318G106,55192000.0,1159,0.00021747108596109345
QXO,QXO Inc,82846H405,54862000.0,2825,0.00021617079863019118
SOLS,Solstice Advanced Materials Inc,83443Q103,54835000.0,720,0.00021606441148493553
XRX,Xerox Holdings Corp,98421M106,54420000.0,42186,0.00021442920165970988
CG,Carlyle Group Inc/The,14316J108,54197000.0,1120,0.000213550522645191
CNHI,CNH Industrial NV,N20944109,53790000.0,4890,0.00021194683493707815
UNM,Unum Group,91529Y106,53458000.0,732,0.00021063866707689768
SCI,Service Corp International/US,817565104,53384000.0,647,0.0002103470874936044
FRME,First Merchants Corp,320817109,53177000.0,1373,0.00020953145271331112
IEI,Insight Enterprises Inc,45765U103,52871000.0,789,0.00020832573173374714
IONS,Ionis Pharmaceuticals Inc,462222100,52563000.0,700,0.00020711213022490502
LSCC,Lattice Semiconductor Corp,518415104,52409000.0,565,0.0002065053294704839
GLIBK,GCI Liberty Inc,36164V800,52243000.0,1404,0.00020585124554039366
PEN,Penumbra Inc,70975L107,52211000.0,159,0.00020572515707194253
ELAN,Elanco Animal Health Inc,28414H103,51808000.0,2165,0.00020413723042238605
IT,Gartner Inc,366651107,51777000.0,327,0.000204015082218574
IBOC,International Bancshares Corp,459044103,51746000.0,769,0.000203892934014762
CTRE,CareTrust REIT Inc,14174T107,51714000.0,1411,0.00020376684554631084
DOC,Healthpeak Properties Inc,42250P103,51147000.0,3113,0.00020153271549594231
AWN,Advance Auto Parts Inc,00751Y106,51115000.0,969,0.00020140662702749118
ALKS,Alkermes PLC,G01767105,50742000.0,1435,0.00019993690831710765
EQH,Equitable Holdings Inc,29452E101,50136000.0,1351,0.0001975491079458143
IMVT,Immunovant Inc,45258J102,50101000.0,2017,0.00019741119868344587
WBS,Webster Financial Corp,947890109,49982000.0,720,0.00019694230719139323
DT,Dynatrace Inc,268150109,49738000.0,1345,0.00019598088261945333
CRBG,Corebridge Financial Inc,21871X109,49581000.0,2078,0.00019536226107111493
RIVN,Rivian Automotive Inc,76954A103,49545000.0,3292,0.0001952204115441074
AFW,Align Technology Inc,016255101,49200000.0,287,0.00019386102024361864
JKHY,Jack Henry & Associates Inc,426281101,48834000.0,309,0.0001924188833857088
DKS,Dick's Sporting Goods Inc,253393102,48581000.0,245,0.00019142199643201703
LZ,Legalzoom.com Inc,52466B103,47980000.0,8462,0.00018905389738391913
AIT,Applied Industrial Technologie,03820C105,47758000.0,180,0.0001881791586340394
AGNC,AGNC Investment Corp,00123Q104,47673000.0,4753,0.00018784423613971607
TXRH,Texas Roadhouse Inc,882681109,47560000.0,288,0.00018739898623549802
ALSN,Allison Transmission Holdings,01973R101,47058000.0,402,0.00018542097338667085
N/A,James Hardie Industries PLC,G4253H101,47028000.0,2483,0.0001853027654474979
MUR,Murphy Oil Corp,626717102,46489000.0,1127,0.00018317896280702412
NTNX,Nutanix Inc,67059N108,46486000.0,1223,0.00018316714201310682
LAMR,Lamar Advertising Co,512816109,46358000.0,366,0.0001826627881393023
SOLV,Solventum Corp,83444M101,45645000.0,699,0.00017985337945162545
LBRT,Liberty Energy Inc,53115L104,45302000.0,1573,0.00017850186868041486
GME,GameStop Corp,36467W109,44698000.0,1940,0.0001761219488383997
BMNR,BitMine Immersion Technologies,09175A206,44684000.0,748,0.00017606678513345232
MXCT,MaxCyte Inc,57777K106,44489000.0,63330,0.00017529843352882823
WF2,Wintrust Financial Corp,97650W108,44322000.0,319,0.0001746404093340989
BTU,Peabody Energy Corp,704551100,43922000.0,1333,0.00017306430347845968
NHI,National Health Investors Inc,63633D104,43907000.0,543,0.00017300519950887324
BLD,TopBuild Corp,89055F103,43561000.0,124,0.00017164186794374535
GOSS,Gossamer Bio Inc,38341P102,43105000.0,131216,0.0001698451072683167
KNX,Knight-Swift Transportation Ho,499049104,43070000.0,748,0.00016970719800594826
PKN,Revvity Inc,714046109,42754000.0,488,0.00016846207437999332
DCI,Donaldson Co Inc,257651109,42520000.0,501,0.0001675400524544444
CNM,Core & Main Inc,21874C102,41891000.0,848,0.0001650616259964518
GTLS,Chart Industries Inc,16115Q308,41350000.0,200,0.0001629299428266998
SAFT,Safety Insurance Group Inc,78648T100,41332000.0,569,0.00016285901806319605
EGP,EastGroup Properties Inc,277276101,41275000.0,223,0.00016263442297876745
UDR,UDR Inc,902653104,41178000.0,1219,0.00016225221730877497
TMHC,Taylor Morrison Home Corp,87724P106,41176000.0,707,0.00016224433677949676
MUSA,Murphy USA Inc,626755102,41000000.0,83,0.00016155085020301552
EOLS,Evolus Inc,30052C107,40430000.0,9837,0.00015930489935872972
ONTO,Onto Innovation Inc,683344105,40399000.0,197,0.00015918275115491768
BLDR,Builders FirstSource Inc,12008R107,40177000.0,488,0.00015830801240503792
BAX,Baxter International Inc,071813109,39900000.0,2375,0.00015721655910000778
ATR,AptarGroup Inc,038336103,39570000.0,314,0.00015591627176910546
ALGM,Allegro MicroSystems Inc,01749D105,39286000.0,1246,0.00015479723661160165
MASI,Masimo Corp,574795100,39131000.0,220,0.00015418649559254146
SHOO,Steven Madden Ltd,556269108,39110000.0,1153,0.00015410375003512044
DNTH,Dianthus Therapeutics Inc,252828108,39023000.0,465,0.0001537609470115189
WYNN,Wynn Resorts Ltd,983134107,38995000.0,384,0.00015365061960162415
NCLH,Norwegian Cruise Line Holdings,G66721104,38784000.0,2074,0.0001528192237627745
TTC,Toro Co/The,891092108,38778000.0,415,0.0001527955821749399
KRMN,Karman Holdings Inc,485924104,38584000.0,482,0.00015203117083495491
STBA,S&T Bancorp Inc,783859101,38567000.0,922,0.00015196418633609023
SAIA,Saia Inc,78709Y105,38290000.0,109,0.00015087273303106012
SM,SM Energy Co,78454L100,38102000.0,1222,0.0001501319632789097
CAVA,Cava Group Inc,148929102,37780000.0,467,0.00014886319806512013
AYI,Acuity Brands Inc,00508Y102,37549000.0,134,0.00014795299693348853
CBU,Community Financial System Inc,203607106,37478000.0,639,0.00014767323814411258
FR,First Industrial Realty Trust,32054K103,37313000.0,645,0.00014702309447866142
KRC,Kilroy Realty Corp,49427F108,37153000.0,1317,0.00014639265213640577
CE,Celanese Corp,150870103,36897000.0,561,0.00014538394438879667
MTDR,Matador Resources Co,576485205,36834000.0,583,0.0001451357077165335
BHRB,Burke & Herbert Financial Serv,12135Y108,36814000.0,591,0.00014505690242375154
CRSP,CRISPR Therapeutics AG,H17182108,36772000.0,773,0.00014489141130890945
IDCC,InterDigital Inc,45867G101,36542000.0,121,0.0001439851504419169
CHRD,Chord Energy Corp,674215207,36398000.0,256,0.0001434177523338868
ALV,Autoliv Inc,052800109,36385000.0,346,0.00014336652889357853
MANH,Manhattan Associates Inc,562750109,36342000.0,273,0.00014319709751409732
RUN,Sunrun Inc,86771W105,36341000.0,2680,0.00014319315724945823
CRL,Charles River Laboratories Int,159864107,36225000.0,210,0.00014273608655132285
ADC,Agree Realty Corp,008492100,36182000.0,480,0.00014256665517184167
SN,SharkNinja Inc,G8068L108,36006000.0,340,0.00014187316859536043
BRX,Brixmor Property Group Inc,11120U105,36000000.0,1250,0.00014184952700752583
KNSL,Kinsale Capital Group Inc,49714P108,35874000.0,105,0.00014135305366299949
REXR,Rexford Industrial Realty Inc,76169C100,35839000.0,1095,0.00014121514440063106
ONON,On Holding AG,H5919C104,35721000.0,1050,0.0001407501931732175
BHB,Bar Harbor Bankshares,066849100,35533000.0,1095,0.00014000942342106708
WOR,Worthington Enterprises Inc,981811102,35455000.0,680,0.00013970208277921744
HSIC,Henry Schein Inc,806407102,35376000.0,480,0.0001393908018727287
ON1,Old National Bancorp/IN,680033107,35272000.0,1596,0.00013898101435026253
ORKA,Oruka Therapeutics Inc,687604108,35267000.0,719,0.00013896131302706705
LKQ1,LKQ Corp,501889208,35185000.0,1198,0.000138638211326661
LBRDK,Liberty Broadband Corp,530307305,35109000.0,698,0.00013833875121408955
INGR,Ingredion Inc,457187102,34812000.0,309,0.00013716849261627745
AGCO,AGCO Corp,001084102,34645000.0,299,0.0001365104684215481
OSIS,OSI Systems Inc,671044105,34516000.0,130,0.00013600217428310447
UGI,UGI Corp,902681105,34198000.0,939,0.00013474917012787132
CRC,California Resources Corp,13057Q305,34125000.0,493,0.0001344615308092172
NFG,National Fuel Gas Co,636180101,33826000.0,360,0.0001332833916821269
TECH,Bio-Techne Corp,09073M104,33812000.0,647,0.00013322822797717953
SJM,J M Smucker Co/The,832696405,33658000.0,349,0.00013262142722275845
U,Unity Software Inc,91332U101,33634000.0,1533,0.0001325268608714201
MNTK,Montauk Renewables Inc,61218C103,33586000.0,29205,0.00013233772816874338
HNM,Ormat Technologies Inc,686688102,33576000.0,300,0.0001322983255223524
TEX,Terex Corp,880779103,33569000.0,568,0.00013227074366987872
ARE,Alexandria Real Estate Equitie,015271109,33515000.0,722,0.00013205796937936743
VNOM,Viper Energy Inc,64361Q101,33504000.0,713,0.00013201462646833737
DOX,Amdocs Ltd,G02602103,33217000.0,509,0.00013088377051691626
R,Ryder System Inc,783549108,33163000.0,162,0.00013067099622640497
MARA,Marathon Digital Holdings Inc,565788106,33065000.0,4052,0.00013028485029177337
RYN,Rayonier Inc,754907103,32951000.0,1598,0.00012983566012291623
AMH,American Homes 4 Rent,02665T306,32611000.0,1168,0.00012849597014562292
AUR,Aurora Innovation Inc,051774107,32453000.0,7877,0.00012787340833264545
PII,Polaris Inc,731068102,32210000.0,591,0.00012691592402534462
MRDN,Meridian Holdings Inc,381098409,32165000.0,4455,0.00012673861211658522
AGIO,Agios Pharmaceuticals Inc,00847X104,32139000.0,950,0.00012663616523596866
LC,LendingClub Corp,52603A208,32077000.0,2240,0.0001263918688283446
HRL,Hormel Foods Corp,440452100,32004000.0,1413,0.00012610422950969048
AES,AES Corp/The,00130H105,31857000.0,2261,0.00012552501060774307
Z,Zillow Group Inc,98954M200,31490000.0,761,0.0001240789334851941
WGO,Winnebago Industries Inc,974637100,31455000.0,1015,0.0001239410242228257
CNA,CNA Financial Corp,126117100,31455000.0,685,0.0001239410242228257
MGM,MGM Resorts International,552953101,31421000.0,849,0.00012380705522509636
MIDD,Middleby Corp/The,596278101,31421000.0,237,0.00012380705522509636
CUZ,Cousins Properties Inc,222795502,31417000.0,1392,0.00012379129416653997
SSD,Simpson Manufacturing Co Inc,829073105,31406000.0,183,0.0001237479512555099
W,Wayfair Inc,94419L101,31287000.0,416,0.00012327905976345721
QRVO,Qorvo Inc,74736K101,31270000.0,404,0.00012321207526459256
TRNO,Terreno Realty Corp,88146M101,31263000.0,509,0.00012318449341211887
LUMN,Lumen Technologies Inc,550241103,31164000.0,4484,0.0001227944072128482
ERIE,Erie Indemnity Co,29530P102,31162000.0,124,0.00012278652668357
MODG,Topgolf Callaway Brands Corp,131193104,31161000.0,2245,0.0001227825864189309
CAG,Conagra Brands Inc,205887102,30560000.0,1944,0.00012041448737083304
TKR,Timken Co/The,887389104,30372000.0,302,0.00011967371761868261
BHLB,Berkshire Hills Bancorp Inc,084680107,30330000.0,1011,0.0001195082265038405
MOH,Molina Healthcare Inc,60855R100,30259000.0,227,0.00011922846771446455
LAD,Lithia Motors Inc,536797103,30216000.0,121,0.00011905903633498335
HLF,Herbalife Ltd,G4412G101,30147000.0,2048,0.00011878715807488558
FBIZ,First Business Financial Servi,319390100,30039000.0,557,0.00011836160949386301
OM,Outset Medical Inc,690145206,29971000.0,7805,0.00011809367149840435
WH,Wyndham Hotels & Resorts Inc,98311A105,29893000.0,368,0.0001177863308565547
ERAS,Erasca Inc,29479A108,29852000.0,1845,0.00011762478000635169
CHDN,Churchill Downs Inc,171484108,29824000.0,332,0.00011751445259645696
KMX,CarMax Inc,143130102,29813000.0,717,0.00011747110968542687
AXTA,Axalta Coating Systems Ltd,G0750C108,29750000.0,1074,0.0001172228730131637
RLAY,Relay Therapeutics Inc,75943R102,29741000.0,2989,0.00011718741063141182
ARW,Arrow Electronics Inc,042735100,29686000.0,207,0.00011697069607626144
LNC,Lincoln National Corp,534187109,29678000.0,836,0.00011693917395914864
EPRT,Essential Properties Realty Tr,29670E107,29601000.0,975,0.0001166357735819381
TSBK,Timberland Bancorp Inc/WA,887098101,29415000.0,746,0.0001159028843590659
VLY,Valley National Bancorp,919794107,29349000.0,2390,0.00011564282689288544
PCTY,Paylocity Holding Corp,70438V106,28739000.0,266,0.00011323926546303569
GATX,GATX Corp,361448103,28684000.0,168,0.0001130225509078853
KEX,Kirby Corp,497266106,28436000.0,214,0.00011204536527738901
JEF,Jefferies Financial Group Inc,47233W109,28146000.0,682,0.00011090268853205062
TXNM,PNM Resources Inc,69349H107,28061000.0,480,0.00011056776603772728
PSN,Parsons Corp,70202L102,28006000.0,517,0.0001103510514825769
SEE,Sealed Air Corp,81211K100,28005000.0,666,0.0001103471112179378
RHP,Ryman Hospitality Properties I,78377T107,27957000.0,303,0.0001101579785152611
OWL,Blue Owl Capital Inc,09581B103,27792000.0,3044,0.00010950783484980994
KRG,Kite Realty Group Trust,49803T300,27668000.0,1127,0.00010901924203456181
CZR,Caesars Entertainment Inc,12769G100,27461000.0,1039,0.00010820360725426852
LSTR,Landstar System Inc,515098101,27413000.0,171,0.0001080144745515918
LNTH,Lantheus Holdings Inc,516544103,27154000.0,358,0.00010699394601006545
PTEN,Patterson-UTI Energy Inc,703481101,27086000.0,2501,0.00010672600801460678
PCOR,Procore Technologies Inc,74275K108,27075000.0,475,0.00010668266510357671
ESAB,Esab Corp,29605J106,27065000.0,280,0.00010664326245718573
GKOS,Glaukos Corp,377322102,27023000.0,251,0.00010647777134234361
GTES,Gates Industrial Corp PLC,G39108108,26906000.0,1190,0.00010601676037956916
QFIN,Qifu Technology Inc,88557W101,26737000.0,2071,0.00010535085565556162
HASI,HA Sustainable Infrastructure,41068X100,26681000.0,726,0.00010513020083577212
MP,MP Materials Corp,553368101,26640000.0,552,0.0001049686499855691
AAON,AAON Inc,000360206,26563000.0,321,0.00010466524960835857
XPRO,Expro Group Holdings NV,N3144W105,26533000.0,1524,0.00010454704166918563
TRAK,ReposiTrak Inc,700215304,26524000.0,3490,0.00010451157928743375
FND,Floor & Decor Holdings Inc,339750101,26518000.0,522,0.00010448793769959917
WTM,White Mountains Insurance Grou,G9618E107,26364000.0,12,0.00010388113694517809
SR,Spire Inc,84857L101,26347000.0,291,0.0001038141524463134
THRM,Gentherm Inc,37253A103,26308000.0,947,0.0001036604821253886
ENS,EnerSys,29275Y102,26232000.0,151,0.00010336102201281715
CLSK,Cleanspark Inc,18452B209,26168000.0,3075,0.00010310884507591489
STWD,Starwood Property Trust Inc,85571B105,26140000.0,1518,0.00010299851766602014
LW,Lamb Weston Holdings Inc,513272104,26074000.0,617,0.00010273846019983967
BRT,BRT Apartments Corp,055645303,26026000.0,1951,0.00010254932749716297
HXL,Hexcel Corp,428291108,25898000.0,320,0.00010204497362335844
CWAN,Clearwater Analytics Holdings,185123106,25873000.0,1094,0.000101946467007381
EXP,Eagle Materials Inc,26969P108,25765000.0,136,0.0001015209184263584
WEX,WEX Inc,96208T104,25711000.0,168,0.00010130814413584714
SON,Sonoco Products Co,835495102,25585000.0,473,0.00010081167079132079
IBP,Installed Building Products In,45780R101,25454000.0,96,0.00010029549612359895
NXST,Nexstar Media Group Inc,65336K103,25316000.0,140,9.975173960340344e-05
UEC,Uranium Energy Corp,916896103,25286000.0,1873,9.96335316642305e-05
IBRX,ImmunityBio Inc,45256X103,25250000.0,3292,9.949168213722298e-05
OZK,Bank OZK,06417N103,25148000.0,548,9.908977514403499e-05
GAP,Gap Inc/The,364760108,25023000.0,1034,9.859724206414774e-05
GVA,Granite Construction Inc,387328107,24575000.0,205,9.683200350583187e-05
MSA,MSA Safety Inc,553498106,24429000.0,149,9.625672486852356e-05
FNB,FNB Corp/PA,302520101,24428000.0,1461,9.625278460388447e-05
BTSG,BrightSpring Health Services I,10950A106,24415000.0,573,9.62015611635762e-05
LPX,Louisiana-Pacific Corp,546347105,24153000.0,332,9.516921182813253e-05
UFPI,UFP Industries Inc,90278Q108,24135000.0,262,9.509828706462877e-05
EMN,Eastman Chemical Co,277432100,24117000.0,316,9.5027362301125e-05
SAIC,Science Applications Internati,808625107,24015000.0,253,9.462545530793702e-05
FCN,FTI Consulting Inc,302941109,23334000.0,132,9.194213508871133e-05
ALK,Alaska Air Group Inc,011659109,23319000.0,634,9.188303111912486e-05
H,Hyatt Hotels Corp,448579102,23294000.0,162,9.17845245031474e-05
AMTM,Amentum Holdings Inc,023939101,23289000.0,893,9.176482317995191e-05
FFIN,First Financial Bankshares Inc,32020R109,23266000.0,790,9.167419709325265e-05
DOCN,DigitalOcean Holdings Inc,25402D102,23161000.0,270,9.126046930614737e-05
CPB,Campbell Soup Co,134429109,22849000.0,1026,9.003110673874883e-05
AN,AutoNation Inc,05329W102,22845000.0,117,9.001534568019244e-05
RLI,RLI Corp,749607107,22816000.0,400,8.990107800565858e-05
BSY,Bentley Systems Inc,08265T208,22793000.0,649,8.981045191895934e-05
RITM,Rithm Capital Corp,64828T201,22790000.0,2404,8.979863112504205e-05
GLNG,Golar LNG Ltd,G9456A100,22726000.0,420,8.954645418813977e-05
KNF,Knife River Corp,498894104,22699000.0,278,8.944006704288413e-05
SIGI,Selective Insurance Group Inc,816300107,22617000.0,300,8.911696534247809e-05
BCO,Brink's Co/The,109696104,22591000.0,218,8.901451846186155e-05
AVTR,Avantor Inc,05352A100,22548000.0,2876,8.884508708238034e-05
LLYVK,Liberty Live Holdings Inc,530909308,22398000.0,238,8.825404738651565e-05
RAL,Ralliant Corp,750940108,22209000.0,534,8.750933736972614e-05
POST,Post Holdings Inc,737446104,22145000.0,224,8.725716043282388e-05
BUR,Burford Capital Ltd,G17977110,22085000.0,4886,8.7020744554478e-05
UFPT,UFP Technologies Inc,902673102,22070000.0,114,8.696164058489152e-05
FIHL,Fidelis Insurance Holdings Ltd,G3398L118,21977000.0,1150,8.65951959734554e-05
MAC,Macerich Co/The,554382101,21943000.0,1161,8.64612269757261e-05
CHE,Chemed Corp,16359R103,21909000.0,58,8.632725797799675e-05
CWST,Casella Waste Systems Inc,147448104,21898000.0,276,8.628391506696669e-05
AVNT,Avient Corp,05368V106,21889000.0,603,8.62484526852148e-05
INOD,Innodata Inc,457642205,21859000.0,566,8.613024474604186e-05
PFSI,PennyMac Financial Services In,70932M107,21850000.0,250,8.609478236428999e-05
CORZ,Core Scientific Inc,21874A106,21752000.0,1454,8.570863642965838e-05
DDS,Dillard's Inc,254067101,21740000.0,38,8.56613532539892e-05
CORT,Corcept Therapeutics Inc,218352102,21727000.0,539,8.561012981368094e-05
UNF,UniFirst Corp/MA,904708104,21637000.0,86,8.525550599616212e-05
CUCA,Avis Budget Group Inc,053774105,21586000.0,148,8.505455249956813e-05
ACLS,Axcelis Technologies Inc,054540208,21408000.0,230,8.435318539380869e-05
ACA,Arcosa Inc,039653100,21228000.0,200,8.364393775877105e-05
MWA,Mueller Water Products Inc,624758108,21195000.0,771,8.351390902568083e-05
MTH,Meritage Homes Corp,59001A102,21149000.0,342,8.333265685228232e-05
NOVT,Novanta Inc,67000B104,21142000.0,179,8.330507499980864e-05
SIRI,Sirius XM Holdings Inc,829933100,21095000.0,914,8.311988256177104e-05
ATGE,Adtalem Global Education Inc,00737L103,21091000.0,183,8.310412150321464e-05
AUB,Atlantic Union Bankshares Corp,04911A107,21087000.0,590,8.308836044465825e-05
NPO,Enpro Inc,29355X107,21055000.0,84,8.296227197620712e-05
TFX,Teleflex Inc,879369106,21051000.0,176,8.294651091765073e-05
CTBI,Community Trust Bancorp Inc,204149108,20948000.0,345,8.254066365982364e-05
ADT,ADT Inc,00090Q103,20886000.0,3179,8.229636725219956e-05
CPRI,Capri Holdings Ltd,G1890L107,20880000.0,1185,8.227272566436498e-05
TEM,Tempus AI Inc,88023B103,20801000.0,460,8.196144475787624e-05
UPBD,Upbound Group Inc,76009N100,20650000.0,1144,8.136646479737246e-05
BUWA,Bio-Rad Laboratories Inc,090572207,20628000.0,74,8.127977897531229e-05
MMSI,Merit Medical Systems Inc,589889104,20541000.0,298,8.093697595171078e-05
SKT,Tanger Inc,875465106,20320000.0,598,8.006617746647014e-05
ASO,Academy Sports & Outdoors Inc,00402L107,20153000.0,357,7.940815327174078e-05
AWG,Asbury Automotive Group Inc,043436104,20127000.0,103,7.930570639112422e-05
ARMK,Aramark,03852U106,20108000.0,496,7.923084136298137e-05
DEA,Easterly Government Properties Inc,27616P301,20016000.0,934,7.886833701618436e-05
GT,Goodyear Tire & Rubber Co/The,382550101,20009000.0,3018,7.884075516371067e-05
MHK,Mohawk Industries Inc,608190104,19987000.0,203,7.875406934165052e-05
HUT,Hut 8 Corp,44812J104,19937000.0,425,7.855705610969563e-05
REZI,Resideo Technologies Inc,76118Y104,19552000.0,580,7.704005422364292e-05
VSEC,VSE Corp,918284100,19362000.0,105,7.62914039422143e-05
OPCH,Option Care Health Inc,68404L201,19329000.0,718,7.616137520912407e-05
MSGS,Madison Square Garden Sports C,55825T103,19284000.0,60,7.598406330036467e-05
PBI,Pitney Bowes Inc,724479100,19227000.0,1740,7.575946821593608e-05
CBT,Cabot Corp,127055101,19204000.0,255,7.566884212923682e-05
TREX,Trex Co Inc,89531P105,19084000.0,524,7.519601037254507e-05
FBIN,Fortune Brands Innovations Inc,34964C106,19056000.0,489,7.508568296265033e-05
ESTC,Elastic NV,N14506104,19046000.0,381,7.504628031625935e-05
OUT,Outfront Media Inc,69007J304,19027000.0,718,7.49714152881165e-05
CSW,CSW Industrials Inc,126402106,19022000.0,73,7.4951713964921e-05
RIOT,Riot Platforms Inc,767292105,18948000.0,1533,7.466013438162775e-05
MAT,Mattel Inc,577081102,18860000.0,1298,7.431339109338715e-05
MHO,M/I Homes Inc,55305B101,18858000.0,154,7.430551056410894e-05
EBC,Eastern Bankshares Inc,27627N105,18856000.0,964,7.429763003483075e-05
MRCY,Mercury Systems Inc,589378108,18811000.0,258,7.412031812607135e-05
MDU,MDU Resources Group Inc,552690109,18648000.0,900,7.347805498989838e-05
LOAR,Loar Holdings Inc,53947R105,18447000.0,322,7.268606179743969e-05
WLK,Westlake Corp,960413102,18341000.0,157,7.22683937456953e-05
CC,Chemours Co/The,163851108,18153000.0,824,7.15276239935449e-05
SHAK,Shake Shack Inc,819047101,18136000.0,205,7.146063949468023e-05
BC,Brunswick Corp/DE,117043109,18117000.0,249,7.138577446653736e-05
FOLD,Amicus Therapeutics Inc,03152W109,18104000.0,1252,7.13345510262291e-05
DLB,Dolby Laboratories Inc,25659T107,18018000.0,300,7.099568826726667e-05
QC10,Flagstar Bank NA,649445400,17951000.0,1363,7.073169053644711e-05
KFY,Korn Ferry,500643200,17941000.0,285,7.069228789005613e-05
DBX,Dropbox Inc,26210C104,17926000.0,789,7.063318392046966e-05
TWST,Twist Bioscience Corp,90184D100,17868000.0,376,7.040464857140199e-05
OLN,Olin Corp,680665205,17868000.0,601,7.040464857140199e-05
GPI,Group 1 Automotive Inc,398905109,17854000.0,54,7.034948486645462e-05
DNLI,Denali Therapeutics Inc,24823R105,17798000.0,927,7.012883004666513e-05
RGEN,Repligen Corp,759916109,17791000.0,151,7.010124819419143e-05
BHF,Brighthouse Financial Inc,10922N103,17605000.0,294,6.936835897131923e-05
BBWI,Bath & Body Works Inc,070830104,17363000.0,930,6.841481492865753e-05
TRS,TriMas Corp,896215209,17360000.0,483,6.840299413474023e-05
HRI,Herc Holdings Inc,42704L104,17321000.0,174,6.82493238138154e-05
PSMT,PriceSmart Inc,741511109,17308000.0,115,6.819810037350714e-05
CNO,CNO Financial Group Inc,12621E103,17286000.0,421,6.811141455144697e-05
LAUR,Laureate Education Inc,518613203,17211000.0,494,6.781589470351463e-05
SXT,Sensient Technologies Corp,81725T100,17115000.0,198,6.743762929816123e-05
TSA,ACI Worldwide Inc,004498101,17101000.0,417,6.738246559321387e-05
CLF,Cleveland-Cliffs Inc,185899101,16968000.0,2008,6.685841039621384e-05
RYAN,Ryan Specialty Holdings Inc,78351F107,16937000.0,502,6.67362621924018e-05
PRM,Perimeter Solutions Inc,71385M107,16899000.0,692,6.658653213611608e-05
CCCS,CCC Intelligent Solutions Hold,12510Q100,16842000.0,2807,6.63619370516875e-05
HLIO,Helios Technologies Inc,42328H109,16825000.0,260,6.629495255282283e-05
GFS,GLOBALFOUNDRIES Inc,G39387108,16813000.0,378,6.624766937715366e-05
BOX,Box Inc,10316T104,16737000.0,708,6.594820926458221e-05
BNL,Broadstone Net Lease Inc,11135E203,16717000.0,915,6.586940397180025e-05
ZETA,Zeta Global Holdings Corp,98956A105,16700000.0,1049,6.580241947293559e-05
CALM,Cal-Maine Foods Inc,128030202,16700000.0,211,6.580241947293559e-05
S,SentinelOne Inc,81730H109,16551000.0,1285,6.521532004171e-05
TDS,Telephone and Data Systems Inc,879433829,16545000.0,393,6.519167845387542e-05
LTH,Life Time Group Holdings Inc,53190C102,16541000.0,614,6.517591739531903e-05
FUL,HB Fuller Co,359694106,16530000.0,268,6.513257448428894e-05
NWS,News Corp,65249B208,16422000.0,576,6.470702590326636e-05
NSA,National Storage Affiliates Tr,637870106,16379000.0,434,6.453759452378515e-05
LFVN,Lifevantage Corp,53222K205,16161000.0,3741,6.36786168324618e-05
WSC,WillScot Holdings Corp,971378104,16093000.0,927,6.341067883700313e-05
SKY,Skyline Champion Corp,830830105,16064000.0,216,6.32964111624693e-05
PBH,Prestige Consumer Healthcare I,74112D101,16062000.0,271,6.328853063319111e-05
PVH,PVH Corp,693656100,15905000.0,228,6.266990908485273e-05
IRMD,iRadimed Corp,46266A109,15883000.0,165,6.258322326279258e-05
BXMT,Blackstone Mortgage Trust Inc,09257W100,15875000.0,829,6.25517011456798e-05
VVV,Valvoline Inc,92047W101,15830000.0,470,6.237438923692037e-05
HP,Helmerich & Payne Inc,423452101,15745000.0,437,6.203946674259705e-05
ELF,elf Beauty Inc,26856L103,15577000.0,257,6.13775022832286e-05
VSCO,Victoria's Secret & Co,926400102,15577000.0,336,6.13775022832286e-05
SLGN,Silgan Holdings Inc,827048109,15520000.0,400,6.115290719880002e-05
GOLF,Acushnet Holdings Corp,005098108,15518000.0,166,6.114502666952183e-05
CVCO,Cavco Industries Inc,149568107,15497000.0,32,6.106228111210078e-05
ORI,Old Republic International Cor,680223104,15481000.0,388,6.099923687787521e-05
TXG,10X Genomics Inc,88025U109,15392000.0,725,6.064855332499548e-05
RDNT,RadNet Inc,750491102,15369000.0,275,6.055792723829623e-05
CDP,COPT Defense Properties,22002T108,15331000.0,501,6.0408197182010515e-05
WU,Western Union Co/The,959802109,15321000.0,1755,6.036879453561953e-05
BOKF,BOK Financial Corp,05561Q201,15239000.0,119,6.00456928352135e-05
SBCF,Seacoast Banking Corp of Flori,811707801,15145000.0,500,5.967530795913829e-05
MMS,Maximus Inc,577933104,15128000.0,236,5.960832346027363e-05
CALX,Calix Inc,13100M509,15089000.0,308,5.945465313934881e-05
COLD,Americold Realty Trust Inc,03064D108,15058000.0,1314,5.933250493553677e-05
IPGP,IPG Photonics Corp,44980X109,15011000.0,131,5.9147312497499165e-05
VKTX,Viking Therapeutics Inc,92686J106,15001000.0,461,5.9107909851108194e-05
UCTT,Ultra Clean Holdings Inc,90385V107,14923000.0,240,5.880056920925855e-05
GPK,Graphic Packaging Holding Co,388689101,14900000.0,1499,5.8709943122559294e-05
FIBK,First Interstate BancSystem In,32055Y201,14896000.0,446,5.86941820640029e-05
ENVX,Enovix Corp,293594107,14826000.0,2862,5.8418363539266055e-05
FOUR,Shift4 Payments Inc,82452J109,14824000.0,339,5.841048300998785e-05
CVLT,CommVault Systems Inc,204166102,14799000.0,190,5.831197639401041e-05
EPR,EPR Properties,26884U109,14788000.0,296,5.8268633482980324e-05
NGVT,Ingevity Corp,45688C107,14745000.0,207,5.8099202103499125e-05
KALV,KalVista Pharmaceuticals Inc,483497103,14735000.0,732,5.805979945710814e-05
DOCS,Doximity Inc,26622P107,14702000.0,631,5.792977072401791e-05
WDFC,WD-40 Co,929236107,14684000.0,72,5.7858845960514145e-05
APPF,Appfolio Inc,03783C100,14677000.0,93,5.783126410804045e-05
WHR,Whirlpool Corp,963320106,14666000.0,272,5.7787921197010384e-05
NOG,Northern Oil & Gas Inc,665531307,14615000.0,500,5.758696770041639e-05
DGII,Digi International Inc,253798102,14556000.0,302,5.735449208670961e-05
HWKN,Hawkins Inc,420261109,14438000.0,94,5.688954085929605e-05
OC,Owens Corning,690742101,14393000.0,133,5.6712228950536645e-05
CRGY,Crescent Energy Co,44952J104,14337000.0,1062,5.649157413074716e-05
POWI,Power Integrations Inc,739276103,14336000.0,280,5.648763386610806e-05
EEFT,Euronet Worldwide Inc,298736109,14270000.0,215,5.622757639992759e-05
SUPN,Supernus Pharmaceuticals Inc,868459108,14215000.0,275,5.6010861844777206e-05
DBD,Diebold Nixdorf Inc,253651202,14183000.0,188,5.5884773376326076e-05
HAE,Haemonetics Corp,405024100,14090000.0,250,5.551832876488997e-05
IRT,Independence Realty Trust Inc,45378A106,14026000.0,942,5.5266151827987705e-05
TPH,Tri Pointe Homes Inc,87265H109,14019000.0,300,5.5238569975514013e-05
ANDE,Andersons Inc/The,034164103,13997000.0,195,5.5151884153453855e-05
CHCO,City Holding Co,177835105,13984000.0,117,5.510066071314558e-05
NATL,NCR Atleos Corp,63001N106,13946000.0,320,5.4950930656859866e-05
ASH,Ashland Inc,044186104,13847000.0,249,5.456084445758917e-05
RUSHA,Rush Enterprises Inc,781846209,13619000.0,206,5.366246411987483e-05
CWT,California Water Service Group,130788102,13602000.0,300,5.359547962101017e-05
CON,Concentra Group Holdings Parent Inc,20603L102,13578000.0,633,5.350091326967182e-05
VC,Visteon Corp,92839U206,13575000.0,149,5.348909247575453e-05
DK,Delek US Holdings Inc,24665A103,13566000.0,301,5.345363009400265e-05
HGV,Hilton Grand Vacations Inc,43283X105,13536000.0,346,5.333542215482971e-05
OPEN,Opendoor Technologies Inc,683712103,13535000.0,2892,5.333148189019061e-05
BRC,Brady Corp,104674106,13486000.0,166,5.3138408922874815e-05
QS,QuantumScape Corp,74767V109,13392000.0,2099,5.27680240467996e-05
SFNC,Simmons First National Corp,828730200,13362000.0,687,5.264981610762667e-05
WAY,Waystar Holding Corp,946784105,13333000.0,553,5.2535548433092835e-05
TTAN,ServiceTitan Inc,81764X103,13327000.0,210,5.251190684525824e-05
VCTR,Victory Capital Holdings Inc,92645B103,13293000.0,203,5.2377937847528915e-05
TOWN,Towne Bank/Portsmouth VA,89214P109,13266000.0,394,5.227155070227327e-05
GPRE,Green Plains Inc,393222104,13242000.0,805,5.217698435093492e-05
KD,Kyndryl Holdings Inc,50155Q100,13238000.0,1009,5.216122329237853e-05
SLG,SL Green Realty Corp,78440X887,13188000.0,357,5.1964210060423624e-05
CNK,Cinemark Holdings Inc,17243V102,13119000.0,460,5.169233180032587e-05
FRPT,Freshpet Inc,358039105,13089000.0,222,5.1574123861152927e-05
ITGR,Integer Holdings Corp,45826H109,13024000.0,148,5.131800665961157e-05
XRAY,DENTSPLY SIRONA Inc,24906P109,13015000.0,1122,5.128254427785969e-05
KBH,KB Home,48666K109,12989000.0,251,5.118009739724314e-05
SDRL,Seadrill Ltd,G7997W102,12968000.0,285,5.1097351839822084e-05
ICUI,ICU Medical Inc,44930G107,12915000.0,100,5.088851781394989e-05
CPK,Chesapeake Utilities Corp,165303108,12890000.0,102,5.079001119797244e-05
MTX,Minerals Technologies Inc,603158106,12766000.0,180,5.03014183827243e-05
SBSI,Southside Bancshares Inc,84470P109,12747000.0,410,5.022655335458143e-05
SXI,Standex International Corp,854231107,12743000.0,50,5.021079229602504e-05
RRC,Range Resources Corp,75281A109,12741000.0,282,5.020291176674685e-05
GHC,Graham Holdings Co,384637104,12687000.0,12,4.9990137476235556e-05
GRAL,GRAIL Inc,384747101,12662000.0,245,4.989163086025811e-05
PENN,Penn Entertainment Inc,707569109,12655000.0,842,4.9864049007784426e-05
MZTI,Lancaster Colony Corp,513847103,12588000.0,91,4.960005127696486e-05
MGRC,McGrath RentCorp,580589109,12572000.0,114,4.953700704273929e-05
PATK,Patrick Industries Inc,703343103,12440000.0,112,4.901689211037837e-05
ENOV,Enovis Corp,194014502,12422000.0,546,4.894596734687461e-05
DCO,Ducommun Inc,264147109,12200000.0,100,4.8071228596994864e-05
GTLB,Gitlab Inc,37637K108,12140000.0,561,4.783481271864899e-05
HUN,Huntsman Corp,447011107,12099000.0,909,4.767326186844597e-05
FRHC,Freedom Holding Corp/NV,356390104,12025000.0,83,4.7381682285152725e-05
IMAX,IMAX Corp,45245E109,12011000.0,316,4.7326518580205356e-05
BRKR,Bruker Corp,116794108,11956000.0,331,4.710980402505497e-05
ATKR,Atkore Inc,047649108,11900000.0,202,4.6889149205265484e-05
OSW,OneSpaWorld Holdings Ltd,P73684113,11820000.0,515,4.6573928034137645e-05
PI,Impinj Inc,453204109,11810000.0,115,4.653452538774667e-05
DBRG,DigitalBridge Group Inc,25401T603,11765000.0,763,4.635721347898726e-05
ALHC,Alignment Healthcare Inc,01625V104,11700000.0,664,4.610109627744589e-05
LASR,nLight Inc,65487K100,11689000.0,205,4.605775336641582e-05
DFTX,Definium Therapeutics Inc,24477V105,11680000.0,618,4.602229098466394e-05
MGEE,MGE Energy Inc,55277P104,11671000.0,151,4.5986828602912056e-05
POOL,Pool Corp,73278L105,11533000.0,57,4.544307208271654e-05
CARG,Cargurus Inc,141788109,11475000.0,337,4.521453673364886e-05
NMRK,Newmark Group Inc,65158N102,11467000.0,765,4.5183014616536074e-05
APGE,Apogee Therapeutics Inc,03770N101,11447000.0,136,4.510420932375411e-05
VECO,Veeco Instruments Inc,922417100,11411000.0,337,4.496235979674659e-05
GFF,Griffon Corp,398433102,11338000.0,156,4.4674720478092435e-05
MSGE,Madison Square Garden Entertai,558256103,11311000.0,192,4.4568333332836794e-05
AMR,Alpha Metallurgical Resources,020764106,11290000.0,55,4.448558777541574e-05
BCC,Boise Cascade Co,09739D100,11226000.0,148,4.423341083851347e-05
ACHC,Acadia Healthcare Co Inc,00404A109,11157000.0,477,4.396153257841571e-05
DYN,Dyne Therapeutics Inc,26818M108,11096000.0,612,4.372117643543074e-05
GRBK,Green Brick Partners Inc,392709101,11085000.0,172,4.367783352440066e-05
TBBK,Bancorp Inc/The,05969A105,11014000.0,205,4.339807473502471e-05
CACC,Credit Acceptance Corp,225310101,11010000.0,26,4.338231367646831e-05
ADEA,Adeia Inc,00676P107,11006000.0,458,4.336655261791192e-05
KMT,Kennametal Inc,489170100,10984000.0,304,4.3279866795851767e-05
EFSC,Enterprise Financial Services,293712105,10930000.0,202,4.306709250534048e-05
ALRM,Alarm.com Holdings Inc,011642105,10927000.0,253,4.305527171142319e-05
HIW,Highwoods Properties Inc,431284108,10919000.0,510,4.30237495943104e-05
UTI,Universal Technical Institute,913915104,10830000.0,300,4.267306604143069e-05
JXC1,Ziff Davis Inc,48123V102,10826000.0,258,4.26573049828743e-05
AZTA,Azenta Inc,114340102,10819000.0,512,4.2629723130400606e-05
BORR,Borr Drilling Ltd,G1466R173,10819000.0,1875,4.2629723130400606e-05
YETI,YETI Holdings Inc,98585X104,10794000.0,295,4.253121651442316e-05
NEOG,Neogen Corp,640491106,10767000.0,1159,4.242482936916751e-05
VSH,Vishay Intertechnology Inc,928298108,10764000.0,598,4.2413008575250226e-05
CGON,CG oncology Inc,156944100,10761000.0,159,4.2401187781332926e-05
EZPW,EZCORP Inc,302301106,10761000.0,424,4.2401187781332926e-05
ARCB,ArcBest Corp,03937C105,10721000.0,109,4.224357719576901e-05
NHC,National HealthCare Corp,635906100,10700000.0,67,4.216083163834795e-05
BEAM,Beam Therapeutics Inc,07373V105,10700000.0,449,4.216083163834795e-05
HMN,Horace Mann Educators Corp,440327104,10627000.0,249,4.1873192319693804e-05
GEO,GEO Group Inc/The,36162J106,10624000.0,632,4.186137152577651e-05
CAKE,Cheesecake Factory Inc/The,163072101,10621000.0,194,4.184955073185922e-05
CXT,Crane NXT Co,224441105,10553000.0,260,4.158161273640056e-05
SOUN,SoundHound AI Inc,836100107,10545000.0,1535,4.1550090619287777e-05
KAR,OPENLANE Inc,48238T109,10406000.0,357,4.100239383445316e-05
ONDS,Ondas Holdings Inc,68236H204,10360000.0,1146,4.082114166105465e-05
FMC,FMC Corp,302491303,10315000.0,599,4.0643829752295244e-05
HUBG,Hub Group Inc,443320106,10307000.0,286,4.061230763518246e-05
EYE,National Vision Holdings Inc,63845R107,10256000.0,396,4.0411354138588466e-05
ACT,Enact Holdings Inc,29249E109,10203000.0,250,4.020252011271628e-05
VAC,Marriott Vacations Worldwide C,57164Y107,10094000.0,155,3.9773031267054606e-05
RELY,Remitly Global Inc,75960P104,10076000.0,643,3.970210650355084e-05
SRPT,Sarepta Therapeutics Inc,803607100,10075000.0,463,3.969816623891174e-05
DXC,DXC Technology Co,23355L106,10018000.0,797,3.947357115448316e-05
TALO,Talos Energy Inc,87484T108,9992000.0,634,3.937112427386661e-05
BATRK,Atlanta Braves Holdings Inc,047726302,9864000.0,231,3.8866770400062074e-05
VRNS,Varonis Systems Inc,922280102,9833000.0,458,3.874462219625004e-05
COCO,Vita Coco Co Inc/The,92846Q107,9822000.0,205,3.8701279285219965e-05
OLMA,Olema Pharmaceuticals Inc,68062P106,9751000.0,654,3.8421520495844007e-05
SMMT,Summit Therapeutics Inc,86627T108,9745000.0,514,3.839787890800942e-05
IDA,IDACORP Inc,451107106,9722000.0,68,3.830725282131017e-05
ASGN,ASGN Inc,00191U102,9678000.0,250,3.813388117718986e-05
RNG,RingCentral Inc,76680R206,9669000.0,260,3.809841879543798e-05
RH,RH,74967X103,9648000.0,69,3.8015673238016924e-05
AMRX,Amneal Pharmaceuticals Inc,03168L105,9596000.0,772,3.7810779476783824e-05
BUSE,First Busey Corp,319383204,9577000.0,379,3.7735914448640966e-05
ABM,ABM Industries Inc,000957100,9514000.0,247,3.7487677776377796e-05
PFS,Provident Financial Services I,74386T105,9501000.0,449,3.7436454336069525e-05
AMC,AMC Entertainment Holdings Inc,00165C302,9457000.0,9650,3.7263082691949214e-05
NSZ,NetScout Systems Inc,64115T104,9378000.0,295,3.695180178546048e-05
RXO,RXO Inc,74982T103,9298000.0,636,3.663658061433265e-05
NUVB,Nuvation Bio Inc,67080N101,9253000.0,2157,3.645926870557324e-05
VRDN,Viridian Therapeutics Inc,92790C104,9252000.0,473,3.6455328440934134e-05
KWR,Quaker Chemical Corp,747316107,9193000.0,74,3.622285282722736e-05
KMPR,Kemper Corp,488401100,9168000.0,300,3.612434621124991e-05
HNI,HNI Corp,404251100,9149000.0,274,3.604948118310705e-05
NKTR,Nektar Therapeutics,640268306,9138000.0,127,3.600613827207697e-05
TLRY,Tilray Brands Inc,88688T209,9129000.0,1411,3.5970675890325095e-05
AGYS,Agilysys Inc,00847J105,9106000.0,128,3.588004980362584e-05
DXPE,DXP Enterprises Inc/TX,233377407,9082000.0,65,3.5785483452287484e-05
KGS,Kodiak Gas Services Inc,50012A108,9040000.0,155,3.5619992337445376e-05
BL,BlackLine Inc,09239B109,8880000.0,240,3.4989549995189704e-05
NCNO,nCino Inc,63947X101,8838000.0,590,3.482405888034759e-05
FBNC,First Bancorp/Southern Pines N,318910106,8791000.0,156,3.463886644230999e-05
SPSC,SPS Commerce Inc,78463M107,8740000.0,157,3.443791294571599e-05
LLYVA,Liberty Live Holdings Inc,530909100,8706000.0,95,3.4303943947986664e-05
FWONA,Liberty Media Corp-Liberty For,531229771,8667000.0,111,3.415027362706184e-05
AIN,Albany International Corp,012348108,8615000.0,165,3.394537986582875e-05
TNET,TriNet Group Inc,896288107,8597000.0,236,3.387445510232499e-05
HLMN,Hillman Solutions Corp,431636109,8545000.0,1027,3.3669561341091894e-05
NBTB,NBT Bancorp Inc,628778102,8516000.0,200,3.355529366655805e-05
BKD,Brookdale Senior Living Inc,112463104,8495000.0,621,3.3472548109137e-05
CAPR,Capricor Therapeutics Inc,14070B309,8451000.0,278,3.3299176465016686e-05
INTA,Intapp Inc,45827U109,8426000.0,328,3.320066984903924e-05
OMCL,Omnicell Inc,68213N109,8412000.0,252,3.3145506144091864e-05
HE,Hawaiian Electric Industries I,419870100,8399000.0,566,3.30942827037836e-05
CLDX,Celldex Therapeutics Inc,15117B202,8311000.0,262,3.274753941554297e-05
AOS,A O Smith Corp,831865209,8308000.0,126,3.2735718621625684e-05
DNOW,DNOW Inc,67011P100,7968000.0,669,3.1396028644332385e-05
NTLA,Intellia Therapeutics Inc,45826J105,7910000.0,617,3.1167493295264705e-05
GNL,Global Net Lease Inc,379378201,7881000.0,842,3.105322562073086e-05
TFIN,Triumph Financial Inc,89679E300,7875000.0,132,3.1029584032896274e-05
HOPE,Hope Bancorp Inc,43940T109,7841000.0,702,3.089561503516694e-05
BLKB,Blackbaud Inc,09227Q100,7722000.0,200,3.0426723543114288e-05
CHEF,Chefs' Warehouse Inc/The,163086101,7669000.0,129,3.02178895172421e-05
ATEN,A10 Networks Inc,002121101,7560000.0,327,2.9788400671580424e-05
MAN,ManpowerGroup Inc,56418H100,7542000.0,256,2.971747590807666e-05
LION,Lionsgate Studios Corp,53626N102,7519000.0,784,2.9626849821377407e-05
RCUS,Arcus Biosciences Inc,03969F109,7495000.0,347,2.9532283470039056e-05
DFIN,Donnelley Financial Solutions,25787G100,7495000.0,159,2.9532283470039056e-05
ARI,Apollo Commercial Real Estate,03762U105,7487000.0,709,2.9500761352926273e-05
HTZ,Hertz Global Holdings Inc,42806J700,7477000.0,1622,2.9461358706535295e-05
OSBC,Old Second Bancorp Inc,680277100,7439000.0,369,2.931162865024957e-05
PRLB,Proto Labs Inc,743713109,7413000.0,130,2.9209181769633028e-05
RARE,Ultragenyx Pharmaceutical Inc,90400D108,7395000.0,353,2.9138257006129263e-05
LOB,Live Oak Bancshares Inc,53803X105,7375000.0,223,2.9059451713347304e-05
EIG,Employers Holdings Inc,292218104,7364000.0,179,2.9016108802317224e-05
CRK,Comstock Resources Inc,205768302,7357000.0,349,2.8988526949843543e-05
CCS,Century Communities Inc,156504300,7345000.0,128,2.894124377417437e-05
PLUN,Plug Power Inc,72919P202,7322000.0,3240,2.8850617687475112e-05
IE,Ivanhoe Electric Inc / US,46578C108,7305000.0,618,2.878363318861045e-05
AGM,Farmer Mac,313148306,7269000.0,49,2.864178366160292e-05
PUMP,ProPetro Holding Corp,74347M108,7263000.0,504,2.861814207376833e-05
IDYA,Ideaya Biosciences Inc,45166A102,7230000.0,217,2.8488113340678103e-05
PRCT,PROCEPT BioRobotics Corp,74276L105,7103000.0,284,2.7987699731512663e-05
ECVT,Ecovyst Inc,27923Q109,7073000.0,550,2.786949179233973e-05
PRKS,United Parks & Resorts Inc,81282V100,7055000.0,216,2.7798567028835964e-05
NWL,Newell Brands Inc,651229106,7042000.0,2053,2.774734358852769e-05
GLOB,Globant SA,L44385109,7009000.0,152,2.761731485543746e-05
LEG,Leggett & Platt Inc,524660107,6975000.0,706,2.748334585770813e-05
USPH,US Physical Therapy Inc,90337L108,6971000.0,93,2.7467584799151737e-05
BWIN,Baldwin Insurance Group Inc/Th,05589G102,6955000.0,317,2.7404540564926172e-05
KOD,Kodiak Sciences Inc,50015M109,6938000.0,182,2.7337556066061503e-05
COHU,Cohu Inc,192576106,6920000.0,226,2.7266631302557742e-05
CLNE,Clean Energy Fuels Corp,184499101,6845000.0,2760,2.6971111454625395e-05
OI,O-I Glass Inc,67098H104,6800000.0,647,2.679379954586599e-05
FMBH,First Mid Bancshares Inc,320866106,6796000.0,165,2.67780384873096e-05
SEM,Select Medical Holdings Corp,81619Q105,6760000.0,415,2.6636188960302074e-05
WD,Walker & Dunlop Inc,93148P102,6746000.0,152,2.65810252553547e-05
LUNR,Intuitive Machines Inc,46125A100,6737000.0,363,2.6545562873602817e-05
CRVL,CorVel Corp,221006109,6722000.0,123,2.6486458904016346e-05
USAR,USA Rare Earth Inc,91733P107,6705000.0,443,2.6419474405151684e-05
TRST,TrustCo Bank Corp NY,898349204,6698000.0,153,2.6391892552677995e-05
KURA,Kura Oncology Inc,50127T109,6691000.0,823,2.6364310700204314e-05
CENTA,Central Garden & Pet Co,153527205,6679000.0,206,2.631702752453514e-05
TNDM,Tandem Diabetes Care Inc,875372203,6671000.0,348,2.6285505407422354e-05
MLKN,MillerKnoll Inc,600544100,6652000.0,460,2.6210640379279492e-05
PGNY,Progyny Inc,74340E103,6622000.0,390,2.6092432440106554e-05
TRVI,Trevi Therapeutics Inc,89532M101,6621000.0,555,2.608849217546746e-05
INBX,Inhibrx Biosciences Inc,45720N103,6589000.0,98,2.5962403707016326e-05
STC,Stewart Information Services C,860372101,6589000.0,107,2.5962403707016326e-05
ADPT,Adaptive Biotechnologies Corp,00650F109,6579000.0,474,2.5923001060625345e-05
TRIP,TripAdvisor Inc,896945201,6567000.0,616,2.587571788495617e-05
NWBI,Northwest Bancshares Inc,667340103,6561000.0,517,2.5852076297121584e-05
ADUS,Addus HomeCare Corp,006739106,6556000.0,70,2.583237497392609e-05
ONEW,OneWater Marine Inc,68280L101,6521000.0,690,2.569446571155766e-05
EMBC,Embecta Corp,29082K105,6498000.0,735,2.560383962485841e-05
FRSH,Freshworks Inc,358054104,6488000.0,808,2.5564436978467433e-05
SMA,Smartstop Self Storage REIT In,83192D402,6480000.0,214,2.553291486135465e-05
ABR,Arbor Realty Trust Inc,038923108,6407000.0,831,2.52452755427005e-05
ACIC,American Coastal Insurance Cor,910710102,6390000.0,568,2.5178291043835837e-05
SHLS,Shoals Technologies Group Inc,82489W107,6389000.0,971,2.5174350779196735e-05
KNTK,Kinetik Holdings Inc,02215L209,6342000.0,131,2.498915834115913e-05
ACMR,ACM Research Inc,00108J109,6335000.0,161,2.4961576488685446e-05
ALGT,Allegiant Travel Co,01748X102,6321000.0,78,2.4906412783738077e-05
PCRX,Pacira BioSciences Inc,695127100,6305000.0,279,2.484336854951251e-05
PAYO,Payoneer Global Inc,70451X104,6279000.0,1300,2.4740921668895965e-05
UNIT,Uniti Group Inc,912932100,6256000.0,667,2.465029558219671e-05
SFL,SFL Corp Ltd,G7738W106,6204000.0,575,2.4445401820963615e-05
PKST,Peakstone Realty Trust,39818P799,6183000.0,296,2.4362656263542564e-05
NVAX,Novavax Inc,670002401,6162000.0,757,2.4279910706121503e-05
CRI,Carter's Inc,146229109,6151000.0,172,2.4236567795091424e-05
ROG,Rogers Corp,775133101,6118000.0,57,2.4106539062001196e-05
NBHC,National Bank Holdings Corp,633707104,6109000.0,156,2.4071076680249312e-05
NRIX,Nurix Therapeutics Inc,67080M103,6107000.0,394,2.4063196150971117e-05
GEF,Greif Inc,397624107,6103000.0,91,2.4047435092414722e-05
CCB,Coastal Financial Corp/WA,19046P209,6088000.0,80,2.3988331122828258e-05
SBET,Sharplink Gaming Inc,820014405,6082000.0,943,2.396468953499367e-05
KOP,Koppers Holdings Inc,50060P106,6034000.0,156,2.3775556832316966e-05
MBC,Masterbrand Inc,57638P104,6033000.0,726,2.3771616567677868e-05
HROW,Harrow Inc,415858109,5994000.0,170,2.361794624675305e-05
CNMD,CONMED Corp,207410101,5976000.0,169,2.354702148324929e-05
XOMA,XOMA Royalty Corp,98419J206,5960000.0,190,2.348397724902372e-05
SCHL,Scholastic Corp,807066105,5937000.0,152,2.3393351162324467e-05
ATRC,AtriCure Inc,04963C209,5934000.0,208,2.3381530368407174e-05
CBZ,CBIZ Inc,124805102,5907000.0,220,2.327514322315153e-05
DJT,Trump Media & Technology Group,25400Q105,5893000.0,635,2.3219979518204156e-05
VRE,Veris Residential Inc,554489104,5887000.0,312,2.319633793036957e-05
CMP,Compass Minerals International,20451N101,5885000.0,252,2.3188457401091374e-05
URGN,UroGen Pharma Ltd,M96088105,5844000.0,325,2.302690655088836e-05
ENR,Energizer Holdings Inc,29272W109,5829000.0,355,2.296780258130189e-05
NEXT,NextDecade Corp,65342K105,5822000.0,760,2.2940220728828204e-05
GBX,Greenbrier Cos Inc/The,393657101,5739000.0,109,2.2613178763783075e-05
GSHD,Goosehead Insurance Inc,38267D109,5716000.0,134,2.2522552677083822e-05
VOYG,Voyager Technologies Inc,92892B103,5660000.0,242,2.2301897857294337e-05
SEB,Seaboard Corp,811543107,5654000.0,1,2.227825626945975e-05
LKFN,Lakeland Financial Corp,511656100,5623000.0,98,2.2156108065647715e-05
PZZA,Papa John's International Inc,698813102,5607000.0,173,2.2093063831422146e-05
UPWK,Upwork Inc,91688F104,5601000.0,511,2.206942224358756e-05
LILAK,Liberty Latin America Ltd,G9001E128,5592000.0,634,2.203395986183568e-05
ARDX,Ardelyx Inc,039697107,5553000.0,927,2.188028954091086e-05
VSTS,Vestis Corp,29430C102,5526000.0,703,2.1773902395655213e-05
DLX,Deluxe Corp,248019101,5508000.0,200,2.1702977632151452e-05
ROCK,Gibraltar Industries Inc,374689107,5502000.0,138,2.167933604431686e-05
AXGN,Axogen Inc,05463X106,5500000.0,166,2.1671455515038666e-05
PEBO,Peoples Bancorp Inc/OH,709789101,5489000.0,167,2.162811260400859e-05
NAVI,Navient Corp,63938C108,5472000.0,669,2.1561128105143924e-05
LADR,Ladder Capital Corp,505743104,5461000.0,559,2.1517785194113847e-05
ARRY,Array Technologies Inc,04271T100,5423000.0,750,2.1368055137828127e-05
SNCY,Sun Country Airlines Holdings,866683105,5386000.0,326,2.1222265346181504e-05
ATEX,Anterix Inc,03676C100,5385000.0,141,2.1218325081542406e-05
AMRC,Ameresco Inc,02361E108,5254000.0,206,2.0702150413820575e-05
PMT,PennyMac Mortgage Investment T,70931T103,5247000.0,450,2.067456856134689e-05
STAA,STAAR Surgical Co,852312305,5236000.0,280,2.063122565031681e-05
LCID,Lucid Group Inc,549498202,5232000.0,549,2.061546459176042e-05
PRMB,Primo Brands Corp,741623102,5216000.0,277,2.0552420357534855e-05
LEN/B,Lennar Corp,526057302,5215000.0,62,2.0548480092895757e-05
DX,Dynex Capital Inc,26817Q886,5168000.0,405,2.036328765485815e-05
ARR,ARMOUR Residential REIT Inc,042315705,5154000.0,309,2.030812394991078e-05
OBK,Origin Bancorp Inc,68621T102,5141000.0,124,2.0256900509602508e-05
NSP,Insperity Inc,45778Q107,5138000.0,190,2.024507971568521e-05
PRGS,Progress Software Corp,743312100,5130000.0,200,2.021355759857243e-05
NEO,NeoGenomics Inc,64049M209,5120000.0,690,2.017415495218145e-05
VRTS,Virtus Investment Partners Inc,92828Q109,5105000.0,38,2.011505098259498e-05
SOC,Sable Offshore Corp,78574H104,5105000.0,309,2.011505098259498e-05
IMKTA,Ingles Markets Inc,457030104,5034000.0,56,1.9835292193219028e-05
SGRY,Surgery Partners Inc,86881A100,5030000.0,422,1.9819531134662637e-05
AAMI,Acadian Asset Management Inc,10948W103,5007000.0,92,1.9728905047963383e-05
LXU,LSB Industries Inc,502160104,4962000.0,333,1.9551593139203975e-05
AI,C3.ai Inc,12468P104,4959000.0,589,1.953977234528668e-05
ASTE,Astec Industries Inc,046224101,4953000.0,92,1.9516130757452094e-05
ASTH,Astrana Health Inc,03763A207,4953000.0,202,1.9516130757452094e-05
HPP,Hudson Pacific Properties Inc,444097406,4929000.0,834,1.9421564406113743e-05
CIM,Chimera Investment Corp,16934Q802,4920000.0,392,1.9386102024361863e-05
HLIT,Harmonic Inc,413160102,4912000.0,547,1.935457990724908e-05
AEHR,Aehr Test Systems,00760J108,4895000.0,132,1.9287595408384414e-05
FIVN,Five9 Inc,338307101,4870000.0,321,1.9189088792406965e-05
SCL,Stepan Co,858586100,4848000.0,97,1.9102402970346813e-05
MFA,MFA Financial Inc,55272X607,4838000.0,505,1.906300032395583e-05
CNOB,ConnectOne Bancorp Inc,20786W107,4819000.0,180,1.8988135295812973e-05
HFWA,Heritage Financial Corp/WA,42722X106,4784000.0,184,1.8850226033444543e-05
ALKT,Alkami Technology Inc,01644J108,4764000.0,304,1.8771420740662583e-05
AHCO,AdaptHealth Corp,00653Q102,4724000.0,397,1.8613810155098667e-05
ADTN,ADTRAN Holdings Inc,00486H105,4705000.0,374,1.8538945126955805e-05
VTOL,Bristow Group Inc,11040G103,4689000.0,100,1.847590089273024e-05
AORT,Artivion Inc,228903100,4651000.0,127,1.832617083644452e-05
SHEN,Shenandoah Telecommunications,82312B106,4626000.0,300,1.8227664220467067e-05
AVO,Mission Produce Inc,60510V108,4623000.0,336,1.8215843426549773e-05
NYMT,New York Mortgage Trust Inc,649604840,4615000.0,627,1.818432130943699e-05
BY,Byline Bancorp Inc,124411109,4609000.0,146,1.8160679721602404e-05
XERS,Xeris Biopharma Holdings Inc,98422E103,4588000.0,791,1.8077934164181346e-05
STEL,Stellar Bancorp Inc,858927106,4576000.0,125,1.8030650988512173e-05
TDOC,Teladoc Health Inc,87918A105,4573000.0,839,1.8018830194594876e-05
PNTG,Pennant Group Inc/The,70805E109,4572000.0,150,1.8014889929955778e-05
AMLX,Amylyx Pharmaceuticals Inc,03237H101,4518000.0,325,1.7802115639444492e-05
PCT,PureCycle Technologies Inc,74623V103,4489000.0,865,1.7687847964910652e-05
THR,Thermon Group Holdings Inc,88362T103,4486000.0,89,1.767602717099336e-05
HZO,MarineMax Inc,567908108,4465000.0,165,1.75932816135723e-05
CASS,Cass Information Systems Inc,14808P109,4446000.0,101,1.751841658542944e-05
MBIN,Merchants Bancorp/IN,58844R108,4420000.0,103,1.7415969704812892e-05
CCOI,Cogent Communications Holdings,19239V302,4409000.0,234,1.7372626793782816e-05
CNXC,Concentrix Corp,20602D101,4350000.0,159,1.714015118007604e-05
HSTM,HealthStream Inc,42222N103,4349000.0,210,1.713621091543694e-05
CGEM,Cullinan Therapeutics Inc,230031106,4348000.0,306,1.7132270650797843e-05
HBNC,Horizon Bancorp Inc/IN,440407104,4341000.0,262,1.7104688798324155e-05
QDEL,QuidelOrtho Corp,219798105,4338000.0,264,1.709286800440686e-05
TRNS,Transcat Inc,893529107,4334000.0,59,1.707710694585047e-05
LGIH,LGI Homes Inc,50187T106,4309000.0,109,1.697860032987302e-05
FA,First Advantage Corp,31846B108,4304000.0,366,1.6958899006677532e-05
STGW,Stagwell Inc,85256A109,4296000.0,683,1.692737688956475e-05
NBN,Northeast Bank,66405S100,4270000.0,38,1.68249300089482e-05
AMPH,Amphastar Pharmaceuticals Inc,03209R103,4251000.0,217,1.675006498080534e-05
MYE,Myers Industries Inc,628464109,4236000.0,200,1.669096101121887e-05
CECO,CECO Environmental Corp,125141101,4230000.0,71,1.6667319423384283e-05
AAT,American Assets Trust Inc,024013104,4197000.0,228,1.653729069029405e-05
UAA,Under Armour Inc,904311107,4172000.0,706,1.6438784074316603e-05
CDNA,CareDx Inc,14167L103,4166000.0,240,1.6415142486482016e-05
FMNB,Farmers National Banc Corp,309627107,4145000.0,315,1.633239692906096e-05
FIGR,Figure Technology Solutions In,349381103,4108000.0,121,1.6186607137414336e-05
NVRI,Enviri Corp,415864107,4101000.0,209,1.615902528494065e-05
TAP,Molson Coors Beverage Co,60871R209,4091000.0,95,1.6119622638549673e-05
VYX,NCR Voyix Corp,62886E108,4051000.0,640,1.5962012052985753e-05
AMWD,American Woodmark Corp,030506109,4023000.0,101,1.585168464309101e-05
QCRH,QCR Holdings Inc,74727A104,4016000.0,47,1.5824102790617326e-05
NNE,NANO Nuclear Energy Inc,63010H108,4014000.0,196,1.581622226133913e-05
AVPT,AvePoint Inc,053604104,3985000.0,419,1.570195458680529e-05
CRMD,CorMedix Inc,21900C308,3945000.0,581,1.554434400124137e-05
PDM,Piedmont Office Realty Trust I,720190206,3922000.0,597,1.545371791454212e-05
RUM,Rumble Inc,78137L105,3917000.0,768,1.5434016591346632e-05
TPB,Turning Point Brands Inc,90041L105,3906000.0,45,1.539067368031655e-05
YORW,York Water Co/The,987184108,3898000.0,128,1.5359151563203766e-05
XPEL,XPEL Inc,98379L100,3895000.0,88,1.5347330769286473e-05
ESRT,Empire State Realty Trust Inc,292104106,3874000.0,745,1.5264585211865415e-05
BZH,Beazer Homes USA Inc,07556Q881,3848000.0,200,1.516213833124887e-05
FFIC,Flushing Financial Corp,343873105,3825000.0,249,1.5071512244549619e-05
CERT,Certara Inc,15687V109,3808000.0,668,1.5004527745684954e-05
NXRT,NexPoint Residential Trust Inc,65341D102,3800000.0,152,1.497300562857217e-05
RGR,Sturm Ruger & Co Inc,864159108,3728000.0,93,1.468930657455712e-05
AXL,American Axle & Manufacturing,024061103,3712000.0,626,1.462626234033155e-05
UMH,UMH Properties Inc,903002103,3694000.0,256,1.4555337576827788e-05
AESI,Atlas Energy Solutions Inc,642045108,3674000.0,280,1.447653228404583e-05
PRSU,Viad Corp,92552R406,3663000.0,100,1.4433189373015752e-05
OCUL,Ocular Therapeutix Inc,67576A100,3608000.0,426,1.4216474817865367e-05
GRC,Gorman-Rupp Co/The,383082104,3604000.0,58,1.4200713759308974e-05
FBRT,Franklin BSP Realty Trust Inc,35243J101,3583000.0,422,1.4117968201887918e-05
BRSP,BrightSpire Capital Inc,10949T109,3567000.0,637,1.4054923967662351e-05
GOOD,Gladstone Commercial Corp,376536108,3566000.0,312,1.4050983703023253e-05
IART,Integra LifeSciences Holdings,457985208,3561000.0,378,1.4031282379827764e-05
SIBN,SI-BONE Inc,825704109,3549000.0,281,1.3983999204158589e-05
HTLD,Heartland Express Inc,422347104,3536000.0,340,1.3932775763850314e-05
CWEN/A,Clearway Energy Inc,18539C105,3525000.0,90,1.3889432852820236e-05
CYRX,CryoPort Inc,229050307,3478000.0,420,1.3704240414782633e-05
FLNC,Fluence Energy Inc,34379V103,3454000.0,251,1.3609674063444284e-05
PAX,Patria Investments Ltd,G69451105,3452000.0,274,1.3601793534166087e-05
UA,Under Armour Inc,904311206,3445000.0,595,1.3574211681692402e-05
MSEX,Middlesex Water Co,596680108,3435000.0,66,1.3534809035301422e-05
OFIX,Orthofix Medical Inc,68752M108,3418000.0,298,1.3467824536436757e-05
AIV,Apartment Investment and Manag,03748R747,3362000.0,826,1.3247169716647271e-05
FUN,Six Flags Entertainment Corp,83001C108,3355000.0,189,1.3219587864173586e-05
EHAB,Enhabit Inc,29332G102,3325000.0,236,1.3101379925000648e-05
CEVA,CEVA Inc,157210105,3288000.0,176,1.2955590133354026e-05
VERX,Vertex Inc,92538J106,3282000.0,276,1.2931948545519437e-05
AOSL,Alpha & Omega Semiconductor Lt,G6331P104,3280000.0,148,1.2924068016241241e-05
IMXI,International Money Express In,46005L101,3255000.0,206,1.2825561400263794e-05
TWO,Two Harbors Investment Corp,90187B804,3220000.0,282,1.2687652137895365e-05
BHVN,Biohaven Ltd,G1110E107,3206000.0,379,1.2632488432947994e-05
IIIN,Insteel Industries Inc,45774W108,3193000.0,95,1.2581264992639723e-05
KK0,NextNav Inc,65345N106,3188000.0,199,1.2561563669444232e-05
NMAX,Newsmax Inc,65250K105,3158000.0,605,1.2443355730271292e-05
METC,Ramaco Resources Inc,75134P600,3138000.0,203,1.2364550437489334e-05
MTW,Manitowoc Co Inc/The,563571405,3122000.0,268,1.2301506203263767e-05
PAR,PAR Technology Corp,698884103,3106000.0,233,1.22384619690382e-05
FIZZ,National Beverage Corp,635017106,3096000.0,92,1.219905932264722e-05
TMP,Tompkins Financial Corp,890110109,3075000.0,39,1.2116313765226165e-05
PHR,Phreesia Inc,71944F106,3017000.0,360,1.1887778416158483e-05
MLAB,Mesa Laboratories Inc,59064R109,3006000.0,34,1.1844435505128407e-05
CFFN,Capitol Federal Financial Inc,14057J101,2995000.0,420,1.1801092594098329e-05
BFC,Bank First Corp,06211J100,2971000.0,22,1.1706526242759978e-05
GABC,German American Bancorp Inc,373865104,2925000.0,70,1.1525274069361473e-05
CXM,Sprinklr Inc,85208T107,2922000.0,487,1.151345327544418e-05
ACVA,ACV Auctions Inc,00091G104,2900000.0,684,1.1426767453384024e-05
GO,Grocery Outlet Holding Corp,39874R101,2869000.0,407,1.1304619249571989e-05
TRUP,Trupanion Inc,898202106,2868000.0,112,1.130067898493289e-05
ERII,Energy Recovery Inc,29270J100,2830000.0,281,1.1150948928647169e-05
FLGT,Fulgent Genetics Inc,359664109,2830000.0,178,1.1150948928647169e-05
TCBK,TriCo Bancshares,896095106,2805000.0,59,1.1052442312669721e-05
BBSI,Barrett Business Services Inc,068463108,2801000.0,96,1.1036681254113328e-05
3TY,Titan Machinery Inc,88830R101,2792000.0,167,1.1001218872361448e-05
HOV,Hovnanian Enterprises Inc,442487401,2773000.0,25,1.0926353844218588e-05
BTDR,Bitdeer Technologies Group,G11448100,2751000.0,318,1.083966802215843e-05
JBI,Janus International Group Inc,47103N106,2745000.0,533,1.0816026434323844e-05
LAND,Gladstone Land Corp,376549101,2744000.0,269,1.0812086169684746e-05
MNRO,Monro Inc,610236101,2679000.0,167,1.055596896814338e-05
PD,PagerDuty Inc,69553P100,2670000.0,430,1.0520506586391499e-05
CODI,Compass Diversified Holdings,20451Q104,2649000.0,337,1.0437761028970441e-05
ANGO,AngioDynamics Inc,03475V101,2626000.0,231,1.034713494227119e-05
CBRL,Cracker Barrel Old Country Sto,22410J106,2614000.0,93,1.0299851766602014e-05
TWI,Titan International Inc,88830M102,2591000.0,375,1.0209225679902763e-05
MATW,Matthews International Corp,577128101,2582000.0,100,1.0173763298150879e-05
AHH,Armada Hoffler Properties Inc,04208T108,2569000.0,467,1.0122539857842606e-05
CCSI,Consensus Cloud Solutions Inc,20848V105,2564000.0,108,1.0102838534647117e-05
ACCO,ACCO Brands Corp,00081T108,2475000.0,825,9.7521549817674e-06
CHCT,Community Healthcare Trust Inc,20369C106,2447000.0,154,9.641827571872658e-06
HMST,HomeStreet Inc,43785V102,2434000.0,165,9.590604131564385e-06
BOC,Boston Omaha Corp,101044105,2406000.0,206,9.480276721669642e-06
BV,BrightView Holdings Inc,10948C107,2405000.0,204,9.476336457030545e-06
TRTX,TPG RE Finance Trust Inc,87266M107,2390000.0,306,9.417232487444076e-06
SAIL,SailPoint Inc,78781J109,2330000.0,176,9.1808166090982e-06
WRLD,World Acceptance Corp,981419104,2296000.0,17,9.046847611368869e-06
LMB,Limbach Holdings Inc,53263P105,2263000.0,29,8.916818878278637e-06
FULC,Fulcrum Therapeutics Inc,359616109,2263000.0,295,8.916818878278637e-06
SG,Sweetgreen Inc,87043Q108,2232000.0,430,8.794670674466602e-06
MBUU,Malibu Boats Inc,56117J100,2229000.0,86,8.782849880549308e-06
UWMC,UWM Holdings Corp,91823B109,2183000.0,603,8.601597707150802e-06
NRC,National Research Corp,637372202,2173000.0,128,8.562195060759824e-06
SBGI,Sinclair Inc,829242106,2148000.0,166,8.463688444782375e-06
AMPL,Amplitude Inc,03213A104,2141000.0,314,8.43610659230869e-06
FCBC,First Community Bankshares Inc,31983A103,2118000.0,51,8.345480505609435e-06
BAND,Bandwidth Inc,05988J103,2085000.0,117,8.215451772519204e-06
KELYA,Kelly Services Inc,488152208,2062000.0,233,8.124825685819952e-06
JBGS,JBG SMITH Properties,46590V100,2060000.0,141,8.116945156541756e-06
SAH,Sonic Automotive Inc,83545G102,2057000.0,30,8.105124362624463e-06
UTZ,Utz Brands Inc,918090101,2051000.0,259,8.081482774789874e-06
IHP,Dine Brands Global Inc,254423106,2047000.0,78,8.065721716233483e-06
FWRG,First Watch Restaurant Group I,33748L101,2044000.0,195,8.053900922316188e-06
SSTK,Shutterstock Inc,825690100,2026000.0,122,7.982976158812425e-06
HY,Hyster-Yale Inc,449172105,2016000.0,62,7.943573512421446e-06
NX,Quanex Building Products Corp,747619104,2013000.0,112,7.931752718504152e-06
ARCT,Arcturus Therapeutics Holdings,03969T109,1984000.0,257,7.817485043970312e-06
SERV,Serve Robotics Inc,81758H106,1967000.0,233,7.750500545105647e-06
IVR,Invesco Mortgage Capital Inc,46131B704,1955000.0,242,7.703217369436472e-06
AVXL,Anavex Life Sciences Corp,032797300,1925000.0,627,7.585009430263533e-06
SOY,SunOpta Inc,8676EP108,1918000.0,296,7.557427577789848e-06
EYPT,EyePoint Pharmaceuticals Inc,30233G209,1908000.0,148,7.518024931398868e-06
JBSS,John B Sanfilippo & Son Inc,800422107,1904000.0,24,7.502263872842477e-06
NPKI,Newpark Resources Inc,651718504,1884000.0,130,7.423458580060518e-06
CDRE,Cadre Holdings Inc,12763L105,1871000.0,61,7.372235139752246e-06
CLW,Clearwater Paper Corp,18538R103,1869000.0,130,7.364354610474049e-06
HELE,Helen of Troy Ltd,G4388N106,1831000.0,127,7.214624554188327e-06
CABO,Cable One Inc,12685J105,1824000.0,20,7.1870427017146415e-06
CCRN,Cross Country Healthcare Inc,227483104,1814000.0,193,7.147640055323662e-06
KREF,KKR Real Estate Finance Trust,48251K100,1805000.0,295,7.112177673571781e-06
OCFC,OceanFirst Financial Corp,675234108,1804000.0,100,7.108237408932683e-06
XPER,Xperi Inc,98423J101,1786000.0,319,7.03731264542892e-06
RPD,Rapid7 Inc,753422104,1785000.0,324,7.033372380789822e-06
GLDD,Great Lakes Dredge & Dock Corp,390607109,1785000.0,105,7.033372380789822e-06
IBTA,Ibotta Inc,451051106,1738000.0,58,6.848179942752219e-06
UDMY,Udemy Inc,902685106,1719000.0,372,6.773314914609359e-06
MCS,Marcus Corp/The,566330106,1717000.0,100,6.765434385331162e-06
MTUS,Metallus Inc,887399103,1699000.0,104,6.6945096218274e-06
KIDS,OrthoPediatrics Corp,68752L100,1666000.0,105,6.5644808887371665e-06
RICK,RCI Hospitality Holdings Inc,74934Q108,1642000.0,72,6.469914537398816e-06
AMCX,AMC Networks Inc,00164V103,1568000.0,231,6.178334954105569e-06
UAMY,United States Antimony Corp,911549103,1536000.0,176,6.052246485654436e-06
USNA,USANA Health Sciences Inc,90328M107,1520000.0,87,5.989202251428869e-06
MAGN,Magnera Corp,55939A107,1512000.0,159,5.957680134316085e-06
SMP,Standard Motor Products Inc,853666105,1494000.0,43,5.886755370812322e-06
GDYN,Grid Dynamics Holdings Inc,39813G109,1471000.0,258,5.796129284113069e-06
YEXT,Yext Inc,98585N106,1471000.0,383,5.796129284113069e-06
CMCO,Columbus McKinnon Corp/NY,199333105,1468000.0,101,5.784308490195775e-06
PS1,TruBridge Inc,205306103,1464000.0,100,5.768547431639383e-06
ANIK,Anika Therapeutics Inc,035255108,1450000.0,100,5.713383726692012e-06
RXST,RxSight Inc,78349D107,1404000.0,228,5.5321315532935074e-06
CWH,Camping World Holdings Inc,13462K109,1386000.0,203,5.461206789789744e-06
INGN,Inogen Inc,45780L104,1316000.0,213,5.185388265052888e-06
ENTA,Enanta Pharmaceuticals Inc,29251M106,1301000.0,103,5.126284295466419e-06
MEI,Methode Electronics Inc,591520200,1286000.0,233,5.06718032587995e-06
FIP,FTAI Infrastructure Inc,35953C106,1279000.0,259,5.039598473406265e-06
PTLO,Portillo's Inc,73642K106,1259000.0,238,4.960793180624306e-06
ANGI,Angi Inc,00183L201,1254000.0,183,4.941091857428817e-06
UHAL/B,U-Haul Holding Co,023586506,1251000.0,28,4.9292710635115225e-06
OFG,OFG Bancorp,67103X102,1214000.0,30,4.783481271864899e-06
RCAT,Red Cat Holdings Inc,75644T100,1204000.0,92,4.744078625473919e-06
BGS,B&G Foods Inc,05508R106,1202000.0,250,4.736198096195723e-06
EGAN,eGain Corp,28225C806,1184000.0,150,4.66527333269196e-06
SPRY,ARS Pharmaceuticals Inc,82835W108,1180000.0,147,4.649512274135569e-06
ETD,Ethan Allen Interiors Inc,297602104,1158000.0,52,4.5628264520754135e-06
TR,Tootsie Roll Industries Inc,890516107,1153000.0,27,4.543125128879924e-06
FOR,Forestar Group Inc,346232101,1149000.0,47,4.527364070323532e-06
TTI,TETRA Technologies Inc,88162F105,1133000.0,133,4.4643198360979654e-06
NTGR,NETGEAR Inc,64111Q104,1092000.0,50,4.30276898589495e-06
TNXP,Tonix Pharmaceuticals Holding,890260839,1045000.0,76,4.117576547857347e-06
CMPO,CompoSecure Inc,20459V105,992000.0,58,3.908742521985156e-06
TRC,Tejon Ranch Co,879080109,942000.0,50,3.711729290030259e-06
NFBK,Northfield Bancorp Inc,66611T108,880000.0,65,3.4674328824061867e-06
PRCH,Porch Group Inc,733245104,868000.0,121,3.4201497067370116e-06
NABL,N-able Inc/US,62878D100,808000.0,173,3.1837338283911353e-06
QTRX,Quanterix Corp,74766Q101,803000.0,228,3.1640325051956457e-06
UE,Urban Edge Properties,91704F104,799000.0,40,3.148271446639254e-06
CRD/A,Crawford & Co,224633206,748000.0,75,2.947317950045259e-06
RGP,Resources Connection Inc,76122Q105,746000.0,200,2.939437420767063e-06
MED,Medifast Inc,58470H101,744000.0,73,2.931556891488867e-06
JBLU,JetBlue Airways Corp,477143101,703000.0,159,2.7700060412858515e-06
AMBC,Ambac Financial Group Inc,023139884,688000.0,148,2.710902071699382e-06
OVLY,Oak Valley Bancorp,671807105,649000.0,20,2.557231750774563e-06
BVS,Bioventus Inc,09075A108,639000.0,70,2.5178291043835835e-06
STRZ,Starz Entertainment Corp,855919106,598000.0,52,2.356278254180568e-06
BFS,Saul Centers Inc,804395101,586000.0,18,2.3089950785113927e-06
DMRC,Digimarc Corp,25381B101,560000.0,114,2.2065481978948465e-06
BRBR,BellRing Brands Inc,07831C103,547000.0,34,2.155324757586573e-06
HCKT,Hackett Group Inc/The,404609109,520000.0,40,2.0489376123309286e-06
LIND,Lindblad Expeditions Holdings,535219109,519000.0,30,2.044997347691831e-06
NECB,Northeast Community Bancorp In,664121100,476000.0,20,1.8755659682106193e-06
SABR,Sabre Corp,78573M104,305000.0,210,1.2017807149248717e-06
INDI,indie Semiconductor Inc,45569U101,290000.0,90,1.1426767453384025e-06
MUX,McEwen Inc,58039P305,286000.0,14,1.1269156867820108e-06
VITL,Vital Farms Inc,92847W103,282000.0,20,1.111154628225619e-06
CERS,Cerus Corp,157085101,255000.0,140,1.0047674829699746e-06
TBI,TrueBlue Inc,89785X101,215000.0,55,8.47156897406057e-07
TZOO,Travelzoo,89421Q205,213000.0,36,8.392763681278612e-07
KRUS,Kura Sushi USA Inc,501270102,209000.0,3,8.235153095714693e-07
GDOT,Green Dot Corp,39304D102,168000.0,15,6.619644593684538e-07
SNBR,Sleep Number Corp,83125X103,162000.0,90,6.383228715338663e-07
N/A,MicroAlgo Inc,G6077Y400,108000.0,31,4.255485810225775e-07
