ticker,nameOfIssuer,cusip,value,shares,allocation_percent
NVDA,NVIDIA CORPORATION,67066G104,3848981315000.0,22091420,4.005353269522118
AAPL,APPLE INC,037833100,2512357449000.0,9911288,2.614426597329532
AVGO,BROADCOM INC,11135F101,2060500418000.0,6663952,2.1442120422681215
GOOGL,ALPHABET INC,02079K305,1990611244000.0,6934572,2.071483491860726
MSFT,MICROSOFT CORP,594918104,1581166841000.0,4278570,1.6454046559223965
NVDA,NVIDIA CORPORATION,67066G104,1492780811000.0,8559523,1.5534277806746715
AAPL,APPLE INC,037833100,1447789722000.0,5704676,1.5066088458247602
AMZN,AMAZON COM INC,023135106,1278895533000.0,6150472,1.3308530193472194
UNIY,WISDOMTREE TR,97717Y469,1220859641000.0,25204532,1.2704593123510521
MSFT,MICROSOFT CORP,594918104,944141906000.0,2550563,0.9824994097405597
CAT,CATERPILLAR INC,149123101,939507954000.0,1326126,0.9776771949062931
GOOGL,ALPHABET INC,02079K305,939174411000.0,3266012,0.977330101107638
WDC 3 11/15/28,WESTERN DIGITAL CORP,958102AT2,898932155000.0,125515000,0.9354529293441928
TSM,TAIWAN SEMICONDUCTOR MANUFAC,874039100,837876685000.0,2481092,0.8719169684306725
LLY,ELI LILLY & CO,532457108,774052348000.0,842458,0.8054996501959044
JNJ,JOHNSON & JOHNSON,478160104,759652135000.0,3108956,0.7905144020221639
AMZN,AMAZON COM INC,023135106,751248009000.0,3607087,0.7817688429256848
TSLA,TESLA INC,88160R101,743778336000.0,2002037,0.7739957007032964
JPM,JPMORGAN CHASE & CO,46625H100,737443802000.0,2510078,0.767403814593348
META,META PLATFORMS INC,30303M102,717235053000.0,1255268,0.7463740479471305
LRCX,LAM RESEARCH CORP,512807306,715854812000.0,3354693,0.7449377321145402
MU,MICRON TECHNOLOGY INC,595112103,657108802000.0,1947794,0.6838050572668114
WFC 7.5 PERP L,WELLS FARGO & CO,949746804,656607105000.0,568491,0.6832829779022199
AVGO,BROADCOM INC,11135F101,639495634000.0,2066155,0.665476321878954
COST,COSTCO WHOLESALE CORPORATION,22160K105,584273147000.0,586366,0.6080103196423094
LYV 2.875 01/15/30,LIVE NATION ENTERTAINMENT IN,538034BC2,580392000000.0,537400000,0.6039714938975953
GEV,GE VERNOVA INC,36828A101,572007602000.0,655295,0.595246464287449
AMAT,APPLIED MATLS INC,038222105,571221892000.0,1671265,0.594428833371671
APH,AMPHENOL CORP,032095101,562841364000.0,4454621,0.585707830987402
MRK,MERCK & CO INC,58933Y105,557692446000.0,4636232,0.5803497287109816
COHR,COHERENT CORP,19247G107,513183426000.0,2154332,0.5340324478020132
BA 6 10/15/27,BOEING CO,097023204,502650015000.0,7747380,0.5230710975809431
AKAM 0.375 09/01/27,AKAMAI TECHNOLOGIES INC,00971TAL5,501319800000.0,431800000,0.5216868401467347
WMT,WALMART INC,931142103,487983469000.0,3929420,0.5078086961385768
NET,CLOUDFLARE INC,18915M107,474830734000.0,2302912,0.49412160705604435
CIEN,CIENA CORP,171779309,455450084000.0,1173145,0.4739535824567969
ASML,ASML HLDG NV,N07059210,442555979000.0,335059,0.4605356306943286
META,META PLATFORMS INC,30303M102,438604584000.0,766617,0.45642370299523993
PH,PARKER-HANNIFIN CORP,701094104,429837250000.0,480940,0.44730017990484733
NFLX,NETFLIX INC.,64110L106,417054688000.0,4337542,0.4339983027821809
ORCL 6.5 01/15/29 D,ORACLE CORP,68389X204,407189717000.0,9046650,0.4237325491671647
PLTR,PALANTIR TECHNOLOGIES INC,69608A108,402395002000.0,2754073,0.4187430400399486
CRWD,CROWDSTRIKE HLDGS INC,22788C105,400585219000.0,1027056,0.4168597312725285
NEE 7.299 06/01/27,NEXTERA ENERGY INC,65339F663,394576989000.0,7048535,0.4106074058635285
GLW,CORNING INC,219350105,388470913000.0,2857034,0.4042532592805772
GILD,GILEAD SCIENCES INC,375558103,384714072000.0,2760379,0.40034378969604517
MA,MASTERCARD INCORPORATED,57636Q104,383713410000.0,767948,0.3993024739593938
CLS,CELESTICA INC,15101Q207,379828579000.0,1348440,0.3952598145453948
FLEX,FLEXTRONICS INTL LTD,Y2573F102,378771395000.0,5786303,0.3941596804983979
KO,COCA COLA CO,191216100,374699434000.0,4934393,0.38992228858351496
UNP,UNION PAC CORP,907818108,368590245000.0,1519208,0.38356490252920555
WFC,WELLS FARGO & CO,949746101,357157992000.0,4486345,0.37166819319650407
ADI,ANALOG DEVICES INC,032654105,348309535000.0,1094831,0.3624602513348336
PCG 6 12/01/27 A,PG&E CORP,69331C306,347805436000.0,8090380,0.3619356723845685
NET 0 08/15/26,CLOUDFLARE INC,18915MAC1,340862858000.0,290700000,0.3547110393672964
MPWR,MONOLITHIC PWR SYS INC,609839105,329917921000.0,302158,0.34332144414457616
SLB,SLB LIMITED,806857108,329184667000.0,6407859,0.3425584003504053
GOOG,ALPHABET INC,02079K107,326297662000.0,1137480,0.3395541054553347
ROST,ROSS STORES INC,778296103,325236583000.0,1501346,0.33844991816678943
MKSI 1.25 06/01/30,MKS INC.,55306NAB0,323967645000.0,195810000,0.33712942722355893
JPM,JPMORGAN CHASE & CO,46625H100,318796488000.0,1083752,0.3317481824468063
VEA,VANGUARD TAX-MANAGED FDS,921943858,316696817000.0,4942210,0.3295632084455047
MSTR 0 12/01/29,STRATEGY INC,594972AS0,309848175000.0,372190000,0.3224363277512329
TSLA,TESLA INC,88160R101,308593393000.0,830110,0.3211305679215732
VMSB,TIDAL TR IV,88636N304,306596942000.0,6216483,0.31905300742287007
NEE 3 03/01/27,NEXTERA ENERGY CAP HLDGS INC,65339KCY4,304407056000.0,219195000,0.316774153271046
XOM,EXXON MOBIL CORP,30231G102,304274797000.0,1793438,0.31663652100559203
PANW,PALO ALTO NETWORKS INC,697435105,302746361000.0,1888388,0.3150459894781987
CSCO,CISCO SYS INC,17275R102,296015387000.0,3820552,0.3080415572631339
ANET,ARISTA NETWORKS INC,040413205,294326620000.0,2397187,0.30628418099358684
VGLT,VANGUARD SCOTTSDALE FDS,92206C847,292417216000.0,5282580,0.30429720393957155
BAC 7.25 PERP L,BANK AMERICA CORP,060505682,291139813000.0,244335,0.30296790409012625
SNDK,SANDISK CORP,80004C200,283874927000.0,447143,0.2954078687167652
MCHP 7.5 03/15/28,MICROCHIP TECHNOLOGY INC.,595017302,282705365000.0,4962355,0.2941907911065538
BRK/B,BERKSHIRE HATHAWAY INC DEL,084670702,280931479000.0,586251,0.29234483772086955
ABBV,ABBVIE INC,00287Y109,279546854000.0,1285331,0.2909039597802054
AKAM,AKAMAI TECHNOLOGIES INC,00971T101,279290507000.0,2431785,0.2906371982112207
V,VISA INC,92826C839,278063822000.0,920010,0.2893606768739318
CMI,CUMMINS INC,231021106,277142790000.0,515949,0.2884022262526836
RIVN 4.625 03/15/29,RIVIAN AUTOMOTIVE INC,76954AAB9,266864725000.0,248680000,0.2777065959331296
LLY,ELI LILLY & CO,532457108,261848402000.0,284689,0.272486475572782
DVN,DEVON ENERGY CORP NEW,25179M103,260648542000.0,5179819,0.2712378690505212
XOM,EXXON MOBIL CORP,30231G102,259981555000.0,1532368,0.27054378447526817
VRT,VERTIV HOLDINGS CO,92537N108,259872491000.0,1038460,0.27043028954940695
COIN 0.5 06/01/26,COINBASE GLOBAL INC,19260QAB3,259670026000.0,261685000,0.27021959903590576
RTX,RTX CORPORATION,75513E101,259446185000.0,1344976,0.2699866640830368
SO 7.125 12/15/28 A,SOUTHERN CO,842587842,249290000000.0,4850000,0.259417865362947
GOOG,ALPHABET INC,02079K107,247083992000.0,861340,0.2571222342251814
LITE,LUMENTUM HLDGS INC,55024U109,239518880000.0,340826,0.24924977561764958
STX 3.5 06/01/28,SEAGATE HDD CAYMAN,81180WBL4,239234087000.0,50355000,0.24895341237752638
KO,COCA COLA CO,191216100,237262387000.0,3119821,0.24690160843378164
JAZZ 3.125 09/15/30,JAZZ INVESTMENTS I LTD,472145AH4,236839853000.0,166965000,0.24646190821185832
N/A,ASTRAZENECA PLC,G0593M107,230653755000.0,1171560,0.24002448858778197
CVX,CHEVRON CORPORATION,166764100,230214113000.0,1112683,0.2395669853218511
MSI,MOTOROLA SOLUTIONS INC,620076307,228530771000.0,526605,0.23781525445292018
SCHP,SCHWAB STRATEGIC TR,808524870,228491608000.0,8586682,0.2377745003839194
CAH,CARDINAL HEALTH INC,14149Y108,227312718000.0,1075731,0.2365477158065287
SCHW,SCHWAB CHARLES CORP,808513105,225349732000.0,2397847,0.23450497988508237
C,CITIGROUP INC,172967424,223034629000.0,1966622,0.2320958215620235
MCK,MCKESSON CORP,58155Q103,222654133000.0,257868,0.23169986721127078
XYZ 0.25 11/01/27,BLOCK INC,852234AK9,219993545000.0,234785000,0.22893118792381334
EQIX,EQUINIX INC,29444U700,218175938000.0,222574,0.2270397372919839
ALB 7.25 03/01/27,ALBEMARLE CORP,012653200,215167399000.0,2994675,0.2239089708543363
BRK/B,BERKSHIRE HATHAWAY INC DEL,084670702,214962959000.0,448586,0.2236962251028228
PG,PROCTER & GAMBLE CO,742718109,214417569000.0,1484475,0.22312867762963778
PNC,PNC FINL SVCS GROUP INC,693475105,203973280000.0,981683,0.21226007015395199
DDOG 0 12/01/29,DATADOG INC,23804LAD5,203539045000.0,209780000,0.21180819355735414
WDC,WESTERN DIGITAL CORP,958102105,203389005000.0,751928,0.21165205790602812
ORCL,ORACLE CORP,68389X105,201155716000.0,1367382,0.2093280374273946
DWD,MORGAN STANLEY,617446448,197143668000.0,1197932,0.20515299258847736
CSCO,CISCO SYS INC,17275R102,196874073000.0,2537364,0.20487244479509406
MCHP,MICROCHIP TECHNOLOGY INC.,595017104,192159444000.0,2974144,0.19996627530912092
WM,WASTE MGMT INC DEL,94106L109,191915783000.0,835179,0.1997127151322498
GVA 3.25 06/15/30,GRANITE CONSTR INC,387328AF4,188501588000.0,114330000,0.19615981217251274
BBIO 2.25 02/01/29,BRIDGEBIO PHARMA INC,10806XAD4,187235329000.0,166895000,0.19484210906859115
MCHP 0.75 06/01/30,MICROCHIP TECHNOLOGY INC.,595017BG8,186905462000.0,188660000,0.19449884061420597
KLAC,KLA CORP,482480100,185005372000.0,125648,0.1925215559585941
CHRW,C H ROBINSON WORLDWIDE IN,12541W209,184951163000.0,1113694,0.19246514461813335
MU,MICRON TECHNOLOGY INC,595112103,181898799000.0,538417,0.189288772709149
SEI 0.25 10/01/31,SOLARIS ENERGY INFRAS INC,83419XAB4,181110456000.0,144455000,0.18846840182289679
VGLT,VANGUARD SCOTTSDALE FDS,92206C847,178951921000.0,3232805,0.18622217236318633
AMD,ADVANCED MICRO DEVICES INC,007903107,177880516000.0,876330,0.1851072395618739
LHX,L3HARRIS TECHNOLOGIES INC,502431109,173229405000.0,501896,0.1802671686116307
ETN,EATON CORP PLC,G29183103,172731003000.0,482934,0.17974851811248263
RBRK,RUBRIK INC.,781154109,172285666000.0,3518188,0.17928508847668842
MTSI 0 12/15/29,MACOM TECH SOLUTIONS HLDGS I,55405YAD2,171075795000.0,117095000,0.17802606423911557
IBM,INTERNATIONAL BUSINESS MACHS,459200101,168017575000.0,694657,0.17484359841934635
MAR,MARRIOTT INTL INC NEW,571903202,167457878000.0,511994,0.17426116269793737
DDOG,DATADOG INC,23804L103,166363496000.0,1409263,0.17312231941368353
BILL 0 04/01/30,BILL HOLDINGS INC,090043AF7,166155319000.0,186325000,0.17290568483966268
ROK,ROCKWELL AUTOMATION INC,773903109,164136639000.0,457358,0.17080499224689571
BTSG 6.75 02/01/27,BRIGHTSPRING HEALTH SVCS INC,10950A205,164019980000.0,1154745,0.17068359376017192
PEP,PEPSICO INC,713448108,163660286000.0,1053901,0.1703092865289799
REGN,REGENERON PHARMACEUTICALS,75886F107,159788432000.0,207105,0.16628013132950545
NXPI,NXP SEMICONDUCTORS N V,N6596X109,159445969000.0,809946,0.16592375513942242
MPC,MARATHON PETE CORP,56585A102,157791314000.0,646209,0.16420187673269884
AFRM 0.75 12/15/29,AFFIRM HLDGS INC,00827BAD8,157665071000.0,168035000,0.16407050487832436
HYLB,DBX ETF TR,233051432,156633910000.0,4331690,0.16299745106362853
HWM,HOWMET AEROSPACE INC,443201108,155300952000.0,673872,0.16161033918999354
VLO,VALERO ENERGY CORP,91913Y100,155122260000.0,627822,0.16142438749839969
WELL,WELLTOWER INC,95040Q104,154377108000.0,780826,0.16064896232606654
UBER 0.875 12/01/28 2028,UBER TECHNOLOGIES INC,90353TAM2,153584024000.0,127535000,0.15982365782795788
DKNG 0 03/15/28,DRAFTKINGS INC NEW,26142RAB0,153164110000.0,169805000,0.15938668404835976
PLTR,PALANTIR TECHNOLOGIES INC,69608A108,152850166000.0,1044915,0.1590599854951747
BNDX,VANGUARD CHARLOTTE FDS,92203J407,151242757000.0,3147612,0.1573872725442132
QXO 5.5 05/15/28,QXO INC,82846H504,151241472000.0,2750345,0.15738593533872164
PFE,PFIZER INC,717081103,150375280000.0,5355245,0.15648455269347128
ICE,INTERCONTINENTAL EXCHANGE IN,45866F104,148299148000.0,942899,0.154324074007396
DUK,DUKE ENERGY CORP NEW,26441C204,146819618000.0,1121274,0.152784435376322
HD,HOME DEPOT INC,437076102,145200383000.0,441485,0.1510994159723308
MCO,MOODYS CORP,615369105,144968056000.0,332305,0.1508576502600833
CB,CHUBB LTD SWITZ,H1467J104,143558802000.0,440459,0.14939114272093532
RTX,RTX CORPORATION,75513E101,143139516000.0,742040,0.14895482245499378
SNOW,SNOWFLAKE INC,833445109,142749698000.0,947943,0.1485491673808229
VSEC 5.75 02/01/29,VSE CORP,918284209,141172232000.0,2806605,0.14690761391938192
IBM,INTERNATIONAL BUSINESS MACHS,459200101,140756843000.0,580704,0.1464753489762424
LIN,LINDE PLC,G54950103,139178536000.0,280737,0.14483292034762754
JNJ,JOHNSON & JOHNSON,478160104,139065827000.0,568916,0.14471563233692838
GPN 1.5 03/01/31,GLOBAL PMTS INC,37940XAU6,138299040000.0,156615000,0.14391769320287545
RL,RALPH LAUREN CORP,751212101,136717450000.0,397446,0.14227184819633937
GE,GE AEROSPACE,369604301,135261038000.0,476657,0.14075626677659137
HWM,HOWMET AEROSPACE INC,443201108,135087586000.0,586165,0.14057576796964788
LOW,LOWES COS INC,548661107,134430561000.0,568946,0.13989205011899167
DOW,DOW HLDGS INC,260557103,133952314000.0,3216142,0.1393943734538377
SNOW 0 10/01/29,SNOWFLAKE INC,833445AD1,133228848000.0,108705000,0.13864151531519328
V,VISA INC,92826C839,130824688000.0,436439,0.13613968188749467
MCK,MCKESSON CORP,58155Q103,130421002000.0,150713,0.13571959540028336
LRCX,LAM RESEARCH CORP,512807306,130197567000.0,609368,0.1354870829419121
6RJ0,ROCKET LAB CORP,773121108,129878913000.0,2022406,0.13515548303630273
CCL,CARNIVAL CORP,143658300,129392754000.0,4999720,0.13464957293157737
IONS 1.75 06/15/28,IONIS PHARMACEUTICALS INC,462222AF7,128620938000.0,85250000,0.1338464004851376
WMT,WALMART INC,931142103,127365748000.0,1024829,0.13254021607972657
N/A,ASTRAZENECA PLC,G0593M107,127190770000.0,648555,0.1323581292762227
NOW,SERVICENOW INC,81762P102,125313364000.0,1198596,0.13040445019988756
SYNA 0.75 12/01/31,SYNAPTICS INC,87157DAJ8,122725281000.0,118375000,0.12771122156158626
VRT,VERTIV HOLDINGS CO,92537N108,121822975000.0,486164,0.1267722577185754
WSM,WILLIAMS SONOMA INC,969904101,121711110000.0,667532,0.1266558479969306
VRTX,VERTEX PHARMACEUTICALS INC,92532F100,121590163000.0,272294,0.1265299873023097
JAZZ 2 06/15/26,JAZZ INVESTMENTS I LTD,472145AF8,121446683000.0,99915000,0.1263806781630651
ETSY 0.25 06/15/28,ETSY INC,29786AAN6,120261174000.0,134310000,0.12514700567660933
LIN,LINDE PLC,G54950103,119922361000.0,241896,0.12479442777449848
TNDM 1.5 03/15/29 2024,TANDEM DIABETES CARE INC,875372AD6,119898071000.0,117415000,0.12476915094851403
AVAV 0 07/15/30,AEROVIRONMENT INC,008073AA6,118637235000.0,120935000,0.12345709116395485
FTNT,FORTINET INC,34959E109,118515819000.0,1450267,0.12333074241534517
FFIV,F5 INC,315616102,116540677000.0,402795,0.12127535663401137
ONTO,ONTO INNOVATION INC,683344105,116103457000.0,566165,0.1208203737662911
EXE,EXPAND ENERGY CORPORATION,165167735,115580646000.0,1055847,0.1202763226065644
UNH,UNITEDHEALTH GROUP INC,91324P102,114909023000.0,424660,0.11957741368527329
FSLY,FASTLY INC,31188V100,113277217000.0,3898046,0.11787931256125529
VTR,VENTAS INC,92276F100,111870706000.0,1367947,0.11641565946153407
RCL,ROYAL CARIBBEAN GROUP,V7780T103,110987524000.0,403327,0.11549659656624352
NET,CLOUDFLARE INC,18915M107,110852657000.0,537233,0.11535625034598637
CMI,CUMMINS INC,231021106,110694387000.0,205744,0.11519155033575335
AIZ,ASSURANT INC,04621X108,110540971000.0,507511,0.11503190152820982
VUSI,TIDAL TR IV,88636N403,109109000000.0,2180000,0.11354175406909939
ABBV,ABBVIE INC,00287Y109,107684736000.0,495125,0.11205962672105776
PSN 2.625 03/01/29,PARSONS CORP DEL,70202LAD4,107671543000.0,109145000,0.11204589773113546
NVST 1.75 08/15/28,ENVISTA HOLDINGS CORPORATION,29415FAD6,107527501000.0,108000000,0.11189600375960587
BA,BOEING CO,097023105,107151582000.0,538369,0.11150481235790756
RIOT 0.75 01/15/30,RIOT PLATFORMS INC,767292AB1,106980813000.0,92825000,0.11132710555278033
VST,VISTRA CORP,92840M102,105928682000.0,704641,0.11023222979321444
GS,GOLDMAN SACHS GROUP INC,38141G104,103686303000.0,123080,0.10789875001659002
VRTX,VERTEX PHARMACEUTICALS INC,92532F100,103395856000.0,232480,0.10759650307230396
ODFL,OLD DOMINION FREIGHT LINE IN,679580100,102284279000.0,523461,0.10643976620950742
TJX,TJX COS INC NEW,872540109,101627810000.0,636367,0.10575662694737517
COST,COSTCO WHOLESALE CORPORATION,22160K105,101276149000.0,101639,0.10539067907160238
DHR,DANAHER CORP DEL,235851102,101238437000.0,533958,0.10535143495214888
REGN,REGENERON PHARMACEUTICALS,75886F107,100691990000.0,130322,0.10478278753639218
KTOS,KRATOS DEFENSE & SEC SOLUTIO,50077B207,100394736000.0,1423835,0.10447345704519478
TMO,THERMO FISHER SCIENTIFIC INC,883556102,100158085000.0,203768,0.10422719166248386
NFLX,NETFLIX INC.,64110L106,97202843000.0,1010950,0.10115188751361737
APP,APPLOVIN CORP,03831W108,97179508000.0,244168,0.10112760448626672
TTWO,TAKE-TWO INTERACTIVE SOFTWAR,874054109,97138203000.0,491839,0.10108462139457104
FIX,COMFORT SYS USA INC,199908104,96453456000.0,69945,0.1003720552866097
VWO,VANGUARD INTL EQUITY INDEX F,922042858,96157274000.0,1779043,0.10006384034738659
TMDX 1.5 06/01/28,TRANSMEDICS GROUP INC,89377MAB5,95853031000.0,73935000,0.09974723691519267
FOUR 0.5 08/01/27,SHIFT4 PMTS INC,82452JAD1,94101469000.0,99975000,0.09792451448312217
WELL,WELLTOWER INC,95040Q104,94013324000.0,478822,0.0978327884301621
NOG 3.625 04/15/29,NORTHERN OIL & GAS INC,665531AJ8,93309153000.0,84800000,0.09710000918642794
MPWR,MONOLITHIC PWR SYS INC,609839105,93175287000.0,85220,0.09696070463363932
DLTR,DOLLAR TREE INC,256746108,92924930000.0,848552,0.09670017641943629
MA,MASTERCARD INCORPORATED,57636Q104,92532535000.0,185191,0.09629183964989442
DIS,DISNEY WALT CO,254687106,92089837000.0,955487,0.0958311562283354
PH,PARKER-HANNIFIN CORP,701094104,91847148000.0,102595,0.09557860754075441
PODD,INSULET CORP,45784P101,89972887000.0,428769,0.09362820123583636
SNDK,SANDISK CORP,80004C200,89629955000.0,141074,0.09327133699176461
SEALTD 0.25 09/15/26,SEA LTD,81141RAG5,89287800000.0,91110000,0.09291528131474884
ETSY 0.125 09/01/27,ETSY INC,29786AAL0,89241450000.0,95650000,0.09286704826063688
DY,DYCOM INDS INC,267475101,88173162000.0,260236,0.09175535909318992
CVX,CHEVRON CORPORATION,166764100,86689150000.0,420491,0.09021105637261148
SAIA,SAIA INC,78709Y105,85936437000.0,244638,0.08942776302072838
PNC,PNC FINL SVCS GROUP INC,693475105,85925147000.0,412923,0.08941601434368579
DRS,LEONARDO DRS INC,52661A108,85383840000.0,1917876,0.08885271574989534
EXE,EXPAND ENERGY CORPORATION,165167735,84912964000.0,773483,0.0883627095451914
TCAF,T ROWE PRICE ETF INC,87283Q867,84806842000.0,2382884,0.08825227614349841
WAT,WATERS CORP,941848103,84723207000.0,284497,0.08816524331759433
BB,BLACKBERRY LTD,09228F103,83154480000.0,25664963,0.08653278389412278
DE,DEERE & CO,244199105,82680802000.0,146779,0.08603986185300846
W 3.25 09/15/27,WAYFAIR INC,94419LAP6,82669047000.0,61073000,0.08602762928448449
SNAP 0.125 03/01/28,SNAP INC,83304AAH9,82503517000.0,90395000,0.08585537432338083
EXR,EXTRA SPACE STORAGE INC,30225T102,82452708000.0,628786,0.0858025011141818
OKTA,OKTA INC,679295105,82424797000.0,1047196,0.08577345617840361
STT,STATE STR CORP,857477103,81388078000.0,643079,0.08469461855972171
CRWD,CROWDSTRIKE HLDGS INC,22788C105,80662220000.0,206609,0.083939271241672
LITE 0.5 06/15/28,LUMENTUM HLDGS INC,55024UAF6,80603305000.0,15040000,0.08387796271129429
LOW,LOWES COS INC,548661107,80338078000.0,342154,0.08360196037595545
SYF,SYNCHRONY FINANCIAL,87165B103,79740866000.0,1172315,0.08298048553858076
NOW,SERVICENOW INC,81762P102,79685919000.0,762180,0.08292330621551085
ORLY,OREILLY AUTOMOTIVE INC,67103H107,79164743000.0,863336,0.0823809564806703
ISRG,INTUITIVE SURGICAL INC,46120E602,78825602000.0,170992,0.08202803725295538
GE,GE AEROSPACE,369604301,77492479000.0,273082,0.08064075367589152
TSM,TAIWAN SEMICONDUCTOR MANUFAC,874039100,76795758000.0,227240,0.07991572710212788
S,SENTINELONE INC,81730H109,76600709000.0,5947260,0.07971275387728462
INTU,INTUIT,461202103,76574434000.0,177099,0.07968541140701942
ABG,CENCORA INC,03073E105,76325968000.0,242968,0.07942685101817401
FRPT 3 04/01/28,FRESHPET INC,358039AB1,75562340000.0,65655000,0.07863219922431396
DUK,DUKE ENERGY CORP NEW,26441C204,75388549000.0,578266,0.07845134764487116
AMD,ADVANCED MICRO DEVICES INC,007903107,75132802000.0,369330,0.07818521045199148
MDB,MONGODB INC,60937P106,75119179000.0,306897,0.07817103399252724
CA8A,CACI INTL INC,127190304,74973023000.0,137851,0.07801894013585435
TRV,TRAVELERS COMPANIES INC,89417E109,74959135000.0,256991,0.07800448791027706
HD,HOME DEPOT INC,437076102,72755730000.0,221216,0.07571156552418037
BABA,ALIBABA GROUP HLDG LTD,01609W102,72636698000.0,578963,0.07558769762996126
NKE,NIKE INC,654106103,72071392000.0,1364471,0.07499942503259728
VCOB,TIDAL TR IV,88636N205,71834496000.0,1453016,0.07475290469631014
FCX,FREEPORT MCMORAN INC,35671D857,71580579000.0,1217771,0.07448867185055073
AIG,AMERICAN INTL GROUP INC,026874784,71505560000.0,950240,0.07441060506551458
CDNS,CADENCE DESIGN SYSTEM INC,127387108,70707701000.0,254463,0.07358033157423688
AGG,ISHARES TR,464287226,68959295000.0,694664,0.07176089336047874
AXON,AXON ENTERPRISE INC,05464C101,68671148000.0,162433,0.07146103985792854
CEG,CONSTELLATION ENERGY CORP,21037T109,68374914000.0,246151,0.07115277080610967
HLT,HILTON WORLDWIDE HLDGS INC,43300A203,67950629000.0,223463,0.07071124844658655
AMAT,APPLIED MATLS INC,038222105,67861037000.0,198546,0.07061801660658656
PG,PROCTER & GAMBLE CO,742718109,67853247000.0,471284,0.07060991012348986
SPOT,SPOTIFY TECHNOLOGY S A,L8681T102,67556206000.0,139317,0.07030080128580975
ATEC 0.75 03/15/30,ALPHATEC HLDGS INC,02081GAD4,67312985000.0,65435000,0.07004769898474897
SHOP,SHOPIFY INC,82509L107,67144139000.0,566044,0.06987199330503831
ON,ON SEMICONDUCTOR CORP,682189105,67029824000.0,1082523,0.0697530340476314
CAT,CATERPILLAR INC,149123101,66233925000.0,93490,0.06892480018496341
HEI,HEICO CORP NEW,422806109,64084653000.0,233715,0.0666882100516875
FIX,COMFORT SYS USA INC,199908104,63811500000.0,46617,0.06640395970800149
MRK,MERCK & CO INC,58933Y105,62898679000.0,522892,0.06545405367375035
ORCL,ORACLE CORP,68389X105,62865546000.0,427337,0.06541957458460489
C,CITIGROUP INC,172967424,62267761000.0,549050,0.06479750346804991
ISRG,INTUITIVE SURGICAL INC,46120E602,62069766000.0,134642,0.06459146455653104
BAC,BANK AMERICA CORP,060505104,61992889000.0,1271649,0.06451146428682304
ECL,ECOLAB INC,278865100,61533688000.0,231860,0.06403360740049575
GEV,GE VERNOVA INC,36828A101,61130933000.0,70032,0.06361448973687406
ORLY,OREILLY AUTOMOTIVE INC,67103H107,60535698000.0,655787,0.06299507221876538
HEI,HEICO CORP NEW,422806109,60001873000.0,218824,0.06243955959500439
BAC,BANK AMERICA CORP,060505104,59805375000.0,1226776,0.06223507850186753
CHKP,CHECK POINT SOFTWARE TECH LT,M22465104,59424743000.0,415994,0.06183898262586437
FCX,FREEPORT MCMORAN INC,35671D857,58729373000.0,1000771,0.06111536193896384
LUNR,INTUITIVE MACHINES INC,46125A100,58593567000.0,3156981,0.06097403857010234
DVN,DEVON ENERGY CORP NEW,25179M103,57872529000.0,1150090,0.06022370707342952
DHR,DANAHER CORP DEL,235851102,57789497000.0,306324,0.06013730174551097
SBUX,STARBUCKS CORP,855244109,57487126000.0,641669,0.05982264636676469
PM,PHILIP MORRIS INTL INC,718172109,57112735000.0,345426,0.05943304504288046
NUE,NUCOR CORP,670346105,57005977000.0,337114,0.059321949802516157
AXON,AXON ENTERPRISE INC,05464C101,56608629000.0,133294,0.05890845880822743
AIZ,ASSURANT INC,04621X108,55983267000.0,259043,0.0582576903252594
VMC,VULCAN MATLS CO,929160109,55970720000.0,205548,0.0582446335802768
BAC,VERIZON COMMUNICATIONS INC,92343V104,55957739000.0,1114696,0.05823112520324492
RBLX,ROBLOX CORP,771049103,55780603000.0,986220,0.058046792727016724
HLT,HILTON WORLDWIDE HLDGS INC,43300A203,55476963000.0,182442,0.057730816792808344
DLTR,DOLLAR TREE INC,256746108,55461242000.0,510230,0.05771445709823026
LPLA,LPL FINL HLDGS INC,50212V100,55226672000.0,183581,0.057470357259976866
CRS,CARPENTER TECHNOLOGY CORP,144285103,54395459000.0,138007,0.05660537470102172
APP,APPLOVIN CORP,03831W108,54205610000.0,136195,0.0564078127357552
ESLT,ELBIT SYS LTD,M3760D101,54150987000.0,64840,0.05635097057578199
SLB,SLB LIMITED,806857108,53969829000.0,1050201,0.056162452698396544
VLY,VALLEY NATL BANCORP,919794107,53769429000.0,4378618,0.055953911079323425
GRMN,GARMIN LTD,H2906T109,53358124000.0,229982,0.05552589605620535
WAT,WATERS CORP,941848103,52737748000.0,178423,0.05488031613866993
BE,BLOOM ENERGY CORP,093712107,52270687000.0,385790,0.054394279925367016
N/A,AMCOR PLC,G0250X149,51602576000.0,1298178,0.053699025685543904
GS,GOLDMAN SACHS GROUP INC,38141G104,51101180000.0,60404,0.05317725954963183
VST,VISTRA CORP,92840M102,50727797000.0,337441,0.05278870717760402
IJH,ISHARES TR,464287507,50220305000.0,743674,0.052260597380465054
ASTS,AST SPACEMOBILE INC,00217D100,50161294000.0,605301,0.052199188949910554
FANG,DIAMONDBACK ENERGY INC,25278X109,50082010000.0,253208,0.05211668389139462
SPOT,SPOTIFY TECHNOLOGY S A,L8681T102,49644061000.0,102825,0.05166094240670676
WFC,WELLS FARGO & CO,949746101,49412494000.0,620682,0.05141996757085895
ONTO,ONTO INNOVATION INC,683344105,49351157000.0,242075,0.051356138642270684
UNH,UNITEDHEALTH GROUP INC,91324P102,49238992000.0,181969,0.05123941673257341
UBER,UBER TECHNOLOGIES INC,90353T100,48884995000.0,679619,0.05087103795249845
KTOS,KRATOS DEFENSE & SEC SOLUTIO,50077B207,48610229000.0,689409,0.0505851090777168
SCHW,SCHWAB CHARLES CORP,808513105,48579108000.0,516909,0.05055272372977681
RMBS,RAMBUS INC DEL,750917106,48391015000.0,562490,0.05035698910524429
WSM,WILLIAMS SONOMA INC,969904101,48223847000.0,266126,0.05018302959737397
KLAC,KLA CORP,482480100,48118359000.0,32680,0.05007325595309859
GTES,GATES INDL CORP PLC,G39108108,47950587000.0,2120769,0.049898667906615894
T,AT&T INC,00206R102,47766040000.0,1647673,0.049706623344863976
BMY,BRISTOL-MYERS SQUIBB CO,110122108,47656283000.0,785759,0.049592407264601464
ZS,ZSCALER INC,98980G102,47567850000.0,339068,0.04950038151111098
BKNG,BOOKING HOLDINGS INC,09857L108,47458727000.0,11272,0.049386825188266106
INTU,INTUIT,461202103,47309290000.0,109416,0.04923131703492565
PL,PLANET LABS PBC,72703X106,46947252000.0,1679687,0.048854570574416716
AMGN,AMGEN INC,031162100,46921309000.0,133356,0.04882757359226296
FIVE,FIVE BELOW INC,33829M101,46873357000.0,205153,0.048777673453950614
ARM,ARM HOLDINGS PLC,042068205,46822975000.0,309512,0.04872524459241299
GOOGL,ALPHABET INC,02079K305,46767608000.0,162636,0.04866762820606957
VMC,VULCAN MATLS CO,929160109,46441625000.0,171698,0.048328401546337496
KRMN,KARMAN HLDGS INC,485924104,46402984000.0,579675,0.04828819068454805
BTSG,BRIGHTSPRING HEALTH SVCS INC,10950A106,46374807000.0,1088355,0.04825886894202997
SXI,STANDEX INTL CORP,854231107,46357250000.0,181893,0.04824059865657056
IDXX,IDEXX LABS INC,45168D104,46340754000.0,82473,0.04822343247619017
MCD,MCDONALDS CORP,580135101,45919844000.0,147752,0.04778542223225773
DTE,DTE ENERGY CO,233331107,45628097000.0,312051,0.04748182247307749
QCOM,QUALCOMM INC,747525103,45190190000.0,350910,0.047026124694716974
MO,ALTRIA GROUP INC,02209S103,45045104000.0,682605,0.04687514430876467
XYZ 0 05/01/26,BLOCK INC,852234AJ2,44887500000.0,45000000,0.046711137356008195
MDT,MEDTRONIC PLC,G5960L103,44876122000.0,517901,0.046699297103803536
TMUS,T-MOBILE US INC,872590104,44515228000.0,211947,0.046323741120401496
MOD,MODINE MFG CO,607828100,44423166000.0,204989,0.04622793893210255
INTC,INTEL CORP,458140100,44233529000.0,1002346,0.04603059757972647
FANG,DIAMONDBACK ENERGY INC,25278X109,43922852000.0,223111,0.045707298754433176
HON,HONEYWELL INTL INC,438516106,43395274000.0,191989,0.04515828692655218
DRS,LEONARDO DRS INC,52661A108,43353234000.0,973791,0.045114538974127864
JPX,AEROVIRONMENT INC,008073108,43294803000.0,236519,0.04505373410714154
ENPH 0 03/01/28,ENPHASE ENERGY INC,29355AAK3,42864380000.0,47960000,0.04460582438006417
NXT,NEXTPOWER INC,65290E101,42763063000.0,354733,0.04450039119034546
NEE,NEXTERA ENERGY INC,65339F101,42715884000.0,459904,0.04445129545658174
GWW,WW GRAINGER INC,384802104,42363788000.0,38837,0.04408489490813282
EPAM,EPAM SYS INC,29414B104,42272286000.0,312203,0.043989675470865214
TXN,TEXAS INSTRS INC,882508104,42264278000.0,217700,0.04398134213111703
RCL,ROYAL CARIBBEAN GROUP,V7780T103,42144450000.0,153151,0.04385664589793193
CRM,SALESFORCE INC,79466L302,42136272000.0,225726,0.04384813565162066
GVA,GRANITE CONSTR INC,387328107,42054264000.0,350803,0.04376279592558799
TRGP,TARGA RES CORP,87612G101,41963426000.0,167365,0.04366826746454326
BROS,DUTCH BROS INC,26701L100,41878089000.0,826650,0.04357946349175463
DWD,MORGAN STANLEY,617446448,41817731000.0,254103,0.043516653336844374
JBL,JABIL INC,466313103,41387545000.0,155809,0.0430689902383285
SNOW,SNOWFLAKE INC,833445109,41104332000.0,272539,0.04277427118861517
IOT,SAMSARA INC,79589L106,41031832000.0,1294788,0.042698825742593205
ALHC 4.25 11/15/29,ALIGNMENT HEALTHCARE INC,01625VAB0,40837594000.0,28950000,0.04249669646611855
AFW,ALIGN TECHNOLOGY INC,016255101,40816969000.0,238097,0.04247523353750885
GILD,GILEAD SCIENCES INC,375558103,40756527000.0,292434,0.0424123359699439
BE,BLOOM ENERGY CORP,093712107,40685073000.0,300281,0.04233797901959834
LAZ,LAZARD INC,52110M109,40365346000.0,950220,0.04200526252138782
STX,SEAGATE TECHNOLOGY HLDNGS PL,G7997R103,39820445000.0,101645,0.04143822391472837
SBUX,STARBUCKS CORP,855244109,39817544000.0,444440,0.04143520505626065
LPLA,LPL FINL HLDGS INC,50212V100,39359097000.0,131797,0.04095813280257199
RGEN,REPLIGEN CORP,759916109,39102809000.0,331886,0.04069143263057095
MP,MP MATERIALS CORP,553368101,39031433000.0,808774,0.04061715684911904
AXP,AMERICAN EXPRESS CO,025816109,39023550000.0,129012,0.040608953587726065
STT,STATE STR CORP,857477103,38932378000.0,310706,0.040514077557316217
ABT,ABBOTT LABORATORIES,002824100,38876201000.0,378652,0.04045561826323103
DASH,DOORDASH INC,25809K105,38857769000.0,258793,0.040436437429285155
CWST,CASELLA WASTE SYS INC,147448104,38807178000.0,489125,0.04038379107673761
CL,COLGATE PALMOLIVE CO,194162103,38714023000.0,454230,0.04028685148330071
EAT,BRINKER INTL INC,109641100,38558322000.0,270073,0.04012482484342395
PWR,QUANTA SVCS INC,74762E102,38149203000.0,69486,0.039699084630581784
BG,BUNGE GLOBAL SA,H11356104,38027712000.0,298960,0.03957265783495898
T,AT&T INC,00206R102,37931114000.0,1308420,0.03947213536330616
SPG,SIMON PPTY GROUP INC NEW,828806109,37928451000.0,203337,0.039469364174026765
VAL,VALARIS LTD,G9460G101,37529712000.0,382800,0.03905442566780126
CMCSA,COMCAST CORP NEW,20030N101,37176579000.0,1294900,0.03868694598931751
Q,QNITY ELECTRONICS INC,74743L100,36996597000.0,320650,0.038499651889097875
ESI,ELEMENT SOLUTIONS INC,28618M106,36857954000.0,1079612,0.03835537626188653
COP,CONOCOPHILLIPS,20825C104,36781404000.0,278647,0.038275716277155765
ESTC,ELASTIC N V,N14506104,36680812000.0,733763,0.03817103754189727
NVDA,NVIDIA CORPORATION,67066G104,36362226000.0,208499,0.03783950839891311
SAIA,SAIA INC,78709Y105,36011184000.0,103216,0.03747420467115532
USB,US BANCORP,902973304,35839519000.0,689089,0.037295565464377956
VRNS,VARONIS SYS INC,922280102,35473206000.0,1652222,0.036914370324120836
MDA,MDA SPACE LTD,55293N109,35132538000.0,1391292,0.03655986205921866
ADBE,ADOBE INC,00724F101,34849407000.0,143366,0.03626522834090635
TRGP,TARGA RES CORP,87612G101,34764216000.0,138652,0.0361765762996366
TSCO,TRACTOR SUPPLY CO,892356106,34654727000.0,765005,0.03606263910736766
SAIL,SAILPOINT INC,78781J109,34486480000.0,2604719,0.03588755676313516
BK,BANK NEW YORK MELLON CORP,064058100,34175879000.0,288088,0.03556433702548184
GBCI,GLACIER BANCORP INC NEW,37637Q105,34008343000.0,761324,0.03538999456693378
DT,DYNATRACE INC,268150109,33856373000.0,915532,0.03523185050580334
TRV,TRAVELERS COMPANIES INC,89417E109,33650871000.0,115844,0.03501799960858397
AIT,APPLIED INDL TECHNOLOGIES IN,03820C105,33628779000.0,126748,0.03499501008039753
CME,CME GROUP INC,12572Q105,33609058000.0,113794,0.03497448787845271
GWW,WW GRAINGER INC,384802104,33593322000.0,30947,0.034958112574472004
DE,DEERE & CO,244199105,33561414000.0,59580,0.034924908253207605
BLK,BLACKROCK INC,09290D101,33467508000.0,34800,0.0348271871490126
NI,NISOURCE INC,65473P105,33343796000.0,714612,0.03469844912117442
ACN,ACCENTURE PLC IRELAND,G1151C101,33342265000.0,168149,0.0346968559214798
RKT,ROCKET COS INC,77311W101,33164453000.0,2327330,0.03451181998150661
ALHC,ALIGNMENT HEALTHCARE INC,01625V104,33150744000.0,1881427,0.034497554028133995
NTRA,NATERA INC,632307104,33091945000.0,165468,0.03443636621046992
ECL,ECOLAB INC,278865100,33008826000.0,124084,0.03434987034801614
VSEC,VSE CORP,918284100,32997089000.0,178943,0.03433765651077532
LMT,LOCKHEED MARTIN CORP,539830109,32976727000.0,54562,0.03431646726702499
DASH,DOORDASH INC,25809K105,32924898000.0,220896,0.034262532618447444
DIS,DISNEY WALT CO,254687106,32861909000.0,342399,0.034196984574316726
ALNY,ALNYLAM PHARMACEUTICALS INC,02043Q107,32578784000.0,98464,0.03390235709976546
BABA 0.5 06/01/31,ALIBABA GROUP HLDG LTD,01609WBG6,32538413000.0,23430000,0.03386034595353991
CVS,CVS HEALTH CORP,126650100,32350960000.0,450445,0.033665277330186066
PTGX,PROTAGONIST THERAPEUTICS INC,74366E102,32072271000.0,304291,0.0333752660763045
FN,FABRINET,G3323L100,32026543000.0,61410,0.03332768029208806
HPE 7.625 09/01/27,HEWLETT PACKARD ENTERPRISE C,42824C208,31922451000.0,494845,0.03321935936288368
CELH,CELSIUS HLDGS INC,15118V207,31901168000.0,899131,0.033197211701812154
AAPL,APPLE INC,037833100,31821967000.0,125387,0.03311479301532409
AMGN,AMGEN INC,031162100,31746772000.0,90227,0.0330365430799638
ITT,ITT INC,45073V108,31711813000.0,166440,0.033000163806205435
DOCN,DIGITALOCEAN HLDGS INC,25402D102,31632919000.0,368768,0.032918064592157764
APH,AMPHENOL CORP,032095101,31239406000.0,247245,0.03250856440180689
PLD,PROLOGIS INC.,74340W103,31208359000.0,236105,0.03247625606025318
ANET,ARISTA NETWORKS INC,040413205,31194715000.0,254070,0.03246205774762527
SYF,SYNCHRONY FINANCIAL,87165B103,31177975000.0,462314,0.032444637654295505
SPLG,SPDR SERIES TRUST,78464A854,31131114000.0,406730,0.03239587283986744
TPR,TAPESTRY INC,876030107,30983946000.0,219573,0.032242725868830764
AMTM,AMENTUM HOLDINGS INC,023939101,30980015000.0,1187884,0.0322386351647161
AMZN,AMAZON COM INC,023135106,30898521000.0,148358,0.03215383032088007
ALGM,ALLEGRO MICROSYSTEMS INC,01749D105,30883067000.0,979482,0.03213774847366871
JOBY,JOBY AVIATION INC,G65163100,30739326000.0,3721468,0.031988167730818466
BURL 1.25 12/15/27,BURLINGTON STORES INC,122017AD8,30609225000.0,18495000,0.03185278113808877
RBLX,ROBLOX CORP,771049103,30567169000.0,543582,0.03180901653563499
DDOG,DATADOG INC,23804L103,30545910000.0,258754,0.03178689384960767
MRCY,MERCURY SYS INC,589378108,30470693000.0,417922,0.031708621020456865
BA,BOEING CO,097023105,30147010000.0,151468,0.03137178780246066
ASAN,ASANA INC,04342Y104,30116160000.0,4705650,0.03133968446439476
EMR,EMERSON ELEC CO,291011104,30067256000.0,229486,0.031288793649329134
SEI,SOLARIS ENERGY INFRAS INC,83418M103,30046480000.0,531702,0.031267173586066344
SPXC,SPX TECHNOLOGIES INC,78473E103,29622711000.0,148158,0.03082618818999354
CRM,SALESFORCE INC,79466L302,29463999000.0,157839,0.03066102822269648
GH,GUARDANT HEALTH INC,40131M109,29370612000.0,317967,0.030563847203832303
COF,CAPITAL ONE FINL CORP,14040H105,29357365000.0,160924,0.03055006202006054
PIPR,PIPER SANDLER COMPANIES,724078209,29269352000.0,382356,0.03045847332984357
KWEB,KRANESHARES TRUST,500767306,29164432000.0,1025833,0.030349290761614276
GNRC,GENERAC HLDGS INC,368736104,29149096000.0,149230,0.030333331708370236
AVTR,AVANTOR INC,05352A100,28930839000.0,3690158,0.030106207615785217
NU,NU HLDGS LTD,G6683N103,28893587000.0,2010688,0.03006744218467887
NXT,NEXTPOWER INC,65290E101,28764315000.0,238609,0.029932918271600936
WMB,WILLIAMS COS INC,969457100,28671244000.0,393944,0.029836066090818736
SIMO,SILICON MOTION TECHNOLOGY CO,82706C108,28644281000.0,255092,0.029808007669286457
RDW,REDWIRE CORPORATION,75776W103,28562814000.0,3360331,0.029723230922375134
LITE,LUMENTUM HLDGS INC,55024U109,28542597000.0,40615,0.02970219256951685
CTRA,COTERRA ENERGY INC,127097103,28344557000.0,806618,0.029496106829790113
BTSG,BRIGHTSPRING HEALTH SVCS INC,10950A106,28048672000.0,658265,0.029188200956738984
GD,GENERAL DYNAMICS CORP,369550108,28005722000.0,81597,0.029143506033888735
AMT,AMERICAN TOWER CORP,03027X100,27990060000.0,162186,0.029127207736294305
SO,SOUTHERN CO,842587107,27920437000.0,289271,0.02905475617369587
N/A,TOTALENERGIES SE,F92124100,27696906000.0,297099,0.02882214381514782
PANW,PALO ALTO NETWORKS INC,697435105,27222657000.0,169802,0.028328627576106893
FTI,TECHNIPFMC PLC,G87110105,27189589000.0,393311,0.02829421612770614
CGNX,COGNEX CORP,192422103,27169217000.0,554587,0.028273016477687398
GM,GENERAL MTRS CO,37045V100,27128132000.0,364136,0.028230262323896884
WPM,WHEATON PRECIOUS METALS CORP,962879102,26926509000.0,205549,0.0280204480181964
SITM,SITIME CORP,82982T106,26496288000.0,76723,0.027572748497741058
ARWR,ARROWHEAD PHARMACEUTICALS IN,04280A100,26484167000.0,422395,0.027560135059793028
STE,STERIS PLC,G8473T100,26209212000.0,118524,0.027274009506538306
NOG,NORTHERN OIL & GAS INC,665531307,26079298000.0,892210,0.027138817511028014
BURL,BURLINGTON STORES INC,122017106,26025194000.0,79984,0.027082515436385637
JPM,JPMORGAN CHASE & CO,46625H100,25962856000.0,88261,0.02701764484032886
LTH,LIFE TIME GROUP HOLDINGS INC,53190C102,25863963000.0,960058,0.02691473413007438
PLMR,PALOMAR HLDGS INC,69753M105,25844265000.0,216270,0.026894235862546925
IM8N,INSMED INC,457669307,25768463000.0,157586,0.026815354266693736
ETN,EATON CORP PLC,G29183103,25767262000.0,72042,0.026814104473856876
BBIO,BRIDGEBIO PHARMA INC,10806X102,25570837000.0,344342,0.026609699346479453
CAH,CARDINAL HEALTH INC,14149Y108,25432638000.0,120357,0.026465885757585822
CMCSA,COMCAST CORP NEW,20030N101,25414502000.0,885214,0.026447012949185073
JOBY 0.75 02/15/32,JOBY AVIATION INC,47775AAA9,25282812000.0,29420000,0.026309972800403952
RGEN,REPLIGEN CORP,759916109,25274039000.0,214514,0.026300843381121874
CAVA,CAVA GROUP INC,148929102,25045427000.0,309585,0.026062943597591228
KMI,KINDER MORGAN INC DEL,49456B101,25033599000.0,746603,0.02605063506330781
SPHY,SPDR SERIES TRUST,78468R606,25009907000.0,1072466,0.026025980532174676
TMUS,T-MOBILE US INC,872590104,24986414000.0,118965,0.026001533085783037
BKR,BAKER HUGHES COMPANY,05722G100,24954371000.0,408753,0.02596818827989502
FDX,FEDEX CORP,31428X106,24710700000.0,69377,0.025714617696755485
NTSK,NETSKOPE INC,64119N608,24424219000.0,2876822,0.025416497878523535
HIG,HARTFORD INSURANCE GROUP INC,416515104,24333827000.0,179944,0.0253224335370502
MMM,3M CO,88579Y101,24330527000.0,167531,0.025318999468472648
AON,AON PLC,G0403H108,24326638000.0,75366,0.025314952470685347
GH 1.25 02/15/31,GUARDANT HEALTH INC,40131MAD1,24182333000.0,14370000,0.025164784814296404
PDD,PDD HOLDINGS INC,722304102,24065025000.0,235516,0.025042710960752352
QLYS,QUALYS INC,74758T303,23943078000.0,272545,0.02491580963928974
MMM,3M CO,88579Y101,23926853000.0,164751,0.024898925468783445
NEE 7.375 02/15/29,NEXTERA ENERGY INC,65339F655,23866785000.0,475150,0.02483641709565728
YSS,YORK SPACE SYSTEMS INC,987084100,23837539000.0,1075216,0.02480598292304544
PEO,EXELON CORP,30161N101,23662003000.0,482701,0.024623315449763924
IONQ,IONQ INC,46222L108,23398082000.0,811588,0.024348672173080323
UPS,UNITED PARCEL SVCS INC,911312106,23349017000.0,237335,0.024297613817093187
ADI,ANALOG DEVICES INC,032654105,23323798000.0,73313,0.024271370248772805
GOLF,ACUSHNET HLDGS CORP,005098108,23298581000.0,249236,0.024245128761706106
ROST,ROSS STORES INC,778296103,23235950000.0,107261,0.02417995326198471
ACHR,ARCHER AVIATION INC,03945R102,23131144000.0,4474109,0.024070889325215367
ROAD,CONSTRUCTION PARTNERS INC,21044C107,23045621000.0,207394,0.023981891795834185
MDLZ,MONDELEZ INTL INC,609207105,23009657000.0,399196,0.023944466692099927
SRRK,SCHOLAR ROCK HLDG CORP,80706P103,23005307000.0,467968,0.02393993996533861
VLO,VALERO ENERGY CORP,91913Y100,22884550000.0,92620,0.023814276989817598
WOLF,WOLFSPEED INC,97785W106,22856307000.0,1400509,0.023784886565927966
TT,TRANE TECHNOLOGIES PLC,G8994E103,22828184000.0,54778,0.02375562101725934
DAVE,DAVE INC,23834J201,22710911000.0,130455,0.023633583585654747
CIT,CINTAS CORP,172908105,22664760000.0,134000,0.023585557616284274
HLIO,HELIOS TECHNOLOGIES INC,42328H109,22653289000.0,350074,0.023573620585783335
AJG,GALLAGHER ARTHUR J & CO,363576109,22539914000.0,104072,0.02345563951760762
FSV,FIRSTSERVICE CORP NEW,33767E202,22427834000.0,161421,0.023339006061191884
QXO,QXO INC,82846H405,22339370000.0,1150328,0.023246948048269316
ONTO,ONTO INNOVATION INC,683344105,22335199000.0,108915,0.023242607593712657
OKE,ONEOK INC NEW,682680103,22320816000.0,246939,0.023227640257848743
SYK,STRYKER CORPORATION,863667101,22100635000.0,67259,0.022998513999220323
EIX,EDISON INTL,281020107,22043280000.0,301220,0.02293882884671564
ALL,ALLSTATE CORP,020002101,21981565000.0,106017,0.022874606561181225
MMC,MARSH & MCLENNAN COS INC,571748102,21846201000.0,125951,0.022733743149383763
NKE,NIKE INC,654106103,21799765000.0,412718,0.02268542060136341
CI,THE CIGNA GROUP,125523100,21791341000.0,81692,0.022676654360849077
SN,SHARKNINJA INC,G8068L108,21645431000.0,204395,0.022524816498379233
HOOD,ROBINHOOD MKTS INC,770700102,21579881000.0,311398,0.022456603408906966
ADP,AUTOMATIC DATA PROCESSING IN,053015103,21526921000.0,105950,0.02240149181137148
HOOD,ROBINHOOD MKTS INC,770700102,21508087000.0,310362,0.02238189264543524
MSFT,MICROSOFT CORP,594918104,21424329000.0,57877,0.022294731822429623
TSA,ACI WORLDWIDE INC,004498101,21303342000.0,519467,0.02216882950273502
NEM,NEWMONT CORP,651639106,21286713000.0,196644,0.02215152491898469
CVX,CHEVRON CORPORATION,166764100,21234975000.0,102634,0.022097684967449738
AME,AMETEK INC,031100100,21165263000.0,98737,0.02202514078906239
LOAR,LOAR HOLDINGS INC,53947R105,21152270000.0,369214,0.022011619924508414
PCG,PG&E CORP,69331C108,21096791000.0,1200728,0.02195388698795873
DLR,DIGITAL RLTY TR INC,253868103,21048528000.0,116800,0.021903663214698624
FROG,JFROG LTD,M6191J100,21041488000.0,448359,0.02189633720173318
CBOE,CBOE GLOBAL MKTS INC,12503M108,20996210000.0,74701,0.021849219699595496
CVNA,CARVANA CO,146869102,20761655000.0,66040,0.021605135470744736
EOG,EOG RES INC,26875P101,20653126000.0,142859,0.021492197280243812
GLW,CORNING INC,219350105,20600815000.0,151510,0.02143776104952858
MTD,METTLER TOLEDO INTERNATIONAL,592688105,20451619000.0,16216,0.021282503687256964
TFC,TRUIST FINL CORP,89832Q109,20086683000.0,436952,0.02090274149016084
SKY,CHAMPION HOMES INC,830830105,20033716000.0,269379,0.020847622608237464
A4S,AMERIPRISE FINL INC,03076C106,19875790000.0,44725,0.020683280573637962
FLS,FLOWSERVE CORP,34354P105,19874825000.0,270369,0.020682276368735743
NYT,NEW YORK TIMES CO MTN BE,650111107,19872729000.0,237343,0.020680095214875578
SITE,SITEONE LANDSCAPE SUPPLY INC,82982L103,19736087000.0,148269,0.02053790188197444
KRMN,KARMAN HLDGS INC,485924104,19709271000.0,246212,0.02050999643258789
PLD,PROLOGIS INC.,74340W103,19578898000.0,148123,0.020374326789357262
MDGL,MADRIGAL PHARMACEUTICALS INC,558868105,19573590000.0,37392,0.020368803142081615
ABG,CENCORA INC,03073E105,19524429000.0,62152,0.02031764488591768
KO,COCA COLA CO,191216100,19510323000.0,256546,0.02030296580368891
SPGI,S&P GLOBAL INC,78409V104,19485676000.0,45812,0.020277317473921967
AXSM,AXSOME THERAPEUTICS INC.,05464T104,19451329000.0,115083,0.02024157506379071
SYNA,SYNAPTICS INC,87157D109,19299592000.0,275551,0.020083673468714387
LNG,CHENIERE ENERGY INC,16411R208,19130815000.0,67419,0.019908039592255795
PG,PROCTER & GAMBLE CO,742718109,19055103000.0,131924,0.019829251652818354
AVGO,BROADCOM INC,11135F101,19044769000.0,61532,0.01981849781503641
HRI,HERC HLDGS INC,42704L104,19042521000.0,191286,0.019816158485896306
ELF,E L F BEAUTY INC,26856L103,18976082000.0,313085,0.019747020279161788
MRNA,MODERNA INC,60770K107,18920917000.0,372459,0.01968961409944039
VECO 2.875 06/01/29,VEECO INSTRS INC DEL,922417AJ9,18825705000.0,13545000,0.019590533936590146
CDNS,CADENCE DESIGN SYSTEM INC,127387108,18493638000.0,66555,0.019244976103153278
DUK,DUKE ENERGY CORP NEW,26441C204,18420901000.0,140682,0.01916928402856984
IOT,SAMSARA INC,79589L106,18307155000.0,577695,0.01905091688783586
W,WAYFAIR INC,94419L101,18236620000.0,242476,0.018977516273557808
LNTH,LANTHEUS HLDGS INC,516544103,18051390000.0,237988,0.01878476096367302
BRX,BRIXMOR PPTY GROUP INC,11120U105,18051264000.0,626780,0.01878462984469097
FOXA,FOX CORP,35137L105,18044958000.0,308989,0.018778067651827324
APLD,APPLIED DIGITAL CORP,038169207,17929042000.0,755225,0.018657442350846893
DGX,QUEST DIAGNOSTICS INC,74834L100,17926095000.0,91469,0.018654375623544456
IWD,ISHARES TR,464287598,17921999000.0,83877,0.018650113216000925
KRYS,KRYSTAL BIOTECH INC,501147102,17874452000.0,69195,0.01860063453155946
CB,CHUBB LTD SWITZ,H1467J104,17804578000.0,54627,0.018527921771623764
WDC,WESTERN DIGITAL CORP,958102105,17753882000.0,65636,0.018475166153257845
PGR,PROGRESSIVE CORP,743315103,17696687000.0,89269,0.018415647501047835
KVYO,KLAVIYO INC,49845K101,17681628000.0,908614,0.01839997670143894
BPOP,POPULAR INC,733174700,17673007000.0,131721,0.0183910054574368
WELL,WELLTOWER INC,95040Q104,17509198000.0,88560,0.018220541415127686
PWR,QUANTA SVCS INC,74762E102,17508248000.0,31890,0.018219552819628088
ADUS,ADDUS HOMECARE CORP,006739106,17483425000.0,186689,0.01819372133953701
COHR,COHERENT CORP,19247G107,17451979000.0,73263,0.018160997787873476
FIG,FIGMA INC,316841105,17403928000.0,823270,0.018110994627503804
WING,WINGSTOP INC,974155103,17335409000.0,111863,0.018039691916938584
BSX,BOSTON SCIENTIFIC CORP,101137107,17314545000.0,275929,0.01801798027851373
DGX,QUEST DIAGNOSTICS INC,74834L100,17265054000.0,88096,0.017966478615492037
NTAP,NETAPP INC,64110D104,17153397000.0,167530,0.01785028534423033
DAL,DELTA AIR LINES INC,247361702,16965430000.0,255196,0.017654681838679857
TSEM,TOWER SEMICONDUCTOR LTD,M87915274,16818936000.0,105572,0.017502236250134473
BX,BLACKSTONE INC,09260D107,16788310000.0,145998,0.017470366012481114
KEYS,KEYSIGHT TECHNOLOGIES INC,49338L103,16720257000.0,59214,0.017399548234024117
WM,WASTE MGMT INC DEL,94106L109,16670116000.0,72545,0.01734737016355533
MDT,MEDTRONIC PLC,G5960L103,16644890000.0,192093,0.017321119310847056
FROG,JFROG LTD,M6191J100,16556247000.0,352786,0.017228875025719827
USFD,US FOODS HLDG CORP,912008109,16489914000.0,178830,0.017159847125430523
PCOR,PROCORE TECHNOLOGIES INC,74275K108,16474938000.0,289034,0.01714426269784949
PFE,PFIZER INC,717081103,16468021000.0,586468,0.017137064681985573
EQT,EQT CORP,26884L109,16449413000.0,258476,0.01711770069771555
BAH,BOOZ ALLEN HAMILTON HLDG COR,099502106,16331913000.0,209303,0.016995427043817898
UHS,UNIVERSAL HLTH SVCS INC,913903100,15959471000.0,89174,0.01660785390164811
TEX,TEREX CORP NEW,880779103,15915512000.0,269298,0.016562108986314602
UEC,URANIUM ENERGY CORP,916896103,15902690000.0,1177977,0.016548766068950553
KRUS,KURA SUSHI USA INC,501270102,15880715000.0,227550,0.01652589829410459
RKT,ROCKET COS INC,77311W101,15844913000.0,1118064,0.016488641771918684
KEYS,KEYSIGHT TECHNOLOGIES INC,49338L103,15813567000.0,56003,0.01645602228293931
NFG,NATIONAL FUEL GAS CO,636180101,15790072000.0,168051,0.01643157275529399
PSX,PHILLIPS 66,718546104,15758023000.0,86497,0.01639822170564492
CSCO,CISCO SYS INC,17275R102,15739364000.0,202853,0.01637880464940597
RDNT,RADNET INC,750491102,15657695000.0,280152,0.016293817695872632
DY,DYCOM INDS INC,267475101,15626717000.0,46121,0.016261581157571002
GL,GLOBE LIFE INC,37959E102,15565469000.0,111845,0.01619784484477165
MNST,MONSTER BEVERAGE CORP NEW,61174X109,15544844000.0,214530,0.01617638191616196
POR,PORTLAND GEN ELEC CO,736508847,15509525000.0,293908,0.016139628016740588
AGYS,AGILYSYS INC,00847J105,15360051000.0,215913,0.015984081360206983
UBS,UBS GROUP AG,H42097107,15357122000.0,401569,0.0159810333641877
AVT,AVNET INC,053807103,15216751000.0,246945,0.015834959533793932
WTS,WATTS WATER TECHNOLOGIES INC,942749102,15109595000.0,52050,0.015723450123946638
GSAT,GLOBALSTAR INC,378973507,15093480000.0,227243,0.01570668042239293
IR,INGERSOLL RAND INC,45687V106,15067848000.0,188066,0.01568000707518693
PEP,PEPSICO INC,713448108,14949613000.0,96269,0.01555696856056064
AXS,AXIS CAP HLDGS LTD,G0692U109,14929377000.0,147218,0.01553591043579236
MIR,MIRION TECHNOLOGIES INC,60471A101,14855641000.0,799120,0.015459178774994083
MC,MOELIS & CO,60786M105,14847132000.0,260476,0.01545032408119821
ALC,ALCON AG,H01301128,14823813000.0,198465,0.015426057703877023
PTCT,PTC THERAPEUTICS INC,69366J200,14822363000.0,217560,0.015424548794956586
SF,STIFEL FINL CORP,860630102,14724790000.0,199199,0.015323011712133131
ONON,ON HLDG AG,H5919C104,14723414000.0,432787,0.015321579809598977
AIZ,ASSURANT INC,04621X108,14716768000.0,67567,0.015314663803609158
CTVA,CORTEVA INC,22052L104,14690603000.0,175494,0.015287435802296544
TT,TRANE TECHNOLOGIES PLC,G8994E103,14618822000.0,35079,0.015212738566973754
LDOS,LEIDOS HOLDINGS INC,525327102,14570358000.0,93688,0.015162305627718472
AON,AON PLC,G0403H108,14556410000.0,45097,0.015147790964530687
EQIX,EQUINIX INC,29444U700,14432074000.0,14723,0.015018403585543294
PFE,PFIZER INC,717081103,14279474000.0,508527,0.014859603929502597
IWY,ISHARES TR,464289438,14182387000.0,56994,0.014758572591324199
SHW,SHERWIN WILLIAMS CO,824348106,14154526000.0,44157,0.014729579686888091
UNM,UNUM GROUP,91529Y106,14144523000.0,193681,0.014719170296590745
ALNY,ALNYLAM PHARMACEUTICALS INC,02043Q107,14120208000.0,42676,0.014693867454935243
JBTM,JBT MAREL CORPORATION,477839104,13976447000.0,109302,0.014544265899548174
KEY,KEYCORP,493267108,13971883000.0,696852,0.014539516478642739
ATRC,ATRICURE INC,04963C209,13932397000.0,488342,0.014498426287172074
SAIA,SAIA INC,78709Y105,13927198000.0,39647,0.014493016068222168
NDAQ,NASDAQ INC,631103108,13926969000.0,164059,0.014492777764675424
SNPS,SYNOPSYS INC,871607107,13914862000.0,35096,0.01448017889550318
HCA,HCA HEALTHCARE INC,40412C101,13811876000.0,29186,0.014373008899585699
VLY,VALLEY NATL BANCORP,919794107,13806404000.0,1124300,0.014367314589508014
DPZ,DOMINOS PIZZA INC,25754A201,13729817000.0,38267,0.014287616101584102
SBRA,SABRA HEALTH CARE REIT INC,78573L106,13706856000.0,712785,0.014263722268672237
CEG,CONSTELLATION ENERGY CORP,21037T109,13668729000.0,48948,0.01422404628907942
ELV,ELEVANCE HEALTH INC FORMERLY,036752103,13666448000.0,46683,0.014221672619253545
NOC,NORTHROP GRUMMAN CORP,666807102,13661856000.0,20025,0.01421689406079654
ONDS,ONDAS INC,68236H204,13645509000.0,1509459,0.01419988293381556
WD5A,TRAVEL PLUS LEISURE CO,894164102,13606629000.0,196656,0.01415942336221096
CW,CURTISS WRIGHT CORP,231561101,13471872000.0,19779,0.014019191610906395
FTV,FORTIVE CORP,34959J108,13461730000.0,243519,0.014008637573478054
HWC,HANCOCK WHITNEY CORPORATION,410120109,13442163000.0,211388,0.01398827562806686
ICE,INTERCONTINENTAL EXCHANGE IN,45866F104,13413939000.0,85287,0.013958904976087223
MAR,MARRIOTT INTL INC NEW,571903202,13360155000.0,40848,0.01390293590203419
MO,ALTRIA GROUP INC,02209S103,13348577000.0,202281,0.013890887524461193
IM8N,INSMED INC,457669307,13308075000.0,81385,0.013848740056119382
LHX,L3HARRIS TECHNOLOGIES INC,502431109,13298630000.0,38530,0.013838911335599694
THG,HANOVER INS GROUP INC,410867105,13269943000.0,76550,0.01380905887339236
BKR,BAKER HUGHES COMPANY,05722G100,13257313000.0,217155,0.01379591575638191
MU,MICRON TECHNOLOGY INC,595112103,13217990000.0,39125,0.013754995187086446
MCO,MOODYS CORP,615369105,13171260000.0,30192,0.013706366694774636
USB,US BANCORP,902973304,13144979000.0,252739,0.013679017980748387
AEP,AMERICAN ELEC PWR CO INC,025537101,13115209000.0,100055,0.01364803851967151
6RJ0,ROCKET LAB CORP,773121108,13106596000.0,204089,0.013639075600684102
HON,HONEYWELL INTL INC,438516106,12938151000.0,57240,0.013463787212336948
RYTM,RHYTHM PHARMACEUTICALS INC,76243J105,12924699000.0,148611,0.01344978870006264
VRNS,VARONIS SYS INC,922280102,12906819000.0,601156,0.013431182292133364
JCI,JOHNSON CONTROLS INTERNATION,G51502105,12783994000.0,97625,0.01330336730030375
COGT,COGENT BIOSCIENCES INC,19240Q201,12781374000.0,332070,0.013300640857978545
BOH,BANK HAWAII CORP,062540109,12750878000.0,171729,0.013268905901814605
ARHS,ARHAUS INC,04035M102,12580724000.0,1855564,0.013091839082195019
WBD,WARNER BROS DISCOVERY INC,934423104,12578108000.0,458052,0.013089116802377176
SXI,STANDEX INTL CORP,854231107,12507764000.0,49077,0.013015914947825887
NTRA,NATERA INC,632307104,12466777000.0,62337,0.012973262775465861
BTSG,BRIGHTSPRING HEALTH SVCS INC,10950A106,12420900000.0,291502,0.012925521937850007
CIEN,CIENA CORP,171779309,12405501000.0,31954,0.012909497325114944
TW,TRADEWEB MKTS INC,892672106,12304530000.0,104577,0.012804424192283453
DD,DUPONT DE NEMOURS INC,26614N102,12267393000.0,267847,0.012765778433263902
ATR,APTARGROUP INC,038336103,12214615000.0,96926,0.012710856229813602
MSI,MOTOROLA SOLUTIONS INC,620076307,12191519000.0,28093,0.01268682191227811
FICO,FAIR ISAAC CORP,303250104,12130457000.0,11363,0.012623279156071315
TDY,TELEDYNE TECHNOLOGIES INC,879360105,12115930000.0,20026,0.0126081619699422
PI,IMPINJ INC,453204109,12026273000.0,117101,0.0125148624891975
TXRH,TEXAS ROADHOUSE INC,882681109,11990981000.0,72611,0.012478136686700853
MET,METLIFE INC,59156R108,11971835000.0,169285,0.012458212845190006
HCA,HCA HEALTHCARE INC,40412C101,11943631000.0,25238,0.012428863005747203
EXR,EXTRA SPACE STORAGE INC,30225T102,11930470000.0,90982,0.012415167315883824
RTX,RTX CORPORATION,75513E101,11928164000.0,61836,0.012412767630386902
ES,EVERSOURCE ENERGY,30040W108,11889695000.0,171618,0.012372735756414233
HTFL,HEARTFLOW INC,42238D107,11888660000.0,488642,0.012371658707633092
STT,STATE STR CORP,857477103,11877023000.0,93845,0.012359548933076435
META,META PLATFORMS INC,30303M102,11871125000.0,20749,0.012353411315964196
VLTO,VERALTO CORP,92338C103,11777279000.0,133197,0.01225575264937969
LYV,LIVE NATION ENTERTAINMENT IN,538034109,11769349000.0,77171,0.01224750047852515
DRS,LEONARDO DRS INC,52661A108,11749006000.0,263904,0.012226331006684809
AAON,AAON INC,000360206,11718724000.0,141616,0.01219481874466499
TOST,TOAST INC,888787108,11693402000.0,441094,0.012168467991779916
CSX,CSX CORP,126408103,11691081000.0,284801,0.012166052696880371
MWA,MUELLER WTR PRODS INC,624758108,11659471000.0,424135,0.012133158482414797
SHLS,SHOALS TECHNOLOGIES GROUP IN,82489W107,11641310000.0,1769196,0.012114259658343007
MOD,MODINE MFG CO,607828100,11630826000.0,53670,0.012103349726534813
ITW,ILLINOIS TOOL WKS INC,452308109,11611797000.0,44611,0.012083547638364443
CLVT,CLARIVATE PLC,G21810109,11586175000.0,4579516,0.012056884697426861
NI,NISOURCE INC,65473P105,11584045000.0,248265,0.01205466816225408
WSM,WILLIAMS SONOMA INC,969904101,11578137000.0,63501,0.01204852013887342
ADT,ADT INC DEL,00090Q103,11561590000.0,1759755,0.012031300886524106
RPRX,ROYALTY PHARMA PLC,G7709Q104,11441421000.0,238512,0.011906249799586002
PEP,PEPSICO INC,713448108,11410201000.0,73475,0.011873761429588684
AIG,AMERICAN INTL GROUP INC,026874784,11337617000.0,150666,0.011798228570912025
ABNB,AIRBNB INC,009066101,11317087000.0,89619,0.011776864501852292
DY,DYCOM INDS INC,267475101,11305791000.0,33367,0.01176510958104865
COIN,COINBASE GLOBAL INC,19260Q107,11258678000.0,64479,0.011716082528656477
TECK,TECK RESOURCES LTD,878742204,11211793000.0,216653,0.01166729273918421
PSTG,EVERPURE INC,74624M102,11166648000.0,189137,0.011620313640416468
FAST,FASTENAL CO,311900104,11160546000.0,240529,0.011613963735428523
UAL,UNITED AIRLS HLDGS INC,910047109,11158240000.0,121193,0.011611564049931604
BR,BROADRIDGE FINL SOLUTIONS IN,11133T103,11064888000.0,68100,0.011514419453006892
ROK,ROCKWELL AUTOMATION INC,773903109,11057452000.0,30811,0.011506681351812143
VEEV,VEEVA SYS INC,922475108,11011598000.0,62687,0.011458964448613648
TD,TORONTO DOMINION BK ONT,891160509,11004682000.0,118208,0.011451767473376574
EXE,EXPAND ENERGY CORPORATION,165167735,10990625000.0,100115,0.011437139381863047
APLD,APPLIED DIGITAL CORP,038169207,10969494000.0,462068,0.011415149896071463
ELAN,ELANCO ANIMAL HEALTH INC,28414H103,10967717000.0,458325,0.011413300702173793
CMI,CUMMINS INC,231021106,10890601000.0,20242,0.01133305172265063
LOW,LOWES COS INC,548661107,10847615000.0,45910,0.01128831933723408
MSCI,MSCI INC,55354G100,10843264000.0,20117,0.011283791569845924
CBRE,CBRE GROUP INC,12504L109,10830433000.0,79953,0.0112704392868403
CBSH,COMMERCE BANCSHARES INC,200525103,10785329000.0,219214,0.011223502853773066
AAOI,APPLIED OPTOELECTRONICS INC,03823U102,10781334000.0,127454,0.011219345549540545
CVNA,CARVANA CO,146869102,10717529000.0,34091,0.011152948353907016
RDDT,REDDIT INC,75734B100,10715716000.0,79582,0.011151061697443046
TSEM,TOWER SEMICONDUCTOR LTD,M87915274,10708667000.0,61025,0.011143726318836028
RMBS,RAMBUS INC DEL,750917106,10632018000.0,123585,0.011063963312047932
O,REALTY INCOME CORP,756109104,10629841000.0,173747,0.01106169786741359
TENB,TENABLE HLDGS INC,88025T102,10611862000.0,627364,0.011042988437426985
BE,BLOOM ENERGY CORP,093712107,10602634000.0,78254,0.011033385532931943
FIVE,FIVE BELOW INC,33829M101,10586621000.0,46335,0.011016721975316087
GVA,GRANITE CONSTR INC,387328107,10579170000.0,88248,0.011008968264718713
N/A,CRH PLC,G25508105,10572024000.0,100571,0.011001531945308052
NVT,NVENT ELEC PLC,G6700G107,10545963000.0,89161,0.010974412169186973
CNQ,CANADIAN NAT RES LTD MED TER,136385101,10516537000.0,216274,0.010943790683743633
PH,PARKER-HANNIFIN CORP,701094104,10513699000.0,11744,0.010940837384766939
ULS,UL SOLUTIONS INC,903731107,10502218000.0,122532,0.010928889947997587
REG,REGENCY CTRS CORP,758849103,10494572000.0,138707,0.010920933315166085
FTV,FORTIVE CORP,34959J108,10468042000.0,189364,0.010893325485056258
ETR,ENTERGY CORP NEW,29364G103,10446559000.0,92974,0.010870969698616399
ASND,ASCENDIS PHARMA A/S,04351P101,10427801000.0,45590,0.010851449620320124
PNC,PNC FINL SVCS GROUP INC,693475105,10416153000.0,50056,0.010839328398868212
IREN,IREN LIMITED,Q4982L109,10399524000.0,303370,0.010822023815117878
EXPE,EXPEDIA GROUP INC,30212P303,10397669000.0,45033,0.01082009345232656
DTE,DTE ENERGY CO,233331107,10391855000.0,71070,0.010814043247869018
SSNC,SS&C TECH HLDGS,78467J100,10369427000.0,153462,0.01079070406906377
CWST,CASELLA WASTE SYS INC,147448104,10332528000.0,130231,0.01075230597923254
CPRX,CATALYST PHARMACEUTICALS INC,14888U101,10309395000.0,416373,0.010728233158503906
VRSN,VERISIGN INC,92343E102,10282104000.0,41400,0.010699833411367559
TDG,TRANSDIGM GROUP INC,893641100,10281134000.0,8871,0.010698824003331128
KYMR,KYMERA THERAPEUTICS INC,501575104,10279485000.0,123418,0.010697108009669193
NUVL,NUVALENT INC,670703107,10272969000.0,100273,0.010690327285168793
CAVA,CAVA GROUP INC,148929102,10258605000.0,126806,0.01067537972121487
EFV,ISHARES TR,464288877,10256211000.0,137945,0.010672888460555882
CTRE,CARETRUST REIT INC,14174T107,10234696000.0,279255,0.01065049937405709
KKR,KKR & CO INC,48251W104,10214775000.0,110430,0.01062976904674394
TXT,TEXTRON INC,883203101,10179638000.0,116259,0.010593204541407754
BA,BOEING CO,097023105,10161079000.0,51053,0.010573891547852975
VTR,VENTAS INC,92276F100,10153232000.0,124153,0.010565725749026296
CYTK,CYTOKINETICS INC,23282W605,10067753000.0,152750,0.010476774007226146
IWR,ISHARES TR,464287499,10053193000.0,103396,0.010461622480411253
SXI,STANDEX INTL CORP,854231107,10049640000.0,39432,0.010457925133242755
MCK,MCKESSON CORP,58155Q103,10036445000.0,11598,0.01044419406206676
FTNT,FORTINET INC,34959E109,10024592000.0,122670,0.0104318595121123
TGTX,TG THERAPEUTICS INC,88322Q108,10018089000.0,301568,0.010425092315760841
TNDM,TANDEM DIABETES CARE INC,875372203,10011724000.0,522260,0.010418468725913534
CPNG,COUPANG INC,22266T109,9967583000.0,527944,0.010372534416494843
ADSK,AUTODESK INC,052769106,9954491000.0,41581,0.010358910529883539
VRTX,VERTEX PHARMACEUTICALS INC,92532F100,9945785000.0,22273,0.010349850832599856
STX,SEAGATE TECHNOLOGY HLDNGS PL,G7997R103,9935817000.0,25362,0.010339477864241968
SU,SUNCOR ENERGY INC NEW,867224107,9929274000.0,150601,0.010332669042816841
TRV,TRAVELERS COMPANIES INC,89417E109,9907786000.0,33968,0.010310308053242774
CTSH,COGNIZANT TECHNOLOGY SOLUTIO,192446102,9900479000.0,161377,0.010302704192910602
CDP,COPT DEFENSE PROPERTIES,22002T108,9869051000.0,322518,0.010269999372530215
ALB,ALBEMARLE CORP,012653101,9862660000.0,54936,0.010263348726385025
JLL,JONES LANG LASALLE INC,48020Q107,9838361000.0,32329,0.01023806253475899
G,GENPACT LIMITED,G3922B107,9828673000.0,263857,0.010227980941916773
N/A,ASTRAZENECA PLC,G0593M107,9811498000.0,49749,0.010210108175910882
THC,TENET HEALTHCARE CORP,88033G407,9811222000.0,51991,0.010209820962902579
EME,EMCOR GROUP INC,29084Q100,9794420000.0,13266,0.010192336350708634
HL,HECLA MINING COMPANY,422704106,9755171000.0,523627,0.01015149278779945
HNM,ORMAT TECHNOLOGIES INC,686688102,9740621000.0,87032,0.010136351667252975
ACAD,ACADIA PHARMACEUTICALS INC,004225108,9737058000.0,437424,0.010132643913816061
APD,AIR PRODUCTS AND CHEMICALS I,009158106,9698299000.0,33386,0.010092310258059302
CNP,CENTERPOINT ENERGY INC,15189T107,9698009000.0,224699,0.010092008476275215
SPY,STATE STR SPDR S&P 500 ETF T,78462F103,9693315000.0,14904,0.010087123773880359
ALHC,ALIGNMENT HEALTHCARE INC,01625V104,9685855000.0,549708,0.01007936069764141
NSC,NORFOLK SOUTHN CORP,655844108,9681658000.0,33734,0.01007499318678687
REGN,REGENERON PHARMACEUTICALS,75886F107,9646410000.0,12485,0.010038313171871257
ALAB,ASTERA LABS INC,04626A103,9610166000.0,87684,0.010000596692621329
TPL,TEXAS PACIFIC LAND CORPORATI,88262P102,9599874000.0,20229,0.009989886561166736
JAZZ,JAZZ PHARMACEUTICALS PLC,G50871105,9540786000.0,50467,0.00992839800234542
BNS,BANK NOVA SCOTIA B C,064149107,9533978000.0,137920,0.009921313414807249
SRE,SEMPRA,816851109,9515081000.0,97922,0.00990164868937998
LEU,CENTRUS ENERGY CORP,15643U104,9480965000.0,54617,0.00986614666404915
MDB,MONGODB INC,60937P106,9474557000.0,38708,0.00985947832724765
ZTS,ZOETIS INC,98978V103,9462474000.0,80048,0.009846904433119606
KEX,KIRBY CORP,497266106,9415345000.0,70856,0.009797860730697966
NXT,NEXTPOWER INC,65290E101,9411700000.0,78073,0.009794067645860036
EVRG,EVERGY INC,30034W106,9409823000.0,114866,0.009792114389278198
HWM,HOWMET AEROSPACE INC,443201108,9354141000.0,40589,0.009734170205479651
JKHY,HENRY JACK & ASSOC INC,426281101,9350437000.0,59165,0.00973031572365806
NTRS,NORTHERN TR CORP,665859104,9340722000.0,66925,0.00972020603389112
VST,VISTRA CORP,92840M102,9295656000.0,61835,0.00967330914464387
EA,ELECTRONIC ARTS INC,285512109,9289948000.0,45568,0.009667369246631549
HYLB,DBX ETF TR,233051432,9285743000.0,256796,0.009662993410762275
XYZ,BLOCK INC,852234103,9282584000.0,154247,0.009659706070569402
GH,GUARDANT HEALTH INC,40131M109,9273394000.0,100394,0.009650142709894342
CELC,CELCUITY INC,15102K100,9255498000.0,81089,0.009631519651935597
MOD,MODINE MFG CO,607828100,9255034000.0,42707,0.009631036801081058
PTGX,PROTAGONIST THERAPEUTICS INC,74366E102,9201209000.0,87298,0.009575025061327515
BSX,BOSTON SCIENTIFIC CORP,101137107,9192156000.0,146489,0.009565604266529767
EQT,EQT CORP,26884L109,9169060000.0,144077,0.009541569948994275
CELH,CELSIUS HLDGS INC,15118V207,9148908000.0,257861,0.009520599236880695
GWRE 1.25 11/01/29,GUIDEWIRE SOFTWARE INC,40171VAC4,9102900000.0,9120000,0.009472722077148582
COGT,COGENT BIOSCIENCES INC,19240Q201,9100306000.0,236433,0.009470022691121259
RBRK,RUBRIK INC.,781154109,9097598000.0,185779,0.009467204673633985
HUT,HUT 8 CORP,44812J104,9096130000.0,193906,0.009465677033430394
APO,APOLLO GLOBAL MGMT INC,03769M106,9075605000.0,81454,0.009444318167504868
XEL,XCEL ENERGY INC,98389B100,9070936000.0,114186,0.009439459480781055
PCAR,PACCAR INC,693718108,9065018000.0,78485,0.009433301051131979
TMO,THERMO FISHER SCIENTIFIC INC,883556102,9058621000.0,18428,0.009426644161225737
RGEN,REPLIGEN CORP,759916109,9015586000.0,76520,0.009381860785093947
WAB,WABTEC,929740108,8959773000.0,35852,0.009323780279179138
A4S,AMERIPRISE FINL INC,03076C106,8955104000.0,20151,0.009318921592455325
FLEX,FLEXTRONICS INTL LTD,Y2573F102,8954535000.0,136794,0.009318329475782408
RL,RALPH LAUREN CORP,751212101,8947868000.0,26012,0.009311391616628913
FTI,TECHNIPFMC PLC,G87110105,8918116000.0,129005,0.009280430886835186
ITT,ITT INC,45073V108,8908992000.0,46759,0.009270936207531678
SO 4.5 06/15/27,SOUTHERN CO,842587DZ7,8896342000.0,8000000,0.009257772277984399
LVS,LAS VEGAS SANDS CORP,517834107,8840253000.0,164073,0.009199404559061286
AZO,AUTOZONE INC,053332102,8816006000.0,2610,0.00917417248003102
AYI,ACUITY INC,00508Y102,8808155000.0,31433,0.009166002518696972
IBM,INTERNATIONAL BUSINESS MACHS,459200101,8805302000.0,36327,0.009163033610317655
VSEC,VSE CORP,918284100,8799752000.0,47721,0.009157258131346319
FSLR,FIRST SOLAR INC,336433107,8792667000.0,44574,0.009149885290172998
TER,TERADYNE INC,880770102,8784406000.0,29631,0.009141288671833864
OXY,OCCIDENTAL PETE CORP,674599105,8779160000.0,135064,0.009135829543422399
F,FORD MTR CO,345370860,8755329000.0,758694,0.00911103036515827
HAL,HALLIBURTON CO,406216101,8750448000.0,224428,0.00910595106554402
UAL,UNITED AIRLS HLDGS INC,910047109,8722620000.0,94739,0.009076992501793689
URI,UNITED RENTALS INC,911363109,8709206000.0,11954,0.009063033533339364
N/A,ENLIGHT RENEWABLE ENERGY LTD,M4056D110,8704925000.0,127526,0.009058578609830123
YUM,YUM BRANDS INC,988498101,8661946000.0,55711,0.009013853508801465
QXO,QXO INC,82846H405,8605954000.0,443149,0.008955586730681997
FIVE,FIVE BELOW INC,33829M101,8569142000.0,37505,0.008917279175385994
TXRH,TEXAS ROADHOUSE INC,882681109,8560362000.0,51837,0.008908142471716025
ESI,ELEMENT SOLUTIONS INC,28618M106,8534795000.0,249994,0.008881536765254735
LAZ,LAZARD INC,52110M109,8510188000.0,200334,0.008855930060561464
GBCI,GLACIER BANCORP INC NEW,37637Q105,8509546000.0,190498,0.008855261978129103
KR,KROGER CO,501044101,8502228000.0,117499,0.008847646670901673
NBIX,NEUROCRINE BIOSCIENCES INC,64125C109,8496967000.0,64498,0.008842171933087582
AR,ANTERO RESOURCES CORP,03674X106,8481464000.0,199846,0.008826039095160984
AJG,GALLAGHER ARTHUR J & CO,363576109,8477808000.0,39144,0.008822234563427796
HPE,HEWLETT PACKARD ENTERPRISE C,42824C109,8476455000.0,356004,0.008820826595310999
GVA,GRANITE CONSTR INC,387328107,8470961000.0,70662,0.008815109391442796
NET,CLOUDFLARE INC,18915M107,8458289000.0,40992,0.008801922568105
IQV,IQVIA HLDGS INC,46266C105,8392614000.0,49212,0.008733579400277525
WMB,WILLIAMS COS INC,969457100,8392262000.0,115310,0.008733213099629251
ALGM,ALLEGRO MICROSYSTEMS INC,01749D105,8384521000.0,265922,0.008725157607247791
OHI,OMEGA HEALTHCARE INVS INC,681936100,8378209000.0,191196,0.008718589170623093
NVT,NVENT ELEC PLC,G6700G107,8354944000.0,70637,0.008694378987151356
BBIO,BRIDGEBIO PHARMA INC,10806X102,8338284000.0,112285,0.008677042143968932
PYPL,PAYPAL HLDGS INC,70450Y103,8331909000.0,184212,0.008670408147853208
AG8,AGILENT TECHNOLOGIES INC,00846U101,8331254000.0,73094,0.008669726537271907
CWST,CASELLA WASTE SYS INC,147448104,8330541000.0,104998,0.008668984570333787
CRCL,CIRCLE INTERNET GROUP INC,172573107,8323378000.0,87238,0.008661530560266818
WHR,WHIRLPOOL CORP,963320106,8307454000.0,154070,0.008644959618439871
DLTR,DOLLAR TREE INC,256746108,8301625000.0,75807,0.008638893804579707
VRT,VERTIV HOLDINGS CO,92537N108,8259117000.0,32960,0.00859465883879348
TGT,TARGET CORP,87612E106,8240509000.0,67991,0.00857529485452346
V,VISA INC,92826C839,8237249000.0,27254,0.008571902411019574
ELF,E L F BEAUTY INC,26856L103,8224959000.0,135703,0.0085591131071353
FR,FIRST INDL RLTY TR INC,32054K103,8198618000.0,141722,0.008531701955498551
CMG,CHIPOTLE MEXICAN GRILL INC,169656105,8196161000.0,256050,0.008529145135348538
SYF,SYNCHRONY FINANCIAL,87165B103,8193485000.0,120457,0.008526360417920197
TTMI,TTM TECHNOLOGIES INC,87305R109,8175974000.0,83925,0.0085081380012955
UGI,UGI CORP NEW,902681105,8150323000.0,223787,0.008481444882179511
EBA,EBAY INC.,278642103,8144561000.0,89481,0.008475448790317738
SEI,SOLARIS ENERGY INFRAS INC,83418M103,8100313000.0,143343,0.008429403133826986
ED,CONSOLIDATED EDISON INC,209115104,8067923000.0,71284,0.0083956972304249
RCL,ROYAL CARIBBEAN GROUP,V7780T103,8060573000.0,29292,0.008388048623138536
XYL,XYLEM INC,98419M100,8055017000.0,67406,0.00838226690040615
GH,GUARDANT HEALTH INC,40131M109,8005985000.0,86673,0.00833124288510479
PPG,PPG INDS INC,693506107,7977309000.0,74638,0.008301401869792713
RPM,RPM INTL INC,749685103,7970389000.0,80185,0.00829420073204827
PLUN,PLUG PWR INC,72919P202,7955842000.0,3520284,0.008279062733382322
FITB,FIFTH THIRD BANCORP,316773100,7929839000.0,170681,0.00825200331361806
EXEL,EXELIXIS INC,30161Q104,7926630000.0,184813,0.008248663942083102
D,DOMINION ENERGY INC,25746U109,7918647000.0,128092,0.008240356618005953
SIMO,SILICON MOTION TECHNOLOGY CO,82706C108,7915434000.0,70491,0.008237013083963629
N/A,AMCOR PLC,G0250X149,7903493000.0,198830,0.008224586958847103
NOK,NOKIA CORP,654902204,7873162000.0,979249,0.008193023706112041
ROIV,ROIVANT SCIENCES LTD,G76279101,7852535000.0,283485,0.008171558696248662
AU,ANGLOGOLD ASHANTI PLC,G0378L100,7851319000.0,81266,0.008170293294009177
NXE,NEXGEN ENERGY LTD,65340P106,7838317000.0,675717,0.008156763063813625
PRI,PRIMERICA INC,74164M108,7838271000.0,31293,0.008156715194978908
TERN,TERNS PHARMACEUTICALS INC,880881107,7781472000.0,147600,0.008097608630998203
BWA,BORGWARNER INC,099724106,7744041000.0,142721,0.008058656927687197
CCL,CARNIVAL CORP,143658300,7742261000.0,299160,0.008056804611909002
CSX,CSX CORP,126408103,7729387000.0,188292,0.008043407581949186
FOXA,FOX CORP,35137L105,7726904000.0,132310,0.00804082370550129
MXL,MAXLINEAR INC,57776J100,7724881000.0,444214,0.008038718517400567
DELL,DELL TECHNOLOGIES INC,24703L202,7721824000.0,47047,0.008035537321145545
MRCY,MERCURY SYS INC,589378108,7702431000.0,105643,0.008015356444804802
AFL,AFLAC INC,001055102,7697583000.0,70163,0.008010311485876328
WDAY,WORKDAY INC,98138H101,7693992000.0,59221,0.008006574594887848
HALO 1 08/15/28,HALOZYME THERAPEUTICS INC,40637HAF6,7692000000.0,6000000,0.008004501666219216
ASTS,AST SPACEMOBILE INC,00217D100,7688761000.0,92781,0.008001131075879006
AFW,ALIGN TECHNOLOGY INC,016255101,7684864000.0,44828,0.007997075753076972
DIS,DISNEY WALT CO,254687106,7683799000.0,79724,0.00799596748549058
EXR,EXTRA SPACE STORAGE INC,30225T102,7678489000.0,58555,0.007990441756961248
PEG,PUBLIC SVC ENTERPRISE GROUP,744573106,7646537000.0,94460,0.007957191648115819
VERA,VERA THERAPEUTICS INC,92337R101,7616223000.0,189317,0.007925646086037066
DHR,DANAHER CORP DEL,235851102,7603908000.0,40105,0.00791283076648175
BROS,DUTCH BROS INC,26701L100,7555432000.0,149140,0.007862385339704367
SATS,ECHOSTAR CORP,278768106,7544576000.0,64445,0.007851088294711064
COIN,COINBASE GLOBAL INC,19260Q107,7460212000.0,42725,0.007763296851839389
ARWR,ARROWHEAD PHARMACEUTICALS IN,04280A100,7451080000.0,118837,0.007753793847521148
INCY,INCYTE CORP,45337C102,7448092000.0,79134,0.0077506844545182025
UTHR,UNITED THERAPEUTICS CORP DEL,91307C102,7441899000.0,12550,0.007744239852487664
TMO,THERMO FISHER SCIENTIFIC INC,883556102,7440781000.0,15138,0.007743076431678664
ADM,ARCHER DANIELS MIDLAND CO,039483102,7400496000.0,101809,0.007701154779361498
UAMY,UNITED STATES ANTIMONY CORP,911549103,7391822000.0,846715,0.007692128382136747
WEC,WEC ENERGY GROUP INC,92939U106,7379874000.0,63746,0.007679694972632328
THC,TENET HEALTHCARE CORP,88033G407,7367427000.0,39041,0.00766674229033391
WULF,TERAWULF INC,88080T104,7362807000.0,510243,0.007661934594325339
ACGL,ARCH CAP GROUP LTD,G0450A105,7347459000.0,76544,0.007645963053559201
CGNX,COGNEX CORP,192422103,7341690000.0,149861,0.007639959677309537
ESI,ELEMENT SOLUTIONS INC,28618M106,7292304000.0,213600,0.007588567280106221
CRNX,CRINETICS PHARMACEUTICALS IN,22663K107,7266688000.0,200074,0.0075619105829296904
AM,ANTERO MIDSTREAM CORP,03676B102,7264604000.0,318623,0.0075597419165916255
AFRM,AFFIRM HLDGS INC,00827B106,7241622000.0,158045,0.007535826230516086
NDAQ,NASDAQ INC,631103108,7236108000.0,85241,0.00753008821411105
ITRI 1.375 07/15/30,ITRON INC,465741AQ9,7233850000.0,7180000,0.007527738478702532
LAD,LITHIA MTRS INC,536797103,7217657000.0,28903,0.007510887608255172
ARWR,ARROWHEAD PHARMACEUTICALS IN,04280A100,7204042000.0,114897,0.00749671947380567
GRMN,GARMIN LTD,H2906T109,7168413000.0,30897,0.007459642980063375
TCOM 0.75 06/15/29,TRIP COM GROUP LTD,89677QAB3,7157108000.0,6900000,0.007447878693618158
SYY,SYSCO CORP,871829107,7143486000.0,100147,0.007433703274780764
TEL,TE CONNECTIVITY PLC,G87052109,7133226000.0,34127,0.007423026443385105
AIG,AMERICAN INTL GROUP INC,026874784,7099824000.0,94349,0.007388267425619238
DHI,D R HORTON INC,23331A109,7094274000.0,51700,0.007382491946647902
PIPR,PIPER SANDLER COMPANIES,724078209,7081487000.0,92508,0.007369185451223312
UTHR,UNITED THERAPEUTICS CORP DEL,91307C102,7078995000.0,11938,0.00736659220913384
WAT,WATERS CORP,941848103,7045650000.0,23659,0.007331892507097948
PEN,PENUMBRA INC,70975L107,7021864000.0,21384,0.007307140157041697
DOW,DOW HLDGS INC,260557103,7014235000.0,168409,0.007299201214866503
CDE,COEUR MNG INC,192108504,7003688000.0,373132,0.007288225723567281
VSEC,VSE CORP,918284100,7000377000.0,37963,0.007284780208094472
EW,EDWARDS LIFESCIENCES CORP,28176E108,6958952000.0,86900,0.007241672241177788
FIX,COMFORT SYS USA INC,199908104,6958384000.0,5046,0.007241081165131713
NEU,NEWMARKET CORP,651587107,6941489000.0,10830,0.007223499774641492
RRC,RANGE RES CORP,75281A109,6934633000.0,153489,0.007216365237014919
LLY,ELI LILLY & CO,532457108,6931387000.0,7536,0.007212987362286819
TTWO,TAKE-TWO INTERACTIVE SOFTWAR,874054109,6922770000.0,35052,0.0072040202807920435
WEC 4.375 06/01/27,WEC ENERGY GROUP INC,92939UAP1,6922440000.0,5740000,0.007203676873934288
CRDO,CREDO TECHNOLOGY GROUP HOLDI,G25457105,6915591000.0,73672,0.007196549620695608
OSIS 2.25 08/01/29,OSI SYSTEMS INC,671044AF2,6908625000.0,4500000,0.0071893006141164496
MDGL,MADRIGAL PHARMACEUTICALS INC,558868105,6904569000.0,13190,0.007185079831646587
PLMR,PALOMAR HLDGS INC,69753M105,6901723000.0,57755,0.007182118207655159
AAOI,APPLIED OPTOELECTRONICS INC,03823U102,6896961000.0,81534,0.007177162742635069
ATI,ATI INC,01741R102,6873130000.0,47251,0.007152363564370941
NOG,NORTHERN OIL & GAS INC,665531307,6872528000.0,235119,0.007151737107012248
BKH,BLACK HILLS CORP,092113109,6867078000.0,98935,0.0071460656907250805
VONG,VANGUARD SCOTTSDALE FDS,92206C680,6859464000.0,62535,0.007138142357952512
RMBS,RAMBUS INC DEL,750917106,6857451000.0,79710,0.007136047576120207
ODFL,OLD DOMINION FREIGHT LINE IN,679580100,6853264000.0,35073,0.007131690471534083
GBCI,GLACIER BANCORP INC NEW,37637Q105,6834465000.0,152999,0.007112127727537301
STE,STERIS PLC,G8473T100,6829600000.0,30885,0.007107065077952517
TWLO,TWILIO INC,90138F102,6810700000.0,54130,0.007087397230644724
CCJ,CAMECO CORP,13321L108,6806806000.0,62672,0.007083345029723214
AEE,AMEREN CORP,023608102,6766455000.0,61558,0.007041354696034495
BGC,BGC GROUP INC,088929104,6764259000.0,691642,0.007039069479490162
RRX,REGAL REXNORD CORPORATION,758750103,6761584000.0,36108,0.007036285802688662
MPWR,MONOLITHIC PWR SYS INC,609839105,6757996000.0,6181,0.007032552033580706
ALGM,ALLEGRO MICROSYSTEMS INC,01749D105,6743227000.0,213867,0.007017183015755903
PM,PHILIP MORRIS INTL INC,718172109,6738466000.0,40755,0.007012228591362655
PAYC,PAYCOM SOFTWARE INC,70432V102,6726996000.0,55348,0.0070002926014885595
BDX,BECTON DICKINSON & CO,075887109,6723469000.0,42762,0.006996622310617946
LTH,LIFE TIME GROUP HOLDINGS INC,53190C102,6720075000.0,249446,0.006993090423117277
PRU,PRUDENTIAL FINL INC,744320102,6718044000.0,68769,0.006990976910001821
CFG,CITIZENS FINL GROUP INC,174610105,6704766000.0,111802,0.006977159466797965
MLM,MARTIN MARIETTA MATLS INC,573284106,6702710000.0,11386,0.006975019938011466
8CW,CROWN CASTLE INC,22822V101,6690268000.0,82281,0.006962072458847257
WDAY,WORKDAY INC,98138H101,6683085000.0,51440,0.0069545976362434545
PSA,PUBLIC STORAGE OPER CO,74460D109,6676108000.0,24646,0.006947337182769037
FN,FABRINET,G3323L100,6674413000.0,12798,0.006945573320272387
PCAR,PACCAR INC,693718108,6668046000.0,57732,0.006938947649171396
AXSM,AXSOME THERAPEUTICS INC.,05464T104,6661416000.0,39412,0.006932048293211044
RMD,RESMED INC,761152107,6648873000.0,29619,0.006918995710735823
GGG,GRACO INC,384109104,6646125000.0,78513,0.006916136068174881
DB,DEUTSCHE BK AG,D18190898,6644080000.0,229601,0.006914007986283641
CARR,CARRIER GLOBAL CORPORATION,14448C104,6636415000.0,117855,0.006906031581542147
ZION,ZIONS BANCORPORATION NATL AS,989701107,6622439000.0,114933,0.006891487780802797
RSG,REPUBLIC SVCS INC,760759100,6621632000.0,30233,0.00689064799494156
PTGX,PROTAGONIST THERAPEUTICS INC,74366E102,6618488000.0,62794,0.006887376264151311
WING,WINGSTOP INC,974155103,6586225000.0,42500,0.006853802520358119
SRRK,SCHOLAR ROCK HLDG CORP,80706P103,6575937000.0,133766,0.006843096551410893
GTES,GATES INDL CORP PLC,G39108108,6561919000.0,290222,0.006828509044344192
MCHP,MICROCHIP TECHNOLOGY INC.,595017104,6554232000.0,101443,0.006820509745812182
HSY,HERSHEY CO,427866108,6550198000.0,31508,0.006816311857132836
NRG,NRG ENERGY INC,629377508,6534650000.0,44715,0.006800132190998362
SEI,SOLARIS ENERGY INFRAS INC,83418M103,6532556000.0,115600,0.0067979531183918794
RMD,RESMED INC,761152107,6493533000.0,28927,0.006757344737148917
FBP,FIRST BANCORP CORPORATION,318672706,6492180000.0,303941,0.006755936769032121
NUE,NUCOR CORP,670346105,6456407000.0,38181,0.006718710425024624
NU,NU HLDGS LTD,G6683N103,6455176000.0,449212,0.006717429413382513
NTNX,NUTANIX INC,67059N108,6449841000.0,169688,0.006711877669182139
ALHC,ALIGNMENT HEALTHCARE INC,01625V104,6423741000.0,364571,0.006684717308614235
HQY,HEALTHEQUITY INC,42226A107,6420516000.0,76828,0.0066813612870498095
RGLD,ROYAL GOLD INC,780287108,6356397000.0,24977,0.00661463733458799
FCX,FREEPORT MCMORAN INC,35671D857,6345830000.0,107959,0.006603641030751935
ONON,ON HLDG AG,H5919C104,6325849000.0,185945,0.006582848265828284
SIMO,SILICON MOTION TECHNOLOGY CO,82706C108,6318671000.0,56271,0.006575378646358689
AAON,AAON INC,000360206,6312998000.0,76290,0.006569475170285827
CNM,CORE & MAIN INC,21874C102,6279432000.0,127114,0.006534545489717923
DVN,DEVON ENERGY CORP NEW,25179M103,6271029000.0,124623,0.006525801102367268
TW,TRADEWEB MKTS INC,892672106,6268225000.0,53274,0.006522883184703191
GEHC,GE HEALTHCARE TECHNOLOGIES I,36266G107,6250743000.0,87816,0.006504690946256903
MRCY,MERCURY SYS INC,589378108,6247731000.0,85691,0.0065015565782097565
KVUE,KENVUE INC,49177J102,6234725000.0,361643,0.006488022185506838
TSM,TAIWAN SEMICONDUCTOR MANUFAC,874039100,6222673000.0,18413,0.006475480550810884
PCG,PG&E CORP,69331C108,6221115000.0,354076,0.006473859254191544
TSLA,TESLA INC,88160R101,6220121000.0,16732,0.006472824871110911
ILMN,ILLUMINA INC,452327109,6216865000.0,50437,0.006469436590114395
TJX,TJX COS INC NEW,872540109,6208817000.0,38878,0.006461061625292536
R,RYDER SYS INC,783549108,6175077000.0,30165,0.00642595087565418
SPXC,SPX TECHNOLOGIES INC,78473E103,6163750000.0,30828,0.0064141636954184456
FSV,FIRSTSERVICE CORP NEW,33767E202,6150596000.0,44268,0.006400475289942959
MLM,MARTIN MARIETTA MATLS INC,573284106,6141110000.0,10432,0.006390603903722763
DAVE,DAVE INC,23834J201,6118567000.0,35146,0.006367145052830722
BBIO,BRIDGEBIO PHARMA INC,10806X102,6115534000.0,82353,0.006363988831619899
CELH,CELSIUS HLDGS INC,15118V207,6101034000.0,171957,0.006348899742415508
Q,QNITY ELECTRONICS INC,74743L100,6098987000.0,52860,0.006346769579270585
SNDK,SANDISK CORP,80004C200,6095452000.0,9594,0.006343090963385238
SRRK,SCHOLAR ROCK HLDG CORP,80706P103,6079863000.0,123675,0.006326868631550255
ROAD,CONSTRUCTION PARTNERS INC,21044C107,6066263000.0,54592,0.006312716106503377
MTB,M & T BK CORP,55261F104,6058343000.0,29307,0.006304474341917255
TSA,ACI WORLDWIDE INC,004498101,6057628000.0,147711,0.0063037302937254515
ACM,AECOM,00766T100,6026207000.0,71047,0.006271032757732956
ATO,ATMOS ENERGY CORP,049560105,5992502000.0,32441,0.006235958430034059
HBAN,HUNTINGTON BANCSHARES INC,446150104,5983167000.0,382311,0.006226244178466956
WCC,WESCO INTL INC,95082P105,5975587000.0,21839,0.006218356227007005
BROS,DUTCH BROS INC,26701L100,5968407000.0,117813,0.006210884526283727
ON 0 05/01/27,ON SEMICONDUCTOR CORP,682189AS4,5956120000.0,4610000,0.006198098344279979
HUM,HUMANA INC,444859102,5943636000.0,34279,0.006185107158788418
FFIV,F5 INC,315616102,5938209000.0,20524,0.00617945967691861
DG,DOLLAR GEN CORP,256677105,5937569000.0,50009,0.006178793675739932
COKE,COCA COLA CONS INC,191098102,5935887000.0,30958,0.006177043341392224
PPG,PPG INDS INC,693506107,5930985000.0,55492,0.0061719421886142975
ITRI,ITRON INC,465741106,5923916000.0,66093,0.006164585997470446
VLY,VALLEY NATL BANCORP,919794107,5914672000.0,481651,0.006154966442945936
VICI,VICI PPTYS INC,925652109,5903114000.0,216073,0.006142938877909774
DT,DYNATRACE INC,268150109,5899567000.0,159534,0.0061392477745023264
DRI,DARDEN RESTAURANTS INC,237194105,5886689000.0,30028,0.006125846582035144
HLIO,HELIOS TECHNOLOGIES INC,42328H109,5882527000.0,90906,0.006121515493120063
COO,COOPER COS INC,216648501,5875513000.0,82175,0.006114216536452504
CGNX,COGNEX CORP,192422103,5874783000.0,119918,0.0061134568788580755
JBL,JABIL INC,466313103,5873079000.0,22110,0.00611168365071985
FANG,DIAMONDBACK ENERGY INC,25278X109,5867440000.0,29665,0.006105815555959604
CTRA,COTERRA ENERGY INC,127097103,5860895000.0,166787,0.006099004653280795
SLB,SLB LIMITED,806857108,5860464000.0,114039,0.00609855614311203
CORZ,CORE SCIENTIFIC INC NEW,21874A106,5859174000.0,391656,0.006097213734486259
PAYX,PAYCHEX INC,704326107,5858371000.0,63595,0.006096378111132389
QXO,QXO INC,82846H405,5850974000.0,301286,0.006088680594384465
TJX,TJX COS INC NEW,872540109,5842755000.0,36585,0.00608012768237268
BLD,TOPBUILD COR,89055F103,5838606000.0,16620,0.006075810121606541
HXL,HEXCEL CORP NEW,428291108,5837886000.0,72135,0.006075060870280529
FROG,JFROG LTD,M6191J100,5814111000.0,123889,0.0060503199671195365
KRYS,KRYSTAL BIOTECH INC,501147102,5807034000.0,22480,0.006042955450960952
OTIS,OTIS WORLDWIDE CORP,68902V107,5798883000.0,75232,0.0060344733015744
PIPR,PIPER SANDLER COMPANIES,724078209,5770033000.0,75376,0.00600445121719187
NXPI,NXP SEMICONDUCTORS N V,N6596X109,5762092000.0,29270,0.0059961875994420715
UNP,UNION PAC CORP,907818108,5739913000.0,23657,0.0059731075367204026
AVA,AVISTA CORP,05379B107,5722077000.0,142553,0.00595454691637216
IRM,IRON MTN INC DEL,46284V101,5701659000.0,55822,0.005933299397518693
HPE,HEWLETT PACKARD ENTERPRISE C,42824C109,5682018000.0,238640,0.005912860445721213
CPRT,COPART INC,217204106,5681416000.0,171127,0.005912233988362521
ROP,ROPER TECHNOLOGIES INC,776696106,5666714000.0,16014,0.0058969346925361096
SITM,SITIME CORP,82982T106,5665812000.0,16406,0.005895996047124913
DXCM,DEXCOM INC,252131107,5664560000.0,90200,0.005894693182319126
KTOS,KRATOS DEFENSE & SEC SOLUTIO,50077B207,5658780000.0,80255,0.005888678359174204
XYL,XYLEM INC,98419M100,5656891000.0,47338,0.005886712615070266
DOV,DOVER CORP,260003108,5635654000.0,27036,0.005864612822833461
NNN,NNN REIT INC,637417106,5626346000.0,133865,0.005854926668191084
LOAR,LOAR HOLDINGS INC,53947R105,5623873000.0,98165,0.005852353198011604
PODD,INSULET CORP,45784P101,5621823000.0,26791,0.005850219912986156
PPL,PPL CORP,69351T106,5593702000.0,146432,0.005820956445571211
CNP,CENTERPOINT ENERGY INC,15189T107,5590472000.0,129529,0.005817595220872578
TDY,TELEDYNE TECHNOLOGIES INC,879360105,5567907000.0,9203,0.00579411347619002
MZTI,MARZETTI COMPANY,513847103,5563079000.0,40216,0.005789089329798379
OSK,OSHKOSH CORP,688239201,5556147000.0,37743,0.005781875704531838
PLMR,PALOMAR HLDGS INC,69753M105,5547788000.0,46425,0.005773177104762216
HUBB,HUBBELL INC,443510607,5541436000.0,11292,0.005766567043063851
NOG,NORTHERN OIL & GAS INC,665531307,5523564000.0,188969,0.005747968960149308
CIFR,CIPHER DIGITAL INC,17253J106,5492620000.0,426777,0.005715767803160295
KDP,KEURIG DR PEPPER INC,49271V100,5488278000.0,208442,0.005711249401413711
LTH,LIFE TIME GROUP HOLDINGS INC,53190C102,5463594000.0,202806,0.005685562568453629
ARWR 0 01/15/32,ARROWHEAD PHARMACEUTICALS IN,04280AAC4,5460331000.0,5265000,0.0056821670030692195
SKT,TANGER INC,875465106,5456984000.0,160594,0.00567868402503011
DOCU,DOCUSIGN INC,256163106,5456891000.0,115100,0.005678587246733833
NUVL,NUVALENT INC,670703107,5443476000.0,53133,0.005664627237652667
ALSN,ALLISON TRANSMISSION HLDGS I,01973R101,5437554000.0,46451,0.005658464645496224
IWM,ISHARES TR,464287655,5426736000.0,21882,0.005647207144322907
VRSK,VERISK ANALYTICS INC,92345Y106,5409583000.0,28509,0.0056293572721075325
WWD,WOODWARD INC,980745103,5403160000.0,15096,0.005622673325903408
WFRD,WEATHERFORD INTL PLC,G48833118,5393425000.0,57025,0.005612542823599633
FE,FIRSTENERGY CORP,337932107,5390629000.0,106408,0.005609633230950289
URI,UNITED RENTALS INC,911363109,5376772000.0,7380,0.0055952132648051
CINF,CINCINNATI FINL CORP,172062101,5375548000.0,34163,0.005593939537550881
RIOT,RIOT PLATFORMS INC,767292105,5366860000.0,434212,0.005584898571550346
RJF,RAYMOND JAMES FINL INC,754730109,5365773000.0,37059,0.005583767410173438
KMB,KIMBERLY-CLARK CORP,494368103,5334984000.0,55302,0.0055517275503448845
FN,FABRINET,G3323L100,5330456000.0,10221,0.005547015592005748
RNR,RENAISSANCERE HLDGS LTD,G7496G103,5323389000.0,17910,0.0055396614821155805
TWLO,TWILIO INC,90138F102,5323318000.0,42309,0.005539587597609821
RACE,FERRARI N V,N3167Y103,5308460000.0,15942,0.005524125963996107
BIIB,BIOGEN INC,09062X103,5301537000.0,28918,0.005516921704371142
SKY,CHAMPION HOMES INC,830830105,5297896000.0,71237,0.005513132782040577
KRMN,KARMAN HLDGS INC,485924104,5273134000.0,65873,0.005487364780186843
LOPE,GRAND CANYON ED INC,38526M106,5265489000.0,30968,0.005479409187982183
EXLS,EXLSERVICE HLDGS INC,302081104,5260268000.0,172751,0.00547397607524176
TLN,TALEN ENERGY CORP,87422Q109,5255803000.0,16464,0.00546932967639365
SITE,SITEONE LANDSCAPE SUPPLY INC,82982L103,5252521000.0,39460,0.005465914339099248
CMC,COMMERCIAL METALS CO,201723103,5247289000.0,85419,0.005460469779463567
WTW,WILLIS TOWERS WATSON PLC LTD,G96629103,5243065000.0,18036,0.005456074171684302
EVR,EVERCORE INC,29977A105,5231985000.0,17527,0.005444544026278464
ABG,CENCORA INC,03073E105,5224776000.0,16632,0.005437042147376777
AWC,AMERICAN WTR WKS CO INC NEW,030420103,5219324000.0,38352,0.005431368649835926
IWL,ISHARES TR,464289446,5209135000.0,32460,0.005420765702946026
DCI,DONALDSON INC,257651109,5207538000.0,61359,0.00541910382187986
SW,SMURFIT WESTROCK PLC,G8267P108,5198831000.0,130460,0.005410043083969334
VIAV,VIAVI SOLUTIONS INC,925550105,5183959000.0,155768,0.005394566881579836
ULTA,ULTA BEAUTY INC,90384S303,5180579000.0,9911,0.00539104956285495
LYV,LIVE NATION ENTERTAINMENT IN,538034109,5160481000.0,33837,0.005370135044590822
PAYP,PAYPAY CORP,70450C101,5156598000.0,241640,0.005366094290564571
LIVN,LIVANOVA PLC,G5509L101,5154652000.0,81099,0.005364069230730657
PTCT,PTC THERAPEUTICS INC,69366J200,5140000000.0,75444,0.00534882196624633
AMT,AMERICAN TOWER CORP,03027X100,5131823000.0,29735,0.0053403127605618946
CRUS,CIRRUS LOGIC INC,172755100,5123019000.0,35424,0.005331151081847725
ELF,E L F BEAUTY INC,26856L103,5106271000.0,84248,0.005313722663503231
HRI,HERC HLDGS INC,42704L104,5103331000.0,51264,0.005310663220588686
UCB,UNITED CMNTY BKS BLAIRSVLE G,90984P303,5092185000.0,161708,0.005299064393811297
LAMR,LAMAR ADVERTISING CO,512816109,5085146000.0,40148,0.005291739421472696
LNG,CHENIERE ENERGY INC,16411R208,5080723000.0,17905,0.005287136728951936
STN,STANTEC INC,85472N109,5066337000.0,58792,0.005272166271207497
HLT,HILTON WORLDWIDE HLDGS INC,43300A203,5027355000.0,16533,0.005231600555665042
STLD,STEEL DYNAMICS INC,858119100,5014260000.0,27857,0.005217973547173215
STRL,STERLING INFRASTRUCTURE INC,859241101,5008199000.0,12297,0.005211666307885779
CORZ,CORE SCIENTIFIC INC NEW,21874A106,4985091000.0,333228,0.005187619502828187
AXSM,AXSOME THERAPEUTICS INC.,05464T104,4981357000.0,29472,0.005183733802201346
CNA,CNA FINL CORP,126117100,4980070000.0,108451,0.005182394515456101
LUMN,LUMEN TECHNOLOGIES INC,550241103,4979439000.0,716466,0.005181737879918999
PHM,PULTE GROUP INC,745867101,4977843000.0,42325,0.005180077039479675
FAF,FIRST AMERN FINL CORP,31847R102,4974829000.0,82515,0.005176940590178845
SPXC,SPX TECHNOLOGIES INC,78473E103,4969709000.0,24856,0.005171612580749432
WYNN,WYNN RESORTS LTD,983134107,4958687000.0,48830,0.005160142791700411
COIN 0.25 04/01/30,COINBASE GLOBAL INC,19260QAF4,4953581000.0,5325000,0.0051548293510467824
DAVE,DAVE INC,23834J201,4916128000.0,28239,0.00511585475394526
MDGL,MADRIGAL PHARMACEUTICALS INC,558868105,4914860000.0,9389,0.005114535239110007
HLIO,HELIOS TECHNOLOGIES INC,42328H109,4914013000.0,75939,0.005113653828175102
FSV,FIRSTSERVICE CORP NEW,33767E202,4907361000.0,35320,0.005106731578424233
ALB,ALBEMARLE CORP,012653101,4890038000.0,27238,0.005088704799645773
PLTR,PALANTIR TECHNOLOGIES INC,69608A108,4883119000.0,33382,0.005081504702528173
AA,ALCOA CORP,013872106,4882352000.0,73607,0.005080706541740604
FI,FISERV INC,337738108,4877199000.0,87405,0.005075344191625415
IBKR,INTERACTIVE BROKERS GROUP IN,45841N107,4877129000.0,72717,0.0050752713477464975
ROAD,CONSTRUCTION PARTNERS INC,21044C107,4876390000.0,43884,0.005074502324510494
N/A,AMCOR PLC,G0250X149,4850400000.0,122022,0.005047456432895174
HEI,HEICO CORP NEW,422806109,4848953000.0,17684,0.00504595064585526
NVS,NOVARTIS AG,66987V109,4848285000.0,31740,0.005045255507125017
SPGI,S&P GLOBAL INC,78409V104,4834839000.0,11367,0.005031263238611759
NOV,NOV INC,62955J103,4828772000.0,256713,0.0050249497555632724
CSL,CARLISLE COS INC,142339100,4811801000.0,14423,0.005007289277433085
GAP,GAP INC,364760108,4804523000.0,198534,0.004999715595279322
DRI,DARDEN RESTAURANTS INC,237194105,4797099000.0,24470,0.004991989981606674
LITE,LUMENTUM HLDGS INC,55024U109,4793526000.0,6821,0.004988271821901343
CMS,CMS ENERGY CORP,125896100,4782419000.0,61645,0.004976713579570779
N/A,QIAGEN NV,N72482156,4781439000.0,119421,0.004975693765265931
XYZ,BLOCK INC,852234103,4780759000.0,79441,0.004974986139013587
SLDE,SLIDE INS HLDGS INC,831349105,4774788000.0,265266,0.004968772556141903
BLD,TOPBUILD COR,89055F103,4753792000.0,13532,0.004946923554973944
CHRD,CHORD ENERGY CORPORATION,674215207,4739855000.0,33337,0.00493242033868142
SGHC,SUPER GROUP SGHC LIMITED,G8588X103,4730983000.0,438054,0.004923187897342016
SLM,SLM CORP,78442P106,4729233000.0,220889,0.004921366800369072
MTG,MGIC INVT CORP WIS,552848103,4712505000.0,179524,0.004903959194561412
FULT,FULTON FINL CORP PA,360271100,4704784000.0,231307,0.004895924514716785
BIIB,BIOGEN INC,09062X103,4701131000.0,25643,0.00489212310486412
APLD,APPLIED DIGITAL CORP,038169207,4686703000.0,197418,0.004877108940792329
CYTK,CYTOKINETICS INC,23282W605,4678885000.0,70989,0.004868973320144058
CART,MAPLEBEAR INC,565394103,4673510000.0,124760,0.0048633799508700165
NUE,NUCOR CORP,670346105,4673159000.0,27635,0.0048630146908485855
DTE,DTE ENERGY CO,233331107,4668189000.0,31925,0.004857842775445425
OMC,OMNICOM GROUP INC,681919106,4665455000.0,61950,0.004854997701660266
LOAR,LOAR HOLDINGS INC,53947R105,4655615000.0,81264,0.004844757933538114
ON,ON SEMICONDUCTOR CORP,682189105,4652050000.0,75130,0.004841048098847517
ENS,ENERSYS,29275Y102,4651006000.0,26773,0.004839961684424801
CNHI,CNH INDL N V,N20944109,4646147000.0,422377,0.004834905278601068
CF,CF INDUSTRIES HOLD,125269100,4638015000.0,35721,0.004826442901124508
DXC,DXC TECHNOLOGY CO,23355L106,4626175000.0,368033,0.004814121879318991
NCLH 1.125 02/15/27,NCL CORP LTD,62886HBD2,4623728000.0,4735000,0.004811575465437395
ARES,ARES MANAGEMENT CORPORATION,03990B101,4621149000.0,42357,0.004808891688812696
ABNB,AIRBNB INC,009066101,4616418000.0,36557,0.004803968483224698
UEC,URANIUM ENERGY CORP,916896103,4608495000.0,341370,0.004795723596758051
FIS,FIDELITY NATL INFORMATION SV,31620M106,4602434000.0,98112,0.004789416357470615
WT,WISDOMTREE INC,97717P104,4596621000.0,315702,0.004783367193639916
NDSN,NORDSON CORP,655663102,4590333000.0,17253,0.004776823732059419
FIGR,FIGURE TECHNOLOGY SOLUTIO,349381103,4571164000.0,134644,0.004756875956131214
SITM,SITIME CORP,82982T106,4570707000.0,13235,0.0047564003896645645
PBF,PBF ENERGY INC,69318G106,4547043000.0,95486,0.004731774996082998
TECH,BIO-TECHNE CORP,09073M104,4544843000.0,86966,0.004729485617031298
EAT,BRINKER INTL INC,109641100,4531234000.0,31738,0.004715323726342845
DECK,DECKERS OUTDOOR CORP,243537107,4531174000.0,45271,0.004715261288732344
LH,LABCORP HOLDINGS INC,504922105,4528299000.0,16972,0.004712269486562507
DINO,HF SINCLAIR CORP,403949100,4499754000.0,72123,0.00468256479336669
N/A,NEBIUS GROUP N.V.,N97284108,4498411000.0,43354,0.0046811672315183106
DNOW,DNOW INC,67011P100,4475492000.0,375776,0.004657317104933797
LAZ,LAZARD INC,52110M109,4474267000.0,105326,0.004656042337052737
CRWD,CROWDSTRIKE HLDGS INC,22788C105,4472537000.0,11456,0.004654242052616627
AVB,AVALONBAY CMNTYS INC,053484101,4470399000.0,27367,0.0046520171924291105
DLB,DOLBY LABORATORIES INC,25659T107,4453569000.0,74152,0.0046345034426836
AHR,AMERICAN HEALTHCARE REIT INC,398182303,4445066000.0,94255,0.004625654992648776
QSR,RESTAURANT BRANDS INTL INC,76131D103,4444124000.0,60137,0.004624674722163912
VRDN,VIRIDIAN THERAPEUTICS INC,92790C104,4431455000.0,226557,0.00461149102070664
ZWS,ZURN ELKAY WATER SOLNS CORP,98983L108,4428174000.0,98755,0.0046080767240390804
PLAB,PHOTRONICS INC,719405102,4422228000.0,109434,0.004601889156838439
MWA,MUELLER WTR PRODS INC,624758108,4410633000.0,160445,0.004589823088609134
SE,SEA LTD,81141R100,4392905000.0,53048,0.004571374855959793
CVS,CVS HEALTH CORP,126650100,4392059000.0,61153,0.004570494485651729
ADUS,ADDUS HOMECARE CORP,006739106,4380947000.0,46780,0.0045589310401869575
LEA,LEAR CORP,521865204,4375952000.0,36141,0.004553733109112754
TXT,TEXTRON INC,883203101,4369156000.0,49899,0.004546661009096683
TEVA,TEVA PHARMACEUTICAL INDS LTD,881624209,4368755000.0,145045,0.004546243717733168
HRB,BLOCK H & R INC,093671105,4361552000.0,137415,0.004538748082592531
KMT,KENNAMETAL INC,489170100,4357025000.0,120593,0.0045340371648802365
TSEM,TOWER SEMICONDUCTOR LTD,M87915274,4354361000.0,24814,0.004531264934973995
UMAC,UNUSUAL MACHS INC,91532F102,4350962000.0,350884,0.004527727844339117
LYFT,LYFT INC,55087P104,4348595000.0,326962,0.004525264680604856
FELE,FRANKLIN ELEC INC,353514102,4334386000.0,47026,0.004510478413811394
VTRS,VIATRIS INC,92556V106,4330806000.0,320563,0.004506752969718172
NOW,SERVICENOW INC,81762P102,4320842000.0,41328,0.00449638416386765
KRYS,KRYSTAL BIOTECH INC,501147102,4319627000.0,16722,0.004495119802255007
CHD,CHURCH & DWIGHT CO INC,171340102,4317450000.0,46265,0.004492854357620664
KRUS,KURA SUSHI USA INC,501270102,4317140000.0,61859,0.004492531763299743
SUX,TD SYNNEX CORPORATION,87162W100,4314083000.0,25571,0.0044893505670447215
DAR,DARLING INGREDIENTS INC,237266101,4311996000.0,69717,0.00448717877882613
AFW,ALIGN TECHNOLOGY INC,016255101,4307896000.0,25128,0.004482912208775233
CPAY,CORPAY INC,219948106,4300541000.0,14779,0.004475258398354661
RBLX,ROBLOX CORP,771049103,4299239000.0,76012,0.0044739035022067905
RF,REGIONS FINANCIAL CORP NEW,7591EP100,4288617000.0,164189,0.004462849963894443
CASY,CASEYS GEN STORES INC,147528103,4282000000.0,5883,0.004455964136083032
ACWI,ISHARES TR,464288257,4261104000.0,30795,0.004434219197599241
SKY,CHAMPION HOMES INC,830830105,4254708000.0,57210,0.004427563348319842
SITE,SITEONE LANDSCAPE SUPPLY INC,82982L103,4248206000.0,31915,0.004420797192595225
EWBC,EAST WEST BANCORP INC,27579R104,4242749000.0,39741,0.004415118491920165
SYNA,SYNAPTICS INC,87157D109,4238821000.0,60520,0.004411030909686038
PNR,PENTAIR PLC,G7S00T104,4227710000.0,48533,0.004399468504848107
ILMN,ILLUMINA INC,452327109,4227202000.0,34295,0.004398939866412533
EFX,EQUIFAX INC,294429105,4217239000.0,23420,0.004388572101188853
HUBB,HUBBELL INC,443510607,4213003000.0,8585,0.004384164005887488
GHC,GRAHAM HLDGS CO,384637104,4201551000.0,3974,0.004372246747296543
BMRN,BIOMARIN PHARMACEUTICAL INC,09061G101,4200596000.0,74360,0.004371252948662737
IR,INGERSOLL RAND INC,45687V106,4188782000.0,53785,0.004358958983155104
PRAX,PRAXIS PRECISION MEDICINES I,74006W207,4180737000.0,12976,0.004350587140213771
LPLA,LPL FINL HLDGS INC,50212V100,4179130000.0,13892,0.004348914852879188
COHU,COHU INC,192576106,4171118000.0,136222,0.00434057735062363
ROKU,ROKU INC,77543R102,4170850000.0,44080,0.0043402984626300595
EXPD,EXPEDITORS INTL WASH INC,302130109,4162837000.0,29064,0.00433195991974766
CRS,CARPENTER TECHNOLOGY CORP,144285103,4162224000.0,10560,0.004331322015493709
QBTS,D-WAVE QUANTUM INC,26740W109,4159202000.0,288233,0.004328177241178146
LNTH,LANTHEUS HLDGS INC,516544103,4149981000.0,54713,0.004318581621070994
N/A,FERROVIAL SE,N3168P101,4149229000.0,64979,0.004317799069686049
RDNT,RADNET INC,750491102,4144132000.0,74148,0.004312494994673995
NWN,NORTHWEST NAT HLDG CO,66765N105,4121570000.0,77444,0.004289016371871963
AIT,APPLIED INDL TECHNOLOGIES IN,03820C105,4120420000.0,15530,0.004287819651004028
EQR,EQUITY RESIDENTIAL,29476L107,4120330000.0,69659,0.004287725994588276
BK,BANK NEW YORK MELLON CORP,064058100,4119202000.0,34722,0.004286552167510858
PEN,PENUMBRA INC,70975L107,4112178000.0,12523,0.004279242804574883
APG,API GROUP CORP,00187Y100,4104433000.0,101294,0.004271183149686055
SONO,SONOS INC,83570H108,4088863000.0,305139,0.004254980589761064
LYB,LYONDELLBASELL INDUSTRIES NV,N53745100,4085762000.0,50717,0.004251753605925007
HRI,HERC HLDGS INC,42704L104,4082147000.0,41006,0.004247991739892327
TROW,PRICE T ROWE GROUP INC,74144T108,4074689000.0,45204,0.004240230744907061
RYTM,RHYTHM PHARMACEUTICALS INC,76243J105,4072196000.0,46823,0.004237636462190747
PAYO,PAYONEER GLOBAL INC,70451X104,4071405000.0,842941,0.004236813326358976
MKSI,MKS INC.,55306N104,4066718000.0,17696,0.004231935908352012
CHRW,C H ROBINSON WORLDWIDE IN,12541W209,4065228000.0,24479,0.0042303853743579055
ARRY,ARRAY TECHNOLOGIES INC,04271T100,4060064000.0,561558,0.004225011577347459
IONS,IONIS PHARMACEUTICALS INC,462222100,4052983000.0,53975,0.004217642898681507
PCOR,PROCORE TECHNOLOGIES INC,74275K108,4051332000.0,71076,0.004215924823765891
MTD,METTLER TOLEDO INTERNATIONAL,592688105,4049713000.0,3211,0.004214240048909207
ARGX,ARGENX SE,04016X101,4049236000.0,5545,0.0042137436699057245
TSN,TYSON FOODS INC,902494103,4047943000.0,63180,0.0042123981393994295
GTES,GATES INDL CORP PLC,G39108108,4045805000.0,178938,0.0042101732792119125
BDX,BECTON DICKINSON & CO,075887109,4045371000.0,25729,0.004209721647162623
AGYS,AGILYSYS INC,00847J105,4038333000.0,56766,0.0042023977154508636
EPAC,ENERPAC TOOL GROUP CORP,292765104,4036427000.0,110678,0.004200414280690617
EXTR,EXTREME NETWORKS INC,30226D106,4023118000.0,266785,0.00418656457805467
HUBS,HUBSPOT INC,443573100,4018130000.0,16461,0.004181373931368359
BSV,VANGUARD BD INDEX FDS,921937827,4007143000.0,51105,0.004169940564258797
GLXY,GALAXY DIGITAL INC.,36317J209,4004259000.0,217033,0.004166939396447385
STZ,CONSTELLATION BRANDS INC,21036P108,4003650000.0,26691,0.004166305654700801
AXON,AXON ENTERPRISE INC,05464C101,3995059000.0,9407,0.00415736562950391
SNA,SNAP ON INC,833034101,3987066000.0,10977,0.0041490478991583445
GSAT,GLOBALSTAR INC,378973507,3974506000.0,59839,0.004135977626026816
DRH,DIAMONDROCK HOSPITALITY CO,252784301,3968176000.0,423498,0.004129390458118968
HST,HOST HOTELS & RESORTS INC,44107P104,3966886000.0,207040,0.004128048049493198
L,LOEWS CORP,540424108,3946712000.0,36975,0.004107054443589102
ENTG,ENTEGRIS INC,29362U104,3936802000.0,33579,0.004096741831588032
GIS,GENERAL MILLS INC,370334104,3936201000.0,105755,0.004096116414856181
FSLR,FIRST SOLAR INC,336433107,3924488000.0,19895,0.004083927552659558
VIK,VIKING HOLDINGS LTD,G93A5A101,3920893000.0,53360,0.004080186499163711
PDD,PDD HOLDINGS INC,722304102,3910326000.0,38269,0.0040691901953276545
LRCX,LAM RESEARCH CORP,512807306,3893954000.0,18225,0.004052153052675634
MEDP,MEDPACE HLDGS INC,58506Q109,3893381000.0,8108,0.004051556773495351
GNW,GENWORTH FINL INC,37247D106,3875229000.0,477245,0.004032667315065136
EQH,EQUITABLE HLDGS INC,29452E101,3872800000.0,104360,0.0040301396324666896
PB,PROSPERITY BANCSHARES INC,743606105,3872793000.0,57648,0.004030132348078798
BTDR,BITDEER TECHNOLOGIES GROUP,G11448100,3866896000.0,447040,0.004023995771593398
FNB,F N B CORP,302520101,3859009000.0,230802,0.004015788347693051
GDDY,GODADDY INC,380237107,3845560000.0,46517,0.004001792957299267
CXW,CORECIVIC INC,21871N101,3845008000.0,203332,0.004001218531282659
WRB,BERKLEY W R CORP,084423102,3825947000.0,57724,0.003981383143053355
MIR,MIRION TECHNOLOGIES INC,60471A101,3823554000.0,205678,0.003978892923021209
KHC,KRAFT HEINZ CO,500754106,3814416000.0,169605,0.003969383674941918
CTRE,CARETRUST REIT INC,14174T107,3799579000.0,103672,0.0039539438944918796
KSS,KOHLS CORP,500255104,3797567000.0,294385,0.0039518501532864155
VMC,VULCAN MATLS CO,929160109,3795045000.0,13937,0.003949225692391693
PKG,PACKAGING CORP AMER,695156109,3777092000.0,17798,0.003930543318702974
NVR,NVR INC,62944T105,3769383000.0,572,0.003922521126380446
ONDS,ONDAS INC,68236H204,3767420000.0,416750,0.003920478375890223
KBIA,KB FINL GROUP INC,48241A105,3765805000.0,37760,0.003918797763540907
TVTX,TRAVERE THERAPEUTICS INC,89422G107,3761078000.0,126593,0.003913878720460275
CNC,CENTENE CORP DEL,15135B101,3758192000.0,114789,0.00391087547139518
BG,BUNGE GLOBAL SA,H11356104,3755453000.0,29524,0.003908025194475813
CME,CME GROUP INC,12572Q105,3754194000.0,12711,0.003906715045282135
LNT,ALLIANT ENERGY CORP,018802108,3721115000.0,51855,0.0038722921499861306
BMY,BRISTOL-MYERS SQUIBB CO,110122108,3717649000.0,61296,0.0038686853373528602
PFG,PRINCIPAL FINANCIAL GROUP IN,74251V102,3714514000.0,41222,0.0038654229722041864
ESE,ESCO TECHNOLOGIES INC,296315104,3703673000.0,13163,0.0038541415366135107
PRAX,PRAXIS PRECISION MEDICINES I,74006W207,3694553000.0,11467,0.0038446510198173692
LECO,LINCOLN ELEC HLDGS INC,533900106,3690120000.0,14815,0.0038400379210281922
KMX,CARMAX INC,143130102,3688479000.0,88708,0.003838330252380991
LEN,LENNAR CORP,526057104,3684187000.0,42425,0.0038338638819764913
TKR,TIMKEN CO,887389104,3684080000.0,36632,0.0038337525349044317
COGT,COGENT BIOSCIENCES INC,19240Q201,3681299000.0,95643,0.003830858551657714
PGNY,PROGYNY INC,74340E103,3675457000.0,216458,0.0038247792096486066
KYMR,KYMERA THERAPEUTICS INC,501575104,3673505000.0,44105,0.003822747906053643
CUZ,COUSINS PPTYS INC,222795502,3670785000.0,162640,0.003819917401044267
ATRC,ATRICURE INC,04963C209,3664536000.0,128445,0.0038134145239105957
TEX,TEREX CORP NEW,880779103,3661009000.0,61946,0.0038097442330399826
TSA,ACI WORLDWIDE INC,004498101,3641155000.0,88787,0.0037890836277252246
GNTX,GENTEX CORP,371901109,3619999000.0,165675,0.003767068126262597
BRO,BROWN & BROWN INC,115236101,3619938000.0,55512,0.0037670046480252537
SBAC,SBA COMMUNICATIONS CORP,78410G104,3614826000.0,21003,0.0037616849636105745
CELC,CELCUITY INC,15102K100,3605568000.0,31589,0.0037520508403102813
GTLS,CHART INDS INC,16115Q308,3588973000.0,17359,0.0037347816378725664
WTRG,ESSENTIAL UTILS INC,29670G102,3576057000.0,88802,0.0037213409015853993
ADUS,ADDUS HOMECARE CORP,006739106,3569189000.0,38112,0.0037141938764367263
IP,INTERNATIONAL PAPER CO,460146103,3559326000.0,99701,0.003703930173897215
TEAM,ATLASSIAN CORPORATION,049468101,3553709000.0,52069,0.003698084972927486
MMC,MARSH & MCLENNAN COS INC,571748102,3546879000.0,20449,0.0036909774915987966
RDNT,RADNET INC,750491102,3525541000.0,63080,0.0036687725960509827
UHS,UNIVERSAL HLTH SVCS INC,913903100,3521593000.0,19677,0.0036646642012800215
ALLE,ALLEGION PLC,G0176J109,3521248000.0,24236,0.003664305185019641
IFF,INTERNATIONAL FLAVORS&FRAGRA,459506101,3518675000.0,48500,0.003661627652155993
ZBH,ZIMMER BIOMET HOLDINGS INC,98956P102,3517248000.0,38899,0.0036601426776529124
ROL,ROLLINS INC,775711104,3511601000.0,65748,0.0036542662578779336
XPO,XPO INC,983793100,3507737000.0,18030,0.0036502452757616734
SPOT,SPOTIFY TECHNOLOGY S A,L8681T102,3506384000.0,7231,0.0036488373076448777
AU,ANGLOGOLD ASHANTI PLC,G0378L100,3503986000.0,35990,0.003646341884478524
FERG,FERGUSON ENTERPRISES INC,31488V107,3497500000.0,14994,0.0036395923787833732
ARW,ARROW ELECTRS INC,042735100,3487875000.0,24321,0.0036295763454321827
CLSK,CLEANSPARK INC,18452B209,3482130000.0,409181,0.0036235979442267186
EPR,EPR PPTYS,26884U109,3478965000.0,69635,0.003620304360272794
GEO,GEO GROUP INC,36162J106,3478830000.0,206950,0.003620163875649167
N/A,APTIV PLC,G3265R107,3474916000.0,50042,0.0036160908621908237
JPST,J P MORGAN EXCHANGE TRADED F,46641Q837,3467392000.0,68512,0.003608261185834007
BCRX,BIOCRYST PHARMACEUTICALS INC,09058V103,3466984000.0,364179,0.0036078366100826
IGSB,ISHARES TR,464288646,3466279000.0,65949,0.0036071029681592147
FHN,FIRST HORIZON CORPORATION,320517105,3462365000.0,152125,0.0036030299547008702
VCSH,VANGUARD SCOTTSDALE FDS,92206C409,3460690000.0,43657,0.0036012869047410525
IDXX,IDEXX LABS INC,45168D104,3455624000.0,6150,0.0035960150891610906
LUV,SOUTHWEST AIRLS CO,844741108,3454036000.0,91936,0.0035943625737364995
CHTR,CHARTER COMMUNICATIONS INC,16119P108,3449762000.0,15980,0.0035899149346151505
KRUS,KURA SUSHI USA INC,501270102,3449301000.0,49424,0.0035894352056411345
ARHS,ARHAUS INC,04035M102,3446972000.0,508403,0.003587011585726857
INTC,INTEL CORP,458140100,3445365000.0,78072,0.003585339298392274
VRNS,VARONIS SYS INC,922280102,3440160000.0,160231,0.0035799228356813177
RVMD,REVOLUTION MEDICINES INC,76155X100,3439246000.0,35365,0.00357897170274802
7HP,HP INC,40434L105,3435958000.0,178863,0.0035755501216925695
ADC,AGREE RLTY CORP,008492100,3434916000.0,45568,0.0035744657885235366
RGA,REINSURANCE GROUP AMER INC,759351604,3429071000.0,16796,0.0035683833246339045
OMF,ONEMAIN HLDGS INC,68268W103,3427425000.0,64076,0.0035666704528524956
DOCS,DOXIMITY INC,26622P107,3422747000.0,146899,0.0035618024004871063
KN,KNOWLES CORP,49926D109,3412307000.0,132878,0.0035509382562599447
MSA,MSA SAFETY INC,553498106,3410816000.0,20804,0.003549386681638996
WST,WEST PHARMACEUTICAL SVSC INC,955306105,3407701000.0,13596,0.0035461451290271563
MIRM,MIRUM PHARMACEUTICALS INC,604749101,3403833000.0,36846,0.00354211998440353
JBHT,HUNT J B TRANS SVCS INC,445658107,3399300000.0,16042,0.0035374028229301848
MC,MOELIS & CO,60786M105,3393552000.0,59536,0.0035314212998441958
HOLX,HOLOGIC INC,436440101,3393160000.0,44889,0.003531013374122256
VERA,VERA THERAPEUTICS INC,92337R101,3390946000.0,84289,0.0035287094262947717
SYNA,SYNAPTICS INC,87157D109,3390216000.0,48404,0.0035279497687003437
CRC,CALIFORNIA RES CORP,13057Q305,3390119000.0,48976,0.0035278488278967005
MRNA,MODERNA INC,60770K107,3384144000.0,66617,0.00352163108251765
PTCT,PTC THERAPEUTICS INC,69366J200,3381496000.0,49633,0.0035188755026408754
LNTH,LANTHEUS HLDGS INC,516544103,3359093000.0,44286,0.00349556233950667
PVH,PVH CORPORATION,693656100,3351131000.0,48038,0.0034872768685931966
AEIS,ADVANCED ENERGY INDS,007973100,3346825000.0,10371,0.003482795929412913
LFUS,LITTELFUSE INC,537008104,3341919000.0,9848,0.0034776906141276206
EL,LAUDER ESTEE COS INC,518439104,3341324000.0,46556,0.0034770714411568194
WY,WEYERHAEUSER CO,962166104,3341218000.0,136767,0.003476961134711601
RYTM,RHYTHM PHARMACEUTICALS INC,76243J105,3337561000.0,38376,0.0034731555623515693
ALAB,ASTERA LABS INC,04626A103,3329429000.0,30378,0.00346469318487501
NPO,ENPRO INC,29355X107,3305322000.0,13187,0.003439606793602578
AKAM,AKAMAI TECHNOLOGIES INC,00971T101,3304924000.0,28776,0.0034391926241195887
JBTM,JBT MAREL CORPORATION,477839104,3301220000.0,25817,0.003435338142297998
WBS,WEBSTER FINL CORP,947890109,3299741000.0,47533,0.00343379905519915
HXL,HEXCEL CORP NEW,428291108,3299031000.0,40764,0.003433060210141556
SUNB,SUNBELT RENTALS HOLDINGS INC,866966104,3298718000.0,52663,0.003432734493940109
U,UNITY SOFTWARE INC,91332U101,3298152000.0,150326,0.0034321454991477172
SM,SM ENERGY COMPANY,78454L100,3296412000.0,105722,0.0034303348084431897
LUMN,LUMEN TECHNOLOGIES INC,550241103,3279781000.0,471911,0.003413028143439174
TRU,TRANSUNION,89400J107,3274763000.0,47330,0.003407806277947613
CSGP,COSTAR GROUP INC,22160N109,3270848000.0,81082,0.0034037322238624273
LULU,LULULEMON ATHLETICA INC,550021109,3270216000.0,21360,0.003403074547698484
CCK,CROWN HLDGS INC,228368106,3259228000.0,32511,0.00339164013996208
PCOR,PROCORE TECHNOLOGIES INC,74275K108,3253902000.0,57086,0.003386097761403281
ALKS,ALKERMES PLC,G01767105,3252448000.0,91981,0.003384584689975475
PTC,PTC INC,69370C100,3244212000.0,22768,0.0033760140873073806
CL,COLGATE PALMOLIVE CO,194162103,3237544000.0,37985,0.0033690751875270443
AGYS,AGILYSYS INC,00847J105,3213394000.0,45170,0.00334394404930042
MOG/A,MOOG INC,615394202,3212895000.0,10979,0.003343424776506421
ESLT,ELBIT SYS LTD,M3760D101,3206158000.0,3839,0.003336414073474008
CGON,CG ONCOLOGY INC,156944100,3206002000.0,47370,0.0033362517356867053
CLF,CLEVELAND-CLIFFS INC NEW,185899101,3202136000.0,378951,0.0033322286723167617
HTFL,HEARTFLOW INC,42238D107,3201122000.0,131571,0.003331173476699296
KMI,KINDER MORGAN INC DEL,49456B101,3180790000.0,94864,0.0033100154517542143
LII,LENNOX INTL INC,526107107,3163974000.0,6817,0.0032925162707844874
GSAT,GLOBALSTAR INC,378973507,3162788000.0,47618,0.0032912820873502524
AKR,ACADIA RLTY TR,004239109,3152850000.0,164898,0.0032809403377976145
IWX,ISHARES TR,464289420,3144200000.0,33929,0.003271938915617064
VC,VISTEON CORP,92839U206,3139013000.0,34453,0.0032665411841892584
MTD,METTLER TOLEDO INTERNATIONAL,592688105,3133915000.0,2484,0.003261236068550363
HE,HAWAIIAN ELEC INDS INC MTN B,419870100,3132101000.0,211058,0.0032593483714595515
TROX,TRONOX HOLDINGS PLC,G9087Q102,3129194000.0,320286,0.003256323269230782
TOL,TOLL BROTHERS INC,889478103,3115747000.0,22831,0.003242329960090682
GPC,GENUINE PARTS CO,372460105,3115501000.0,29461,0.003242073965887628
ATMU,ATMUS FILTRATION TECHNOLOGIE,04956D107,3113380000.0,54842,0.0032398667963564197
MCRI,MONARCH CASINO & RESORT INC,609027107,3112067000.0,32553,0.003238500453313291
M,MACYS INC,55616P104,3106216000.0,171709,0.0032324117456626086
EAT,BRINKER INTL INC,109641100,3105480000.0,21751,0.0032316458443071307
XENE,XENON PHARMACEUTICALS INC,98420N105,3103466000.0,53370,0.0032295500218479834
ESS,ESSEX PPTY TR INC,297178105,3100746000.0,12813,0.0032267195168386074
TRMB,TRIMBLE INC,896239100,3100512000.0,47532,0.0032264760101576536
VSAT,VIASAT INC,92552V100,3098004000.0,67642,0.0032238661180387152
MRVL,MARVELL TECHNOLOGY INC,573874104,3095114000.0,31248,0.0032208587064662536
YELP,YELP INC,985817105,3092475000.0,124999,0.003218112492231054
TYL,TYLER TECHNOLOGIES INC,902252105,3092034000.0,9031,0.0032176535757938722
PI,IMPINJ INC,453204109,3087573000.0,30064,0.0032130113394531284
TNDM,TANDEM DIABETES CARE INC,875372203,3071705000.0,160235,0.0031964986727293157
HII,HUNTINGTON INGALLS INDS INC,446413106,3062754000.0,8062,0.0031871840218694186
GWW,WW GRAINGER INC,384802104,3061904000.0,2807,0.003186299489053989
HOPE,HOPE BANCORP INC,43940T109,3058022000.0,273771,0.0031822597756545785
ORLY,OREILLY AUTOMOTIVE INC,67103H107,3057307000.0,33120,0.0031815157274627756
MIR,MIRION TECHNOLOGIES INC,60471A101,3038164000.0,163430,0.003161595007832454
WING,WINGSTOP INC,974155103,3034932000.0,19584,0.003158231701880137
IEX,IDEX CORP,45167R104,3034506000.0,16009,0.0031577883948455806
ABT,ABBOTT LABORATORIES,002824100,3026234000.0,29475,0.003149180329611186
IDXX,IDEXX LABS INC,45168D104,3013416000.0,5363,0.003135841574754504
J,JACOBS SOLUTIONS INC,46982L108,3013099000.0,23673,0.0031355116960456904
GPN,GLOBAL PMTS INC,37940X102,3011406000.0,44746,0.0031337499148027226
CDW,CDW CORP,12514G108,3009646000.0,24869,0.003131918411561362
ONDS,ONDAS INC,68236H204,3008223000.0,332768,0.0031304375995656482
KDP,KEURIG DR PEPPER INC,49271V100,3001699000.0,114003,0.003123648550050514
BALL,BALL CORP,058498106,2999596000.0,50746,0.003121460111802456
GH 0 11/15/27,GUARDANT HEALTH INC,40131MAB5,2994940000.0,2900000,0.0031166149532275843
FLS,FLOWSERVE CORP,34354P105,2988329000.0,40652,0.0031097353691772233
VICR,VICOR CORP,925815102,2962400000.0,18400,0.0030827529557992464
XP,XP INC,G98239109,2959540000.0,155438,0.0030797767630320353
RS,RELIANCE INC,759509102,2948328000.0,9701,0.003068109254883095
IWD,ISHARES TR,464287598,2947281000.0,13793,0.0030670197185798543
AG8,AGILENT TECHNOLOGIES INC,00846U101,2943875000.0,25828,0.0030634753435570842
CFR,CULLEN FROST BANKERS INC,229899109,2935979000.0,21418,0.003055258554015162
NBIX,NEUROCRINE BIOSCIENCES INC,64125C109,2935035000.0,22279,0.003054276202276614
ATRC,ATRICURE INC,04963C209,2934653000.0,102862,0.003053878682823092
ATEN,A10 NETWORKS INC,002121101,2928541000.0,126667,0.00304751837156673
IWM,ISHARES TR,464287655,2928136000.0,11807,0.003047096917695849
TEX,TEREX CORP NEW,880779103,2926868000.0,49524,0.003045777402860596
XP,XP INC,G98239109,2923497000.0,153545,0.0030422694497772855
FLR,FLUOR CORP,343412102,2918004000.0,62551,0.003036553286535925
AER,AERCAP HOLDINGS NV,N00985106,2905610000.0,21181,0.0030236557574601164
BANC,BANC OF CALIFORNIA INC,05990K106,2898485000.0,164874,0.003016241291213131
MARA,MARA HOLDINGS INC,565788106,2895772000.0,354874,0.003013418070591647
CARG,CARGURUS INC,141788109,2887849000.0,84812,0.003005173184125
EE,EXCELERATE ENERGY INC,30069T101,2887555000.0,86402,0.003004867239833545
MRVL,MARVELL TECHNOLOGY INC,573874104,2877204000.0,29048,0.002994095711395293
RE,EVEREST GROUP LTD,G3223R108,2862552000.0,8758,0.002978848446910966
ORI,OLD REP INTL CORP,680223104,2860471000.0,71691,0.0029766829024534254
KIM,KIMCO REALTY CORP,49446R109,2856274000.0,127115,0.002972315391598885
APA,APA CORPORATION,03743Q108,2838260000.0,66877,0.0029535695396728226
PFGC,PERFORMANCE FOOD GROUP CO,71377A103,2820184000.0,32923,0.002934759168882576
N/A,BULLISH,G16910120,2818204000.0,78875,0.002932698727736045
RRR,RED ROCK RESORTS INC,75700L108,2815700000.0,52768,0.002930092998124473
WEA,WESTERN ALLIANCE BANCORP,957638109,2810478000.0,39668,0.0029246588447572087
BBY,BEST BUY INC,086516101,2805026000.0,43692,0.0029189853472163575
AMG,AFFILIATED MANAGERS GROUP,008252108,2799374000.0,10117,0.00291310372430717
GME,GAMESTOP CORP,36467W109,2798554000.0,121465,0.0029122504102969903
MAA,MID-AMER APT CMNTYS INC,59522J103,2798258000.0,22914,0.0029119423847518526
ORI,OLD REP INTL CORP,680223104,2795195000.0,70055,0.00290875494473578
UEC,URANIUM ENERGY CORP,916896103,2789411000.0,206623,0.00290273595908349
PNW,PINNACLE WEST CAP CORP,723484101,2784932000.0,27642,0.002898074991459596
AVY,AVERY DENNISON CORP,053611109,2783947000.0,16122,0.002897049974020539
SNOW,SNOWFLAKE INC,833445109,2767547000.0,18350,0.0028799836938169514
TSCO,TRACTOR SUPPLY CO,892356106,2760537000.0,60939,0.0028726888996567597
YB4P,SAVARA INC,805111101,2758763000.0,505268,0.0028708428276396154
ARHS,ARHAUS INC,04035M102,2751182000.0,405779,0.0028629538355528232
PTEN,PATTERSON-UTI ENERGY INC,703481101,2749109000.0,253842,0.002860796616110016
INVH,INVITATION HOMES INC,46187W107,2740483000.0,110281,0.0028518201689736655
PPL,PPL CORP,69351T106,2738100000.0,71678,0.002849340355209937
MC,MOELIS & CO,60786M105,2731668000.0,47924,0.002842647043364237
AVPT,AVEPOINT INC,053604104,2726945000.0,286745,0.0028377321627909725
ATGE,COVISTA INC,00737L103,2723819000.0,23634,0.002834479163283874
SFM,SPROUTS FMRS MKT INC,85208M102,2691760000.0,34899,0.0028011177073663856
VTRS,VIATRIS INC,92556V106,2688558000.0,199005,0.002797785620219319
AAOI,APPLIED OPTOELECTRONICS INC,03823U102,2683364000.0,31722,0.002792380604403622
DCI,DONALDSON INC,257651109,2681128000.0,31591,0.0027900537627856205
JBTM,JBT MAREL CORPORATION,477839104,2677214000.0,20937,0.002785980749327277
ARMK,ARAMARK,03852U106,2676208000.0,66014,0.0027849338787245444
TKO,TKO GROUP HOLDINGS INC,87256C101,2673476000.0,13258,0.0027820908861930687
FMF,FORMFACTOR INC,346375108,2670911000.0,27538,0.0027794216783441537
COO,COOPER COS INC,216648501,2647288000.0,37025,0.002754838950463096
OKLO,OKLO INC,02156V109,2639676000.0,53230,0.0027469176989442117
SNEX,STONEX GROUP INC,861896108,2634271000.0,32663,0.0027412931108649194
GWRE,GUIDEWIRE SOFTWARE INC,40171V100,2627321000.0,17567,0.0027340607543152283
AVAH,AVEANNA HEALTHCARE HLDGS INC,05356F105,2623192000.0,407328,0.0027297640060859225
MHO,M/I HOMES INC,55305B101,2619328000.0,21391,0.0027257430239696627
SNDR,SCHNEIDER NATIONAL INC,80689H102,2615729000.0,99231,0.0027219978079664484
HTFL,HEARTFLOW INC,42238D107,2614356000.0,107454,0.002720569027312819
KYMR,KYMERA THERAPEUTICS INC,501575104,2605728000.0,31285,0.0027115904989227853
URBN,URBAN OUTFITTERS INC,917047102,2604192000.0,41108,0.002709992096093962
FUTU,FUTU HLDGS LTD,36118L106,2603500000.0,19037,0.0027092719823195175
INCY,INCYTE CORP,45337C102,2598088000.0,27604,0.0027036401098523336
MAS,MASCO CORP,574599106,2595065000.0,42986,0.0027004942949099284
CAVA,CAVA GROUP INC,148929102,2593088000.0,32053,0.0026984369756439227
HAS,HASBRO INC,418056107,2587385000.0,27643,0.0026925022807658093
BCPC,BALCHEM CORP,057665200,2579825000.0,15222,0.002684635141842692
ARLO,ARLO TECHNOLOGIES INC,04206A101,2577380000.0,181123,0.002682090809214779
JAZZ,JAZZ PHARMACEUTICALS PLC,G50871105,2566354000.0,13575,0.0026706168576583916
NUVL,NUVALENT INC,670703107,2564528000.0,25032,0.0026687166730454803
BC,BRUNSWICK CORP,117043109,2540052000.0,34910,0.0026432462904684676
AOS,SMITH A O CORP,831865209,2537701000.0,38485,0.0026407997767636726
TNGX,TANGO THERAPEUTICS INC,87583X109,2535943000.0,121221,0.0026389703547759955
HGV,HILTON GRAND VACATIONS INC,43283X105,2525313000.0,64553,0.002627908491448914
ORKA,ORUKA THERAPEUTICS INC,687604108,2515284000.0,51280,0.0026174720448536833
BMNR,BITMINE IMMERSION TECNOLOGIE,09175A206,2515086000.0,127153,0.002617266000739031
MTW,MANITOWOC CO INC,563571405,2512730000.0,215685,0.002614814283900027
OUT,OUTFRONT MEDIA INC,69007J304,2507298000.0,94615,0.0026091615988960096
SYK,STRYKER CORPORATION,863667101,2501555000.0,7613,0.0026031852789442293
BRBR,BELLRING BRANDS INC,07831C103,2501062000.0,155442,0.00260267224991128
EEM,ISHARES TR,464287234,2500009000.0,44022,0.0026015764698469885
MCX,MCCORMICK & CO INC,579780206,2498596000.0,49536,0.0026001060641196914
ST,SENSATA TECHNOLOGIES HLDG PL,G8060N102,2496077000.0,70871,0.002597484725105494
MLYS,MINERALYS THERAPEUTICS INC,603170101,2490980000.0,91952,0.0025921806500934404
ASGN,ASGN INC,00191U102,2488937000.0,64297,0.0025900546494558832
GEHC,GE HEALTHCARE TECHNOLOGIES I,36266G107,2483114000.0,34885,0.002583995079356768
VONG,VANGUARD SCOTTSDALE FDS,92206C680,2474716000.0,22561,0.0025752558951403215
CLX,CLOROX CO DEL,189054109,2471783000.0,23852,0.0025722037366136675
PI,IMPINJ INC,453204109,2469730000.0,24048,0.002570067329707694
BBWI,BATH & BODY WORKS INC,070830104,2466662000.0,132119,0.002566874686557413
CSW,CSW INDUSTRIALS INC,126402106,2459615000.0,9439,0.002559541389204079
SR,SPIRE INC,84857L101,2452548000.0,27088,0.002552187279313911
LSCC,LATTICE SEMICONDUCTOR CORP,518415104,2450441000.0,26417,0.002549994678558487
RKT,ROCKET COS INC,77311W101,2448464000.0,171822,0.0025479373592924813
PNR,PENTAIR PLC,G7S00T104,2446659000.0,28087,0.002546059027843245
ENVA,ENOVA INTL INC,29357K103,2440322000.0,17966,0.002539464575547505
BLK,BLACKROCK INC,09290D101,2440004000.0,2536,0.0025391336562118503
ZM,ZOOM COMMUNICATIONS INC,98980L101,2436862000.0,30313,0.002535864006675285
FTAI,FTAI AVIATION LTD,G3730V105,2436035000.0,9943,0.0025350034082772138
GMED,GLOBUS MED INC,379577208,2433072000.0,28239,0.0025319200309453093
ALNY,ALNYLAM PHARMACEUTICALS INC,02043Q107,2431233000.0,7348,0.0025300063181834557
CNOB,CONNECTONE BANCORP INC,20786W107,2423756000.0,90540,0.0025222255512881986
MHK,MOHAWK INDS INC,608190104,2416898000.0,24547,0.002515088932407942
IWF,ISHARES TR,464287614,2416298000.0,5667,0.0025144645563029326
OSIS,OSI SYSTEMS INC,671044105,2415079000.0,9096,0.0025131960321829222
XERS,XERIS BIOPHARMA HOLDINGS INC,98422E103,2402441000.0,414214,0.002500044590157743
ELAN,ELANCO ANIMAL HEALTH INC,28414H103,2401064000.0,100337,0.0024986116469967465
PRIM,PRIMORIS SVCS CORP,74164F103,2396778000.0,16756,0.002494151520353297
SOLS,SOLSTICE ADVANCED MATLS INC,83443Q103,2395948000.0,31459,0.0024932878000747008
WYNN,WYNN RESORTS LTD,983134107,2395057000.0,23585,0.002492360601558762
SKYW,SKYWEST INC,830879102,2394375000.0,26074,0.0024916508940527344
BXMT,BLACKSTONE MORTGAGE TRUST IN,09257W100,2390992000.0,124856,0.002488130453447324
CCEP,COCA-COLA EUROPACIFIC PARTNE,G25839104,2383080000.0,26283,0.0024798970138759347
VCTR,VICTORY CAP HLDGS INC DEL,92645B103,2381377000.0,36368,0.0024781248263645497
IT,GARTNER INC,366651107,2380642000.0,15035,0.0024773599656359134
CPRX,CATALYST PHARMACEUTICALS INC,14888U101,2376093000.0,95965,0.002472626154133101
TPR,TAPESTRY INC,876030107,2360629000.0,16729,0.0024565339006533283
CYTK,CYTOKINETICS INC,23282W605,2354305000.0,35720,0.00244995297650653
MLYS,MINERALYS THERAPEUTICS INC,603170101,2352116000.0,86826,0.002447675044350088
MKL,MARKEL GROUP INC,570535104,2348564000.0,1227,0.002443978737808433
CELC,CELCUITY INC,15102K100,2341354000.0,20513,0.0024364758182799044
LEU,CENTRUS ENERGY CORP,15643U104,2338604000.0,13472,0.0024336140944652787
ISRG,INTUITIVE SURGICAL INC,46120E602,2333531000.0,5062,0.002428334994497425
TSCO,TRACTOR SUPPLY CO,892356106,2333494000.0,51512,0.0024282964913042828
BOX,BOX INC,10316T104,2333339000.0,98703,0.0024281351941438218
TNDM,TANDEM DIABETES CARE INC,875372203,2331877000.0,121642,0.0024266137977012824
PCVX,VAXCYTE INC,92243G108,2327306000.0,40050,0.0024218570924079536
SMCI,SUPER MICRO COMPUTER INC,86800U302,2316210000.0,101722,0.002410310296972648
RNG,RINGCENTRAL INC,76680R206,2312102000.0,62170,0.002406035401907018
TRIP,TRIPADVISOR INC,896945201,2300673000.0,215823,0.0023941420777334327
AL,AIR LEASE CORP,00912X302,2297642000.0,35381,0.002390987937776294
RPRX,ROYALTY PHARMA PLC,G7709Q104,2291383000.0,47767,0.002384474654374205
LZ,LEGALZOOM COM INC,52466B103,2290323000.0,403937,0.002383371589922022
SON,SONOCO PRODS CO,835495102,2285032000.0,42245,0.0023778656333026814
INGR,INGREDION INC,457187102,2284857000.0,20281,0.002377683523605387
CRGY,CRESCENT ENERGY COMPANY,44952J104,2281122000.0,168972,0.0023737967823517043
NE,NOBLE CORP PLC,G65431127,2280725000.0,46479,0.0023733836534955565
TTMI,TTM TECHNOLOGIES INC,87305R109,2273978000.0,23342,0.002366362544194727
BWXT,BWX TECHNOLOGIES INC,05605H100,2269430000.0,11098,0.0023616297733187563
FR,FIRST INDL RLTY TR INC,32054K103,2266158000.0,39173,0.0023582248422927723
APP,APPLOVIN CORP,03831W108,2255068000.0,5666,0.0023466842906185175
NMIH,NMI HLDGS INC,629209305,2253938000.0,60089,0.002345508382287416
SMMT,SUMMIT THERAPEUTICS INC,86627T108,2252258000.0,118790,0.00234376012919339
PSN,PARSONS CORP DEL,70202L102,2251793000.0,41569,0.002343276237712008
N/A,TOTALENERGIES SE,F92124100,2251092000.0,24147,0.002342546758295989
MANH,MANHATTAN ASSOCIATES INC,562750109,2244936000.0,16864,0.002336140659458593
TDS,TELEPHONE & DATA SYS INC,879433829,2237362000.0,53144,0.002328258951759693
UNIT,UNITI GROUP LLC,912932100,2237299000.0,238518,0.002328193392268667
QSR,RESTAURANT BRANDS INTL INC,76131D103,2235032000.0,30244,0.0023258342912185733
WSO,WATSCO INC,942622200,2221666000.0,6107,0.0023119252728526496
MTSI,MACOM TECH SOLUTIONS HLDGS I,55405Y100,2220700000.0,10000,0.0023109200273235845
STAG,STAG INDUSTRIAL INC,85254J102,2220395000.0,61575,0.0023106026361368716
OC,OWENS CORNING NEW,690742101,2216887000.0,20485,0.0023069521171762506
FTDR,FRONTDOOR INC,35905A109,2204368000.0,41702,0.0022939245097452314
AES,AES CORP,00130H105,2197026000.0,155928,0.002286284227473601
TRGP,TARGA RES CORP,87612G101,2192634000.0,8745,0.0022817137943849327
RUN,SUNRUN INC,86771W105,2191093000.0,161585,0.0022801101884219006
SMTC,SEMTECH CORP,816850101,2185752000.0,28427,0.0022745522004604763
IEMG,ISHARES INC,46434G103,2182059000.0,31284,0.0022707091655341438
QLYS,QUALYS INC,74758T303,2179559000.0,24810,0.0022681075984299385
DOC,HEALTHPEAK PROPERTIES INC,42250P103,2159986000.0,131466,0.0022477394092576936
N/A,CUSHMAN AND WAKEFIELD LTD,G2717C106,2157662000.0,175992,0.0022453209924776243
GNRC,GENERAC HLDGS INC,368736104,2157615000.0,11046,0.002245272083016065
ACAD,ACADIA PHARMACEUTICALS INC,004225108,2157395000.0,96918,0.002245043145110895
IONQ,IONQ INC,46222L108,2153486000.0,74696,0.002240975334786759
BURL,BURLINGTON STORES INC,122017106,2149135000.0,6605,0.0022364475673986002
TGTX,TG THERAPEUTICS INC,88322Q108,2148138000.0,64664,0.0022354100624374434
MRP,MILLROSE PPTYS INC,601137102,2141412000.0,76479,0.0022284108063002892
GPCR,STRUCTURE THERAPEUTICS INC,86366E106,2140562000.0,44410,0.0022275262734848594
ERAS,ERASCA INC,29479A108,2138559000.0,132173,0.0022254418979209697
TTD,THE TRADE DESK INC,88339J105,2134267000.0,94062,0.0022209755275164698
VFC,V F CORP,918204108,2132466000.0,125513,0.0022191013585746004
RAPP,RAPPORT THERAPEUTICS INC,75383L102,2130849000.0,68100,0.0022174186649716004
SEE,SEALED AIR CORP NEW,81211K100,2127562000.0,50596,0.002213998124542991
SHAK,SHAKE SHACK INC,819047101,2127438000.0,24047,0.0022138690868146226
ALLY,ALLY FINL INC,02005N100,2127208000.0,54224,0.002213629742641036
OKTA,OKTA INC,679295105,2124934000.0,26997,0.0022112633572030503
YOU,CLEAR SECURE INC,18467V109,2122779000.0,43850,0.002209020806359225
BKH,BLACK HILLS CORP,092113109,2120545000.0,30551,0.0022066960459949073
MTX,MINERALS TECHNOLOGIES INC,603158106,2112069000.0,29781,0.002197875692884809
MCD,MCDONALDS CORP,580135101,2107071000.0,6779,0.002192674639930082
CRWV,COREWEAVE INC,21873S108,2104473000.0,27165,0.0021899710913953914
SLDE,SLIDE INS HLDGS INC,831349105,2103390000.0,116855,0.00218884409252585
SBUX,STARBUCKS CORP,855244109,2097839000.0,23416,0.0021830675729276722
VSTS,VESTIS CORPORATION,29430C102,2096757000.0,266763,0.002181941614684972
HLX,HELIX ENERGY SOLUTIONS GRP I,42330P107,2095760000.0,211907,0.0021809041097238147
N/A,ETORO GROUP LTD,G32089107,2091770000.0,69656,0.002176752008625503
ZS,ZSCALER INC,98980G102,2084709000.0,14860,0.002169404142496385
SWK,STANLEY BLACK & DECKER INC,854502101,2082342000.0,29304,0.0021669409787621234
HL,HECLA MINING COMPANY,422704106,2081958000.0,111753,0.0021665413780549174
ANDE,ANDERSONS INC,034164103,2080902000.0,28990,0.002165442476110101
LRN,STRIDE INC,86333M108,2074464000.0,23528,0.0021587429205033514
LMAT,LEMAITRE VASCULAR INC,525558201,2068444000.0,18947,0.002152478346916425
ABVX,ABIVAX SA,00370M103,2059975000.0,18500,0.0021436652781942184
FW2N,BANNER CORP,06652V208,2059540000.0,33941,0.002143212605518087
SFNC,SIMMONS FIRST NATL CORP,828730200,2057810000.0,105800,0.0021414123210819766
SOLV,SOLVENTUM CORP,83444M101,2057668000.0,31511,0.002141264552070458
DLX,DELUXE CORP MEDIUM TERM NTS,248019101,2054677000.0,74607,0.002138152037186986
PCTY,PAYLOCITY HLDG CORP,70438V106,2053624000.0,19008,0.002137056257122695
IVZ,INVESCO LTD,G491BT108,2050659000.0,84424,0.0021339707985371073
HWC,HANCOCK WHITNEY CORPORATION,410120109,2049251000.0,32226,0.0021325055959440188
TPR,TAPESTRY INC,876030107,2048514000.0,14517,0.0021317386539616992
WT 3.25 08/15/29,WISDOMTREE INC,97717PAH7,2044800000.0,1500000,0.0021278737658716918
CRNX,CRINETICS PHARMACEUTICALS IN,22663K107,2035700000.0,56049,0.002118404061612384
BAC,VERIZON COMMUNICATIONS INC,92343V104,2032988000.0,40497,0.002115581881617742
AROW,ARROW FINL CORP,042744102,2027561000.0,60398,0.0021099343997479326
SANM,SANMINA CORP,801056102,2021477000.0,15593,0.0021036032260431385
UDR,UDR INC,902653104,2011734000.0,59554,0.002093464398724629
POWL,POWELL INDS INC,739128106,2010112000.0,3715,0.002091776501987421
MTG,MGIC INVT CORP WIS,552848103,2006288000.0,76430,0.002087797144944828
BITF,BITFARMS LTD,09173B107,2003693000.0,1027535,0.002085096718290663
MTZ,MASTEC INC,576323109,2001866000.0,6222,0.0020831954930509095
CHEF 2.375 12/15/28,CHEFS WHSE INC,163086AE1,1996650000.0,1350000,0.0020777675834446952
JEF,JEFFERIES FINANCIAL GROUP IN,47233W109,1991979000.0,48267,0.002072906815467198
QRVO,QORVO INC,74736K101,1989335000.0,25702,0.00207015539809779
SN,SHARKNINJA INC,G8068L108,1989332000.0,18785,0.0020701522762172652
GEN,GEN DIGITAL INC,668771108,1989069000.0,105633,0.002069878591357903
PACS,PACS GROUP INC,69380Q107,1986590000.0,61849,0.0020672988774173727
AWC,AMERICAN WTR WKS CO INC NEW,030420103,1984873000.0,14585,0.002065512121130204
UPWK,UPWORK INC,91688F104,1979475000.0,180609,0.002059894817438804
NWSA,NEWS CORP NEW,65249B109,1974980000.0,79221,0.0020552171997854428
ZBRA,ZEBRA TECHNOLOGIES CORPORATI,989207105,1970997000.0,9427,0.002051072383075023
UAMY,UNITED STATES ANTIMONY CORP,911549103,1968554000.0,225493,0.0020485301317007933
OFG,OFG BANCORP,67103X102,1967974000.0,48640,0.0020479265681326176
ACA,ARCOSA INC,039653100,1967517000.0,18537,0.0020474510016659686
MYRG,MYR GROUP INC,55405W104,1963818000.0,6956,0.0020436017229785866
EEFT,EURONET WORLDWIDE INC,298736109,1962760000.0,29573,0.002042500739780087
SGHC,SUPER GROUP SGHC LIMITED,G8588X103,1962544000.0,181717,0.0020422759643822837
ANF,ABERCROMBIE & FITCH CO,002896207,1950932000.0,21352,0.00203019220549667
CA8A,CACI INTL INC,127190304,1950862000.0,3587,0.0020301193616177526
DDOG,DATADOG INC,23804L103,1950068000.0,16519,0.0020292931039054564
GD,GENERAL DYNAMICS CORP,369550108,1947308000.0,5673,0.0020264209738224143
RBA,RB GLOBAL INC,74935Q107,1944797000.0,20290,0.00202380795982295
CNMD 2.25 06/15/27,CONMED CORP,207410AH4,1941000000.0,2000000,0.002019856699705083
TXG,10X GENOMICS INC,88025U109,1933862000.0,91091,0.0020124287053091554
ENSG,ENSIGN GROUP INC,29358P101,1933393000.0,9595,0.0020119406513204067
ITRI,ITRON INC,465741106,1930451000.0,21538,0.0020088791271521775
SJM,SMUCKER J M CO,832696405,1926678000.0,19978,0.002004952842078511
ZETA,ZETA GLOBAL HOLDINGS CORP,98956A105,1926543000.0,121014,0.002004812357454884
CPT,CAMDEN PPTY TR,133131102,1925953000.0,19721,0.0020041983876182916
CPRX,CATALYST PHARMACEUTICALS INC,14888U101,1919841000.0,77538,0.0019978380763619303
D,DOMINION ENERGY INC,25746U109,1916729000.0,31005,0.001994599645630615
ECPG,ENCORE CAP GROUP INC,292554102,1913855000.0,27294,0.0019916088840876206
N/A,NEBIUS GROUP N.V.,N97284108,1909288000.0,18401,0.0019868563413016583
HSIC,SCHEIN HENRY INC,806407102,1907430000.0,25881,0.0019849228566298127
DOLE,DOLE PLC,G27907107,1905314000.0,133332,0.001982720890232813
PLUS,EPLUS INC,294268107,1902245000.0,25279,0.0019795272064556907
CALX,CALIX INC,13100M509,1898852000.0,38760,0.0019759963595818632
GSK,GSK PLC,37733W204,1897708000.0,34385,0.0019748058824749786
LEU,CENTRUS ENERGY CORP,15643U104,1895776000.0,10921,0.001972795391416849
BTU,PEABODY ENGR CORP,704551100,1894889000.0,57508,0.0019718723554082765
NEE,NEXTERA ENERGY INC,65339F101,1887397000.0,20320,0.001964075979110394
DASH,DOORDASH INC,25809K105,1886034000.0,12561,0.001962657604725181
RHP,RYMAN HOSPITALITY PPTYS INC,78377T107,1885445000.0,20434,0.00196204467551543
PKN,REVVITY INC,714046109,1880811000.0,21468,0.0019572224107310752
BAP,CREDICORP LTD,G2519Y108,1880075000.0,5543,0.001956456509375597
CUBE,CUBESMART,229663109,1879595000.0,51285,0.0019559570084915897
LTC,LTC PPTYS INC,502175102,1878587000.0,50554,0.001954908056635174
APOG,APOGEE ENTERPRISES INC,037598109,1877838000.0,55988,0.001954128627130754
WK 1.25 08/15/28,WORKIVA INC,98139AAD7,1877500000.0,2000000,0.0019537768952582655
PRDO,PERDOCEO ED CORP,71363P106,1877207000.0,50449,0.0019534719915936527
UHS,UNIVERSAL HLTH SVCS INC,913903100,1874963000.0,10476,0.0019511368249609177
OII,OCEANEERING INTL INC,675232102,1874483000.0,52847,0.0019506373240769106
PR,PERMIAN RESOURCES CORP,71424F105,1870510000.0,87735,0.0019465029136349072
FBP,FIRST BANCORP CORPORATION,318672706,1870452000.0,87568,0.0019464425572780896
TTC,TORO CO,891092108,1868800000.0,20000,0.0019447234417356307
WFRD,WEATHERFORD INTL PLC,G48833118,1865685000.0,19726,0.0019414818891237908
MAT,MATTEL INC,577081102,1859302000.0,127963,0.0019348395679933332
ESTC,ELASTIC N V,N14506104,1858978000.0,37187,0.0019345024048966284
CTS,CTS CORP,126501105,1856622000.0,38874,0.001932050688057625
TRMK,TRUSTMARK CORP,898402102,1856056000.0,44045,0.0019314616932652332
RITM,RITHM CAPITAL CORP,64828T201,1855397000.0,195717,0.0019307759201765647
HTH,HILLTOP HLDGS INC,432748101,1854043000.0,51760,0.0019293669114329268
SIG,SIGNET JEWELERS LIMITED,G81276100,1853785000.0,21902,0.001929098429707773
TPD,SOMNIGROUP INTERNATIONAL INC,88023U101,1850439000.0,25033,0.0019256164922955043
WABC,WESTAMERICA BANCORPORATION,957090103,1847622000.0,35429,0.0019226850464824858
N/A,QIAGEN NV,N72482156,1846004000.0,46104,0.001921001312252644
HALO,HALOZYME THERAPEUTICS INC,40637H109,1845122000.0,28549,0.0019200834793782803
WMT,WALMART INC,931142103,1843818000.0,14836,0.0019187265019767268
VIAV,VIAVI SOLUTIONS INC,925550105,1843579000.0,55396,0.0019184777921615649
AXTA,AXALTA COATING SYS LTD,G0750C108,1842964000.0,66533,0.0019178378066539302
MGNI,MAGNITE INC,55955D100,1839927000.0,154876,0.0019146774229357414
AIN,ALBANY INTL CORP,012348108,1839358000.0,35230,0.0019140853062628244
IOSP,INNOSPEC INC,45768S105,1832291000.0,25093,0.0019067311963726565
KSS,KOHLS CORP,500255104,1831607000.0,141985,0.001906019407612946
KALU,KAISER ALUMINIUM CORPORATION,483007704,1826811000.0,15159,0.001901028561280238
CIFR,CIPHER DIGITAL INC,17253J106,1818222000.0,141276,0.0018920906173370302
DOC,HEALTHPEAK PROPERTIES INC,42250P103,1814628000.0,110446,0.0018883506044680243
EPAM,EPAM SYS INC,29414B104,1814360000.0,13400,0.0018880717164744534
CATY,CATHAY GEN BANCORP,149150104,1813109000.0,36364,0.0018867698922955091
CRNX,CRINETICS PHARMACEUTICALS IN,22663K107,1812949000.0,49916,0.00188660339200084
YEXT,YEXT INC,98585N106,1812545000.0,472017,0.0018861829787568004
UNF,UNIFIRST CORP MASS,904708104,1800881000.0,7158,0.0018740451072754194
NCLH,NORWEGIAN CRUISE LINE HLDGS,G66721104,1799950000.0,96254,0.0018730762836858135
FOX,FOX CORP,35137L204,1795364000.0,33811,0.0018683039689898592
FCF,FIRST COMWLTH FINL CORP PA,319829107,1792386000.0,101956,0.0018652049822553297
RDDT,REDDIT INC,75734B100,1789229000.0,13288,0.0018619197233161388
MORN,MORNINGSTAR INC,617700109,1782294000.0,10543,0.0018547029761690733
STLA,STELLANTIS N.V,N82405106,1780306000.0,255015,0.0018526342100078092
SOLS,SOLSTICE ADVANCED MATLS INC,83443Q103,1777651000.0,23341,0.0018498713457431428
KTB,KONTOOR BRANDS INC,50050N103,1775525000.0,25260,0.0018476589730777268
TGTX,TG THERAPEUTICS INC,88322Q108,1773184000.0,53377,0.0018452228656413488
MNDY,MONDAY COM LTD,M7S64H106,1770667000.0,25621,0.0018426036078808346
ACAD,ACADIA PHARMACEUTICALS INC,004225108,1768379000.0,79442,0.0018402226536670659
BOH,BANK HAWAII CORP,062540109,1767744000.0,23808,0.0018395618556225977
HCC,WARRIOR MET COAL INC,93627C101,1758393000.0,18877,0.0018298309540260278
MMSI,MERIT MED SYS INC,589889104,1754475000.0,25453,0.001825753778060317
OVV,OVINTIV INC,69047Q102,1751417000.0,29505,0.001822571541178453
APGE,APOGEE THERAPEUTICS INC,03770N101,1747790000.0,20765,0.0018187971876236718
XHR,XENIA HOTELS & RESORTS INC,984017103,1743148000.0,117542,0.0018139665978245832
GNW,GENWORTH FINL INC,37247D106,1739742000.0,214254,0.0018104222228018138
APAM,ARTISAN PARTNERS ASSET MGMT,04316A108,1739624000.0,47805,0.0018102994288344953
LOGI,LOGITECH INTL S A,H50430232,1739594000.0,19318,0.0018102682100292447
CDE,COEUR MNG INC,192108504,1735155000.0,92443,0.0018056488674790176
TXN,TEXAS INSTRS INC,882508104,1734390000.0,8933,0.0018048527879451306
FSS,FEDERAL SIGNAL CORP,313855108,1733917000.0,16034,0.0018043605714490151
DBX,DROPBOX INC,26210C104,1729833000.0,76137,0.001800110651427585
CHWY,CHEWY INC,16679L109,1728540000.0,64020,0.0017987651209212898
RBC,RBC BEARINGS INC,75524B104,1720604000.0,3168,0.0017905067063057004
PRLB,PROTO LABS INC,743713109,1718526000.0,30139,0.0017883442837286847
BLDR,BUILDERS FIRSTSOURCE INC,12008R107,1711394000.0,20787,0.0017809225330938077
HUT,HUT 8 CORP,44812J104,1706773000.0,36384,0.0017761137964583942
RWT,REDWOOD TRUST INC,758075402,1704548000.0,303841,0.0017737984017356517
FTI,TECHNIPFMC PLC,G87110105,1698455000.0,24569,0.0017674578623892822
NLY,ANNALY CAPITAL MANAGEMENT IN,035710839,1696251000.0,80201,0.0017651643208302147
NHC,NATIONAL HEALTHCARE CORP,635906100,1689466000.0,10579,0.0017581036677094012
BHE,BENCHMARK ELECTRS INC,08160H101,1687406000.0,30100,0.0017559599764155357
GKOS,GLAUKOS CORP,377322102,1671529000.0,15526,0.0017394379440501479
NWE,NORTHWESTERN ENERGY GROUP IN,668074305,1671183000.0,25344,0.0017390778871629261
WPC,WP CAREY INC,92936U109,1670933000.0,24587,0.0017388177304525055
SAM,BOSTON BEER INC,100557107,1663488000.0,7220,0.0017310702636161818
SLAB,SILICON LABORATORIES INC,826919102,1660829000.0,7979,0.0017283032368441487
AVA,AVISTA CORP,05379B107,1652925000.0,41179,0.0017200781222874932
JXN,JACKSON FINANCIAL INC,46817M107,1649021000.0,15598,0.001716015515097566
BURL,BURLINGTON STORES INC,122017106,1646876000.0,5061,0.0017137833705221576
SUPN,SUPERNUS PHARMACEUTICALS,868459108,1641054000.0,31748,0.0017077248410498841
AAXJ,ISHARES TR,464288182,1639530000.0,17027,0.0017061389257431604
MOS,MOSAIC CO,61945C103,1638452000.0,64253,0.0017050171300078273
BAX,BAXTER INTL INC,071813109,1633414000.0,97227,0.0016997744519794322
SN,SHARKNINJA INC,G8068L108,1632237000.0,15413,0.0016985496341867727
FRT,FEDERAL RLTY INVT TR NEW,313745101,1629580000.0,15343,0.0016957846886684232
INGM,INGRAM MICRO HLDG CORP,457152106,1626782000.0,69789,0.001692873014765396
PX,RIDGEPOST CAP INC,69376K106,1626734000.0,224068,0.0016928230646769955
VSNT,VERSANT MEDIA GROUP INC,925283103,1624290000.0,43876,0.0016902797726759244
DOCN,DIGITALOCEAN HLDGS INC,25402D102,1623472000.0,18926,0.0016894285399194282
SPNT,SIRIUSPOINT LTD,G8192H106,1622716000.0,75335,0.0016886418260271166
KD,KYNDRYL HLDGS INC,50155Q100,1622603000.0,123674,0.0016885242351940065
BCRX,BIOCRYST PHARMACEUTICALS INC,09058V103,1617334000.0,169888,0.0016830411723651832
GEO,GEO GROUP INC,36162J106,1615794000.0,96121,0.0016814386070289926
NVMI,NOVA LTD,M7516K103,1611475000.0,3751,0.0016769441396997673
AWM,SKYWORKS SOLUTIONS INC,83088M102,1610034000.0,30066,0.0016754445964209034
TAP,MOLSON COORS BEVERAGE CO,60871R209,1606267000.0,37303,0.0016715245551082866
HMN,HORACE MANN EDUCATORS CORP N,440327104,1605878000.0,37626,0.0016711197512668723
OGS,ONE GAS INC,68235P108,1605549000.0,18641,0.001670777385035959
OSCR,OSCAR HEALTH INC,687793109,1604401000.0,139878,0.0016695827454217078
UNFI,UNITED NAT FOODS INC,911163103,1604181000.0,35601,0.0016693538075165377
MGM,MGM RESORTS INTERNATIONAL,552953101,1603421000.0,43324,0.0016685629311168593
CRL,CHARLES RIV LABS INTL INC,159864107,1602180000.0,9288,0.0016672715132063317
COP,CONOCOPHILLIPS,20825C104,1600199000.0,12122,0.0016652100314329592
IOT,SAMSARA INC,79589L106,1599584000.0,50476,0.0016645700459253247
TPH,TRI POINTE HOMES INC,87265H109,1599194000.0,34222,0.0016641642014570686
BILL,BILL HOLDINGS INC,090043100,1598948000.0,41748,0.0016639082072540147
FUL,FULLER H B CO,359694106,1597327000.0,25897,0.0016622213511436482
DKNG,DRAFTKINGS INC NEW,26142V105,1596486000.0,73843,0.0016613461839697934
AMPL,AMPLITUDE INC,03213A104,1594646000.0,233819,0.0016594314305810982
RBRK,RUBRIK INC.,781154109,1594169000.0,32554,0.0016589350515776157
MCY,MERCURY GENL CORP NEW,589400100,1593399000.0,18076,0.0016581337689095205
CLH,CLEAN HARBORS INC,184496107,1591638000.0,5551,0.0016563012250413183
HQY,HEALTHEQUITY INC,42226A107,1585323000.0,18970,0.0016497296665360954
UAMY,UNITED STATES ANTIMONY CORP,911549103,1582924000.0,181320,0.0016472332027428998
QTWO,Q2 HLDGS INC,74736L109,1582374000.0,33454,0.0016466608579799745
AXP,AMERICAN EXPRESS CO,025816109,1582017000.0,5229,0.0016462893541974943
RAMP,LIVERAMP HLDGS INC,53815P108,1581732000.0,59643,0.0016459927755476148
IBP,INSTALLED BLDG PRODS INC,45780R101,1577643000.0,5950,0.0016417376523919763
AGX,ARGAN INC,04010E109,1570771000.0,2884,0.0016345864647359363
CAG,CONAGRA BRANDS INC,205887102,1569501000.0,99841,0.0016332648686470004
OBK,ORIGIN BANCORP INC,68621T102,1568432000.0,37830,0.001632152438553242
BGC,BGC GROUP INC,088929104,1568213000.0,160349,0.0016319245412749134
AAON,AAON INC,000360206,1567533000.0,18943,0.0016312169150225697
ADP,AUTOMATIC DATA PROCESSING IN,053015103,1566924000.0,7712,0.001630583173275985
PLAB,PHOTRONICS INC,719405102,1566615000.0,38768,0.0016302616195819053
SATS,ECHOSTAR CORP,278768106,1564289000.0,13362,0.0016278411215481525
QCOM,QUALCOMM INC,747525103,1557657000.0,12095,0.0016209396843341163
TTI,TETRA TECHNOLOGIES INC DEL,88162F105,1556698000.0,182711,0.0016199417231929434
AIT,APPLIED INDL TECHNOLOGIES IN,03820C105,1555571000.0,5863,0.0016187689367423675
RIOT,RIOT PLATFORMS INC,767292105,1555049000.0,125813,0.0016182257295310094
DXCM,DEXCOM INC,252131107,1554363000.0,24751,0.0016175118595176156
POR,PORTLAND GEN ELEC CO,736508847,1551860000.0,29408,0.001614907170532885
CHKP,CHECK POINT SOFTWARE TECH LT,M22465104,1551637000.0,10862,0.0016146751107471897
CNR,CORE NATURAL RESOURCES INC,218937100,1547909000.0,14780,0.0016107956538813986
HEI/A,HEICO CORP NEW,422806208,1545179000.0,7320,0.0016079547426036064
CUBI,CUSTOMERS BANCORP INC,23204G100,1545067000.0,22260,0.0016078381923973382
TDOC,TELADOC HEALTH INC,87918A105,1543282000.0,283171,0.0016059806734849355
FDS,FACTSET RESH SYS INC,303075105,1541714000.0,7105,0.001604348970597178
CXW,CORECIVIC INC,21871N101,1540825000.0,81482,0.0016034238533349223
ETSY,ETSY INC,29786A106,1537035000.0,30753,0.001599479877604947
EZPW,EZCORP INC,302301106,1536657000.0,60546,0.001599086520658791
BOOT,BOOT BARN HLDGS INC,099406100,1534438000.0,10484,0.0015967773696970984
SHW,SHERWIN WILLIAMS CO,824348106,1533761000.0,4785,0.0015960728653252796
SYRE,SPYRE THERAPEUTICS INC,00773J202,1533628000.0,30405,0.0015959344619553358
HASI,HA SUSTAINABLE INFRA CAP INC,41068X100,1529719000.0,41625,0.0015918666516312003
UBER,UBER TECHNOLOGIES INC,90353T100,1529114000.0,21258,0.0015912370723919827
KKR 6.25 03/01/28 D,KKR & CO INC,48251W500,1528360000.0,38000,0.0015904524397533544
TROX,TRONOX HOLDINGS PLC,G9087Q102,1525488000.0,156140,0.001587463759464043
UCB,UNITED CMNTY BKS BLAIRSVLE G,90984P303,1525155000.0,48433,0.0015871172307257628
CVCO,CAVCO INDS INC DEL,149568107,1525029000.0,3149,0.001586986111743711
CXM,SPRINKLR INC,85208T107,1523544000.0,253924,0.001585440780883813
BJ,BJS WHSL CLUB HLDGS INC,05550J101,1522656000.0,15471,0.0015845167042483994
MIRM,MIRUM PHARMACEUTICALS INC,604749101,1521499000.0,16470,0.001583312698992573
PARR,PAR PAC HOLDINGS INC,69888T207,1518519000.0,24242,0.0015802116310043599
OWL,BLUE OWL CAPITAL INC,09581B103,1518419000.0,166311,0.0015801075683201918
CWT,CALIFORNIA WTR SVC GROUP,130788102,1515353000.0,33422,0.0015769170064235942
INN,SUMMIT HOTEL PPTYS,866082100,1511392000.0,341944,0.0015727950835036913
JPX,AEROVIRONMENT INC,008073108,1507417000.0,8235,0.0015686585918080046
PAGS,PAGSEGURO DIGITAL LTD,G68707101,1506357000.0,150335,0.0015675555273558213
FLUT,FLUTTER ENTMT PLC,G3643J108,1502743000.0,14740,0.0015637947019499824
CRDO,CREDO TECHNOLOGY GROUP HOLDI,G25457105,1502295000.0,16004,0.0015633285011249086
WKC,WORLD KINECT CORPORATION,981475106,1499527000.0,64999,0.001560448046027132
CPNG,COUPANG INC,22266T109,1496618000.0,79270,0.001557420862544679
NIO 4.625 10/15/30,NIO INC,62914VAK2,1490625000.0,1500000,0.0015511843858824778
BXP,BXP INC,101121101,1490101000.0,28711,0.0015506390974174362
CPF,CENTRAL PAC FINL CORP,154760409,1483519000.0,46418,0.0015437896915454841
RYAM,RAYONIER ADVANCED MATLS INC,75508B104,1479129000.0,133616,0.0015392213397104994
TDG,TRANSDIGM GROUP INC,893641100,1474007000.0,1272,0.0015338912490274036
POST,POST HLDGS INC,737446104,1472915000.0,14899,0.0015327548845162865
TTEK,TETRA TECH INC NEW,88162G103,1472025000.0,48872,0.0015318287266271895
MPW,MEDICAL PROPERTIES TRUST INC,58463J304,1470030000.0,317501,0.0015297526760780335
YUMC,YUM CHINA HLDGS INC,98850P109,1469447000.0,29893,0.0015291459906293329
SOFI,SOFI TECHNOLOGIES INC,83406F102,1469106000.0,92513,0.0015287911368763194
COMM,VISTANCE NETWORKS INC,20337X109,1468449000.0,80684,0.0015281074450413342
AVNT,AVIENT CORPORATION,05368V106,1465322000.0,40367,0.001524853404907394
FTRE,FORTREA HLDGS INC,34965K107,1453515000.0,154301,0.0015125667237876526
BFH,BREAD FINANCIAL HOLDINGS INC,018581108,1451743000.0,19385,0.0015107227330241918
VSH,VISHAY INTERTECHNOLOGY INC,928298108,1446984000.0,80388,0.0015057703898846263
LADR,LADDER CAP CORP,505743104,1446732000.0,148079,0.0015055081519205224
KWR,QUAKER HOUGHTON,747316107,1446658000.0,11645,0.0015054311455342379
ALRM,ALARM COM HLDGS INC,011642105,1445872000.0,33477,0.0015046132128366757
WTI,W & T OFFSHORE INC,92922P106,1444936000.0,423735,0.0015036391861128614
CNI,CANADIAN NATL RY CO,136375102,1442008000.0,14055,0.0015005922307204159
HUN,HUNTSMAN CORP,447011107,1441540000.0,108305,0.0015001052173585086
EE,EXCELERATE ENERGY INC,30069T101,1438163000.0,43033,0.001496591020514148
NCMI,NATIONAL CINEMEDIA INC,635309206,1436882000.0,471109,0.001495257977529953
FWONK,LIBERTY MEDIA CORP DEL,531229755,1436838000.0,16900,0.0014952121899489191
PEO,EXELON CORP,30161N101,1436727000.0,29309,0.0014950966803694923
MIRM,MIRUM PHARMACEUTICALS INC,604749101,1431798000.0,15499,0.001489967430666841
TVTX,TRAVERE THERAPEUTICS INC,89422G107,1429615000.0,48119,0.0014876957422714488
LBRT,LIBERTY ENERGY INC,53115L104,1428739000.0,49609,0.0014867841531581354
LFUS,LITTELFUSE INC,537008104,1428664000.0,4210,0.001486706106145009
LKQ1,LKQ CORP,501889208,1425884000.0,48549,0.0014838131635251327
IRDM,IRIDIUM COMMUNICATIONS INC,46269C102,1425781000.0,51398,0.0014837059789604393
SMMD,ISHARES TR,46435G268,1424844000.0,18662,0.0014827309116097831
ARE,ALEXANDRIA REAL ESTATE EQ IN,015271109,1422170000.0,30637,0.001479948275435125
DNOW,DNOW INC,67011P100,1420541000.0,119273,0.0014782530943100248
AKR,ACADIA RLTY TR,004239109,1417882000.0,74157,0.001475486067537992
SATS,ECHOSTAR CORP,278768106,1415142000.0,12088,0.0014726347499917827
FMNB,FARMERS NATIONAL BANC CORP,309627107,1412673000.0,107346,0.0014700654423196696
MSTR,STRATEGY INC,594972408,1411613000.0,11311,0.0014689623778674865
ALSN,ALLISON TRANSMISSION HLDGS I,01973R101,1410105000.0,12046,0.0014673931125902299
HAFC,HANMI FINL CORP,410495204,1401350000.0,53162,0.0014582824245913024
MSTR 0.875 03/15/31,STRATEGY INC,594972AL5,1396713000.0,1450000,0.0014534570379264222
BKNG,BOOKING HOLDINGS INC,09857L108,1396268000.0,331,0.0014529939589818736
WDFC,WD 40 CO,929236107,1395561000.0,6843,0.0014522582358048044
UMBF,UMB FINL CORP,902788108,1393408000.0,12354,0.0014500177662146627
FULT,FULTON FINL CORP PA,360271100,1391317000.0,68403,0.0014478418154887053
TILE,INTERFACE INC,458665304,1391259000.0,55829,0.0014477814591318877
OPCH,OPTION CARE HEALTH INC,68404L201,1381292000.0,51311,0.0014374095314008415
NI,NISOURCE INC,65473P105,1380949000.0,29596,0.0014370525963941444
DV,DOUBLEVERIFY HLDGS INC,25862V105,1375002000.0,144737,0.0014308639885666607
YB4P,SAVARA INC,805111101,1373223000.0,251506,0.001429012713415308
GRAB,GRAB HOLDINGS LIMITED,G4124C109,1372387000.0,374969,0.0014281427493756619
AXL,DAUCH CORP,024061103,1367600000.0,230624,0.0014231612686845293
ASO,ACADEMY SPORTS & OUTDOORS IN,00402L107,1366485000.0,24207,0.0014220009697560538
PGNY,PROGYNY INC,74340E103,1366228000.0,80461,0.0014217335286577414
LMT,LOCKHEED MARTIN CORP,539830109,1360827000.0,2251,0.001416113103085816
DBX,DROPBOX INC,26210C104,1360201000.0,59868,0.001415461670682923
CDRE,CADRE HLDGS INC,12763L105,1358357000.0,44275,0.001413542754786861
NVO,NOVO-NORDISK A S,670100205,1357545000.0,36940,0.0014126977657914152
KAI,KADANT INC,48282T104,1353288000.0,4629,0.0014082678173263743
SCCO,SOUTHERN COPPER CORP,84265V105,1351703000.0,7856,0.001406618423782308
RPM,RPM INTL INC,749685103,1349653000.0,13578,0.0014044851387568595
ECL,ECOLAB INC,278865100,1349253000.0,5072,0.0014040688880201865
PDFS,PDF SOLUTIONS INC,693282105,1347358000.0,41191,0.0014020969001551989
BRKR,BRUKER CORP,116794108,1347348000.0,37302,0.001402086493886782
HRMY,HARMONY BIOSCIENCES HLDGS IN,413197104,1345965000.0,48053,0.0014006473069647356
PEG,PUBLIC SVC ENTERPRISE GROUP,744573106,1344989000.0,16615,0.001399631655167254
GTX,GARRETT MOTION INC,366505105,1344489000.0,73995,0.0013991113417464128
IDCC,INTERDIGITAL INC,45867G101,1343900000.0,4450,0.001398498412536662
ZIP,ZIPRECRUITER INC,98980B103,1341789000.0,729233,0.001396301649273871
ACLS,AXCELIS TECHNOLOGIES INC,054540208,1340910000.0,14406,0.0013953869382800324
WT,WISDOMTREE INC,97717P104,1340161000.0,92044,0.0013946075087756123
CERS,CERUS CORP,157085101,1335987000.0,734059,0.0013902639323384312
CMPX,COMPASS THERAPEUTICS INC,20454B104,1334535000.0,252275,0.0013887529421643086
HIMS,HIMS & HERS HEALTH INC,433000106,1331858000.0,64155,0.0013859671841091252
APLS,APELLIS PHARMACEUTICALS INC,03753U106,1331814000.0,33105,0.0013859213965280914
SMPL,SIMPLY GOOD FOODS CO,82900L102,1316282000.0,91727,0.001369758380423084
NBTB,NBT BANCORP INC,628778102,1310953000.0,30788,0.0013642128799837598
OI,O-I GLASS INC,67098H104,1310828000.0,124722,0.0013640828016285493
WSR,WHITESTONE REIT,966084204,1309071000.0,81057,0.0013622544202677139
EMN,EASTMAN CHEM CO,277432100,1308583000.0,17146,0.001361746594368973
PNFP,PINNACLE FINL PARTNERS INC,72348N109,1307777000.0,15182,0.001360907849134577
BEN,FRANKLIN RESOURCES INC,354613101,1307343000.0,55349,0.0013604562170852872
VTOL,BRISTOW GROUP INC,11040G103,1305652000.0,27845,0.0013586965170960025
VOO,VANGUARD INDEX FDS,922908363,1305049000.0,2184,0.0013580690191104681
RLAY,RELAY THERAPEUTICS INC,75943R102,1304346000.0,131090,0.0013573374584407657
MDU,MDU RES GROUP INC,552690109,1303765000.0,62923,0.0013567328542457484
STWD,STARWOOD PPTY TR INC,85571B105,1303106000.0,75674,0.0013560470811570797
TYRA,TYRA BIOSCIENCES INC,90240B106,1302583000.0,34010,0.00135550283331888
AEO,AMERICAN EAGLE OUTFITTERS IN,02553E106,1299293000.0,77802,0.0013520791710097458
NATL,NCR ATLEOS CORPORATION,63001N106,1298423000.0,29794,0.001351173825657482
NEO,NEOGENOMICS INC,64049M209,1296615000.0,174746,0.0013492923723277207
LECO,LINCOLN ELEC HLDGS INC,533900106,1296212000.0,5204,0.0013488729997105228
DGX,QUEST DIAGNOSTICS INC,74834L100,1295428000.0,6610,0.0013480571482666441
POOL,POOL CORP,73278L105,1289854000.0,6375,0.0013422566942511076
ON1,OLD NATL BANCORP IND,680033107,1289535000.0,58350,0.001341924734288611
TRNO,TERRENO RLTY CORP,88146M101,1289144000.0,20989,0.0013415178491935132
FCFS,FIRSTCASH HOLDINGS INC,33768G107,1286672000.0,6844,0.001338945419640875
NSZ,NETSCOUT SYS INC,64115T104,1286128000.0,40457,0.001338379318639
PL,PLANET LABS PBC,72703X106,1285029000.0,45976,0.0013372356697399913
INSP,INSPIRE MED SYS INC,457730109,1282846000.0,24871,0.001334963981344599
FUTU,FUTU HLDGS LTD,36118L106,1278569000.0,9349,0.0013305132203427245
SCSC,SCANSOURCE INC,806037107,1275945000.0,35150,0.0013277826155101505
FHB,FIRST HAWAIIAN INC,32051X108,1275095000.0,51749,0.0013268980826947206
MTW,MANITOWOC CO INC,563571405,1274825000.0,109427,0.0013266171134474663
AWI,ARMSTRONG WORLD INDS INC NEW,04247X102,1274069000.0,7731,0.0013258303995551547
TNC,TENNANT CO,880345103,1273618000.0,19181,0.001325361076849556
HPK,HIGHPEAK ENERGY INC,43114Q105,1272560000.0,184429,0.0013242600936510564
GIII,G III APPAREL GROUP LTD,36237H101,1271873000.0,45916,0.0013235451830108207
PECO,PHILLIPS EDISON & CO INC,71844V201,1271045000.0,33967,0.0013226835439859078
EPRT,ESSENTIAL PPTYS RLTY TR INC,29670E107,1265587000.0,41686,0.0013170038026840065
NE,NOBLE CORP PLC,G65431127,1264485000.0,25769,0.001315857031904473
CZR,CAESARS ENTERTAINMENT INC NE,12769G100,1260182000.0,47680,0.0013113792146047145
FE,FIRSTENERGY CORP,337932107,1259509000.0,24862,0.0013106788727402625
OLMA,OLEMA PHARMACEUTICALS INC,68062P106,1257524000.0,84341,0.0013086132284595234
FET,FORUM ENERGY TECHNOLOGIES IN,34984V209,1256673000.0,21423,0.0013077276550172519
KMT,KENNAMETAL INC,489170100,1255518000.0,34750,0.001306525731015109
TMDX,TRANSMEDICS GROUP INC,89377M109,1251472000.0,12589,0.001302315354813663
MLI,MUELLER INDS INC,624756102,1250267000.0,11284,0.0013010613994694359
PCVX,VAXCYTE INC,92243G108,1250120000.0,21513,0.0013009084273237087
SKT,TANGER INC,875465106,1247066000.0,36700,0.001297730352949211
HRL,HORMEL FOODS CORP,440452100,1246543000.0,55035,0.0012971861051110113
MARA,MARA HOLDINGS INC,565788106,1244922000.0,152564,0.0012954992490006446
HTO,H2O AMERICA,784305104,1244625000.0,21214,0.001295190182828665
RRR,RED ROCK RESORTS INC,75700L108,1236778000.0,23178,0.001287024384001985
VCYT,VERACYTE INC,92337F107,1227459000.0,38108,0.001277326782464349
HFWA,HERITAGE FINL CORP WASH,42722X106,1226498000.0,47173,0.0012763267400694924
MP,MP MATERIALS CORP,553368101,1223729000.0,25357,0.0012734452443448744
ONON,ON HLDG AG,H5919C104,1222407000.0,35932,0.0012720695356601708
TNET,TRINET GROUP INC,896288107,1222154000.0,33548,0.001271806257069225
AROC,ARCHROCK INC,03957W106,1215564000.0,34930,0.0012649485261825395
ES,EVERSOURCE ENERGY,30040W108,1214340000.0,17528,0.0012636747989283206
ATMU,ATMUS FILTRATION TECHNOLOGIE,04956D107,1212096000.0,21351,0.0012613396322955859
ACN,ACCENTURE PLC IRELAND,G1151C101,1210014000.0,6102,0.0012591730472112036
RVMD,REVOLUTION MEDICINES INC,76155X100,1205997000.0,12401,0.0012549928491881663
BSY,BENTLEY SYS INC,08265T208,1205880000.0,34336,0.0012548710958476897
INSW,INTERNATIONAL SEAWAYS INC,Y41053102,1204634000.0,16529,0.0012535744748029536
FCNCA,FIRST CTZNS BANCSHARES INC D,31946M103,1204298000.0,639,0.0012532248241841485
N/A,QIAGEN NV,N72482156,1204043000.0,30071,0.0012529594643395194
B,BARRICK MNG CORP,06849F108,1200957000.0,29481,0.0012497480899060882
UFCS,UNITED FIRE GROUP INC,910340108,1200522000.0,32394,0.0012492954172299564
SUI,SUN CMNTYS INC,866674104,1197628000.0,9508,0.0012462838431501282
EPAC,ENERPAC TOOL GROUP CORP,292765104,1197456000.0,32834,0.0012461048553333589
BKD,BROOKDALE SR LIVING INC,112463104,1195728000.0,87407,0.0012443066521509321
UTL,UNITIL CORP,913259107,1193527000.0,22847,0.0012420162324723897
TIGO,MILLICOM INTL CELLULAR S A,L6388F110,1191471000.0,15899,0.0012398767036858912
GLPI,GAMING & LEISURE P,36467J108,1190225000.0,26825,0.0012385800826411552
PRAX,PRAXIS PRECISION MEDICINES I,74006W207,1189203000.0,3691,0.001237516562008956
SYRE,SPYRE THERAPEUTICS INC,00773J202,1188619000.0,23565,0.0012369088359334137
TTC,TORO CO,891092108,1188370000.0,12718,0.001236649719849835
UMAC,UNUSUAL MACHS INC,91532F102,1188032000.0,95809,0.0012362979879773461
AMR,ALPHA METALLURGICAL RESOUR I,020764106,1185229000.0,5774,0.001233381110940111
IEX,IDEX CORP,45167R104,1184308000.0,6248,0.0012324226936189218
COF,CAPITAL ONE FINL CORP,14040H105,1183294000.0,6486,0.0012313674980014562
HE,HAWAIIAN ELEC INDS INC MTN B,419870100,1178786000.0,79433,0.001226676352199153
CNTA,CENTESSA PHARMACEUTICALS PLC,152309100,1178492000.0,29670,0.0012263704079076984
PAYO,PAYONEER GLOBAL INC,70451X104,1178317000.0,243958,0.001226188298210404
DRH,DIAMONDROCK HOSPITALITY CO,252784301,1177781000.0,125697,0.0012256305222232624
HNM,ORMAT TECHNOLOGIES INC,686688102,1177622000.0,10522,0.001225465062555435
KOP,KOPPERS HOLDINGS INC,50060P106,1172739000.0,30319,0.001220383681687501
TSHA,TAYSHA GENE THERAPIES INC,877619106,1171766000.0,262140,0.0012193711517705442
COHU,COHU INC,192576106,1167051000.0,38114,0.0012144645962120127
CHEF,CHEFS WHSE INC,163086101,1166706000.0,19625,0.0012141055799516323
OTIS,OTIS WORLDWIDE CORP,68902V107,1162829000.0,15086,0.0012100710696864305
DYN,DYNE THERAPEUTICS INC,26818M108,1161317000.0,64055,0.0012084976419018073
7HP,HP INC,40434L105,1157191000.0,60239,0.0012042040155530265
SF,STIFEL FINL CORP,860630102,1156109000.0,15640,0.0012030780573103264
CORT,CORCEPT THERAPEUTICS INC,218352102,1155728000.0,28671,0.0012026815784836455
SO,SOUTHERN CO,842587107,1153142000.0,11947,0.0011999905174710553
MGY,MAGNOLIA OIL & GAS CORP,559663109,1152021000.0,36491,0.0011988239747815297
FIGS,FIGS INC,30260D103,1151129000.0,77937,0.0011978957356387494
RES,RPC INC,749660106,1146061000.0,161873,0.001192621838805104
CNOB,CONNECTONE BANCORP INC,20786W107,1140750000.0,42613,0.00118709506964893
IONS,IONIS PHARMACEUTICALS INC,462222100,1138439000.0,15161,0.0011846901810178027
RGA,REINSURANCE GROUP AMER INC,759351604,1135946000.0,5564,0.001182095898301489
CLF,CLEVELAND-CLIFFS INC NEW,185899101,1130990000.0,133845,0.0011769385516741122
ARMK,ARAMARK,03852U106,1129242000.0,27855,0.0011751195359548518
SONO,SONOS INC,83570H108,1129004000.0,84254,0.0011748718667665315
PJT,PJT PARTNERS INC,69343T107,1126423000.0,8062,0.0011721860088881497
TRL,DAVITA INC,23918K108,1123935000.0,7313,0.0011695969293060444
ERAS,ERASCA INC,29479A108,1121371000.0,69306,0.0011669287620839713
CALM,CAL MAINE FOODS INC,128030202,1121081000.0,14164,0.0011666269802998836
TNGX,TANGO THERAPEUTICS INC,87583X109,1119534000.0,53515,0.0011650171305758012
WAY,WAYSTAR HLDG CORP,946784105,1115232000.0,46256,0.0011605403539028845
CWAN,CLEARWATER ANALYTICS HLDGS I,185123106,1113324000.0,47075,0.001158554837888955
HLIT,HARMONIC INC,413160102,1111122000.0,123733,0.0011562633775835708
HTHT,H WORLD GROUP LTD,44332N106,1110956000.0,22091,0.0011560906335278517
FNF,FIDELITY NATL FINL INC,31620R303,1103937000.0,23802,0.0011487864737260846
PLXS,PLEXUS CORP,729132100,1103843000.0,5450,0.0011486886548029665
MTCH,MATCH GROUP INC NEW,57667L107,1100616000.0,35839,0.001145330551984858
FDP,FRESH DEL MONTE PRODUCE INC,G36738105,1099903000.0,27320,0.0011445885850467387
NEU,NEWMARKET CORP,651587107,1097947000.0,1713,0.0011425531189444085
CI,THE CIGNA GROUP,125523100,1096076000.0,4109,0.0011406061061236211
BNTX,BIONTECH SE,09075V102,1095002000.0,12320,0.0011394884728956544
PEGA,PEGASYSTEMS INC,705573103,1086897000.0,25538,0.0011310541923438204
HIVE,HIVE DIGITAL TECHNOLOGIES LT,433921103,1086800000.0,572000,0.0011309532515401772
AVAH,AVEANNA HEALTHCARE HLDGS INC,05356F105,1085597000.0,168571,0.0011297013774496337
CVNA,CARVANA CO,146869102,1084611000.0,3450,0.0011286753193837352
CLNE,CLEAN ENERGY FUELS CORP,184499101,1082398000.0,436451,0.0011263724121830924
IBRX,IMMUNITYBIO INC,45256X103,1081738000.0,141035,0.0011256855984675823
DKS,DICKS SPORTING GOODS INC,253393102,1081474000.0,5454,0.001125410872981378
IBOC,INTERNATIONAL BANCSHARES COR,459044103,1079399000.0,16041,0.0011232515722848877
MFA,MFA FINL INC,55272X607,1077281000.0,112451,0.0011210475246342048
EXTR,EXTREME NETWORKS INC,30226D106,1075053000.0,71290,0.0011187290080309368
ALC,ALCON AG,H01301128,1063791000.0,14118,0.0011070094685399123
ITGR,INTEGER HLDGS CORP,45826H109,1060136000.0,12047,0.001103205977433564
HOOD,ROBINHOOD MKTS INC,770700102,1058003000.0,15267,0.001100986320380256
CNHI,CNH INDL N V,N20944109,1057386000.0,96126,0.0011003442536189382
ZBH,ZIMMER BIOMET HOLDINGS INC,98956P102,1055744000.0,11676,0.0010986355443448961
CNMD,CONMED CORP,207410101,1054294000.0,29816,0.001097126635424457
ADBE,ADOBE INC,00724F101,1053812000.0,4335,0.001096625053286766
BSY,BENTLEY SYS INC,08265T208,1053424000.0,29995,0.0010962212900721933
VAL,VALARIS LTD,G9460G101,1053244000.0,10743,0.0010960339772406907
MDLN,MEDLINE INC,58507V107,1051446000.0,23628,0.001094162930179346
PRVA,PRIVIA HEALTH GROUP INC,74276R102,1051250000.0,51106,0.0010939589673183764
PYPL,PAYPAL HLDGS INC,70450Y103,1050313000.0,23222,0.00109298389996772
FR,FIRST INDL RLTY TR INC,32054K103,1048184000.0,18119,0.0010907684054217788
DLB,DOLBY LABORATORIES INC,25659T107,1046906000.0,17431,0.001089438484318109
GATX,GATX CORP,361448103,1045270000.0,6122,0.001087736018805117
OGE,OGE ENERGY CORP,670837103,1045000000.0,21789,0.0010874550495578628
DAN,DANA INC,235825205,1043958000.0,31024,0.00108637071638883
BRC,BRADY CORP,104674106,1042472000.0,12832,0.0010848243449020903
LEG,LEGGETT & PLATT INC,524660107,1039613000.0,105224,0.0010818491927617208
UNIT,UNITI GROUP LLC,912932100,1036640000.0,110516,0.0010787554091614
RIG,TRANSOCEAN LTD,H8817H100,1035639000.0,156205,0.001077713741692876
JKHY,HENRY JACK & ASSOC INC,426281101,1032159000.0,6531,0.001074092360283822
SSRM,SSR MINING IN,784730103,1030999000.0,35068,0.0010728852331474707
NWN,NORTHWEST NAT HLDG CO,66765N105,1026135000.0,19281,0.0010678236241895287
ELS,EQUITY LIFESTYLE PROPERTIES,29472R108,1025249000.0,16425,0.0010669016288077982
BTBT,BIT DIGITAL INC,G1144A105,1024488000.0,782052,0.0010661097117812782
KGC,KINROSS GOLD CORP,496902404,1023457000.0,33583,0.0010650368255075038
ENOV,ENOVIS CORPORATION,194014502,1022772000.0,44957,0.0010643239961209516
WWW,WOLVERINE WORLD WIDE INC,978097103,1021812000.0,62611,0.0010633249943529368
PLNT,PLANET FITNESS MASTER ISSUER,72703H101,1021758000.0,13737,0.0010632688005034858
HNRG,HALLADOR ENERGY COMPANY,40609P105,1019047000.0,62595,0.0010604476611356856
EHC,ENCOMPASS HEALTH CORP,29261A100,1018470000.0,10529,0.0010598472194480349
TXRH,TEXAS ROADHOUSE INC,882681109,1018088000.0,6165,0.0010594496999945125
IMVT,IMMUNOVANT INC,45258J102,1017943000.0,40980,0.0010592988091024684
MLYS,MINERALYS THERAPEUTICS INC,603170101,1010755000.0,37311,0.001051818783364457
OHI,OMEGA HEALTHCARE INVS INC,681936100,1010314000.0,23056,0.0010513598669272752
UVE,UNIVERSAL INS HLDGS INC,91359V107,1001230000.0,29310,0.0010419068126974345
VUSI,TIDAL TR IV,88636N403,1001000000.0,20000,0.0010416674685238476
ECG,EVERUS CONSTR GROUP,300426103,998551000.0,8458,0.001039118973388568
WT,WISDOMTREE INC,97717P104,998306000.0,68565,0.0010388640198123558
DTM,DT MIDSTREAM INC,23345M107,996154000.0,7397,0.0010366245908490558
AROW,ARROW FINL CORP,042744102,994411000.0,29622,0.0010348107782640037
AWM,SKYWORKS SOLUTIONS INC,83088M102,993245000.0,18548,0.0010335974073666023
JBSS,SANFILIPPO JOHN B & SON INC,800422107,992815000.0,12515,0.001033149937824679
VCOB,TIDAL TR IV,88636N205,988764000.0,20000,0.0010289343584890245
BCBP,BCB BANCORP INC,055298103,988123000.0,110036,0.0010282673166835063
CVLT,COMMVAULT SYS INC,204166102,988035000.0,12685,0.0010281757415214383
VMSB,TIDAL TR IV,88636N304,986400000.0,20000,0.001026474316635288
SHC,SOTERA HEALTH CO,83601L102,984298000.0,68640,0.001024286919014072
IRMD,IRADIMED CORP,46266A109,982526000.0,10207,0.0010224429282506113
TDW,TIDEWATER INC NEW,88642R109,982381000.0,11758,0.0010222920373585674
CNXN,PC CONNECTION INC,69318J100,982186000.0,16801,0.0010220891151244394
SCI,SERVICE CORP INTL,817565104,980384000.0,11882,0.001020213905555728
OSW,ONESPAWORLD HOLDINGS LIMITED,P73684113,973769000.0,42430,0.0010133301589980003
VCTR,VICTORY CAP HLDGS INC DEL,92645B103,973426000.0,14866,0.0010129732239913035
SWX,SOUTHWEST GAS HLDGS INC,844895102,972324000.0,11189,0.0010118264532117697
UBSI,UNITED BANKSHARES INC WEST V,909907107,971672000.0,23459,0.001011147964510993
LUMN,LUMEN TECHNOLOGIES INC,550241103,971534000.0,139789,0.0010110043580068408
MOH,MOLINA HEALTHCARE INC,60855R100,971224000.0,7286,0.0010106817636859194
ALMS,ALUMIS INC,022307102,969100000.0,43990,0.0010084714722741863
AGCO,AGCO CORP,001084102,968905000.0,8362,0.0010082685500400583
DORM,DORMAN PRODS INC,258278100,968565000.0,9281,0.0010079147369138864
KN,KNOWLES CORP,49926D109,966236000.0,37626,0.0010054911169996086
XERS,XERIS BIOPHARMA HOLDINGS INC,98422E103,965764000.0,166511,0.0010049999411303346
HMST,MECHANICS BANCORP,43785V102,964606000.0,65397,0.0010037948952476667
NEM,NEWMONT CORP,651639106,964183000.0,8907,0.0010033547100936353
MKTX,MARKETAXESS HLDGS INC,57060D108,964143000.0,5844,0.0010033130850199679
MUR,MURPHY OIL CORP,626717102,962363000.0,23330,0.0010014607692417736
TXNM,TXNM ENERGY INC,69349H107,961141000.0,16441,0.001000189123241238
PGR,PROGRESSIVE CORP,743315103,961067000.0,4848,0.0010001121168549537
PATH,UIPATH INC,90364P105,959817000.0,86470,0.0009988113333028509
TECH,BIO-TECHNE CORP,09073M104,958501000.0,18341,0.000997441868379197
VTOL,BRISTOW GROUP INC,11040G103,955806000.0,20384,0.0009946373790408636
NJR,NEW JERSEY RES CORP,646025106,953686000.0,17365,0.0009924312501364975
DPZ,DOMINOS PIZZA INC,25754A201,952229000.0,2654,0.0009909150568281667
UMAC,UNUSUAL MACHS INC,91532F102,949803000.0,76597,0.0009883904961102458
TMHC,TAYLOR MORRISON HOME CORP,87724P106,947390000.0,16267,0.0009858794635412666
TERN,TERNS PHARMACEUTICALS INC,880881107,946957000.0,17962,0.0009854288721188181
SBH,SALLY BEAUTY HLDGS INC,79546E104,946204000.0,68318,0.0009846452801070315
PENG,PENGUIN SOLUTIONS INC,706915105,945138000.0,53701,0.0009835359718937985
HG,HAMILTON INSURANCE GROUP LTD,G42706104,942986000.0,31612,0.0009812965429304983
STBA,S & T BANCORP INC,783859101,942430000.0,22530,0.000980717954406523
VMI,VALMONT INDS INC,920253101,941786000.0,2357,0.00098004779072048
FSLY,FASTLY INC,31188V100,938115000.0,32282,0.0009762276495846646
RUN,SUNRUN INC,86771W105,936698000.0,69078,0.0009747530813500009
CPB,THE CAMPBELLS COMPANY,134429109,931487000.0,41827,0.0009693303748779952
BMI,BADGER METER INC,056525108,930554000.0,6108,0.0009683594700347056
MDU,MDU RES GROUP INC,552690109,929541000.0,44862,0.0009673053150440815
CE,CELANESE CORP DEL,150870103,927752000.0,14106,0.0009654436336243122
ESNT,ESSENT GROUP LTD,G3198U102,927735000.0,15875,0.0009654259429680037
CC,CHEMOURS CO,163851108,926428000.0,42053,0.0009640658436859251
AGCO,AGCO CORP,001084102,925454000.0,7987,0.0009630522731421267
GNTX,GENTEX CORP,371901109,925216000.0,42344,0.0009628046039538062
PINS,PINTEREST INC,72352L106,922740000.0,50313,0.0009602280118938013
CG,CARLYLE GROUP INC,14316J108,922652000.0,19067,0.0009601364367317332
BOX,BOX INC,10316T104,920660000.0,38945,0.0009580635080631023
FDX,FEDEX CORP,31428X106,913264000.0,2563,0.000950367031942021
KRG,KITE REALTY GROUP TRUST,49803T300,912082000.0,37152,0.0009491370110151527
ASGN,ASGN INC,00191U102,911659000.0,23551,0.0009486968258611212
BAH,BOOZ ALLEN HAMILTON HLDG COR,099502106,911234000.0,11678,0.0009482545594534063
PACS,PACS GROUP INC,69380Q107,910441000.0,28345,0.0009474293423679523
AVPT,AVEPOINT INC,053604104,910088000.0,95698,0.0009470620010928385
GLNG,GOLAR LNG LTD,G9456A100,906559000.0,16754,0.0009433896289685421
MELI,MERCADOLIBRE  INC,58733R102,906006000.0,524,0.0009428141623250919
N/A,MAGNUM ICE CREAM CO NV,N5505D105,905906000.0,61860,0.0009427100996409237
ATEN,A10 NETWORKS INC,002121101,902744000.0,39046,0.0009394196375675246
TEAM,ATLASSIAN CORPORATION,049468101,898648000.0,13167,0.0009351572300239945
UFPI,UFP INDUSTRIES INC,90278Q108,896972000.0,9737,0.0009334131394373352
LKQ1,LKQ CORP,501889208,895109000.0,30477,0.0009314744516312814
WHD,CACTUS INC,127203107,893398000.0,18860,0.0009296939391051631
XCY,OPKO HEALTH INC,68375N103,893309000.0,783604,0.0009296013233162535
CARG,CARGURUS INC,141788109,892893000.0,26223,0.0009291684225501137
CENX,CENTURY ALUM CO,156431108,890679000.0,15176,0.0009268644747226293
MATX,MATSON INC,57686G105,889702000.0,5427,0.0009258477822983059
NXST,NEXSTAR MEDIA GROUP INC,65336K103,889503000.0,4919,0.0009256406975568112
SNDX,SYNDAX PHARMACEUTICALS INC,87164F105,889082000.0,38060,0.0009252025936564628
QBTS,D-WAVE QUANTUM INC,26740W109,885713000.0,61380,0.0009216967218268358
OFIX,ORTHOFIX MED INC,68752M108,884865000.0,77146,0.0009208142702650891
MDLZ,MONDELEZ INTL INC,609207105,883515000.0,15327,0.0009194094240288183
SXC,SUNCOKE ENERGY INC,86722A103,883251000.0,135676,0.0009191346985426142
EMBC,EMBECTA CORP,29082K105,882055000.0,99780,0.0009178901088399623
AAL,AMERICAN AIRLINES GROUP INC,02376R102,881582000.0,82084,0.0009173978923438467
MTUS,METALLUS INC,887399103,878536000.0,53766,0.0009142281429840828
CNX,CNX RES CORP,12653C108,877359000.0,22759,0.0009130033251914228
CLSK,CLEANSPARK INC,18452B209,877279000.0,103088,0.0009129200750440884
SF,STIFEL FINL CORP,860630102,875804000.0,11848,0.0009113851504526071
EMR,EMERSON ELEC CO,291011104,873608000.0,6667,0.0009090999339082731
RIVN,RIVIAN AUTOMOTIVE INC,76954A103,872238000.0,57956,0.0009076742751351686
XENE,XENON PHARMACEUTICALS INC,98420N105,871843000.0,14993,0.0009072632275327041
TECH,BIO-TECHNE CORP,09073M104,869502000.0,16638,0.0009048271200963261
FFBC,1ST FINL BANCORP,320209109,868490000.0,31151,0.0009037740057325438
NMRK,NEWMARK GROUP INC,65158N102,868311000.0,57926,0.0009035877335278827
AUB,ATLANTIC UN BANKSHARES CORP,04911A107,866266000.0,24238,0.0009014596516366427
N/A,NEWAMSTERDAM PHARMA COMPANY,N62509109,865871000.0,27050,0.0009010486040341781
SEIC,SEI INVTS CO,784117103,863798000.0,11008,0.000898891384591371
YELP,YELP INC,985817105,863104000.0,34887,0.0008981691895632437
EWTX,EDGEWISE THERAPEUTICS INC,28036F105,860737000.0,27325,0.0008957060258289819
RDDT,REDDIT INC,75734B100,860414000.0,6390,0.0008953699033591187
ABCB,AMERIS BANCORP,03076K108,859060000.0,11015,0.0008939608946154809
EGHT,8X8 INC NEW,282914100,858828000.0,517366,0.0008937194691882107
AWG,ASBURY AUTOMOTIVE GROUP INC,043436104,858045000.0,4391,0.0008929046583711735
ROIV,ROIVANT SCIENCES LTD,G76279101,857454000.0,30955,0.0008922896479077395
HAE,HAEMONETICS CORP MASS,405024100,853459000.0,15143,0.0008881323436752192
UPS,UNITED PARCEL SVCS INC,911312106,851996000.0,8659,0.0008866099066058382
TCMD,TACTILE SYS TECHNOLOGY INC,87357P100,851655000.0,32593,0.0008862550528528246
CLDT,CHATHAM LODGING TR,16208T102,849929000.0,107996,0.0008844589309240811
HNI,HNI CORP,404251100,848674000.0,25417,0.0008831529442377699
AFG,AMERICAN FINANCIAL GROUP INC,025932104,847739000.0,6638,0.0008821799581407971
MAC,MACERICH CO,554382101,846134000.0,44769,0.0008805097520598973
HOMB,HOME BANCSHARES INC,436893200,845737000.0,31405,0.0008800966232037495
RLAY,RELAY THERAPEUTICS INC,75943R102,845372000.0,84962,0.0008797167944065355
VECO,VEECO INSTRS INC DEL,922417100,843723000.0,24918,0.0008780008007446015
ERAS,ERASCA INC,29479A108,842574000.0,52075,0.0008768051205035088
CTS,CTS CORP,126501105,839955000.0,17587,0.0008740797188051433
BAM,BROOKFIELD ASSET MANAGMT LTD,113004105,839572000.0,18888,0.0008736811587247789
ALC,ALCON AG,H01301128,839474000.0,11141,0.000873579177294294
EGP,EASTGROUP PPTYS INC,277276101,836607000.0,4520,0.0008705957001391912
JCI,JOHNSON CONTROLS INTERNATION,G51502105,835755000.0,6382,0.000869709086070078
KGS,KODIAK GAS SVCS INC,50012A108,834909000.0,14316,0.0008688287157620151
MD,PEDIATRIX MEDICAL GROUP INC,58502B106,833804000.0,38981,0.0008676788231019562
GM,GENERAL MTRS CO,37045V100,833306000.0,11184,0.0008671605909347984
6RJ0,ROCKET LAB CORP,773121108,833190000.0,12974,0.0008670398782211633
INGM,INGRAM MICRO HLDG CORP,457152106,832144000.0,35699,0.0008659513825447639
CRCL,CIRCLE INTERNET GROUP INC,172573107,831594000.0,8716,0.0008653790377818386
SFNC,SIMMONS FIRST NATL CORP,828730200,830359000.0,42692,0.0008640938636323611
BIPC,BROOKFIELD INFRASTRUCTURE CO,11276H106,830236000.0,21008,0.0008639658665308342
BZ,KANZHUN LIMITED,48553T106,829256000.0,61931,0.0008629460522259858
DPZ,DOMINOS PIZZA INC,25754A201,827370000.0,2306,0.0008609834300025731
HTH,HILLTOP HLDGS INC,432748101,826582000.0,23076,0.0008601634160513276
DOX,AMDOCS LTD,G02602103,823842000.0,12624,0.0008573120985051185
MUSA,MURPHY USA INC,626755102,820978000.0,1662,0.0008543317432305408
JOBY,JOBY AVIATION INC,G65163100,818384000.0,99078,0.0008516323572032173
HOPE,HOPE BANCORP INC,43940T109,817465000.0,73184,0.0008506760211357113
RWT,REDWOOD TRUST INC,758075402,813826000.0,145067,0.0008468891800588299
CORZ,CORE SCIENTIFIC INC NEW,21874A106,813510000.0,54379,0.0008465603419768584
N/A,AEBI SCHMIDT HLDG AG,H00501108,813329000.0,83762,0.0008463719885185137
CRNC,CERENCE INC,156727109,811794000.0,128652,0.0008447746263165317
U,UNITY SOFTWARE INC,91332U101,811407000.0,36983,0.0008443719037288007
CEVA,CEVA INC,157210105,810917000.0,43411,0.0008438619965763764
ADMA,ADMA BIOLOGICS INC,000899104,809053000.0,89795,0.0008419222681434809
IDA,IDACORP INC,451107106,808924000.0,5658,0.0008417880272809039
AGNC,AGNC INVT CORP,00123Q104,808629000.0,80621,0.0008414810423626076
QNST,QUINSTREET INC,74874Q100,806988000.0,67193,0.0008397733737154073
HCI,HCI GROUP INC,40416E103,806291000.0,5215,0.0008390480568067547
COMP,COMPASS INC,20464U100,805555000.0,110199,0.0008382821554512766
KNF,KNIFE RIVER CORP,498894104,803436000.0,9840,0.0008360770671737522
BF/B,BROWN FORMAN CORP,115637209,801714000.0,30322,0.0008342851077523755
OTTR,OTTER TAIL CORP,689648103,800726000.0,9123,0.0008332569684327936
CRVS,CORVUS PHARMACEUTICALS INC,221015100,799822000.0,54670,0.0008323162417679129
ANAB,ANAPTYSBIO INC,032724106,795629000.0,14346,0.0008279528934207396
BB4,AXOS FINANCIAL INC,05465C100,795506000.0,9349,0.0008278248963192127
PTEN,PATTERSON-UTI ENERGY INC,703481101,793189000.0,73240,0.000825413763927035
MCRI,MONARCH CASINO & RESORT INC,609027107,792715000.0,8292,0.0008249205068040777
STNE,STONECO LTD,G85158106,791313000.0,56042,0.0008234615479720393
AEM,AGNICO EAGLE MINES LTD,008474108,788908000.0,3899,0.0008209588404177936
VIPS,VIPSHOP HLDGS LTD,92763W103,787038000.0,50066,0.0008190128682238481
CASH,PATHWARD FINANCIAL INC,59100U108,786295000.0,8812,0.0008182396824804782
PAHC,PHIBRO ANIMAL HEALTH CORP,71742Q106,786232000.0,14215,0.0008181741229894522
ADEA,ADEIA INC,00676P107,784604000.0,32651,0.0008164799824911937
SIGI,SELECTIVE INS GROUP INC,816300107,783528000.0,10393,0.0008153602680095437
NYMT,ADAMAS TRUST INC.,649604840,782611000.0,106333,0.000814406013195721
MASI,MASIMO CORP,574795100,782450000.0,4399,0.0008142384722742102
SPG,SIMON PPTY GROUP INC NEW,828806109,780957000.0,4186,0.0008126848163995788
RGTI,RIGETTI COMPUTING INC,76655K103,780105000.0,55563,0.0008117982023304656
MELI,MERCADOLIBRE  INC,58733R102,774601000.0,448,0.0008060705921938469
IM8N,INSMED INC,457669307,774267000.0,4735,0.0008057230228287252
VSTS,VESTIS CORPORATION,29430C102,773998000.0,98473,0.0008054430942083127
BDC,BELDEN INC,077454106,773839000.0,6739,0.0008052776345404851
KNX,KNIGHT-SWIFT TRANSN HLDGS IN,499049104,772263000.0,13412,0.000803637606637994
VSCO,VICTORIAS SECRET AND CO,926400102,771662000.0,16645,0.0008030121899061432
AMKR,AMKOR TECHNOLOGY INC,031652100,771409000.0,17131,0.0008027489113151974
CAKE,CHEESECAKE FACTORY INC,163072101,770497000.0,14073,0.0008017998596355833
FCF,FIRST COMWLTH FINL CORP PA,319829107,770444000.0,43825,0.0008017447064129741
STNG,SCORPIO TANKERS INC,Y7542C130,768475000.0,10293,0.000799695712161702
RDN,RADIAN GROUP INC,750236101,764777000.0,23119,0.0007958474741011615
UHAL,U HAUL HOLDING COMPANY,023586100,764241000.0,15995,0.0007952896981140196
FELE,FRANKLIN ELEC INC,353514102,762707000.0,8275,0.0007936933765388792
EXEL,EXELIXIS INC,30161Q104,761726000.0,17760,0.0007926725216071891
BFS,SAUL CTRS INC,804395101,761134000.0,23362,0.0007920564705169132
LAUR,LAUREATE ED INC,518613203,759826000.0,21809,0.000790695330607993
WULF,TERAWULF INC,88080T104,759696000.0,52647,0.0007905600491185742
NOC,NORTHROP GRUMMAN CORP,666807102,758651000.0,1112,0.0007894725940690164
PFF,ISHARES TR,464288687,758000000.0,25000,0.0007887951459950814
BCPC,BALCHEM CORP,057665200,755203000.0,4456,0.0007858845127188962
VRTS,VIRTUS INVT PARTNERS INC,92828Q109,752763000.0,5603,0.0007833453832251918
RUSHA,RUSH ENTERPRISES INC,781846209,751076000.0,11361,0.0007815898457432741
CBL,CBL & ASSOC PPTYS INC,124830878,749769000.0,19510,0.0007802297464611954
CLVT,CLARIVATE PLC,G21810109,748566000.0,295876,0.0007789778723706518
REZI,RESIDEO TECHNOLOGIES INC,76118Y104,748564000.0,22206,0.0007789757911169684
ALNT,ALLIENT INC,019330109,747666000.0,12653,0.0007780413082131379
IESC,IES HOLDINGS INC,44951W106,746628000.0,1567,0.0007769611375514718
HLI,HOULIHAN LOKEY INC,441593100,746537000.0,5198,0.0007768664405088786
ENSG,ENSIGN GROUP INC,29358P101,744543000.0,3695,0.0007747914305865645
ACI,ALBERTSONS COS INC,013091103,744086000.0,43667,0.0007743158641199156
ERIE,ERIE INDTY CO,29530P102,743626000.0,2959,0.0007738371757727418
DUOL,DUOLINGO INC,26603R106,742429000.0,7532,0.0007725915454432483
BCO,BRINKS CO,109696104,741576000.0,7156,0.0007717038907472934
XP,XP INC,G98239109,741056000.0,38921,0.0007711627647896187
QBTS,D-WAVE QUANTUM INC,26740W109,740187000.0,51295,0.0007702584600641968
YEXT,YEXT INC,98585N106,737622000.0,192089,0.0007675892522152822
KNSL,KINSALE CAP GROUP INC,49714P108,737302000.0,2158,0.0007672562516259438
NOVT,NOVANTA INC,67000B104,735825000.0,6230,0.0007657192457807793
CR,CRANE COMPANY,224408104,732735000.0,4285,0.0007625037088399815
ACLX,ARCELLX INC,03940C100,732322000.0,6378,0.0007620739299543666
EBC,EASTERN BANKSHARES INC,27627N105,731622000.0,37404,0.0007613454911651891
RRBI,RED RIVER BANCSHARES INC,75686R202,730936000.0,8082,0.0007606316211517953
AM,ANTERO MIDSTREAM CORP,03676B102,730763000.0,32051,0.0007604515927081842
SPHR,SPHERE ENTERTAINMENT CO,55826T102,730698000.0,6224,0.0007603839519634748
CRSP,CRISPR THERAPEUTICS AG,H17182108,730532000.0,15357,0.0007602112079077556
UUUU,ENERGY FUELS INC,292671708,729872000.0,39993,0.0007595243941922454
CPNG,COUPANG INC,22266T109,729259000.0,38626,0.0007588864899382942
LC,LENDINGCLUB ISSUANCE TR SER,52603A208,727241000.0,50785,0.0007567865049717796
MDB,MONGODB INC,60937P106,726233000.0,2967,0.000755737553115364
CMPR,CIMPRESS PLC,G2143T103,724744000.0,9928,0.0007541880597480992
JHG,JANUS HENDERSON GROUP PLC,G4474Y214,720927000.0,14034,0.0007502159870933984
RSI,RUSH STREET INTERACTIVE INC,782011100,717228000.0,32976,0.0007463667084060161
ZETA,ZETA GLOBAL HOLDINGS CORP,98956A105,715079000.0,44917,0.0007441304013232411
THRM,GENTHERM INC,37253A103,715002000.0,25738,0.0007440502730564316
FOLD,AMICUS THERAPEUTIC,03152W109,714512000.0,49413,0.0007435403659040073
TTI,TETRA TECHNOLOGIES INC DEL,88162F105,714504000.0,83862,0.0007435320408892739
GPRE,GREEN PLAINS INC,393222104,714210000.0,43417,0.0007432260965978193
DXPE,DXP ENTERPRISES INC,233377407,713461000.0,5106,0.0007424466670933994
ADTN,ADTRAN HOLDINGS INC,00486H105,713324000.0,56703,0.0007423041012160888
OOMA,OOMA INC,683416101,713110000.0,49011,0.0007420814070719689
NAVI,NAVIENT CORPORATION,63938C108,712674000.0,87124,0.0007416276937689955
INDV,INDIVIOR PHARMACEUTICALS INC,45579U109,712318000.0,23370,0.0007412572306133566
MTH,MERITAGE HOMES CORP,59001A102,710109000.0,11483,0.0007389584859200807
TCBI,TEXAS CAP BANCSHARES INC,88224Q107,709608000.0,7479,0.000738437131872398
ENPH,ENPHASE ENERGY INC,29355A107,708370000.0,18735,0.0007371488358423955
DOLE,DOLE PLC,G27907107,708170000.0,49557,0.000736940710474059
WMS,ADVANCED DRAIN SYS INC DEL,00790R104,706220000.0,5150,0.0007349114881327788
FRSH,FRESHWORKS INC,358054104,706198000.0,87945,0.0007348885943422618
MXL,MAXLINEAR INC,57776J100,703112000.0,40432,0.0007316772199088306
BX,BLACKSTONE INC,09260D107,702704000.0,6111,0.0007312526441574243
TARS,TARSUS PHARMACEUTICALS INC,87650L103,701500000.0,10000,0.000729999729440039
FICO,FAIR ISAAC CORP,303250104,700306000.0,656,0.0007287572209910705
OBK,ORIGIN BANCORP INC,68621T102,699472000.0,16871,0.0007278893382051076
TRIP,TRIPADVISOR INC,896945201,698166000.0,65494,0.0007265302795498706
TOST,TOAST INC,888787108,697478000.0,26310,0.0007258143282827933
MYGN,MYRIAD GENETICS INC,62855J104,697055000.0,154901,0.0007253741431287618
LW,LAMB WESTON HLDGS INC,513272104,696191000.0,16474,0.0007244750415375484
AIR,AAR CORP,000361105,695728000.0,6356,0.0007239932313098496
ENR,ENERGIZER HLDGS INC,29272W109,695699000.0,42369,0.0007239630531314408
AMH,AMERICAN HOMES 4 RENT,02665T306,695459000.0,24909,0.0007237133026894371
MDLN,MEDLINE INC,58507V107,692420000.0,15560,0.0007205508377175649
PRG,PROG HOLDINGS INC,74319R101,691601000.0,24106,0.0007196985643342272
RYAM,RAYONIER ADVANCED MATLS INC,75508B104,689772000.0,62310,0.0007177952578407905
COHR,COHERENT CORP,19247G107,688903000.0,2892,0.0007168909531153687
QC10,FLAGSTAR BANK NATIONAL ASSOC,649445400,687276000.0,52185,0.0007151978532439518
ASB,ASSOCIATED BANC-CORP,045487105,686997000.0,26566,0.0007149075183551226
ARLO,ARLO TECHNOLOGIES INC,04206A101,686512000.0,48244,0.0007144028143369067
EFV,ISHARES TR,464288877,686399000.0,9232,0.0007142852235037966
ALAB,ASTERA LABS INC,04626A103,684123000.0,6242,0.000711916756812128
CNXC,CONCENTRIX CORP,20602D101,683836000.0,24994,0.0007116180969085653
FFIN,FIRST FINL BANKSHARES INC,32020R109,682798000.0,23185,0.0007105379262468991
WPM,WHEATON PRECIOUS METALS CORP,962879102,681045000.0,5205,0.0007087137073934303
VKTX,VIKING THERAPEUTICS INC,92686J106,680574000.0,20915,0.000708223572150998
MPW,MEDICAL PROPERTIES TRUST INC,58463J304,680522000.0,146981,0.0007081694595552305
FTRE,FORTREA HLDGS INC,34965K107,680435000.0,72233,0.0007080789250200042
S,SENTINELONE INC,81730H109,679613000.0,52765,0.0007072235297561415
BYD,BOYD GAMING CORP,103304101,678725000.0,8259,0.0007062994531207276
VERA,VERA THERAPEUTICS INC,92337R101,678680000.0,16870,0.000706252624912852
FHN,FIRST HORIZON CORPORATION,320517105,678567000.0,29814,0.0007061350340797418
WBD,WARNER BROS DISCOVERY INC,934423104,678091000.0,24694,0.0007056396957031011
CNO,CNO FINL GROUP INC,12621E103,673220000.0,16396,0.0007005708023572674
CBT,CABOT CORP,127055101,671539000.0,8917,0.0006988215086363997
CGON,CG ONCOLOGY INC,156944100,671453000.0,9921,0.000698732014728015
LGND,LIGAND PHARMACEUTICALS INC,53220K504,670025000.0,3356,0.0006972459995980928
WF2,WINTRUST FINL CORP,97650W108,668440000.0,4811,0.0006955966060540266
ACMR,ACM RESH INC,00108J109,667061000.0,16952,0.0006941615816393469
NWS,NEWS CORP NEW,65249B208,666906000.0,23392,0.0006940002844788861
CERS,CERUS CORP,157085101,664578000.0,365153,0.00069157770519145
SSD,SIMPSON MFG INC,829073105,663998000.0,3869,0.0006909741416232744
GPI,GROUP 1 AUTOMOTIVE INC,398905109,662583000.0,2004,0.0006895016546422942
MAN,MANPOWERGROUP INC WIS,56418H100,662408000.0,22485,0.0006893195449449998
CATY,CATHAY GEN BANCORP,149150104,662340000.0,13284,0.0006892487823197653
SSB,SOUTHSTATE BK CORP,84472E102,661703000.0,7152,0.0006885859030216139
CENT,CENTRAL GARDEN & PET CO,153527106,660941000.0,17975,0.000687792945368252
LTC,LTC PPTYS INC,502175102,660259000.0,17768,0.0006870832378622248
NHI,NATIONAL HEALTH INVS INC,63633D104,660141000.0,8164,0.0006869604438949063
URGN,UROGEN PHARMA LTD,M96088105,659596000.0,36685,0.0006863933022661895
PSMT,PRICESMART INC,741511109,659190000.0,4380,0.0006859708077684665
FMNB,FARMERS NATIONAL BANC CORP,309627107,656645000.0,49897,0.0006833224124563854
SFBS,SERVISFIRST BANCSHARES INC,81768T108,656490000.0,9014,0.0006831611152959247
LMND,LEMONADE INC,52567D107,656009000.0,10466,0.0006826605737850755
RYN,RAYONIER INC,754907103,654149000.0,31724,0.0006807250078595468
MITT,TPG MTG INVTS TR INC,001228501,653887000.0,89451,0.0006804523636270261
VCEL,VERICEL CORP,92346J108,653630000.0,20318,0.0006801849225287137
HPK,HIGHPEAK ENERGY INC,43114Q105,652926000.0,94627,0.0006794523212321694
MGNI,MAGNITE INC,55955D100,652022000.0,54884,0.0006785115945672889
TVTX,TRAVERE THERAPEUTICS INC,89422G107,648540000.0,21829,0.0006748881319045515
OKLO,OKLO INC,02156V109,648488000.0,13077,0.0006748340193087841
IRTC,IRHYTHM HOLDINGS INC,450056106,648166000.0,5492,0.0006744989374657624
FICO,FAIR ISAAC CORP,303250104,647997000.0,607,0.0006743230715295181
LADR,LADDER CAP CORP,505743104,645699000.0,66090,0.0006719317110473324
BAND,BANDWIDTH INC,05988J103,644817000.0,36185,0.0006710138781729688
BEPC,BROOKFIELD RENEWABLE CORP,11285B108,644449000.0,16180,0.0006706309274952298
PCRX,PACIRA BIOSCIENCES INC,695127100,644236000.0,28506,0.0006704092739779515
VEEV,VEEVA SYS INC,922475108,643443000.0,3663,0.0006695840568924975
PVLA,PALVELLA THERAPEUTICS INC NE,697947109,642197000.0,5152,0.0006682874358477615
TECK,TECK RESOURCES LTD,878742204,641411000.0,12415,0.0006674695031501993
APGE,APOGEE THERAPEUTICS INC,03770N101,640786000.0,7613,0.000666819111374148
EOG,EOG RES INC,26875P101,640301000.0,4429,0.0006663144073559321
THFF,FIRST FINANCIAL CORPORATION,320218100,640216000.0,10130,0.0006662259540743892
INDB,INDEPENDENT BK CORP MASS,453836108,638759000.0,8493,0.0006647097607660582
VNOM,VIPER ENERGY INC,64361Q101,637795000.0,13573,0.0006637065964906766
CMPX,COMPASS THERAPEUTICS INC,20454B104,636710000.0,120361,0.0006625775163674515
INDV,INDIVIOR PHARMACEUTICALS INC,45579U109,633832000.0,20795,0.0006595825923170903
OSCR,OSCAR HEALTH INC,687793109,633431000.0,55225,0.0006591653009535757
CTO,CTO RLTY GROWTH INC NEW,22948Q101,633209000.0,34246,0.0006589342817947222
AZZ,AZZ INC,002474104,633033000.0,5059,0.0006587511314705861
INN,SUMMIT HOTEL PPTYS,866082100,632489000.0,143097,0.000658185030468711
SXT,SENSIENT TECHNOLOGIES CORP,81725T100,631358000.0,7304,0.0006570080815107686
SRPT,SAREPTA THERAPEUTICS INC,803607100,630735000.0,28986,0.0006563597709884005
ALGT,ALLEGIANT TRAVEL CO,01748X102,628546000.0,7756,0.0006540818388319584
SNPS,SYNOPSYS INC,871607107,628421000.0,1585,0.000653951760476748
GCT,GIGACLOUD TECHNOLOGY INC,G38644103,626108000.0,13797,0.0006515447905919372
LZ,LEGALZOOM COM INC,52466B103,622776000.0,109837,0.0006480774219554522
GLUE,MONTE ROSA THERAPEUTICS INC,61225M102,622188000.0,37823,0.0006474655333725431
LNC,LINCOLN NATL CORP IND,534187109,622102000.0,17524,0.0006473760394641584
PAGS,PAGSEGURO DIGITAL LTD,G68707101,622022000.0,62078,0.0006472927893168239
CTKB,CYTEK BIOSCIENCES INC,23285D109,617852000.0,141385,0.0006429533753870093
ADPT,ADAPTIVE BIOTECHNOLOGIES COR,00650F109,617022000.0,44454,0.000642089655108413
PATK,PATRICK INDS INC,703343103,615550000.0,5542,0.0006405578523974568
PX,RIDGEPOST CAP INC,69376K106,615300000.0,84752,0.0006402976956870363
AMPX,AMPRIUS TECHNOLOGIES INC,03214Q108,615120000.0,36484,0.0006401103828555336
HP,HELMERICH & PAYNE INC,423452101,613663000.0,17032,0.0006385941895472026
ARCB,ARCBEST CORP,03937C105,610127000.0,6203,0.0006349145330350144
MSM,MSC INDL DIRECT INC,553530106,607413000.0,6583,0.0006320902717866892
SRE,SEMPRA,816851109,605758000.0,6234,0.0006303680343637051
NTRA,NATERA INC,632307104,603770000.0,3019,0.000628299268202441
ORKA,ORUKA THERAPEUTICS INC,687604108,603266000.0,12299,0.0006277747922742331
AEP,AMERICAN ELEC PWR CO INC,025537101,602968000.0,4600,0.0006274646854754119
MMS,MAXIMUS INC,577933104,602668000.0,9402,0.0006271524974229072
WSFS,WSFS FINL CORP,929328102,602167000.0,9199,0.0006266311433752245
CARS,CARS COM INC,14575E105,600490000.0,73952,0.0006248860121617235
TSHA,TAYSHA GENE THERAPIES INC,877619106,600200000.0,134273,0.0006245842303776356
ONC,BEONE MEDICINES LTD,07725L102,599879000.0,2020,0.0006242501891614556
PSX,PHILLIPS 66,718546104,599190000.0,3289,0.0006235331972675366
NEO,NEOGENOMICS INC,64049M209,598853000.0,80708,0.0006231825060218898
IRT,INDEPENDENCE RLTY TR INC,45378A106,598057000.0,40165,0.0006223541670559108
VOYA,VOYA FINANCIAL INC,929089100,596092000.0,8725,0.0006203093353120054
BNL,BROADSTONE NET LEASE INC,11135E203,593574000.0,32489,0.0006176890369246496
LPG,DORIAN LPG LTD,Y2106R110,593062000.0,17341,0.0006171562359817083
APOG,APOGEE ENTERPRISES INC,037598109,592685000.0,17671,0.0006167639196623942
TPC,TUTOR PERINI CORP,901109108,590889000.0,7655,0.000614894953854733
XPEL,XPEL INC,98379L100,589853000.0,13327,0.0006138168644467503
PRM,PERIMETER SOLUTIONS INC,71385M107,589377000.0,24135,0.0006133215260701096
BEAM,BEAM THERAPEUTICS INC,07373V105,588601000.0,24700,0.0006125139996409642
MPC,MARATHON PETE CORP,56585A102,587985000.0,2408,0.000611872973506488
AMPL,AMPLITUDE INC,03213A104,586302000.0,85968,0.0006101215985319368
COLB,COLUMBIA BKG SYS INC,197236102,584862000.0,21322,0.0006086230958799147
FCN,FTI CONSULTING INC,302941109,583164000.0,3299,0.0006068561115027383
RNST,RENASANT CORP,75970E107,581693000.0,16100,0.0006053253494186238
AFRM,AFFIRM HLDGS INC,00827B106,581593000.0,12693,0.0006052212867344556
CSTM,CONSTELLIUM SE,F21107101,578097000.0,23519,0.0006015832552959347
KLIC,KULICKE & SOFFA INDS INC,501242101,575247000.0,8753,0.0005986174687971406
N/A,CRH PLC,G25508105,575112000.0,5471,0.0005984769841735134
GLUE,MONTE ROSA THERAPEUTICS INC,61225M102,574779000.0,34941,0.0005981304554352332
GPOR,GULFPORT ENERGY CORP,402635502,573989000.0,2713,0.0005973083602303044
WH,WYNDHAM HOTELS & RESORTS INC,98311A105,571372000.0,7034,0.0005945850397856222
WSBC,WESBANCO INC,950810101,570499000.0,16541,0.0005936765725528336
W,WAYFAIR INC,94419L101,569716000.0,7575,0.0005928617617357965
KFY,KORN FERRY,500643200,568879000.0,9037,0.0005919907570693085
EXPO,EXPONENT INC,30214U102,568719000.0,8716,0.0005918242567746394
IWP,ISHARES TR,464287481,568597000.0,4438,0.0005916973002999541
MSGS,MADISON SQUARE GRDN SPRT COR,55825T103,564057000.0,1755,0.0005869728544387171
BKU,BANKUNITED INC,06652K103,562513000.0,12456,0.0005853661265951598
BRKR,BRUKER CORP,116794108,562316000.0,15568,0.0005851611231073485
RHI,ROBERT HALF INC.,770323103,558571000.0,21991,0.0005812639755852487
ITW,ILLINOIS TOOL WKS INC,452308109,557281000.0,2141,0.0005799215669594788
CHDN,CHURCHILL DOWNS INC,171484108,556587000.0,6196,0.0005791993719313514
APD,AIR PRODUCTS AND CHEMICALS I,009158106,556288000.0,1915,0.0005788882245056884
REXR,REXFORD INDL RLTY INC,76169C100,556246000.0,16995,0.0005788445181783377
WSC,WILLSCOT HLDGS CORP,971378104,555485000.0,31998,0.0005780526011518176
XPRO,EXPRO GROUP HOLDINGS NV,N3144W105,551061000.0,31652,0.0005734488680042158
KMPR,KEMPER CORP,488401100,549469000.0,17980,0.0005717921900722576
ACHR,ARCHER AVIATION INC,03945R102,546893000.0,105782,0.0005691115353280845
CDRE,CADRE HLDGS INC,12763L105,545951000.0,17795,0.0005681312648432199
AWN,ADVANCE AUTO PARTS INC,00751Y106,544855000.0,10329,0.0005669907378247362
OLMA,OLEMA PHARMACEUTICALS INC,68062P106,543291000.0,36438,0.0005653631974443453
CBU,COMMUNITY FINANCIAL SYSTEM I,203607106,543216000.0,9262,0.0005652851504312191
ICUI,ICU MED INC,44930G107,542947000.0,4204,0.0005650052218108066
DIOD,DIODES INC,254543101,542804000.0,7952,0.0005648564121724461
STEP,STEPSTONE GROUP INC,85914M107,542338000.0,11365,0.0005643714800642221
KBH,KB HOME,48666K109,539804000.0,10431,0.0005617345316473995
MXL,MAXLINEAR INC,57776J100,539612000.0,31030,0.0005615347312937966
TNET,TRINET GROUP INC,896288107,537962000.0,14767,0.0005598176970050211
MTDR,MATADOR RES CO,576485205,537915000.0,8514,0.000559768787543462
GXO,GXO LOGISTICS INCORPORATED,36262G101,535818000.0,10334,0.0005575865930564545
TPG,TPG INC,872657101,535299000.0,13214,0.0005570465077256215
TOST,TOAST INC,888787108,534786000.0,20173,0.0005565126661558385
HALO,HALOZYME THERAPEUTICS INC,40637H109,534425000.0,8269,0.0005561369998659912
SBRA,SABRA HEALTH CARE REIT INC,78573L106,532902000.0,27712,0.0005545521251861092
KAR,OPENLANE INC,48238T109,531288000.0,18226,0.0005528725534636342
STRA,STRATEGIC ED INC,86272C103,529119000.0,6378,0.0005506154338440257
CPK,CHESAPEAKE UTILS CORP,165303108,528227000.0,4180,0.0005496871947012451
ELV,ELEVANCE HEALTH INC FORMERLY,036752103,527243000.0,1801,0.00054866321788903
WK,WORKIVA INC,98139A105,526414000.0,8828,0.0005478005382372754
NSC,NORFOLK SOUTHN CORP,655844108,525784000.0,1832,0.0005471449433270156
AUPH,AURINIA PHARMACEUTICALS INC,05156V102,525725000.0,35474,0.0005470835463433564
CHE,CHEMED CORP NEW,16359R103,525436000.0,1391,0.0005467828051861102
TRST,TRUSTCO BK CORP N Y,898349204,525141000.0,11995,0.000546475820267814
HWKN,HAWKINS INC,420261109,522240000.0,3400,0.000543456961800094
ANIP,ANI PHARMACEUTICALS INC,00182C103,521613000.0,6783,0.0005428044887703593
ALMS,ALUMIS INC,022307102,520943000.0,23647,0.0005421072687864322
WTM,WHITE MTNS INS GROUP LTD,G9618E107,520680000.0,237,0.0005418335839270698
CLNE,CLEAN ENERGY FUELS CORP,184499101,519508000.0,209479,0.0005406139692686183
LIND,LINDBLAD EXPEDITIONS HLDGS I,535219109,519156000.0,30009,0.0005402476686203463
MTRN,MATERION CORP,576690101,518570000.0,3585,0.0005396378612911205
KKR,KKR & CO INC,48251W104,518278000.0,5603,0.0005393339982533493
ARRY,ARRAY TECHNOLOGIES INC,04271T100,518254000.0,71681,0.0005393090232091489
CNK,CINEMARK HLDGS INC,17243V102,516697000.0,18117,0.0005376887672166498
TSHA,TAYSHA GENE THERAPIES INC,877619106,516598000.0,115570,0.0005375857451593233
LSTR,LANDSTAR SYS INC,515098101,515397000.0,3215,0.000536335952322463
ZIP,ZIPRECRUITER INC,98980B103,515056000.0,279922,0.0005359810985694493
ASTS,AST SPACEMOBILE INC,00217D100,514457000.0,6208,0.0005353577630912818
MGEE,MGE ENERGY INC,55277P104,512974000.0,6637,0.0005338145134850672
BCBP,BCB BANCORP INC,055298103,512902000.0,57116,0.0005337395883524659
PLUN,PLUG PWR INC,72919P202,510175000.0,225741,0.0005309017989551987
DNTH,DIANTHUS THERAPEUTICS INC,252828108,509982000.0,6077,0.000530700957974754
AXGN,AXOGEN INC,05463X106,508546000.0,15350,0.0005292066178300984
CWH,CAMPING WORLD HLDGS INC,13462K109,507489000.0,74303,0.0005281066752584404
AWR,AMER STATES WTR CO,029899101,505822000.0,6689,0.0005263719503133562
CMPO,GPGI INC,20459V105,504518000.0,29504,0.0005250149729118026
PII,POLARIS INC,731068102,503253000.0,9234,0.0005236985799570747
SDRL,SEADRILL LTD,G7997W102,502593000.0,11046,0.0005230117662415645
REPX,RILEY EXPLORATION PERMIAN IN,76665T102,501406000.0,13756,0.0005217765421804878
ICL,ICL GROUP LTD,M53213100,501370000.0,97781,0.0005217390796141872
TEL,TE CONNECTIVITY PLC,G87052109,500603000.0,2395,0.000520940918826617
TDOC,TELADOC HEALTH INC,87918A105,499574000.0,91665,0.0005198701138065261
TBLA,TABOOLA.COM LTD,M8744T106,499373000.0,161088,0.000519660947811348
Z,ZILLOW GROUP INC,98954M200,497926000.0,12033,0.0005181551607714339
VEEV,VEEVA SYS INC,922475108,497820000.0,2834,0.0005180448543262156
TWI,TITAN INTL INC ILL,88830M102,497327000.0,71972,0.0005175318252932662
TPL,TEXAS PACIFIC LAND CORPORATI,88262P102,496864000.0,1047,0.0005170500150655674
CTVA,CORTEVA INC,22052L104,495982000.0,5925,0.0005161321821912037
PBH,PRESTIGE CONSMR HEALTHCARE I,74112D101,495675000.0,8363,0.0005158127097508073
VNT,VONTIER CORPORATION,928881101,494948000.0,13954,0.0005150561740369044
ATEC,ALPHATEC HLDGS INC,02081G201,493887000.0,45394,0.0005139520689578796
TWST,TWIST BIOSCIENCE CORP,90184D100,493638000.0,10388,0.0005136929528743008
BANC,BANC OF CALIFORNIA INC,05990K106,493295000.0,28060,0.0005133360178676038
LCII,LCI INDS,50189K103,492412000.0,4004,0.0005124171443663984
POWI,POWER INTEGRATIONS INC,739276103,487526000.0,9522,0.0005073326416179393
NIC,NICOLET BANKSHARES INC,65406E102,487325000.0,3279,0.0005071234756227612
NBTB,NBT BANCORP INC,628778102,485710000.0,11407,0.0005054428632734445
CRVS,CORVUS PHARMACEUTICALS INC,221015100,485365000.0,33176,0.0005050838470130642
HNRG,HALLADOR ENERGY COMPANY,40609P105,485030000.0,29793,0.0005047352370211007
DHC,DIVERSIFIED HEALTHCARE TR,25525P107,484959000.0,73036,0.0005046613525153412
AFRM,AFFIRM HLDGS INC,00827B106,483584000.0,10554,0.0005032304906080283
TARS,TARSUS PHARMACEUTICALS INC,87650L103,482632000.0,6880,0.0005022398138547469
HUT,HUT 8 CORP,44812J104,482235000.0,10280,0.000501826684998599
AMSC,AMERICAN SUPERCONDUCTOR CORP,030111207,482092000.0,14242,0.0005016778753602385
FIGS,FIGS INC,30260D103,482034000.0,32636,0.0005016175190034209
CXM,SPRINKLR INC,85208T107,480690000.0,80115,0.0005002189165282001
BCC,BOISE CASCADE CO DEL,09739D100,480510000.0,6335,0.0005000316036966972
CRBG,COREBRIDGE FINL INC,21871X109,480397000.0,20134,0.0004999140128635872
OZK,BANK OZK LITTLE ROCK ARK,06417N103,480377000.0,10468,0.0004998932003267535
PTON,PELOTON INTERACTIVE INC,70614W100,479142000.0,111688,0.000498608026177276
UCTT,ULTRA CLEAN HLDGS INC,90385V107,479097000.0,7705,0.0004985611979694003
DGII,DIGI INTL INC,253798102,478530000.0,9928,0.0004979711625501665
FBRT,FRANKLIN BSP RLTY TR INC,35243J101,478123000.0,56316,0.0004975476274256019
AXGN,AXOGEN INC,05463X106,477470000.0,14412,0.0004968680980979834
IDYA,IDEAYA BIOSCIENCES INC,45166A102,477042000.0,14317,0.0004964227098097436
FIBK,FIRST INTST BANCSYSTEM INC,32055Y201,476685000.0,14272,0.000496051206027263
TGT,TARGET CORP,87612E106,476188000.0,3929,0.000495534014486947
USAR,USA RARE EARTH INC,91733P107,476147000.0,31460,0.0004954913487864379
GFF,GRIFFON CORP,398433102,475691000.0,6545,0.0004950168229466309
DLR,DIGITAL RLTY TR INC,253868103,475034000.0,2636,0.0004943331311116457
PFS,PROVIDENT FINL SVCS INC,74386T105,474196000.0,22410,0.0004934610858183162
AAMI,ACADIAN ASSET MANAGEMENT INC,10948W103,473726000.0,8705,0.0004929719912027255
TFC,TRUIST FINL CORP,89832Q109,473675000.0,10304,0.0004929189192337996
ERII,ENERGY RECOVERY INC,29270J100,471649000.0,46837,0.0004908106092525517
MGRC,MCGRATH RENTCORP,580589109,470785000.0,4269,0.0004899115076613382
ATNI,ATN INTL INC,00215F107,469817000.0,17260,0.0004889041808785899
CIT,CINTAS CORP,172908105,469194000.0,2774,0.0004882558703562218
HIPO,HIPPO HLDGS INC,433539202,467516000.0,17940,0.00048650969851587924
AN,AUTONATION INC,05329W102,467062000.0,2392,0.00048603725392975546
SAIC,SCIENCE APPLICATIONS INTL CO,808625107,466532000.0,4915,0.0004854857217036639
MFA,MFA FINL INC,55272X607,465751000.0,48617,0.00048467299214031024
DBRG,DIGITALBRIDGE GROUP INC,25401T603,465638000.0,30197,0.0004845554013072001
LASR,NLIGHT INC,65487K100,465568000.0,8165,0.0004844825574282824
HCSG,HEALTHCARE SVCS GROUP INC,421906108,464770000.0,25055,0.00048365213720862
OKE,ONEOK INC NEW,682680103,464243000.0,5136,0.0004831037268630535
RM,REGIONAL MGMT CORP,75902K106,462917000.0,14354,0.00048172385567098294
MIDD,MIDDLEBY CORP,596278101,460318000.0,3472,0.00047901926650945097
HMST,MECHANICS BANCORP,43785V102,460082000.0,31192,0.000478773678574814
DK,DELEK US HLDGS INC NEW,24665A103,459894000.0,10204,0.00047857804072857775
O,REALTY INCOME CORP,756109104,459339000.0,7508,0.0004780004928314442
SLG,SL GREEN RLTY CORP,78440X887,458315000.0,12407,0.0004769348909455616
LXP,LXP INDUSTRIAL TRUST,529043408,457604000.0,9892,0.00047619500526112563
APPN,APPIAN CORP,03782L101,457126000.0,18960,0.0004756975856308015
AZO,AUTOZONE INC,053332102,456000000.0,135,0.0004745258398070674
JBSS,SANFILIPPO JOHN B & SON INC,800422107,455116000.0,5737,0.00047360592567902035
DNLI,DENALI THERAPEUTICS INC,24823R105,454502000.0,23672,0.00047296698079822753
BSRR,SIERRA BANCORP,82620P102,453002000.0,13355,0.0004714060405357043
SMP,STANDARD MTR PRODS INC,853666105,451481000.0,12996,0.0004698232471095057
NGVT,INGEVITY CORP,45688C107,451171000.0,6334,0.0004695006527885842
TXG,10X GENOMICS INC,88025U109,450161000.0,21204,0.00046844961967848524
EYPT,EYEPOINT INC,30233G209,449023000.0,34835,0.00046726538633265095
CURB,CURBLINE PPTYS CORP,23128Q101,448127000.0,17376,0.0004663329846825037
RAL,RALLIANT CORP,750940108,448049000.0,10773,0.00046625181578885253
TME,TENCENT MUSIC ENTMT GROUP,88034P109,447426000.0,48214,0.0004656035052664845
SBCF,SEACOAST BKG CORP FLA,811707801,446626000.0,14745,0.00046477100379313876
LBRDK,LIBERTY BROADBAND CORP,530307305,446563000.0,8878,0.00046470544430211283
CP,CANADIAN PACIFIC KANSAS CITY,13646K108,446336000.0,5690,0.00046446922200905097
UE,URBAN EDGE PPTYS,91704F104,445934000.0,22319,0.00046405089001869473
TRN,TRINITY INDS INC,896522109,445307000.0,13838,0.00046339841698896003
ARQT,ARCUTIS BIOTHERAPEUTICS INC,03969K108,445048000.0,18890,0.0004631288946369643
PRCT,PROCEPT BIOROBOTICS CORP,74276L105,444903000.0,17789,0.0004629780037449204
MTRX,MATRIX SVC CO,576853105,444540000.0,38723,0.0004626002562013898
SOUN,SOUNDHOUND AI INC,836100107,444489000.0,64700,0.000462547184232464
RLI,RLI CORP,749607107,444399000.0,7791,0.00046245352781671263
GOLF,ACUSHNET HLDGS CORP,005098108,444030000.0,4750,0.0004620695365121319
SARO,STANDARDAERO INC,85423L103,443346000.0,17164,0.0004613577477524213
PFSI,PENNYMAC FINL SVCS INC NEW,70932M107,443118000.0,5070,0.00046112048483251775
ORGO,ORGANOGENESIS HLDGS INC,68621F102,442323000.0,186634,0.0004602931864933804
PHIN,PHINIA INC,71880K101,442122000.0,6460,0.0004600840204982023
PRK,PARK NATL CORP,700658107,441478000.0,2701,0.00045941385681215897
FLNC,FLUENCE ENERGY INC,34379V103,441132000.0,32059,0.00045905379992493696
YUM,YUM BRANDS INC,988498101,441097000.0,2837,0.00045901737798547814
RBBN,RIBBON COMMUNICATIONS INC,762544104,440322000.0,207699,0.0004582108921831744
HSTM,HEALTHSTREAM INC,42222N103,440150000.0,21253,0.0004580319043664051
NG,NOVAGOLD RESOURCES INC,66987E206,440101000.0,49009,0.0004579809136511626
ALL,ALLSTATE CORP,020002101,439975000.0,2122,0.0004578497946691107
APLE,APPLE HOSPITALITY REIT INC,03784Y200,439694000.0,38201,0.000457557378526598
OCUL,OCULAR THERAPEUTIX INC,67576A100,439593000.0,51900,0.00045745227521558807
RELY,REMITLY GLOBAL INC,75960P104,439167000.0,28026,0.00045700896818103145
EXP,EAGLE MATLS INC,26969P108,438956000.0,2317,0.00045678939591743656
GTX,GARRETT MOTION INC,366505105,437570000.0,24082,0.00045534708711486506
FND,FLOOR & DECOR HLDGS INC,339750101,436829000.0,8599,0.0004545759826251786
TEM,TEMPUS AI INC,88023B103,436328000.0,9649,0.0004540546285774958
PHR,PHREESIA INC,71944F106,436179000.0,52050,0.00045389957517808524
BHLB,BEACON FINANCIAL CORP.,084680107,436080000.0,14536,0.0004537965531207587
UPWK,UPWORK INC,91688F104,435539000.0,39739,0.00045323357399940865
FAST,FASTENAL CO,311900104,434861000.0,9372,0.0004525280290007481
CON,CONCENTRA GROUP HOLDINGS PAR,20603L102,433354000.0,20203,0.00045095980435033305
ETR,ENTERGY CORP NEW,29364G103,431125000.0,3837,0.0004486402471202235
CLMT,CALUMET INC,131428104,430908000.0,12003,0.0004484144310955785
XCY,OPKO HEALTH INC,68375N103,430148000.0,377323,0.0004476235546959
JOE,ST JOE CO,790148100,429301000.0,6836,0.0004467421437609952
EGHT,8X8 INC NEW,282914100,428829000.0,258331,0.0004462509678917213
SABR,SABRE CORP,78573M104,428597000.0,295584,0.000446009542464451
AFL,AFLAC INC,001055102,428088000.0,3902,0.00044547986340203485
LQDA,LIQUIDIA CORPORATION,53635D202,427443000.0,11326,0.0004448086590891498
OMCL,OMNICELL COM,68213N109,427431000.0,12805,0.0004447961715670496
PGY,PAGAYA TECHNOLOGIES LTD,M7S64L123,426576000.0,36616,0.0004439064356174114
DBX,DROPBOX INC,26210C104,425886000.0,18745,0.0004431884030966507
TRTX,TPG RE FIN TR INC,87266M107,425707000.0,54508,0.00044300213089198953
OFIX,ORTHOFIX MED INC,68752M108,425594000.0,37105,0.0004428845400588795
APLS,APELLIS PHARMACEUTICALS INC,03753U106,424990000.0,10564,0.00044225600144650343
CIFR,CIPHER DIGITAL INC,17253J106,424440000.0,32979,0.00044168365668357824
TOWN,TOWNEBANK PORTSMOUTH VA,89214P109,424175000.0,12598,0.0004414078905705325
CVBF,CVB FINL CORP,126600105,423691000.0,21851,0.0004409042271791583
UFPT,UFP TECHNOLOGIES INC,902673102,423210000.0,2186,0.0004404036856683092
PUBM,PUBMATIC INC,74467Q103,422448000.0,51644,0.00043961072801494737
APO,APOLLO GLOBAL MGMT INC,03769M106,422282000.0,3790,0.0004394379839592281
MNST,MONSTER BEVERAGE CORP NEW,61174X109,421790000.0,5821,0.0004389259955531205
FRME,FIRST MERCHANTS CORP,320817109,421499000.0,10883,0.00043862317314219103
EVER,EVERQUOTE INC,30041R108,421274000.0,27320,0.0004383890321028125
AME,AMETEK INC,031100100,421217000.0,1965,0.0004383297163728366
H,HYATT HOTELS CORP,448579102,420730000.0,2926,0.0004378229311009374
THO,THOR INDS INC,885160101,419502000.0,5251,0.00043654504133935174
FCPT,FOUR CORNERS PPTY TR INC,35086T109,418771000.0,17707,0.0004357843431180821
DHT,DHT HOLDINGS INC,Y2065G121,417926000.0,22875,0.0004349050134368606
UVV,UNIVERSAL CORP VA MTNS BK EN,913456109,417542000.0,7923,0.00043450541272965467
OHI,OMEGA HEALTHCARE INVS INC,681936100,417386000.0,9525,0.00043434307494235225
RIOT,RIOT PLATFORMS INC,767292105,416841000.0,33725,0.00043377593331363543
BKKT,BAKKT INC,05759B305,416429000.0,56580,0.00043334719505486245
ADSK,AUTODESK INC,052769106,414162000.0,1730,0.00043098809400476896
COMM,VISTANCE NETWORKS INC,20337X109,413613000.0,22726,0.0004304167898686854
MSGE,MADISON SQUARE GARDEN ENTMT,558256103,412782000.0,7007,0.00042955202896324764
SHOO,MADDEN STEVEN LTD,556269108,412772000.0,12169,0.00042954162269483073
MTN,VAIL RESORTS INC,91879Q109,411779000.0,3209,0.00042850828024104036
OLLI,OLLIES BARGAIN OUTLET HLDGS,681116109,410682000.0,4462,0.000427366712595715
DELL,DELL TECHNOLOGIES INC,24703L202,410325000.0,2500,0.0004269952088132345
KREF,KKR REAL ESTATE FIN TR INC,48251K100,410101000.0,67010,0.0004267621084006976
WAFD,WAFD INC,938824109,409613000.0,13045,0.0004262542825019568
DYN,DYNE THERAPEUTICS INC,26818M108,408904000.0,22554,0.0004255164780712041
IVT,INVENTRUST PPTYS CORP,46124J201,408590000.0,13414,0.0004251897212429159
STRT,STRATTEC SEC CORP,863111100,408465000.0,5214,0.0004250596428877057
RXO,RXO INC,74982T103,408117000.0,27915,0.00042469750474680027
ZTS,ZOETIS INC,98978V103,407233000.0,3445,0.0004237775906187532
HR,HEALTHCARE RLTY TR,42226K105,406452000.0,23923,0.0004229648610553994
BANF,BANCFIRST CORP,05945F103,406333000.0,3745,0.0004228410264612393
PPTA,PERPETUA RESOURCES CORP,714266103,406165000.0,14444,0.00042266620115183665
VVV,VALVOLINE INC,92047W101,405709000.0,12046,0.0004221916753120296
BELFB,BEL FUSE INC,077347300,405661000.0,2049,0.0004221417252236289
TEM,TEMPUS AI INC,88023B103,405171000.0,8960,0.00042163181807120464
FBNC,FIRST BANCORP N C,318910106,402452000.0,7142,0.0004188023536886708
ESAB,ESAB CORPORATION,29605J106,401139000.0,4150,0.0004174360106455421
BEAM,BEAM THERAPEUTICS INC,07373V105,400177000.0,16793,0.00041643492762384387
CRNC,CERENCE INC,156727109,399959000.0,63385,0.00041620807097235717
VRRM,VERRA MOBILITY CORP,92511U102,398963000.0,27919,0.0004151716066380417
BATRK,ATLANTA BRAVES HLDGS INC,047726302,398391000.0,9330,0.0004145763680845995
MYE,MYERS INDS INC,628464109,398332000.0,18807,0.00041451497110094027
GFS,GLOBALFOUNDRIES INC,G39387108,398140000.0,8951,0.0004143151707473373
CTRI,CENTURI HOLDINGS INC,155923105,398074000.0,13628,0.00041424648937578626
ARDT,ARDENT HEALTH INC,03980N107,397689000.0,46459,0.0004138458480417386
CRSP,CRISPR THERAPEUTICS AG,H17182108,397685000.0,8360,0.0004138416855343719
LQDT,LIQUIDITY SVCS INC,53635B107,397165000.0,12992,0.00041330055957669717
CFFN,CAPITOL FED FINL INC,14057J101,397098000.0,55694,0.00041323083757830446
XEL,XCEL ENERGY INC,98389B100,396485000.0,4991,0.00041259293332435333
SAH,SONIC AUTOMOTIVE INC,83545G102,396129000.0,5777,0.0004122224701687145
MRX,MAREX GROUP PLC,G5S37H101,395648000.0,8875,0.0004117219286578653
VRDN,VIRIDIAN THERAPEUTICS INC,92790C104,393312000.0,20108,0.00040929102435569584
ABM,ABM INDS INC,000957100,392673000.0,10194,0.00040862606380386094
TBBK,BANCORP INC DEL,05969A105,389381000.0,7247,0.00040520032024104325
WEX,WEX INC,96208T104,389181000.0,2543,0.0004049921948727068
NATR,NATURES SUNSHINE PRODS INC,639027101,388998000.0,16215,0.00040480176016067897
N/A,AEBI SCHMIDT HLDG AG,H00501108,388750000.0,40036,0.0004045436847039418
IBRX,IMMUNITYBIO INC,45256X103,387465000.0,50517,0.00040320647921238015
SPRY,ARS PHARMACEUTICALS INC,82835W108,387327000.0,48235,0.00040306287270822804
TFX,TELEFLEX INCORPORATED,879369106,385144000.0,3220,0.0004007911843128359
HRTG,HERITAGE INSURANCE HLDGS INC,42727J102,384825000.0,14660,0.0004004592243503393
GDYN,GRID DYNAMICS HLDGS INC,39813G109,384095000.0,67385,0.00039969956675591124
OXY,OCCIDENTAL PETE CORP,674599105,381680000.0,5872,0.0003971864529332489
LEGN,LEGEND BIOTECH CORP,52490G102,380252000.0,21020,0.0003957004378033267
KYTX,KYVERNA THERAPEUTICS INC,501976104,380108000.0,44045,0.00039555058753812454
COCO,VITA COCO CO INC,92846Q107,379399000.0,7919,0.00039481278310737184
UPST,UPSTART HLDGS INC,91680M107,379389000.0,14791,0.00039480237683895504
EW,EDWARDS LIFESCIENCES CORP,28176E108,379259000.0,4736,0.00039466709534953634
HURN,HURON CONSULTING GROUP INC,447462102,378900000.0,2972,0.00039429351031337244
TER,TERADYNE INC,880770102,378876000.0,1278,0.00039426853526917206
N/A,BANK OF N T BUTTERFIELD & SO,G0772R208,378538000.0,7213,0.00039391680339668345
JBS,JBS N.V.,N4732M103,377825000.0,21037,0.0003931748364585641
AVTR,AVANTOR INC,05352A100,377606000.0,48164,0.00039294693918023567
IMNM,IMMUNOME INC,45257U108,377432000.0,17258,0.00039276587010978305
BUWA,BIO RAD LABS INC,090572207,376034000.0,1349,0.0003913110737851113
EA,ELECTRONIC ARTS INC,285512109,374713000.0,1838,0.00038993640572724923
KNTK,KINETIK HOLDINGS INC,02215L209,374693000.0,7740,0.0003899155931904155
BUSE,FIRST BUSEY CORP,319383204,374451000.0,14818,0.0003896637614947285
CWEN,CLEARWAY ENERGY INC,18539C204,374080000.0,9521,0.0003892776889364644
EWTX,EDGEWISE THERAPEUTICS INC,28036F105,372582000.0,11828,0.0003877188299276245
UHAL/B,U HAUL HOLDING COMPANY,023586506,372101000.0,8330,0.0003872182884167754
FBK,FB FINL CORP,30257X104,372046000.0,7163,0.0003871610539404829
CLDX,CELLDEX THERAPEUTICS INC NEW,15117B202,371727000.0,11719,0.00038682909397798625
F,FORD MTR CO,345370860,368761000.0,31955,0.00038374259476555697
WGS,GENEDX HOLDINGS CORP,81663L200,367660000.0,5725,0.00038259686461286494
GRBK,GREEN BRICK PARTNERS INC,392709101,367429000.0,5701,0.00038235647981243635
SPSC,SPS COMM INC,78463M107,367311000.0,6598,0.00038223368584511784
MNDY,MONDAY COM LTD,M7S64H106,366767000.0,5307,0.0003816675848432427
ROP,ROPER TECHNOLOGIES INC,776696106,365427000.0,1033,0.00038027314487538863
RYAN,RYAN SPECIALTY HOLDINGS INC,78351F107,365370000.0,10829,0.00038021382914541277
CSGS,CSG SYS INTL INC,126349109,365166000.0,4568,0.0003800015412697096
ATEC,ALPHATEC HLDGS INC,02081G201,364850000.0,33534,0.000379672703187738
WAB,WABTEC,929740108,363869000.0,1456,0.00037865184825604784
IRWD,IRONWOOD PHARMACEUTICALS INC,46333X108,363664000.0,103608,0.00037843851975350297
AMBA,AMBARELLA INC,G037AX101,363259000.0,7057,0.0003780170658826217
HUBG,HUB GROUP INC,443320106,363139000.0,10076,0.0003778921906616198
ELMD,ELECTROMED INC,285409108,362270000.0,15475,0.00037698788593619806
EFSC,ENTERPRISE FINL SVCS CORP,293712105,361455000.0,6680,0.0003761397750602271
CARR,CARRIER GLOBAL CORPORATION,14448C104,361116000.0,6413,0.0003757870025608968
RSG,REPUBLIC SVCS INC,760759100,359850000.0,1643,0.0003744695689793272
SAFT,SAFETY INS GROUP INC,78648T100,359568000.0,4950,0.0003741761122099728
ATRO,ASTRONICS CORP,046433108,359074000.0,5381,0.00037366204255018183
WRBY,WARBY PARKER INC,93403J106,358696000.0,17024,0.000373268685604026
CPRI,CAPRI HOLDINGS LIMITED,G1890L107,358373000.0,20339,0.00037293256313416265
HLNE,HAMILTON LANE INC,407497106,358039000.0,3602,0.00037258499376904077
AS,AMER SPORTS INC,G0260P102,358038000.0,10876,0.0003725839531421991
HDSN,HUDSON TECHNOLOGIES INC,444144109,357827000.0,60855,0.0003723643808786042
MET,METLIFE INC,59156R108,356417000.0,5040,0.00037089709703183235
TPL,TEXAS PACIFIC LAND CORPORATI,88262P102,354022000.0,746,0.00036840479574600356
TENB,TENABLE HLDGS INC,88025T102,353337000.0,20889,0.0003676919663594513
LUNR,INTUITIVE MACHINES INC,46125A100,353308000.0,19036,0.0003676617881810425
NEOG,NEOGEN CORP,640491106,353178000.0,38017,0.0003675265066916238
HBCP,HOMEBANCORP INC,43689E107,353000000.0,5827,0.00036734127511380433
LGN,LEGENCE CORP,52476L109,352706000.0,6247,0.0003670353308223498
DAL,DELTA AIR LINES INC,247361702,352477000.0,5302,0.0003667970272756046
DX,DYNEX CAP INC,26817Q886,352316000.0,27611,0.00036662948635409376
SOC,SABLE OFFSHORE CORP,78574H104,351694000.0,21289,0.0003659822164585675
SNCY,SUN CTRY AIRLS HLDGS INC,866683105,351413000.0,21272,0.00036568980031605474
BVN,COMPANIA DE MINAS BUENAVENTU,204448104,351390000.0,9750,0.0003656658658986961
CIM,CHIMERA INVT CORP,16934Q802,350936000.0,27963,0.0003651934213125724
SNDX,SYNDAX PHARMACEUTICALS INC,87164F105,350797000.0,15017,0.0003650487741815785
BWIN,THE BALDWIN INSURANCE GRP IN,05589G102,350623000.0,15981,0.00036486770511112585
AUR,AURORA INNOVATION INC,051774107,350241000.0,85010,0.00036447018565760326
ED,CONSOLIDATED EDISON INC,209115104,350179000.0,3094,0.000364405666793419
BFAM,BRIGHT HORIZONS FAM SOL IN D,109194100,350120000.0,4263,0.0003643442698097597
VCYT,VERACYTE INC,92337F107,349801000.0,10860,0.0003640123098472631
SANA,SANA BIOTECHNOLOGY INC,799566104,349284000.0,121279,0.00036347430577011346
PSA,PUBLIC STORAGE OPER CO,74460D109,349164000.0,1289,0.00036334943054911156
WU,WESTERN UN CO,959802109,348615000.0,39933,0.00036277812641302806
LBTYA,LIBERTY GLOBAL LTD,G61188101,348277000.0,28807,0.00036242639454053946
TALO,TALOS ENERGY INC,87484T108,348217000.0,22095,0.00036236395693003856
ZGN,ERMENEGILDO ZEGNA N V,N30577105,347663000.0,33365,0.00036178744965974664
KBR,KBR INC,48242W106,346558000.0,9402,0.0003606375569996879
EYE,NATIONAL VISION HLDGS INC,63845R107,346335000.0,13372,0.00036040549721399275
PRMB,PRIMO BRANDS CORPORATION,741623102,346190000.0,18385,0.0003602546063219488
TRVI,TREVI THERAPEUTICS INC,89532M101,345672000.0,28975,0.0003597155616179574
KR,KROGER CO,501044101,343855000.0,4752,0.000357824742646621
FBIN,FORTUNE BRANDS INNOVATIONS I,34964C106,343637000.0,8818,0.0003575978859951342
ATKR,ATKORE INC,047649108,341914000.0,5804,0.00035580488594691586
CMG,CHIPOTLE MEXICAN GRILL INC,169656105,341898000.0,10681,0.00035578823591744894
FITB,FIFTH THIRD BANCORP,316773100,341202000.0,7344,0.0003550639596356382
CRSR,CORSAIR GAMING INC,22041X102,340787000.0,61403,0.0003546320994963401
OIS,OIL STS INTL INC,678026105,340586000.0,29260,0.00035442293350116197
ROG,ROGERS CORP,775133101,340558000.0,3173,0.00035439379594959486
BRZE,BRAZE INC,10576N102,340362000.0,14416,0.00035418983308862514
LION,LIONSGATE STUDIOS CORP,53626N102,338738000.0,35322,0.00035249985509773333
APPF,APPFOLIO INC,03783C100,338682000.0,2146,0.0003524415799945991
AGIO,AGIOS PHARMACEUTICALS INC,00847X104,338165000.0,9996,0.0003519035759174494
ARDX,ARDELYX INC,039697107,337806000.0,56395,0.00035152999088128555
BKD,BROOKDALE SR LIVING INC,112463104,337787000.0,24692,0.0003515102189712936
RMAX,RE/MAX HLDGS INC,75524W108,337081000.0,58521,0.000350775536421066
NTLA,INTELLIA THERAPEUTICS INC,45826J105,336205000.0,26225,0.0003498639473077524
EBA,EBAY INC.,278642103,335955000.0,3691,0.0003496037905973319
VNO,VORNADO RLTY TR,929042109,334179000.0,12858,0.00034775563732650434
LPX,LOUISIANA PAC CORP,546347105,334141000.0,4593,0.0003477160935065204
WLDN,WILLDAN GROUP INC,96924N100,333495000.0,4356,0.0003470438485667937
CENTA,CENTRAL GARDEN & PET CO,153527205,333342000.0,10282,0.0003468846326600164
IEI,INSIGHT ENTERPRISES INC,45765U103,331767000.0,4951,0.0003452456453843669
AZTA,AZENTA INC,114340102,331699000.0,15698,0.00034517488275913257
CATX,PERSPECTIVE THERAPEUTICS INC,46489V302,331023000.0,79382,0.0003444714190141554
WVE,WAVE LIFE SCIENCES LTD,Y95308105,330528000.0,45590,0.00034395630872752274
IMVT,IMMUNOVANT INC,45258J102,330521000.0,13306,0.000343949024339631
LLYVK,LIBERTY LIVE HOLDINGS INC,530909308,330514000.0,3512,0.0003439417399517392
DEA,EASTERLY GOVT PPTYS INC,27616P301,328565000.0,15332,0.00034191355823730063
EVTC,EVERTEC INC,30040P103,327465000.0,11604,0.0003407688687114503
GNL,GLOBAL NET LEASE INC,379378201,327057000.0,34942,0.00034034429296004394
PSKY,PARAMOUNT SKYDANCE CORP,69932A204,326308000.0,36176,0.000339564863455624
ALK,ALASKA AIR GROUP INC,011659109,326128000.0,8867,0.0003393775506241212
BL,BLACKLINE INC,09239B109,325822000.0,8806,0.0003390591188105665
AMRX,AMNEAL PHARMACEUTICALS INC,03168L105,325243000.0,26166,0.0003384565958692325
UI,UBIQUITI INC,90353W103,324809000.0,411,0.0003380049638199424
MSCI,MSCI INC,55354G100,323406000.0,600,0.0003365449643610624
SYBT,STOCK YDS BANCORP INC,861025104,323097000.0,4874,0.00033622341066698254
GEF,GREIF INC,397624107,321668000.0,4796,0.00033473635491021876
CBRE,CBRE GROUP INC,12504L109,321311000.0,2372,0.0003343648511277382
MODG,CALLAWAY GOLF CO,131193104,320295000.0,23076,0.00033330757425658914
SIRI,SIRIUSXM HOLDINGS INC,829933100,319381000.0,13838,0.0003323564413232917
SIBN,SI BONE INC,825704109,317556000.0,25143,0.0003304572973372217
DBD,DIEBOLD NIXDORF INC,253651202,316622000.0,4197,0.00032948535186709055
TBPH,THERAVANCE BIOPHARMA INC,G8807B106,316225000.0,19484,0.00032907222301094274
PAAS,PAN AMERN SILVER CORP,697900108,315731000.0,5790,0.0003285581533511517
VAC,MARRIOTT VACATIONS WORLDWIDE,57164Y107,315246000.0,4841,0.0003280534493329359
GRAL,GRAIL INC,384747101,313853000.0,6073,0.00032660385614247263
BVS,BIOVENTUS INC,09075A108,311926000.0,34165,0.0003245985682185511
MPAA,MOTORCAR PTS AMER INC,620071100,311770000.0,28189,0.0003244362304312487
GT,GOODYEAR TIRE & RUBR CO,382550101,311332000.0,46958,0.0003239804358745919
GTY,GETTY RLTY CORP NEW,374297109,310813000.0,9774,0.0003234403505437588
XMTR,XOMETRY INC,98423F109,310711000.0,7608,0.0003233342066059073
BLBD,BLUE BIRD CORP,095306106,310698000.0,5471,0.0003233206784569654
MG,MISTRAS GROUP INC,60649T107,310070000.0,20979,0.000322667164800389
DFTX,DEFINIUM THERAPEUTICS INC,24477V105,309658000.0,16384,0.00032223842654161597
IHP,DINE BRANDS GLOBAL INC,254423106,309265000.0,11786,0.00032182946019283483
SEDG,SOLAREDGE TECHNOLOGIES INC,83417M104,308648000.0,6046,0.000321187393431517
VEL,VELOCITY FINL INC,92262D101,307819000.0,17016,0.00032032471377976243
HIG,HARTFORD INSURANCE GROUP INC,416515104,307648000.0,2275,0.0003201467665898348
CNS,COHEN & STEERS INC,19247A100,307621000.0,4918,0.0003201186696651094
WEC,WEC ENERGY GROUP INC,92939U106,307485000.0,2656,0.0003199771444146406
PBI,PITNEY BOWES INC,724479100,305588000.0,27655,0.0003180030752959695
CECO,CECO ENVIRONMENTAL CORP,125141101,305288000.0,5124,0.0003176908872434649
TNK,TEEKAY TANKERS LTD,G8726X106,305085000.0,4161,0.0003174796399946034
CROX,CROCS INC,227046109,304683000.0,3670,0.00031706130800424715
ELVN,ENLIVEN THERAPEUTICS INC,29337E102,304192000.0,7760,0.0003165503602249812
PAG,PENSKE AUTOMOTIVE GRP INC,70959W103,304124000.0,2034,0.00031647959759974686
NWBI,NORTHWEST BANCSHARES INC,667340103,303570000.0,23922,0.00031590309032945494
NRIX,NURIX THERAPEUTICS INC,67080M103,302793000.0,19535,0.0003150945232734679
AMTM,AMENTUM HOLDINGS INC,023939101,302711000.0,11607,0.00031500919187244994
RCUS,ARCUS BIOSCIENCES INC,03969F109,302530000.0,14006,0.0003148208384141055
FDMT,4D MOLECULAR THERAPEUTICS IN,35104E100,302324000.0,32473,0.000314606469284719
STC,STEWART INFORMATION SVCS COR,860372101,302173000.0,4907,0.00031444933463162494
DCO,DUCOMMUN INC DEL,264147109,301828000.0,2474,0.00031409031837124457
DHI,D R HORTON INC,23331A109,301747000.0,2199,0.0003140060275970683
NVTS,NAVITAS SEMICONDUCTOR CORP,63942X106,301592000.0,34389,0.0003138447304366076
NVST,ENVISTA HOLDINGS CORPORATION,29415F104,301319000.0,11877,0.00031356063930882837
VRDN,VIRIDIAN THERAPEUTICS INC,92790C104,300285000.0,15352,0.000312484631154529
FUN,SIX FLAGS ENTERTAINMENT CORP,83001C108,299975000.0,16900,0.00031216203683360756
STEL,STELLAR BANCORP INC,858927106,299543000.0,8182,0.0003117124860380008
ALTG,ALTA EQUIPMENT GROUP INC,02128L106,298653000.0,55615,0.0003107863281489037
GTLB,GITLAB INC,37637K108,298069000.0,13774,0.0003101786020733613
UTI,UNIVERSAL TECHNICAL INST INC,913915104,296309000.0,8208,0.00030834709883200074
SEM,SELECT MED HLDGS CORP,81619Q105,296266000.0,18187,0.0003083023518778084
CHCO,CITY HLDG CO,177835105,295095000.0,2469,0.00030708377784619857
GABC,GERMAN AMERN BANCORP INC,373865104,294996000.0,7059,0.00030698075578887207
ALG,ALAMO GROUP INC,011311107,294636000.0,1786,0.0003066061301258665
OLED,UNIVERSAL DISPLAY CORP,91347P105,293495000.0,3202,0.0003054187748995071
THR,THERMON GROUP HLDGS INC,88362T103,293278000.0,5819,0.0003051929588748621
SHO,SUNSTONE HOTEL INVS INC NEW,867892101,290645000.0,32258,0.00030245298840071293
SMR,NUSCALE PWR CORP,67079K100,290371000.0,26787,0.00030216785664609206
HLMN,HILLMAN SOLUTIONS CORP,431636109,289628000.0,34811,0.0003013946709027222
8CW,CROWN CASTLE INC,22822V101,289138000.0,3556,0.00030088476375029794
ARR,ARMOUR RESIDENTIAL REIT INC,042315705,289131000.0,17334,0.0003008774793624062
SPB,SPECTRUM BRANDS HOLDINGS INC,84790A105,288020000.0,3908,0.0002997213429412973
WOR,WORTHINGTON ENTERPRISES INC,981811102,287761000.0,5519,0.0002994518205893016
IMAX,IMAX CORP,45245E109,287394000.0,7561,0.00029906991053840423
JXC1,ZIFF DAVIS INC,48123V102,287006000.0,6840,0.0002986661473238315
BTGO,BITGO HOLDINGS INC,091947101,286692000.0,34835,0.00029833939049554335
ADM,ARCHER DANIELS MIDLAND CO,039483102,285236000.0,3924,0.0002968242378140541
GOSS,GOSSAMER BIO INC,38341P102,284683000.0,866615,0.00029624877117060387
WERN,WERNER ENTERPRISES INC,950755108,284659000.0,9679,0.0002962237961264035
WLK,WESTLAKE CORPORATION,960413102,284574000.0,2436,0.0002961353428448605
DAWN,DAY ONE BIOPHARMACEUTICALS I,23954D109,283908000.0,13242,0.0002954422853683002
TREX,TREX INC,89531P105,283348000.0,7780,0.00029485953433695816
IRON,DISC MEDICINE INC,254604101,282615000.0,4420,0.0002940967548620052
FOUR,SHIFT4 PMTS INC,82452J109,282583000.0,6462,0.0002940634548030713
IPAR,INTERPARFUMS INC,458334109,281513000.0,3099,0.0002929499840824714
CRVL,CORVEL CORP,221006109,280956000.0,5141,0.00029237035493165446
ACGL,ARCH CAP GROUP LTD,G0450A105,280099000.0,2918,0.0002914785377283328
SLNO,SOLENO THERAPEUTICS INC,834203309,279591000.0,8351,0.0002909498992927583
SYY,SYSCO CORP,871829107,278900000.0,3910,0.0002902308261451559
ADNT,ADIENT PLC,G0084W101,278655000.0,13788,0.0002899758725689438
PRU,PRUDENTIAL FINL INC,744320102,277440000.0,2840,0.00028871151095629993
TCBK,TRICO BANCSHARES,896095106,274924000.0,5783,0.00028609329382262765
NTST,NETSTREIT CORP,64119V303,274184000.0,14561,0.0002853232299597828
CABO,CABLE ONE INC,12685J105,274177000.0,3006,0.00028531594557189104
SKWD,SKYWARD SPECIALTY INS GROUP,830940102,274048000.0,6274,0.0002851817047093141
ICHR,ICHOR HOLDINGS,G4740B105,273368000.0,5865,0.0002844740784569702
BKE,BUCKLE INC,118440106,273253000.0,5426,0.0002843544063701767
GPRE,GREEN PLAINS INC,393222104,273202000.0,16608,0.0002843013344012509
TTEK,TETRA TECH INC NEW,88162G103,272887000.0,9060,0.00028397353694612106
CRK,COMSTOCK RES INC,205768302,272227000.0,12914,0.0002832867232306108
ARI,APOLLO COML REAL ESTATE FIN,03762U105,272057000.0,25763,0.00028310981666752487
VRE,VERIS RESIDENTIAL INC,554489104,271313000.0,14378,0.0002823355902973133
GBX,GREENBRIER COS INC,393657101,270832000.0,5144,0.0002818350487864642
EME,EMCOR GROUP INC,29084Q100,270221000.0,366,0.0002811992257861964
KVUE,KENVUE INC,49177J102,269685000.0,15643,0.00028064144979905476
MQ,MARQETA INC,57142B104,269215000.0,65984,0.00028015235518346417
CRMT,AMERICAS CAR-MART INC,03062T105,269087000.0,21138,0.0002800191549477288
OCUL,OCULAR THERAPEUTIX INC,67576A100,269041000.0,31764,0.00027997128611301144
CCS,CENTURY COMMUNITIES INC,156504300,268366000.0,4677,0.000279268862994876
TAL,TAL ED GROUP,874080104,267627000.0,23538,0.0002784998397588729
NRIX,NURIX THERAPEUTICS INC,67080M103,267406000.0,17252,0.00027826986122686114
STOK,STOKE THERAPEUTICS INC,86150R107,267155000.0,8205,0.0002780086638895989
HAL,HALLIBURTON CO,406216101,266536000.0,6836,0.0002773645158745976
WLY,WILEY JOHN & SONS INC,968223206,266243000.0,6988,0.0002770596122099847
VKTX,VIKING THERAPEUTICS INC,92686J106,265396000.0,8156,0.00027617820127507996
SHC,SOTERA HEALTH CO,83601L102,264960000.0,18477,0.0002757244879721065
EOSE,EOS ENERGY ENTERPRISES INC,29415C101,264800000.0,53387,0.0002755579876774374
QCRH,QCR HLDGS INC,74727A104,264211000.0,3092,0.00027494505846768655
CCCS,CCC INTELLIGENT SOLUTIONS HL,12510Q100,263958000.0,43993,0.00027468177987674097
ELVN,ENLIVEN THERAPEUTICS INC,29337E102,263855000.0,6731,0.00027457459531204774
TPB,TURNING PT BRANDS INC,90041L105,263581000.0,3037,0.0002742894635574268
ABR,ARBOR REALTY TRUST INC,038923108,263428000.0,34167,0.0002741302476506494
LKFN,LAKELAND FINL CORP,511656100,263145000.0,4586,0.0002738357502544534
BORR,BORR DRILLING LTD,G1466R173,262985000.0,45578,0.00027366924995978425
BBAI,BIGBEAR AI HLDGS INC,08975B109,262148000.0,74474,0.00027279824529329624
KMB,KIMBERLY-CLARK CORP,494368103,261434000.0,2710,0.0002720552377283352
HLF,HERBALIFE LTD,G4412G101,261427000.0,17760,0.00027204795334044346
BLKB,BLACKBAUD INC,09227Q100,260888000.0,6757,0.00027148705547277676
KK0,NEXTNAV INC,65345N106,260581000.0,16266,0.00027116758303238035
INBX,INHIBRX BIOSCIENCES INC,45720N103,259844000.0,3865,0.0002704006410500606
WD,WALKER & DUNLOP INC,93148P102,259534000.0,5848,0.0002700780467291391
HBAN,HUNTINGTON BANCSHARES INC,446150104,259274000.0,16567,0.00026980748375030175
VVX,V2X INC,92242T101,259204000.0,3784,0.000269734639871384
NNI,NELNET INC,64031N108,259081000.0,2009,0.00026960664276985707
NBHC,NATIONAL BK HLDGS CORP,633707104,258926000.0,6612,0.00026944534560939635
XERS,XERIS BIOPHARMA HOLDINGS INC,98422E103,258593000.0,44585,0.00026909881687111616
WTTR,SELECT WATER SOLUTIONS INC,81617J301,257958000.0,16860,0.000268438018826648
INVA,INNOVIVA INC,45781M101,257675000.0,11059,0.00026814352143045197
CRCT,CRICUT INC,22658D100,257607000.0,68879,0.00026807275880521756
PPC,PILGRIMS PRIDE CORP,72147K108,257410000.0,6817,0.0002678677553174062
DEI,DOUGLAS EMMETT INC,25960P109,257354000.0,27320,0.000267809480214272
MTB,M & T BK CORP,55261F104,256126000.0,1239,0.0002665315904526863
PEB,PEBBLEBROOK HOTEL TR,70509V100,255682000.0,20244,0.0002660695521349794
AGO,ASSURED GUARANTY LTD,G0585R106,255440000.0,3135,0.0002658177204392923
INTA,INTAPP INC,45827U109,254716000.0,9915,0.00026506430660591445
VIRT,VIRTU FINL INC,928254101,254644000.0,5790,0.0002649893814733133
NVRI,ENVIRI CORP,415864107,254393000.0,12966,0.00026472818413605107
USLM,UNITED STS LIME & MINERALS I,911922102,253906000.0,1944,0.00026422139886415186
ECVT,ECOVYST INC,27923Q109,253766000.0,19733,0.00026407571110631636
QURE,UNIQURE NV,N90064101,253752000.0,15520,0.0002640611423305328
LBTYK,LIBERTY GLOBAL LTD,G61188127,253685000.0,21627,0.0002639914203321401
NRG,NRG ENERGY INC,629377508,253407000.0,1734,0.00026370212607015246
AORT,ARTIVION INC,228903100,253227000.0,6915,0.0002635148132386497
LILAK,LIBERTY LATIN AMERICA LTD,G9001E128,253108000.0,28697,0.0002633909786444895
HSY,HERSHEY CO,427866108,251547000.0,1210,0.00026176656014462364
DCOM,DIME CMNTY BANCSHARES INC,25432X102,251080000.0,7424,0.0002612805874095581
N/A,JAMES HARDIE INDS PLC,G4253H101,250879000.0,13246,0.00026107142141437994
IBEX,IBEX LTD,G4690M101,249962000.0,9320,0.0002601171666005574
STLA,STELLANTIS N.V,N82405106,249598000.0,35753,0.0002597383784301851
BHF,BRIGHTHOUSE FINL INC,10922N103,249460000.0,4166,0.00025959477192603295
ATO,ATMOS ENERGY CORP,049560105,249372000.0,1350,0.00025950319676396494
CLS,CELESTICA INC,15101Q207,249138000.0,886,0.0002592596900830113
OLN,OLIN CORP,680665205,248870000.0,8371,0.0002589808020894405
ARDX,ARDELYX INC,039697107,248405000.0,41470,0.0002584969106080583
AEE,AMEREN CORP,023608102,247980000.0,2256,0.00025805464420034337
SLGN,SILGAN HLDGS INC,827048109,246846000.0,6362,0.0002568745733618758
GRC,GORMAN RUPP CO,383082104,246470000.0,3967,0.0002564832976694033
IRM,IRON MTN INC DEL,46284V101,246464000.0,2413,0.00025647705390835317
AGM,FEDERAL AGRIC MTG CORP,313148306,245964000.0,1658,0.0002559567404875121
KOD,KODIAK SCIENCES INC,50015M109,245836000.0,6449,0.0002558235402517768
REX,REX AMERICAN RES CORP,761624105,245486000.0,5387,0.000255459320857188
FI,FISERV INC,337738108,245074000.0,4392,0.000255030582598415
FC,FRANKLIN COVEY CO,353469109,244429000.0,15480,0.00025435937828552997
IIPR,INNOVATIVE INDL PPTYS INC,45781V101,244329000.0,4871,0.0002542553156013618
SLVM,SYLVAMO CORP,871332102,244232000.0,5782,0.0002541543747977186
SRCE,1ST SOURCE CORP,336901103,243965000.0,3525,0.0002538765274309895
BCAX,BICARA THERAPEUTICS INC,055477103,243951000.0,12265,0.0002538619586552059
FLYW,FLYWIRE CORPORATION,302492103,243916000.0,20955,0.00025382553671574704
IBKR,INTERACTIVE BROKERS GROUP IN,45841N107,243867000.0,3636,0.00025377454600050464
ILPT,INDUSTRIAL LOGISTICS PPTYS T,456237106,243445000.0,42860,0.0002533354014733147
SEB,SEABOARD CORP DEL,811543107,243123000.0,43,0.00025300031963029307
PAYX,PAYCHEX INC,704326107,242920000.0,2637,0.00025278907238143164
NTLA,INTELLIA THERAPEUTICS INC,45826J105,242119000.0,18886,0.0002519555302812442
CPRT,COPART INC,217204106,241364000.0,7270,0.00025116985701577414
KRC,KILROY REALTY CORP,49427F108,241224000.0,8551,0.00025102416925793864
SILA,SILA REALTY TRUST INC,146280508,240755000.0,10167,0.0002505361152691897
FRHC,FREEDOM HOLDING CORP,356390104,240211000.0,1658,0.0002499700142673146
CBOE,CBOE GLOBAL MKTS INC,12503M108,240034000.0,854,0.00024978582331633685
CTSH,COGNIZANT TECHNOLOGY SOLUTIO,192446102,239510000.0,3904,0.00024924053485129543
VICI,VICI PPTYS INC,925652109,238422000.0,8727,0.00024810833284754524
COLD,AMERICOLD REALTY TRUST INC,03064D108,238185000.0,20784,0.0002478617042860666
TFIN,TRIUMPH FINANCIAL INC,89679E300,238103000.0,3991,0.00024777637288504864
MAGN,MAGNERA CORP,55939A107,238092000.0,25036,0.0002477649259897901
WHR,WHIRLPOOL CORP,963320106,236978000.0,4395,0.0002466056676881562
QUBT,QUANTUM COMPUTING INC,74766W108,236257000.0,34490,0.00024585537573530334
IQV,IQVIA HLDGS INC,46266C105,236027000.0,1384,0.00024561603156171644
EXPI,EXP WORLD HLDGS INC,30212W100,235772000.0,39361,0.00024535067171708747
RXRX,RECURSION PHARMACEUTICALS IN,75629V104,235724000.0,76783,0.00024530072162868676
KW,KENNEDY-WILSON HOLDINGS INC,489398107,235541000.0,21769,0.00024511028691665893
AVBP,ARRIVENT BIOPHARMA INC,04272N102,234853000.0,10180,0.0002443943356495816
N/A,NATIONAL ENERGY SERVICES REU,G6375R107,234452000.0,10920,0.000243977044286067
NSSC,NAPCO SEC TECHNOLOGIES INC,630402105,234134000.0,5944,0.00024364612495041208
CBZ,CBIZ INC,124805102,233917000.0,8712,0.00024342030892576707
IMKTA,INGLES MKTS INC,457030104,232635000.0,2588,0.00024208622531473052
RCAT,RED CAT HLDGS INC,75644T100,231902000.0,17716,0.0002413234458397775
LZB,LA Z BOY INC,505336107,231762000.0,7211,0.000241177758081942
KOS,KOSMOS ENERGY LTD,500688106,231404000.0,83239,0.0002408052136726198
EIX,EDISON INTL,281020107,229712000.0,3139,0.00023904447305649358
DOV,DOVER CORP,260003108,229629000.0,1102,0.00023895810102863394
SFL,SFL CORPORATION LTD,G7738W106,229331000.0,21254,0.00023864799422981266
JBLU,JETBLUE AIRWAYS CORP,477143101,228638000.0,51728,0.0002379268398285269
EL,LAUDER ESTEE COS INC,518439104,228013000.0,3177,0.00023727644805247557
IGT,BRIGHTSTAR LOTTERY PLC,G4863A108,227893000.0,17888,0.0002371515728314737
ASTE,ASTEC INDS INC,046224101,227312000.0,4222,0.00023654696863645639
TRP,TC ENERGY CORP,87807B107,227271000.0,3641,0.0002365043029359474
ANGI,ANGI INC,00183L201,226379000.0,33048,0.0002355760637931669
N/A,WEBULL CORP,G9572D103,226214000.0,47128,0.00023540436036428934
PUMP,PROPETRO HLDG CORP,74347M108,225603000.0,15656,0.00023476853736402155
CAPR,CAPRICOR THERAPEUTICS INC,14070B309,225568000.0,7420,0.00023473211542456268
BFC,BANK FIRST CORP,06211J100,225550000.0,1670,0.0002347133841414124
WTW,WILLIS TOWERS WATSON PLC LTD,G96629103,225293000.0,775,0.00023444594304310005
CHH,CHOICE HOTELS INTL INC,169905106,225216000.0,2176,0.00023436581477629057
ZYME,ZYMEWORKS INC,98985Y108,225185000.0,8993,0.0002343335553441984
NCMI,NATIONAL CINEMEDIA INC,635309206,225081000.0,73797,0.00023422533015266347
FRPT,FRESHPET INC,358039105,223812000.0,3796,0.00023290477469056878
TWO,TWO HARBORS INVENTMENT CORPO,90187B804,223387000.0,19561,0.00023246250828285386
TZOO,TRAVELZOO,89421Q205,223302000.0,37720,0.0002323740550013109
AOMR,ANGEL OAK MORTGAGE REIT INC,03464Y108,222894000.0,27116,0.00023194947924990458
NEXT,NEXTDECADE CORP,65342K105,222822000.0,29089,0.00023187455411730342
CRI,CARTERS INC,146229109,220568000.0,6168,0.00022952898121615184
LNN,LINDSAY CORP,535555106,220518000.0,1852,0.00022947694987406774
EXPE,EXPEDIA GROUP INC,30212P303,220500000.0,955,0.00022945821859091749
WINA,WINMARK CORP,974250102,219333000.0,513,0.00022824380706667439
DFIN,DONNELLEY FINL SOLUTIONS INC,25787G100,218777000.0,4641,0.00022766521854269907
T0V,TIC SOLUTIONS INC,00510N102,218331000.0,33181,0.00022720109897130883
SMMT,SUMMIT THERAPEUTICS INC,86627T108,217035000.0,11447,0.00022585244658448875
VRSK,VERISK ANALYTICS INC,92345Y106,215936000.0,1138,0.00022470879768548007
IE,IVANHOE ELECTRIC INC,46578C108,215573000.0,18238,0.00022433105014194943
ICFI,ICF INTL INC,44925C103,215457000.0,3300,0.00022421033742831432
SMA,SMARTSTOP SELF STORAG REIT I,83192D402,214261000.0,7076,0.0002229657477256624
NAT,NORDIC AMERICAN TANKERS LIMI,G65773106,213515000.0,36436,0.00022218944010176753
DG,DOLLAR GEN CORP,256677105,213358000.0,1797,0.00022202606168762344
ACT,ENACT HLDGS INC,29249E109,213110000.0,5222,0.00022176798623088626
NBR,NABORS INDUSTRIES LTD,G6359F137,213085000.0,2476,0.00022174197055984418
LINC,LINCOLN EDL SVCS CORP,533535100,213082000.0,5238,0.00022173884867931915
PEBO,PEOPLES BANCORP INC,709789101,212373000.0,6461,0.0002210010442485665
LOB,LIVE OAK BANCSHARES INC,53803X105,212309000.0,6420,0.00022093444413069885
NTRS,NORTHERN TR CORP,665859104,212286000.0,1521,0.00022091050971334016
JJSF,J & J SNACK FOODS CORP,466032109,212047000.0,2675,0.0002206617998981781
GPK,GRAPHIC PACKAGING HLDG CO,388689101,211871000.0,21315,0.00022047864957404207
AMLX,AMYLYX PHARMACEUTICALS INC,03237H101,211655000.0,15227,0.00022025387417623873
AGI,ALAMOS GOLD INC,011532108,211097000.0,4760,0.00021967320439858007
ROCK,GIBRALTAR INDS INC,374689107,210553000.0,5281,0.00021910710339670495
NVAX,NOVAVAX INC,670002401,210354000.0,25842,0.00021890001865521022
UMH,UMH PPTYS INC,903002103,209971000.0,14551,0.00021850145857484592
TMP,TOMPKINS FINL CORP,890110109,209084000.0,2652,0.00021757842256627387
QS,QUANTUMSCAPE CORP,74767V109,209073000.0,32770,0.00021756697567101534
CFG,CITIZENS FINL GROUP INC,174610105,207676000.0,3463,0.00021611321997318537
RJF,RAYMOND JAMES FINL INC,754730109,207339000.0,1432,0.00021576252872753846
INOD,INNODATA INC,457642205,207235000.0,5366,0.0002156543035360035
YETI,YETI HLDGS INC,98585X104,206880000.0,5654,0.00021528488100720636
MBIN,MERCHANTS BANCORP IND,58844R108,206354000.0,4809,0.00021473751128848155
IPGP,IPG PHOTONICS CORP,44980X109,206262000.0,1800,0.0002146417736190468
NPKI,NPK INTERNATIONAL INC,651718504,206033000.0,14219,0.00021440347007230156
FIVN,FIVE9 INC,338307101,205083000.0,13519,0.00021341487457270352
CTBI,COMMUNITY TR BANCORP INC,204149108,204384000.0,3366,0.00021268747641036768
AHCO,ADAPTHEALTH CORP,00653Q102,203526000.0,17103,0.00021179461858020438
KINS,KINGSTONE COS INC,496719105,203426000.0,13962,0.00021169055589603618
EFC,ELLINGTON FINANCIAL INC,28852N109,202280000.0,17070,0.0002104979975354684
STLD,STEEL DYNAMICS INC,858119100,201780000.0,1121,0.00020997768411462733
GLDD,GREAT LAKES DREDGE & DOCK CO,390607109,201739000.0,11867,0.00020993501841411834
IOVA,IOVANCE BIOTHERAPEUTICS INC,462260100,201618000.0,57441,0.0002098091025662748
CUCA,AVIS BUDGET GROUP INC,053774105,200544000.0,1375,0.00020869146933830818
FIHL,FIDELIS INSURANCE HOLDINGS L,G3398L118,200483000.0,10491,0.00020862799110096556
CINF,CINCINNATI FINL CORP,172062101,200464000.0,1274,0.0002086082191909736
HAYW,HAYWARD HLDGS INC,421298100,199509000.0,14911,0.00020761442055716712
FIS,FIDELITY NATL INFORMATION SV,31620M106,198335000.0,4228,0.00020639272464503228
NVCR,NOVOCURE LTD,G6674U108,197999000.0,18165,0.00020604307402622706
PMT,PENNYMAC MTG INVT TR,70931T103,196716000.0,16871,0.00020470794978834882
SNA,SNAP ON INC,833034101,196502000.0,541,0.00020448525564422884
QDEL,QUIDELORTHO CORP,219798105,196043000.0,11932,0.00020400760792389674
OPRT,OPORTUN FINL CORP,68376D104,195418000.0,42390,0.00020335721614784537
PWP,PERELLA WEINBERG PARTNERS,71367G102,195147000.0,10746,0.0002030752062737495
CMS,CMS ENERGY CORP,125896100,194028000.0,2501,0.00020191074483790717
OMC,OMNICOM GROUP INC,681919106,193396000.0,2568,0.00020125306867396406
VLTO,VERALTO CORP,92338C103,192314000.0,2175,0.00020012711043126394
SHLS,SHOALS TECHNOLOGIES GROUP IN,82489W107,192195000.0,29209,0.00020000327583710376
ALKT,ALKAMI TECHNOLOGY INC,01644J108,190014000.0,12126,0.00019773366869539497
WY,WEYERHAEUSER CO,962166104,189528000.0,7758,0.0001972279240503374
ULTA,ULTA BEAUTY INC,90384S303,189221000.0,362,0.000196908451609941
AVB,AVALONBAY CMNTYS INC,053484101,188669000.0,1155,0.00019633402559333243
RF,REGIONS FINANCIAL CORP NEW,7591EP100,184747000.0,7073,0.00019225268712025502
PHM,PULTE GROUP INC,745867101,184177000.0,1566,0.00019165952982049618
TRVI,TREVI THERAPEUTICS INC,89532M101,183507000.0,15382,0.00019096230983656914
ARES,ARES MANAGEMENT CORPORATION,03990B101,183288000.0,1680,0.0001907344125582407
RNGR,RANGER ENERGY SVCS INC,75282U104,183278000.0,10693,0.0001907240062898239
AI,C3 AI INC,12468P104,181207000.0,21521,0.00018856886810070012
OCFC,OCEANFIRST FINL CORP,675234108,181104000.0,10039,0.00018846168353600689
LH,LABCORP HOLDINGS INC,504922105,180364000.0,676,0.00018769161967316207
NUVB,NUVATION BIO INC,67080N101,180133000.0,41989,0.00018745123487273348
CHD,CHURCH & DWIGHT CO INC,171340102,180014000.0,1929,0.0001873274002785733
MXCT,MAXCYTE INC,57777K106,179924000.0,256120,0.0001872337438628219
GCI,USA TODAY CO INC,36472T109,179902000.0,25518,0.0001872108500723049
DEC,DIVERSIFIED ENERGY CO,25520W107,179248000.0,10278,0.00018653028011784476
MBC,MASTERBRAND INC,57638P104,179114000.0,21554,0.00018639083612105936
BTDR,BITDEER TECHNOLOGIES GROUP,G11448100,178943000.0,20687,0.0001862128889311317
AESI,ATLAS ENERGY SOLUTIONS INC,642045108,176989000.0,13490,0.00018417950408248476
EFX,EQUIFAX INC,294429105,176649000.0,981,0.00018382569095631282
RLJ,RLJ LODGING TR,74965L101,174570000.0,23527,0.0001816622277524556
SANA,SANA BIOTECHNOLOGY INC,799566104,173707000.0,60315,0.0001807641667880839
MLKN,MILLERKNOLL INC,600544100,173187000.0,11977,0.00018022304083040918
STZ,CONSTELLATION BRANDS INC,21036P108,172950000.0,1153,0.00017997641226893051
CRVS,CORVUS PHARMACEUTICALS INC,221015100,172415000.0,11785,0.00017941967690863055
LFVN,LIFEVANTAGE CORP,53222K205,171590000.0,39720,0.00017856115976424273
ARRY,ARRAY TECHNOLOGIES INC,04271T100,171459000.0,23715,0.0001784248376479824
LVS,LAS VEGAS SANDS CORP,517834107,170960000.0,3173,0.000177905564853983
HUM,HUMANA INC,444859102,170616000.0,984,0.0001775475892204443
WVE,WAVE LIFE SCIENCES LTD,Y95308105,170390000.0,23502,0.00017731240755422415
FA,FIRST ADVANTAGE CORP NEW,31846B108,169956000.0,14452,0.0001768607755049341
SW,SMURFIT WESTROCK PLC,G8267P108,169681000.0,4258,0.0001765746031234715
GENI,GENIUS SPORTS LIMITED,G3934V109,169518000.0,38266,0.00017640498094827732
LYB,LYONDELLBASELL INDUSTRIES NV,N53745100,169337000.0,2102,0.00017621662748993283
BHVN,BIOHAVEN LTD,G1110E107,168921000.0,19967,0.00017578372672379303
XRAY,DENTSPLY SIRONA INC,24906P109,168397000.0,14517,0.0001752384382587516
VRSN,VERISIGN INC,92343E102,167395000.0,674,0.00017419573016338606
EYPT,EYEPOINT INC,30233G209,166745000.0,12936,0.00017351932271629267
TYRA,TYRA BIOSCIENCES INC,90240B106,166528000.0,4348,0.00017329350669164763
CPAY,CORPAY INC,219948106,166155000.0,571,0.00017290535287970018
EQR,EQUITY RESIDENTIAL,29476L107,165679000.0,2801,0.00017241001450305946
CF,CF INDUSTRIES HOLD,125269100,165528000.0,1275,0.00017225287984996547
ENVX,ENOVIX CORPORATION,293594107,165408000.0,31932,0.00017212800462896362
NTAP,NETAPP INC,64110D104,165257000.0,1614,0.0001719708699758696
LFST,LIFESTANCE HEALTH GROUP INC,53228F101,163913000.0,25732,0.00017057226750064877
DD,DUPONT DE NEMOURS INC,26614N102,163598000.0,3572,0.0001702444700455189
KHC,KRAFT HEINZ CO,500754106,163570000.0,7273,0.0001702153324939518
JBGS,JBG SMITH PPTYS,46590V100,163179000.0,11169,0.00016980844739885405
LDOS,LEIDOS HOLDINGS INC,525327102,162363000.0,1044,0.0001689592958960414
GIS,GENERAL MILLS INC,370334104,162093000.0,4355,0.00016867832664878724
SGRY,SURGERY PARTNERS INC,86881A100,161969000.0,13588,0.00016854928892041864
WRB,BERKLEY W R CORP,084423102,160928000.0,2428,0.0001674659963782275
TROW,PRICE T ROWE GROUP INC,74144T108,160629000.0,1782,0.00016715484895256453
KOD,KODIAK SCIENCES INC,50015M109,160561000.0,4212,0.00016708408632733015
REAL,THE REALREAL INC,88339P101,158392000.0,17444,0.00016482696670772152
BUR,BURFORD CAPITAL LIMITED,G17977110,157847000.0,34922,0.00016425982507900475
GLUE,MONTE ROSA THERAPEUTICS INC,61225M102,157509000.0,9575,0.00016390809320651617
VYX,NCR VOYIX CORPORATION,62886E108,157009000.0,24804,0.0001633877797856751
EXPD,EXPEDITORS INTL WASH INC,302130109,156550000.0,1093,0.00016291013206534298
BRO,BROWN & BROWN INC,115236101,156308000.0,2397,0.0001626583003696559
PKG,PACKAGING CORP AMER,695156109,154708000.0,729,0.00016099329742296444
BR,BROADRIDGE FINL SOLUTIONS IN,11133T103,154681000.0,952,0.000160965200498239
EVLV,EVOLV TECHNOLOGIES HLDNGS IN,30049H102,154390000.0,25519,0.0001606623780873095
PDM,PIEDMONT REALTY TRUST INC,720190206,153850000.0,23417,0.00016010043959280114
PFG,PRINCIPAL FINANCIAL GROUP IN,74251V102,153818000.0,1707,0.0001600671395338673
EVRG,EVERGY INC,30034W106,153764000.0,1877,0.00016001094568441647
IP,INTERNATIONAL PAPER CO,460146103,153724000.0,4306,0.0001599693206107492
EHTH,EHEALTH INC,28238P109,153715000.0,119159,0.00015995995496917404
KEY,KEYCORP,493267108,153342000.0,7648,0.00015957180115722659
XNCR,XENCOR INC,98401F105,153126000.0,12697,0.00015934702575942324
LEN,LENNAR CORP,526057104,153012000.0,1762,0.0001592283942994715
RAPP,RAPPORT THERAPEUTICS INC,75383L102,151694000.0,4848,0.00015785684812213437
IFF,INTERNATIONAL FLAVORS&FRAGRA,459506101,151630000.0,2090,0.00015779024800426672
NVR,NVR INC,62944T105,151566000.0,23,0.00015772364788639907
CHTR,CHARTER COMMUNICATIONS INC,16119P108,151548000.0,702,0.00015770491660324878
TE,T1 ENERGY INC,35834F104,151521000.0,34515,0.00015767681967852337
RDW,REDWIRE CORPORATION,75776W103,151096000.0,17776,0.00015723455327080845
GERN,GERON CORP,374163103,150792000.0,101203,0.00015691820271093707
LNT,ALLIANT ENERGY CORP,018802108,150624000.0,2099,0.0001567433774015345
CATX,PERSPECTIVE THERAPEUTICS INC,46489V302,150566000.0,36107,0.0001566830210447169
LUV,SOUTHWEST AIRLS CO,844741108,150393000.0,4003,0.0001565029926011059
REPL,REPLIMUNE GROUP INC,76029N106,150284000.0,19645,0.00015638956427536254
SBAC,SBA COMMUNICATIONS CORP,78410G104,149564000.0,869,0.00015564031294935138
AMPX,AMPRIUS TECHNOLOGIES INC,03214Q108,149177000.0,8848,0.0001552375903616204
BRSP,BRIGHTSPIRE CAPITAL INC,10949T109,148870000.0,26584,0.00015491811792122396
ORKA,ORUKA THERAPEUTICS INC,687604108,148180000.0,3021,0.00015420008540046327
TSN,TYSON FOODS INC,902494103,147874000.0,2308,0.00015388165358690853
WST,WEST PHARMACEUTICAL SVSC INC,955306105,147126000.0,587,0.00015310326470933025
KIM,KIMCO REALTY CORP,49446R109,147089000.0,6546,0.000153064761516188
L,LOEWS CORP,540424108,146981000.0,1377,0.00015295237381728635
VIR,VIR BIOTECHNOLOGY INC,92764N102,146272000.0,16325,0.0001522145693865337
U,UNITY SOFTWARE INC,91332U101,146077000.0,6658,0.00015201164715240568
SAFE,SAFEHOLD INC,78646V107,144555000.0,10684,0.0001504278130993654
COUR,COURSERA INC,22266M104,144057000.0,24752,0.0001499095809322077
FLNC,FLUENCE ENERGY INC,34379V103,143888000.0,10457,0.0001497337149959634
PK,PARK HOTELS & RESORTS INC,700517105,142629000.0,13545,0.00014842356580228557
HTBK,HERITAGE COMM CORP,426927109,142334000.0,11405,0.00014811658088398932
ORIC,ORIC PHARMACEUTICALS INC,68622P109,142183000.0,11222,0.0001479594462308953
BFLY,BUTTERFLY NETWORK INC,124155102,140410000.0,34755,0.00014611441484059284
CSGP,COSTAR GROUP INC,22160N109,139617000.0,3461,0.00014528919775513887
PAX,PATRIA INVESTMENTS LIMITED,G69451105,139079000.0,11038,0.00014472934051431387
ORC,ORCHID IS CAP INC,68571X301,138920000.0,19761,0.0001445638808464864
IRWD,IRONWOOD PHARMACEUTICALS INC,46333X108,138561000.0,39476,0.0001441902958103225
VERX,VERTEX INC,92538J106,138530000.0,11651,0.00014415803637823037
DRVN,DRIVEN BRANDS HLDGS INC,26210V102,138281000.0,10966,0.0001438989202946515
PTC,PTC INC,69370C100,138215000.0,970,0.0001438302389231005
ALMS,ALUMIS INC,022307102,138172000.0,6272,0.00014378549196890816
HOLX,HOLOGIC INC,436440101,137347000.0,1817,0.00014292697482452035
LULU,LULULEMON ATHLETICA INC,550021109,133197000.0,870,0.00013860837343153938
ESRT,EMPIRE ST RLTY TR INC,292104106,132304000.0,25443,0.0001376790936619172
GPN,GLOBAL PMTS INC,37940X102,130697000.0,1942,0.00013600680632733396
MNKD,MANNKIND CORP,56400P706,130144000.0,53120,0.00013543133968388373
BALL,BALL CORP,058498106,129155000.0,2185,0.00013440215973746007
JBHT,HUNT J B TRANS SVCS INC,445658107,129047000.0,609,0.00013428977203855838
I9DN,ARBUTUS BIOPHARMA CORP,03879J100,129042000.0,28676,0.00013428456890434998
DJT,TRUMP MEDIA & TECHNOLOGY GRO,25400Q105,128955000.0,13896,0.00013419403436912362
CDW,CDW CORP,12514G108,128644000.0,1063,0.00013387039942136048
CLOV,CLOVER HEALTH INVESTMENTS CO,18914F103,128258000.0,72874,0.00013346871746047116
ROL,ROLLINS INC,775711104,127864000.0,2394,0.0001330587104848484
BV,BRIGHTVIEW HLDGS INC,10948C107,127497000.0,10814,0.00013267680043395103
ESS,ESSEX PPTY TR INC,297178105,127050000.0,525,0.0001322116402357191
EGY,VAALCO ENERGY INC,91851C201,126959000.0,20025,0.00013211694319312603
ACVA,ACV AUCTIONS INC,00091G104,126793000.0,29904,0.00013194419913740678
TRMB,TRIMBLE INC,896239100,126611000.0,1941,0.00013175480505222062
JBI,JANUS INTERNATIONAL GROUP IN,47103N106,125572000.0,24383,0.00013067359376371285
CNC,CENTENE CORP DEL,15135B101,125267000.0,3826,0.00013035620257699978
DCI,DONALDSON INC,257651109,124674000.0,1469,0.00012973911085988228
SLS,SELLAS LIFE SCIENCES GROUP I,81642T209,123778000.0,29262,0.00012880670920973507
ANNX,ANNEXON INC,03589W102,123138000.0,22227,0.00012814070803105848
STGW,STAGWELL INC,85256A109,122680000.0,19504,0.00012766410093756805
APA,APA CORPORATION,03743Q108,122652000.0,2890,0.00012763496338600094
URGN,UROGEN PHARMA LTD,M96088105,122498000.0,6813,0.0001274747068523819
J,JACOBS SOLUTIONS INC,46982L108,121807000.0,957,0.0001267556337047795
MCW,MISTER CAR WASH INC,60646V105,121794000.0,17474,0.00012674210555583764
OMER,OMEROS CORP,682143102,121683000.0,11523,0.00012662659597641093
HII,HUNTINGTON INGALLS INDS INC,446413106,121568000.0,320,0.00012650692388961748
LII,LENNOX INTL INC,526107107,121138000.0,261,0.00012605945434769413
PCT,PURECYCLE TECHNOLOGIES INC,74623V103,120766000.0,23269,0.00012567234116258837
PGEN,PRECIGEN INC,74017N105,120562000.0,31153,0.00012546005328688522
N/A,APTIV PLC,G3265R107,120340000.0,1733,0.00012522903412803178
TYL,TYLER TECHNOLOGIES INC,902252105,120175000.0,351,0.0001250573306991542
FDMT,4D MOLECULAR THERAPEUTICS IN,35104E100,119969000.0,12886,0.0001248429615697677
GPC,GENUINE PARTS CO,372460105,119921000.0,1134,0.00012479301148136696
AVBP,ARRIVENT BIOPHARMA INC,04272N102,118834000.0,5151,0.00012366185010445843
TALK,TALKSPACE INC,87427V103,118746000.0,22946,0.0001235702749423904
ZGN,ERMENEGILDO ZEGNA N V,N30577105,118673000.0,11389,0.00012349430918294762
GO,GROCERY OUTLET HLDG CORP,39874R101,118489000.0,16807,0.0001233028338440781
KURA,KURA ONCOLOGY INC,50127T109,116747000.0,14360,0.00012149006188586777
MAA,MID-AMER APT CMNTYS INC,59522J103,116747000.0,956,0.00012149006188586777
IART,INTEGRA LIFESCIENCES HLDGS C,457985208,116723000.0,12391,0.00012146508684166738
SDGR,SCHRODINGER INC,80810D103,115997000.0,10211,0.00012070959175460613
DHC,DIVERSIFIED HEALTHCARE TR,25525P107,115994000.0,17469,0.00012070646987408108
DECK,DECKERS OUTDOOR CORP,243537107,115804000.0,1157,0.00012050875077416149
GEVO,GEVO INC,374396406,114867000.0,42076,0.0001195336834235053
NDSN,NORDSON CORP,655663102,114672000.0,431,0.00011933076118937727
INVH,INVITATION HOMES INC,46187W107,114434000.0,4605,0.0001190830920010569
BCAX,BICARA THERAPEUTICS INC,055477103,114228000.0,5743,0.00011886872287167037
ARVN,ARVINAS INC,04335A105,113876000.0,10743,0.00011850242222339825
OGN,ORGANON & CO,68622V106,113846000.0,19006,0.0001184712034181478
GTM,ZOOMINFO TECHNOLOGIES INC,98980F104,113476000.0,18976,0.0001180861714867254
INDI,INDIE SEMICONDUCTOR INC,45569U101,112967000.0,35083,0.00011755649242430917
ALLE,ALLEGION PLC,G0176J109,111437000.0,767,0.00011596433335653545
FLO,FLOWERS FOODS INC,343498101,111362000.0,13664,0.0001158862863434093
INBX,INHIBRX BIOSCIENCES INC,45720N103,110728000.0,1647,0.00011522652892578281
ACEL,ACCEL ENTERTAINMENT INC,00436Q106,110016000.0,10084,0.0001144856026145051
ESPR,ESPERION THERAPEUTICS INC NE,29664W105,109101000.0,39818,0.00011353342905436593
TKO,TKO GROUP HOLDINGS INC,87256C101,109093000.0,541,0.00011352510403963247
AVY,AVERY DENNISON CORP,053611109,108788000.0,630,0.0001132077128529194
RE,EVEREST GROUP LTD,G3223R108,108514000.0,332,0.00011292258109829848
SOY,SUNOPTA INC,8676EP108,107762000.0,16630,0.0001121400297133535
UTZ,UTZ BRANDS INC,918090101,105859000.0,13366,0.00011015971683363234
PRCH,PORCH GROUP INC,733245104,105198000.0,14672,0.00010947186249128043
NWL,NEWELL BRANDS INC,651229106,104646000.0,30509,0.00010889743647467186
MCX,MCCORMICK & CO INC,579780206,104310000.0,2068,0.00010854778585586667
AMBP,ARDAGH METAL PACKAGING S A,L02235106,102627000.0,25340,0.00010679641088131558
BBY,BEST BUY INC,086516101,102271000.0,1593,0.00010642594772567672
CLX,CLOROX CO DEL,189054109,102076000.0,985,0.0001062230254915487
VIK,VIKING HOLDINGS LTD,G93A5A101,101990000.0,1388,0.00010613353158316405
HAS,HASBRO INC,418056107,101743000.0,1087,0.00010587649675326855
REG,REGENCY CTRS CORP,758849103,101687000.0,1344,0.00010581822165013435
ASAN,ASANA INC,04342Y104,100890000.0,15764,0.00010498884205731367
MAS,MASCO CORP,574599106,100154000.0,1659,0.00010422294070183558
GBTG,GLOBAL BUSINESS TRAVEL GROUP,37890B100,100066000.0,17933,0.00010413136553976756
HST,HOST HOTELS & RESORTS INC,44107P104,100054000.0,5222,0.00010411887801766737
LION,LIONSGATE STUDIOS CORP,53626N102,99774000.0,10404,0.00010382750250199637
PNW,PINNACLE WEST CAP CORP,723484101,98332000.0,976,0.00010232691859629068
CODI,COMPASS DIVERSIFIED,20451Q104,97401000.0,12392,0.00010135809500668458
UDR,UDR INC,902653104,97016000.0,2872,0.00010095745367263695
N/A,REZOLVE AI PLC,G75398100,96709000.0,37777,0.00010063798123224054
MWA,MUELLER WTR PRODS INC,624758108,96462000.0,3509,0.00010038094640234504
HTZ,HERTZ GLOBAL HLDGS INC,42806J700,96335000.0,20897,0.0001002487867934514
SG,SWEETGREEN INC,87043Q108,96134000.0,18523,0.00010003962079827328
AA,ALCOA CORP,013872106,93781000.0,1414,9.759102583979516e-05
WEN,WENDYS CO,95058W100,93443000.0,13445,9.723929396730659e-05
SMCI,SUPER MICRO COMPUTER INC,86800U302,93220000.0,4094,9.700723418161145e-05
GSM,FERROGLOBE PLC,G33856108,92881000.0,22544,9.66544616822812e-05
PD,PAGERDUTY INC,69553P100,92815000.0,14946,9.658578031073017e-05
FIP,FTAI INFRASTRUCTURE INC,35953C106,92793000.0,18784,9.656288652021316e-05
REPL,REPLIMUNE GROUP INC,76029N106,92534000.0,12096,9.629336416821748e-05
IVR,INVESCO MORTGAGE CAPITAL INC,46131B704,92427000.0,11439,9.61820170961575e-05
GEN,GEN DIGITAL INC,668771108,92003000.0,4886,9.574079131528426e-05
FIGR,FIGURE TECHNOLOGY SOLUTIO,349381103,91495000.0,2695,9.521215287970971e-05
GDDY,GODADDY INC,380237107,91102000.0,1102,9.480318653092862e-05
IT,GARTNER INC,366651107,90887000.0,574,9.457945175996696e-05
RUM,RUMBLE INC,78137L105,90724000.0,17789,9.440982958477277e-05
GL,GLOBE LIFE INC,37959E102,90321000.0,649,9.399045696757485e-05
SWK,STANLEY BLACK & DECKER INC,854502101,89891000.0,1265,9.354298742565153e-05
SERV,SERVE ROBOTICS INC,81758H106,89160000.0,10564,9.278228920438186e-05
N/A,BULLISH,G16910120,88396000.0,2474,9.198725029733669e-05
NB,NIOCORP DEVS LTD,654484609,88304000.0,19799,9.189151262790192e-05
IVZ,INVESCO LTD,G491BT108,88173000.0,3630,9.175519051164156e-05
SLDP,SOLID POWER INC,83422N105,88005000.0,29335,9.158036520223896e-05
LEGN,LEGEND BIOTECH CORP,52490G102,87646000.0,4845,9.120678016607506e-05
MDXG,MIMEDX GROUP INC,602496101,86675000.0,21943,9.019633150280168e-05
KRNY,KEARNY FINL CORP MD,48716P108,85881000.0,11375,8.937007379050603e-05
BDN,BRANDYWINE RLTY TR,105368203,85723000.0,31632,8.920565474952026e-05
DC,DAKOTA GOLD CORP,46655E100,85608000.0,16952,8.908598266272682e-05
ASPI,ASP ISOTOPES INC,00218A105,84634000.0,19148,8.807241211892839e-05
SJM,SMUCKER J M CO,832696405,83903000.0,870,8.731171389765871e-05
ZBRA,ZEBRA TECHNOLOGIES CORPORATI,989207105,83841000.0,401,8.724719503347442e-05
CRMD,CORMEDIX INC,21900C308,83836000.0,12347,8.724199189926601e-05
CPT,CAMDEN PPTY TR,133131102,82327000.0,843,8.567168599516763e-05
AES,AES CORP,00130H105,81962000.0,5817,8.529185719795363e-05
UAA,UNDER ARMOUR INC,904311107,81682000.0,13821,8.500048168228262e-05
AMC,AMC ENTMT HLDGS INC,00165C302,81561000.0,83226,8.487456583443908e-05
TTD,THE TRADE DESK INC,88339J105,81457000.0,3590,8.476634064290414e-05
SPRY,ARS PHARMACEUTICALS INC,82835W108,81408000.0,10138,8.471534992766171e-05
BLMN,BLOOMIN BRANDS INC,094235108,81329000.0,15061,8.463314040716883e-05
PKN,REVVITY INC,714046109,80952000.0,924,8.424082408785464e-05
AHH,AH RLTY TR INC,04208T108,80119000.0,14567,8.337398192873341e-05
CTRE,CARETRUST REIT INC,14174T107,78798000.0,2150,8.199931387087127e-05
UDMY,UDEMY INC,902685106,78568000.0,17006,8.175996969728437e-05
SOLV,SOLVENTUM CORP,83444M101,78491000.0,1202,8.167984143047484e-05
UA,UNDER ARMOUR INC,904311206,77210000.0,13335,8.034679844627999e-05
SLDB,SOLID BIOSCIENCES INC,83422E204,76925000.0,10684,8.005021979640057e-05
FULC,FULCRUM THERAPEUTICS INC,359616109,76884000.0,10024,8.00075540958916e-05
AVIR,ATEA PHARMACEUTICALS INC,04683R106,76703000.0,14257,7.981920063754712e-05
SATL,SATELLOGIC INC,80401C100,76209000.0,14009,7.930513097775613e-05
ARKO,ARKO CORP,041242108,76205000.0,13706,7.93009684703894e-05
DKS,DICKS SPORTING GOODS INC,253393102,75350000.0,380,7.841123252075115e-05
NWSA,NEWS CORP NEW,65249B109,75214000.0,3017,7.826970727028239e-05
CTOS,CUSTOM TRUCK ONE SOURCE INC,23204X103,74826000.0,11389,7.78659440557097e-05
CNI,CANADIAN NATL RY CO,136375102,74588000.0,727,7.761827486738935e-05
BLDR,BUILDERS FIRSTSOURCE INC,12008R107,74344000.0,903,7.736436191801891e-05
AVR,ANTERIS TECHNOLOGIES GLOBAL,03675P102,73837000.0,13304,7.683676410928604e-05
AS,AMER SPORTS INC,G0260P102,73609000.0,2236,7.65995011893825e-05
AQST,AQUESTIVE THERAPEUTICS INC,03843E104,72509000.0,17472,7.545481166353213e-05
BTBT,BIT DIGITAL INC,G1144A105,71206000.0,54356,7.409887488882027e-05
FFWM,FIRST FNDTN INC,32026V104,70847000.0,12008,7.372528985265637e-05
CAN,CANAAN INC,134748102,70707000.0,163749,7.357960209482087e-05
VNDA,VANDA PHARMACEUTICALS INC,921659108,70593000.0,10216,7.346097063486909e-05
BAX,BAXTER INTL INC,071813109,70577000.0,4201,7.344432060540218e-05
AIOT,POWERFLEET INC,73931J109,69975000.0,22719,7.281786324670953e-05
NCLH,NORWEGIAN CRUISE LINE HLDGS,G66721104,69414000.0,3712,7.223407158852582e-05
CRL,CHARLES RIV LABS INTL INC,159864107,69173000.0,401,7.198328051968042e-05
PFGC,PERFORMANCE FOOD GROUP CO,71377A103,68100000.0,795,7.086668791855545e-05
ABSI,ABSCI CORPORATION,00091E109,68034000.0,22678,7.079800654700443e-05
GTN,GRAY MEDIA INC,389375106,67899000.0,15645,7.065752192337734e-05
FRT,FEDERAL RLTY INVT TR NEW,313745101,67868000.0,639,7.06252624912852e-05
OEC,ORION S.A.,L72967109,67418000.0,10372,7.015698041252822e-05
BGS,B & G FOODS INC,05508R106,67417000.0,14016,7.015593978568654e-05
CYH,COMMUNITY HEALTH SYS INC NEW,203668108,67232000.0,22868,6.996342381997534e-05
KOPN,KOPIN CORP,500600101,66956000.0,29758,6.967621081167106e-05
PACB,PACIFIC BIOSCIENCES CALIF IN,69404D108,66187000.0,50142,6.887596877041748e-05
FDS,FACTSET RESH SYS INC,303075105,66182000.0,305,6.887076563620906e-05
MOS,MOSAIC CO,61945C103,66096000.0,2592,6.878127172782441e-05
ADCT,ADC THERAPEUTICS SA,H0036K147,65231000.0,17395,6.788112950976932e-05
ALT,ALTIMMUNE INC,02155H200,64714000.0,21011,6.734312543261965e-05
IHRT,IHEARTMEDIA INC,45174J509,64158000.0,21972,6.676453690864436e-05
SFIX,STITCH FIX INC,860897107,64148000.0,19380,6.675413064022754e-05
NABL,N-ABLE INC,62878D100,63965000.0,13697,6.65636959281997e-05
RPD,RAPID7 INC,753422104,63899000.0,11597,6.649501455664869e-05
ALLO,ALLOGENE THERAPEUTICS INC,019770106,63381000.0,25976,6.595596985265732e-05
BLND,BLEND LABS INC,09352U108,62676000.0,36868,6.522232792927139e-05
ATUS,OPTIMUM COMMUNICATIONS INC,02156K103,62267000.0,47898,6.479671155102339e-05
BXP,BXP INC,101121101,62228000.0,1199,6.475612710419779e-05
AKBA,AKEBIA THREAPEUTICS INC,00972D105,61720000.0,44403,6.422748866862325e-05
LXEO,LEXEO THERAPEUTICS INC,52886X107,61447000.0,10705,6.394339754084401e-05
EU,ENCORE ENERGY CORP,29259W700,61393000.0,34107,6.388720369139317e-05
CAG,CONAGRA BRANDS INC,205887102,61324000.0,3901,6.38154004393171e-05
FOX,FOX CORP,35137L204,61224000.0,1153,6.37113377551489e-05
ACRS,ACLARIS THERAPEUTICS INC,00461U105,61166000.0,16311,6.365098139833132e-05
VSTM,VERASTEM INC,92337C203,61114000.0,11531,6.359686880256385e-05
UWMC,UWM HOLDINGS CORPORATION,91823B109,60878000.0,16817,6.335128086792685e-05
ADPT,ADAPTIVE BIOTECHNOLOGIES COR,00650F109,60767000.0,4378,6.323577128850014e-05
AOS,SMITH A O CORP,831865209,60401000.0,916,6.285490186444447e-05
PRME,PRIME MEDICINE INC,74168J101,60361000.0,17345,6.281327679077718e-05
HSIC,SCHEIN HENRY INC,806407102,60139000.0,816,6.258225763192375e-05
ABAT,AMERICAN BATTERY TECHNOLOGY,02451V309,59452000.0,21309,6.18673469916881e-05
TAP,MOLSON COORS BEVERAGE CO,60871R209,59380000.0,1379,6.179242185908698e-05
BEN,FRANKLIN RESOURCES INC,354613101,59286000.0,2510,6.169460293596885e-05
RR,RICHTECH ROBOTICS INC,765504105,58817000.0,28142,6.120654894721991e-05
ARE,ALEXANDRIA REAL ESTATE EQ IN,015271109,58814000.0,1267,6.120342706669486e-05
GRNT,GRANITE RIDGE RESOURCES INC,387432107,58753000.0,10009,6.113994882935226e-05
SAIL,SAILPOINT INC,78781J109,58256000.0,4400,6.0622757289036225e-05
MGM,MGM RESORTS INTERNATIONAL,552953101,57847000.0,1563,6.019714091078822e-05
MRVI,MARAVAI LIFESCIENCES HLDGS I,56600D107,57225000.0,20221,5.9549871015261905e-05
DINO,HF SINCLAIR CORP,403949100,56802000.0,910,5.910968586123036e-05
KIND,NEXTDOOR HOLDINGS INC,65345M108,55609000.0,39721,5.786821803910353e-05
TDUP,THREDUP INC,88556E102,54041000.0,16476,5.62365151513459e-05
POOL,POOL CORP,73278L105,54022000.0,267,5.621674324135394e-05
HRL,HORMEL FOODS CORP,440452100,53952000.0,2382,5.614389936243619e-05
ACRE,ARES COML REAL ESTATE CORP,04013V108,53458000.0,11137,5.562982970264519e-05
YSS,YORK SPACE SYSTEMS INC,987084100,53075000.0,2394,5.523126962228092e-05
BYON,BED BATH & BEYOND INC,690370101,52673000.0,11352,5.4812937631924695e-05
APPS,DIGITAL TURBINE INC,25400W102,52667000.0,18287,5.4806693870874606e-05
MVST,MICROVAST HOLDINGS INC,59516C106,52595000.0,35063,5.4731768738273486e-05
RCKT,ROCKET PHARMACEUTICALS INC,77313F106,52447000.0,14650,5.457775596570453e-05
IWM,ISHARES TR,464287655,52080000.0,210,5.419584591480717e-05
ERIE,ERIE INDTY CO,29530P102,52021000.0,207,5.4134448931147926e-05
WTS,WATTS WATER TECHNOLOGIES INC,942749102,51962000.0,179,5.407305194748867e-05
FLB,STANDARD BIOTOOLS INC,34385P108,51790000.0,56336,5.389406413071934e-05
FBP,FIRST BANCORP CORPORATION,318672706,51221000.0,2398,5.3301947457802186e-05
REAX,THE REAL BROKERAGE INC,75585H206,51035000.0,20414,5.3108390865249306e-05
CDZI,CADIZ INC,127537207,50907000.0,10368,5.2975190629513985e-05
COTY,COTY INC,222070203,50787000.0,25267,5.285031540851213e-05
SSNC,SS&C TECH HLDGS,78467J100,50475000.0,747,5.25256398339073e-05
RC,READY CAPITAL CORP,75574U101,50463000.0,31150,5.2513152311807105e-05
BYND,BEYOND MEAT INC,08862E109,50036000.0,71317,5.206880465040883e-05
BLDE,STRATA CRITICAL MEDICAL INC,092667104,49763000.0,11905,5.178471352262959e-05
OLPX,OLAPLEX HLDGS INC,679369108,49674000.0,24470,5.169209773371988e-05
GOGO,GOGO INC,38046C109,48968000.0,12181,5.095741518349227e-05
AVPT,AVEPOINT INC,053604104,48415000.0,5091,5.0381948540042035e-05
FTAI,FTAI AVIATION LTD,G3730V105,48020000.0,196,4.9970900937577584e-05
EVH,EVOLENT HEALTH INC,30050B101,47885000.0,21002,4.9830416313950485e-05
WEAV,WEAVE COMMUNICATIONS INC,94724R108,47554000.0,10293,4.9485968829353695e-05
ACCO,ACCO BRANDS CORP,00081T108,47409000.0,15803,4.933507793730978e-05
LFUS,LITTELFUSE INC,537008104,46491000.0,137,4.837978249664555e-05
BCPC,BALCHEM CORP,057665200,46268000.0,273,4.814772271095042e-05
AVXL,ANAVEX LIFE SCIENCES CORP,032797300,45989000.0,14980,4.7857387822121096e-05
MTW,MANITOWOC CO INC,563571405,45691000.0,3922,4.7547281023299816e-05
CW,CURTISS WRIGHT CORP,231561101,45635000.0,67,4.7489005920165615e-05
HNST,HONEST CO INC,438333106,45529000.0,15486,4.737869947494731e-05
DNUT,KRISPY KREME INC,50101L106,45507000.0,13424,4.7355805684430294e-05
CDE,COEUR MNG INC,192108504,45273000.0,2412,4.7112299003476674e-05
CMTG,CLAROS MTG TR INC,18270D106,44968000.0,18894,4.6794907816763616e-05
ALIT,ALIGHT INC,01626W101,44391000.0,76181,4.6194466129113e-05
ULCC,FRONTIER GROUP HLDGS INC,35909R108,43338000.0,12277,4.509868606482168e-05
BMBL,BUMBLE INC,12047B105,43192000.0,13249,4.494675454593609e-05
HYLN,HYLIION HOLDINGS CORP,449109107,43030000.0,24449,4.4778172997583575e-05
OSUR,ORASURE TECHNOLOGIES INC,68554V108,42792000.0,14264,4.453050380926322e-05
ZWS,ZURN ELKAY WATER SOLNS CORP,98983L108,42463000.0,947,4.4188137578349786e-05
DDD,3D SYS CORP DEL,88554D205,42264000.0,22481,4.398105283685503e-05
TLS,TELOS CORP MD,87969B101,41971000.0,10017,4.367614917224216e-05
TRL,DAVITA INC,23918K108,41804000.0,272,4.350236448968124e-05
BGC,BGC GROUP INC,088929104,41545000.0,4248,4.323284213768556e-05
TOI,THE ONCOLOGY INSTITUTE INC,68236X100,40932000.0,13333,4.2594937883734386e-05
SSP,SCRIPPS E W CO OHIO,811054402,40887000.0,10991,4.254810967585869e-05
ELDN,ELEDON PHARMACEUTICALS INC,28617K101,40705000.0,13216,4.235871559067254e-05
ALKS,ALKERMES PLC,G01767105,40629000.0,1149,4.227962795070469e-05
EVEX,EVE HLDG INC,29970N104,40394000.0,16288,4.203508064290938e-05
WOOF,PETCO HEALTH & WELLNESS CO I,71601V105,40224000.0,14469,4.1858174079823423e-05
CARG,CARGURUS INC,141788109,40111000.0,1178,4.174058324671333e-05
HL,HECLA MINING COMPANY,422704106,40110000.0,2153,4.173954261987165e-05
EVGO,EVGO INC,30052F100,39997000.0,23254,4.162195178676157e-05
DNOW,DNOW INC,67011P100,39910000.0,3351,4.1531417251535216e-05
EDIT,EDITAS MEDICINE INC,28106W103,39740000.0,16089,4.135451068844925e-05
ASPN,ASPEN AEROGELS INC,04523Y105,39716000.0,11613,4.1329535644248876e-05
SVC,SERVICE PPTYS TR,81761L102,39333000.0,29028,4.093097556388461e-05
KSS,KOHLS CORP,500255104,39100000.0,3031,4.0688509509772664e-05
RZLT,REZOLUTE INC,76200L309,38967000.0,12776,4.055010613982894e-05
CRDO,CREDO TECHNOLOGY GROUP HOLDI,G25457105,38205000.0,407,3.9757148486467126e-05
BKH,BLACK HILLS CORP,092113109,37343000.0,538,3.8860128148937104e-05
RPAY,REPAY HLDGS CORP,76029L100,37019000.0,14238,3.852296505223208e-05
BF/B,BROWN FORMAN CORP,115637209,36804000.0,1392,3.829923028127041e-05
CNDT,CONDUENT INC,206787103,36477000.0,28498,3.7958945304040345e-05
CPB,THE CAMPBELLS COMPANY,134429109,35810000.0,1608,3.726484720063834e-05
MTRN,MATERION CORP,576690101,35729000.0,247,3.718055642646209e-05
FMF,FORMFACTOR INC,346375108,35692000.0,368,3.714205323331984e-05
EVC,ENTRAVISION COMMUNICATIONS C,29382R107,35022000.0,11792,3.6444833249392796e-05
TRIP,TRIPADVISOR INC,896945201,34997000.0,3283,3.641881757835074e-05
BIGC,COMMERCE.COM INC,08975P108,34849000.0,13052,3.6264804805781775e-05
PRVA,PRIVIA HEALTH GROUP INC,74276R102,34763000.0,1690,3.617531089739711e-05
BLZE,BACKBLAZE INC,05637B105,34652000.0,10044,3.6059801317970394e-05
EXTR,EXTREME NETWORKS INC,30226D106,34488000.0,2287,3.5889138515934516e-05
HLLY,HOLLEY INC,43538H103,34470000.0,11228,3.5870407232784245e-05
MVIS,MICROVISION INC DEL,594960304,34361000.0,53589,3.5756978907040884e-05
KNSL,KINSALE CAP GROUP INC,49714P108,34166000.0,100,3.555405667291286e-05
GNW,GENWORTH FINL INC,37247D106,33324000.0,4104,3.467784887221648e-05
ALEC,ALECTOR INC,014442107,33278000.0,15478,3.46299800374991e-05
ALSN,ALLISON TRANSMISSION HLDGS I,01973R101,32426000.0,277,3.374336596838589e-05
CXW,CORECIVIC INC,21871N101,32015000.0,1693,3.331566833645452e-05
RGTI,RIGETTI COMPUTING INC,76655K103,31801000.0,2265,3.309297419233454e-05
BZAI,BLAIZE HLDGS INC,092915107,31448000.0,17279,3.272563291722074e-05
SONO,SONOS INC,83570H108,30686000.0,2290,3.193267526385893e-05
KMT,KENNAMETAL INC,489170100,30385000.0,841,3.161944658451259e-05
OMI,ACCENDRA HEALTH INC,690732102,29688000.0,13021,3.0894129675860124e-05
POWW,OUTDOOR HOLDING CO,00175J107,29565000.0,14709,3.0766132574333215e-05
SGHC,SUPER GROUP SGHC LIMITED,G8588X103,29171000.0,2701,3.0356125598710447e-05
NWS,NEWS CORP NEW,65249B208,28881000.0,1013,3.0054343814622616e-05
CHRS,COHERUS ONCOLOGY INC,19249H103,28681000.0,16971,2.9846218446286188e-05
OABI,OMNIAB INC,68218J103,28558000.0,18190,2.971822134475928e-05
IKT,INHIBIKASE THERAPEUTICS INC,45719W205,28449000.0,16934,2.9604793019015923e-05
HQY,HEALTHEQUITY INC,42226A107,28414000.0,340,2.9568371079557048e-05
VUZI,VUZIX CORP,92921W300,28348000.0,12272,2.9499689708006023e-05
BHR,BRAEMAR HOTELS & RESORTS INC,10482B101,27876000.0,11812,2.900851383873204e-05
PBF,PBF ENERGY INC,69318G106,27810000.0,584,2.893983246718102e-05
SRCE,1ST SOURCE CORP,336901103,27338000.0,395,2.8448656597907036e-05
EPAC,ENERPAC TOOL GROUP CORP,292765104,27243000.0,747,2.8349797047947228e-05
FATE,FATE THERAPEUTICS INC,31189P102,27002000.0,22502,2.8099005979101827e-05
N/A,NANO X IMAGING LTD,M70700105,26822000.0,11816,2.791169314759904e-05
XRX,XEROX HOLDINGS CORP,98421M106,26788000.0,20766,2.7876311834981843e-05
SLDE,SLIDE INS HLDGS INC,831349105,26352000.0,1464,2.742259853200842e-05
SFM,SPROUTS FMRS MKT INC,85208M102,26070000.0,338,2.7129141762654052e-05
UIS,UNISYS CORP,909214306,25401000.0,12271,2.643296240556868e-05
OSCR,OSCAR HEALTH INC,687793109,25395000.0,2214,2.642671864451859e-05
LPRO,OPEN LENDING CORP,68373J104,25391000.0,20313,2.6422556137151863e-05
INGM,INGRAM MICRO HLDG CORP,457152106,25338000.0,1087,2.6367402914542706e-05
HAFC,HANMI FINL CORP,410495204,25016000.0,949,2.6032321071521045e-05
PLX,PROTALIX BIOTHERAPEUTICS INC,74365A309,24942000.0,11494,2.595531468523657e-05
WAY,WAYSTAR HLDG CORP,946784105,24809000.0,1029,2.581691131529284e-05
TTEK,TETRA TECH INC NEW,88162G103,24337000.0,808,2.5325735446018855e-05
CDXS,CODEXIS INC,192005106,24150000.0,14816,2.5131138226624293e-05
SEIC,SEI INVTS CO,784117103,24090000.0,307,2.5068700616123363e-05
GEO,GEO GROUP INC,36162J106,23315000.0,1387,2.4262214813819685e-05
KFY,KORN FERRY,500643200,23229000.0,369,2.417272090543502e-05
EE,EXCELERATE ENERGY INC,30069T101,23227000.0,695,2.4170639651751655e-05
QC10,FLAGSTAR BANK NATIONAL ASSOC,649445400,23140000.0,1757,2.4080105116525303e-05
PSKY,PARAMOUNT SKYDANCE CORP,69932A204,22893000.0,2538,2.382307028662981e-05
DOUG,DOUGLAS ELLIMAN INC,25961D105,22816000.0,13912,2.3742942019820284e-05
UCB,UNITED CMNTY BKS BLAIRSVLE G,90984P303,22767000.0,723,2.3691951304577858e-05
GTX,GARRETT MOTION INC,366505105,22658000.0,1247,2.3578522978834504e-05
TWI,TITAN INTL INC ILL,88830M102,22547000.0,3263,2.3463013399407782e-05
BANC,BANC OF CALIFORNIA INC,05990K106,22415000.0,1275,2.3325650656305735e-05
TXG,10X GENOMICS INC,88025U109,22292000.0,1050,2.319765355477883e-05
FCF,FIRST COMWLTH FINL CORP PA,319829107,22045000.0,1254,2.2940618724883333e-05
SKT,TANGER INC,875465106,21713000.0,639,2.2595130613444857e-05
STRL,STERLING INFRASTRUCTURE INC,859241101,21585000.0,53,2.246193037770954e-05
MKSI,MKS INC.,55306N104,21372000.0,93,2.2240276860431235e-05
BCRX,BIOCRYST PHARMACEUTICALS INC,09058V103,21296000.0,2237,2.2161189220463395e-05
PGNY,PROGYNY INC,74340E103,21157000.0,1246,2.2016542089469573e-05
QSI,QUANTUM SI INC,74765K105,21088000.0,27246,2.1944738837393503e-05
AVA,AVISTA CORP,05379B107,20712000.0,516,2.155346314492101e-05
KLTR,KALTURA INC,483467106,20668000.0,16941,2.1507675563886993e-05
CMC,COMMERCIAL METALS CO,201723103,20579000.0,335,2.141505977497728e-05
HRTX,HERON THERAPEUTICS INC,427746102,20483000.0,25601,2.1315159598175792e-05
AROW,ARROW FINL CORP,042744102,20343000.0,606,2.1169471840340288e-05
HE,HAWAIIAN ELEC INDS INC MTN B,419870100,20197000.0,1361,2.101754032145469e-05
MANH,MANHATTAN ASSOCIATES INC,562750109,20101000.0,151,2.0917640144653204e-05
SR,SPIRE INC,84857L101,20100000.0,222,2.0916599517811525e-05
LDI,LOANDEPOT INC,53946R106,19978000.0,14069,2.07896430431263e-05
FELE,FRANKLIN ELEC INC,353514102,19909000.0,216,2.071783979105023e-05
PAYO,PAYONEER GLOBAL INC,70451X104,19890000.0,4118,2.0698067881058268e-05
FULT,FULTON FINL CORP PA,360271100,19547000.0,961,2.0341132874361288e-05
JELD,JELD-WEN HLDG INC,47580P103,19179000.0,15467,1.9958182196622248e-05
LTC,LTC PPTYS INC,502175102,19137000.0,515,1.99144758692716e-05
CRDF,CARDIFF ONCOLOGY INC,14147L108,19038000.0,11752,1.9811453811945065e-05
BKKT,BAKKT INC,05759B305,18900000.0,2568,1.9667847307792925e-05
AMG,AFFILIATED MANAGERS GROUP,008252108,18816000.0,68,1.9580434653091624e-05
ACRE,ARES COML REAL ESTATE CORP,04013V108,18734000.0,3903,1.9495103252073685e-05
SKIN,THE BEAUTY HEALTH COMPANY,88331L108,18586000.0,20883,1.9341090479504728e-05
HRTG,HERITAGE INSURANCE HLDGS INC,42727J102,18506000.0,705,1.9257840332170154e-05
NFE,NEW FORTRESS ENERGY INC,644393100,18143000.0,30750,1.8880092788639526e-05
GWRE,GUIDEWIRE SOFTWARE INC,40171V100,17947000.0,120,1.867612992766982e-05
SKYX,SKYX PLATFORMS CORP,78471E105,17793000.0,15887,1.851587339405077e-05
ATEN,A10 NETWORKS INC,002121101,17687000.0,765,1.840556694883246e-05
OKLO,OKLO INC,02156V109,17505000.0,353,1.8216172863646306e-05
CNOB,CONNECTONE BANCORP INC,20786W107,17401000.0,650,1.810794767211136e-05
PNBK,PATRIOT NATL BANCORP INC,70336F203,17109000.0,13263,1.7804084634340166e-05
UUUU,ENERGY FUELS INC,292671708,16845000.0,923,1.7529359148136077e-05
WTI,W & T OFFSHORE INC,92922P106,16798000.0,4926,1.7480449686577013e-05
LQDA,LIQUIDIA CORPORATION,53635D202,16606000.0,440,1.7280649332974038e-05
POR,PORTLAND GEN ELEC CO,736508847,16464000.0,312,1.7132880321455172e-05
BOX,BOX INC,10316T104,16430000.0,695,1.7097499008837976e-05
SPLG,SPDR SERIES TRUST,78464A854,16380000.0,214,1.7045467666753868e-05
AVAH,AVEANNA HEALTHCARE HLDGS INC,05356F105,16280000.0,2528,1.694140498258565e-05
OGS,ONE GAS INC,68235P108,16279000.0,189,1.6940364355743968e-05
GPRE,GREEN PLAINS INC,393222104,16269000.0,989,1.692995808732715e-05
HUMA,HUMACYTE INC,44486Q103,16243000.0,26772,1.690290178944341e-05
SPWR,SUNPOWER INC,20460L104,16096000.0,12674,1.6749929643716132e-05
MNTK,MONTAUK RENEWABLES INC,61218C103,15748000.0,13694,1.638779150281074e-05
TNGX,TANGO THERAPEUTICS INC,87583X109,15334000.0,733,1.5956971990354324e-05
FIGS,FIGS INC,30260D103,15302000.0,1036,1.5923671931420494e-05
ARLO,ARLO TECHNOLOGIES INC,04206A101,15183000.0,1067,1.5799837337260315e-05
DHC,DIVERSIFIED HEALTHCARE TR,25525P107,14967000.0,2254,1.5575061939456967e-05
BKD,BROOKDALE SR LIVING INC,112463104,14966000.0,1094,1.5574021312615288e-05
CERS,CERUS CORP,157085101,14808000.0,8136,1.5409602271629505e-05
ZETA,ZETA GLOBAL HOLDINGS CORP,98956A105,14583000.0,916,1.5175461232251017e-05
SE,SEA LTD,81141R100,14326000.0,173,1.4908020133938701e-05
CMPX,COMPASS THERAPEUTICS INC,20454B104,14198000.0,2684,1.4774819898203383e-05
BAM,BROOKFIELD ASSET MANAGMT LTD,113004105,13957000.0,314,1.4524028829357982e-05
CATY,CATHAY GEN BANCORP,149150104,13861000.0,278,1.4424128652556495e-05
UPWK,UPWORK INC,91688F104,13810000.0,1260,1.4371056683630705e-05
PUBM,PUBMATIC INC,74467Q103,13808000.0,1688,1.4368975429947338e-05
RXT,RACKSPACE TECHNOLOGY INC,750102105,13791000.0,14075,1.435128477363874e-05
WWW,WOLVERINE WORLD WIDE INC,978097103,13562000.0,831,1.4112981226893526e-05
BNL,BROADSTONE NET LEASE INC,11135E203,13556000.0,742,1.4106737465843431e-05
ETSY,ETSY INC,29786A106,13545000.0,271,1.4095290570584929e-05
PACS,PACS GROUP INC,69380Q107,13523000.0,421,1.4072396780067922e-05
CP,CANADIAN PACIFIC KANSAS CITY,13646K108,13178000.0,168,1.3713380519687576e-05
RBA,RB GLOBAL INC,74935Q107,12940000.0,135,1.3465711331367218e-05
ZIP,ZIPRECRUITER INC,98980B103,12906000.0,7014,1.3430330018750026e-05
FAF,FIRST AMERN FINL CORP,31847R102,12902000.0,214,1.3426167511383298e-05
OCFC,OCEANFIRST FINL CORP,675234108,12899000.0,715,1.3423045630858252e-05
AMPL,AMPLITUDE INC,03213A104,12753000.0,1870,1.3271114111972655e-05
Z,ZILLOW GROUP INC,98954M200,12745000.0,308,1.3262789097239199e-05
YELP,YELP INC,985817105,12444000.0,503,1.2949560417892865e-05
FHN,FIRST HORIZON CORPORATION,320517105,12404000.0,545,1.2907935344225578e-05
NWN,NORTHWEST NAT HLDG CO,66765N105,12294000.0,231,1.2793466391640541e-05
CVBF,CVB FINL CORP,126600105,12138000.0,626,1.2631128604338121e-05
TDOC,TELADOC HEALTH INC,87918A105,12137000.0,2227,1.2630087977496442e-05
TNET,TRINET GROUP INC,896288107,11985000.0,329,1.2471912697560753e-05
LZ,LEGALZOOM COM INC,52466B103,11799000.0,2081,1.227835610500787e-05
UTL,UNITIL CORP,913259107,11388000.0,218,1.1850658473076498e-05
QUBT,QUANTUM COMPUTING INC,74766W108,11330000.0,1654,1.1790302116258933e-05
RMAX,RE/MAX HLDGS INC,75524W108,11226000.0,1949,1.1682076924723989e-05
OLMA,OLEMA PHARMACEUTICALS INC,68062P106,10661000.0,715,1.1094122759173565e-05
CLF,CLEVELAND-CLIFFS INC NEW,185899101,10622000.0,1257,1.105353831234796e-05
VYX,NCR VOYIX CORPORATION,62886E108,10571000.0,1670,1.100046634342217e-05
FTRE,FORTREA HLDGS INC,34965K107,10334000.0,1097,1.0753837781943496e-05
GETY,GETTY IMAGES HOLDINGS INC,374275105,10254000.0,12924,1.0670587634608924e-05
YEXT,YEXT INC,98585N106,10180000.0,2651,1.0593581248324444e-05
PSTG,EVERPURE INC,74624M102,10037000.0,170,1.0444771609963893e-05
EPR,EPR PPTYS,26884U109,9842000.0,197,1.024184937583587e-05
SLQT,SELECTQUOTE INC,816307300,9741000.0,15474,1.0136746064825972e-05
IRWD,IRONWOOD PHARMACEUTICALS INC,46333X108,9600000.0,2735,9.990017680148787e-06
MGNI,MAGNITE INC,55955D100,9587000.0,807,9.97648953120692e-06
PEGA,PEGASYSTEMS INC,705573103,9576000.0,225,9.965042635948415e-06
EGHT,8X8 INC NEW,282914100,9306000.0,5606,9.684073388694231e-06
MNKD,MANNKIND CORP,56400P706,9305000.0,3798,9.683032761852549e-06
ZION,ZIONS BANCORPORATION NATL AS,989701107,9219000.0,160,9.593538853467883e-06
PRCH,PORCH GROUP INC,733245104,9185000.0,1281,9.558157540850688e-06
ORGO,ORGANOGENESIS HLDGS INC,68621F102,9146000.0,3859,9.517573094025085e-06
ASGN,ASGN INC,00191U102,9019000.0,233,9.38541348513145e-06
TLN,TALEN ENERGY CORP,87422Q109,8938000.0,28,9.301122710955193e-06
IJH,ISHARES TR,464287507,8846000.0,131,9.205385041520434e-06
HAIN,HAIN CELESTIAL GROUP INC,405217100,8665000.0,12417,9.017031583175964e-06
RIVN,RIVIAN AUTOMOTIVE INC,76954A103,8563000.0,569,8.910887645324381e-06
AGG,ISHARES TR,464287226,8537000.0,86,8.883831347440646e-06
MYPS,PLAYSTUDIOS INC,72815G108,8292000.0,17672,8.628877771228515e-06
ATYR,ATYR PHARMA INC,002120202,8064000.0,10338,8.391614851324981e-06
GGG,GRACO INC,384109104,7788000.0,92,8.104401843020704e-06
EQH,EQUITABLE HLDGS INC,29452E101,7162000.0,193,7.452969440127668e-06
DCGO,DOCGO INC,256086109,7134000.0,11340,7.423831888560567e-06
CCK,CROWN HLDGS INC,228368106,6975000.0,70,7.258372220733103e-06
IEMG,ISHARES INC,46434G103,6905000.0,99,7.1855283418153525e-06
CRBG,COREBRIDGE FINL INC,21871X109,6752000.0,283,7.026312435037981e-06
SPHR,SPHERE ENTERTAINMENT CO,55826T102,5518000.0,47,5.742178912402188e-06
VWO,VANGUARD INTL EQUITY INDEX F,922042858,2540000.0,47,2.6431921778727e-06
OPCH,OPTION CARE HEALTH INC,68404L201,2369000.0,88,2.4652449879450494e-06
VSNT,VERSANT MEDIA GROUP INC,925283103,1321000.0,36,1.3746680578621404e-06
VEA,VANGUARD TAX-MANAGED FDS,921943858,1218000.0,19,1.2674834931688775e-06
HYLB,DBX ETF TR,233051432,723000.0,20,7.523732065362056e-07
